surah_id,verse_id,n_letters,abjad_total,text
1,1,19,786,بسم الله الرحمن الرحيم
1,2,18,582,الحمد لله رب العالمين
1,3,12,618,الرحمن الرحيم
1,4,12,242,مالك يوم الدين
1,5,17,834,إياك نعبد وإياك نستعين
1,6,19,1073,اهدنا الصراط المستقيم
1,7,43,6009,صراط الذين أنعمت عليهم غير المغضوب عليهم ولا الضالين
2,1,3,71,الم
2,2,26,2211,ذلك الكتاب لا ريب ۛ فيه ۛ هدى للمتقين
2,3,45,3152,الذين يؤمنون بالغيب ويقيمون الصلاة ومما رزقناهم ينفقون
2,4,46,2625,والذين يؤمنون بما أنزل إليك وما أنزل من قبلك وبالآخرة هم يوقنون
2,5,27,854,أولئك على هدى من ربهم ۖ وأولئك هم المفلحون
2,6,41,4457,إن الذين كفروا سواء عليهم أأنذرتهم أم لم تنذرهم لا يؤمنون
2,7,48,5335,ختم الله على قلوبهم وعلى سمعهم ۖ وعلى أبصارهم غشاوة ۖ ولهم عذاب عظيم
2,8,44,1843,ومن الناس من يقول آمنا بالله وباليوم الآخر وما هم بمؤمنين
2,9,46,3437,يخادعون الله والذين آمنوا وما يخدعون إلا أنفسهم وما يشعرون
2,10,50,4400,في قلوبهم مرض فزادهم الله مرضا ۖ ولهم عذاب أليم بما كانوا يكذبون
2,11,40,3186,وإذا قيل لهم لا تفسدوا في الأرض قالوا إنما نحن مصلحون
2,12,27,1215,ألا إنهم هم المفسدون ولكن لا يشعرون
2,13,67,2609,وإذا قيل لهم آمنوا كما آمن الناس قالوا أنؤمن كما آمن السفهاء ۗ ألا إنهم هم السفهاء ولكن لا يعلمون
2,14,64,4886,وإذا لقوا الذين آمنوا قالوا آمنا وإذا خلوا إلى شياطينهم قالوا إنا معكم إنما نحن مستهزئون
2,15,33,2086,الله يستهزئ بهم ويمدهم في طغيانهم يعمهون
2,16,53,5103,أولئك الذين اشتروا الضلالة بالهدى فما ربحت تجارتهم وما كانوا مهتدين
2,17,70,7808,مثلهم كمثل الذي استوقد نارا فلما أضاءت ما حوله ذهب الله بنورهم وتركهم في ظلمات لا يبصرون
2,18,19,807,صم بكم عمي فهم لا يرجعون
2,19,82,5973,أو كصيب من السماء فيه ظلمات ورعد وبرق يجعلون أصابعهم في آذانهم من الصواعق حذر الموت ۚ والله محيط بالكافرين
2,20,92,7391,يكاد البرق يخطف أبصارهم ۖ كلما أضاء لهم مشوا فيه وإذا أظلم عليهم قاموا ۚ ولو شاء الله لذهب بسمعهم وأبصارهم ۚ إن الله على كل شيء قدير
2,21,52,4271,يا أيها الناس اعبدوا ربكم الذي خلقكم والذين من قبلكم لعلكم تتقون
2,22,90,7482,الذي جعل لكم الأرض فراشا والسماء بناء وأنزل من السماء ماء فأخرج به من الثمرات رزقا لكم ۖ فلا تجعلوا لله أندادا وأنتم تعلمون
2,23,72,4223,وإن كنتم في ريب مما نزلنا على عبدنا فأتوا بسورة من مثله وادعوا شهداءكم من دون الله إن كنتم صادقين
2,24,63,4179,فإن لم تفعلوا ولن تفعلوا فاتقوا النار التي وقودها الناس والحجارة ۖ أعدت للكافرين
2,25,138,10752,وبشر الذين آمنوا وعملوا الصالحات أن لهم جنات تجري من تحتها الأنهار ۖ كلما رزقوا منها من ثمرة رزقا ۙ قالوا هذا الذي رزقنا من قبل ۖ وأتوا به متشابها ۖ ولهم فيها أزواج مطهرة ۖ وهم فيها خالدون
2,26,146,12663,۞ إن الله لا يستحيي أن يضرب مثلا ما بعوضة فما فوقها ۚ فأما الذين آمنوا فيعلمون أنه الحق من ربهم ۖ وأما الذين كفروا فيقولون ماذا أراد الله بهذا مثلا ۘ يضل به كثيرا ويهدي به كثيرا ۚ وما يضل به إلا الفاسقين
2,27,77,5951,الذين ينقضون عهد الله من بعد ميثاقه ويقطعون ما أمر الله به أن يوصل ويفسدون في الأرض ۚ أولئك هم الخاسرون
2,28,57,5069,كيف تكفرون بالله وكنتم أمواتا فأحياكم ۖ ثم يميتكم ثم يحييكم ثم إليه ترجعون
2,29,64,5398,هو الذي خلق لكم ما في الأرض جميعا ثم استوى إلى السماء فسواهن سبع سماوات ۚ وهو بكل شيء عليم
2,30,101,6121,وإذ قال ربك للملائكة إني جاعل في الأرض خليفة ۖ قالوا أتجعل فيها من يفسد فيها ويسفك الدماء ونحن نسبح بحمدك ونقدس لك ۖ قال إني أعلم ما لا تعلمون
2,31,57,3538,وعلم آدم الأسماء كلها ثم عرضهم على الملائكة فقال أنبئوني بأسماء هؤلاء إن كنتم صادقين
2,32,45,2004,قالوا سبحانك لا علم لنا إلا ما علمتنا ۖ إنك أنت العليم الحكيم
2,33,86,6158,قال يا آدم أنبئهم بأسمائهم ۖ فلما أنبأهم بأسمائهم قال ألم أقل لكم إني أعلم غيب السماوات والأرض وأعلم ما تبدون وما كنتم تكتمون
2,34,55,2724,وإذ قلنا للملائكة اسجدوا لآدم فسجدوا إلا إبليس أبى واستكبر وكان من الكافرين
2,35,75,7259,وقلنا يا آدم اسكن أنت وزوجك الجنة وكلا منها رغدا حيث شئتما ولا تقربا هذه الشجرة فتكونا من الظالمين
2,36,81,6624,فأزلهما الشيطان عنها فأخرجهما مما كانا فيه ۖ وقلنا اهبطوا بعضكم لبعض عدو ۖ ولكم في الأرض مستقر ومتاع إلى حين
2,37,40,2835,فتلقى آدم من ربه كلمات فتاب عليه ۚ إنه هو التواب الرحيم
2,38,65,3012,قلنا اهبطوا منها جميعا ۖ فإما يأتينكم مني هدى فمن تبع هداي فلا خوف عليهم ولا هم يحزنون
2,39,47,3574,والذين كفروا وكذبوا بآياتنا أولئك أصحاب النار ۖ هم فيها خالدون
2,40,63,3831,يا بني إسرائيل اذكروا نعمتي التي أنعمت عليكم وأوفوا بعهدي أوف بعهدكم وإياي فارهبون
2,41,74,5166,وآمنوا بما أنزلت مصدقا لما معكم ولا تكونوا أول كافر به ۖ ولا تشتروا بآياتي ثمنا قليلا وإياي فاتقون
2,42,41,2854,ولا تلبسوا الحق بالباطل وتكتموا الحق وأنتم تعلمون
2,43,37,1583,وأقيموا الصلاة وآتوا الزكاة واركعوا مع الراكعين
2,44,50,4498,۞ أتأمرون الناس بالبر وتنسون أنفسكم وأنتم تتلون الكتاب ۚ أفلا تعقلون
2,45,42,2604,واستعينوا بالصبر والصلاة ۚ وإنها لكبيرة إلا على الخاشعين
2,46,35,2802,الذين يظنون أنهم ملاقو ربهم وأنهم إليه راجعون
2,47,53,4811,يا بني إسرائيل اذكروا نعمتي التي أنعمت عليكم وأني فضلتكم على العالمين
2,48,66,4594,واتقوا يوما لا تجزي نفس عن نفس شيئا ولا يقبل منها شفاعة ولا يؤخذ منها عدل ولا هم ينصرون
2,49,77,6409,وإذ نجيناكم من آل فرعون يسومونكم سوء العذاب يذبحون أبناءكم ويستحيون نساءكم ۚ وفي ذلكم بلاء من ربكم عظيم
2,50,45,5589,وإذ فرقنا بكم البحر فأنجيناكم وأغرقنا آل فرعون وأنتم تنظرون
2,51,48,5855,وإذ واعدنا موسى أربعين ليلة ثم اتخذتم العجل من بعده وأنتم ظالمون
2,52,30,3009,ثم عفونا عنكم من بعد ذلك لعلكم تشكرون
2,53,34,3250,وإذ آتينا موسى الكتاب والفرقان لعلكم تهتدون
2,54,111,10130,وإذ قال موسى لقومه يا قوم إنكم ظلمتم أنفسكم باتخاذكم العجل فتوبوا إلى بارئكم فاقتلوا أنفسكم ذلكم خير لكم عند بارئكم فتاب عليكم ۚ إنه هو التواب الرحيم
2,55,51,6829,وإذ قلتم يا موسى لن نؤمن لك حتى نرى الله جهرة فأخذتكم الصاعقة وأنتم تنظرون
2,56,30,3061,ثم بعثناكم من بعد موتكم لعلكم تشكرون
2,57,87,6424,وظللنا عليكم الغمام وأنزلنا عليكم المن والسلوى ۖ كلوا من طيبات ما رزقناكم ۖ وما ظلمونا ولكن كانوا أنفسهم يظلمون
2,58,91,8681,وإذ قلنا ادخلوا هذه القرية فكلوا منها حيث شئتم رغدا وادخلوا الباب سجدا وقولوا حطة نغفر لكم خطاياكم ۚ وسنزيد المحسنين
2,59,74,7133,فبدل الذين ظلموا قولا غير الذي قيل لهم فأنزلنا على الذين ظلموا رجزا من السماء بما كانوا يفسقون
2,60,112,10272,۞ وإذ استسقى موسى لقومه فقلنا اضرب بعصاك الحجر ۖ فانفجرت منه اثنتا عشرة عينا ۖ قد علم كل أناس مشربهم ۖ كلوا واشربوا من رزق الله ولا تعثوا في الأرض مفسدين
2,61,242,21195,وإذ قلتم يا موسى لن نصبر على طعام واحد فادع لنا ربك يخرج لنا مما تنبت الأرض من بقلها وقثائها وفومها وعدسها وبصلها ۖ قال أتستبدلون الذي هو أدنى بالذي هو خير ۚ اهبطوا مصرا فإن لكم ما سألتم ۗ وضربت عليهم الذلة والمسكنة وباءوا بغضب من الله ۗ ذلك بأنهم كانوا يكفرون بآيات الله ويقتلون النبيين بغير الحق ۗ ذلك بما عصوا وكانوا يعتدون
2,62,101,5633,إن الذين آمنوا والذين هادوا والنصارى والصابئين من آمن بالله واليوم الآخر وعمل صالحا فلهم أجرهم عند ربهم ولا خوف عليهم ولا هم يحزنون
2,63,66,7860,وإذ أخذنا ميثاقكم ورفعنا فوقكم الطور خذوا ما آتيناكم بقوة واذكروا ما فيه لعلكم تتقون
2,64,54,5876,ثم توليتم من بعد ذلك ۖ فلولا فضل الله عليكم ورحمته لكنتم من الخاسرين
2,65,52,4170,ولقد علمتم الذين اعتدوا منكم في السبت فقلنا لهم كونوا قردة خاسئين
2,66,44,2950,فجعلناها نكالا لما بين يديها وما خلفها وموعظة للمتقين
2,67,73,6648,وإذ قال موسى لقومه إن الله يأمركم أن تذبحوا بقرة ۖ قالوا أتتخذنا هزوا ۖ قال أعوذ بالله أن أكون من الجاهلين
2,68,76,4730,قالوا ادع لنا ربك يبين لنا ما هي ۚ قال إنه يقول إنها بقرة لا فارض ولا بكر عوان بين ذلك ۖ فافعلوا ما تؤمرون
2,69,67,4108,قالوا ادع لنا ربك يبين لنا ما لونها ۚ قال إنه يقول إنها بقرة صفراء فاقع لونها تسر الناظرين
2,70,58,2986,قالوا ادع لنا ربك يبين لنا ما هي إن البقر تشابه علينا وإنا إن شاء الله لمهتدون
2,71,89,7471,قال إنه يقول إنها بقرة لا ذلول تثير الأرض ولا تسقي الحرث مسلمة لا شية فيها ۚ قالوا الآن جئت بالحق ۚ فذبحوها وما كادوا يفعلون
2,72,43,5071,وإذ قتلتم نفسا فادارأتم فيها ۖ والله مخرج ما كنتم تكتمون
2,73,55,5054,فقلنا اضربوه ببعضها ۚ كذلك يحيي الله الموتى ويريكم آياته لعلكم تعقلون
2,74,130,9624,ثم قست قلوبكم من بعد ذلك فهي كالحجارة أو أشد قسوة ۚ وإن من الحجارة لما يتفجر منه الأنهار ۚ وإن منها لما يشقق فيخرج منه الماء ۚ وإن منها لما يهبط من خشية الله ۗ وما الله بغافل عما تعملون
2,75,74,3575,۞ أفتطمعون أن يؤمنوا لكم وقد كان فريق منهم يسمعون كلام الله ثم يحرفونه من بعد ما عقلوه وهم يعلمون
2,76,93,8314,وإذا لقوا الذين آمنوا قالوا آمنا وإذا خلا بعضهم إلى بعض قالوا أتحدثونهم بما فتح الله عليكم ليحاجوكم به عند ربكم ۚ أفلا تعقلون
2,77,34,1139,أولا يعلمون أن الله يعلم ما يسرون وما يعلنون
2,78,40,2218,ومنهم أميون لا يعلمون الكتاب إلا أماني وإن هم إلا يظنون
2,79,100,6932,فويل للذين يكتبون الكتاب بأيديهم ثم يقولون هذا من عند الله ليشتروا به ثمنا قليلا ۖ فويل لهم مما كتبت أيديهم وويل لهم مما يكسبون
2,80,85,6300,وقالوا لن تمسنا النار إلا أياما معدودة ۚ قل أتخذتم عند الله عهدا فلن يخلف الله عهده ۖ أم تقولون على الله ما لا تعلمون
2,81,46,3080,بلى من كسب سيئة وأحاطت به خطيئته فأولئك أصحاب النار ۖ هم فيها خالدون
2,82,47,2681,والذين آمنوا وعملوا الصالحات أولئك أصحاب الجنة ۖ هم فيها خالدون
2,83,136,10412,وإذ أخذنا ميثاق بني إسرائيل لا تعبدون إلا الله وبالوالدين إحسانا وذي القربى واليتامى والمساكين وقولوا للناس حسنا وأقيموا الصلاة وآتوا الزكاة ثم توليتم إلا قليلا منكم وأنتم معرضون
2,84,65,8172,وإذ أخذنا ميثاقكم لا تسفكون دماءكم ولا تخرجون أنفسكم من دياركم ثم أقررتم وأنتم تشهدون
2,85,212,18940,ثم أنتم هؤلاء تقتلون أنفسكم وتخرجون فريقا منكم من ديارهم تظاهرون عليهم بالإثم والعدوان وإن يأتوكم أسارى تفادوهم وهو محرم عليكم إخراجهم ۚ أفتؤمنون ببعض الكتاب وتكفرون ببعض ۚ فما جزاء من يفعل ذلك منكم إلا خزي في الحياة الدنيا ۖ ويوم القيامة يردون إلى أشد العذاب ۗ وما الله بغافل عما تعملون
2,86,58,5072,أولئك الذين اشتروا الحياة الدنيا بالآخرة ۖ فلا يخفف عنهم العذاب ولا هم ينصرون
2,87,129,9238,ولقد آتينا موسى الكتاب وقفينا من بعده بالرسل ۖ وآتينا عيسى ابن مريم البينات وأيدناه بروح القدس ۗ أفكلما جاءكم رسول بما لا تهوى أنفسكم استكبرتم ففريقا كذبتم وفريقا تقتلون
2,88,45,2531,وقالوا قلوبنا غلف ۚ بل لعنهم الله بكفرهم فقليلا ما يؤمنون
2,89,103,5507,ولما جاءهم كتاب من عند الله مصدق لما معهم وكانوا من قبل يستفتحون على الذين كفروا فلما جاءهم ما عرفوا كفروا به ۚ فلعنة الله على الكافرين
2,90,98,9821,بئسما اشتروا به أنفسهم أن يكفروا بما أنزل الله بغيا أن ينزل الله من فضله على من يشاء من عباده ۖ فباءوا بغضب على غضب ۚ وللكافرين عذاب مهين
2,91,109,5395,وإذا قيل لهم آمنوا بما أنزل الله قالوا نؤمن بما أنزل علينا ويكفرون بما وراءه وهو الحق مصدقا لما معهم ۗ قل فلم تقتلون أنبياء الله من قبل إن كنتم مؤمنين
2,92,48,5315,۞ ولقد جاءكم موسى بالبينات ثم اتخذتم العجل من بعده وأنتم ظالمون
2,93,121,9144,وإذ أخذنا ميثاقكم ورفعنا فوقكم الطور خذوا ما آتيناكم بقوة واسمعوا ۖ قالوا سمعنا وعصينا وأشربوا في قلوبهم العجل بكفرهم ۚ قل بئسما يأمركم به إيمانكم إن كنتم مؤمنين
2,94,62,4880,قل إن كانت لكم الدار الآخرة عند الله خالصة من دون الناس فتمنوا الموت إن كنتم صادقين
2,95,42,2546,ولن يتمنوه أبدا بما قدمت أيديهم ۗ والله عليم بالظالمين
2,96,94,5186,ولتجدنهم أحرص الناس على حياة ومن الذين أشركوا ۚ يود أحدهم لو يعمر ألف سنة وما هو بمزحزحه من العذاب أن يعمر ۗ والله بصير بما يعملون
2,97,66,3114,قل من كان عدوا لجبريل فإنه نزله على قلبك بإذن الله مصدقا لما بين يديه وهدى وبشرى للمؤمنين
2,98,53,2165,من كان عدوا لله وملائكته ورسله وجبريل وميكال فإن الله عدو للكافرين
2,99,40,1936,ولقد أنزلنا إليك آيات بينات ۖ وما يكفر بها إلا الفاسقون
2,100,41,2530,أوكلما عاهدوا عهدا نبذه فريق منهم ۚ بل أكثرهم لا يؤمنون
2,101,85,6256,ولما جاءهم رسول من عند الله مصدق لما معهم نبذ فريق من الذين أوتوا الكتاب كتاب الله وراء ظهورهم كأنهم لا يعلمون
2,102,293,18455,واتبعوا ما تتلو الشياطين على ملك سليمان ۖ وما كفر سليمان ولكن الشياطين كفروا يعلمون الناس السحر وما أنزل على الملكين ببابل هاروت وماروت ۚ وما يعلمان من أحد حتى يقولا إنما نحن فتنة فلا تكفر ۖ فيتعلمون منهما ما يفرقون به بين المرء وزوجه ۚ وما هم بضارين به من أحد إلا بإذن الله ۚ ويتعلمون ما يضرهم ولا ينفعهم ۚ ولقد علموا لمن اشتراه ما له في الآخرة من خلاق ۚ ولبئس ما شروا به أنفسهم ۚ لو كانوا يعلمون
2,103,46,2736,ولو أنهم آمنوا واتقوا لمثوبة من عند الله خير ۖ لو كانوا يعلمون
2,104,62,4626,يا أيها الذين آمنوا لا تقولوا راعنا وقولوا انظرنا واسمعوا ۗ وللكافرين عذاب أليم
2,105,95,8993,ما يود الذين كفروا من أهل الكتاب ولا المشركين أن ينزل عليكم من خير من ربكم ۗ والله يختص برحمته من يشاء ۚ والله ذو الفضل العظيم
2,106,52,4513,۞ ما ننسخ من آية أو ننسها نأت بخير منها أو مثلها ۗ ألم تعلم أن الله على كل شيء قدير
2,107,56,3303,ألم تعلم أن الله له ملك السماوات والأرض ۗ وما لكم من دون الله من ولي ولا نصير
2,108,66,4313,أم تريدون أن تسألوا رسولكم كما سئل موسى من قبل ۗ ومن يتبدل الكفر بالإيمان فقد ضل سواء السبيل
2,109,114,6180,ود كثير من أهل الكتاب لو يردونكم من بعد إيمانكم كفارا حسدا من عند أنفسهم من بعد ما تبين لهم الحق ۖ فاعفوا واصفحوا حتى يأتي الله بأمره ۗ إن الله على كل شيء قدير
2,110,70,4230,وأقيموا الصلاة وآتوا الزكاة ۚ وما تقدموا لأنفسكم من خير تجدوه عند الله ۗ إن الله بما تعملون بصير
2,111,66,3779,وقالوا لن يدخل الجنة إلا من كان هودا أو نصارى ۗ تلك أمانيهم ۗ قل هاتوا برهانكم إن كنتم صادقين
2,112,55,2256,بلى من أسلم وجهه لله وهو محسن فله أجره عند ربه ولا خوف عليهم ولا هم يحزنون
2,113,134,9480,وقالت اليهود ليست النصارى على شيء وقالت النصارى ليست اليهود على شيء وهم يتلون الكتاب ۗ كذلك قال الذين لا يعلمون مثل قولهم ۚ فالله يحكم بينهم يوم القيامة فيما كانوا فيه يختلفون
2,114,103,9141,ومن أظلم ممن منع مساجد الله أن يذكر فيها اسمه وسعى في خرابها ۚ أولئك ما كان لهم أن يدخلوها إلا خائفين ۚ لهم في الدنيا خزي ولهم في الآخرة عذاب عظيم
2,115,50,3748,ولله المشرق والمغرب ۚ فأينما تولوا فثم وجه الله ۚ إن الله واسع عليم
2,116,55,4544,وقالوا اتخذ الله ولدا ۗ سبحانه ۖ بل له ما في السماوات والأرض ۖ كل له قانتون
2,117,42,4098,بديع السماوات والأرض ۖ وإذا قضى أمرا فإنما يقول له كن فيكون
2,118,98,7334,وقال الذين لا يعلمون لولا يكلمنا الله أو تأتينا آية ۗ كذلك قال الذين من قبلهم مثل قولهم ۘ تشابهت قلوبهم ۗ قد بينا الآيات لقوم يوقنون
2,119,42,2873,إنا أرسلناك بالحق بشيرا ونذيرا ۖ ولا تسأل عن أصحاب الجحيم
2,120,102,7080,ولن ترضى عنك اليهود ولا النصارى حتى تتبع ملتهم ۗ قل إن هدى الله هو الهدى ۗ ولئن اتبعت أهواءهم بعد الذي جاءك من العلم ۙ ما لك من الله من ولي ولا نصير
2,121,64,4963,الذين آتيناهم الكتاب يتلونه حق تلاوته أولئك يؤمنون به ۗ ومن يكفر به فأولئك هم الخاسرون
2,122,53,4811,يا بني إسرائيل اذكروا نعمتي التي أنعمت عليكم وأني فضلتكم على العالمين
2,123,65,3794,واتقوا يوما لا تجزي نفس عن نفس شيئا ولا يقبل منها عدل ولا تنفعها شفاعة ولا هم ينصرون
2,124,77,6191,۞ وإذ ابتلى إبراهيم ربه بكلمات فأتمهن ۖ قال إني جاعلك للناس إماما ۖ قال ومن ذريتي ۖ قال لا ينال عهدي الظالمين
2,125,104,6754,وإذ جعلنا البيت مثابة للناس وأمنا واتخذوا من مقام إبراهيم مصلى ۖ وعهدنا إلى إبراهيم وإسماعيل أن طهرا بيتي للطائفين والعاكفين والركع السجود
2,126,111,9529,وإذ قال إبراهيم رب اجعل هذا بلدا آمنا وارزق أهله من الثمرات من آمن منهم بالله واليوم الآخر ۖ قال ومن كفر فأمتعه قليلا ثم أضطره إلى عذاب النار ۖ وبئس المصير
2,127,60,4074,وإذ يرفع إبراهيم القواعد من البيت وإسماعيل ربنا تقبل منا ۖ إنك أنت السميع العليم
2,128,70,4708,ربنا واجعلنا مسلمين لك ومن ذريتنا أمة مسلمة لك وأرنا مناسكنا وتب علينا ۖ إنك أنت التواب الرحيم
2,129,77,4043,ربنا وابعث فيهم رسولا منهم يتلو عليهم آياتك ويعلمهم الكتاب والحكمة ويزكيهم ۚ إنك أنت العزيز الحكيم
2,130,68,4111,ومن يرغب عن ملة إبراهيم إلا من سفه نفسه ۚ ولقد اصطفيناه في الدنيا ۖ وإنه في الآخرة لمن الصالحين
2,131,30,2328,إذ قال له ربه أسلم ۖ قال أسلمت لرب العالمين
2,132,64,2943,ووصى بها إبراهيم بنيه ويعقوب يا بني إن الله اصطفى لكم الدين فلا تموتن إلا وأنتم مسلمون
2,133,102,6374,أم كنتم شهداء إذ حضر يعقوب الموت إذ قال لبنيه ما تعبدون من بعدي قالوا نعبد إلهك وإله آبائك إبراهيم وإسماعيل وإسحاق إلها واحدا ونحن له مسلمون
2,134,51,3820,تلك أمة قد خلت ۖ لها ما كسبت ولكم ما كسبتم ۖ ولا تسألون عما كانوا يعملون
2,135,59,2904,وقالوا كونوا هودا أو نصارى تهتدوا ۗ قل بل ملة إبراهيم حنيفا ۖ وما كان من المشركين
2,136,120,4353,قولوا آمنا بالله وما أنزل إلينا وما أنزل إلى إبراهيم وإسماعيل وإسحاق ويعقوب والأسباط وما أوتي موسى وعيسى وما أوتي النبيون من ربهم لا نفرق بين أحد منهم ونحن له مسلمون
2,137,74,4084,فإن آمنوا بمثل ما آمنتم به فقد اهتدوا ۖ وإن تولوا فإنما هم في شقاق ۖ فسيكفيكهم الله ۚ وهو السميع العليم
2,138,34,2902,صبغة الله ۖ ومن أحسن من الله صبغة ۖ ونحن له عابدون
2,139,60,2884,قل أتحاجوننا في الله وهو ربنا وربكم ولنا أعمالنا ولكم أعمالكم ونحن له مخلصون
2,140,113,7126,أم تقولون إن إبراهيم وإسماعيل وإسحاق ويعقوب والأسباط كانوا هودا أو نصارى ۗ قل أأنتم أعلم أم الله ۗ ومن أظلم ممن كتم شهادة عنده من الله ۗ وما الله بغافل عما تعملون
2,141,51,3820,تلك أمة قد خلت ۖ لها ما كسبت ولكم ما كسبتم ۖ ولا تسألون عما كانوا يعملون
2,142,85,5625,۞ سيقول السفهاء من الناس ما ولاهم عن قبلتهم التي كانوا عليها ۚ قل لله المشرق والمغرب ۚ يهدي من يشاء إلى صراط مستقيم
2,143,181,10115,وكذلك جعلناكم أمة وسطا لتكونوا شهداء على الناس ويكون الرسول عليكم شهيدا ۗ وما جعلنا القبلة التي كنت عليها إلا لنعلم من يتبع الرسول ممن ينقلب على عقبيه ۚ وإن كانت لكبيرة إلا على الذين هدى الله ۗ وما كان الله ليضيع إيمانكم ۚ إن الله بالناس لرءوف رحيم
2,144,140,9850,قد نرى تقلب وجهك في السماء ۖ فلنولينك قبلة ترضاها ۚ فول وجهك شطر المسجد الحرام ۚ وحيث ما كنتم فولوا وجوهكم شطره ۗ وإن الذين أوتوا الكتاب ليعلمون أنه الحق من ربهم ۗ وما الله بغافل عما يعملون
2,145,117,11141,ولئن أتيت الذين أوتوا الكتاب بكل آية ما تبعوا قبلتك ۚ وما أنت بتابع قبلتهم ۚ وما بعضهم بتابع قبلة بعض ۚ ولئن اتبعت أهواءهم من بعد ما جاءك من العلم ۙ إنك إذا لمن الظالمين
2,146,69,4281,الذين آتيناهم الكتاب يعرفونه كما يعرفون أبناءهم ۖ وإن فريقا منهم ليكتمون الحق وهم يعلمون
2,147,27,1949,الحق من ربك ۖ فلا تكونن من الممترين
2,148,69,4231,ولكل وجهة هو موليها ۖ فاستبقوا الخيرات ۚ أين ما تكونوا يأت بكم الله جميعا ۚ إن الله على كل شيء قدير
2,149,65,5368,ومن حيث خرجت فول وجهك شطر المسجد الحرام ۖ وإنه للحق من ربك ۗ وما الله بغافل عما تعملون
2,150,134,11831,ومن حيث خرجت فول وجهك شطر المسجد الحرام ۚ وحيث ما كنتم فولوا وجوهكم شطره لئلا يكون للناس عليكم حجة إلا الذين ظلموا منهم فلا تخشوهم واخشوني ولأتم نعمتي عليكم ولعلكم تهتدون
2,151,84,4371,كما أرسلنا فيكم رسولا منكم يتلو عليكم آياتنا ويزكيكم ويعلمكم الكتاب والحكمة ويعلمكم ما لم تكونوا تعلمون
2,152,31,3414,فاذكروني أذكركم واشكروا لي ولا تكفرون
2,153,49,2606,يا أيها الذين آمنوا استعينوا بالصبر والصلاة ۚ إن الله مع الصابرين
2,154,47,3159,ولا تقولوا لمن يقتل في سبيل الله أموات ۚ بل أحياء ولكن لا تشعرون
2,155,63,4210,ولنبلونكم بشيء من الخوف والجوع ونقص من الأموال والأنفس والثمرات ۗ وبشر الصابرين
2,156,39,2858,الذين إذا أصابتهم مصيبة قالوا إنا لله وإنا إليه راجعون
2,157,37,1972,أولئك عليهم صلوات من ربهم ورحمة ۖ وأولئك هم المهتدون
2,158,83,5353,۞ إن الصفا والمروة من شعائر الله ۖ فمن حج البيت أو اعتمر فلا جناح عليه أن يطوف بهما ۚ ومن تطوع خيرا فإن الله شاكر عليم
2,159,86,3942,إن الذين يكتمون ما أنزلنا من البينات والهدى من بعد ما بيناه للناس في الكتاب ۙ أولئك يلعنهم الله ويلعنهم اللاعنون
2,160,51,2933,إلا الذين تابوا وأصلحوا وبينوا فأولئك أتوب عليهم ۚ وأنا التواب الرحيم
2,161,57,2830,إن الذين كفروا وماتوا وهم كفار أولئك عليهم لعنة الله والملائكة والناس أجمعين
2,162,37,3859,خالدين فيها ۖ لا يخفف عنهم العذاب ولا هم ينظرون
2,163,31,881,وإلهكم إله واحد ۖ لا إله إلا هو الرحمن الرحيم
2,164,176,13063,إن في خلق السماوات والأرض واختلاف الليل والنهار والفلك التي تجري في البحر بما ينفع الناس وما أنزل الله من السماء من ماء فأحيا به الأرض بعد موتها وبث فيها من كل دابة وتصريف الرياح والسحاب المسخر بين السماء والأرض لآيات لقوم يعقلون
2,165,115,9215,ومن الناس من يتخذ من دون الله أندادا يحبونهم كحب الله ۖ والذين آمنوا أشد حبا لله ۗ ولو يرى الذين ظلموا إذ يرون العذاب أن القوة لله جميعا وأن الله شديد العذاب
2,166,53,6079,إذ تبرأ الذين اتبعوا من الذين اتبعوا ورأوا العذاب وتقطعت بهم الأسباب
2,167,91,6864,وقال الذين اتبعوا لو أن لنا كرة فنتبرأ منهم كما تبرءوا منا ۗ كذلك يريهم الله أعمالهم حسرات عليهم ۖ وما هم بخارجين من النار
2,168,65,4180,يا أيها الناس كلوا مما في الأرض حلالا طيبا ولا تتبعوا خطوات الشيطان ۚ إنه لكم عدو مبين
2,169,44,2359,إنما يأمركم بالسوء والفحشاء وأن تقولوا على الله ما لا تعلمون
2,170,80,3950,وإذا قيل لهم اتبعوا ما أنزل الله قالوا بل نتبع ما ألفينا عليه آباءنا ۗ أولو كان آباؤهم لا يعقلون شيئا ولا يهتدون
2,171,63,4390,ومثل الذين كفروا كمثل الذي ينعق بما لا يسمع إلا دعاء ونداء ۚ صم بكم عمي فهم لا يعقلون
2,172,58,3650,يا أيها الذين آمنوا كلوا من طيبات ما رزقناكم واشكروا لله إن كنتم إياه تعبدون
2,173,88,9379,إنما حرم عليكم الميتة والدم ولحم الخنزير وما أهل به لغير الله ۖ فمن اضطر غير باغ ولا عاد فلا إثم عليه ۚ إن الله غفور رحيم
2,174,114,6123,إن الذين يكتمون ما أنزل الله من الكتاب ويشترون به ثمنا قليلا ۙ أولئك ما يأكلون في بطونهم إلا النار ولا يكلمهم الله يوم القيامة ولا يزكيهم ولهم عذاب أليم
2,175,54,5692,أولئك الذين اشتروا الضلالة بالهدى والعذاب بالمغفرة ۚ فما أصبرهم على النار
2,176,56,4766,ذلك بأن الله نزل الكتاب بالحق ۗ وإن الذين اختلفوا في الكتاب لفي شقاق بعيد
2,177,241,13892,۞ ليس البر أن تولوا وجوهكم قبل المشرق والمغرب ولكن البر من آمن بالله واليوم الآخر والملائكة والكتاب والنبيين وآتى المال على حبه ذوي القربى واليتامى والمساكين وابن السبيل والسائلين وفي الرقاب وأقام الصلاة وآتى الزكاة والموفون بعهدهم إذا عاهدوا ۖ والصابرين في البأساء والضراء وحين البأس ۗ أولئك الذين صدقوا ۖ وأولئك هم المتقون
2,178,147,11847,يا أيها الذين آمنوا كتب عليكم القصاص في القتلى ۖ الحر بالحر والعبد بالعبد والأنثى بالأنثى ۚ فمن عفي له من أخيه شيء فاتباع بالمعروف وأداء إليه بإحسان ۗ ذلك تخفيف من ربكم ورحمة ۗ فمن اعتدى بعد ذلك فله عذاب أليم
2,179,36,1786,ولكم في القصاص حياة يا أولي الألباب لعلكم تتقون
2,180,71,6297,كتب عليكم إذا حضر أحدكم الموت إن ترك خيرا الوصية للوالدين والأقربين بالمعروف ۖ حقا على المتقين
2,181,50,2663,فمن بدله بعدما سمعه فإنما إثمه على الذين يبدلونه ۚ إن الله سميع عليم
2,182,50,4499,فمن خاف من موص جنفا أو إثما فأصلح بينهم فلا إثم عليه ۚ إن الله غفور رحيم
2,183,58,4481,يا أيها الذين آمنوا كتب عليكم الصيام كما كتب على الذين من قبلكم لعلكم تتقون
2,184,113,10098,أياما معدودات ۚ فمن كان منكم مريضا أو على سفر فعدة من أيام أخر ۚ وعلى الذين يطيقونه فدية طعام مسكين ۖ فمن تطوع خيرا فهو خير له ۚ وأن تصوموا خير لكم ۖ إن كنتم تعلمون
2,185,174,12415,شهر رمضان الذي أنزل فيه القرآن هدى للناس وبينات من الهدى والفرقان ۚ فمن شهد منكم الشهر فليصمه ۖ ومن كان مريضا أو على سفر فعدة من أيام أخر ۗ يريد الله بكم اليسر ولا يريد بكم العسر ولتكملوا العدة ولتكبروا الله على ما هداكم ولعلكم تشكرون
2,186,70,4055,وإذا سألك عبادي عني فإني قريب ۖ أجيب دعوة الداع إذا دعان ۖ فليستجيبوا لي وليؤمنوا بي لعلهم يرشدون
2,187,269,19756,أحل لكم ليلة الصيام الرفث إلى نسائكم ۚ هن لباس لكم وأنتم لباس لهن ۗ علم الله أنكم كنتم تختانون أنفسكم فتاب عليكم وعفا عنكم ۖ فالآن باشروهن وابتغوا ما كتب الله لكم ۚ وكلوا واشربوا حتى يتبين لكم الخيط الأبيض من الخيط الأسود من الفجر ۖ ثم أتموا الصيام إلى الليل ۚ ولا تباشروهن وأنتم عاكفون في المساجد ۗ تلك حدود الله فلا تقربوها ۗ كذلك يبين الله آياته للناس لعلهم يتقون
2,188,79,4265,ولا تأكلوا أموالكم بينكم بالباطل وتدلوا بها إلى الحكام لتأكلوا فريقا من أموال الناس بالإثم وأنتم تعلمون
2,189,112,7380,۞ يسألونك عن الأهلة ۖ قل هي مواقيت للناس والحج ۗ وليس البر بأن تأتوا البيوت من ظهورها ولكن البر من اتقى ۗ وأتوا البيوت من أبوابها ۚ واتقوا الله لعلكم تفلحون
2,190,58,3940,وقاتلوا في سبيل الله الذين يقاتلونكم ولا تعتدوا ۚ إن الله لا يحب المعتدين
2,191,123,11369,واقتلوهم حيث ثقفتموهم وأخرجوهم من حيث أخرجوكم ۚ والفتنة أشد من القتل ۚ ولا تقاتلوهم عند المسجد الحرام حتى يقاتلوكم فيه ۖ فإن قاتلوكم فاقتلوهم ۗ كذلك جزاء الكافرين
2,192,22,2333,فإن انتهوا فإن الله غفور رحيم
2,193,60,4313,وقاتلوهم حتى لا تكون فتنة ويكون الدين لله ۖ فإن انتهوا فلا عدوان إلا على الظالمين
2,194,104,6942,الشهر الحرام بالشهر الحرام والحرمات قصاص ۚ فمن اعتدى عليكم فاعتدوا عليه بمثل ما اعتدى عليكم ۚ واتقوا الله واعلموا أن الله مع المتقين
2,195,59,2193,وأنفقوا في سبيل الله ولا تلقوا بأيديكم إلى التهلكة ۛ وأحسنوا ۛ إن الله يحب المحسنين
2,196,263,20531,وأتموا الحج والعمرة لله ۚ فإن أحصرتم فما استيسر من الهدي ۖ ولا تحلقوا رءوسكم حتى يبلغ الهدي محله ۚ فمن كان منكم مريضا أو به أذى من رأسه ففدية من صيام أو صدقة أو نسك ۚ فإذا أمنتم فمن تمتع بالعمرة إلى الحج فما استيسر من الهدي ۚ فمن لم يجد فصيام ثلاثة أيام في الحج وسبعة إذا رجعتم ۗ تلك عشرة كاملة ۗ ذلك لمن لم يكن أهله حاضري المسجد الحرام ۚ واتقوا الله واعلموا أن الله شديد العقاب
2,197,116,8343,الحج أشهر معلومات ۚ فمن فرض فيهن الحج فلا رفث ولا فسوق ولا جدال في الحج ۗ وما تفعلوا من خير يعلمه الله ۗ وتزودوا فإن خير الزاد التقوى ۚ واتقون يا أولي الألباب
2,198,106,11419,ليس عليكم جناح أن تبتغوا فضلا من ربكم ۚ فإذا أفضتم من عرفات فاذكروا الله عند المشعر الحرام ۖ واذكروه كما هداكم وإن كنتم من قبله لمن الضالين
2,199,46,6548,ثم أفيضوا من حيث أفاض الناس واستغفروا الله ۚ إن الله غفور رحيم
2,200,89,8992,فإذا قضيتم مناسككم فاذكروا الله كذكركم آباءكم أو أشد ذكرا ۗ فمن الناس من يقول ربنا آتنا في الدنيا وما له في الآخرة من خلاق
2,201,52,3642,ومنهم من يقول ربنا آتنا في الدنيا حسنة وفي الآخرة حسنة وقنا عذاب النار
2,202,33,967,أولئك لهم نصيب مما كسبوا ۚ والله سريع الحساب
2,203,96,7847,۞ واذكروا الله في أيام معدودات ۚ فمن تعجل في يومين فلا إثم عليه ومن تأخر فلا إثم عليه ۚ لمن اتقى ۗ واتقوا الله واعلموا أنكم إليه تحشرون
2,204,62,2382,ومن الناس من يعجبك قوله في الحياة الدنيا ويشهد الله على ما في قلبه وهو ألد الخصام
2,205,55,3960,وإذا تولى سعى في الأرض ليفسد فيها ويهلك الحرث والنسل ۗ والله لا يحب الفساد
2,206,47,4267,وإذا قيل له اتق الله أخذته العزة بالإثم ۚ فحسبه جهنم ۚ ولبئس المهاد
2,207,47,4422,ومن الناس من يشري نفسه ابتغاء مرضات الله ۗ والله رءوف بالعباد
2,208,63,4569,يا أيها الذين آمنوا ادخلوا في السلم كافة ولا تتبعوا خطوات الشيطان ۚ إنه لكم عدو مبين
2,209,46,2318,فإن زللتم من بعد ما جاءتكم البينات فاعلموا أن الله عزيز حكيم
2,210,63,6482,هل ينظرون إلا أن يأتيهم الله في ظلل من الغمام والملائكة وقضي الأمر ۚ وإلى الله ترجع الأمور
2,211,65,2883,سل بني إسرائيل كم آتيناهم من آية بينة ۗ ومن يبدل نعمة الله من بعد ما جاءته فإن الله شديد العقاب
2,212,89,7097,زين للذين كفروا الحياة الدنيا ويسخرون من الذين آمنوا ۘ والذين اتقوا فوقهم يوم القيامة ۗ والله يرزق من يشاء بغير حساب
2,213,201,14857,كان الناس أمة واحدة فبعث الله النبيين مبشرين ومنذرين وأنزل معهم الكتاب بالحق ليحكم بين الناس فيما اختلفوا فيه ۚ وما اختلف فيه إلا الذين أوتوه من بعد ما جاءتهم البينات بغيا بينهم ۖ فهدى الله الذين آمنوا لما اختلفوا فيه من الحق بإذنه ۗ والله يهدي من يشاء إلى صراط مستقيم
2,214,115,9851,أم حسبتم أن تدخلوا الجنة ولما يأتكم مثل الذين خلوا من قبلكم ۖ مستهم البأساء والضراء وزلزلوا حتى يقول الرسول والذين آمنوا معه متى نصر الله ۗ ألا إن نصر الله قريب
2,215,99,6380,يسألونك ماذا ينفقون ۖ قل ما أنفقتم من خير فللوالدين والأقربين واليتامى والمساكين وابن السبيل ۗ وما تفعلوا من خير فإن الله به عليم
2,216,86,6398,كتب عليكم القتال وهو كره لكم ۖ وعسى أن تكرهوا شيئا وهو خير لكم ۖ وعسى أن تحبوا شيئا وهو شر لكم ۗ والله يعلم وأنتم لا تعلمون
2,217,231,13918,يسألونك عن الشهر الحرام قتال فيه ۖ قل قتال فيه كبير ۖ وصد عن سبيل الله وكفر به والمسجد الحرام وإخراج أهله منه أكبر عند الله ۚ والفتنة أكبر من القتل ۗ ولا يزالون يقاتلونكم حتى يردوكم عن دينكم إن استطاعوا ۚ ومن يرتدد منكم عن دينه فيمت وهو كافر فأولئك حبطت أعمالهم في الدنيا والآخرة ۖ وأولئك أصحاب النار ۖ هم فيها خالدون
2,218,68,4890,إن الذين آمنوا والذين هاجروا وجاهدوا في سبيل الله أولئك يرجون رحمت الله ۚ والله غفور رحيم
2,219,117,8443,۞ يسألونك عن الخمر والميسر ۖ قل فيهما إثم كبير ومنافع للناس وإثمهما أكبر من نفعهما ۗ ويسألونك ماذا ينفقون قل العفو ۗ كذلك يبين الله لكم الآيات لعلكم تتفكرون
2,220,108,6928,في الدنيا والآخرة ۗ ويسألونك عن اليتامى ۖ قل إصلاح لهم خير ۖ وإن تخالطوهم فإخوانكم ۚ والله يعلم المفسد من المصلح ۚ ولو شاء الله لأعنتكم ۚ إن الله عزيز حكيم
2,221,160,12956,ولا تنكحوا المشركات حتى يؤمن ۚ ولأمة مؤمنة خير من مشركة ولو أعجبتكم ۗ ولا تنكحوا المشركين حتى يؤمنوا ۚ ولعبد مؤمن خير من مشرك ولو أعجبكم ۗ أولئك يدعون إلى النار ۖ والله يدعو إلى الجنة والمغفرة بإذنه ۖ ويبين آياته للناس لعلهم يتذكرون
2,222,113,9597,ويسألونك عن المحيض ۖ قل هو أذى فاعتزلوا النساء في المحيض ۖ ولا تقربوهن حتى يطهرن ۖ فإذا تطهرن فأتوهن من حيث أمركم الله ۚ إن الله يحب التوابين ويحب المتطهرين
2,223,73,5206,نساؤكم حرث لكم فأتوا حرثكم أنى شئتم ۖ وقدموا لأنفسكم ۚ واتقوا الله واعلموا أنكم ملاقوه ۗ وبشر المؤمنين
2,224,63,4593,ولا تجعلوا الله عرضة لأيمانكم أن تبروا وتتقوا وتصلحوا بين الناس ۗ والله سميع عليم
2,225,62,6434,لا يؤاخذكم الله باللغو في أيمانكم ولكن يؤاخذكم بما كسبت قلوبكم ۗ والله غفور حليم
2,226,46,4589,للذين يؤلون من نسائهم تربص أربعة أشهر ۖ فإن فاءوا فإن الله غفور رحيم
2,227,27,877,وإن عزموا الطلاق فإن الله سميع عليم
2,228,164,11218,والمطلقات يتربصن بأنفسهن ثلاثة قروء ۚ ولا يحل لهن أن يكتمن ما خلق الله في أرحامهن إن كن يؤمن بالله واليوم الآخر ۚ وبعولتهن أحق بردهن في ذلك إن أرادوا إصلاحا ۚ ولهن مثل الذي عليهن بالمعروف ۚ وللرجال عليهن درجة ۗ والله عزيز حكيم
2,229,179,12878,الطلاق مرتان ۖ فإمساك بمعروف أو تسريح بإحسان ۗ ولا يحل لكم أن تأخذوا مما آتيتموهن شيئا إلا أن يخافا ألا يقيما حدود الله ۖ فإن خفتم ألا يقيما حدود الله فلا جناح عليهما فيما افتدت به ۗ تلك حدود الله فلا تعتدوها ۚ ومن يتعد حدود الله فأولئك هم الظالمون
2,230,108,6786,فإن طلقها فلا تحل له من بعد حتى تنكح زوجا غيره ۗ فإن طلقها فلا جناح عليهما أن يتراجعا إن ظنا أن يقيما حدود الله ۗ وتلك حدود الله يبينها لقوم يعلمون
2,231,193,16918,وإذا طلقتم النساء فبلغن أجلهن فأمسكوهن بمعروف أو سرحوهن بمعروف ۚ ولا تمسكوهن ضرارا لتعتدوا ۚ ومن يفعل ذلك فقد ظلم نفسه ۚ ولا تتخذوا آيات الله هزوا ۚ واذكروا نعمت الله عليكم وما أنزل عليكم من الكتاب والحكمة يعظكم به ۚ واتقوا الله واعلموا أن الله بكل شيء عليم
2,232,135,12673,وإذا طلقتم النساء فبلغن أجلهن فلا تعضلوهن أن ينكحن أزواجهن إذا تراضوا بينهم بالمعروف ۗ ذلك يوعظ به من كان منكم يؤمن بالله واليوم الآخر ۗ ذلكم أزكى لكم وأطهر ۗ والله يعلم وأنتم لا تعلمون
2,233,271,21247,۞ والوالدات يرضعن أولادهن حولين كاملين ۖ لمن أراد أن يتم الرضاعة ۚ وعلى المولود له رزقهن وكسوتهن بالمعروف ۚ لا تكلف نفس إلا وسعها ۚ لا تضار والدة بولدها ولا مولود له بولده ۚ وعلى الوارث مثل ذلك ۗ فإن أرادا فصالا عن تراض منهما وتشاور فلا جناح عليهما ۗ وإن أردتم أن تسترضعوا أولادكم فلا جناح عليكم إذا سلمتم ما آتيتم بالمعروف ۗ واتقوا الله واعلموا أن الله بما تعملون بصير
2,234,114,9784,والذين يتوفون منكم ويذرون أزواجا يتربصن بأنفسهن أربعة أشهر وعشرا ۖ فإذا بلغن أجلهن فلا جناح عليكم فيما فعلن في أنفسهن بالمعروف ۗ والله بما تعملون خبير
2,235,186,13803,ولا جناح عليكم فيما عرضتم به من خطبة النساء أو أكننتم في أنفسكم ۚ علم الله أنكم ستذكرونهن ولكن لا تواعدوهن سرا إلا أن تقولوا قولا معروفا ۚ ولا تعزموا عقدة النكاح حتى يبلغ الكتاب أجله ۚ واعلموا أن الله يعلم ما في أنفسكم فاحذروه ۚ واعلموا أن الله غفور حليم
2,236,104,8152,لا جناح عليكم إن طلقتم النساء ما لم تمسوهن أو تفرضوا لهن فريضة ۚ ومتعوهن على الموسع قدره وعلى المقتر قدره متاعا بالمعروف ۖ حقا على المحسنين
2,237,129,11865,وإن طلقتموهن من قبل أن تمسوهن وقد فرضتم لهن فريضة فنصف ما فرضتم إلا أن يعفون أو يعفو الذي بيده عقدة النكاح ۚ وأن تعفوا أقرب للتقوى ۚ ولا تنسوا الفضل بينكم ۚ إن الله بما تعملون بصير
2,238,41,2753,حافظوا على الصلوات والصلاة الوسطى وقوموا لله قانتين
2,239,61,5681,فإن خفتم فرجالا أو ركبانا ۖ فإذا أمنتم فاذكروا الله كما علمكم ما لم تكونوا تعلمون
2,240,108,8070,والذين يتوفون منكم ويذرون أزواجا وصية لأزواجهم متاعا إلى الحول غير إخراج ۚ فإن خرجن فلا جناح عليكم في ما فعلن في أنفسهن من معروف ۗ والله عزيز حكيم
2,241,33,2426,وللمطلقات متاع بالمعروف ۖ حقا على المتقين
2,242,30,2260,كذلك يبين الله لكم آياته لعلكم تعقلون
2,243,98,9201,۞ ألم تر إلى الذين خرجوا من ديارهم وهم ألوف حذر الموت فقال لهم الله موتوا ثم أحياهم ۚ إن الله لذو فضل على الناس ولكن أكثر الناس لا يشكرون
2,244,37,1402,وقاتلوا في سبيل الله واعلموا أن الله سميع عليم
2,245,66,8542,من ذا الذي يقرض الله قرضا حسنا فيضاعفه له أضعافا كثيرة ۚ والله يقبض ويبسط وإليه ترجعون
2,246,202,12956,ألم تر إلى الملإ من بني إسرائيل من بعد موسى إذ قالوا لنبي لهم ابعث لنا ملكا نقاتل في سبيل الله ۖ قال هل عسيتم إن كتب عليكم القتال ألا تقاتلوا ۖ قالوا وما لنا ألا نقاتل في سبيل الله وقد أخرجنا من ديارنا وأبنائنا ۖ فلما كتب عليهم القتال تولوا إلا قليلا منهم ۗ والله عليم بالظالمين
2,247,155,6022,وقال لهم نبيهم إن الله قد بعث لكم طالوت ملكا ۚ قالوا أنى يكون له الملك علينا ونحن أحق بالملك منه ولم يؤت سعة من المال ۚ قال إن الله اصطفاه عليكم وزاده بسطة في العلم والجسم ۖ والله يؤتي ملكه من يشاء ۚ والله واسع عليم
2,248,97,6059,وقال لهم نبيهم إن آية ملكه أن يأتيكم التابوت فيه سكينة من ربكم وبقية مما ترك آل موسى وآل هارون تحمله الملائكة ۚ إن في ذلك لآية لكم إن كنتم مؤمنين
2,249,225,16103,فلما فصل طالوت بالجنود قال إن الله مبتليكم بنهر فمن شرب منه فليس مني ومن لم يطعمه فإنه مني إلا من اغترف غرفة بيده ۚ فشربوا منه إلا قليلا منهم ۚ فلما جاوزه هو والذين آمنوا معه قالوا لا طاقة لنا اليوم بجالوت وجنوده ۚ قال الذين يظنون أنهم ملاقو الله كم من فئة قليلة غلبت فئة كثيرة بإذن الله ۗ والله مع الصابرين
2,250,74,5133,ولما برزوا لجالوت وجنوده قالوا ربنا أفرغ علينا صبرا وثبت أقدامنا وانصرنا على القوم الكافرين
2,251,116,9196,فهزموهم بإذن الله وقتل داوود جالوت وآتاه الله الملك والحكمة وعلمه مما يشاء ۗ ولولا دفع الله الناس بعضهم ببعض لفسدت الأرض ولكن الله ذو فضل على العالمين
2,252,39,2307,تلك آيات الله نتلوها عليك بالحق ۚ وإنك لمن المرسلين
2,253,200,15512,۞ تلك الرسل فضلنا بعضهم على بعض ۘ منهم من كلم الله ۖ ورفع بعضهم درجات ۚ وآتينا عيسى ابن مريم البينات وأيدناه بروح القدس ۗ ولو شاء الله ما اقتتل الذين من بعدهم من بعد ما جاءتهم البينات ولكن اختلفوا فمنهم من آمن ومنهم من كفر ۚ ولو شاء الله ما اقتتلوا ولكن الله يفعل ما يريد
2,254,80,5259,يا أيها الذين آمنوا أنفقوا مما رزقناكم من قبل أن يأتي يوم لا بيع فيه ولا خلة ولا شفاعة ۗ والكافرون هم الظالمون
2,255,176,13659,الله لا إله إلا هو الحي القيوم ۚ لا تأخذه سنة ولا نوم ۚ له ما في السماوات وما في الأرض ۗ من ذا الذي يشفع عنده إلا بإذنه ۚ يعلم ما بين أيديهم وما خلفهم ۖ ولا يحيطون بشيء من علمه إلا بما شاء ۚ وسع كرسيه السماوات والأرض ۖ ولا يئوده حفظهما ۚ وهو العلي العظيم
2,256,98,7219,لا إكراه في الدين ۖ قد تبين الرشد من الغي ۚ فمن يكفر بالطاغوت ويؤمن بالله فقد استمسك بالعروة الوثقى لا انفصام لها ۗ والله سميع عليم
2,257,108,10304,الله ولي الذين آمنوا يخرجهم من الظلمات إلى النور ۖ والذين كفروا أولياؤهم الطاغوت يخرجونهم من النور إلى الظلمات ۗ أولئك أصحاب النار ۖ هم فيها خالدون
2,258,154,12812,ألم تر إلى الذي حاج إبراهيم في ربه أن آتاه الله الملك إذ قال إبراهيم ربي الذي يحيي ويميت قال أنا أحيي وأميت ۖ قال إبراهيم فإن الله يأتي بالشمس من المشرق فأت بها من المغرب فبهت الذي كفر ۗ والله لا يهدي القوم الظالمين
2,259,224,20238,أو كالذي مر على قرية وهي خاوية على عروشها قال أنى يحيي هذه الله بعد موتها ۖ فأماته الله مائة عام ثم بعثه ۖ قال كم لبثت ۖ قال لبثت يوما أو بعض يوم ۖ قال بل لبثت مائة عام فانظر إلى طعامك وشرابك لم يتسنه ۖ وانظر إلى حمارك ولنجعلك آية للناس ۖ وانظر إلى العظام كيف ننشزها ثم نكسوها لحما ۚ فلما تبين له قال أعلم أن الله على كل شيء قدير
2,260,133,9148,وإذ قال إبراهيم رب أرني كيف تحيي الموتى ۖ قال أولم تؤمن ۖ قال بلى ولكن ليطمئن قلبي ۖ قال فخذ أربعة من الطير فصرهن إليك ثم اجعل على كل جبل منهن جزءا ثم ادعهن يأتينك سعيا ۚ واعلم أن الله عزيز حكيم
2,261,89,5920,مثل الذين ينفقون أموالهم في سبيل الله كمثل حبة أنبتت سبع سنابل في كل سنبلة مائة حبة ۗ والله يضاعف لمن يشاء ۗ والله واسع عليم
2,262,87,5467,الذين ينفقون أموالهم في سبيل الله ثم لا يتبعون ما أنفقوا منا ولا أذى ۙ لهم أجرهم عند ربهم ولا خوف عليهم ولا هم يحزنون
2,263,40,5360,۞ قول معروف ومغفرة خير من صدقة يتبعها أذى ۗ والله غني حليم
2,264,163,10377,يا أيها الذين آمنوا لا تبطلوا صدقاتكم بالمن والأذى كالذي ينفق ماله رئاء الناس ولا يؤمن بالله واليوم الآخر ۖ فمثله كمثل صفوان عليه تراب فأصابه وابل فتركه صلدا ۖ لا يقدرون على شيء مما كسبوا ۗ والله لا يهدي القوم الكافرين
2,265,114,10756,ومثل الذين ينفقون أموالهم ابتغاء مرضات الله وتثبيتا من أنفسهم كمثل جنة بربوة أصابها وابل فآتت أكلها ضعفين فإن لم يصبها وابل فطل ۗ والله بما تعملون بصير
2,266,136,11982,أيود أحدكم أن تكون له جنة من نخيل وأعناب تجري من تحتها الأنهار له فيها من كل الثمرات وأصابه الكبر وله ذرية ضعفاء فأصابها إعصار فيه نار فاحترقت ۗ كذلك يبين الله لكم الآيات لعلكم تتفكرون
2,267,116,12505,يا أيها الذين آمنوا أنفقوا من طيبات ما كسبتم ومما أخرجنا لكم من الأرض ۖ ولا تيمموا الخبيث منه تنفقون ولستم بآخذيه إلا أن تغمضوا فيه ۚ واعلموا أن الله غني حميد
2,268,65,4601,الشيطان يعدكم الفقر ويأمركم بالفحشاء ۖ والله يعدكم مغفرة منه وفضلا ۗ والله واسع عليم
2,269,56,4783,يؤتي الحكمة من يشاء ۚ ومن يؤت الحكمة فقد أوتي خيرا كثيرا ۗ وما يذكر إلا أولو الألباب
2,270,52,5393,وما أنفقتم من نفقة أو نذرتم من نذر فإن الله يعلمه ۗ وما للظالمين من أنصار
2,271,84,7354,إن تبدوا الصدقات فنعما هي ۖ وإن تخفوها وتؤتوها الفقراء فهو خير لكم ۚ ويكفر عنكم من سيئاتكم ۗ والله بما تعملون خبير
2,272,106,8812,۞ ليس عليك هداهم ولكن الله يهدي من يشاء ۗ وما تنفقوا من خير فلأنفسكم ۚ وما تنفقون إلا ابتغاء وجه الله ۚ وما تنفقوا من خير يوف إليكم وأنتم لا تظلمون
2,273,126,9911,للفقراء الذين أحصروا في سبيل الله لا يستطيعون ضربا في الأرض يحسبهم الجاهل أغنياء من التعفف تعرفهم بسيماهم لا يسألون الناس إلحافا ۗ وما تنفقوا من خير فإن الله به عليم
2,274,76,3898,الذين ينفقون أموالهم بالليل والنهار سرا وعلانية فلهم أجرهم عند ربهم ولا خوف عليهم ولا هم يحزنون
2,275,172,10948,الذين يأكلون الربا لا يقومون إلا كما يقوم الذي يتخبطه الشيطان من المس ۚ ذلك بأنهم قالوا إنما البيع مثل الربا ۗ وأحل الله البيع وحرم الربا ۚ فمن جاءه موعظة من ربه فانتهى فله ما سلف وأمره إلى الله ۖ ومن عاد فأولئك أصحاب النار ۖ هم فيها خالدون
2,276,44,2336,يمحق الله الربا ويربي الصدقات ۗ والله لا يحب كل كفار أثيم
2,277,80,4215,إن الذين آمنوا وعملوا الصالحات وأقاموا الصلاة وآتوا الزكاة لهم أجرهم عند ربهم ولا خوف عليهم ولا هم يحزنون
2,278,50,3629,يا أيها الذين آمنوا اتقوا الله وذروا ما بقي من الربا إن كنتم مؤمنين
2,279,67,6690,فإن لم تفعلوا فأذنوا بحرب من الله ورسوله ۖ وإن تبتم فلكم رءوس أموالكم لا تظلمون ولا تظلمون
2,280,44,5446,وإن كان ذو عسرة فنظرة إلى ميسرة ۚ وأن تصدقوا خير لكم ۖ إن كنتم تعلمون
2,281,51,4398,واتقوا يوما ترجعون فيه إلى الله ۖ ثم توفى كل نفس ما كسبت وهم لا يظلمون
2,282,504,39114,يا أيها الذين آمنوا إذا تداينتم بدين إلى أجل مسمى فاكتبوه ۚ وليكتب بينكم كاتب بالعدل ۚ ولا يأب كاتب أن يكتب كما علمه الله ۚ فليكتب وليملل الذي عليه الحق وليتق الله ربه ولا يبخس منه شيئا ۚ فإن كان الذي عليه الحق سفيها أو ضعيفا أو لا يستطيع أن يمل هو فليملل وليه بالعدل ۚ واستشهدوا شهيدين من رجالكم ۖ فإن لم يكونا رجلين فرجل وامرأتان ممن ترضون من الشهداء أن تضل إحداهما فتذكر إحداهما الأخرى ۚ ولا يأب الشهداء إذا ما دعوا ۚ ولا تسأموا أن تكتبوه صغيرا أو كبيرا إلى أجله ۚ ذلكم أقسط عند الله وأقوم للشهادة وأدنى ألا ترتابوا ۖ إلا أن تكون تجارة حاضرة تديرونها بينكم فليس عليكم جناح ألا تكتبوها ۗ وأشهدوا إذا تبايعتم ۚ ولا يضار كاتب ولا شهيد ۚ وإن تفعلوا فإنه فسوق بكم ۗ واتقوا الله ۖ ويعلمكم الله ۗ والله بكل شيء عليم
2,283,127,11390,۞ وإن كنتم على سفر ولم تجدوا كاتبا فرهان مقبوضة ۖ فإن أمن بعضكم بعضا فليؤد الذي اؤتمن أمانته وليتق الله ربه ۗ ولا تكتموا الشهادة ۚ ومن يكتمها فإنه آثم قلبه ۗ والله بما تعملون عليم
2,284,95,7900,لله ما في السماوات وما في الأرض ۗ وإن تبدوا ما في أنفسكم أو تخفوه يحاسبكم به الله ۖ فيغفر لمن يشاء ويعذب من يشاء ۗ والله على كل شيء قدير
2,285,109,6018,آمن الرسول بما أنزل إليه من ربه والمؤمنون ۚ كل آمن بالله وملائكته وكتبه ورسله لا نفرق بين أحد من رسله ۚ وقالوا سمعنا وأطعنا ۖ غفرانك ربنا وإليك المصير
2,286,185,12817,لا يكلف الله نفسا إلا وسعها ۚ لها ما كسبت وعليها ما اكتسبت ۗ ربنا لا تؤاخذنا إن نسينا أو أخطأنا ۚ ربنا ولا تحمل علينا إصرا كما حملته على الذين من قبلنا ۚ ربنا ولا تحملنا ما لا طاقة لنا به ۖ واعف عنا واغفر لنا وارحمنا ۚ أنت مولانا فانصرنا على القوم الكافرين
3,1,3,71,الم
3,2,22,410,الله لا إله إلا هو الحي القيوم
3,3,50,2070,نزل عليك الكتاب بالحق مصدقا لما بين يديه وأنزل التوراة والإنجيل
3,4,70,5214,من قبل هدى للناس وأنزل الفرقان ۗ إن الذين كفروا بآيات الله لهم عذاب شديد ۗ والله عزيز ذو انتقام
3,5,32,2642,إن الله لا يخفى عليه شيء في الأرض ولا في السماء
3,6,46,2251,هو الذي يصوركم في الأرحام كيف يشاء ۚ لا إله إلا هو العزيز الحكيم
3,7,182,16325,هو الذي أنزل عليك الكتاب منه آيات محكمات هن أم الكتاب وأخر متشابهات ۖ فأما الذين في قلوبهم زيغ فيتبعون ما تشابه منه ابتغاء الفتنة وابتغاء تأويله ۗ وما يعلم تأويله إلا الله ۗ والراسخون في العلم يقولون آمنا به كل من عند ربنا ۗ وما يذكر إلا أولو الألباب
3,8,50,4227,ربنا لا تزغ قلوبنا بعد إذ هديتنا وهب لنا من لدنك رحمة ۚ إنك أنت الوهاب
3,9,45,2026,ربنا إنك جامع الناس ليوم لا ريب فيه ۚ إن الله لا يخلف الميعاد
3,10,60,4070,إن الذين كفروا لن تغني عنهم أموالهم ولا أولادهم من الله شيئا ۖ وأولئك هم وقود النار
3,11,64,5609,كدأب آل فرعون والذين من قبلهم ۚ كذبوا بآياتنا فأخذهم الله بذنوبهم ۗ والله شديد العقاب
3,12,40,4052,قل للذين كفروا ستغلبون وتحشرون إلى جهنم ۚ وبئس المهاد
3,13,101,7956,قد كان لكم آية في فئتين التقتا ۖ فئة تقاتل في سبيل الله وأخرى كافرة يرونهم مثليهم رأي العين ۚ والله يؤيد بنصره من يشاء ۗ إن في ذلك لعبرة لأولي الأبصار
3,14,118,7550,زين للناس حب الشهوات من النساء والبنين والقناطير المقنطرة من الذهب والفضة والخيل المسومة والأنعام والحرث ۗ ذلك متاع الحياة الدنيا ۖ والله عنده حسن المآب
3,15,101,8662,۞ قل أؤنبئكم بخير من ذلكم ۚ للذين اتقوا عند ربهم جنات تجري من تحتها الأنهار خالدين فيها وأزواج مطهرة ورضوان من الله ۗ والله بصير بالعباد
3,16,48,4901,الذين يقولون ربنا إننا آمنا فاغفر لنا ذنوبنا وقنا عذاب النار
3,17,53,3870,الصابرين والصادقين والقانتين والمنفقين والمستغفرين بالأسحار
3,18,63,1571,شهد الله أنه لا إله إلا هو والملائكة وأولو العلم قائما بالقسط ۚ لا إله إلا هو العزيز الحكيم
3,19,100,6414,إن الدين عند الله الإسلام ۗ وما اختلف الذين أوتوا الكتاب إلا من بعد ما جاءهم العلم بغيا بينهم ۗ ومن يكفر بآيات الله فإن الله سريع الحساب
3,20,112,7372,فإن حاجوك فقل أسلمت وجهي لله ومن اتبعن ۗ وقل للذين أوتوا الكتاب والأميين أأسلمتم ۚ فإن أسلموا فقد اهتدوا ۖ وإن تولوا فإنما عليك البلاغ ۗ والله بصير بالعباد
3,21,84,7376,إن الذين يكفرون بآيات الله ويقتلون النبيين بغير حق ويقتلون الذين يأمرون بالقسط من الناس فبشرهم بعذاب أليم
3,22,45,3088,أولئك الذين حبطت أعمالهم في الدنيا والآخرة وما لهم من ناصرين
3,23,74,6203,ألم تر إلى الذين أوتوا نصيبا من الكتاب يدعون إلى كتاب الله ليحكم بينهم ثم يتولى فريق منهم وهم معرضون
3,24,62,4821,ذلك بأنهم قالوا لن تمسنا النار إلا أياما معدودات ۖ وغرهم في دينهم ما كانوا يفترون
3,25,52,3907,فكيف إذا جمعناهم ليوم لا ريب فيه ووفيت كل نفس ما كسبت وهم لا يظلمون
3,26,84,8577,قل اللهم مالك الملك تؤتي الملك من تشاء وتنزع الملك ممن تشاء وتعز من تشاء وتذل من تشاء ۖ بيدك الخير ۖ إنك على كل شيء قدير
3,27,85,8285,تولج الليل في النهار وتولج النهار في الليل ۖ وتخرج الحي من الميت وتخرج الميت من الحي ۖ وترزق من تشاء بغير حساب
3,28,103,7882,لا يتخذ المؤمنون الكافرين أولياء من دون المؤمنين ۖ ومن يفعل ذلك فليس من الله في شيء إلا أن تتقوا منهم تقاة ۗ ويحذركم الله نفسه ۗ وإلى الله المصير
3,29,74,5242,قل إن تخفوا ما في صدوركم أو تبدوه يعلمه الله ۗ ويعلم ما في السماوات وما في الأرض ۗ والله على كل شيء قدير
3,30,92,6458,يوم تجد كل نفس ما عملت من خير محضرا وما عملت من سوء تود لو أن بينها وبينه أمدا بعيدا ۗ ويحذركم الله نفسه ۗ والله رءوف بالعباد
3,31,61,5809,قل إن كنتم تحبون الله فاتبعوني يحببكم الله ويغفر لكم ذنوبكم ۗ والله غفور رحيم
3,32,44,1837,قل أطيعوا الله والرسول ۖ فإن تولوا فإن الله لا يحب الكافرين
3,33,41,1434,۞ إن الله اصطفى آدم ونوحا وآل إبراهيم وآل عمران على العالمين
3,34,26,3152,ذرية بعضها من بعض ۗ والله سميع عليم
3,35,61,6170,إذ قالت امرأت عمران رب إني نذرت لك ما في بطني محررا فتقبل مني ۖ إنك أنت السميع العليم
3,36,100,11090,فلما وضعتها قالت رب إني وضعتها أنثى والله أعلم بما وضعت وليس الذكر كالأنثى ۖ وإني سميتها مريم وإني أعيذها بك وذريتها من الشيطان الرجيم
3,37,133,8490,فتقبلها ربها بقبول حسن وأنبتها نباتا حسنا وكفلها زكريا ۖ كلما دخل عليها زكريا المحراب وجد عندها رزقا ۖ قال يا مريم أنى لك هذا ۖ قالت هو من عند الله ۖ إن الله يرزق من يشاء بغير حساب
3,38,48,2487,هنالك دعا زكريا ربه ۖ قال رب هب لي من لدنك ذرية طيبة ۖ إنك سميع الدعاء
3,39,86,3264,فنادته الملائكة وهو قائم يصلي في المحراب أن الله يبشرك بيحيى مصدقا بكلمة من الله وسيدا وحصورا ونبيا من الصالحين
3,40,59,5572,قال رب أنى يكون لي غلام وقد بلغني الكبر وامرأتي عاقر ۖ قال كذلك الله يفعل ما يشاء
3,41,72,5701,قال رب اجعل لي آية ۖ قال آيتك ألا تكلم الناس ثلاثة أيام إلا رمزا ۗ واذكر ربك كثيرا وسبح بالعشي والإبكار
3,42,54,2867,وإذ قالت الملائكة يا مريم إن الله اصطفاك وطهرك واصطفاك على نساء العالمين
3,43,37,1997,يا مريم اقنتي لربك واسجدي واركعي مع الراكعين
3,44,74,6780,ذلك من أنباء الغيب نوحيه إليك ۚ وما كنت لديهم إذ يلقون أقلامهم أيهم يكفل مريم وما كنت لديهم إذ يختصمون
3,45,83,4804,إذ قالت الملائكة يا مريم إن الله يبشرك بكلمة منه اسمه المسيح عيسى ابن مريم وجيها في الدنيا والآخرة ومن المقربين
3,46,33,796,ويكلم الناس في المهد وكهلا ومن الصالحين
3,47,72,6246,قالت رب أنى يكون لي ولد ولم يمسسني بشر ۖ قال كذلك الله يخلق ما يشاء ۚ إذا قضى أمرا فإنما يقول له كن فيكون
3,48,32,1494,ويعلمه الكتاب والحكمة والتوراة والإنجيل
3,49,158,11425,ورسولا إلى بني إسرائيل أني قد جئتكم بآية من ربكم ۖ أني أخلق لكم من الطين كهيئة الطير فأنفخ فيه فيكون طيرا بإذن الله ۖ وأبرئ الأكمه والأبرص وأحيي الموتى بإذن الله ۖ وأنبئكم بما تأكلون وما تدخرون في بيوتكم ۚ إن في ذلك لآية لكم إن كنتم مؤمنين
3,50,74,4959,ومصدقا لما بين يدي من التوراة ولأحل لكم بعض الذي حرم عليكم ۚ وجئتكم بآية من ربكم فاتقوا الله وأطيعون
3,51,33,2420,إن الله ربي وربكم فاعبدوه ۗ هذا صراط مستقيم
3,52,78,3205,۞ فلما أحس عيسى منهم الكفر قال من أنصاري إلى الله ۖ قال الحواريون نحن أنصار الله آمنا بالله واشهد بأنا مسلمون
3,53,44,2796,ربنا آمنا بما أنزلت واتبعنا الرسول فاكتبنا مع الشاهدين
3,54,30,1839,ومكروا ومكر الله ۖ والله خير الماكرين
3,55,123,10026,إذ قال الله يا عيسى إني متوفيك ورافعك إلي ومطهرك من الذين كفروا وجاعل الذين اتبعوك فوق الذين كفروا إلى يوم القيامة ۖ ثم إلي مرجعكم فأحكم بينكم فيما كنتم فيه تختلفون
3,56,56,4845,فأما الذين كفروا فأعذبهم عذابا شديدا في الدنيا والآخرة وما لهم من ناصرين
3,57,56,3319,وأما الذين آمنوا وعملوا الصالحات فيوفيهم أجورهم ۗ والله لا يحب الظالمين
3,58,31,2969,ذلك نتلوه عليك من الآيات والذكر الحكيم
3,59,44,3954,إن مثل عيسى عند الله كمثل آدم ۖ خلقه من تراب ثم قال له كن فيكون
3,60,25,1893,الحق من ربك فلا تكن من الممترين
3,61,104,5492,فمن حاجك فيه من بعد ما جاءك من العلم فقل تعالوا ندع أبناءنا وأبناءكم ونساءنا ونساءكم وأنفسنا وأنفسكم ثم نبتهل فنجعل لعنت الله على الكاذبين
3,62,50,1913,إن هذا لهو القصص الحق ۚ وما من إله إلا الله ۚ وإن الله لهو العزيز الحكيم
3,63,26,1196,فإن تولوا فإن الله عليم بالمفسدين
3,64,118,8102,قل يا أهل الكتاب تعالوا إلى كلمة سواء بيننا وبينكم ألا نعبد إلا الله ولا نشرك به شيئا ولا يتخذ بعضنا بعضا أربابا من دون الله ۚ فإن تولوا فقولوا اشهدوا بأنا مسلمون
3,65,63,3657,يا أهل الكتاب لم تحاجون في إبراهيم وما أنزلت التوراة والإنجيل إلا من بعده ۚ أفلا تعقلون
3,66,71,3786,ها أنتم هؤلاء حاججتم فيما لكم به علم فلم تحاجون فيما ليس لكم به علم ۚ والله يعلم وأنتم لا تعلمون
3,67,60,2201,ما كان إبراهيم يهوديا ولا نصرانيا ولكن كان حنيفا مسلما وما كان من المشركين
3,68,60,3830,إن أولى الناس بإبراهيم للذين اتبعوه وهذا النبي والذين آمنوا ۗ والله ولي المؤمنين
3,69,49,3963,ودت طائفة من أهل الكتاب لو يضلونكم وما يضلون إلا أنفسهم وما يشعرون
3,70,36,3066,يا أهل الكتاب لم تكفرون بآيات الله وأنتم تشهدون
3,71,50,3485,يا أهل الكتاب لم تلبسون الحق بالباطل وتكتمون الحق وأنتم تعلمون
3,72,71,5055,وقالت طائفة من أهل الكتاب آمنوا بالذي أنزل على الذين آمنوا وجه النهار واكفروا آخره لعلهم يرجعون
3,73,101,6383,ولا تؤمنوا إلا لمن تبع دينكم قل إن الهدى هدى الله أن يؤتى أحد مثل ما أوتيتم أو يحاجوكم عند ربكم ۗ قل إن الفضل بيد الله يؤتيه من يشاء ۗ والله واسع عليم
3,74,33,4926,يختص برحمته من يشاء ۗ والله ذو الفضل العظيم
3,75,130,6550,۞ ومن أهل الكتاب من إن تأمنه بقنطار يؤده إليك ومنهم من إن تأمنه بدينار لا يؤده إليك إلا ما دمت عليه قائما ۗ ذلك بأنهم قالوا ليس علينا في الأميين سبيل ويقولون على الله الكذب وهم يعلمون
3,76,31,1648,بلى من أوفى بعهده واتقى فإن الله يحب المتقين
3,77,107,7513,إن الذين يشترون بعهد الله وأيمانهم ثمنا قليلا أولئك لا خلاق لهم في الآخرة ولا يكلمهم الله ولا ينظر إليهم يوم القيامة ولا يزكيهم ولهم عذاب أليم
3,78,117,5633,وإن منهم لفريقا يلوون ألسنتهم بالكتاب لتحسبوه من الكتاب وما هو من الكتاب ويقولون هو من عند الله وما هو من عند الله ويقولون على الله الكذب وهم يعلمون
3,79,117,6507,ما كان لبشر أن يؤتيه الله الكتاب والحكم والنبوة ثم يقول للناس كونوا عبادا لي من دون الله ولكن كونوا ربانيين بما كنتم تعلمون الكتاب وبما كنتم تدرسون
3,80,58,5126,ولا يأمركم أن تتخذوا الملائكة والنبيين أربابا ۗ أيأمركم بالكفر بعد إذ أنتم مسلمون
3,81,133,13129,وإذ أخذ الله ميثاق النبيين لما آتيتكم من كتاب وحكمة ثم جاءكم رسول مصدق لما معكم لتؤمنن به ولتنصرنه ۚ قال أأقررتم وأخذتم على ذلكم إصري ۖ قالوا أقررنا ۚ قال فاشهدوا وأنا معكم من الشاهدين
3,82,26,1941,فمن تولى بعد ذلك فأولئك هم الفاسقون
3,83,58,5123,أفغير دين الله يبغون وله أسلم من في السماوات والأرض طوعا وكرها وإليه يرجعون
3,84,114,4023,قل آمنا بالله وما أنزل علينا وما أنزل على إبراهيم وإسماعيل وإسحاق ويعقوب والأسباط وما أوتي موسى وعيسى والنبيون من ربهم لا نفرق بين أحد منهم ونحن له مسلمون
3,85,49,5322,ومن يبتغ غير الإسلام دينا فلن يقبل منه وهو في الآخرة من الخاسرين
3,86,80,3608,كيف يهدي الله قوما كفروا بعد إيمانهم وشهدوا أن الرسول حق وجاءهم البينات ۚ والله لا يهدي القوم الظالمين
3,87,39,982,أولئك جزاؤهم أن عليهم لعنة الله والملائكة والناس أجمعين
3,88,37,3859,خالدين فيها لا يخفف عنهم العذاب ولا هم ينظرون
3,89,40,4029,إلا الذين تابوا من بعد ذلك وأصلحوا فإن الله غفور رحيم
3,90,58,4725,إن الذين كفروا بعد إيمانهم ثم ازدادوا كفرا لن تقبل توبتهم وأولئك هم الضالون
3,91,83,6343,إن الذين كفروا وماتوا وهم كفار فلن يقبل من أحدهم ملء الأرض ذهبا ولو افتدى به ۗ أولئك لهم عذاب أليم وما لهم من ناصرين
3,92,53,3830,لن تنالوا البر حتى تنفقوا مما تحبون ۚ وما تنفقوا من شيء فإن الله به عليم
3,93,88,5612,۞ كل الطعام كان حلا لبني إسرائيل إلا ما حرم إسرائيل على نفسه من قبل أن تنزل التوراة ۗ قل فأتوا بالتوراة فاتلوها إن كنتم صادقين
3,94,40,3925,فمن افترى على الله الكذب من بعد ذلك فأولئك هم الظالمون
3,95,45,2286,قل صدق الله ۗ فاتبعوا ملة إبراهيم حنيفا وما كان من المشركين
3,96,38,2879,إن أول بيت وضع للناس للذي ببكة مباركا وهدى للعالمين
3,97,93,5855,فيه آيات بينات مقام إبراهيم ۖ ومن دخله كان آمنا ۗ ولله على الناس حج البيت من استطاع إليه سبيلا ۚ ومن كفر فإن الله غني عن العالمين
3,98,47,3063,قل يا أهل الكتاب لم تكفرون بآيات الله والله شهيد على ما تعملون
3,99,73,6001,قل يا أهل الكتاب لم تصدون عن سبيل الله من آمن تبغونها عوجا وأنتم شهداء ۗ وما الله بغافل عما تعملون
3,100,64,4478,يا أيها الذين آمنوا إن تطيعوا فريقا من الذين أوتوا الكتاب يردوكم بعد إيمانكم كافرين
3,101,69,5259,وكيف تكفرون وأنتم تتلى عليكم آيات الله وفيكم رسوله ۗ ومن يعتصم بالله فقد هدي إلى صراط مستقيم
3,102,50,4189,يا أيها الذين آمنوا اتقوا الله حق تقاته ولا تموتن إلا وأنتم مسلمون
3,103,147,12192,واعتصموا بحبل الله جميعا ولا تفرقوا ۚ واذكروا نعمت الله عليكم إذ كنتم أعداء فألف بين قلوبكم فأصبحتم بنعمته إخوانا وكنتم على شفا حفرة من النار فأنقذكم منها ۗ كذلك يبين الله لكم آياته لعلكم تهتدون
3,104,63,3388,ولتكن منكم أمة يدعون إلى الخير ويأمرون بالمعروف وينهون عن المنكر ۚ وأولئك هم المفلحون
3,105,62,5922,ولا تكونوا كالذين تفرقوا واختلفوا من بعد ما جاءهم البينات ۚ وأولئك لهم عذاب عظيم
3,106,78,7215,يوم تبيض وجوه وتسود وجوه ۚ فأما الذين اسودت وجوههم أكفرتم بعد إيمانكم فذوقوا العذاب بما كنتم تكفرون
3,107,41,3432,وأما الذين ابيضت وجوههم ففي رحمة الله هم فيها خالدون
3,108,48,3259,تلك آيات الله نتلوها عليك بالحق ۗ وما الله يريد ظلما للعالمين
3,109,40,2961,ولله ما في السماوات وما في الأرض ۚ وإلى الله ترجع الأمور
3,110,104,8516,كنتم خير أمة أخرجت للناس تأمرون بالمعروف وتنهون عن المنكر وتؤمنون بالله ۗ ولو آمن أهل الكتاب لكان خيرا لهم ۚ منهم المؤمنون وأكثرهم الفاسقون
3,111,43,3877,لن يضروكم إلا أذى ۖ وإن يقاتلوكم يولوكم الأدبار ثم لا ينصرون
3,112,143,12723,ضربت عليهم الذلة أين ما ثقفوا إلا بحبل من الله وحبل من الناس وباءوا بغضب من الله وضربت عليهم المسكنة ۚ ذلك بأنهم كانوا يكفرون بآيات الله ويقتلون الأنبياء بغير حق ۚ ذلك بما عصوا وكانوا يعتدون
3,113,50,2243,۞ ليسوا سواء ۗ من أهل الكتاب أمة قائمة يتلون آيات الله آناء الليل وهم يسجدون
3,114,79,4584,يؤمنون بالله واليوم الآخر ويأمرون بالمعروف وينهون عن المنكر ويسارعون في الخيرات وأولئك من الصالحين
3,115,40,2480,وما يفعلوا من خير فلن يكفروه ۗ والله عليم بالمتقين
3,116,70,4842,إن الذين كفروا لن تغني عنهم أموالهم ولا أولادهم من الله شيئا ۖ وأولئك أصحاب النار ۚ هم فيها خالدون
3,117,93,8651,مثل ما ينفقون في هذه الحياة الدنيا كمثل ريح فيها صر أصابت حرث قوم ظلموا أنفسهم فأهلكته ۚ وما ظلمهم الله ولكن أنفسهم يظلمون
3,118,116,10954,يا أيها الذين آمنوا لا تتخذوا بطانة من دونكم لا يألونكم خبالا ودوا ما عنتم قد بدت البغضاء من أفواههم وما تخفي صدورهم أكبر ۚ قد بينا لكم الآيات ۖ إن كنتم تعقلون
3,119,118,12241,ها أنتم أولاء تحبونهم ولا يحبونكم وتؤمنون بالكتاب كله وإذا لقوكم قالوا آمنا وإذا خلوا عضوا عليكم الأنامل من الغيظ ۚ قل موتوا بغيظكم ۗ إن الله عليم بذات الصدور
3,120,79,5875,إن تمسسكم حسنة تسؤهم وإن تصبكم سيئة يفرحوا بها ۖ وإن تصبروا وتتقوا لا يضركم كيدهم شيئا ۗ إن الله بما يعملون محيط
3,121,45,4098,وإذ غدوت من أهلك تبوئ المؤمنين مقاعد للقتال ۗ والله سميع عليم
3,122,52,3826,إذ همت طائفتان منكم أن تفشلا والله وليهما ۗ وعلى الله فليتوكل المؤمنون
3,123,44,3860,ولقد نصركم الله ببدر وأنتم أذلة ۖ فاتقوا الله لعلكم تشكرون
3,124,52,3715,إذ تقول للمؤمنين ألن يكفيكم أن يمدكم ربكم بثلاثة آلاف من الملائكة منزلين
3,125,62,4914,بلى ۚ إن تصبروا وتتقوا ويأتوكم من فورهم هذا يمددكم ربكم بخمسة آلاف من الملائكة مسومين
3,126,64,2547,وما جعله الله إلا بشرى لكم ولتطمئن قلوبكم به ۗ وما النصر إلا من عند الله العزيز الحكيم
3,127,41,3122,ليقطع طرفا من الذين كفروا أو يكبتهم فينقلبوا خائبين
3,128,40,3435,ليس لك من الأمر شيء أو يتوب عليهم أو يعذبهم فإنهم ظالمون
3,129,58,6435,ولله ما في السماوات وما في الأرض ۚ يغفر لمن يشاء ويعذب من يشاء ۚ والله غفور رحيم
3,130,57,4924,يا أيها الذين آمنوا لا تأكلوا الربا أضعافا مضاعفة ۖ واتقوا الله لعلكم تفلحون
3,131,26,2132,واتقوا النار التي أعدت للكافرين
3,132,28,1395,وأطيعوا الله والرسول لعلكم ترحمون
3,133,49,5891,۞ وسارعوا إلى مغفرة من ربكم وجنة عرضها السماوات والأرض أعدت للمتقين
3,134,69,6357,الذين ينفقون في السراء والضراء والكاظمين الغيظ والعافين عن الناس ۗ والله يحب المحسنين
3,135,98,10186,والذين إذا فعلوا فاحشة أو ظلموا أنفسهم ذكروا الله فاستغفروا لذنوبهم ومن يغفر الذنوب إلا الله ولم يصروا على ما فعلوا وهم يعلمون
3,136,64,5425,أولئك جزاؤهم مغفرة من ربهم وجنات تجري من تحتها الأنهار خالدين فيها ۚ ونعم أجر العاملين
3,137,52,5499,قد خلت من قبلكم سنن فسيروا في الأرض فانظروا كيف كان عاقبة المكذبين
3,138,27,2637,هذا بيان للناس وهدى وموعظة للمتقين
3,139,37,2441,ولا تهنوا ولا تحزنوا وأنتم الأعلون إن كنتم مؤمنين
3,140,101,7272,إن يمسسكم قرح فقد مس القوم قرح مثله ۚ وتلك الأيام نداولها بين الناس وليعلم الله الذين آمنوا ويتخذ منكم شهداء ۗ والله لا يحب الظالمين
3,141,32,1694,وليمحص الله الذين آمنوا ويمحق الكافرين
3,142,57,3519,أم حسبتم أن تدخلوا الجنة ولما يعلم الله الذين جاهدوا منكم ويعلم الصابرين
3,143,48,5433,ولقد كنتم تمنون الموت من قبل أن تلقوه فقد رأيتموه وأنتم تنظرون
3,144,99,7107,وما محمد إلا رسول قد خلت من قبله الرسل ۚ أفإن مات أو قتل انقلبتم على أعقابكم ۚ ومن ينقلب على عقبيه فلن يضر الله شيئا ۗ وسيجزي الله الشاكرين
3,145,91,6996,وما كان لنفس أن تموت إلا بإذن الله كتابا مؤجلا ۗ ومن يرد ثواب الدنيا نؤته منها ومن يرد ثواب الآخرة نؤته منها ۚ وسنجزي الشاكرين
3,146,86,4604,وكأين من نبي قاتل معه ربيون كثير فما وهنوا لما أصابهم في سبيل الله وما ضعفوا وما استكانوا ۗ والله يحب الصابرين
3,147,81,5892,وما كان قولهم إلا أن قالوا ربنا اغفر لنا ذنوبنا وإسرافنا في أمرنا وثبت أقدامنا وانصرنا على القوم الكافرين
3,148,47,3002,فآتاهم الله ثواب الدنيا وحسن ثواب الآخرة ۗ والله يحب المحسنين
3,149,59,4762,يا أيها الذين آمنوا إن تطيعوا الذين كفروا يردوكم على أعقابكم فتنقلبوا خاسرين
3,150,26,1494,بل الله مولاكم ۖ وهو خير الناصرين
3,151,80,4939,سنلقي في قلوب الذين كفروا الرعب بما أشركوا بالله ما لم ينزل به سلطانا ۖ ومأواهم النار ۚ وبئس مثوى الظالمين
3,152,156,13474,ولقد صدقكم الله وعده إذ تحسونهم بإذنه ۖ حتى إذا فشلتم وتنازعتم في الأمر وعصيتم من بعد ما أراكم ما تحبون ۚ منكم من يريد الدنيا ومنكم من يريد الآخرة ۚ ثم صرفكم عنهم ليبتليكم ۖ ولقد عفا عنكم ۗ والله ذو فضل على المؤمنين
3,153,99,9120,۞ إذ تصعدون ولا تلوون على أحد والرسول يدعوكم في أخراكم فأثابكم غما بغم لكيلا تحزنوا على ما فاتكم ولا ما أصابكم ۗ والله خبير بما تعملون
3,154,271,20519,ثم أنزل عليكم من بعد الغم أمنة نعاسا يغشى طائفة منكم ۖ وطائفة قد أهمتهم أنفسهم يظنون بالله غير الحق ظن الجاهلية ۖ يقولون هل لنا من الأمر من شيء ۗ قل إن الأمر كله لله ۗ يخفون في أنفسهم ما لا يبدون لك ۖ يقولون لو كان لنا من الأمر شيء ما قتلنا هاهنا ۗ قل لو كنتم في بيوتكم لبرز الذين كتب عليهم القتل إلى مضاجعهم ۖ وليبتلي الله ما في صدوركم وليمحص ما في قلوبكم ۗ والله عليم بذات الصدور
3,155,85,6267,إن الذين تولوا منكم يوم التقى الجمعان إنما استزلهم الشيطان ببعض ما كسبوا ۖ ولقد عفا الله عنهم ۗ إن الله غفور حليم
3,156,149,11796,يا أيها الذين آمنوا لا تكونوا كالذين كفروا وقالوا لإخوانهم إذا ضربوا في الأرض أو كانوا غزى لو كانوا عندنا ما ماتوا وما قتلوا ليجعل الله ذلك حسرة في قلوبهم ۗ والله يحيي ويميت ۗ والله بما تعملون بصير
3,157,49,4630,ولئن قتلتم في سبيل الله أو متم لمغفرة من الله ورحمة خير مما يجمعون
3,158,24,2632,ولئن متم أو قتلتم لإلى الله تحشرون
3,159,116,11660,فبما رحمة من الله لنت لهم ۖ ولو كنت فظا غليظ القلب لانفضوا من حولك ۖ فاعف عنهم واستغفر لهم وشاورهم في الأمر ۖ فإذا عزمت فتوكل على الله ۚ إن الله يحب المتوكلين
3,160,71,6374,إن ينصركم الله فلا غالب لكم ۖ وإن يخذلكم فمن ذا الذي ينصركم من بعده ۗ وعلى الله فليتوكل المؤمنون
3,161,64,7094,وما كان لنبي أن يغل ۚ ومن يغلل يأت بما غل يوم القيامة ۚ ثم توفى كل نفس ما كسبت وهم لا يظلمون
3,162,49,3301,أفمن اتبع رضوان الله كمن باء بسخط من الله ومأواه جهنم ۚ وبئس المصير
3,163,32,1466,هم درجات عند الله ۗ والله بصير بما يعملون
3,164,100,5954,لقد من الله على المؤمنين إذ بعث فيهم رسولا من أنفسهم يتلو عليهم آياته ويزكيهم ويعلمهم الكتاب والحكمة وإن كانوا من قبل لفي ضلال مبين
3,165,63,4815,أولما أصابتكم مصيبة قد أصبتم مثليها قلتم أنى هذا ۖ قل هو من عند أنفسكم ۗ إن الله على كل شيء قدير
3,166,43,2287,وما أصابكم يوم التقى الجمعان فبإذن الله وليعلم المؤمنين
3,167,145,7713,وليعلم الذين نافقوا ۚ وقيل لهم تعالوا قاتلوا في سبيل الله أو ادفعوا ۖ قالوا لو نعلم قتالا لاتبعناكم ۗ هم للكفر يومئذ أقرب منهم للإيمان ۚ يقولون بأفواههم ما ليس في قلوبهم ۗ والله أعلم بما يكتمون
3,168,69,4683,الذين قالوا لإخوانهم وقعدوا لو أطاعونا ما قتلوا ۗ قل فادرءوا عن أنفسكم الموت إن كنتم صادقين
3,169,51,3386,ولا تحسبن الذين قتلوا في سبيل الله أمواتا ۚ بل أحياء عند ربهم يرزقون
3,170,76,5937,فرحين بما آتاهم الله من فضله ويستبشرون بالذين لم يلحقوا بهم من خلفهم ألا خوف عليهم ولا هم يحزنون
3,171,43,3729,۞ يستبشرون بنعمة من الله وفضل وأن الله لا يضيع أجر المؤمنين
3,172,66,5164,الذين استجابوا لله والرسول من بعد ما أصابهم القرح ۚ للذين أحسنوا منهم واتقوا أجر عظيم
3,173,75,3510,الذين قال لهم الناس إن الناس قد جمعوا لكم فاخشوهم فزادهم إيمانا وقالوا حسبنا الله ونعم الوكيل
3,174,62,6172,فانقلبوا بنعمة من الله وفضل لم يمسسهم سوء واتبعوا رضوان الله ۗ والله ذو فضل عظيم
3,175,49,4766,إنما ذلكم الشيطان يخوف أولياءه فلا تخافوهم وخافون إن كنتم مؤمنين
3,176,82,7523,ولا يحزنك الذين يسارعون في الكفر ۚ إنهم لن يضروا الله شيئا ۗ يريد الله ألا يجعل لهم حظا في الآخرة ۖ ولهم عذاب عظيم
3,177,49,4622,إن الذين اشتروا الكفر بالإيمان لن يضروا الله شيئا ولهم عذاب أليم
3,178,70,4495,ولا يحسبن الذين كفروا أنما نملي لهم خير لأنفسهم ۚ إنما نملي لهم ليزدادوا إثما ۚ ولهم عذاب مهين
3,179,136,10169,ما كان الله ليذر المؤمنين على ما أنتم عليه حتى يميز الخبيث من الطيب ۗ وما كان الله ليطلعكم على الغيب ولكن الله يجتبي من رسله من يشاء ۖ فآمنوا بالله ورسله ۚ وإن تؤمنوا وتتقوا فلكم أجر عظيم
3,180,119,9818,ولا يحسبن الذين يبخلون بما آتاهم الله من فضله هو خيرا لهم ۖ بل هو شر لهم ۖ سيطوقون ما بخلوا به يوم القيامة ۗ ولله ميراث السماوات والأرض ۗ والله بما تعملون خبير
3,181,90,7949,لقد سمع الله قول الذين قالوا إن الله فقير ونحن أغنياء ۘ سنكتب ما قالوا وقتلهم الأنبياء بغير حق ونقول ذوقوا عذاب الحريق
3,182,35,2762,ذلك بما قدمت أيديكم وأن الله ليس بظلام للعبيد
3,183,111,8304,الذين قالوا إن الله عهد إلينا ألا نؤمن لرسول حتى يأتينا بقربان تأكله النار ۗ قل قد جاءكم رسل من قبلي بالبينات وبالذي قلتم فلم قتلتموهم إن كنتم صادقين
3,184,53,3860,فإن كذبوك فقد كذب رسل من قبلك جاءوا بالبينات والزبر والكتاب المنير
3,185,90,6434,كل نفس ذائقة الموت ۗ وإنما توفون أجوركم يوم القيامة ۖ فمن زحزح عن النار وأدخل الجنة فقد فاز ۗ وما الحياة الدنيا إلا متاع الغرور
3,186,99,9564,۞ لتبلون في أموالكم وأنفسكم ولتسمعن من الذين أوتوا الكتاب من قبلكم ومن الذين أشركوا أذى كثيرا ۚ وإن تصبروا وتتقوا فإن ذلك من عزم الأمور
3,187,94,11095,وإذ أخذ الله ميثاق الذين أوتوا الكتاب لتبيننه للناس ولا تكتمونه فنبذوه وراء ظهورهم واشتروا به ثمنا قليلا ۖ فبئس ما يشترون
3,188,82,5291,لا تحسبن الذين يفرحون بما أتوا ويحبون أن يحمدوا بما لم يفعلوا فلا تحسبنهم بمفازة من العذاب ۖ ولهم عذاب أليم
3,189,35,2583,ولله ملك السماوات والأرض ۗ والله على كل شيء قدير
3,190,52,4541,إن في خلق السماوات والأرض واختلاف الليل والنهار لآيات لأولي الألباب
3,191,98,9162,الذين يذكرون الله قياما وقعودا وعلى جنوبهم ويتفكرون في خلق السماوات والأرض ربنا ما خلقت هذا باطلا سبحانك فقنا عذاب النار
3,192,42,4504,ربنا إنك من تدخل النار فقد أخزيته ۖ وما للظالمين من أنصار
3,193,88,6039,ربنا إننا سمعنا مناديا ينادي للإيمان أن آمنوا بربكم فآمنا ۚ ربنا فاغفر لنا ذنوبنا وكفر عنا سيئاتنا وتوفنا مع الأبرار
3,194,54,4392,ربنا وآتنا ما وعدتنا على رسلك ولا تخزنا يوم القيامة ۗ إنك لا تخلف الميعاد
3,195,177,15725,فاستجاب لهم ربهم أني لا أضيع عمل عامل منكم من ذكر أو أنثى ۖ بعضكم من بعض ۖ فالذين هاجروا وأخرجوا من ديارهم وأوذوا في سبيلي وقاتلوا وقتلوا لأكفرن عنهم سيئاتهم ولأدخلنهم جنات تجري من تحتها الأنهار ثوابا من عند الله ۗ والله عنده حسن الثواب
3,196,29,3099,لا يغرنك تقلب الذين كفروا في البلاد
3,197,28,1560,متاع قليل ثم مأواهم جهنم ۚ وبئس المهاد
3,198,83,6648,لكن الذين اتقوا ربهم لهم جنات تجري من تحتها الأنهار خالدين فيها نزلا من عند الله ۗ وما عند الله خير للأبرار
3,199,109,6018,وإن من أهل الكتاب لمن يؤمن بالله وما أنزل إليكم وما أنزل إليهم خاشعين لله لا يشترون بآيات الله ثمنا قليلا ۗ أولئك لهم أجرهم عند ربهم ۗ إن الله سريع الحساب
3,200,55,3090,يا أيها الذين آمنوا اصبروا وصابروا ورابطوا واتقوا الله لعلكم تفلحون
4,1,119,8181,يا أيها الناس اتقوا ربكم الذي خلقكم من نفس واحدة وخلق منها زوجها وبث منهما رجالا كثيرا ونساء ۚ واتقوا الله الذي تساءلون به والأرحام ۚ إن الله كان عليكم رقيبا
4,2,73,4253,وآتوا اليتامى أموالهم ۖ ولا تتبدلوا الخبيث بالطيب ۖ ولا تأكلوا أموالهم إلى أموالكم ۚ إنه كان حوبا كبيرا
4,3,102,8739,وإن خفتم ألا تقسطوا في اليتامى فانكحوا ما طاب لكم من النساء مثنى وثلاث ورباع ۖ فإن خفتم ألا تعدلوا فواحدة أو ما ملكت أيمانكم ۚ ذلك أدنى ألا تعولوا
4,4,51,2748,وآتوا النساء صدقاتهن نحلة ۚ فإن طبن لكم عن شيء منه نفسا فكلوه هنيئا مريئا
4,5,76,3367,ولا تؤتوا السفهاء أموالكم التي جعل الله لكم قياما وارزقوهم فيها واكسوهم وقولوا لهم قولا معروفا
4,6,170,11882,وابتلوا اليتامى حتى إذا بلغوا النكاح فإن آنستم منهم رشدا فادفعوا إليهم أموالهم ۖ ولا تأكلوها إسرافا وبدارا أن يكبروا ۚ ومن كان غنيا فليستعفف ۖ ومن كان فقيرا فليأكل بالمعروف ۚ فإذا دفعتم إليهم أموالهم فأشهدوا عليهم ۚ وكفى بالله حسيبا
4,7,87,5525,للرجال نصيب مما ترك الوالدان والأقربون وللنساء نصيب مما ترك الوالدان والأقربون مما قل منه أو كثر ۚ نصيبا مفروضا
4,8,65,4319,وإذا حضر القسمة أولو القربى واليتامى والمساكين فارزقوهم منه وقولوا لهم قولا معروفا
4,9,70,7048,وليخش الذين لو تركوا من خلفهم ذرية ضعافا خافوا عليهم فليتقوا الله وليقولوا قولا سديدا
4,10,57,3741,إن الذين يأكلون أموال اليتامى ظلما إنما يأكلون في بطونهم نارا ۖ وسيصلون سعيرا
4,11,246,16270,يوصيكم الله في أولادكم ۖ للذكر مثل حظ الأنثيين ۚ فإن كن نساء فوق اثنتين فلهن ثلثا ما ترك ۖ وإن كانت واحدة فلها النصف ۚ ولأبويه لكل واحد منهما السدس مما ترك إن كان له ولد ۚ فإن لم يكن له ولد وورثه أبواه فلأمه الثلث ۚ فإن كان له إخوة فلأمه السدس ۚ من بعد وصية يوصي بها أو دين ۗ آباؤكم وأبناؤكم لا تدرون أيهم أقرب لكم نفعا ۚ فريضة من الله ۗ إن الله كان عليما حكيما
4,12,275,18835,۞ ولكم نصف ما ترك أزواجكم إن لم يكن لهن ولد ۚ فإن كان لهن ولد فلكم الربع مما تركن ۚ من بعد وصية يوصين بها أو دين ۚ ولهن الربع مما تركتم إن لم يكن لكم ولد ۚ فإن كان لكم ولد فلهن الثمن مما تركتم ۚ من بعد وصية توصون بها أو دين ۗ وإن كان رجل يورث كلالة أو امرأة وله أخ أو أخت فلكل واحد منهما السدس ۚ فإن كانوا أكثر من ذلك فهم شركاء في الثلث ۚ من بعد وصية يوصى بها أو دين غير مضار ۚ وصية من الله ۗ والله عليم حليم
4,13,78,6725,تلك حدود الله ۚ ومن يطع الله ورسوله يدخله جنات تجري من تحتها الأنهار خالدين فيها ۚ وذلك الفوز العظيم
4,14,55,3708,ومن يعص الله ورسوله ويتعد حدوده يدخله نارا خالدا فيها وله عذاب مهين
4,15,98,6129,واللاتي يأتين الفاحشة من نسائكم فاستشهدوا عليهن أربعة منكم ۖ فإن شهدوا فأمسكوهن في البيوت حتى يتوفاهن الموت أو يجعل الله لهن سبيلا
4,16,64,5125,واللذان يأتيانها منكم فآذوهما ۖ فإن تابا وأصلحا فأعرضوا عنهما ۗ إن الله كان توابا رحيما
4,17,83,4424,إنما التوبة على الله للذين يعملون السوء بجهالة ثم يتوبون من قريب فأولئك يتوب الله عليهم ۗ وكان الله عليما حكيما
4,18,95,9401,وليست التوبة للذين يعملون السيئات حتى إذا حضر أحدهم الموت قال إني تبت الآن ولا الذين يموتون وهم كفار ۚ أولئك أعتدنا لهم عذابا أليما
4,19,143,12969,يا أيها الذين آمنوا لا يحل لكم أن ترثوا النساء كرها ۖ ولا تعضلوهن لتذهبوا ببعض ما آتيتموهن إلا أن يأتين بفاحشة مبينة ۚ وعاشروهن بالمعروف ۚ فإن كرهتموهن فعسى أن تكرهوا شيئا ويجعل الله فيه خيرا كثيرا
4,20,74,7720,وإن أردتم استبدال زوج مكان زوج وآتيتم إحداهن قنطارا فلا تأخذوا منه شيئا ۚ أتأخذونه بهتانا وإثما مبينا
4,21,43,8800,وكيف تأخذونه وقد أفضى بعضكم إلى بعض وأخذن منكم ميثاقا غليظا
4,22,56,2514,ولا تنكحوا ما نكح آباؤكم من النساء إلا ما قد سلف ۚ إنه كان فاحشة ومقتا وساء سبيلا
4,23,244,22414,حرمت عليكم أمهاتكم وبناتكم وأخواتكم وعماتكم وخالاتكم وبنات الأخ وبنات الأخت وأمهاتكم اللاتي أرضعنكم وأخواتكم من الرضاعة وأمهات نسائكم وربائبكم اللاتي في حجوركم من نسائكم اللاتي دخلتم بهن فإن لم تكونوا دخلتم بهن فلا جناح عليكم وحلائل أبنائكم الذين من أصلابكم وأن تجمعوا بين الأختين إلا ما قد سلف ۗ إن الله كان غفورا رحيما
4,24,173,14658,۞ والمحصنات من النساء إلا ما ملكت أيمانكم ۖ كتاب الله عليكم ۚ وأحل لكم ما وراء ذلكم أن تبتغوا بأموالكم محصنين غير مسافحين ۚ فما استمتعتم به منهن فآتوهن أجورهن فريضة ۚ ولا جناح عليكم فيما تراضيتم به من بعد الفريضة ۚ إن الله كان عليما حكيما
4,25,246,24191,ومن لم يستطع منكم طولا أن ينكح المحصنات المؤمنات فمن ما ملكت أيمانكم من فتياتكم المؤمنات ۚ والله أعلم بإيمانكم ۚ بعضكم من بعض ۚ فانكحوهن بإذن أهلهن وآتوهن أجورهن بالمعروف محصنات غير مسافحات ولا متخذات أخدان ۚ فإذا أحصن فإن أتين بفاحشة فعليهن نصف ما على المحصنات من العذاب ۚ ذلك لمن خشي العنت منكم ۚ وأن تصبروا خير لكم ۗ والله غفور رحيم
4,26,61,2704,يريد الله ليبين لكم ويهديكم سنن الذين من قبلكم ويتوب عليكم ۗ والله عليم حكيم
4,27,58,4875,والله يريد أن يتوب عليكم ويريد الذين يتبعون الشهوات أن تميلوا ميلا عظيما
4,28,32,3179,يريد الله أن يخفف عنكم ۚ وخلق الإنسان ضعيفا
4,29,90,6301,يا أيها الذين آمنوا لا تأكلوا أموالكم بينكم بالباطل إلا أن تكون تجارة عن تراض منكم ۚ ولا تقتلوا أنفسكم ۚ إن الله كان بكم رحيما
4,30,52,4082,ومن يفعل ذلك عدوانا وظلما فسوف نصليه نارا ۚ وكان ذلك على الله يسيرا
4,31,53,4569,إن تجتنبوا كبائر ما تنهون عنه نكفر عنكم سيئاتكم وندخلكم مدخلا كريما
4,32,103,7697,ولا تتمنوا ما فضل الله به بعضكم على بعض ۚ للرجال نصيب مما اكتسبوا ۖ وللنساء نصيب مما اكتسبن ۚ واسألوا الله من فضله ۗ إن الله كان بكل شيء عليما
4,33,82,4773,ولكل جعلنا موالي مما ترك الوالدان والأقربون ۚ والذين عقدت أيمانكم فآتوهم نصيبهم ۚ إن الله كان على كل شيء شهيدا
4,34,184,17431,الرجال قوامون على النساء بما فضل الله بعضهم على بعض وبما أنفقوا من أموالهم ۚ فالصالحات قانتات حافظات للغيب بما حفظ الله ۚ واللاتي تخافون نشوزهن فعظوهن واهجروهن في المضاجع واضربوهن ۖ فإن أطعنكم فلا تبغوا عليهن سبيلا ۗ إن الله كان عليا كبيرا
4,35,86,4776,وإن خفتم شقاق بينهما فابعثوا حكما من أهله وحكما من أهلها إن يريدا إصلاحا يوفق الله بينهما ۗ إن الله كان عليما خبيرا
4,36,151,8469,۞ واعبدوا الله ولا تشركوا به شيئا ۖ وبالوالدين إحسانا وبذي القربى واليتامى والمساكين والجار ذي القربى والجار الجنب والصاحب بالجنب وابن السبيل وما ملكت أيمانكم ۗ إن الله لا يحب من كان مختالا فخورا
4,37,75,6530,الذين يبخلون ويأمرون الناس بالبخل ويكتمون ما آتاهم الله من فضله ۗ وأعتدنا للكافرين عذابا مهينا
4,38,79,4251,والذين ينفقون أموالهم رئاء الناس ولا يؤمنون بالله ولا باليوم الآخر ۗ ومن يكن الشيطان له قرينا فساء قرينا
4,39,65,3111,وماذا عليهم لو آمنوا بالله واليوم الآخر وأنفقوا مما رزقهم الله ۚ وكان الله بهم عليما
4,40,49,6079,إن الله لا يظلم مثقال ذرة ۖ وإن تك حسنة يضاعفها ويؤت من لدنه أجرا عظيما
4,41,35,1984,فكيف إذا جئنا من كل أمة بشهيد وجئنا بك على هؤلاء شهيدا
4,42,58,5106,يومئذ يود الذين كفروا وعصوا الرسول لو تسوى بهم الأرض ولا يكتمون الله حديثا
4,43,184,14438,يا أيها الذين آمنوا لا تقربوا الصلاة وأنتم سكارى حتى تعلموا ما تقولون ولا جنبا إلا عابري سبيل حتى تغتسلوا ۚ وإن كنتم مرضى أو على سفر أو جاء أحد منكم من الغائط أو لامستم النساء فلم تجدوا ماء فتيمموا صعيدا طيبا فامسحوا بوجوهكم وأيديكم ۗ إن الله كان عفوا غفورا
4,44,58,6165,ألم تر إلى الذين أوتوا نصيبا من الكتاب يشترون الضلالة ويريدون أن تضلوا السبيل
4,45,39,1095,والله أعلم بأعدائكم ۚ وكفى بالله وليا وكفى بالله نصيرا
4,46,171,10284,من الذين هادوا يحرفون الكلم عن مواضعه ويقولون سمعنا وعصينا واسمع غير مسمع وراعنا ليا بألسنتهم وطعنا في الدين ۚ ولو أنهم قالوا سمعنا وأطعنا واسمع وانظرنا لكان خيرا لهم وأقوم ولكن لعنهم الله بكفرهم فلا يؤمنون إلا قليلا
4,47,112,5211,يا أيها الذين أوتوا الكتاب آمنوا بما نزلنا مصدقا لما معكم من قبل أن نطمس وجوها فنردها على أدبارها أو نلعنهم كما لعنا أصحاب السبت ۚ وكان أمر الله مفعولا
4,48,64,7723,إن الله لا يغفر أن يشرك به ويغفر ما دون ذلك لمن يشاء ۚ ومن يشرك بالله فقد افترى إثما عظيما
4,49,49,3959,ألم تر إلى الذين يزكون أنفسهم ۚ بل الله يزكي من يشاء ولا يظلمون فتيلا
4,50,37,3683,انظر كيف يفترون على الله الكذب ۖ وكفى به إثما مبينا
4,51,84,7109,ألم تر إلى الذين أوتوا نصيبا من الكتاب يؤمنون بالجبت والطاغوت ويقولون للذين كفروا هؤلاء أهدى من الذين آمنوا سبيلا
4,52,41,2383,أولئك الذين لعنهم الله ۖ ومن يلعن الله فلن تجد له نصيرا
4,53,34,2259,أم لهم نصيب من الملك فإذا لا يؤتون الناس نقيرا
4,54,72,5094,أم يحسدون الناس على ما آتاهم الله من فضله ۖ فقد آتينا آل إبراهيم الكتاب والحكمة وآتيناهم ملكا عظيما
4,55,36,1399,فمنهم من آمن به ومنهم من صد عنه ۚ وكفى بجهنم سعيرا
4,56,92,7077,إن الذين كفروا بآياتنا سوف نصليهم نارا كلما نضجت جلودهم بدلناهم جلودا غيرها ليذوقوا العذاب ۗ إن الله كان عزيزا حكيما
4,57,95,8532,والذين آمنوا وعملوا الصالحات سندخلهم جنات تجري من تحتها الأنهار خالدين فيها أبدا ۖ لهم فيها أزواج مطهرة ۖ وندخلهم ظلا ظليلا
4,58,90,5557,۞ إن الله يأمركم أن تؤدوا الأمانات إلى أهلها وإذا حكمتم بين الناس أن تحكموا بالعدل ۚ إن الله نعما يعظكم به ۗ إن الله كان سميعا بصيرا
4,59,117,8430,يا أيها الذين آمنوا أطيعوا الله وأطيعوا الرسول وأولي الأمر منكم ۖ فإن تنازعتم في شيء فردوه إلى الله والرسول إن كنتم تؤمنون بالله واليوم الآخر ۚ ذلك خير وأحسن تأويلا
4,60,111,7971,ألم تر إلى الذين يزعمون أنهم آمنوا بما أنزل إليك وما أنزل من قبلك يريدون أن يتحاكموا إلى الطاغوت وقد أمروا أن يكفروا به ويريد الشيطان أن يضلهم ضلالا بعيدا
4,61,58,3394,وإذا قيل لهم تعالوا إلى ما أنزل الله وإلى الرسول رأيت المنافقين يصدون عنك صدودا
4,62,64,4108,فكيف إذا أصابتهم مصيبة بما قدمت أيديهم ثم جاءوك يحلفون بالله إن أردنا إلا إحسانا وتوفيقا
4,63,61,5429,أولئك الذين يعلم الله ما في قلوبهم فأعرض عنهم وعظهم وقل لهم في أنفسهم قولا بليغا
4,64,98,8650,وما أرسلنا من رسول إلا ليطاع بإذن الله ۚ ولو أنهم إذ ظلموا أنفسهم جاءوك فاستغفروا الله واستغفر لهم الرسول لوجدوا الله توابا رحيما
4,65,74,4996,فلا وربك لا يؤمنون حتى يحكموك فيما شجر بينهم ثم لا يجدوا في أنفسهم حرجا مما قضيت ويسلموا تسليما
4,66,100,7333,ولو أنا كتبنا عليهم أن اقتلوا أنفسكم أو اخرجوا من دياركم ما فعلوه إلا قليل منهم ۖ ولو أنهم فعلوا ما يوعظون به لكان خيرا لهم وأشد تثبيتا
4,67,24,2643,وإذا لآتيناهم من لدنا أجرا عظيما
4,68,21,1103,ولهديناهم صراطا مستقيما
4,69,86,3690,ومن يطع الله والرسول فأولئك مع الذين أنعم الله عليهم من النبيين والصديقين والشهداء والصالحين ۚ وحسن أولئك رفيقا
4,70,27,2172,ذلك الفضل من الله ۚ وكفى بالله عليما
4,71,46,4979,يا أيها الذين آمنوا خذوا حذركم فانفروا ثبات أو انفروا جميعا
4,72,55,3138,وإن منكم لمن ليبطئن فإن أصابتكم مصيبة قال قد أنعم الله علي إذ لم أكن معهم شهيدا
4,73,70,4810,ولئن أصابكم فضل من الله ليقولن كأن لم تكن بينكم وبينه مودة يا ليتني كنت معهم فأفوز فوزا عظيما
4,74,87,7724,۞ فليقاتل في سبيل الله الذين يشرون الحياة الدنيا بالآخرة ۚ ومن يقاتل في سبيل الله فيقتل أو يغلب فسوف نؤتيه أجرا عظيما
4,75,135,9043,وما لكم لا تقاتلون في سبيل الله والمستضعفين من الرجال والنساء والولدان الذين يقولون ربنا أخرجنا من هذه القرية الظالم أهلها واجعل لنا من لدنك وليا واجعل لنا من لدنك نصيرا
4,76,94,7666,الذين آمنوا يقاتلون في سبيل الله ۖ والذين كفروا يقاتلون في سبيل الطاغوت فقاتلوا أولياء الشيطان ۖ إن كيد الشيطان كان ضعيفا
4,77,184,17388,ألم تر إلى الذين قيل لهم كفوا أيديكم وأقيموا الصلاة وآتوا الزكاة فلما كتب عليهم القتال إذا فريق منهم يخشون الناس كخشية الله أو أشد خشية ۚ وقالوا ربنا لم كتبت علينا القتال لولا أخرتنا إلى أجل قريب ۗ قل متاع الدنيا قليل والآخرة خير لمن اتقى ولا تظلمون فتيلا
4,78,134,7896,أينما تكونوا يدرككم الموت ولو كنتم في بروج مشيدة ۗ وإن تصبهم حسنة يقولوا هذه من عند الله ۖ وإن تصبهم سيئة يقولوا هذه من عندك ۚ قل كل من عند الله ۖ فمال هؤلاء القوم لا يكادون يفقهون حديثا
4,79,66,2627,ما أصابك من حسنة فمن الله ۖ وما أصابك من سيئة فمن نفسك ۚ وأرسلناك للناس رسولا ۚ وكفى بالله شهيدا
4,80,46,3004,من يطع الرسول فقد أطاع الله ۖ ومن تولى فما أرسلناك عليهم حفيظا
4,81,94,7850,ويقولون طاعة فإذا برزوا من عندك بيت طائفة منهم غير الذي تقول ۖ والله يكتب ما يبيتون ۖ فأعرض عنهم وتوكل على الله ۚ وكفى بالله وكيلا
4,82,54,4756,أفلا يتدبرون القرآن ۚ ولو كان من عند غير الله لوجدوا فيه اختلافا كثيرا
4,83,122,8934,وإذا جاءهم أمر من الأمن أو الخوف أذاعوا به ۖ ولو ردوه إلى الرسول وإلى أولي الأمر منهم لعلمه الذين يستنبطونه منهم ۗ ولولا فضل الله عليكم ورحمته لاتبعتم الشيطان إلا قليلا
4,84,79,5682,فقاتل في سبيل الله لا تكلف إلا نفسك ۚ وحرض المؤمنين ۖ عسى الله أن يكف بأس الذين كفروا ۚ والله أشد بأسا وأشد تنكيلا
4,85,70,4054,من يشفع شفاعة حسنة يكن له نصيب منها ۖ ومن يشفع شفاعة سيئة يكن له كفل منها ۗ وكان الله على كل شيء مقيتا
4,86,50,2866,وإذا حييتم بتحية فحيوا بأحسن منها أو ردوها ۗ إن الله كان على كل شيء حسيبا
4,87,55,2012,الله لا إله إلا هو ۚ ليجمعنكم إلى يوم القيامة لا ريب فيه ۗ ومن أصدق من الله حديثا
4,88,83,5591,۞ فما لكم في المنافقين فئتين والله أركسهم بما كسبوا ۚ أتريدون أن تهدوا من أضل الله ۖ ومن يضلل الله فلن تجد له سبيلا
4,89,123,11476,ودوا لو تكفرون كما كفروا فتكونون سواء ۖ فلا تتخذوا منهم أولياء حتى يهاجروا في سبيل الله ۚ فإن تولوا فخذوهم واقتلوهم حيث وجدتموهم ۖ ولا تتخذوا منهم وليا ولا نصيرا
4,90,157,8554,إلا الذين يصلون إلى قوم بينكم وبينهم ميثاق أو جاءوكم حصرت صدورهم أن يقاتلوكم أو يقاتلوا قومهم ۚ ولو شاء الله لسلطهم عليكم فلقاتلوكم ۚ فإن اعتزلوكم فلم يقاتلوكم وألقوا إليكم السلم فما جعل الله لكم عليهم سبيلا
4,91,149,9311,ستجدون آخرين يريدون أن يأمنوكم ويأمنوا قومهم كل ما ردوا إلى الفتنة أركسوا فيها ۚ فإن لم يعتزلوكم ويلقوا إليكم السلم ويكفوا أيديهم فخذوهم واقتلوهم حيث ثقفتموهم ۚ وأولئكم جعلنا لكم عليهم سلطانا مبينا
4,92,203,12763,وما كان لمؤمن أن يقتل مؤمنا إلا خطأ ۚ ومن قتل مؤمنا خطأ فتحرير رقبة مؤمنة ودية مسلمة إلى أهله إلا أن يصدقوا ۚ فإن كان من قوم عدو لكم وهو مؤمن فتحرير رقبة مؤمنة ۖ وإن كان من قوم بينكم وبينهم ميثاق فدية مسلمة إلى أهله وتحرير رقبة مؤمنة ۖ فمن لم يجد فصيام شهرين متتابعين توبة من الله ۗ وكان الله عليما حكيما
4,93,67,6308,ومن يقتل مؤمنا متعمدا فجزاؤه جهنم خالدا فيها وغضب الله عليه ولعنه وأعد له عذابا عظيما
4,94,160,14879,يا أيها الذين آمنوا إذا ضربتم في سبيل الله فتبينوا ولا تقولوا لمن ألقى إليكم السلام لست مؤمنا تبتغون عرض الحياة الدنيا فعند الله مغانم كثيرة ۚ كذلك كنتم من قبل فمن الله عليكم فتبينوا ۚ إن الله كان بما تعملون خبيرا
4,95,161,9473,لا يستوي القاعدون من المؤمنين غير أولي الضرر والمجاهدون في سبيل الله بأموالهم وأنفسهم ۚ فضل الله المجاهدين بأموالهم وأنفسهم على القاعدين درجة ۚ وكلا وعد الله الحسنى ۚ وفضل الله المجاهدين على القاعدين أجرا عظيما
4,96,35,3972,درجات منه ومغفرة ورحمة ۚ وكان الله غفورا رحيما
4,97,116,10136,إن الذين توفاهم الملائكة ظالمي أنفسهم قالوا فيم كنتم ۖ قالوا كنا مستضعفين في الأرض ۚ قالوا ألم تكن أرض الله واسعة فتهاجروا فيها ۚ فأولئك مأواهم جهنم ۖ وساءت مصيرا
4,98,61,3512,إلا المستضعفين من الرجال والنساء والولدان لا يستطيعون حيلة ولا يهتدون سبيلا
4,99,36,2300,فأولئك عسى الله أن يعفو عنهم ۚ وكان الله عفوا غفورا
4,100,116,9608,۞ ومن يهاجر في سبيل الله يجد في الأرض مراغما كثيرا وسعة ۚ ومن يخرج من بيته مهاجرا إلى الله ورسوله ثم يدركه الموت فقد وقع أجره على الله ۗ وكان الله غفورا رحيما
4,101,89,8483,وإذا ضربتم في الأرض فليس عليكم جناح أن تقصروا من الصلاة إن خفتم أن يفتنكم الذين كفروا ۚ إن الكافرين كانوا لكم عدوا مبينا
4,102,252,25203,وإذا كنت فيهم فأقمت لهم الصلاة فلتقم طائفة منهم معك وليأخذوا أسلحتهم فإذا سجدوا فليكونوا من ورائكم ولتأت طائفة أخرى لم يصلوا فليصلوا معك وليأخذوا حذرهم وأسلحتهم ۗ ود الذين كفروا لو تغفلون عن أسلحتكم وأمتعتكم فيميلون عليكم ميلة واحدة ۚ ولا جناح عليكم إن كان بكم أذى من مطر أو كنتم مرضى أن تضعوا أسلحتكم ۖ وخذوا حذركم ۗ إن الله أعد للكافرين عذابا مهينا
4,103,95,7654,فإذا قضيتم الصلاة فاذكروا الله قياما وقعودا وعلى جنوبكم ۚ فإذا اطمأننتم فأقيموا الصلاة ۚ إن الصلاة كانت على المؤمنين كتابا موقوتا
4,104,88,5662,ولا تهنوا في ابتغاء القوم ۖ إن تكونوا تألمون فإنهم يألمون كما تألمون ۖ وترجون من الله ما لا يرجون ۗ وكان الله عليما حكيما
4,105,62,3895,إنا أنزلنا إليك الكتاب بالحق لتحكم بين الناس بما أراك الله ۚ ولا تكن للخائنين خصيما
4,106,29,3546,واستغفر الله ۖ إن الله كان غفورا رحيما
4,107,51,4275,ولا تجادل عن الذين يختانون أنفسهم ۚ إن الله لا يحب من كان خوانا أثيما
4,108,80,5986,يستخفون من الناس ولا يستخفون من الله وهو معهم إذ يبيتون ما لا يرضى من القول ۚ وكان الله بما يعملون محيطا
4,109,73,2536,ها أنتم هؤلاء جادلتم عنهم في الحياة الدنيا فمن يجادل الله عنهم يوم القيامة أم من يكون عليهم وكيلا
4,110,48,5479,ومن يعمل سوءا أو يظلم نفسه ثم يستغفر الله يجد الله غفورا رحيما
4,111,43,1665,ومن يكسب إثما فإنما يكسبه على نفسه ۚ وكان الله عليما حكيما
4,112,48,4136,ومن يكسب خطيئة أو إثما ثم يرم به بريئا فقد احتمل بهتانا وإثما مبينا
4,113,127,10535,ولولا فضل الله عليك ورحمته لهمت طائفة منهم أن يضلوك وما يضلون إلا أنفسهم ۖ وما يضرونك من شيء ۚ وأنزل الله عليك الكتاب والحكمة وعلمك ما لم تكن تعلم ۚ وكان فضل الله عليك عظيما
4,114,88,9017,۞ لا خير في كثير من نجواهم إلا من أمر بصدقة أو معروف أو إصلاح بين الناس ۚ ومن يفعل ذلك ابتغاء مرضات الله فسوف نؤتيه أجرا عظيما
4,115,77,5354,ومن يشاقق الرسول من بعد ما تبين له الهدى ويتبع غير سبيل المؤمنين نوله ما تولى ونصله جهنم ۖ وساءت مصيرا
4,116,64,7259,إن الله لا يغفر أن يشرك به ويغفر ما دون ذلك لمن يشاء ۚ ومن يشرك بالله فقد ضل ضلالا بعيدا
4,117,38,1781,إن يدعون من دونه إلا إناثا وإن يدعون إلا شيطانا مريدا
4,118,35,3605,لعنه الله ۘ وقال لأتخذن من عبادك نصيبا مفروضا
4,119,103,10174,ولأضلنهم ولأمنينهم ولآمرنهم فليبتكن آذان الأنعام ولآمرنهم فليغيرن خلق الله ۚ ومن يتخذ الشيطان وليا من دون الله فقد خسر خسرانا مبينا
4,120,34,2305,يعدهم ويمنيهم ۖ وما يعدهم الشيطان إلا غرورا
4,121,29,631,أولئك مأواهم جهنم ولا يجدون عنها محيصا
4,122,91,6295,والذين آمنوا وعملوا الصالحات سندخلهم جنات تجري من تحتها الأنهار خالدين فيها أبدا ۖ وعد الله حقا ۚ ومن أصدق من الله قيلا
4,123,68,1964,ليس بأمانيكم ولا أماني أهل الكتاب ۗ من يعمل سوءا يجز به ولا يجد له من دون الله وليا ولا نصيرا
4,124,59,4964,ومن يعمل من الصالحات من ذكر أو أنثى وهو مؤمن فأولئك يدخلون الجنة ولا يظلمون نقيرا
4,125,68,4456,ومن أحسن دينا ممن أسلم وجهه لله وهو محسن واتبع ملة إبراهيم حنيفا ۗ واتخذ الله إبراهيم خليلا
4,126,43,2482,ولله ما في السماوات وما في الأرض ۚ وكان الله بكل شيء محيطا
4,127,169,13304,ويستفتونك في النساء ۖ قل الله يفتيكم فيهن وما يتلى عليكم في الكتاب في يتامى النساء اللاتي لا تؤتونهن ما كتب لهن وترغبون أن تنكحوهن والمستضعفين من الولدان وأن تقوموا لليتامى بالقسط ۚ وما تفعلوا من خير فإن الله كان به عليما
4,128,116,9935,وإن امرأة خافت من بعلها نشوزا أو إعراضا فلا جناح عليهما أن يصلحا بينهما صلحا ۚ والصلح خير ۗ وأحضرت الأنفس الشح ۚ وإن تحسنوا وتتقوا فإن الله كان بما تعملون خبيرا
4,129,97,8346,ولن تستطيعوا أن تعدلوا بين النساء ولو حرصتم ۖ فلا تميلوا كل الميل فتذروها كالمعلقة ۚ وإن تصلحوا وتتقوا فإن الله كان غفورا رحيما
4,130,42,3009,وإن يتفرقا يغن الله كلا من سعته ۚ وكان الله واسعا حكيما
4,131,122,8910,ولله ما في السماوات وما في الأرض ۗ ولقد وصينا الذين أوتوا الكتاب من قبلكم وإياكم أن اتقوا الله ۚ وإن تكفروا فإن لله ما في السماوات وما في الأرض ۚ وكان الله غنيا حميدا
4,132,38,2150,ولله ما في السماوات وما في الأرض ۚ وكفى بالله وكيلا
4,133,43,3881,إن يشأ يذهبكم أيها الناس ويأت بآخرين ۚ وكان الله على ذلك قديرا
4,134,60,3329,من كان يريد ثواب الدنيا فعند الله ثواب الدنيا والآخرة ۚ وكان الله سميعا بصيرا
4,135,147,9823,۞ يا أيها الذين آمنوا كونوا قوامين بالقسط شهداء لله ولو على أنفسكم أو الوالدين والأقربين ۚ إن يكن غنيا أو فقيرا فالله أولى بهما ۖ فلا تتبعوا الهوى أن تعدلوا ۚ وإن تلووا أو تعرضوا فإن الله كان بما تعملون خبيرا
4,136,123,9183,يا أيها الذين آمنوا آمنوا بالله ورسوله والكتاب الذي نزل على رسوله والكتاب الذي أنزل من قبل ۚ ومن يكفر بالله وملائكته وكتبه ورسله واليوم الآخر فقد ضل ضلالا بعيدا
4,137,75,5989,إن الذين آمنوا ثم كفروا ثم آمنوا ثم كفروا ثم ازدادوا كفرا لم يكن الله ليغفر لهم ولا ليهديهم سبيلا
4,138,26,1846,بشر المنافقين بأن لهم عذابا أليما
4,139,64,5539,الذين يتخذون الكافرين أولياء من دون المؤمنين ۚ أيبتغون عندهم العزة فإن العزة لله جميعا
4,140,129,10796,وقد نزل عليكم في الكتاب أن إذا سمعتم آيات الله يكفر بها ويستهزأ بها فلا تقعدوا معهم حتى يخوضوا في حديث غيره ۚ إنكم إذا مثلهم ۗ إن الله جامع المنافقين والكافرين في جهنم جميعا
4,141,153,7627,الذين يتربصون بكم فإن كان لكم فتح من الله قالوا ألم نكن معكم وإن كان للكافرين نصيب قالوا ألم نستحوذ عليكم ونمنعكم من المؤمنين ۚ فالله يحكم بينكم يوم القيامة ۗ ولن يجعل الله للكافرين على المؤمنين سبيلا
4,142,83,4952,إن المنافقين يخادعون الله وهو خادعهم وإذا قاموا إلى الصلاة قاموا كسالى يراءون الناس ولا يذكرون الله إلا قليلا
4,143,50,4253,مذبذبين بين ذلك لا إلى هؤلاء ولا إلى هؤلاء ۚ ومن يضلل الله فلن تجد له سبيلا
4,144,78,5582,يا أيها الذين آمنوا لا تتخذوا الكافرين أولياء من دون المؤمنين ۚ أتريدون أن تجعلوا لله عليكم سلطانا مبينا
4,145,43,2249,إن المنافقين في الدرك الأسفل من النار ولن تجد لهم نصيرا
4,146,83,5503,إلا الذين تابوا وأصلحوا واعتصموا بالله وأخلصوا دينهم لله فأولئك مع المؤمنين ۖ وسوف يؤت الله المؤمنين أجرا عظيما
4,147,46,3494,ما يفعل الله بعذابكم إن شكرتم وآمنتم ۚ وكان الله شاكرا عليما
4,148,51,2278,۞ لا يحب الله الجهر بالسوء من القول إلا من ظلم ۚ وكان الله سميعا عليما
4,149,44,3859,إن تبدوا خيرا أو تخفوه أو تعفوا عن سوء فإن الله كان عفوا قديرا
4,150,96,8158,إن الذين يكفرون بالله ورسله ويريدون أن يفرقوا بين الله ورسله ويقولون نؤمن ببعض ونكفر ببعض ويريدون أن يتخذوا بين ذلك سبيلا
4,151,40,2430,أولئك هم الكافرون حقا ۚ وأعتدنا للكافرين عذابا مهينا
4,152,72,4555,والذين آمنوا بالله ورسله ولم يفرقوا بين أحد منهم أولئك سوف يؤتيهم أجورهم ۗ وكان الله غفورا رحيما
4,153,148,12789,يسألك أهل الكتاب أن تنزل عليهم كتابا من السماء ۚ فقد سألوا موسى أكبر من ذلك فقالوا أرنا الله جهرة فأخذتهم الصاعقة بظلمهم ۚ ثم اتخذوا العجل من بعد ما جاءتهم البينات فعفونا عن ذلك ۚ وآتينا موسى سلطانا مبينا
4,154,89,8032,ورفعنا فوقهم الطور بميثاقهم وقلنا لهم ادخلوا الباب سجدا وقلنا لهم لا تعدوا في السبت وأخذنا منهم ميثاقا غليظا
4,155,98,7236,فبما نقضهم ميثاقهم وكفرهم بآيات الله وقتلهم الأنبياء بغير حق وقولهم قلوبنا غلف ۚ بل طبع الله عليها بكفرهم فلا يؤمنون إلا قليلا
4,156,30,2410,وبكفرهم وقولهم على مريم بهتانا عظيما
4,157,124,8262,وقولهم إنا قتلنا المسيح عيسى ابن مريم رسول الله وما قتلوه وما صلبوه ولكن شبه لهم ۚ وإن الذين اختلفوا فيه لفي شك منه ۚ ما لهم به من علم إلا اتباع الظن ۚ وما قتلوه يقينا
4,158,31,815,بل رفعه الله إليه ۚ وكان الله عزيزا حكيما
4,159,52,2241,وإن من أهل الكتاب إلا ليؤمنن به قبل موته ۖ ويوم القيامة يكون عليهم شهيدا
4,160,59,4505,فبظلم من الذين هادوا حرمنا عليهم طيبات أحلت لهم وبصدهم عن سبيل الله كثيرا
4,161,68,4219,وأخذهم الربا وقد نهوا عنه وأكلهم أموال الناس بالباطل ۚ وأعتدنا للكافرين منهم عذابا أليما
4,162,122,6481,لكن الراسخون في العلم منهم والمؤمنون يؤمنون بما أنزل إليك وما أنزل من قبلك ۚ والمقيمين الصلاة ۚ والمؤتون الزكاة والمؤمنون بالله واليوم الآخر أولئك سنؤتيهم أجرا عظيما
4,163,115,3281,۞ إنا أوحينا إليك كما أوحينا إلى نوح والنبيين من بعده ۚ وأوحينا إلى إبراهيم وإسماعيل وإسحاق ويعقوب والأسباط وعيسى وأيوب ويونس وهارون وسليمان ۚ وآتينا داوود زبورا
4,164,57,2770,ورسلا قد قصصناهم عليك من قبل ورسلا لم نقصصهم عليك ۚ وكلم الله موسى تكليما
4,165,63,3158,رسلا مبشرين ومنذرين لئلا يكون للناس على الله حجة بعد الرسل ۚ وكان الله عزيزا حكيما
4,166,55,1911,لكن الله يشهد بما أنزل إليك ۖ أنزله بعلمه ۖ والملائكة يشهدون ۚ وكفى بالله شهيدا
4,167,42,3433,إن الذين كفروا وصدوا عن سبيل الله قد ضلوا ضلالا بعيدا
4,168,49,4203,إن الذين كفروا وظلموا لم يكن الله ليغفر لهم ولا ليهديهم طريقا
4,169,41,2520,إلا طريق جهنم خالدين فيها أبدا ۚ وكان ذلك على الله يسيرا
4,170,93,5273,يا أيها الناس قد جاءكم الرسول بالحق من ربكم فآمنوا خيرا لكم ۚ وإن تكفروا فإن لله ما في السماوات والأرض ۚ وكان الله عليما حكيما
4,171,201,11639,يا أهل الكتاب لا تغلوا في دينكم ولا تقولوا على الله إلا الحق ۚ إنما المسيح عيسى ابن مريم رسول الله وكلمته ألقاها إلى مريم وروح منه ۖ فآمنوا بالله ورسله ۖ ولا تقولوا ثلاثة ۚ انتهوا خيرا لكم ۚ إنما الله إله واحد ۖ سبحانه أن يكون له ولد ۘ له ما في السماوات وما في الأرض ۗ وكفى بالله وكيلا
4,172,83,4603,لن يستنكف المسيح أن يكون عبدا لله ولا الملائكة المقربون ۚ ومن يستنكف عن عبادته ويستكبر فسيحشرهم إليه جميعا
4,173,124,8045,فأما الذين آمنوا وعملوا الصالحات فيوفيهم أجورهم ويزيدهم من فضله ۖ وأما الذين استنكفوا واستكبروا فيعذبهم عذابا أليما ولا يجدون لهم من دون الله وليا ولا نصيرا
4,174,46,1551,يا أيها الناس قد جاءكم برهان من ربكم وأنزلنا إليكم نورا مبينا
4,175,69,4953,فأما الذين آمنوا بالله واعتصموا به فسيدخلهم في رحمة منه وفضل ويهديهم إليه صراطا مستقيما
4,176,178,15514,يستفتونك قل الله يفتيكم في الكلالة ۚ إن امرؤ هلك ليس له ولد وله أخت فلها نصف ما ترك ۚ وهو يرثها إن لم يكن لها ولد ۚ فإن كانتا اثنتين فلهما الثلثان مما ترك ۚ وإن كانوا إخوة رجالا ونساء فللذكر مثل حظ الأنثيين ۗ يبين الله لكم أن تضلوا ۗ والله بكل شيء عليم
5,1,87,5316,يا أيها الذين آمنوا أوفوا بالعقود ۚ أحلت لكم بهيمة الأنعام إلا ما يتلى عليكم غير محلي الصيد وأنتم حرم ۗ إن الله يحكم ما يريد
5,2,228,15887,يا أيها الذين آمنوا لا تحلوا شعائر الله ولا الشهر الحرام ولا الهدي ولا القلائد ولا آمين البيت الحرام يبتغون فضلا من ربهم ورضوانا ۚ وإذا حللتم فاصطادوا ۚ ولا يجرمنكم شنآن قوم أن صدوكم عن المسجد الحرام أن تعتدوا ۘ وتعاونوا على البر والتقوى ۖ ولا تعاونوا على الإثم والعدوان ۚ واتقوا الله ۖ إن الله شديد العقاب
5,3,260,25302,حرمت عليكم الميتة والدم ولحم الخنزير وما أهل لغير الله به والمنخنقة والموقوذة والمتردية والنطيحة وما أكل السبع إلا ما ذكيتم وما ذبح على النصب وأن تستقسموا بالأزلام ۚ ذلكم فسق ۗ اليوم يئس الذين كفروا من دينكم فلا تخشوهم واخشون ۚ اليوم أكملت لكم دينكم وأتممت عليكم نعمتي ورضيت لكم الإسلام دينا ۚ فمن اضطر في مخمصة غير متجانف لإثم ۙ فإن الله غفور رحيم
5,4,132,6770,يسألونك ماذا أحل لهم ۖ قل أحل لكم الطيبات ۙ وما علمتم من الجوارح مكلبين تعلمونهن مما علمكم الله ۖ فكلوا مما أمسكن عليكم واذكروا اسم الله عليه ۖ واتقوا الله ۚ إن الله سريع الحساب
5,5,190,15706,اليوم أحل لكم الطيبات ۖ وطعام الذين أوتوا الكتاب حل لكم وطعامكم حل لهم ۖ والمحصنات من المؤمنات والمحصنات من الذين أوتوا الكتاب من قبلكم إذا آتيتموهن أجورهن محصنين غير مسافحين ولا متخذي أخدان ۗ ومن يكفر بالإيمان فقد حبط عمله وهو في الآخرة من الخاسرين
5,6,255,15986,يا أيها الذين آمنوا إذا قمتم إلى الصلاة فاغسلوا وجوهكم وأيديكم إلى المرافق وامسحوا برءوسكم وأرجلكم إلى الكعبين ۚ وإن كنتم جنبا فاطهروا ۚ وإن كنتم مرضى أو على سفر أو جاء أحد منكم من الغائط أو لامستم النساء فلم تجدوا ماء فتيمموا صعيدا طيبا فامسحوا بوجوهكم وأيديكم منه ۚ ما يريد الله ليجعل عليكم من حرج ولكن يريد ليطهركم وليتم نعمته عليكم لعلكم تشكرون
5,7,82,7314,واذكروا نعمة الله عليكم وميثاقه الذي واثقكم به إذ قلتم سمعنا وأطعنا ۖ واتقوا الله ۚ إن الله عليم بذات الصدور
5,8,108,6508,يا أيها الذين آمنوا كونوا قوامين لله شهداء بالقسط ۖ ولا يجرمنكم شنآن قوم على ألا تعدلوا ۚ اعدلوا هو أقرب للتقوى ۖ واتقوا الله ۚ إن الله خبير بما تعملون
5,9,44,4372,وعد الله الذين آمنوا وعملوا الصالحات ۙ لهم مغفرة وأجر عظيم
5,10,36,2552,والذين كفروا وكذبوا بآياتنا أولئك أصحاب الجحيم
5,11,98,5811,يا أيها الذين آمنوا اذكروا نعمت الله عليكم إذ هم قوم أن يبسطوا إليكم أيديهم فكف أيديهم عنكم ۖ واتقوا الله ۚ وعلى الله فليتوكل المؤمنون
5,12,191,17971,۞ ولقد أخذ الله ميثاق بني إسرائيل وبعثنا منهم اثني عشر نقيبا ۖ وقال الله إني معكم ۖ لئن أقمتم الصلاة وآتيتم الزكاة وآمنتم برسلي وعزرتموهم وأقرضتم الله قرضا حسنا لأكفرن عنكم سيئاتكم ولأدخلنكم جنات تجري من تحتها الأنهار ۚ فمن كفر بعد ذلك منكم فقد ضل سواء السبيل
5,13,135,9261,فبما نقضهم ميثاقهم لعناهم وجعلنا قلوبهم قاسية ۖ يحرفون الكلم عن مواضعه ۙ ونسوا حظا مما ذكروا به ۚ ولا تزال تطلع على خائنة منهم إلا قليلا منهم ۖ فاعف عنهم واصفح ۚ إن الله يحب المحسنين
5,14,109,9975,ومن الذين قالوا إنا نصارى أخذنا ميثاقهم فنسوا حظا مما ذكروا به فأغرينا بينهم العداوة والبغضاء إلى يوم القيامة ۚ وسوف ينبئهم الله بما كانوا يصنعون
5,15,89,6312,يا أهل الكتاب قد جاءكم رسولنا يبين لكم كثيرا مما كنتم تخفون من الكتاب ويعفو عن كثير ۚ قد جاءكم من الله نور وكتاب مبين
5,16,75,6471,يهدي به الله من اتبع رضوانه سبل السلام ويخرجهم من الظلمات إلى النور بإذنه ويهديهم إلى صراط مستقيم
5,17,146,8933,لقد كفر الذين قالوا إن الله هو المسيح ابن مريم ۚ قل فمن يملك من الله شيئا إن أراد أن يهلك المسيح ابن مريم وأمه ومن في الأرض جميعا ۗ ولله ملك السماوات والأرض وما بينهما ۚ يخلق ما يشاء ۚ والله على كل شيء قدير
5,18,124,10270,وقالت اليهود والنصارى نحن أبناء الله وأحباؤه ۚ قل فلم يعذبكم بذنوبكم ۖ بل أنتم بشر ممن خلق ۚ يغفر لمن يشاء ويعذب من يشاء ۚ ولله ملك السماوات والأرض وما بينهما ۖ وإليه المصير
5,19,98,7228,يا أهل الكتاب قد جاءكم رسولنا يبين لكم على فترة من الرسل أن تقولوا ما جاءنا من بشير ولا نذير ۖ فقد جاءكم بشير ونذير ۗ والله على كل شيء قدير
5,20,83,5210,وإذ قال موسى لقومه يا قوم اذكروا نعمة الله عليكم إذ جعل فيكم أنبياء وجعلكم ملوكا وآتاكم ما لم يؤت أحدا من العالمين
5,21,66,6089,يا قوم ادخلوا الأرض المقدسة التي كتب الله لكم ولا ترتدوا على أدباركم فتنقلبوا خاسرين
5,22,69,4833,قالوا يا موسى إن فيها قوما جبارين وإنا لن ندخلها حتى يخرجوا منها فإن يخرجوا منها فإنا داخلون
5,23,94,7868,قال رجلان من الذين يخافون أنعم الله عليهما ادخلوا عليهم الباب فإذا دخلتموه فإنكم غالبون ۚ وعلى الله فتوكلوا إن كنتم مؤمنين
5,24,64,3694,قالوا يا موسى إنا لن ندخلها أبدا ما داموا فيها ۖ فاذهب أنت وربك فقاتلا إنا هاهنا قاعدون
5,25,48,2512,قال رب إني لا أملك إلا نفسي وأخي ۖ فافرق بيننا وبين القوم الفاسقين
5,26,55,3934,قال فإنها محرمة عليهم ۛ أربعين سنة ۛ يتيهون في الأرض ۚ فلا تأس على القوم الفاسقين
5,27,92,6860,۞ واتل عليهم نبأ ابني آدم بالحق إذ قربا قربانا فتقبل من أحدهما ولم يتقبل من الآخر قال لأقتلنك ۖ قال إنما يتقبل الله من المتقين
5,28,57,3716,لئن بسطت إلي يدك لتقتلني ما أنا بباسط يدي إليك لأقتلك ۖ إني أخاف الله رب العالمين
5,29,48,4708,إني أريد أن تبوء بإثمي وإثمك فتكون من أصحاب النار ۚ وذلك جزاء الظالمين
5,30,36,3777,فطوعت له نفسه قتل أخيه فقتله فأصبح من الخاسرين
5,31,94,9970,فبعث الله غرابا يبحث في الأرض ليريه كيف يواري سوءة أخيه ۚ قال يا ويلتا أعجزت أن أكون مثل هذا الغراب فأواري سوءة أخي ۖ فأصبح من النادمين
5,32,148,12228,من أجل ذلك كتبنا على بني إسرائيل أنه من قتل نفسا بغير نفس أو فساد في الأرض فكأنما قتل الناس جميعا ومن أحياها فكأنما أحيا الناس جميعا ۚ ولقد جاءتهم رسلنا بالبينات ثم إن كثيرا منهم بعد ذلك في الأرض لمسرفون
5,33,128,11190,إنما جزاء الذين يحاربون الله ورسوله ويسعون في الأرض فسادا أن يقتلوا أو يصلبوا أو تقطع أيديهم وأرجلهم من خلاف أو ينفوا من الأرض ۚ ذلك لهم خزي في الدنيا ۖ ولهم في الآخرة عذاب عظيم
5,34,49,4258,إلا الذين تابوا من قبل أن تقدروا عليهم ۖ فاعلموا أن الله غفور رحيم
5,35,64,4074,يا أيها الذين آمنوا اتقوا الله وابتغوا إليه الوسيلة وجاهدوا في سبيله لعلكم تفلحون
5,36,83,6572,إن الذين كفروا لو أن لهم ما في الأرض جميعا ومثله معه ليفتدوا به من عذاب يوم القيامة ما تقبل منهم ۖ ولهم عذاب أليم
5,37,48,3620,يريدون أن يخرجوا من النار وما هم بخارجين منها ۖ ولهم عذاب مقيم
5,38,61,1772,والسارق والسارقة فاقطعوا أيديهما جزاء بما كسبا نكالا من الله ۗ والله عزيز حكيم
5,39,46,4237,فمن تاب من بعد ظلمه وأصلح فإن الله يتوب عليه ۗ إن الله غفور رحيم
5,40,64,6183,ألم تعلم أن الله له ملك السماوات والأرض يعذب من يشاء ويغفر لمن يشاء ۗ والله على كل شيء قدير
5,41,265,22260,۞ يا أيها الرسول لا يحزنك الذين يسارعون في الكفر من الذين قالوا آمنا بأفواههم ولم تؤمن قلوبهم ۛ ومن الذين هادوا ۛ سماعون للكذب سماعون لقوم آخرين لم يأتوك ۖ يحرفون الكلم من بعد مواضعه ۖ يقولون إن أوتيتم هذا فخذوه وإن لم تؤتوه فاحذروا ۚ ومن يرد الله فتنته فلن تملك له من الله شيئا ۚ أولئك الذين لم يرد الله أن يطهر قلوبهم ۚ لهم في الدنيا خزي ۖ ولهم في الآخرة عذاب عظيم
5,42,104,7917,سماعون للكذب أكالون للسحت ۚ فإن جاءوك فاحكم بينهم أو أعرض عنهم ۖ وإن تعرض عنهم فلن يضروك شيئا ۖ وإن حكمت فاحكم بينهم بالقسط ۚ إن الله يحب المقسطين
5,43,64,3597,وكيف يحكمونك وعندهم التوراة فيها حكم الله ثم يتولون من بعد ذلك ۚ وما أولئك بالمؤمنين
5,44,184,12446,إنا أنزلنا التوراة فيها هدى ونور ۚ يحكم بها النبيون الذين أسلموا للذين هادوا والربانيون والأحبار بما استحفظوا من كتاب الله وكانوا عليه شهداء ۚ فلا تخشوا الناس واخشون ولا تشتروا بآياتي ثمنا قليلا ۚ ومن لم يحكم بما أنزل الله فأولئك هم الكافرون
5,45,131,7156,وكتبنا عليهم فيها أن النفس بالنفس والعين بالعين والأنف بالأنف والأذن بالأذن والسن بالسن والجروح قصاص ۚ فمن تصدق به فهو كفارة له ۚ ومن لم يحكم بما أنزل الله فأولئك هم الظالمون
5,46,107,6493,وقفينا على آثارهم بعيسى ابن مريم مصدقا لما بين يديه من التوراة ۖ وآتيناه الإنجيل فيه هدى ونور ومصدقا لما بين يديه من التوراة وهدى وموعظة للمتقين
5,47,60,1513,وليحكم أهل الإنجيل بما أنزل الله فيه ۚ ومن لم يحكم بما أنزل الله فأولئك هم الفاسقون
5,48,213,11247,وأنزلنا إليك الكتاب بالحق مصدقا لما بين يديه من الكتاب ومهيمنا عليه ۖ فاحكم بينهم بما أنزل الله ۖ ولا تتبع أهواءهم عما جاءك من الحق ۚ لكل جعلنا منكم شرعة ومنهاجا ۚ ولو شاء الله لجعلكم أمة واحدة ولكن ليبلوكم في ما آتاكم ۖ فاستبقوا الخيرات ۚ إلى الله مرجعكم جميعا فينبئكم بما كنتم فيه تختلفون
5,49,125,8621,وأن احكم بينهم بما أنزل الله ولا تتبع أهواءهم واحذرهم أن يفتنوك عن بعض ما أنزل الله إليك ۖ فإن تولوا فاعلم أنما يريد الله أن يصيبهم ببعض ذنوبهم ۗ وإن كثيرا من الناس لفاسقون
5,50,42,2133,أفحكم الجاهلية يبغون ۚ ومن أحسن من الله حكما لقوم يوقنون
5,51,95,7792,۞ يا أيها الذين آمنوا لا تتخذوا اليهود والنصارى أولياء ۘ بعضهم أولياء بعض ۚ ومن يتولهم منكم فإنه منهم ۗ إن الله لا يهدي القوم الظالمين
5,52,103,8093,فترى الذين في قلوبهم مرض يسارعون فيهم يقولون نخشى أن تصيبنا دائرة ۚ فعسى الله أن يأتي بالفتح أو أمر من عنده فيصبحوا على ما أسروا في أنفسهم نادمين
5,53,71,4308,ويقول الذين آمنوا أهؤلاء الذين أقسموا بالله جهد أيمانهم ۙ إنهم لمعكم ۚ حبطت أعمالهم فأصبحوا خاسرين
5,54,144,8769,يا أيها الذين آمنوا من يرتد منكم عن دينه فسوف يأتي الله بقوم يحبهم ويحبونه أذلة على المؤمنين أعزة على الكافرين يجاهدون في سبيل الله ولا يخافون لومة لائم ۚ ذلك فضل الله يؤتيه من يشاء ۚ والله واسع عليم
5,55,63,3552,إنما وليكم الله ورسوله والذين آمنوا الذين يقيمون الصلاة ويؤتون الزكاة وهم راكعون
5,56,46,3187,ومن يتول الله ورسوله والذين آمنوا فإن حزب الله هم الغالبون
5,57,102,9549,يا أيها الذين آمنوا لا تتخذوا الذين اتخذوا دينكم هزوا ولعبا من الذين أوتوا الكتاب من قبلكم والكفار أولياء ۚ واتقوا الله إن كنتم مؤمنين
5,58,49,4525,وإذا ناديتم إلى الصلاة اتخذوها هزوا ولعبا ۚ ذلك بأنهم قوم لا يعقلون
5,59,68,3356,قل يا أهل الكتاب هل تنقمون منا إلا أن آمنا بالله وما أنزل إلينا وما أنزل من قبل وأن أكثركم فاسقون
5,60,102,9428,قل هل أنبئكم بشر من ذلك مثوبة عند الله ۚ من لعنه الله وغضب عليه وجعل منهم القردة والخنازير وعبد الطاغوت ۚ أولئك شر مكانا وأضل عن سواء السبيل
5,61,64,3921,وإذا جاءوكم قالوا آمنا وقد دخلوا بالكفر وهم قد خرجوا به ۚ والله أعلم بما كانوا يكتمون
5,62,59,3715,وترى كثيرا منهم يسارعون في الإثم والعدوان وأكلهم السحت ۚ لبئس ما كانوا يعملون
5,63,63,2735,لولا ينهاهم الربانيون والأحبار عن قولهم الإثم وأكلهم السحت ۚ لبئس ما كانوا يصنعون
5,64,203,13046,وقالت اليهود يد الله مغلولة ۚ غلت أيديهم ولعنوا بما قالوا ۘ بل يداه مبسوطتان ينفق كيف يشاء ۚ وليزيدن كثيرا منهم ما أنزل إليك من ربك طغيانا وكفرا ۚ وألقينا بينهم العداوة والبغضاء إلى يوم القيامة ۚ كلما أوقدوا نارا للحرب أطفأها الله ۚ ويسعون في الأرض فسادا ۚ والله لا يحب المفسدين
5,65,57,3675,ولو أن أهل الكتاب آمنوا واتقوا لكفرنا عنهم سيئاتهم ولأدخلناهم جنات النعيم
5,66,92,5187,ولو أنهم أقاموا التوراة والإنجيل وما أنزل إليهم من ربهم لأكلوا من فوقهم ومن تحت أرجلهم ۚ منهم أمة مقتصدة ۖ وكثير منهم ساء ما يعملون
5,67,89,6120,۞ يا أيها الرسول بلغ ما أنزل إليك من ربك ۖ وإن لم تفعل فما بلغت رسالته ۚ والله يعصمك من الناس ۗ إن الله لا يهدي القوم الكافرين
5,68,117,7990,قل يا أهل الكتاب لستم على شيء حتى تقيموا التوراة والإنجيل وما أنزل إليكم من ربكم ۗ وليزيدن كثيرا منهم ما أنزل إليك من ربك طغيانا وكفرا ۖ فلا تأس على القوم الكافرين
5,69,86,4929,إن الذين آمنوا والذين هادوا والصابئون والنصارى من آمن بالله واليوم الآخر وعمل صالحا فلا خوف عليهم ولا هم يحزنون
5,70,81,6491,لقد أخذنا ميثاق بني إسرائيل وأرسلنا إليهم رسلا ۖ كلما جاءهم رسول بما لا تهوى أنفسهم فريقا كذبوا وفريقا يقتلون
5,71,76,4912,وحسبوا ألا تكون فتنة فعموا وصموا ثم تاب الله عليهم ثم عموا وصموا كثير منهم ۚ والله بصير بما يعملون
5,72,132,6621,لقد كفر الذين قالوا إن الله هو المسيح ابن مريم ۖ وقال المسيح يا بني إسرائيل اعبدوا الله ربي وربكم ۖ إنه من يشرك بالله فقد حرم الله عليه الجنة ومأواه النار ۖ وما للظالمين من أنصار
5,73,89,6985,لقد كفر الذين قالوا إن الله ثالث ثلاثة ۘ وما من إله إلا إله واحد ۚ وإن لم ينتهوا عما يقولون ليمسن الذين كفروا منهم عذاب أليم
5,74,37,4114,أفلا يتوبون إلى الله ويستغفرونه ۚ والله غفور رحيم
5,75,90,6928,ما المسيح ابن مريم إلا رسول قد خلت من قبله الرسل وأمه صديقة ۖ كانا يأكلان الطعام ۗ انظر كيف نبين لهم الآيات ثم انظر أنى يؤفكون
5,76,57,2854,قل أتعبدون من دون الله ما لا يملك لكم ضرا ولا نفعا ۚ والله هو السميع العليم
5,77,85,8635,قل يا أهل الكتاب لا تغلوا في دينكم غير الحق ولا تتبعوا أهواء قوم قد ضلوا من قبل وأضلوا كثيرا وضلوا عن سواء السبيل
5,78,67,4036,لعن الذين كفروا من بني إسرائيل على لسان داوود وعيسى ابن مريم ۚ ذلك بما عصوا وكانوا يعتدون
5,79,41,1709,كانوا لا يتناهون عن منكر فعلوه ۚ لبئس ما كانوا يفعلون
5,80,74,6629,ترى كثيرا منهم يتولون الذين كفروا ۚ لبئس ما قدمت لهم أنفسهم أن سخط الله عليهم وفي العذاب هم خالدون
5,81,65,3731,ولو كانوا يؤمنون بالله والنبي وما أنزل إليه ما اتخذوهم أولياء ولكن كثيرا منهم فاسقون
5,82,117,8811,۞ لتجدن أشد الناس عداوة للذين آمنوا اليهود والذين أشركوا ۖ ولتجدن أقربهم مودة للذين آمنوا الذين قالوا إنا نصارى ۚ ذلك بأن منهم قسيسين ورهبانا وأنهم لا يستكبرون
5,83,82,5947,وإذا سمعوا ما أنزل إلى الرسول ترى أعينهم تفيض من الدمع مما عرفوا من الحق ۖ يقولون ربنا آمنا فاكتبنا مع الشاهدين
5,84,60,2378,وما لنا لا نؤمن بالله وما جاءنا من الحق ونطمع أن يدخلنا ربنا مع القوم الصالحين
5,85,64,4940,فأثابهم الله بما قالوا جنات تجري من تحتها الأنهار خالدين فيها ۚ وذلك جزاء المحسنين
5,86,36,2552,والذين كفروا وكذبوا بآياتنا أولئك أصحاب الجحيم
5,87,65,3948,يا أيها الذين آمنوا لا تحرموا طيبات ما أحل الله لكم ولا تعتدوا ۚ إن الله لا يحب المعتدين
5,88,50,2673,وكلوا مما رزقكم الله حلالا طيبا ۚ واتقوا الله الذي أنتم به مؤمنون
5,89,187,17034,لا يؤاخذكم الله باللغو في أيمانكم ولكن يؤاخذكم بما عقدتم الأيمان ۖ فكفارته إطعام عشرة مساكين من أوسط ما تطعمون أهليكم أو كسوتهم أو تحرير رقبة ۖ فمن لم يجد فصيام ثلاثة أيام ۚ ذلك كفارة أيمانكم إذا حلفتم ۚ واحفظوا أيمانكم ۚ كذلك يبين الله لكم آياته لعلكم تشكرون
5,90,77,4724,يا أيها الذين آمنوا إنما الخمر والميسر والأنصاب والأزلام رجس من عمل الشيطان فاجتنبوه لعلكم تفلحون
5,91,86,7044,إنما يريد الشيطان أن يوقع بينكم العداوة والبغضاء في الخمر والميسر ويصدكم عن ذكر الله وعن الصلاة ۖ فهل أنتم منتهون
5,92,67,4498,وأطيعوا الله وأطيعوا الرسول واحذروا ۚ فإن توليتم فاعلموا أنما على رسولنا البلاغ المبين
5,93,110,6859,ليس على الذين آمنوا وعملوا الصالحات جناح فيما طعموا إذا ما اتقوا وآمنوا وعملوا الصالحات ثم اتقوا وآمنوا ثم اتقوا وأحسنوا ۗ والله يحب المحسنين
5,94,98,7107,يا أيها الذين آمنوا ليبلونكم الله بشيء من الصيد تناله أيديكم ورماحكم ليعلم الله من يخافه بالغيب ۚ فمن اعتدى بعد ذلك فله عذاب أليم
5,95,187,13547,يا أيها الذين آمنوا لا تقتلوا الصيد وأنتم حرم ۚ ومن قتله منكم متعمدا فجزاء مثل ما قتل من النعم يحكم به ذوا عدل منكم هديا بالغ الكعبة أو كفارة طعام مساكين أو عدل ذلك صياما ليذوق وبال أمره ۗ عفا الله عما سلف ۚ ومن عاد فينتقم الله منه ۗ والله عزيز ذو انتقام
5,96,83,5408,أحل لكم صيد البحر وطعامه متاعا لكم وللسيارة ۖ وحرم عليكم صيد البر ما دمتم حرما ۗ واتقوا الله الذي إليه تحشرون
5,97,113,6453,۞ جعل الله الكعبة البيت الحرام قياما للناس والشهر الحرام والهدي والقلائد ۚ ذلك لتعلموا أن الله يعلم ما في السماوات وما في الأرض وأن الله بكل شيء عليم
5,98,35,2452,اعلموا أن الله شديد العقاب وأن الله غفور رحيم
5,99,43,3251,ما على الرسول إلا البلاغ ۗ والله يعلم ما تبدون وما تكتمون
5,100,69,5389,قل لا يستوي الخبيث والطيب ولو أعجبك كثرة الخبيث ۚ فاتقوا الله يا أولي الألباب لعلكم تفلحون
5,101,90,6450,يا أيها الذين آمنوا لا تسألوا عن أشياء إن تبد لكم تسؤكم وإن تسألوا عنها حين ينزل القرآن تبد لكم عفا الله عنها ۗ والله غفور حليم
5,102,32,1644,قد سألها قوم من قبلكم ثم أصبحوا بها كافرين
5,103,79,4816,ما جعل الله من بحيرة ولا سائبة ولا وصيلة ولا حام ۙ ولكن الذين كفروا يفترون على الله الكذب ۖ وأكثرهم لا يعقلون
5,104,88,3771,وإذا قيل لهم تعالوا إلى ما أنزل الله وإلى الرسول قالوا حسبنا ما وجدنا عليه آباءنا ۚ أولو كان آباؤهم لا يعلمون شيئا ولا يهتدون
5,105,79,6861,يا أيها الذين آمنوا عليكم أنفسكم ۖ لا يضركم من ضل إذا اهتديتم ۚ إلى الله مرجعكم جميعا فينبئكم بما كنتم تعملون
5,106,193,19468,يا أيها الذين آمنوا شهادة بينكم إذا حضر أحدكم الموت حين الوصية اثنان ذوا عدل منكم أو آخران من غيركم إن أنتم ضربتم في الأرض فأصابتكم مصيبة الموت ۚ تحبسونهما من بعد الصلاة فيقسمان بالله إن ارتبتم لا نشتري به ثمنا ولو كان ذا قربى ۙ ولا نكتم شهادة الله إنا إذا لمن الآثمين
5,107,119,9976,فإن عثر على أنهما استحقا إثما فآخران يقومان مقامهما من الذين استحق عليهم الأوليان فيقسمان بالله لشهادتنا أحق من شهادتهما وما اعتدينا إنا إذا لمن الظالمين
5,108,89,4820,ذلك أدنى أن يأتوا بالشهادة على وجهها أو يخافوا أن ترد أيمان بعد أيمانهم ۗ واتقوا الله واسمعوا ۗ والله لا يهدي القوم الفاسقين
5,109,56,4079,۞ يوم يجمع الله الرسل فيقول ماذا أجبتم ۖ قالوا لا علم لنا ۖ إنك أنت علام الغيوب
5,110,252,25481,إذ قال الله يا عيسى ابن مريم اذكر نعمتي عليك وعلى والدتك إذ أيدتك بروح القدس تكلم الناس في المهد وكهلا ۖ وإذ علمتك الكتاب والحكمة والتوراة والإنجيل ۖ وإذ تخلق من الطين كهيئة الطير بإذني فتنفخ فيها فتكون طيرا بإذني ۖ وتبرئ الأكمه والأبرص بإذني ۖ وإذ تخرج الموتى بإذني ۖ وإذ كففت بني إسرائيل عنك إذ جئتهم بالبينات فقال الذين كفروا منهم إن هذا إلا سحر مبين
5,111,53,2823,وإذ أوحيت إلى الحواريين أن آمنوا بي وبرسولي قالوا آمنا واشهد بأننا مسلمون
5,112,78,4483,إذ قال الحواريون يا عيسى ابن مريم هل يستطيع ربك أن ينزل علينا مائدة من السماء ۖ قال اتقوا الله إن كنتم مؤمنين
5,113,62,3076,قالوا نريد أن نأكل منها وتطمئن قلوبنا ونعلم أن قد صدقتنا ونكون عليها من الشاهدين
5,114,87,5260,قال عيسى ابن مريم اللهم ربنا أنزل علينا مائدة من السماء تكون لنا عيدا لأولنا وآخرنا وآية منك ۖ وارزقنا وأنت خير الرازقين
5,115,65,4100,قال الله إني منزلها عليكم ۖ فمن يكفر بعد منكم فإني أعذبه عذابا لا أعذبه أحدا من العالمين
5,116,141,10481,وإذ قال الله يا عيسى ابن مريم أأنت قلت للناس اتخذوني وأمي إلهين من دون الله ۖ قال سبحانك ما يكون لي أن أقول ما ليس لي بحق ۚ إن كنت قلته فقد علمته ۚ تعلم ما في نفسي ولا أعلم ما في نفسك ۚ إنك أنت علام الغيوب
5,117,101,7436,ما قلت لهم إلا ما أمرتني به أن اعبدوا الله ربي وربكم ۚ وكنت عليهم شهيدا ما دمت فيهم ۖ فلما توفيتني كنت أنت الرقيب عليهم ۚ وأنت على كل شيء شهيد
5,118,42,4184,إن تعذبهم فإنهم عبادك ۖ وإن تغفر لهم فإنك أنت العزيز الحكيم
5,119,100,9129,قال الله هذا يوم ينفع الصادقين صدقهم ۚ لهم جنات تجري من تحتها الأنهار خالدين فيها أبدا ۚ رضي الله عنهم ورضوا عنه ۚ ذلك الفوز العظيم
5,120,39,2714,لله ملك السماوات والأرض وما فيهن ۚ وهو على كل شيء قدير
6,1,68,7056,الحمد لله الذي خلق السماوات والأرض وجعل الظلمات والنور ۖ ثم الذين كفروا بربهم يعدلون
6,2,44,5609,هو الذي خلقكم من طين ثم قضى أجلا ۖ وأجل مسمى عنده ۖ ثم أنتم تمترون
6,3,51,3318,وهو الله في السماوات وفي الأرض ۖ يعلم سركم وجهركم ويعلم ما تكسبون
6,4,37,3155,وما تأتيهم من آية من آيات ربهم إلا كانوا عنها معرضين
6,5,48,2582,فقد كذبوا بالحق لما جاءهم ۖ فسوف يأتيهم أنباء ما كانوا به يستهزئون
6,6,128,8746,ألم يروا كم أهلكنا من قبلهم من قرن مكناهم في الأرض ما لم نمكن لكم وأرسلنا السماء عليهم مدرارا وجعلنا الأنهار تجري من تحتهم فأهلكناهم بذنوبهم وأنشأنا من بعدهم قرنا آخرين
6,7,63,3902,ولو نزلنا عليك كتابا في قرطاس فلمسوه بأيديهم لقال الذين كفروا إن هذا إلا سحر مبين
6,8,50,3772,وقالوا لولا أنزل عليه ملك ۖ ولو أنزلنا ملكا لقضي الأمر ثم لا ينظرون
6,9,44,1248,ولو جعلناه ملكا لجعلناه رجلا وللبسنا عليهم ما يلبسون
6,10,54,3795,ولقد استهزئ برسل من قبلك فحاق بالذين سخروا منهم ما كانوا به يستهزئون
6,11,39,4433,قل سيروا في الأرض ثم انظروا كيف كان عاقبة المكذبين
6,12,92,6222,قل لمن ما في السماوات والأرض ۖ قل لله ۚ كتب على نفسه الرحمة ۚ ليجمعنكم إلى يوم القيامة لا ريب فيه ۚ الذين خسروا أنفسهم فهم لا يؤمنون
6,13,37,1105,۞ وله ما سكن في الليل والنهار ۚ وهو السميع العليم
6,14,83,7847,قل أغير الله أتخذ وليا فاطر السماوات والأرض وهو يطعم ولا يطعم ۗ قل إني أمرت أن أكون أول من أسلم ۖ ولا تكونن من المشركين
6,15,26,3552,قل إني أخاف إن عصيت ربي عذاب يوم عظيم
6,16,35,2801,من يصرف عنه يومئذ فقد رحمه ۚ وذلك الفوز المبين
6,17,51,3826,وإن يمسسك الله بضر فلا كاشف له إلا هو ۖ وإن يمسسك بخير فهو على كل شيء قدير
6,18,32,1591,وهو القاهر فوق عباده ۚ وهو الحكيم الخبير
6,19,117,9136,قل أي شيء أكبر شهادة ۖ قل الله ۖ شهيد بيني وبينكم ۚ وأوحي إلي هذا القرآن لأنذركم به ومن بلغ ۚ أئنكم لتشهدون أن مع الله آلهة أخرى ۚ قل لا أشهد ۚ قل إنما هو إله واحد وإنني بريء مما تشركون
6,20,63,4952,الذين آتيناهم الكتاب يعرفونه كما يعرفون أبناءهم ۘ الذين خسروا أنفسهم فهم لا يؤمنون
6,21,48,5184,ومن أظلم ممن افترى على الله كذبا أو كذب بآياته ۗ إنه لا يفلح الظالمون
6,22,54,5377,ويوم نحشرهم جميعا ثم نقول للذين أشركوا أين شركاؤكم الذين كنتم تزعمون
6,23,41,3331,ثم لم تكن فتنتهم إلا أن قالوا والله ربنا ما كنا مشركين
6,24,39,4191,انظر كيف كذبوا على أنفسهم ۚ وضل عنهم ما كانوا يفترون
6,25,116,7019,ومنهم من يستمع إليك ۖ وجعلنا على قلوبهم أكنة أن يفقهوه وفي آذانهم وقرا ۚ وإن يروا كل آية لا يؤمنوا بها ۚ حتى إذا جاءوك يجادلونك يقول الذين كفروا إن هذا إلا أساطير الأولين
6,26,43,1670,وهم ينهون عنه وينأون عنه ۖ وإن يهلكون إلا أنفسهم وما يشعرون
6,27,63,4809,ولو ترى إذ وقفوا على النار فقالوا يا ليتنا نرد ولا نكذب بآيات ربنا ونكون من المؤمنين
6,28,59,2734,بل بدا لهم ما كانوا يخفون من قبل ۖ ولو ردوا لعادوا لما نهوا عنه وإنهم لكاذبون
6,29,37,1641,وقالوا إن هي إلا حياتنا الدنيا وما نحن بمبعوثين
6,30,71,6526,ولو ترى إذ وقفوا على ربهم ۚ قال أليس هذا بالحق ۚ قالوا بلى وربنا ۚ قال فذوقوا العذاب بما كنتم تكفرون
6,31,100,9366,قد خسر الذين كذبوا بلقاء الله ۖ حتى إذا جاءتهم الساعة بغتة قالوا يا حسرتنا على ما فرطنا فيها وهم يحملون أوزارهم على ظهورهم ۚ ألا ساء ما يزرون
6,32,55,4438,وما الحياة الدنيا إلا لعب ولهو ۖ وللدار الآخرة خير للذين يتقون ۗ أفلا تعقلون
6,33,63,4159,قد نعلم إنه ليحزنك الذي يقولون ۖ فإنهم لا يكذبونك ولكن الظالمين بآيات الله يجحدون
6,34,84,6434,ولقد كذبت رسل من قبلك فصبروا على ما كذبوا وأوذوا حتى أتاهم نصرنا ۚ ولا مبدل لكلمات الله ۚ ولقد جاءك من نبإ المرسلين
6,35,101,8779,وإن كان كبر عليك إعراضهم فإن استطعت أن تبتغي نفقا في الأرض أو سلما في السماء فتأتيهم بآية ۚ ولو شاء الله لجمعهم على الهدى ۚ فلا تكونن من الجاهلين
6,36,47,3703,۞ إنما يستجيب الذين يسمعون ۘ والموتى يبعثهم الله ثم إليه يرجعون
6,37,59,2636,وقالوا لولا نزل عليه آية من ربه ۚ قل إن الله قادر على أن ينزل آية ولكن أكثرهم لا يعلمون
6,38,73,5278,وما من دابة في الأرض ولا طائر يطير بجناحيه إلا أمم أمثالكم ۚ ما فرطنا في الكتاب من شيء ۚ ثم إلى ربهم يحشرون
6,39,67,6595,والذين كذبوا بآياتنا صم وبكم في الظلمات ۗ من يشإ الله يضلله ومن يشأ يجعله على صراط مستقيم
6,40,53,5799,قل أرأيتكم إن أتاكم عذاب الله أو أتتكم الساعة أغير الله تدعون إن كنتم صادقين
6,41,42,3624,بل إياه تدعون فيكشف ما تدعون إليه إن شاء وتنسون ما تشركون
6,42,49,5154,ولقد أرسلنا إلى أمم من قبلك فأخذناهم بالبأساء والضراء لعلهم يتضرعون
6,43,60,4209,فلولا إذ جاءهم بأسنا تضرعوا ولكن قست قلوبهم وزين لهم الشيطان ما كانوا يعملون
6,44,71,7980,فلما نسوا ما ذكروا به فتحنا عليهم أبواب كل شيء حتى إذا فرحوا بما أوتوا أخذناهم بغتة فإذا هم مبلسون
6,45,42,2999,فقطع دابر القوم الذين ظلموا ۚ والحمد لله رب العالمين
6,46,81,8965,قل أرأيتم إن أخذ الله سمعكم وأبصاركم وختم على قلوبكم من إله غير الله يأتيكم به ۗ انظر كيف نصرف الآيات ثم هم يصدفون
6,47,48,5132,قل أرأيتكم إن أتاكم عذاب الله بغتة أو جهرة هل يهلك إلا القوم الظالمون
6,48,61,4056,وما نرسل المرسلين إلا مبشرين ومنذرين ۖ فمن آمن وأصلح فلا خوف عليهم ولا هم يحزنون
6,49,42,3376,والذين كذبوا بآياتنا يمسهم العذاب بما كانوا يفسقون
6,50,90,5934,قل لا أقول لكم عندي خزائن الله ولا أعلم الغيب ولا أقول لكم إني ملك ۖ إن أتبع إلا ما يوحى إلي ۚ قل هل يستوي الأعمى والبصير ۚ أفلا تتفكرون
6,51,61,4967,وأنذر به الذين يخافون أن يحشروا إلى ربهم ۙ ليس لهم من دونه ولي ولا شفيع لعلهم يتقون
6,52,102,7588,ولا تطرد الذين يدعون ربهم بالغداة والعشي يريدون وجهه ۖ ما عليك من حسابهم من شيء وما من حسابك عليهم من شيء فتطردهم فتكون من الظالمين
6,53,66,4753,وكذلك فتنا بعضهم ببعض ليقولوا أهؤلاء من الله عليهم من بيننا ۗ أليس الله بأعلم بالشاكرين
6,54,97,7381,وإذا جاءك الذين يؤمنون بآياتنا فقل سلام عليكم ۖ كتب ربكم على نفسه الرحمة ۖ أنه من عمل منكم سوءا بجهالة ثم تاب من بعده وأصلح فأنه غفور رحيم
6,55,34,2902,وكذلك نفصل الآيات ولتستبين سبيل المجرمين
6,56,66,5816,قل إني نهيت أن أعبد الذين تدعون من دون الله ۚ قل لا أتبع أهواءكم ۙ قد ضللت إذا وما أنا من المهتدين
6,57,72,4774,قل إني على بينة من ربي وكذبتم به ۚ ما عندي ما تستعجلون به ۚ إن الحكم إلا لله ۖ يقص الحق ۖ وهو خير الفاصلين
6,58,56,4104,قل لو أن عندي ما تستعجلون به لقضي الأمر بيني وبينكم ۗ والله أعلم بالظالمين
6,59,107,7445,۞ وعنده مفاتح الغيب لا يعلمها إلا هو ۚ ويعلم ما في البر والبحر ۚ وما تسقط من ورقة إلا يعلمها ولا حبة في ظلمات الأرض ولا رطب ولا يابس إلا في كتاب مبين
6,60,90,7714,وهو الذي يتوفاكم بالليل ويعلم ما جرحتم بالنهار ثم يبعثكم فيه ليقضى أجل مسمى ۖ ثم إليه مرجعكم ثم ينبئكم بما كنتم تعملون
6,61,66,5417,وهو القاهر فوق عباده ۖ ويرسل عليكم حفظة حتى إذا جاء أحدكم الموت توفته رسلنا وهم لا يفرطون
6,62,44,1782,ثم ردوا إلى الله مولاهم الحق ۚ ألا له الحكم وهو أسرع الحاسبين
6,63,70,6889,قل من ينجيكم من ظلمات البر والبحر تدعونه تضرعا وخفية لئن أنجانا من هذه لنكونن من الشاكرين
6,64,35,2799,قل الله ينجيكم منها ومن كل كرب ثم أنتم تشركون
6,65,98,9476,قل هو القادر على أن يبعث عليكم عذابا من فوقكم أو من تحت أرجلكم أو يلبسكم شيعا ويذيق بعضكم بأس بعض ۗ انظر كيف نصرف الآيات لعلهم يفقهون
6,66,32,1915,وكذب به قومك وهو الحق ۚ قل لست عليكم بوكيل
6,67,20,1680,لكل نبإ مستقر ۚ وسوف تعلمون
6,68,96,12814,وإذا رأيت الذين يخوضون في آياتنا فأعرض عنهم حتى يخوضوا في حديث غيره ۚ وإما ينسينك الشيطان فلا تقعد بعد الذكرى مع القوم الظالمين
6,69,44,3877,وما على الذين يتقون من حسابهم من شيء ولكن ذكرى لعلهم يتقون
6,70,167,13888,وذر الذين اتخذوا دينهم لعبا ولهوا وغرتهم الحياة الدنيا ۚ وذكر به أن تبسل نفس بما كسبت ليس لها من دون الله ولي ولا شفيع وإن تعدل كل عدل لا يؤخذ منها ۗ أولئك الذين أبسلوا بما كسبوا ۖ لهم شراب من حميم وعذاب أليم بما كانوا يكفرون
6,71,146,8913,قل أندعو من دون الله ما لا ينفعنا ولا يضرنا ونرد على أعقابنا بعد إذ هدانا الله كالذي استهوته الشياطين في الأرض حيران له أصحاب يدعونه إلى الهدى ائتنا ۗ قل إن هدى الله هو الهدى ۖ وأمرنا لنسلم لرب العالمين
6,72,34,2650,وأن أقيموا الصلاة واتقوه ۚ وهو الذي إليه تحشرون
6,73,104,7804,وهو الذي خلق السماوات والأرض بالحق ۖ ويوم يقول كن فيكون ۚ قوله الحق ۚ وله الملك يوم ينفخ في الصور ۚ عالم الغيب والشهادة ۚ وهو الحكيم الخبير
6,74,48,5172,۞ وإذ قال إبراهيم لأبيه آزر أتتخذ أصناما آلهة ۖ إني أراك وقومك في ضلال مبين
6,75,48,3865,وكذلك نري إبراهيم ملكوت السماوات والأرض وليكون من الموقنين
6,76,49,2352,فلما جن عليه الليل رأى كوكبا ۖ قال هذا ربي ۖ فلما أفل قال لا أحب الآفلين
6,77,64,4960,فلما رأى القمر بازغا قال هذا ربي ۖ فلما أفل قال لئن لم يهدني ربي لأكونن من القوم الضالين
6,78,58,6047,فلما رأى الشمس بازغة قال هذا ربي هذا أكبر ۖ فلما أفلت قال يا قوم إني بريء مما تشركون
6,79,50,4121,إني وجهت وجهي للذي فطر السماوات والأرض حنيفا ۖ وما أنا من المشركين
6,80,84,6502,وحاجه قومه ۚ قال أتحاجوني في الله وقد هدان ۚ ولا أخاف ما تشركون به إلا أن يشاء ربي شيئا ۗ وسع ربي كل شيء علما ۗ أفلا تتذكرون
6,81,85,6604,وكيف أخاف ما أشركتم ولا تخافون أنكم أشركتم بالله ما لم ينزل به عليكم سلطانا ۚ فأي الفريقين أحق بالأمن ۖ إن كنتم تعلمون
6,82,47,2999,الذين آمنوا ولم يلبسوا إيمانهم بظلم أولئك لهم الأمن وهم مهتدون
6,83,53,3843,وتلك حجتنا آتيناها إبراهيم على قومه ۚ نرفع درجات من نشاء ۗ إن ربك حكيم عليم
6,84,97,4242,ووهبنا له إسحاق ويعقوب ۚ كلا هدينا ۚ ونوحا هدينا من قبل ۖ ومن ذريته داوود وسليمان وأيوب ويوسف وموسى وهارون ۚ وكذلك نجزي المحسنين
6,85,31,891,وزكريا ويحيى وعيسى وإلياس ۖ كل من الصالحين
6,86,42,1928,وإسماعيل واليسع ويونس ولوطا ۚ وكلا فضلنا على العالمين
6,87,51,3833,ومن آبائهم وذرياتهم وإخوانهم ۖ واجتبيناهم وهديناهم إلى صراط مستقيم
6,88,56,2542,ذلك هدى الله يهدي به من يشاء من عباده ۚ ولو أشركوا لحبط عنهم ما كانوا يعملون
6,89,74,3415,أولئك الذين آتيناهم الكتاب والحكم والنبوة ۚ فإن يكفر بها هؤلاء فقد وكلنا بها قوما ليسوا بها بكافرين
6,90,57,3472,أولئك الذين هدى الله ۖ فبهداهم اقتده ۗ قل لا أسألكم عليه أجرا ۖ إن هو إلا ذكرى للعالمين
6,91,160,13446,وما قدروا الله حق قدره إذ قالوا ما أنزل الله على بشر من شيء ۗ قل من أنزل الكتاب الذي جاء به موسى نورا وهدى للناس ۖ تجعلونه قراطيس تبدونها وتخفون كثيرا ۖ وعلمتم ما لم تعلموا أنتم ولا آباؤكم ۖ قل الله ۖ ثم ذرهم في خوضهم يلعبون
6,92,94,8231,وهذا كتاب أنزلناه مبارك مصدق الذي بين يديه ولتنذر أم القرى ومن حولها ۚ والذين يؤمنون بالآخرة يؤمنون به ۖ وهم على صلاتهم يحافظون
6,93,182,16771,ومن أظلم ممن افترى على الله كذبا أو قال أوحي إلي ولم يوح إليه شيء ومن قال سأنزل مثل ما أنزل الله ۗ ولو ترى إذ الظالمون في غمرات الموت والملائكة باسطو أيديهم أخرجوا أنفسكم ۖ اليوم تجزون عذاب الهون بما كنتم تقولون على الله غير الحق وكنتم عن آياته تستكبرون
6,94,119,11402,ولقد جئتمونا فرادى كما خلقناكم أول مرة وتركتم ما خولناكم وراء ظهوركم ۖ وما نرى معكم شفعاءكم الذين زعمتم أنهم فيكم شركاء ۚ لقد تقطع بينكم وضل عنكم ما كنتم تزعمون
6,95,64,4905,۞ إن الله فالق الحب والنوى ۖ يخرج الحي من الميت ومخرج الميت من الحي ۚ ذلكم الله ۖ فأنى تؤفكون
6,96,61,3390,فالق الإصباح وجعل الليل سكنا والشمس والقمر حسبانا ۚ ذلك تقدير العزيز العليم
6,97,68,5055,وهو الذي جعل لكم النجوم لتهتدوا بها في ظلمات البر والبحر ۗ قد فصلنا الآيات لقوم يعلمون
6,98,55,4157,وهو الذي أنشأكم من نفس واحدة فمستقر ومستودع ۗ قد فصلنا الآيات لقوم يفقهون
6,99,172,17840,وهو الذي أنزل من السماء ماء فأخرجنا به نبات كل شيء فأخرجنا منه خضرا نخرج منه حبا متراكبا ومن النخل من طلعها قنوان دانية وجنات من أعناب والزيتون والرمان مشتبها وغير متشابه ۗ انظروا إلى ثمره إذا أثمر وينعه ۚ إن في ذلكم لآيات لقوم يؤمنون
6,100,66,5418,وجعلوا لله شركاء الجن وخلقهم ۖ وخرقوا له بنين وبنات بغير علم ۚ سبحانه وتعالى عما يصفون
6,101,59,4180,بديع السماوات والأرض ۖ أنى يكون له ولد ولم تكن له صاحبة ۖ وخلق كل شيء ۖ وهو بكل شيء عليم
6,102,48,3028,ذلكم الله ربكم ۖ لا إله إلا هو ۖ خالق كل شيء فاعبدوه ۚ وهو على كل شيء وكيل
6,103,41,2579,لا تدركه الأبصار وهو يدرك الأبصار ۖ وهو اللطيف الخبير
6,104,55,3260,قد جاءكم بصائر من ربكم ۖ فمن أبصر فلنفسه ۖ ومن عمي فعليها ۚ وما أنا عليكم بحفيظ
6,105,43,3026,وكذلك نصرف الآيات وليقولوا درست ولنبينه لقوم يعلمون
6,106,39,2865,اتبع ما أوحي إليك من ربك ۖ لا إله إلا هو ۖ وأعرض عن المشركين
6,107,50,3072,ولو شاء الله ما أشركوا ۗ وما جعلناك عليهم حفيظا ۖ وما أنت عليهم بوكيل
6,108,98,6143,ولا تسبوا الذين يدعون من دون الله فيسبوا الله عدوا بغير علم ۗ كذلك زينا لكل أمة عملهم ثم إلى ربهم مرجعهم فينبئهم بما كانوا يعملون
6,109,77,4054,وأقسموا بالله جهد أيمانهم لئن جاءتهم آية ليؤمنن بها ۚ قل إنما الآيات عند الله ۖ وما يشعركم أنها إذا جاءت لا يؤمنون
6,110,54,3969,ونقلب أفئدتهم وأبصارهم كما لم يؤمنوا به أول مرة ونذرهم في طغيانهم يعمهون
6,111,89,4008,۞ ولو أننا نزلنا إليهم الملائكة وكلمهم الموتى وحشرنا عليهم كل شيء قبلا ما كانوا ليؤمنوا إلا أن يشاء الله ولكن أكثرهم يجهلون
6,112,91,8693,وكذلك جعلنا لكل نبي عدوا شياطين الإنس والجن يوحي بعضهم إلى بعض زخرف القول غرورا ۚ ولو شاء ربك ما فعلوه ۖ فذرهم وما يفترون
6,113,54,6318,ولتصغى إليه أفئدة الذين لا يؤمنون بالآخرة وليرضوه وليقترفوا ما هم مقترفون
6,114,99,8573,أفغير الله أبتغي حكما وهو الذي أنزل إليكم الكتاب مفصلا ۚ والذين آتيناهم الكتاب يعلمون أنه منزل من ربك بالحق ۖ فلا تكونن من الممترين
6,115,48,2906,وتمت كلمت ربك صدقا وعدلا ۚ لا مبدل لكلماته ۚ وهو السميع العليم
6,116,56,6308,وإن تطع أكثر من في الأرض يضلوك عن سبيل الله ۚ إن يتبعون إلا الظن وإن هم إلا يخرصون
6,117,36,2279,إن ربك هو أعلم من يضل عن سبيله ۖ وهو أعلم بالمهتدين
6,118,37,2588,فكلوا مما ذكر اسم الله عليه إن كنتم بآياته مؤمنين
6,119,107,8688,وما لكم ألا تأكلوا مما ذكر اسم الله عليه وقد فصل لكم ما حرم عليكم إلا ما اضطررتم إليه ۗ وإن كثيرا ليضلون بأهوائهم بغير علم ۗ إن ربك هو أعلم بالمعتدين
6,120,56,5326,وذروا ظاهر الإثم وباطنه ۚ إن الذين يكسبون الإثم سيجزون بما كانوا يقترفون
6,121,86,4413,ولا تأكلوا مما لم يذكر اسم الله عليه وإنه لفسق ۗ وإن الشياطين ليوحون إلى أوليائهم ليجادلوكم ۖ وإن أطعتموهم إنكم لمشركون
6,122,98,6595,أومن كان ميتا فأحييناه وجعلنا له نورا يمشي به في الناس كمن مثله في الظلمات ليس بخارج منها ۚ كذلك زين للكافرين ما كانوا يعملون
6,123,65,3629,وكذلك جعلنا في كل قرية أكابر مجرميها ليمكروا فيها ۖ وما يمكرون إلا بأنفسهم وما يشعرون
6,124,107,9536,وإذا جاءتهم آية قالوا لن نؤمن حتى نؤتى مثل ما أوتي رسل الله ۘ الله أعلم حيث يجعل رسالته ۗ سيصيب الذين أجرموا صغار عند الله وعذاب شديد بما كانوا يمكرون
6,125,103,7110,فمن يرد الله أن يهديه يشرح صدره للإسلام ۖ ومن يرد أن يضله يجعل صدره ضيقا حرجا كأنما يصعد في السماء ۚ كذلك يجعل الله الرجس على الذين لا يؤمنون
6,126,40,3844,وهذا صراط ربك مستقيما ۗ قد فصلنا الآيات لقوم يذكرون
6,127,41,1248,۞ لهم دار السلام عند ربهم ۖ وهو وليهم بما كانوا يعملون
6,128,142,12069,ويوم يحشرهم جميعا يا معشر الجن قد استكثرتم من الإنس ۖ وقال أولياؤهم من الإنس ربنا استمتع بعضنا ببعض وبلغنا أجلنا الذي أجلت لنا ۚ قال النار مثواكم خالدين فيها إلا ما شاء الله ۗ إن ربك حكيم عليم
6,129,38,3948,وكذلك نولي بعض الظالمين بعضا بما كانوا يكسبون
6,130,123,8541,يا معشر الجن والإنس ألم يأتكم رسل منكم يقصون عليكم آياتي وينذرونكم لقاء يومكم هذا ۚ قالوا شهدنا على أنفسنا ۖ وغرتهم الحياة الدنيا وشهدوا على أنفسهم أنهم كانوا كافرين
6,131,35,3784,ذلك أن لم يكن ربك مهلك القرى بظلم وأهلها غافلون
6,132,37,2621,ولكل درجات مما عملوا ۚ وما ربك بغافل عما يعملون
6,133,63,7682,وربك الغني ذو الرحمة ۚ إن يشأ يذهبكم ويستخلف من بعدكم ما يشاء كما أنشأكم من ذرية قوم آخرين
6,134,24,1776,إن ما توعدون لآت ۖ وما أنتم بمعجزين
6,135,71,4411,قل يا قوم اعملوا على مكانتكم إني عامل ۖ فسوف تعلمون من تكون له عاقبة الدار ۗ إنه لا يفلح الظالمون
6,136,118,7170,وجعلوا لله مما ذرأ من الحرث والأنعام نصيبا فقالوا هذا لله بزعمهم وهذا لشركائنا ۖ فما كان لشركائهم فلا يصل إلى الله ۖ وما كان لله فهو يصل إلى شركائهم ۗ ساء ما يحكمون
6,137,93,6689,وكذلك زين لكثير من المشركين قتل أولادهم شركاؤهم ليردوهم وليلبسوا عليهم دينهم ۖ ولو شاء الله ما فعلوه ۖ فذرهم وما يفترون
6,138,111,7940,وقالوا هذه أنعام وحرث حجر لا يطعمها إلا من نشاء بزعمهم وأنعام حرمت ظهورها وأنعام لا يذكرون اسم الله عليها افتراء عليه ۚ سيجزيهم بما كانوا يفترون
6,139,87,5400,وقالوا ما في بطون هذه الأنعام خالصة لذكورنا ومحرم على أزواجنا ۖ وإن يكن ميتة فهم فيه شركاء ۚ سيجزيهم وصفهم ۚ إنه حكيم عليم
6,140,80,7019,قد خسر الذين قتلوا أولادهم سفها بغير علم وحرموا ما رزقهم الله افتراء على الله ۚ قد ضلوا وما كانوا مهتدين
6,141,138,14984,۞ وهو الذي أنشأ جنات معروشات وغير معروشات والنخل والزرع مختلفا أكله والزيتون والرمان متشابها وغير متشابه ۚ كلوا من ثمره إذا أثمر وآتوا حقه يوم حصاده ۖ ولا تسرفوا ۚ إنه لا يحب المسرفين
6,142,67,4190,ومن الأنعام حمولة وفرشا ۚ كلوا مما رزقكم الله ولا تتبعوا خطوات الشيطان ۚ إنه لكم عدو مبين
6,143,95,8436,ثمانية أزواج ۖ من الضأن اثنين ومن المعز اثنين ۗ قل آلذكرين حرم أم الأنثيين أما اشتملت عليه أرحام الأنثيين ۖ نبئوني بعلم إن كنتم صادقين
6,144,153,15226,ومن الإبل اثنين ومن البقر اثنين ۗ قل آلذكرين حرم أم الأنثيين أما اشتملت عليه أرحام الأنثيين ۖ أم كنتم شهداء إذ وصاكم الله بهذا ۚ فمن أظلم ممن افترى على الله كذبا ليضل الناس بغير علم ۗ إن الله لا يهدي القوم الظالمين
6,145,115,10214,قل لا أجد في ما أوحي إلي محرما على طاعم يطعمه إلا أن يكون ميتة أو دما مسفوحا أو لحم خنزير فإنه رجس أو فسقا أهل لغير الله به ۚ فمن اضطر غير باغ ولا عاد فإن ربك غفور رحيم
6,146,117,11695,وعلى الذين هادوا حرمنا كل ذي ظفر ۖ ومن البقر والغنم حرمنا عليهم شحومهما إلا ما حملت ظهورهما أو الحوايا أو ما اختلط بعظم ۚ ذلك جزيناهم ببغيهم ۖ وإنا لصادقون
6,147,47,3430,فإن كذبوك فقل ربكم ذو رحمة واسعة ولا يرد بأسه عن القوم المجرمين
6,148,129,13112,سيقول الذين أشركوا لو شاء الله ما أشركنا ولا آباؤنا ولا حرمنا من شيء ۚ كذلك كذب الذين من قبلهم حتى ذاقوا بأسنا ۗ قل هل عندكم من علم فتخرجوه لنا ۖ إن تتبعون إلا الظن وإن أنتم إلا تخرصون
6,149,32,2071,قل فلله الحجة البالغة ۖ فلو شاء لهداكم أجمعين
6,150,109,9424,قل هلم شهداءكم الذين يشهدون أن الله حرم هذا ۖ فإن شهدوا فلا تشهد معهم ۚ ولا تتبع أهواء الذين كذبوا بآياتنا والذين لا يؤمنون بالآخرة وهم بربهم يعدلون
6,151,172,11692,۞ قل تعالوا أتل ما حرم ربكم عليكم ۖ ألا تشركوا به شيئا ۖ وبالوالدين إحسانا ۖ ولا تقتلوا أولادكم من إملاق ۖ نحن نرزقكم وإياهم ۖ ولا تقربوا الفواحش ما ظهر منها وما بطن ۖ ولا تقتلوا النفس التي حرم الله إلا بالحق ۚ ذلكم وصاكم به لعلكم تعقلون
6,152,140,10137,ولا تقربوا مال اليتيم إلا بالتي هي أحسن حتى يبلغ أشده ۖ وأوفوا الكيل والميزان بالقسط ۖ لا نكلف نفسا إلا وسعها ۖ وإذا قلتم فاعدلوا ولو كان ذا قربى ۖ وبعهد الله أوفوا ۚ ذلكم وصاكم به لعلكم تذكرون
6,153,74,6575,وأن هذا صراطي مستقيما فاتبعوه ۖ ولا تتبعوا السبل فتفرق بكم عن سبيله ۚ ذلكم وصاكم به لعلكم تتقون
6,154,66,4989,ثم آتينا موسى الكتاب تماما على الذي أحسن وتفصيلا لكل شيء وهدى ورحمة لعلهم بلقاء ربهم يؤمنون
6,155,43,3513,وهذا كتاب أنزلناه مبارك فاتبعوه واتقوا لعلكم ترحمون
6,156,55,4306,أن تقولوا إنما أنزل الكتاب على طائفتين من قبلنا وإن كنا عن دراستهم لغافلين
6,157,131,8265,أو تقولوا لو أنا أنزل علينا الكتاب لكنا أهدى منهم ۚ فقد جاءكم بينة من ربكم وهدى ورحمة ۚ فمن أظلم ممن كذب بآيات الله وصدف عنها ۗ سنجزي الذين يصدفون عن آياتنا سوء العذاب بما كانوا يصدفون
6,158,121,13541,هل ينظرون إلا أن تأتيهم الملائكة أو يأتي ربك أو يأتي بعض آيات ربك ۗ يوم يأتي بعض آيات ربك لا ينفع نفسا إيمانها لم تكن آمنت من قبل أو كسبت في إيمانها خيرا ۗ قل انتظروا إنا منتظرون
6,159,70,4313,إن الذين فرقوا دينهم وكانوا شيعا لست منهم في شيء ۚ إنما أمرهم إلى الله ثم ينبئهم بما كانوا يفعلون
6,160,56,3566,من جاء بالحسنة فله عشر أمثالها ۖ ومن جاء بالسيئة فلا يجزى إلا مثلها وهم لا يظلمون
6,161,61,3054,قل إنني هداني ربي إلى صراط مستقيم دينا قيما ملة إبراهيم حنيفا ۚ وما كان من المشركين
6,162,38,1928,قل إن صلاتي ونسكي ومحياي ومماتي لله رب العالمين
6,163,29,2348,لا شريك له ۖ وبذلك أمرت وأنا أول المسلمين
6,164,94,9598,قل أغير الله أبغي ربا وهو رب كل شيء ۚ ولا تكسب كل نفس إلا عليها ۚ ولا تزر وازرة وزر أخرى ۚ ثم إلى ربكم مرجعكم فينبئكم بما كنتم فيه تختلفون
6,165,81,8798,وهو الذي جعلكم خلائف الأرض ورفع بعضكم فوق بعض درجات ليبلوكم في ما آتاكم ۗ إن ربك سريع العقاب وإنه لغفور رحيم
7,1,4,161,المص
7,2,46,4034,كتاب أنزل إليك فلا يكن في صدرك حرج منه لتنذر به وذكرى للمؤمنين
7,3,53,3766,اتبعوا ما أنزل إليكم من ربكم ولا تتبعوا من دونه أولياء ۗ قليلا ما تذكرون
7,4,37,1433,وكم من قرية أهلكناها فجاءها بأسنا بياتا أو هم قائلون
7,5,40,2552,فما كان دعواهم إذ جاءهم بأسنا إلا أن قالوا إنا كنا ظالمين
7,6,32,2113,فلنسألن الذين أرسل إليهم ولنسألن المرسلين
7,7,26,1878,فلنقصن عليهم بعلم ۖ وما كنا غائبين
7,8,42,2740,والوزن يومئذ الحق ۚ فمن ثقلت موازينه فأولئك هم المفلحون
7,9,52,4945,ومن خفت موازينه فأولئك الذين خسروا أنفسهم بما كانوا بآياتنا يظلمون
7,10,47,3387,ولقد مكناكم في الأرض وجعلنا لكم فيها معايش ۗ قليلا ما تشكرون
7,11,68,3635,ولقد خلقناكم ثم صورناكم ثم قلنا للملائكة اسجدوا لآدم فسجدوا إلا إبليس لم يكن من الساجدين
7,12,53,6128,قال ما منعك ألا تسجد إذ أمرتك ۖ قال أنا خير منه خلقتني من نار وخلقته من طين
7,13,48,4175,قال فاهبط منها فما يكون لك أن تتكبر فيها فاخرج إنك من الصاغرين
7,14,18,2065,قال أنظرني إلى يوم يبعثون
7,15,15,1572,قال إنك من المنظرين
7,16,34,3060,قال فبما أغويتني لأقعدن لهم صراطك المستقيم
7,17,61,4751,ثم لآتينهم من بين أيديهم ومن خلفهم وعن أيمانهم وعن شمائلهم ۖ ولا تجد أكثرهم شاكرين
7,18,50,3395,قال اخرج منها مذءوما مدحورا ۖ لمن تبعك منهم لأملأن جهنم منكم أجمعين
7,19,65,5941,ويا آدم اسكن أنت وزوجك الجنة فكلا من حيث شئتما ولا تقربا هذه الشجرة فتكونا من الظالمين
7,20,100,5781,فوسوس لهما الشيطان ليبدي لهما ما ووري عنهما من سوآتهما وقال ما نهاكما ربكما عن هذه الشجرة إلا أن تكونا ملكين أو تكونا من الخالدين
7,21,25,764,وقاسمهما إني لكما لمن الناصحين
7,22,122,8351,فدلاهما بغرور ۚ فلما ذاقا الشجرة بدت لهما سوآتهما وطفقا يخصفان عليهما من ورق الجنة ۖ وناداهما ربهما ألم أنهكما عن تلكما الشجرة وأقل لكما إن الشيطان لكما عدو مبين
7,23,52,5487,قالا ربنا ظلمنا أنفسنا وإن لم تغفر لنا وترحمنا لنكونن من الخاسرين
7,24,45,4701,قال اهبطوا بعضكم لبعض عدو ۖ ولكم في الأرض مستقر ومتاع إلى حين
7,25,34,3066,قال فيها تحيون وفيها تموتون ومنها تخرجون
7,26,78,6567,يا بني آدم قد أنزلنا عليكم لباسا يواري سوآتكم وريشا ۖ ولباس التقوى ذلك خير ۚ ذلك من آيات الله لعلهم يذكرون
7,27,128,7065,يا بني آدم لا يفتننكم الشيطان كما أخرج أبويكم من الجنة ينزع عنهما لباسهما ليريهما سوآتهما ۗ إنه يراكم هو وقبيله من حيث لا ترونهم ۗ إنا جعلنا الشياطين أولياء للذين لا يؤمنون
7,28,84,4401,وإذا فعلوا فاحشة قالوا وجدنا عليها آباءنا والله أمرنا بها ۗ قل إن الله لا يأمر بالفحشاء ۖ أتقولون على الله ما لا تعلمون
7,29,66,3013,قل أمر ربي بالقسط ۖ وأقيموا وجوهكم عند كل مسجد وادعوه مخلصين له الدين ۚ كما بدأكم تعودون
7,30,72,5171,فريقا هدى وفريقا حق عليهم الضلالة ۗ إنهم اتخذوا الشياطين أولياء من دون الله ويحسبون أنهم مهتدون
7,31,62,4172,۞ يا بني آدم خذوا زينتكم عند كل مسجد وكلوا واشربوا ولا تسرفوا ۚ إنه لا يحب المسرفين
7,32,104,6945,قل من حرم زينة الله التي أخرج لعباده والطيبات من الرزق ۚ قل هي للذين آمنوا في الحياة الدنيا خالصة يوم القيامة ۗ كذلك نفصل الآيات لقوم يعلمون
7,33,105,8284,قل إنما حرم ربي الفواحش ما ظهر منها وما بطن والإثم والبغي بغير الحق وأن تشركوا بالله ما لم ينزل به سلطانا وأن تقولوا على الله ما لا تعلمون
7,34,39,3217,ولكل أمة أجل ۖ فإذا جاء أجلهم لا يستأخرون ساعة ۖ ولا يستقدمون
7,35,68,3945,يا بني آدم إما يأتينكم رسل منكم يقصون عليكم آياتي ۙ فمن اتقى وأصلح فلا خوف عليهم ولا هم يحزنون
7,36,54,4083,والذين كذبوا بآياتنا واستكبروا عنها أولئك أصحاب النار ۖ هم فيها خالدون
7,37,143,11197,فمن أظلم ممن افترى على الله كذبا أو كذب بآياته ۚ أولئك ينالهم نصيبهم من الكتاب ۖ حتى إذا جاءتهم رسلنا يتوفونهم قالوا أين ما كنتم تدعون من دون الله ۖ قالوا ضلوا عنا وشهدوا على أنفسهم أنهم كانوا كافرين
7,38,148,14516,قال ادخلوا في أمم قد خلت من قبلكم من الجن والإنس في النار ۖ كلما دخلت أمة لعنت أختها ۖ حتى إذا اداركوا فيها جميعا قالت أخراهم لأولاهم ربنا هؤلاء أضلونا فآتهم عذابا ضعفا من النار ۖ قال لكل ضعف ولكن لا تعلمون
7,39,60,5726,وقالت أولاهم لأخراهم فما كان لكم علينا من فضل فذوقوا العذاب بما كنتم تكسبون
7,40,98,7430,إن الذين كذبوا بآياتنا واستكبروا عنها لا تفتح لهم أبواب السماء ولا يدخلون الجنة حتى يلج الجمل في سم الخياط ۚ وكذلك نجزي المجرمين
7,41,42,3855,لهم من جهنم مهاد ومن فوقهم غواش ۚ وكذلك نجزي الظالمين
7,42,64,3256,والذين آمنوا وعملوا الصالحات لا نكلف نفسا إلا وسعها أولئك أصحاب الجنة ۖ هم فيها خالدون
7,43,144,10540,ونزعنا ما في صدورهم من غل تجري من تحتهم الأنهار ۖ وقالوا الحمد لله الذي هدانا لهذا وما كنا لنهتدي لولا أن هدانا الله ۖ لقد جاءت رسل ربنا بالحق ۖ ونودوا أن تلكم الجنة أورثتموها بما كنتم تعملون
7,44,100,5894,ونادى أصحاب الجنة أصحاب النار أن قد وجدنا ما وعدنا ربنا حقا فهل وجدتم ما وعد ربكم حقا ۖ قالوا نعم ۚ فأذن مؤذن بينهم أن لعنة الله على الظالمين
7,45,46,3640,الذين يصدون عن سبيل الله ويبغونها عوجا وهم بالآخرة كافرون
7,46,82,3041,وبينهما حجاب ۚ وعلى الأعراف رجال يعرفون كلا بسيماهم ۚ ونادوا أصحاب الجنة أن سلام عليكم ۚ لم يدخلوها وهم يطمعون
7,47,58,5054,۞ وإذا صرفت أبصارهم تلقاء أصحاب النار قالوا ربنا لا تجعلنا مع القوم الظالمين
7,48,67,4675,ونادى أصحاب الأعراف رجالا يعرفونهم بسيماهم قالوا ما أغنى عنكم جمعكم وما كنتم تستكبرون
7,49,61,4611,أهؤلاء الذين أقسمتم لا ينالهم الله برحمة ۚ ادخلوا الجنة لا خوف عليكم ولا أنتم تحزنون
7,50,77,3459,ونادى أصحاب النار أصحاب الجنة أن أفيضوا علينا من الماء أو مما رزقكم الله ۚ قالوا إن الله حرمهما على الكافرين
7,51,92,6715,الذين اتخذوا دينهم لهوا ولعبا وغرتهم الحياة الدنيا ۚ فاليوم ننساهم كما نسوا لقاء يومهم هذا وما كانوا بآياتنا يجحدون
7,52,40,1755,ولقد جئناهم بكتاب فصلناه على علم هدى ورحمة لقوم يؤمنون
7,53,138,12311,هل ينظرون إلا تأويله ۚ يوم يأتي تأويله يقول الذين نسوه من قبل قد جاءت رسل ربنا بالحق فهل لنا من شفعاء فيشفعوا لنا أو نرد فنعمل غير الذي كنا نعمل ۚ قد خسروا أنفسهم وضل عنهم ما كانوا يفترون
7,54,136,13242,إن ربكم الله الذي خلق السماوات والأرض في ستة أيام ثم استوى على العرش يغشي الليل النهار يطلبه حثيثا والشمس والقمر والنجوم مسخرات بأمره ۗ ألا له الخلق والأمر ۗ تبارك الله رب العالمين
7,55,33,3222,ادعوا ربكم تضرعا وخفية ۚ إنه لا يحب المعتدين
7,56,62,4240,ولا تفسدوا في الأرض بعد إصلاحها وادعوه خوفا وطمعا ۚ إن رحمت الله قريب من المحسنين
7,57,116,11841,وهو الذي يرسل الرياح بشرا بين يدي رحمته ۖ حتى إذا أقلت سحابا ثقالا سقناه لبلد ميت فأنزلنا به الماء فأخرجنا به من كل الثمرات ۚ كذلك نخرج الموتى لعلكم تذكرون
7,58,69,7548,والبلد الطيب يخرج نباته بإذن ربه ۖ والذي خبث لا يخرج إلا نكدا ۚ كذلك نصرف الآيات لقوم يشكرون
7,59,70,5470,لقد أرسلنا نوحا إلى قومه فقال يا قوم اعبدوا الله ما لكم من إله غيره إني أخاف عليكم عذاب يوم عظيم
7,60,30,1878,قال الملأ من قومه إنا لنراك في ضلال مبين
7,61,38,2197,قال يا قوم ليس بي ضلالة ولكني رسول من رب العالمين
7,62,41,3210,أبلغكم رسالات ربي وأنصح لكم وأعلم من الله ما لا تعلمون
7,63,55,5283,أوعجبتم أن جاءكم ذكر من ربكم على رجل منكم لينذركم ولتتقوا ولعلكم ترحمون
7,64,67,6006,فكذبوه فأنجيناه والذين معه في الفلك وأغرقنا الذين كذبوا بآياتنا ۚ إنهم كانوا قوما عمين
7,65,52,3749,۞ وإلى عاد أخاهم هودا ۗ قال يا قوم اعبدوا الله ما لكم من إله غيره ۚ أفلا تتقون
7,66,54,4170,قال الملأ الذين كفروا من قومه إنا لنراك في سفاهة وإنا لنظنك من الكاذبين
7,67,38,1482,قال يا قوم ليس بي سفاهة ولكني رسول من رب العالمين
7,68,27,2392,أبلغكم رسالات ربي وأنا لكم ناصح أمين
7,69,104,9193,أوعجبتم أن جاءكم ذكر من ربكم على رجل منكم لينذركم ۚ واذكروا إذ جعلكم خلفاء من بعد قوم نوح وزادكم في الخلق بسطة ۖ فاذكروا آلاء الله لعلكم تفلحون
7,70,65,4040,قالوا أجئتنا لنعبد الله وحده ونذر ما كان يعبد آباؤنا ۖ فأتنا بما تعدنا إن كنت من الصادقين
7,71,100,8951,قال قد وقع عليكم من ربكم رجس وغضب ۖ أتجادلونني في أسماء سميتموها أنتم وآباؤكم ما نزل الله بها من سلطان ۚ فانتظروا إني معكم من المنتظرين
7,72,62,4194,فأنجيناه والذين معه برحمة منا وقطعنا دابر الذين كذبوا بآياتنا ۖ وما كانوا مؤمنين
7,73,118,10798,وإلى ثمود أخاهم صالحا ۗ قال يا قوم اعبدوا الله ما لكم من إله غيره ۖ قد جاءتكم بينة من ربكم ۖ هذه ناقة الله لكم آية ۖ فذروها تأكل في أرض الله ۖ ولا تمسوها بسوء فيأخذكم عذاب أليم
7,74,106,11584,واذكروا إذ جعلكم خلفاء من بعد عاد وبوأكم في الأرض تتخذون من سهولها قصورا وتنحتون الجبال بيوتا ۖ فاذكروا آلاء الله ولا تعثوا في الأرض مفسدين
7,75,89,6655,قال الملأ الذين استكبروا من قومه للذين استضعفوا لمن آمن منهم أتعلمون أن صالحا مرسل من ربه ۚ قالوا إنا بما أرسل به مؤمنون
7,76,35,3300,قال الذين استكبروا إنا بالذي آمنتم به كافرون
7,77,62,4064,فعقروا الناقة وعتوا عن أمر ربهم وقالوا يا صالح ائتنا بما تعدنا إن كنت من المرسلين
7,78,30,3270,فأخذتهم الرجفة فأصبحوا في دارهم جاثمين
7,79,60,4591,فتولى عنهم وقال يا قوم لقد أبلغتكم رسالة ربي ونصحت لكم ولكن لا تحبون الناصحين
7,80,48,3035,ولوطا إذ قال لقومه أتأتون الفاحشة ما سبقكم بها من أحد من العالمين
7,81,41,2968,إنكم لتأتون الرجال شهوة من دون النساء ۚ بل أنتم قوم مسرفون
7,82,49,3100,وما كان جواب قومه إلا أن قالوا أخرجوهم من قريتكم ۖ إنهم أناس يتطهرون
7,83,32,2777,فأنجيناه وأهله إلا امرأته كانت من الغابرين
7,84,38,2670,وأمطرنا عليهم مطرا ۖ فانظر كيف كان عاقبة المجرمين
7,85,143,10433,وإلى مدين أخاهم شعيبا ۗ قال يا قوم اعبدوا الله ما لكم من إله غيره ۖ قد جاءتكم بينة من ربكم ۖ فأوفوا الكيل والميزان ولا تبخسوا الناس أشياءهم ولا تفسدوا في الأرض بعد إصلاحها ۚ ذلكم خير لكم إن كنتم مؤمنين
7,86,104,9055,ولا تقعدوا بكل صراط توعدون وتصدون عن سبيل الله من آمن به وتبغونها عوجا ۚ واذكروا إذ كنتم قليلا فكثركم ۖ وانظروا كيف كان عاقبة المفسدين
7,87,74,4209,وإن كان طائفة منكم آمنوا بالذي أرسلت به وطائفة لم يؤمنوا فاصبروا حتى يحكم الله بيننا ۚ وهو خير الحاكمين
7,88,89,6882,۞ قال الملأ الذين استكبروا من قومه لنخرجنك يا شعيب والذين آمنوا معك من قريتنا أو لتعودن في ملتنا ۚ قال أولو كنا كارهين
7,89,149,9444,قد افترينا على الله كذبا إن عدنا في ملتكم بعد إذ نجانا الله منها ۚ وما يكون لنا أن نعود فيها إلا أن يشاء الله ربنا ۚ وسع ربنا كل شيء علما ۚ على الله توكلنا ۚ ربنا افتح بيننا وبين قومنا بالحق وأنت خير الفاتحين
7,90,49,4711,وقال الملأ الذين كفروا من قومه لئن اتبعتم شعيبا إنكم إذا لخاسرون
7,91,30,3270,فأخذتهم الرجفة فأصبحوا في دارهم جاثمين
7,92,58,6184,الذين كذبوا شعيبا كأن لم يغنوا فيها ۚ الذين كذبوا شعيبا كانوا هم الخاسرين
7,93,59,5006,فتولى عنهم وقال يا قوم لقد أبلغتكم رسالات ربي ونصحت لكم ۖ فكيف آسى على قوم كافرين
7,94,51,4808,وما أرسلنا في قرية من نبي إلا أخذنا أهلها بالبأساء والضراء لعلهم يضرعون
7,95,72,6881,ثم بدلنا مكان السيئة الحسنة حتى عفوا وقالوا قد مس آباءنا الضراء والسراء فأخذناهم بغتة وهم لا يشعرون
7,96,78,6255,ولو أن أهل القرى آمنوا واتقوا لفتحنا عليهم بركات من السماء والأرض ولكن كذبوا فأخذناهم بما كانوا يكسبون
7,97,32,1776,أفأمن أهل القرى أن يأتيهم بأسنا بياتا وهم نائمون
7,98,30,2117,أوأمن أهل القرى أن يأتيهم بأسنا ضحى وهم يلعبون
7,99,40,2196,أفأمنوا مكر الله ۚ فلا يأمن مكر الله إلا القوم الخاسرون
7,100,72,5161,أولم يهد للذين يرثون الأرض من بعد أهلها أن لو نشاء أصبناهم بذنوبهم ۚ ونطبع على قلوبهم فهم لا يسمعون
7,101,96,5607,تلك القرى نقص عليك من أنبائها ۚ ولقد جاءتهم رسلهم بالبينات فما كانوا ليؤمنوا بما كذبوا من قبل ۚ كذلك يطبع الله على قلوب الكافرين
7,102,38,2291,وما وجدنا لأكثرهم من عهد ۖ وإن وجدنا أكثرهم لفاسقين
7,103,65,5386,ثم بعثنا من بعدهم موسى بآياتنا إلى فرعون وملئه فظلموا بها ۖ فانظر كيف كان عاقبة المفسدين
7,104,32,1540,وقال موسى يا فرعون إني رسول من رب العالمين
7,105,55,2707,حقيق على أن لا أقول على الله إلا الحق ۚ قد جئتكم ببينة من ربكم فأرسل معي بني إسرائيل
7,106,30,2450,قال إن كنت جئت بآية فأت بها إن كنت من الصادقين
7,107,21,1897,فألقى عصاه فإذا هي ثعبان مبين
7,108,24,3032,ونزع يده فإذا هي بيضاء للناظرين
7,109,30,2079,قال الملأ من قوم فرعون إن هذا لساحر عليم
7,110,27,3815,يريد أن يخرجكم من أرضكم ۖ فماذا تأمرون
7,111,30,2039,قالوا أرجه وأخاه وأرسل في المدائن حاشرين
7,112,15,907,يأتوك بكل ساحر عليم
7,113,41,2571,وجاء السحرة فرعون قالوا إن لنا لأجرا إن كنا نحن الغالبين
7,114,21,960,قال نعم وإنكم لمن المقربين
7,115,35,1478,قالوا يا موسى إما أن تلقي وإما أن نكون نحن الملقين
7,116,51,3135,قال ألقوا ۖ فلما ألقوا سحروا أعين الناس واسترهبوهم وجاءوا بسحر عظيم
7,117,33,2191,۞ وأوحينا إلى موسى أن ألق عصاك ۖ فإذا هي تلقف ما يأفكون
7,118,25,767,فوقع الحق وبطل ما كانوا يعملون
7,119,25,2772,فغلبوا هنالك وانقلبوا صاغرين
7,120,15,573,وألقي السحرة ساجدين
7,121,19,665,قالوا آمنا برب العالمين
7,122,11,576,رب موسى وهارون
7,123,71,6277,قال فرعون آمنتم به قبل أن آذن لكم ۖ إن هذا لمكر مكرتموه في المدينة لتخرجوا منها أهلها ۖ فسوف تعلمون
7,124,36,2418,لأقطعن أيديكم وأرجلكم من خلاف ثم لأصلبنكم أجمعين
7,125,19,750,قالوا إنا إلى ربنا منقلبون
7,126,60,4852,وما تنقم منا إلا أن آمنا بآيات ربنا لما جاءتنا ۚ ربنا أفرغ علينا صبرا وتوفنا مسلمين
7,127,91,7371,وقال الملأ من قوم فرعون أتذر موسى وقومه ليفسدوا في الأرض ويذرك وآلهتك ۚ قال سنقتل أبناءهم ونستحيي نساءهم وإنا فوقهم قاهرون
7,128,71,4701,قال موسى لقومه استعينوا بالله واصبروا ۖ إن الأرض لله يورثها من يشاء من عباده ۖ والعاقبة للمتقين
7,129,81,7796,قالوا أوذينا من قبل أن تأتينا ومن بعد ما جئتنا ۚ قال عسى ربكم أن يهلك عدوكم ويستخلفكم في الأرض فينظر كيف تعملون
7,130,45,4799,ولقد أخذنا آل فرعون بالسنين ونقص من الثمرات لعلهم يذكرون
7,131,83,5201,فإذا جاءتهم الحسنة قالوا لنا هذه ۖ وإن تصبهم سيئة يطيروا بموسى ومن معه ۗ ألا إنما طائرهم عند الله ولكن أكثرهم لا يعلمون
7,132,43,2416,وقالوا مهما تأتنا به من آية لتسحرنا بها فما نحن لك بمؤمنين
7,133,78,4674,فأرسلنا عليهم الطوفان والجراد والقمل والضفادع والدم آيات مفصلات فاستكبروا وكانوا قوما مجرمين
7,134,85,3979,ولما وقع عليهم الرجز قالوا يا موسى ادع لنا ربك بما عهد عندك ۖ لئن كشفت عنا الرجز لنؤمنن لك ولنرسلن معك بني إسرائيل
7,135,39,3542,فلما كشفنا عنهم الرجز إلى أجل هم بالغوه إذا هم ينكثون
7,136,57,5175,فانتقمنا منهم فأغرقناهم في اليم بأنهم كذبوا بآياتنا وكانوا عنها غافلين
7,137,133,11492,وأورثنا القوم الذين كانوا يستضعفون مشارق الأرض ومغاربها التي باركنا فيها ۖ وتمت كلمت ربك الحسنى على بني إسرائيل بما صبروا ۖ ودمرنا ما كان يصنع فرعون وقومه وما كانوا يعرشون
7,138,88,3533,وجاوزنا ببني إسرائيل البحر فأتوا على قوم يعكفون على أصنام لهم ۚ قالوا يا موسى اجعل لنا إلها كما لهم آلهة ۚ قال إنكم قوم تجهلون
7,139,33,1282,إن هؤلاء متبر ما هم فيه وباطل ما كانوا يعملون
7,140,36,3834,قال أغير الله أبغيكم إلها وهو فضلكم على العالمين
7,141,77,6229,وإذ أنجيناكم من آل فرعون يسومونكم سوء العذاب ۖ يقتلون أبناءكم ويستحيون نساءكم ۚ وفي ذلكم بلاء من ربكم عظيم
7,142,101,7787,۞ وواعدنا موسى ثلاثين ليلة وأتممناها بعشر فتم ميقات ربه أربعين ليلة ۚ وقال موسى لأخيه هارون اخلفني في قومي وأصلح ولا تتبع سبيل المفسدين
7,143,150,11021,ولما جاء موسى لميقاتنا وكلمه ربه قال رب أرني أنظر إليك ۚ قال لن تراني ولكن انظر إلى الجبل فإن استقر مكانه فسوف تراني ۚ فلما تجلى ربه للجبل جعله دكا وخر موسى صعقا ۚ فلما أفاق قال سبحانك تبت إليك وأنا أول المؤمنين
7,144,61,5002,قال يا موسى إني اصطفيتك على الناس برسالاتي وبكلامي فخذ ما آتيتك وكن من الشاكرين
7,145,80,7369,وكتبنا له في الألواح من كل شيء موعظة وتفصيلا لكل شيء فخذها بقوة وأمر قومك يأخذوا بأحسنها ۚ سأريكم دار الفاسقين
7,146,142,14827,سأصرف عن آياتي الذين يتكبرون في الأرض بغير الحق وإن يروا كل آية لا يؤمنوا بها وإن يروا سبيل الرشد لا يتخذوه سبيلا وإن يروا سبيل الغي يتخذوه سبيلا ۚ ذلك بأنهم كذبوا بآياتنا وكانوا عنها غافلين
7,147,57,4030,والذين كذبوا بآياتنا ولقاء الآخرة حبطت أعمالهم ۚ هل يجزون إلا ما كانوا يعملون
7,148,86,6886,واتخذ قوم موسى من بعده من حليهم عجلا جسدا له خوار ۚ ألم يروا أنه لا يكلمهم ولا يهديهم سبيلا ۘ اتخذوه وكانوا ظالمين
7,149,70,5129,ولما سقط في أيديهم ورأوا أنهم قد ضلوا قالوا لئن لم يرحمنا ربنا ويغفر لنا لنكونن من الخاسرين
7,150,154,13900,ولما رجع موسى إلى قومه غضبان أسفا قال بئسما خلفتموني من بعدي ۖ أعجلتم أمر ربكم ۖ وألقى الألواح وأخذ برأس أخيه يجره إليه ۚ قال ابن أم إن القوم استضعفوني وكادوا يقتلونني فلا تشمت بي الأعداء ولا تجعلني مع القوم الظالمين
7,151,42,4793,قال رب اغفر لي ولأخي وأدخلنا في رحمتك ۖ وأنت أرحم الراحمين
7,152,66,7647,إن الذين اتخذوا العجل سينالهم غضب من ربهم وذلة في الحياة الدنيا ۚ وكذلك نجزي المفترين
7,153,56,4689,والذين عملوا السيئات ثم تابوا من بعدها وآمنوا إن ربك من بعدها لغفور رحيم
7,154,58,6882,ولما سكت عن موسى الغضب أخذ الألواح ۖ وفي نسختها هدى ورحمة للذين هم لربهم يرهبون
7,155,156,16772,واختار موسى قومه سبعين رجلا لميقاتنا ۖ فلما أخذتهم الرجفة قال رب لو شئت أهلكتهم من قبل وإياي ۖ أتهلكنا بما فعل السفهاء منا ۖ إن هي إلا فتنتك تضل بها من تشاء وتهدي من تشاء ۖ أنت ولينا فاغفر لنا وارحمنا ۖ وأنت خير الغافرين
7,156,115,9543,۞ واكتب لنا في هذه الدنيا حسنة وفي الآخرة إنا هدنا إليك ۚ قال عذابي أصيب به من أشاء ۖ ورحمتي وسعت كل شيء ۚ فسأكتبها للذين يتقون ويؤتون الزكاة والذين هم بآياتنا يؤمنون
7,157,211,14821,الذين يتبعون الرسول النبي الأمي الذي يجدونه مكتوبا عندهم في التوراة والإنجيل يأمرهم بالمعروف وينهاهم عن المنكر ويحل لهم الطيبات ويحرم عليهم الخبائث ويضع عنهم إصرهم والأغلال التي كانت عليهم ۚ فالذين آمنوا به وعزروه ونصروه واتبعوا النور الذي أنزل معه ۙ أولئك هم المفلحون
7,158,132,7681,قل يا أيها الناس إني رسول الله إليكم جميعا الذي له ملك السماوات والأرض ۖ لا إله إلا هو يحيي ويميت ۖ فآمنوا بالله ورسوله النبي الأمي الذي يؤمن بالله وكلماته واتبعوه لعلكم تهتدون
7,159,29,787,ومن قوم موسى أمة يهدون بالحق وبه يعدلون
7,160,186,14869,وقطعناهم اثنتي عشرة أسباطا أمما ۚ وأوحينا إلى موسى إذ استسقاه قومه أن اضرب بعصاك الحجر ۖ فانبجست منه اثنتا عشرة عينا ۖ قد علم كل أناس مشربهم ۚ وظللنا عليهم الغمام وأنزلنا عليهم المن والسلوى ۖ كلوا من طيبات ما رزقناكم ۚ وما ظلمونا ولكن كانوا أنفسهم يظلمون
7,161,88,7325,وإذ قيل لهم اسكنوا هذه القرية وكلوا منها حيث شئتم وقولوا حطة وادخلوا الباب سجدا نغفر لكم خطيئاتكم ۚ سنزيد المحسنين
7,162,71,6488,فبدل الذين ظلموا منهم قولا غير الذي قيل لهم فأرسلنا عليهم رجزا من السماء بما كانوا يظلمون
7,163,111,10228,واسألهم عن القرية التي كانت حاضرة البحر إذ يعدون في السبت إذ تأتيهم حيتانهم يوم سبتهم شرعا ويوم لا يسبتون ۙ لا تأتيهم ۚ كذلك نبلوهم بما كانوا يفسقون
7,164,74,7404,وإذ قالت أمة منهم لم تعظون قوما ۙ الله مهلكهم أو معذبهم عذابا شديدا ۖ قالوا معذرة إلى ربكم ولعلهم يتقون
7,165,75,6885,فلما نسوا ما ذكروا به أنجينا الذين ينهون عن السوء وأخذنا الذين ظلموا بعذاب بئيس بما كانوا يفسقون
7,166,39,2340,فلما عتوا عن ما نهوا عنه قلنا لهم كونوا قردة خاسئين
7,167,72,6765,وإذ تأذن ربك ليبعثن عليهم إلى يوم القيامة من يسومهم سوء العذاب ۗ إن ربك لسريع العقاب ۖ وإنه لغفور رحيم
7,168,74,4499,وقطعناهم في الأرض أمما ۖ منهم الصالحون ومنهم دون ذلك ۖ وبلوناهم بالحسنات والسيئات لعلهم يرجعون
7,169,158,18880,فخلف من بعدهم خلف ورثوا الكتاب يأخذون عرض هذا الأدنى ويقولون سيغفر لنا وإن يأتهم عرض مثله يأخذوه ۚ ألم يؤخذ عليهم ميثاق الكتاب أن لا يقولوا على الله إلا الحق ودرسوا ما فيه ۗ والدار الآخرة خير للذين يتقون ۗ أفلا تعقلون
7,170,48,3219,والذين يمسكون بالكتاب وأقاموا الصلاة إنا لا نضيع أجر المصلحين
7,171,73,8044,۞ وإذ نتقنا الجبل فوقهم كأنه ظلة وظنوا أنه واقع بهم خذوا ما آتيناكم بقوة واذكروا ما فيه لعلكم تتقون
7,172,93,9954,وإذ أخذ ربك من بني آدم من ظهورهم ذريتهم وأشهدهم على أنفسهم ألست بربكم ۖ قالوا بلى ۛ شهدنا ۛ أن تقولوا يوم القيامة إنا كنا عن هذا غافلين
7,173,57,3611,أو تقولوا إنما أشرك آباؤنا من قبل وكنا ذرية من بعدهم ۖ أفتهلكنا بما فعل المبطلون
7,174,26,1988,وكذلك نفصل الآيات ولعلهم يرجعون
7,175,60,5527,واتل عليهم نبأ الذي آتيناه آياتنا فانسلخ منها فأتبعه الشيطان فكان من الغاوين
7,176,124,12325,ولو شئنا لرفعناه بها ولكنه أخلد إلى الأرض واتبع هواه ۚ فمثله كمثل الكلب إن تحمل عليه يلهث أو تتركه يلهث ۚ ذلك مثل القوم الذين كذبوا بآياتنا ۚ فاقصص القصص لعلهم يتفكرون
7,177,44,4148,ساء مثلا القوم الذين كذبوا بآياتنا وأنفسهم كانوا يظلمون
7,178,40,2851,من يهد الله فهو المهتدي ۖ ومن يضلل فأولئك هم الخاسرون
7,179,112,6963,ولقد ذرأنا لجهنم كثيرا من الجن والإنس ۖ لهم قلوب لا يفقهون بها ولهم أعين لا يبصرون بها ولهم آذان لا يسمعون بها ۚ أولئك كالأنعام بل هم أضل ۚ أولئك هم الغافلون
7,180,64,2995,ولله الأسماء الحسنى فادعوه بها ۖ وذروا الذين يلحدون في أسمائه ۚ سيجزون ما كانوا يعملون
7,181,29,1356,وممن خلقنا أمة يهدون بالحق وبه يعدلون
7,182,39,3657,والذين كذبوا بآياتنا سنستدرجهم من حيث لا يعلمون
7,183,16,755,وأملي لهم ۚ إن كيدي متين
7,184,36,2279,أولم يتفكروا ۗ ما بصاحبهم من جنة ۚ إن هو إلا نذير مبين
7,185,79,6706,أولم ينظروا في ملكوت السماوات والأرض وما خلق الله من شيء وأن عسى أن يكون قد اقترب أجلهم ۖ فبأي حديث بعده يؤمنون
7,186,40,3539,من يضلل الله فلا هادي له ۚ ويذرهم في طغيانهم يعمهون
7,187,140,9485,يسألونك عن الساعة أيان مرساها ۖ قل إنما علمها عند ربي ۖ لا يجليها لوقتها إلا هو ۚ ثقلت في السماوات والأرض ۚ لا تأتيكم إلا بغتة ۗ يسألونك كأنك حفي عنها ۖ قل إنما علمها عند الله ولكن أكثر الناس لا يعلمون
7,188,95,8642,قل لا أملك لنفسي نفعا ولا ضرا إلا ما شاء الله ۚ ولو كنت أعلم الغيب لاستكثرت من الخير وما مسني السوء ۚ إن أنا إلا نذير وبشير لقوم يؤمنون
7,189,120,9752,۞ هو الذي خلقكم من نفس واحدة وجعل منها زوجها ليسكن إليها ۖ فلما تغشاها حملت حملا خفيفا فمرت به ۖ فلما أثقلت دعوا الله ربهما لئن آتيتنا صالحا لنكونن من الشاكرين
7,190,51,3310,فلما آتاهما صالحا جعلا له شركاء فيما آتاهما ۚ فتعالى الله عما يشركون
7,191,26,2556,أيشركون ما لا يخلق شيئا وهم يخلقون
7,192,32,1746,ولا يستطيعون لهم نصرا ولا أنفسهم ينصرون
7,193,48,3155,وإن تدعوهم إلى الهدى لا يتبعوكم ۚ سواء عليكم أدعوتموهم أم أنتم صامتون
7,194,61,4008,إن الذين تدعون من دون الله عباد أمثالكم ۖ فادعوهم فليستجيبوا لكم إن كنتم صادقين
7,195,90,6097,ألهم أرجل يمشون بها ۖ أم لهم أيد يبطشون بها ۖ أم لهم أعين يبصرون بها ۖ أم لهم آذان يسمعون بها ۗ قل ادعوا شركاءكم ثم كيدون فلا تنظرون
7,196,37,2137,إن وليي الله الذي نزل الكتاب ۖ وهو يتولى الصالحين
7,197,46,3206,والذين تدعون من دونه لا يستطيعون نصركم ولا أنفسهم ينصرون
7,198,47,3237,وإن تدعوهم إلى الهدى لا يسمعوا ۖ وتراهم ينظرون إليك وهم لا يبصرون
7,199,30,3442,خذ العفو وأمر بالعرف وأعرض عن الجاهلين
7,200,42,4496,وإما ينزغنك من الشيطان نزغ فاستعذ بالله ۚ إنه سميع عليم
7,201,46,5317,إن الذين اتقوا إذا مسهم طائف من الشيطان تذكروا فإذا هم مبصرون
7,202,30,3021,وإخوانهم يمدونهم في الغي ثم لا يقصرون
7,203,77,5713,وإذا لم تأتهم بآية قالوا لولا اجتبيتها ۚ قل إنما أتبع ما يوحى إلي من ربي ۚ هذا بصائر من ربكم وهدى ورحمة لقوم يؤمنون
7,204,37,3528,وإذا قرئ القرآن فاستمعوا له وأنصتوا لعلكم ترحمون
7,205,67,7178,واذكر ربك في نفسك تضرعا وخيفة ودون الجهر من القول بالغدو والآصال ولا تكن من الغافلين
7,206,47,2889,إن الذين عند ربك لا يستكبرون عن عبادته ويسبحونه وله يسجدون ۩
8,1,82,4451,يسألونك عن الأنفال ۖ قل الأنفال لله والرسول ۖ فاتقوا الله وأصلحوا ذات بينكم ۖ وأطيعوا الله ورسوله إن كنتم مؤمنين
8,2,75,6960,إنما المؤمنون الذين إذا ذكر الله وجلت قلوبهم وإذا تليت عليهم آياته زادتهم إيمانا وعلى ربهم يتوكلون
8,3,33,1945,الذين يقيمون الصلاة ومما رزقناهم ينفقون
8,4,43,3390,أولئك هم المؤمنون حقا ۚ لهم درجات عند ربهم ومغفرة ورزق كريم
8,5,44,2839,كما أخرجك ربك من بيتك بالحق وإن فريقا من المؤمنين لكارهون
8,6,48,3044,يجادلونك في الحق بعدما تبين كأنما يساقون إلى الموت وهم ينظرون
8,7,93,7306,وإذ يعدكم الله إحدى الطائفتين أنها لكم وتودون أن غير ذات الشوكة تكون لكم ويريد الله أن يحق الحق بكلماته ويقطع دابر الكافرين
8,8,33,1054,ليحق الحق ويبطل الباطل ولو كره المجرمون
8,9,47,4937,إذ تستغيثون ربكم فاستجاب لكم أني ممدكم بألف من الملائكة مردفين
8,10,62,2511,وما جعله الله إلا بشرى ولتطمئن به قلوبكم ۚ وما النصر إلا من عند الله ۚ إن الله عزيز حكيم
8,11,92,6504,إذ يغشيكم النعاس أمنة منه وينزل عليكم من السماء ماء ليطهركم به ويذهب عنكم رجز الشيطان وليربط على قلوبكم ويثبت به الأقدام
8,12,94,7876,إذ يوحي ربك إلى الملائكة أني معكم فثبتوا الذين آمنوا ۚ سألقي في قلوب الذين كفروا الرعب فاضربوا فوق الأعناق واضربوا منهم كل بنان
8,13,56,3326,ذلك بأنهم شاقوا الله ورسوله ۚ ومن يشاقق الله ورسوله فإن الله شديد العقاب
8,14,29,3219,ذلكم فذوقوه وأن للكافرين عذاب النار
8,15,50,4226,يا أيها الذين آمنوا إذا لقيتم الذين كفروا زحفا فلا تولوهم الأدبار
8,16,71,5799,ومن يولهم يومئذ دبره إلا متحرفا لقتال أو متحيزا إلى فئة فقد باء بغضب من الله ومأواه جهنم ۖ وبئس المصير
8,17,81,5339,فلم تقتلوهم ولكن الله قتلهم ۚ وما رميت إذ رميت ولكن الله رمى ۚ وليبلي المؤمنين منه بلاء حسنا ۚ إن الله سميع عليم
8,18,25,1439,ذلكم وأن الله موهن كيد الكافرين
8,19,89,8940,إن تستفتحوا فقد جاءكم الفتح ۖ وإن تنتهوا فهو خير لكم ۖ وإن تعودوا نعد ولن تغني عنكم فئتكم شيئا ولو كثرت وأن الله مع المؤمنين
8,20,50,3111,يا أيها الذين آمنوا أطيعوا الله ورسوله ولا تولوا عنه وأنتم تسمعون
8,21,36,2008,ولا تكونوا كالذين قالوا سمعنا وهم لا يسمعون
8,22,38,2126,۞ إن شر الدواب عند الله الصم البكم الذين لا يعقلون
8,23,47,3386,ولو علم الله فيهم خيرا لأسمعهم ۖ ولو أسمعهم لتولوا وهم معرضون
8,24,88,4700,يا أيها الذين آمنوا استجيبوا لله وللرسول إذا دعاكم لما يحييكم ۖ واعلموا أن الله يحول بين المرء وقلبه وأنه إليه تحشرون
8,25,55,5028,واتقوا فتنة لا تصيبن الذين ظلموا منكم خاصة ۖ واعلموا أن الله شديد العقاب
8,26,89,10065,واذكروا إذ أنتم قليل مستضعفون في الأرض تخافون أن يتخطفكم الناس فآواكم وأيدكم بنصره ورزقكم من الطيبات لعلكم تشكرون
8,27,57,5121,يا أيها الذين آمنوا لا تخونوا الله والرسول وتخونوا أماناتكم وأنتم تعلمون
8,28,42,2493,واعلموا أنما أموالكم وأولادكم فتنة وأن الله عنده أجر عظيم
8,29,78,7756,يا أيها الذين آمنوا إن تتقوا الله يجعل لكم فرقانا ويكفر عنكم سيئاتكم ويغفر لكم ۗ والله ذو الفضل العظيم
8,30,71,6389,وإذ يمكر بك الذين كفروا ليثبتوك أو يقتلوك أو يخرجوك ۚ ويمكرون ويمكر الله ۖ والله خير الماكرين
8,31,61,5685,وإذا تتلى عليهم آياتنا قالوا قد سمعنا لو نشاء لقلنا مثل هذا ۙ إن هذا إلا أساطير الأولين
8,32,64,4398,وإذ قالوا اللهم إن كان هذا هو الحق من عندك فأمطر علينا حجارة من السماء أو ائتنا بعذاب أليم
8,33,51,4530,وما كان الله ليعذبهم وأنت فيهم ۚ وما كان الله معذبهم وهم يستغفرون
8,34,85,3840,وما لهم ألا يعذبهم الله وهم يصدون عن المسجد الحرام وما كانوا أولياءه ۚ إن أولياؤه إلا المتقون ولكن أكثرهم لا يعلمون
8,35,55,4859,وما كان صلاتهم عند البيت إلا مكاء وتصدية ۚ فذوقوا العذاب بما كنتم تكفرون
8,36,93,7320,إن الذين كفروا ينفقون أموالهم ليصدوا عن سبيل الله ۚ فسينفقونها ثم تكون عليهم حسرة ثم يغلبون ۗ والذين كفروا إلى جهنم يحشرون
8,37,78,6473,ليميز الله الخبيث من الطيب ويجعل الخبيث بعضه على بعض فيركمه جميعا فيجعله في جهنم ۚ أولئك هم الخاسرون
8,38,56,5673,قل للذين كفروا إن ينتهوا يغفر لهم ما قد سلف وإن يعودوا فقد مضت سنت الأولين
8,39,62,3680,وقاتلوهم حتى لا تكون فتنة ويكون الدين كله لله ۚ فإن انتهوا فإن الله بما يعملون بصير
8,40,43,1794,وإن تولوا فاعلموا أن الله مولاكم ۚ نعم المولى ونعم النصير
8,41,138,9130,۞ واعلموا أنما غنمتم من شيء فأن لله خمسه وللرسول ولذي القربى واليتامى والمساكين وابن السبيل إن كنتم آمنتم بالله وما أنزلنا على عبدنا يوم الفرقان يوم التقى الجمعان ۗ والله على كل شيء قدير
8,42,138,8048,إذ أنتم بالعدوة الدنيا وهم بالعدوة القصوى والركب أسفل منكم ۚ ولو تواعدتم لاختلفتم في الميعاد ۙ ولكن ليقضي الله أمرا كان مفعولا ليهلك من هلك عن بينة ويحيى من حي عن بينة ۗ وإن الله لسميع عليم
8,43,84,6688,إذ يريكهم الله في منامك قليلا ۖ ولو أراكهم كثيرا لفشلتم ولتنازعتم في الأمر ولكن الله سلم ۗ إنه عليم بذات الصدور
8,44,80,6277,وإذ يريكموهم إذ التقيتم في أعينكم قليلا ويقللكم في أعينهم ليقضي الله أمرا كان مفعولا ۗ وإلى الله ترجع الأمور
8,45,56,5761,يا أيها الذين آمنوا إذا لقيتم فئة فاثبتوا واذكروا الله كثيرا لعلكم تفلحون
8,46,65,4251,وأطيعوا الله ورسوله ولا تنازعوا فتفشلوا وتذهب ريحكم ۖ واصبروا ۚ إن الله مع الصابرين
8,47,74,3894,ولا تكونوا كالذين خرجوا من ديارهم بطرا ورئاء الناس ويصدون عن سبيل الله ۚ والله بما يعملون محيط
8,48,127,8514,وإذ زين لهم الشيطان أعمالهم وقال لا غالب لكم اليوم من الناس وإني جار لكم ۖ فلما تراءت الفئتان نكص على عقبيه وقال إني بريء منكم إني أرى ما لا ترون إني أخاف الله ۚ والله شديد العقاب
8,49,69,5755,إذ يقول المنافقون والذين في قلوبهم مرض غر هؤلاء دينهم ۗ ومن يتوكل على الله فإن الله عزيز حكيم
8,50,61,6390,ولو ترى إذ يتوفى الذين كفروا ۙ الملائكة يضربون وجوههم وأدبارهم وذوقوا عذاب الحريق
8,51,35,2762,ذلك بما قدمت أيديكم وأن الله ليس بظلام للعبيد
8,52,69,5362,كدأب آل فرعون ۙ والذين من قبلهم ۚ كفروا بآيات الله فأخذهم الله بذنوبهم ۗ إن الله قوي شديد العقاب
8,53,61,5156,ذلك بأن الله لم يك مغيرا نعمة أنعمها على قوم حتى يغيروا ما بأنفسهم ۙ وأن الله سميع عليم
8,54,76,6909,كدأب آل فرعون ۙ والذين من قبلهم ۚ كذبوا بآيات ربهم فأهلكناهم بذنوبهم وأغرقنا آل فرعون ۚ وكل كانوا ظالمين
8,55,36,2194,إن شر الدواب عند الله الذين كفروا فهم لا يؤمنون
8,56,43,4114,الذين عاهدت منهم ثم ينقضون عهدهم في كل مرة وهم لا يتقون
8,57,42,4264,فإما تثقفنهم في الحرب فشرد بهم من خلفهم لعلهم يذكرون
8,58,48,4069,وإما تخافن من قوم خيانة فانبذ إليهم على سواء ۚ إن الله لا يحب الخائنين
8,59,34,1706,ولا يحسبن الذين كفروا سبقوا ۚ إنهم لا يعجزون
8,60,128,8805,وأعدوا لهم ما استطعتم من قوة ومن رباط الخيل ترهبون به عدو الله وعدوكم وآخرين من دونهم لا تعلمونهم الله يعلمهم ۚ وما تنفقوا من شيء في سبيل الله يوف إليكم وأنتم لا تظلمون
8,61,47,1578,۞ وإن جنحوا للسلم فاجنح لها وتوكل على الله ۚ إنه هو السميع العليم
8,62,48,2695,وإن يريدوا أن يخدعوك فإن حسبك الله ۚ هو الذي أيدك بنصره وبالمؤمنين
8,63,70,3725,وألف بين قلوبهم ۚ لو أنفقت ما في الأرض جميعا ما ألفت بين قلوبهم ولكن الله ألف بينهم ۚ إنه عزيز حكيم
8,64,35,1176,يا أيها النبي حسبك الله ومن اتبعك من المؤمنين
8,65,105,8016,يا أيها النبي حرض المؤمنين على القتال ۚ إن يكن منكم عشرون صابرون يغلبوا مائتين ۚ وإن يكن منكم مائة يغلبوا ألفا من الذين كفروا بأنهم قوم لا يفقهون
8,66,96,7627,الآن خفف الله عنكم وعلم أن فيكم ضعفا ۚ فإن يكن منكم مائة صابرة يغلبوا مائتين ۚ وإن يكن منكم ألف يغلبوا ألفين بإذن الله ۗ والله مع الصابرين
8,67,71,6531,ما كان لنبي أن يكون له أسرى حتى يثخن في الأرض ۚ تريدون عرض الدنيا والله يريد الآخرة ۗ والله عزيز حكيم
8,68,38,4662,لولا كتاب من الله سبق لمسكم فيما أخذتم عذاب عظيم
8,69,45,4080,فكلوا مما غنمتم حلالا طيبا ۚ واتقوا الله ۚ إن الله غفور رحيم
8,70,87,8104,يا أيها النبي قل لمن في أيديكم من الأسرى إن يعلم الله في قلوبكم خيرا يؤتكم خيرا مما أخذ منكم ويغفر لكم ۗ والله غفور رحيم
8,71,52,3123,وإن يريدوا خيانتك فقد خانوا الله من قبل فأمكن منهم ۗ والله عليم حكيم
8,72,194,11712,إن الذين آمنوا وهاجروا وجاهدوا بأموالهم وأنفسهم في سبيل الله والذين آووا ونصروا أولئك بعضهم أولياء بعض ۚ والذين آمنوا ولم يهاجروا ما لكم من ولايتهم من شيء حتى يهاجروا ۚ وإن استنصروكم في الدين فعليكم النصر إلا على قوم بينكم وبينهم ميثاق ۗ والله بما تعملون بصير
8,73,52,6066,والذين كفروا بعضهم أولياء بعض ۚ إلا تفعلوه تكن فتنة في الأرض وفساد كبير
8,74,79,4968,والذين آمنوا وهاجروا وجاهدوا في سبيل الله والذين آووا ونصروا أولئك هم المؤمنون حقا ۚ لهم مغفرة ورزق كريم
8,75,86,5126,والذين آمنوا من بعد وهاجروا وجاهدوا معكم فأولئك منكم ۚ وأولو الأرحام بعضهم أولى ببعض في كتاب الله ۗ إن الله بكل شيء عليم
9,1,37,2748,براءة من الله ورسوله إلى الذين عاهدتم من المشركين
9,2,58,4904,فسيحوا في الأرض أربعة أشهر واعلموا أنكم غير معجزي الله ۙ وأن الله مخزي الكافرين
9,3,125,10229,وأذان من الله ورسوله إلى الناس يوم الحج الأكبر أن الله بريء من المشركين ۙ ورسوله ۚ فإن تبتم فهو خير لكم ۖ وإن توليتم فاعلموا أنكم غير معجزي الله ۗ وبشر الذين كفروا بعذاب أليم
9,4,90,6724,إلا الذين عاهدتم من المشركين ثم لم ينقصوكم شيئا ولم يظاهروا عليكم أحدا فأتموا إليهم عهدهم إلى مدتهم ۚ إن الله يحب المتقين
9,5,125,10830,فإذا انسلخ الأشهر الحرم فاقتلوا المشركين حيث وجدتموهم وخذوهم واحصروهم واقعدوا لهم كل مرصد ۚ فإن تابوا وأقاموا الصلاة وآتوا الزكاة فخلوا سبيلهم ۚ إن الله غفور رحيم
9,6,67,5469,وإن أحد من المشركين استجارك فأجره حتى يسمع كلام الله ثم أبلغه مأمنه ۚ ذلك بأنهم قوم لا يعلمون
9,7,103,5820,كيف يكون للمشركين عهد عند الله وعند رسوله إلا الذين عاهدتم عند المسجد الحرام ۖ فما استقاموا لكم فاستقيموا لهم ۚ إن الله يحب المتقين
9,8,70,5690,كيف وإن يظهروا عليكم لا يرقبوا فيكم إلا ولا ذمة ۚ يرضونكم بأفواههم وتأبى قلوبهم وأكثرهم فاسقون
9,9,53,3038,اشتروا بآيات الله ثمنا قليلا فصدوا عن سبيله ۚ إنهم ساء ما كانوا يعملون
9,10,34,2135,لا يرقبون في مؤمن إلا ولا ذمة ۚ وأولئك هم المعتدون
9,11,61,3380,فإن تابوا وأقاموا الصلاة وآتوا الزكاة فإخوانكم في الدين ۗ ونفصل الآيات لقوم يعلمون
9,12,72,3412,وإن نكثوا أيمانهم من بعد عهدهم وطعنوا في دينكم فقاتلوا أئمة الكفر ۙ إنهم لا أيمان لهم لعلهم ينتهون
9,13,82,7244,ألا تقاتلون قوما نكثوا أيمانهم وهموا بإخراج الرسول وهم بدءوكم أول مرة ۚ أتخشونهم ۚ فالله أحق أن تخشوه إن كنتم مؤمنين
9,14,57,3832,قاتلوهم يعذبهم الله بأيديكم ويخزهم وينصركم عليهم ويشف صدور قوم مؤمنين
9,15,43,4107,ويذهب غيظ قلوبهم ۗ ويتوب الله على من يشاء ۗ والله عليم حكيم
9,16,98,7058,أم حسبتم أن تتركوا ولما يعلم الله الذين جاهدوا منكم ولم يتخذوا من دون الله ولا رسوله ولا المؤمنين وليجة ۚ والله خبير بما تعملون
9,17,77,4156,ما كان للمشركين أن يعمروا مساجد الله شاهدين على أنفسهم بالكفر ۚ أولئك حبطت أعمالهم وفي النار هم خالدون
9,18,86,4643,إنما يعمر مساجد الله من آمن بالله واليوم الآخر وأقام الصلاة وآتى الزكاة ولم يخش إلا الله ۖ فعسى أولئك أن يكونوا من المهتدين
9,19,105,5085,۞ أجعلتم سقاية الحاج وعمارة المسجد الحرام كمن آمن بالله واليوم الآخر وجاهد في سبيل الله ۚ لا يستوون عند الله ۗ والله لا يهدي القوم الظالمين
9,20,72,3448,الذين آمنوا وهاجروا وجاهدوا في سبيل الله بأموالهم وأنفسهم أعظم درجة عند الله ۚ وأولئك هم الفائزون
9,21,43,3203,يبشرهم ربهم برحمة منه ورضوان وجنات لهم فيها نعيم مقيم
9,22,28,2266,خالدين فيها أبدا ۚ إن الله عنده أجر عظيم
9,23,85,6953,يا أيها الذين آمنوا لا تتخذوا آباءكم وإخوانكم أولياء إن استحبوا الكفر على الإيمان ۚ ومن يتولهم منكم فأولئك هم الظالمون
9,24,156,10647,قل إن كان آباؤكم وأبناؤكم وإخوانكم وأزواجكم وعشيرتكم وأموال اقترفتموها وتجارة تخشون كسادها ومساكن ترضونها أحب إليكم من الله ورسوله وجهاد في سبيله فتربصوا حتى يأتي الله بأمره ۗ والله لا يهدي القوم الفاسقين
9,25,91,10705,لقد نصركم الله في مواطن كثيرة ۙ ويوم حنين ۙ إذ أعجبتكم كثرتكم فلم تغن عنكم شيئا وضاقت عليكم الأرض بما رحبت ثم وليتم مدبرين
9,26,77,5840,ثم أنزل الله سكينته على رسوله وعلى المؤمنين وأنزل جنودا لم تروها وعذب الذين كفروا ۚ وذلك جزاء الكافرين
9,27,38,4057,ثم يتوب الله من بعد ذلك على من يشاء ۗ والله غفور رحيم
9,28,105,7960,يا أيها الذين آمنوا إنما المشركون نجس فلا يقربوا المسجد الحرام بعد عامهم هذا ۚ وإن خفتم عيلة فسوف يغنيكم الله من فضله إن شاء ۚ إن الله عليم حكيم
9,29,118,7759,قاتلوا الذين لا يؤمنون بالله ولا باليوم الآخر ولا يحرمون ما حرم الله ورسوله ولا يدينون دين الحق من الذين أوتوا الكتاب حتى يعطوا الجزية عن يد وهم صاغرون
9,30,101,6432,وقالت اليهود عزير ابن الله وقالت النصارى المسيح ابن الله ۖ ذلك قولهم بأفواههم ۖ يضاهئون قول الذين كفروا من قبل ۚ قاتلهم الله ۚ أنى يؤفكون
9,31,95,4628,اتخذوا أحبارهم ورهبانهم أربابا من دون الله والمسيح ابن مريم وما أمروا إلا ليعبدوا إلها واحدا ۖ لا إله إلا هو ۚ سبحانه عما يشركون
9,32,57,2428,يريدون أن يطفئوا نور الله بأفواههم ويأبى الله إلا أن يتم نوره ولو كره الكافرون
9,33,57,3908,هو الذي أرسل رسوله بالهدى ودين الحق ليظهره على الدين كله ولو كره المشركون
9,34,131,7891,۞ يا أيها الذين آمنوا إن كثيرا من الأحبار والرهبان ليأكلون أموال الناس بالباطل ويصدون عن سبيل الله ۗ والذين يكنزون الذهب والفضة ولا ينفقونها في سبيل الله فبشرهم بعذاب أليم
9,35,81,6034,يوم يحمى عليها في نار جهنم فتكوى بها جباههم وجنوبهم وظهورهم ۖ هذا ما كنزتم لأنفسكم فذوقوا ما كنتم تكنزون
9,36,151,12076,إن عدة الشهور عند الله اثنا عشر شهرا في كتاب الله يوم خلق السماوات والأرض منها أربعة حرم ۚ ذلك الدين القيم ۚ فلا تظلموا فيهن أنفسكم ۚ وقاتلوا المشركين كافة كما يقاتلونكم كافة ۚ واعلموا أن الله مع المتقين
9,37,127,5365,إنما النسيء زيادة في الكفر ۖ يضل به الذين كفروا يحلونه عاما ويحرمونه عاما ليواطئوا عدة ما حرم الله فيحلوا ما حرم الله ۚ زين لهم سوء أعمالهم ۗ والله لا يهدي القوم الكافرين
9,38,108,9125,يا أيها الذين آمنوا ما لكم إذا قيل لكم انفروا في سبيل الله اثاقلتم إلى الأرض ۚ أرضيتم بالحياة الدنيا من الآخرة ۚ فما متاع الحياة الدنيا في الآخرة إلا قليل
9,39,65,6999,إلا تنفروا يعذبكم عذابا أليما ويستبدل قوما غيركم ولا تضروه شيئا ۗ والله على كل شيء قدير
9,40,165,12704,إلا تنصروه فقد نصره الله إذ أخرجه الذين كفروا ثاني اثنين إذ هما في الغار إذ يقول لصاحبه لا تحزن إن الله معنا ۖ فأنزل الله سكينته عليه وأيده بجنود لم تروها وجعل كلمة الذين كفروا السفلى ۗ وكلمة الله هي العليا ۗ والله عزيز حكيم
9,41,68,5263,انفروا خفافا وثقالا وجاهدوا بأموالكم وأنفسكم في سبيل الله ۚ ذلكم خير لكم إن كنتم تعلمون
9,42,110,7212,لو كان عرضا قريبا وسفرا قاصدا لاتبعوك ولكن بعدت عليهم الشقة ۚ وسيحلفون بالله لو استطعنا لخرجنا معكم يهلكون أنفسهم والله يعلم إنهم لكاذبون
9,43,50,4934,عفا الله عنك لم أذنت لهم حتى يتبين لك الذين صدقوا وتعلم الكاذبين
9,44,71,4510,لا يستأذنك الذين يؤمنون بالله واليوم الآخر أن يجاهدوا بأموالهم وأنفسهم ۗ والله عليم بالمتقين
9,45,66,5640,إنما يستأذنك الذين لا يؤمنون بالله واليوم الآخر وارتابت قلوبهم فهم في ريبهم يترددون
9,46,68,3720,۞ ولو أرادوا الخروج لأعدوا له عدة ولكن كره الله انبعاثهم فثبطهم وقيل اقعدوا مع القاعدين
9,47,83,6853,لو خرجوا فيكم ما زادوكم إلا خبالا ولأوضعوا خلالكم يبغونكم الفتنة وفيكم سماعون لهم ۗ والله عليم بالظالمين
9,48,59,5100,لقد ابتغوا الفتنة من قبل وقلبوا لك الأمور حتى جاء الحق وظهر أمر الله وهم كارهون
9,49,58,3648,ومنهم من يقول ائذن لي ولا تفتني ۚ ألا في الفتنة سقطوا ۗ وإن جهنم لمحيطة بالكافرين
9,50,58,4870,إن تصبك حسنة تسؤهم ۖ وإن تصبك مصيبة يقولوا قد أخذنا أمرنا من قبل ويتولوا وهم فرحون
9,51,53,2118,قل لن يصيبنا إلا ما كتب الله لنا هو مولانا ۚ وعلى الله فليتوكل المؤمنون
9,52,86,5299,قل هل تربصون بنا إلا إحدى الحسنيين ۖ ونحن نتربص بكم أن يصيبكم الله بعذاب من عنده أو بأيدينا ۖ فتربصوا إنا معكم متربصون
9,53,44,2525,قل أنفقوا طوعا أو كرها لن يتقبل منكم ۖ إنكم كنتم قوما فاسقين
9,54,87,4000,وما منعهم أن تقبل منهم نفقاتهم إلا أنهم كفروا بالله وبرسوله ولا يأتون الصلاة إلا وهم كسالى ولا ينفقون إلا وهم كارهون
9,55,76,3494,فلا تعجبك أموالهم ولا أولادهم ۚ إنما يريد الله ليعذبهم بها في الحياة الدنيا وتزهق أنفسهم وهم كافرون
9,56,44,1518,ويحلفون بالله إنهم لمنكم وما هم منكم ولكنهم قوم يفرقون
9,57,40,2797,لو يجدون ملجأ أو مغارات أو مدخلا لولوا إليه وهم يجمحون
9,58,58,4172,ومنهم من يلمزك في الصدقات فإن أعطوا منها رضوا وإن لم يعطوا منها إذا هم يسخطون
9,59,76,5650,ولو أنهم رضوا ما آتاهم الله ورسوله وقالوا حسبنا الله سيؤتينا الله من فضله ورسوله إنا إلى الله راغبون
9,60,113,5870,۞ إنما الصدقات للفقراء والمساكين والعاملين عليها والمؤلفة قلوبهم وفي الرقاب والغارمين وفي سبيل الله وابن السبيل ۖ فريضة من الله ۗ والله عليم حكيم
9,61,104,9238,ومنهم الذين يؤذون النبي ويقولون هو أذن ۚ قل أذن خير لكم يؤمن بالله ويؤمن للمؤمنين ورحمة للذين آمنوا منكم ۚ والذين يؤذون رسول الله لهم عذاب أليم
9,62,51,3324,يحلفون بالله لكم ليرضوكم والله ورسوله أحق أن يرضوه إن كانوا مؤمنين
9,63,61,4467,ألم يعلموا أنه من يحادد الله ورسوله فأن له نار جهنم خالدا فيها ۚ ذلك الخزي العظيم
9,64,68,6021,يحذر المنافقون أن تنزل عليهم سورة تنبئهم بما في قلوبهم ۚ قل استهزئوا إن الله مخرج ما تحذرون
9,65,58,4988,ولئن سألتهم ليقولن إنما كنا نخوض ونلعب ۚ قل أبالله وآياته ورسوله كنتم تستهزئون
9,66,60,4929,لا تعتذروا قد كفرتم بعد إيمانكم ۚ إن نعف عن طائفة منكم نعذب طائفة بأنهم كانوا مجرمين
9,67,102,6525,المنافقون والمنافقات بعضهم من بعض ۚ يأمرون بالمنكر وينهون عن المعروف ويقبضون أيديهم ۚ نسوا الله فنسيهم ۗ إن المنافقين هم الفاسقون
9,68,79,4136,وعد الله المنافقين والمنافقات والكفار نار جهنم خالدين فيها ۚ هي حسبهم ۚ ولعنهم الله ۖ ولهم عذاب مقيم
9,69,156,16340,كالذين من قبلكم كانوا أشد منكم قوة وأكثر أموالا وأولادا فاستمتعوا بخلاقهم فاستمتعتم بخلاقكم كما استمتع الذين من قبلكم بخلاقهم وخضتم كالذي خاضوا ۚ أولئك حبطت أعمالهم في الدنيا والآخرة ۖ وأولئك هم الخاسرون
9,70,117,8525,ألم يأتهم نبأ الذين من قبلهم قوم نوح وعاد وثمود وقوم إبراهيم وأصحاب مدين والمؤتفكات ۚ أتتهم رسلهم بالبينات ۖ فما كان الله ليظلمهم ولكن كانوا أنفسهم يظلمون
9,71,121,6162,والمؤمنون والمؤمنات بعضهم أولياء بعض ۚ يأمرون بالمعروف وينهون عن المنكر ويقيمون الصلاة ويؤتون الزكاة ويطيعون الله ورسوله ۚ أولئك سيرحمهم الله ۗ إن الله عزيز حكيم
9,72,102,8227,وعد الله المؤمنين والمؤمنات جنات تجري من تحتها الأنهار خالدين فيها ومساكن طيبة في جنات عدن ۚ ورضوان من الله أكبر ۚ ذلك هو الفوز العظيم
9,73,59,3560,يا أيها النبي جاهد الكفار والمنافقين واغلظ عليهم ۚ ومأواهم جهنم ۖ وبئس المصير
9,74,179,11280,يحلفون بالله ما قالوا ولقد قالوا كلمة الكفر وكفروا بعد إسلامهم وهموا بما لم ينالوا ۚ وما نقموا إلا أن أغناهم الله ورسوله من فضله ۚ فإن يتوبوا يك خيرا لهم ۖ وإن يتولوا يعذبهم الله عذابا أليما في الدنيا والآخرة ۚ وما لهم في الأرض من ولي ولا نصير
9,75,50,2760,۞ ومنهم من عاهد الله لئن آتانا من فضله لنصدقن ولنكونن من الصالحين
9,76,36,3914,فلما آتاهم من فضله بخلوا به وتولوا وهم معرضون
9,77,63,2962,فأعقبهم نفاقا في قلوبهم إلى يوم يلقونه بما أخلفوا الله ما وعدوه وبما كانوا يكذبون
9,78,44,2221,ألم يعلموا أن الله يعلم سرهم ونجواهم وأن الله علام الغيوب
9,79,90,6302,الذين يلمزون المطوعين من المؤمنين في الصدقات والذين لا يجدون إلا جهدهم فيسخرون منهم ۙ سخر الله منهم ولهم عذاب أليم
9,80,99,10526,استغفر لهم أو لا تستغفر لهم إن تستغفر لهم سبعين مرة فلن يغفر الله لهم ۚ ذلك بأنهم كفروا بالله ورسوله ۗ والله لا يهدي القوم الفاسقين
9,81,114,5998,فرح المخلفون بمقعدهم خلاف رسول الله وكرهوا أن يجاهدوا بأموالهم وأنفسهم في سبيل الله وقالوا لا تنفروا في الحر ۗ قل نار جهنم أشد حرا ۚ لو كانوا يفقهون
9,82,42,2212,فليضحكوا قليلا وليبكوا كثيرا جزاء بما كانوا يكسبون
9,83,102,9005,فإن رجعك الله إلى طائفة منهم فاستأذنوك للخروج فقل لن تخرجوا معي أبدا ولن تقاتلوا معي عدوا ۖ إنكم رضيتم بالقعود أول مرة فاقعدوا مع الخالفين
9,84,66,3815,ولا تصل على أحد منهم مات أبدا ولا تقم على قبره ۖ إنهم كفروا بالله ورسوله وماتوا وهم فاسقون
9,85,69,3359,ولا تعجبك أموالهم وأولادهم ۚ إنما يريد الله أن يعذبهم بها في الدنيا وتزهق أنفسهم وهم كافرون
9,86,75,5187,وإذا أنزلت سورة أن آمنوا بالله وجاهدوا مع رسوله استأذنك أولو الطول منهم وقالوا ذرنا نكن مع القاعدين
9,87,44,2787,رضوا بأن يكونوا مع الخوالف وطبع على قلوبهم فهم لا يفقهون
9,88,69,3552,لكن الرسول والذين آمنوا معه جاهدوا بأموالهم وأنفسهم ۚ وأولئك لهم الخيرات ۖ وأولئك هم المفلحون
9,89,54,5189,أعد الله لهم جنات تجري من تحتها الأنهار خالدين فيها ۚ ذلك الفوز العظيم
9,90,76,6697,وجاء المعذرون من الأعراب ليؤذن لهم وقعد الذين كذبوا الله ورسوله ۚ سيصيب الذين كفروا منهم عذاب أليم
9,91,96,7396,ليس على الضعفاء ولا على المرضى ولا على الذين لا يجدون ما ينفقون حرج إذا نصحوا لله ورسوله ۚ ما على المحسنين من سبيل ۚ والله غفور رحيم
9,92,83,6118,ولا على الذين إذا ما أتوك لتحملهم قلت لا أجد ما أحملكم عليه تولوا وأعينهم تفيض من الدمع حزنا ألا يجدوا ما ينفقون
9,93,79,6331,۞ إنما السبيل على الذين يستأذنونك وهم أغنياء ۚ رضوا بأن يكونوا مع الخوالف وطبع الله على قلوبهم فهم لا يعلمون
9,94,121,11470,يعتذرون إليكم إذا رجعتم إليهم ۚ قل لا تعتذروا لن نؤمن لكم قد نبأنا الله من أخباركم ۚ وسيرى الله عملكم ورسوله ثم تردون إلى عالم الغيب والشهادة فينبئكم بما كنتم تعملون
9,95,82,5639,سيحلفون بالله لكم إذا انقلبتم إليهم لتعرضوا عنهم ۖ فأعرضوا عنهم ۖ إنهم رجس ۖ ومأواهم جهنم جزاء بما كانوا يكسبون
9,96,56,5444,يحلفون لكم لترضوا عنهم ۖ فإن ترضوا عنهم فإن الله لا يرضى عن القوم الفاسقين
9,97,63,2465,الأعراب أشد كفرا ونفاقا وأجدر ألا يعلموا حدود ما أنزل الله على رسوله ۗ والله عليم حكيم
9,98,66,5633,ومن الأعراب من يتخذ ما ينفق مغرما ويتربص بكم الدوائر ۚ عليهم دائرة السوء ۗ والله سميع عليم
9,99,106,9014,ومن الأعراب من يؤمن بالله واليوم الآخر ويتخذ ما ينفق قربات عند الله وصلوات الرسول ۚ ألا إنها قربة لهم ۚ سيدخلهم الله في رحمته ۗ إن الله غفور رحيم
9,100,122,10054,والسابقون الأولون من المهاجرين والأنصار والذين اتبعوهم بإحسان رضي الله عنهم ورضوا عنه وأعد لهم جنات تجري تحتها الأنهار خالدين فيها أبدا ۚ ذلك الفوز العظيم
9,101,93,7059,وممن حولكم من الأعراب منافقون ۖ ومن أهل المدينة ۖ مردوا على النفاق لا تعلمهم ۖ نحن نعلمهم ۚ سنعذبهم مرتين ثم يردون إلى عذاب عظيم
9,102,68,6698,وآخرون اعترفوا بذنوبهم خلطوا عملا صالحا وآخر سيئا عسى الله أن يتوب عليهم ۚ إن الله غفور رحيم
9,103,62,4340,خذ من أموالهم صدقة تطهرهم وتزكيهم بها وصل عليهم ۖ إن صلاتك سكن لهم ۗ والله سميع عليم
9,104,62,3941,ألم يعلموا أن الله هو يقبل التوبة عن عباده ويأخذ الصدقات وأن الله هو التواب الرحيم
9,105,79,5068,وقل اعملوا فسيرى الله عملكم ورسوله والمؤمنون ۖ وستردون إلى عالم الغيب والشهادة فينبئكم بما كنتم تعملون
9,106,50,3285,وآخرون مرجون لأمر الله إما يعذبهم وإما يتوب عليهم ۗ والله عليم حكيم
9,107,110,8424,والذين اتخذوا مسجدا ضرارا وكفرا وتفريقا بين المؤمنين وإرصادا لمن حارب الله ورسوله من قبل ۚ وليحلفن إن أردنا إلا الحسنى ۖ والله يشهد إنهم لكاذبون
9,108,78,4071,لا تقم فيه أبدا ۚ لمسجد أسس على التقوى من أول يوم أحق أن تقوم فيه ۚ فيه رجال يحبون أن يتطهروا ۚ والله يحب المطهرين
9,109,94,6535,أفمن أسس بنيانه على تقوى من الله ورضوان خير أم من أسس بنيانه على شفا جرف هار فانهار به في نار جهنم ۗ والله لا يهدي القوم الظالمين
9,110,58,2665,لا يزال بنيانهم الذي بنوا ريبة في قلوبهم إلا أن تقطع قلوبهم ۗ والله عليم حكيم
9,111,162,10416,۞ إن الله اشترى من المؤمنين أنفسهم وأموالهم بأن لهم الجنة ۚ يقاتلون في سبيل الله فيقتلون ويقتلون ۖ وعدا عليه حقا في التوراة والإنجيل والقرآن ۚ ومن أوفى بعهده من الله ۚ فاستبشروا ببيعكم الذي بايعتم به ۚ وذلك هو الفوز العظيم
9,112,105,4778,التائبون العابدون الحامدون السائحون الراكعون الساجدون الآمرون بالمعروف والناهون عن المنكر والحافظون لحدود الله ۗ وبشر المؤمنين
9,113,78,5115,ما كان للنبي والذين آمنوا أن يستغفروا للمشركين ولو كانوا أولي قربى من بعد ما تبين لهم أنهم أصحاب الجحيم
9,114,78,4521,وما كان استغفار إبراهيم لأبيه إلا عن موعدة وعدها إياه فلما تبين له أنه عدو لله تبرأ منه ۚ إن إبراهيم لأواه حليم
9,115,57,3822,وما كان الله ليضل قوما بعد إذ هداهم حتى يبين لهم ما يتقون ۚ إن الله بكل شيء عليم
9,116,59,3197,إن الله له ملك السماوات والأرض ۖ يحيي ويميت ۚ وما لكم من دون الله من ولي ولا نصير
9,117,103,7043,لقد تاب الله على النبي والمهاجرين والأنصار الذين اتبعوه في ساعة العسرة من بعد ما كاد يزيغ قلوب فريق منهم ثم تاب عليهم ۚ إنه بهم رءوف رحيم
9,118,116,12380,وعلى الثلاثة الذين خلفوا حتى إذا ضاقت عليهم الأرض بما رحبت وضاقت عليهم أنفسهم وظنوا أن لا ملجأ من الله إلا إليه ثم تاب عليهم ليتوبوا ۚ إن الله هو التواب الرحيم
9,119,39,1974,يا أيها الذين آمنوا اتقوا الله وكونوا مع الصادقين
9,120,186,12735,ما كان لأهل المدينة ومن حولهم من الأعراب أن يتخلفوا عن رسول الله ولا يرغبوا بأنفسهم عن نفسه ۚ ذلك بأنهم لا يصيبهم ظمأ ولا نصب ولا مخمصة في سبيل الله ولا يطئون موطئا يغيظ الكفار ولا ينالون من عدو نيلا إلا كتب لهم به عمل صالح ۚ إن الله لا يضيع أجر المحسنين
9,121,72,3578,ولا ينفقون نفقة صغيرة ولا كبيرة ولا يقطعون واديا إلا كتب لهم ليجزيهم الله أحسن ما كانوا يعملون
9,122,95,6261,۞ وما كان المؤمنون لينفروا كافة ۚ فلولا نفر من كل فرقة منهم طائفة ليتفقهوا في الدين ولينذروا قومهم إذا رجعوا إليهم لعلهم يحذرون
9,123,74,5973,يا أيها الذين آمنوا قاتلوا الذين يلونكم من الكفار وليجدوا فيكم غلظة ۚ واعلموا أن الله مع المتقين
9,124,74,5978,وإذا ما أنزلت سورة فمنهم من يقول أيكم زادته هذه إيمانا ۚ فأما الذين آمنوا فزادتهم إيمانا وهم يستبشرون
9,125,51,4152,وأما الذين في قلوبهم مرض فزادتهم رجسا إلى رجسهم وماتوا وهم كافرون
9,126,52,4304,أولا يرون أنهم يفتنون في كل عام مرة أو مرتين ثم لا يتوبون ولا هم يذكرون
9,127,72,6990,وإذا ما أنزلت سورة نظر بعضهم إلى بعض هل يراكم من أحد ثم انصرفوا ۚ صرف الله قلوبهم بأنهم قوم لا يفقهون
9,128,56,2889,لقد جاءكم رسول من أنفسكم عزيز عليه ما عنتم حريص عليكم بالمؤمنين رءوف رحيم
9,129,51,3879,فإن تولوا فقل حسبي الله لا إله إلا هو ۖ عليه توكلت ۖ وهو رب العرش العظيم
10,1,21,1655,الر ۚ تلك آيات الكتاب الحكيم
10,2,89,5889,أكان للناس عجبا أن أوحينا إلى رجل منهم أن أنذر الناس وبشر الذين آمنوا أن لهم قدم صدق عند ربهم ۗ قال الكافرون إن هذا لساحر مبين
10,3,103,10537,إن ربكم الله الذي خلق السماوات والأرض في ستة أيام ثم استوى على العرش ۖ يدبر الأمر ۖ ما من شفيع إلا من بعد إذنه ۚ ذلكم الله ربكم فاعبدوه ۚ أفلا تذكرون
10,4,121,7348,إليه مرجعكم جميعا ۖ وعد الله حقا ۚ إنه يبدأ الخلق ثم يعيده ليجزي الذين آمنوا وعملوا الصالحات بالقسط ۚ والذين كفروا لهم شراب من حميم وعذاب أليم بما كانوا يكفرون
10,5,98,6931,هو الذي جعل الشمس ضياء والقمر نورا وقدره منازل لتعلموا عدد السنين والحساب ۚ ما خلق الله ذلك إلا بالحق ۚ يفصل الآيات لقوم يعلمون
10,6,59,5338,إن في اختلاف الليل والنهار وما خلق الله في السماوات والأرض لآيات لقوم يتقون
10,7,66,5196,إن الذين لا يرجون لقاءنا ورضوا بالحياة الدنيا واطمأنوا بها والذين هم عن آياتنا غافلون
10,8,27,699,أولئك مأواهم النار بما كانوا يكسبون
10,9,70,4709,إن الذين آمنوا وعملوا الصالحات يهديهم ربهم بإيمانهم ۖ تجري من تحتهم الأنهار في جنات النعيم
10,10,64,3129,دعواهم فيها سبحانك اللهم وتحيتهم فيها سلام ۚ وآخر دعواهم أن الحمد لله رب العالمين
10,11,83,7168,۞ ولو يعجل الله للناس الشر استعجالهم بالخير لقضي إليهم أجلهم ۖ فنذر الذين لا يرجون لقاءنا في طغيانهم يعمهون
10,12,96,7620,وإذا مس الإنسان الضر دعانا لجنبه أو قاعدا أو قائما فلما كشفنا عنه ضره مر كأن لم يدعنا إلى ضر مسه ۚ كذلك زين للمسرفين ما كانوا يعملون
10,13,84,4902,ولقد أهلكنا القرون من قبلكم لما ظلموا ۙ وجاءتهم رسلهم بالبينات وما كانوا ليؤمنوا ۚ كذلك نجزي القوم المجرمين
10,14,40,4733,ثم جعلناكم خلائف في الأرض من بعدهم لننظر كيف تعملون
10,15,120,12026,وإذا تتلى عليهم آياتنا بينات ۙ قال الذين لا يرجون لقاءنا ائت بقرآن غير هذا أو بدله ۚ قل ما يكون لي أن أبدله من تلقاء نفسي ۖ إن أتبع إلا ما يوحى إلي ۖ إني أخاف إن عصيت ربي عذاب يوم عظيم
10,16,62,4465,قل لو شاء الله ما تلوته عليكم ولا أدراكم به ۖ فقد لبثت فيكم عمرا من قبله ۚ أفلا تعقلون
10,17,48,4570,فمن أظلم ممن افترى على الله كذبا أو كذب بآياته ۚ إنه لا يفلح المجرمون
10,18,116,6764,ويعبدون من دون الله ما لا يضرهم ولا ينفعهم ويقولون هؤلاء شفعاؤنا عند الله ۚ قل أتنبئون الله بما لا يعلم في السماوات ولا في الأرض ۚ سبحانه وتعالى عما يشركون
10,19,66,5034,وما كان الناس إلا أمة واحدة فاختلفوا ۚ ولولا كلمة سبقت من ربك لقضي بينهم فيما فيه يختلفون
10,20,63,5832,ويقولون لولا أنزل عليه آية من ربه ۖ فقل إنما الغيب لله فانتظروا إني معكم من المنتظرين
10,21,76,7671,وإذا أذقنا الناس رحمة من بعد ضراء مستهم إذا لهم مكر في آياتنا ۚ قل الله أسرع مكرا ۚ إن رسلنا يكتبون ما تمكرون
10,22,157,10184,هو الذي يسيركم في البر والبحر ۖ حتى إذا كنتم في الفلك وجرين بهم بريح طيبة وفرحوا بها جاءتها ريح عاصف وجاءهم الموج من كل مكان وظنوا أنهم أحيط بهم ۙ دعوا الله مخلصين له الدين لئن أنجيتنا من هذه لنكونن من الشاكرين
10,23,103,9270,فلما أنجاهم إذا هم يبغون في الأرض بغير الحق ۗ يا أيها الناس إنما بغيكم على أنفسكم ۖ متاع الحياة الدنيا ۖ ثم إلينا مرجعكم فننبئكم بما كنتم تعملون
10,24,178,16613,إنما مثل الحياة الدنيا كماء أنزلناه من السماء فاختلط به نبات الأرض مما يأكل الناس والأنعام حتى إذا أخذت الأرض زخرفها وازينت وظن أهلها أنهم قادرون عليها أتاها أمرنا ليلا أو نهارا فجعلناها حصيدا كأن لم تغن بالأمس ۚ كذلك نفصل الآيات لقوم يتفكرون
10,25,40,1975,والله يدعو إلى دار السلام ويهدي من يشاء إلى صراط مستقيم
10,26,64,4079,۞ للذين أحسنوا الحسنى وزيادة ۖ ولا يرهق وجوههم قتر ولا ذلة ۚ أولئك أصحاب الجنة ۖ هم فيها خالدون
10,27,108,8635,والذين كسبوا السيئات جزاء سيئة بمثلها وترهقهم ذلة ۖ ما لهم من الله من عاصم ۖ كأنما أغشيت وجوههم قطعا من الليل مظلما ۚ أولئك أصحاب النار ۖ هم فيها خالدون
10,28,84,6243,ويوم نحشرهم جميعا ثم نقول للذين أشركوا مكانكم أنتم وشركاؤكم ۚ فزيلنا بينهم ۖ وقال شركاؤهم ما كنتم إيانا تعبدون
10,29,44,2788,فكفى بالله شهيدا بيننا وبينكم إن كنا عن عبادتكم لغافلين
10,30,60,3835,هنالك تبلو كل نفس ما أسلفت ۚ وردوا إلى الله مولاهم الحق ۖ وضل عنهم ما كانوا يفترون
10,31,108,7813,قل من يرزقكم من السماء والأرض أمن يملك السمع والأبصار ومن يخرج الحي من الميت ويخرج الميت من الحي ومن يدبر الأمر ۚ فسيقولون الله ۚ فقل أفلا تتقون
10,32,45,4253,فذلكم الله ربكم الحق ۖ فماذا بعد الحق إلا الضلال ۖ فأنى تصرفون
10,33,36,3410,كذلك حقت كلمت ربك على الذين فسقوا أنهم لا يؤمنون
10,34,57,4640,قل هل من شركائكم من يبدأ الخلق ثم يعيده ۚ قل الله يبدأ الخلق ثم يعيده ۖ فأنى تؤفكون
10,35,85,3620,قل هل من شركائكم من يهدي إلى الحق ۚ قل الله يهدي للحق ۗ أفمن يهدي إلى الحق أحق أن يتبع أمن لا يهدي إلا أن يهدى ۖ فما لكم كيف تحكمون
10,36,55,5503,وما يتبع أكثرهم إلا ظنا ۚ إن الظن لا يغني من الحق شيئا ۚ إن الله عليم بما يفعلون
10,37,80,5635,وما كان هذا القرآن أن يفترى من دون الله ولكن تصديق الذي بين يديه وتفصيل الكتاب لا ريب فيه من رب العالمين
10,38,62,4578,أم يقولون افتراه ۖ قل فأتوا بسورة مثله وادعوا من استطعتم من دون الله إن كنتم صادقين
10,39,78,7245,بل كذبوا بما لم يحيطوا بعلمه ولما يأتهم تأويله ۚ كذلك كذب الذين من قبلهم ۖ فانظر كيف كان عاقبة الظالمين
10,40,42,1352,ومنهم من يؤمن به ومنهم من لا يؤمن به ۚ وربك أعلم بالمفسدين
10,41,54,3425,وإن كذبوك فقل لي عملي ولكم عملكم ۖ أنتم بريئون مما أعمل وأنا بريء مما تعملون
10,42,44,2605,ومنهم من يستمعون إليك ۚ أفأنت تسمع الصم ولو كانوا لا يعقلون
10,43,42,3060,ومنهم من ينظر إليك ۚ أفأنت تهدي العمي ولو كانوا لا يبصرون
10,44,39,3099,إن الله لا يظلم الناس شيئا ولكن الناس أنفسهم يظلمون
10,45,83,6094,ويوم يحشرهم كأن لم يلبثوا إلا ساعة من النهار يتعارفون بينهم ۚ قد خسر الذين كذبوا بلقاء الله وما كانوا مهتدين
10,46,59,4622,وإما نرينك بعض الذي نعدهم أو نتوفينك فإلينا مرجعهم ثم الله شهيد على ما يفعلون
10,47,45,3885,ولكل أمة رسول ۖ فإذا جاء رسولهم قضي بينهم بالقسط وهم لا يظلمون
10,48,28,2280,ويقولون متى هذا الوعد إن كنتم صادقين
10,49,70,5370,قل لا أملك لنفسي ضرا ولا نفعا إلا ما شاء الله ۗ لكل أمة أجل ۚ إذا جاء أجلهم فلا يستأخرون ساعة ۖ ولا يستقدمون
10,50,48,4526,قل أرأيتم إن أتاكم عذابه بياتا أو نهارا ماذا يستعجل منه المجرمون
10,51,34,3721,أثم إذا ما وقع آمنتم به ۚ آلآن وقد كنتم به تستعجلون
10,52,51,6351,ثم قيل للذين ظلموا ذوقوا عذاب الخلد هل تجزون إلا بما كنتم تكسبون
10,53,38,1993,۞ ويستنبئونك أحق هو ۖ قل إي وربي إنه لحق ۖ وما أنتم بمعجزين
10,54,79,7640,ولو أن لكل نفس ظلمت ما في الأرض لافتدت به ۗ وأسروا الندامة لما رأوا العذاب ۖ وقضي بينهم بالقسط ۚ وهم لا يظلمون
10,55,52,3296,ألا إن لله ما في السماوات والأرض ۗ ألا إن وعد الله حق ولكن أكثرهم لا يعلمون
10,56,21,1295,هو يحيي ويميت وإليه ترجعون
10,57,56,3503,يا أيها الناس قد جاءتكم موعظة من ربكم وشفاء لما في الصدور وهدى ورحمة للمؤمنين
10,58,44,4097,قل بفضل الله وبرحمته فبذلك فليفرحوا هو خير مما يجمعون
10,59,66,4882,قل أرأيتم ما أنزل الله لكم من رزق فجعلتم منه حراما وحلالا قل آلله أذن لكم ۖ أم على الله تفترون
10,60,71,7183,وما ظن الذين يفترون على الله الكذب يوم القيامة ۗ إن الله لذو فضل على الناس ولكن أكثرهم لا يشكرون
10,61,131,12564,وما تكون في شأن وما تتلو منه من قرآن ولا تعملون من عمل إلا كنا عليكم شهودا إذ تفيضون فيه ۚ وما يعزب عن ربك من مثقال ذرة في الأرض ولا في السماء ولا أصغر من ذلك ولا أكبر إلا في كتاب مبين
10,62,32,1279,ألا إن أولياء الله لا خوف عليهم ولا هم يحزنون
10,63,20,1538,الذين آمنوا وكانوا يتقون
10,64,61,4771,لهم البشرى في الحياة الدنيا وفي الآخرة ۚ لا تبديل لكلمات الله ۚ ذلك هو الفوز العظيم
10,65,40,1063,ولا يحزنك قولهم ۘ إن العزة لله جميعا ۚ هو السميع العليم
10,66,82,6967,ألا إن لله من في السماوات ومن في الأرض ۗ وما يتبع الذين يدعون من دون الله شركاء ۚ إن يتبعون إلا الظن وإن هم إلا يخرصون
10,67,59,4077,هو الذي جعل لكم الليل لتسكنوا فيه والنهار مبصرا ۚ إن في ذلك لآيات لقوم يسمعون
10,68,92,7655,قالوا اتخذ الله ولدا ۗ سبحانه ۖ هو الغني ۖ له ما في السماوات وما في الأرض ۚ إن عندكم من سلطان بهذا ۚ أتقولون على الله ما لا تعلمون
10,69,33,2851,قل إن الذين يفترون على الله الكذب لا يفلحون
10,70,58,4771,متاع في الدنيا ثم إلينا مرجعهم ثم نذيقهم العذاب الشديد بما كانوا يكفرون
10,71,125,11887,۞ واتل عليهم نبأ نوح إذ قال لقومه يا قوم إن كان كبر عليكم مقامي وتذكيري بآيات الله فعلى الله توكلت فأجمعوا أمركم وشركاءكم ثم لا يكن أمركم عليكم غمة ثم اقضوا إلي ولا تنظرون
10,72,50,3563,فإن توليتم فما سألتكم من أجر ۖ إن أجري إلا على الله ۖ وأمرت أن أكون من المسلمين
10,73,83,8397,فكذبوه فنجيناه ومن معه في الفلك وجعلناهم خلائف وأغرقنا الذين كذبوا بآياتنا ۖ فانظر كيف كان عاقبة المنذرين
10,74,88,5558,ثم بعثنا من بعده رسلا إلى قومهم فجاءوهم بالبينات فما كانوا ليؤمنوا بما كذبوا به من قبل ۚ كذلك نطبع على قلوب المعتدين
10,75,64,4073,ثم بعثنا من بعدهم موسى وهارون إلى فرعون وملئه بآياتنا فاستكبروا وكانوا قوما مجرمين
10,76,36,1898,فلما جاءهم الحق من عندنا قالوا إن هذا لسحر مبين
10,77,44,2627,قال موسى أتقولون للحق لما جاءكم ۖ أسحر هذا ولا يفلح الساحرون
10,78,70,4323,قالوا أجئتنا لتلفتنا عما وجدنا عليه آباءنا وتكون لكما الكبرياء في الأرض وما نحن لكما بمؤمنين
10,79,25,1481,وقال فرعون ائتوني بكل ساحر عليم
10,80,34,1660,فلما جاء السحرة قال لهم موسى ألقوا ما أنتم ملقون
10,81,59,2247,فلما ألقوا قال موسى ما جئتم به السحر ۖ إن الله سيبطله ۖ إن الله لا يصلح عمل المفسدين
10,82,33,1464,ويحق الله الحق بكلماته ولو كره المجرمون
10,83,75,5933,فما آمن لموسى إلا ذرية من قومه على خوف من فرعون وملئهم أن يفتنهم ۚ وإن فرعون لعال في الأرض وإنه لمن المسرفين
10,84,48,3006,وقال موسى يا قوم إن كنتم آمنتم بالله فعليه توكلوا إن كنتم مسلمين
10,85,46,3527,فقالوا على الله توكلنا ربنا لا تجعلنا فتنة للقوم الظالمين
10,86,26,1439,ونجنا برحمتك من القوم الكافرين
10,87,72,4055,وأوحينا إلى موسى وأخيه أن تبوآ لقومكما بمصر بيوتا واجعلوا بيوتكم قبلة وأقيموا الصلاة ۗ وبشر المؤمنين
10,88,118,6563,وقال موسى ربنا إنك آتيت فرعون وملأه زينة وأموالا في الحياة الدنيا ربنا ليضلوا عن سبيلك ۖ ربنا اطمس على أموالهم واشدد على قلوبهم فلا يؤمنوا حتى يروا العذاب الأليم
10,89,50,3973,قال قد أجيبت دعوتكما فاستقيما ولا تتبعان سبيل الذين لا يعلمون
10,90,104,8304,۞ وجاوزنا ببني إسرائيل البحر فأتبعهم فرعون وجنوده بغيا وعدوا ۖ حتى إذا أدركه الغرق قال آمنت أنه لا إله إلا الذي آمنت به بنو إسرائيل وأنا من المسلمين
10,91,26,1733,آلآن وقد عصيت قبل وكنت من المفسدين
10,92,57,4542,فاليوم ننجيك ببدنك لتكون لمن خلفك آية ۚ وإن كثيرا من الناس عن آياتنا لغافلون
10,93,101,6640,ولقد بوأنا بني إسرائيل مبوأ صدق ورزقناهم من الطيبات فما اختلفوا حتى جاءهم العلم ۚ إن ربك يقضي بينهم يوم القيامة فيما كانوا فيه يختلفون
10,94,79,5420,فإن كنت في شك مما أنزلنا إليك فاسأل الذين يقرءون الكتاب من قبلك ۚ لقد جاءك الحق من ربك فلا تكونن من الممترين
10,95,43,4250,ولا تكونن من الذين كذبوا بآيات الله فتكون من الخاسرين
10,96,28,2403,إن الذين حقت عليهم كلمت ربك لا يؤمنون
10,97,28,2091,ولو جاءتهم كل آية حتى يروا العذاب الأليم
10,98,86,5265,فلولا كانت قرية آمنت فنفعها إيمانها إلا قوم يونس لما آمنوا كشفنا عنهم عذاب الخزي في الحياة الدنيا ومتعناهم إلى حين
10,99,53,4103,ولو شاء ربك لآمن من في الأرض كلهم جميعا ۚ أفأنت تكره الناس حتى يكونوا مؤمنين
10,100,48,3328,وما كان لنفس أن تؤمن إلا بإذن الله ۚ ويجعل الرجس على الذين لا يعقلون
10,101,57,7085,قل انظروا ماذا في السماوات والأرض ۚ وما تغني الآيات والنذر عن قوم لا يؤمنون
10,102,61,7847,فهل ينتظرون إلا مثل أيام الذين خلوا من قبلهم ۚ قل فانتظروا إني معكم من المنتظرين
10,103,43,3252,ثم ننجي رسلنا والذين آمنوا ۚ كذلك حقا علينا ننج المؤمنين
10,104,92,5788,قل يا أيها الناس إن كنتم في شك من ديني فلا أعبد الذين تعبدون من دون الله ولكن أعبد الله الذي يتوفاكم ۖ وأمرت أن أكون من المؤمنين
10,105,36,1807,وأن أقم وجهك للدين حنيفا ولا تكونن من المشركين
10,106,52,4809,ولا تدع من دون الله ما لا ينفعك ولا يضرك ۖ فإن فعلت فإنك إذا من الظالمين
10,107,81,6581,وإن يمسسك الله بضر فلا كاشف له إلا هو ۖ وإن يردك بخير فلا راد لفضله ۚ يصيب به من يشاء من عباده ۚ وهو الغفور الرحيم
10,108,81,4752,قل يا أيها الناس قد جاءكم الحق من ربكم ۖ فمن اهتدى فإنما يهتدي لنفسه ۖ ومن ضل فإنما يضل عليها ۖ وما أنا عليكم بوكيل
10,109,42,2442,واتبع ما يوحى إليك واصبر حتى يحكم الله ۚ وهو خير الحاكمين
11,1,34,3742,الر ۚ كتاب أحكمت آياته ثم فصلت من لدن حكيم خبير
11,2,32,2384,ألا تعبدوا إلا الله ۚ إنني لكم منه نذير وبشير
11,3,88,10032,وأن استغفروا ربكم ثم توبوا إليه يمتعكم متاعا حسنا إلى أجل مسمى ويؤت كل ذي فضل فضله ۖ وإن تولوا فإني أخاف عليكم عذاب يوم كبير
11,4,24,1260,إلى الله مرجعكم ۖ وهو على كل شيء قدير
11,5,81,7271,ألا إنهم يثنون صدورهم ليستخفوا منه ۚ ألا حين يستغشون ثيابهم يعلم ما يسرون وما يعلنون ۚ إنه عليم بذات الصدور
11,6,60,3994,۞ وما من دابة في الأرض إلا على الله رزقها ويعلم مستقرها ومستودعها ۚ كل في كتاب مبين
11,7,116,9480,وهو الذي خلق السماوات والأرض في ستة أيام وكان عرشه على الماء ليبلوكم أيكم أحسن عملا ۗ ولئن قلت إنكم مبعوثون من بعد الموت ليقولن الذين كفروا إن هذا إلا سحر مبين
11,8,83,4512,ولئن أخرنا عنهم العذاب إلى أمة معدودة ليقولن ما يحبسه ۗ ألا يوم يأتيهم ليس مصروفا عنهم وحاق بهم ما كانوا به يستهزئون
11,9,41,2754,ولئن أذقنا الإنسان منا رحمة ثم نزعناها منه إنه ليئوس كفور
11,10,50,5509,ولئن أذقناه نعماء بعد ضراء مسته ليقولن ذهب السيئات عني ۚ إنه لفرح فخور
11,11,43,3727,إلا الذين صبروا وعملوا الصالحات أولئك لهم مغفرة وأجر كبير
11,12,84,5939,فلعلك تارك بعض ما يوحى إليك وضائق به صدرك أن يقولوا لولا أنزل عليه كنز أو جاء معه ملك ۚ إنما أنت نذير ۚ والله على كل شيء وكيل
11,13,72,6279,أم يقولون افتراه ۖ قل فأتوا بعشر سور مثله مفتريات وادعوا من استطعتم من دون الله إن كنتم صادقين
11,14,57,2341,فإلم يستجيبوا لكم فاعلموا أنما أنزل بعلم الله وأن لا إله إلا هو ۖ فهل أنتم مسلمون
11,15,59,2419,من كان يريد الحياة الدنيا وزينتها نوف إليهم أعمالهم فيها وهم فيها لا يبخسون
11,16,60,3008,أولئك الذين ليس لهم في الآخرة إلا النار ۖ وحبط ما صنعوا فيها وباطل ما كانوا يعملون
11,17,132,6545,أفمن كان على بينة من ربه ويتلوه شاهد منه ومن قبله كتاب موسى إماما ورحمة ۚ أولئك يؤمنون به ۚ ومن يكفر به من الأحزاب فالنار موعده ۚ فلا تك في مرية منه ۚ إنه الحق من ربك ولكن أكثر الناس لا يؤمنون
11,18,87,8110,ومن أظلم ممن افترى على الله كذبا ۚ أولئك يعرضون على ربهم ويقول الأشهاد هؤلاء الذين كذبوا على ربهم ۚ ألا لعنة الله على الظالمين
11,19,48,3685,الذين يصدون عن سبيل الله ويبغونها عوجا وهم بالآخرة هم كافرون
11,20,95,5324,أولئك لم يكونوا معجزين في الأرض وما كان لهم من دون الله من أولياء ۘ يضاعف لهم العذاب ۚ ما كانوا يستطيعون السمع وما كانوا يبصرون
11,21,38,3815,أولئك الذين خسروا أنفسهم وضل عنهم ما كانوا يفترون
11,22,23,2282,لا جرم أنهم في الآخرة هم الأخسرون
11,23,58,4017,إن الذين آمنوا وعملوا الصالحات وأخبتوا إلى ربهم أولئك أصحاب الجنة ۖ هم فيها خالدون
11,24,57,4565,۞ مثل الفريقين كالأعمى والأصم والبصير والسميع ۚ هل يستويان مثلا ۚ أفلا تذكرون
11,25,31,1939,ولقد أرسلنا نوحا إلى قومه إني لكم نذير مبين
11,26,35,2481,أن لا تعبدوا إلا الله ۖ إني أخاف عليكم عذاب يوم أليم
11,27,107,9459,فقال الملأ الذين كفروا من قومه ما نراك إلا بشرا مثلنا وما نراك اتبعك إلا الذين هم أراذلنا بادي الرأي وما نرى لكم علينا من فضل بل نظنكم كاذبين
11,28,72,4639,قال يا قوم أرأيتم إن كنت على بينة من ربي وآتاني رحمة من عنده فعميت عليكم أنلزمكموها وأنتم لها كارهون
11,29,82,3730,ويا قوم لا أسألكم عليه مالا ۖ إن أجري إلا على الله ۚ وما أنا بطارد الذين آمنوا ۚ إنهم ملاقو ربهم ولكني أراكم قوما تجهلون
11,30,36,3014,ويا قوم من ينصرني من الله إن طردتهم ۚ أفلا تذكرون
11,31,111,8407,ولا أقول لكم عندي خزائن الله ولا أعلم الغيب ولا أقول إني ملك ولا أقول للذين تزدري أعينكم لن يؤتيهم الله خيرا ۖ الله أعلم بما في أنفسهم ۖ إني إذا لمن الظالمين
11,32,56,4090,قالوا يا نوح قد جادلتنا فأكثرت جدالنا فأتنا بما تعدنا إن كنت من الصادقين
11,33,33,1845,قال إنما يأتيكم به الله إن شاء وما أنتم بمعجزين
11,34,59,4007,ولا ينفعكم نصحي إن أردت أن أنصح لكم إن كان الله يريد أن يغويكم ۚ هو ربكم وإليه ترجعون
11,35,47,3698,أم يقولون افتراه ۖ قل إن افتريته فعلي إجرامي وأنا بريء مما تجرمون
11,36,50,2270,وأوحي إلى نوح أنه لن يؤمن من قومك إلا من قد آمن فلا تبتئس بما كانوا يفعلون
11,37,53,5100,واصنع الفلك بأعيننا ووحينا ولا تخاطبني في الذين ظلموا ۚ إنهم مغرقون
11,38,70,6219,ويصنع الفلك وكلما مر عليه ملأ من قومه سخروا منه ۚ قال إن تسخروا منا فإنا نسخر منكم كما تسخرون
11,39,41,3874,فسوف تعلمون من يأتيه عذاب يخزيه ويحل عليه عذاب مقيم
11,40,85,4826,حتى إذا جاء أمرنا وفار التنور قلنا احمل فيها من كل زوجين اثنين وأهلك إلا من سبق عليه القول ومن آمن ۚ وما آمن معه إلا قليل
11,41,47,3030,۞ وقال اركبوا فيها بسم الله مجراها ومرساها ۚ إن ربي لغفور رحيم
11,42,72,2870,وهي تجري بهم في موج كالجبال ونادى نوح ابنه وكان في معزل يا بني اركب معنا ولا تكن مع الكافرين
11,43,80,3824,قال سآوي إلى جبل يعصمني من الماء ۚ قال لا عاصم اليوم من أمر الله إلا من رحم ۚ وحال بينهما الموج فكان من المغرقين
11,44,77,7252,وقيل يا أرض ابلعي ماءك ويا سماء أقلعي وغيض الماء وقضي الأمر واستوت على الجودي ۖ وقيل بعدا للقوم الظالمين
11,45,50,1972,ونادى نوح ربه فقال رب إن ابني من أهلي وإن وعدك الحق وأنت أحكم الحاكمين
11,46,69,4825,قال يا نوح إنه ليس من أهلك ۖ إنه عمل غير صالح ۖ فلا تسألن ما ليس لك به علم ۖ إني أعظك أن تكون من الجاهلين
11,47,56,5262,قال رب إني أعوذ بك أن أسألك ما ليس لي به علم ۖ وإلا تغفر لي وترحمني أكن من الخاسرين
11,48,68,4051,قيل يا نوح اهبط بسلام منا وبركات عليك وعلى أمم ممن معك ۚ وأمم سنمتعهم ثم يمسهم منا عذاب أليم
11,49,69,5701,تلك من أنباء الغيب نوحيها إليك ۖ ما كنت تعلمها أنت ولا قومك من قبل هذا ۖ فاصبر ۖ إن العاقبة للمتقين
11,50,56,4029,وإلى عاد أخاهم هودا ۚ قال يا قوم اعبدوا الله ما لكم من إله غيره ۖ إن أنتم إلا مفترون
11,51,44,2908,يا قوم لا أسألكم عليه أجرا ۖ إن أجري إلا على الذي فطرني ۚ أفلا تعقلون
11,52,77,6233,ويا قوم استغفروا ربكم ثم توبوا إليه يرسل السماء عليكم مدرارا ويزدكم قوة إلى قوتكم ولا تتولوا مجرمين
11,53,57,2670,قالوا يا هود ما جئتنا ببينة وما نحن بتاركي آلهتنا عن قولك وما نحن لك بمؤمنين
11,54,57,4603,إن نقول إلا اعتراك بعض آلهتنا بسوء ۗ قال إني أشهد الله واشهدوا أني بريء مما تشركون
11,55,28,2636,من دونه ۖ فكيدوني جميعا ثم لا تنظرون
11,56,58,4913,إني توكلت على الله ربي وربكم ۚ ما من دابة إلا هو آخذ بناصيتها ۚ إن ربي على صراط مستقيم
11,57,73,9431,فإن تولوا فقد أبلغتكم ما أرسلت به إليكم ۚ ويستخلف ربي قوما غيركم ولا تضرونه شيئا ۚ إن ربي على كل شيء حفيظ
11,58,57,4820,ولما جاء أمرنا نجينا هودا والذين آمنوا معه برحمة منا ونجيناهم من عذاب غليظ
11,59,48,2797,وتلك عاد ۖ جحدوا بآيات ربهم وعصوا رسله واتبعوا أمر كل جبار عنيد
11,60,62,2860,وأتبعوا في هذه الدنيا لعنة ويوم القيامة ۗ ألا إن عادا كفروا ربهم ۗ ألا بعدا لعاد قوم هود
11,61,102,9207,۞ وإلى ثمود أخاهم صالحا ۚ قال يا قوم اعبدوا الله ما لكم من إله غيره ۖ هو أنشأكم من الأرض واستعمركم فيها فاستغفروه ثم توبوا إليه ۚ إن ربي قريب مجيب
11,62,77,4401,قالوا يا صالح قد كنت فينا مرجوا قبل هذا ۖ أتنهانا أن نعبد ما يعبد آباؤنا وإننا لفي شك مما تدعونا إليه مريب
11,63,77,7231,قال يا قوم أرأيتم إن كنت على بينة من ربي وآتاني منه رحمة فمن ينصرني من الله إن عصيته ۖ فما تزيدونني غير تخسير
11,64,63,6940,ويا قوم هذه ناقة الله لكم آية فذروها تأكل في أرض الله ولا تمسوها بسوء فيأخذكم عذاب قريب
11,65,45,5835,فعقروها فقال تمتعوا في داركم ثلاثة أيام ۖ ذلك وعد غير مكذوب
11,66,67,4064,فلما جاء أمرنا نجينا صالحا والذين آمنوا معه برحمة منا ومن خزي يومئذ ۗ إن ربك هو القوي العزيز
11,67,38,4354,وأخذ الذين ظلموا الصيحة فأصبحوا في ديارهم جاثمين
11,68,40,3176,كأن لم يغنوا فيها ۗ ألا إن ثمود كفروا ربهم ۗ ألا بعدا لثمود
11,69,58,3790,ولقد جاءت رسلنا إبراهيم بالبشرى قالوا سلاما ۖ قال سلام ۖ فما لبث أن جاء بعجل حنيذ
11,70,58,4093,فلما رأى أيديهم لا تصل إليه نكرهم وأوجس منهم خيفة ۚ قالوا لا تخف إنا أرسلنا إلى قوم لوط
11,71,42,3571,وامرأته قائمة فضحكت فبشرناها بإسحاق ومن وراء إسحاق يعقوب
11,72,42,4081,قالت يا ويلتى أألد وأنا عجوز وهذا بعلي شيخا ۖ إن هذا لشيء عجيب
11,73,56,3239,قالوا أتعجبين من أمر الله ۖ رحمت الله وبركاته عليكم أهل البيت ۚ إنه حميد مجيد
11,74,45,2871,فلما ذهب عن إبراهيم الروع وجاءته البشرى يجادلنا في قوم لوط
11,75,19,540,إن إبراهيم لحليم أواه منيب
11,76,47,5583,يا إبراهيم أعرض عن هذا ۖ إنه قد جاء أمر ربك ۖ وإنهم آتيهم عذاب غير مردود
11,77,46,3981,ولما جاءت رسلنا لوطا سيء بهم وضاق بهم ذرعا وقال هذا يوم عصيب
11,78,102,6453,وجاءه قومه يهرعون إليه ومن قبل كانوا يعملون السيئات ۚ قال يا قوم هؤلاء بناتي هن أطهر لكم ۖ فاتقوا الله ولا تخزون في ضيفي ۖ أليس منكم رجل رشيد
11,79,42,2646,قالوا لقد علمت ما لنا في بناتك من حق وإنك لتعلم ما نريد
11,80,24,1065,قال لو أن لي بكم قوة أو آوي إلى ركن شديد
11,81,107,4887,قالوا يا لوط إنا رسل ربك لن يصلوا إليك ۖ فأسر بأهلك بقطع من الليل ولا يلتفت منكم أحد إلا امرأتك ۖ إنه مصيبها ما أصابهم ۚ إن موعدهم الصبح ۚ أليس الصبح بقريب
11,82,53,2621,فلما جاء أمرنا جعلنا عاليها سافلها وأمطرنا عليها حجارة من سجيل منضود
11,83,30,1794,مسومة عند ربك ۖ وما هي من الظالمين ببعيد
11,84,102,6985,۞ وإلى مدين أخاهم شعيبا ۚ قال يا قوم اعبدوا الله ما لكم من إله غيره ۖ ولا تنقصوا المكيال والميزان ۚ إني أراكم بخير وإني أخاف عليكم عذاب يوم محيط
11,85,70,4718,ويا قوم أوفوا المكيال والميزان بالقسط ۖ ولا تبخسوا الناس أشياءهم ولا تعثوا في الأرض مفسدين
11,86,39,3496,بقيت الله خير لكم إن كنتم مؤمنين ۚ وما أنا عليكم بحفيظ
11,87,71,4743,قالوا يا شعيب أصلاتك تأمرك أن نترك ما يعبد آباؤنا أو أن نفعل في أموالنا ما نشاء ۖ إنك لأنت الحليم الرشيد
11,88,119,7483,قال يا قوم أرأيتم إن كنت على بينة من ربي ورزقني منه رزقا حسنا ۚ وما أريد أن أخالفكم إلى ما أنهاكم عنه ۚ إن أريد إلا الإصلاح ما استطعت ۚ وما توفيقي إلا بالله ۚ عليه توكلت وإليه أنيب
11,89,74,3128,ويا قوم لا يجرمنكم شقاقي أن يصيبكم مثل ما أصاب قوم نوح أو قوم هود أو قوم صالح ۚ وما قوم لوط منكم ببعيد
11,90,35,3556,واستغفروا ربكم ثم توبوا إليه ۚ إن ربي رحيم ودود
11,91,77,5020,قالوا يا شعيب ما نفقه كثيرا مما تقول وإنا لنراك فينا ضعيفا ۖ ولولا رهطك لرجمناك ۖ وما أنت علينا بعزيز
11,92,61,5424,قال يا قوم أرهطي أعز عليكم من الله واتخذتموه وراءكم ظهريا ۖ إن ربي بما تعملون محيط
11,93,78,5933,ويا قوم اعملوا على مكانتكم إني عامل ۖ سوف تعلمون من يأتيه عذاب يخزيه ومن هو كاذب ۖ وارتقبوا إني معكم رقيب
11,94,79,6973,ولما جاء أمرنا نجينا شعيبا والذين آمنوا معه برحمة منا وأخذت الذين ظلموا الصيحة فأصبحوا في ديارهم جاثمين
11,95,35,2632,كأن لم يغنوا فيها ۗ ألا بعدا لمدين كما بعدت ثمود
11,96,28,1309,ولقد أرسلنا موسى بآياتنا وسلطان مبين
11,97,39,2932,إلى فرعون وملئه فاتبعوا أمر فرعون ۖ وما أمر فرعون برشيد
11,98,43,1756,يقدم قومه يوم القيامة فأوردهم النار ۖ وبئس الورد المورود
11,99,38,2417,وأتبعوا في هذه لعنة ويوم القيامة ۚ بئس الرفد المرفود
11,100,32,1954,ذلك من أنباء القرى نقصه عليك ۖ منها قائم وحصيد
11,101,88,8515,وما ظلمناهم ولكن ظلموا أنفسهم ۖ فما أغنت عنهم آلهتهم التي يدعون من دون الله من شيء لما جاء أمر ربك ۖ وما زادوهم غير تتبيب
11,102,36,7375,وكذلك أخذ ربك إذا أخذ القرى وهي ظالمة ۚ إن أخذه أليم شديد
11,103,52,5644,إن في ذلك لآية لمن خاف عذاب الآخرة ۚ ذلك يوم مجموع له الناس وذلك يوم مشهود
11,104,17,1120,وما نؤخره إلا لأجل معدود
11,105,33,2740,يوم يأت لا تكلم نفس إلا بإذنه ۚ فمنهم شقي وسعيد
11,106,36,2660,فأما الذين شقوا ففي النار لهم فيها زفير وشهيق
11,107,53,4196,خالدين فيها ما دامت السماوات والأرض إلا ما شاء ربك ۚ إن ربك فعال لما يريد
11,108,69,7420,۞ وأما الذين سعدوا ففي الجنة خالدين فيها ما دامت السماوات والأرض إلا ما شاء ربك ۖ عطاء غير مجذوذ
11,109,70,3662,فلا تك في مرية مما يعبد هؤلاء ۚ ما يعبدون إلا كما يعبد آباؤهم من قبل ۚ وإنا لموفوهم نصيبهم غير منقوص
11,110,68,5419,ولقد آتينا موسى الكتاب فاختلف فيه ۚ ولولا كلمة سبقت من ربك لقضي بينهم ۚ وإنهم لفي شك منه مريب
11,111,40,1933,وإن كلا لما ليوفينهم ربك أعمالهم ۚ إنه بما يعملون خبير
11,112,44,4460,فاستقم كما أمرت ومن تاب معك ولا تطغوا ۚ إنه بما تعملون بصير
11,113,62,5291,ولا تركنوا إلى الذين ظلموا فتمسكم النار وما لكم من دون الله من أولياء ثم لا تنصرون
11,114,63,5779,وأقم الصلاة طرفي النهار وزلفا من الليل ۚ إن الحسنات يذهبن السيئات ۚ ذلك ذكرى للذاكرين
11,115,27,1868,واصبر فإن الله لا يضيع أجر المحسنين
11,116,104,6747,فلولا كان من القرون من قبلكم أولو بقية ينهون عن الفساد في الأرض إلا قليلا ممن أنجينا منهم ۗ واتبع الذين ظلموا ما أترفوا فيه وكانوا مجرمين
11,117,33,2009,وما كان ربك ليهلك القرى بظلم وأهلها مصلحون
11,118,38,2250,ولو شاء ربك لجعل الناس أمة واحدة ۖ ولا يزالون مختلفين
11,119,55,4053,إلا من رحم ربك ۚ ولذلك خلقهم ۗ وتمت كلمة ربك لأملأن جهنم من الجنة والناس أجمعين
11,120,62,5163,وكلا نقص عليك من أنباء الرسل ما نثبت به فؤادك ۚ وجاءك في هذه الحق وموعظة وذكرى للمؤمنين
11,121,38,2210,وقل للذين لا يؤمنون اعملوا على مكانتكم إنا عاملون
11,122,17,3261,وانتظروا إنا منتظرون
11,123,70,6147,ولله غيب السماوات والأرض وإليه يرجع الأمر كله فاعبده وتوكل عليه ۚ وما ربك بغافل عما تعملون
12,1,21,1679,الر ۚ تلك آيات الكتاب المبين
12,2,28,1674,إنا أنزلناه قرآنا عربيا لعلكم تعقلون
12,3,59,4247,نحن نقص عليك أحسن القصص بما أوحينا إليك هذا القرآن وإن كنت من قبله لمن الغافلين
12,4,56,4385,إذ قال يوسف لأبيه يا أبت إني رأيت أحد عشر كوكبا والشمس والقمر رأيتهم لي ساجدين
12,5,58,3342,قال يا بني لا تقصص رؤياك على إخوتك فيكيدوا لك كيدا ۖ إن الشيطان للإنسان عدو مبين
12,6,96,5984,وكذلك يجتبيك ربك ويعلمك من تأويل الأحاديث ويتم نعمته عليك وعلى آل يعقوب كما أتمها على أبويك من قبل إبراهيم وإسحاق ۚ إن ربك عليم حكيم
12,7,27,2090,۞ لقد كان في يوسف وإخوته آيات للسائلين
12,8,48,3298,إذ قالوا ليوسف وأخوه أحب إلى أبينا منا ونحن عصبة إن أبانا لفي ضلال مبين
12,9,56,3742,اقتلوا يوسف أو اطرحوه أرضا يخل لكم وجه أبيكم وتكونوا من بعده قوما صالحين
12,10,64,5736,قال قائل منهم لا تقتلوا يوسف وألقوه في غيابت الجب يلتقطه بعض السيارة إن كنتم فاعلين
12,11,39,1399,قالوا يا أبانا ما لك لا تأمنا على يوسف وإنا له لناصحون
12,12,32,3426,أرسله معنا غدا يرتع ويلعب وإنا له لحافظون
12,13,47,4850,قال إني ليحزنني أن تذهبوا به وأخاف أن يأكله الذئب وأنتم عنه غافلون
12,14,32,2981,قالوا لئن أكله الذئب ونحن عصبة إنا إذا لخاسرون
12,15,70,5125,فلما ذهبوا به وأجمعوا أن يجعلوه في غيابت الجب ۚ وأوحينا إليه لتنبئنهم بأمرهم هذا وهم لا يشعرون
12,16,17,524,وجاءوا أباهم عشاء يبكون
12,17,74,5089,قالوا يا أبانا إنا ذهبنا نستبق وتركنا يوسف عند متاعنا فأكله الذئب ۖ وما أنت بمؤمن لنا ولو كنا صادقين
12,18,68,4316,وجاءوا على قميصه بدم كذب ۚ قال بل سولت لكم أنفسكم أمرا ۖ فصبر جميل ۖ والله المستعان على ما تصفون
12,19,69,5515,وجاءت سيارة فأرسلوا واردهم فأدلى دلوه ۖ قال يا بشرى هذا غلام ۚ وأسروه بضاعة ۚ والله عليم بما يعملون
12,20,41,2522,وشروه بثمن بخس دراهم معدودة وكانوا فيه من الزاهدين
12,21,127,12116,وقال الذي اشتراه من مصر لامرأته أكرمي مثواه عسى أن ينفعنا أو نتخذه ولدا ۚ وكذلك مكنا ليوسف في الأرض ولنعلمه من تأويل الأحاديث ۚ والله غالب على أمره ولكن أكثر الناس لا يعلمون
12,22,41,3195,ولما بلغ أشده آتيناه حكما وعلما ۚ وكذلك نجزي المحسنين
12,23,87,7699,وراودته التي هو في بيتها عن نفسه وغلقت الأبواب وقالت هيت لك ۚ قال معاذ الله ۖ إنه ربي أحسن مثواي ۖ إنه لا يفلح الظالمون
12,24,70,4425,ولقد همت به ۖ وهم بها لولا أن رأى برهان ربه ۚ كذلك لنصرف عنه السوء والفحشاء ۚ إنه من عبادنا المخلصين
12,25,79,3999,واستبقا الباب وقدت قميصه من دبر وألفيا سيدها لدى الباب ۚ قالت ما جزاء من أراد بأهلك سوءا إلا أن يسجن أو عذاب أليم
12,26,66,4180,قال هي راودتني عن نفسي ۚ وشهد شاهد من أهلها إن كان قميصه قد من قبل فصدقت وهو من الكاذبين
12,27,35,2367,وإن كان قميصه قد من دبر فكذبت وهو من الصادقين
12,28,39,2550,فلما رأى قميصه قد من دبر قال إنه من كيدكن ۖ إن كيدكن عظيم
12,29,39,5942,يوسف أعرض عن هذا ۚ واستغفري لذنبك ۖ إنك كنت من الخاطئين
12,30,69,5549,۞ وقال نسوة في المدينة امرأت العزيز تراود فتاها عن نفسه ۖ قد شغفها حبا ۖ إنا لنراها في ضلال مبين
12,31,120,9879,فلما سمعت بمكرهن أرسلت إليهن وأعتدت لهن متكأ وآتت كل واحدة منهن سكينا وقالت اخرج عليهن ۖ فلما رأينه أكبرنه وقطعن أيديهن وقلن حاش لله ما هذا بشرا إن هذا إلا ملك كريم
12,32,82,7069,قالت فذلكن الذي لمتنني فيه ۖ ولقد راودته عن نفسه فاستعصم ۖ ولئن لم يفعل ما آمره ليسجنن وليكونا من الصاغرين
12,33,61,2362,قال رب السجن أحب إلي مما يدعونني إليه ۖ وإلا تصرف عني كيدهن أصب إليهن وأكن من الجاهلين
12,34,40,1911,فاستجاب له ربه فصرف عنه كيدهن ۚ إنه هو السميع العليم
12,35,35,2162,ثم بدا لهم من بعد ما رأوا الآيات ليسجننه حتى حين
12,36,102,7596,ودخل معه السجن فتيان ۖ قال أحدهما إني أراني أعصر خمرا ۖ وقال الآخر إني أراني أحمل فوق رأسي خبزا تأكل الطير منه ۖ نبئنا بتأويله ۖ إنا نراك من المحسنين
12,37,101,7307,قال لا يأتيكما طعام ترزقانه إلا نبأتكما بتأويله قبل أن يأتيكما ۚ ذلكما مما علمني ربي ۚ إني تركت ملة قوم لا يؤمنون بالله وهم بالآخرة هم كافرون
12,38,95,6680,واتبعت ملة آبائي إبراهيم وإسحاق ويعقوب ۚ ما كان لنا أن نشرك بالله من شيء ۚ ذلك من فضل الله علينا وعلى الناس ولكن أكثر الناس لا يشكرون
12,39,43,2650,يا صاحبي السجن أأرباب متفرقون خير أم الله الواحد القهار
12,40,113,5700,ما تعبدون من دونه إلا أسماء سميتموها أنتم وآباؤكم ما أنزل الله بها من سلطان ۚ إن الحكم إلا لله ۚ أمر ألا تعبدوا إلا إياه ۚ ذلك الدين القيم ولكن أكثر الناس لا يعلمون
12,41,79,7331,يا صاحبي السجن أما أحدكما فيسقي ربه خمرا ۖ وأما الآخر فيصلب فتأكل الطير من رأسه ۚ قضي الأمر الذي فيه تستفتيان
12,42,68,7041,وقال للذي ظن أنه ناج منهما اذكرني عند ربك فأنساه الشيطان ذكر ربه فلبث في السجن بضع سنين
12,43,94,8010,وقال الملك إني أرى سبع بقرات سمان يأكلهن سبع عجاف وسبع سنبلات خضر وأخر يابسات ۖ يا أيها الملأ أفتوني في رؤياي إن كنتم للرؤيا تعبرون
12,44,37,3434,قالوا أضغاث أحلام ۖ وما نحن بتأويل الأحلام بعالمين
12,45,43,2457,وقال الذي نجا منهما وادكر بعد أمة أنا أنبئكم بتأويله فأرسلون
12,46,89,6942,يوسف أيها الصديق أفتنا في سبع بقرات سمان يأكلهن سبع عجاف وسبع سنبلات خضر وأخر يابسات لعلي أرجع إلى الناس لعلهم يعلمون
12,47,54,3853,قال تزرعون سبع سنين دأبا فما حصدتم فذروه في سنبله إلا قليلا مما تأكلون
12,48,50,4024,ثم يأتي من بعد ذلك سبع شداد يأكلن ما قدمتم لهن إلا قليلا مما تحصنون
12,49,38,4262,ثم يأتي من بعد ذلك عام فيه يغاث الناس وفيه يعصرون
12,50,84,3556,وقال الملك ائتوني به ۖ فلما جاءه الرسول قال ارجع إلى ربك فاسأله ما بال النسوة اللاتي قطعن أيديهن ۚ إن ربي بكيدهن عليم
12,51,104,6904,قال ما خطبكن إذ راودتن يوسف عن نفسه ۚ قلن حاش لله ما علمنا عليه من سوء ۚ قالت امرأت العزيز الآن حصحص الحق أنا راودته عن نفسه وإنه لمن الصادقين
12,52,43,3718,ذلك ليعلم أني لم أخنه بالغيب وأن الله لا يهدي كيد الخائنين
12,53,46,3428,۞ وما أبرئ نفسي ۚ إن النفس لأمارة بالسوء إلا ما رحم ربي ۚ إن ربي غفور رحيم
12,54,57,2996,وقال الملك ائتوني به أستخلصه لنفسي ۖ فلما كلمه قال إنك اليوم لدينا مكين أمين
12,55,29,3292,قال اجعلني على خزائن الأرض ۖ إني حفيظ عليم
12,56,67,6250,وكذلك مكنا ليوسف في الأرض يتبوأ منها حيث يشاء ۚ نصيب برحمتنا من نشاء ۖ ولا نضيع أجر المحسنين
12,57,31,3447,ولأجر الآخرة خير للذين آمنوا وكانوا يتقون
12,58,36,2535,وجاء إخوة يوسف فدخلوا عليه فعرفهم وهم له منكرون
12,59,65,3671,ولما جهزهم بجهازهم قال ائتوني بأخ لكم من أبيكم ۚ ألا ترون أني أوفي الكيل وأنا خير المنزلين
12,60,33,2263,فإن لم تأتوني به فلا كيل لكم عندي ولا تقربون
12,61,27,916,قالوا سنراود عنه أباه وإنا لفاعلون
12,62,70,4628,وقال لفتيانه اجعلوا بضاعتهم في رحالهم لعلهم يعرفونها إذا انقلبوا إلى أهلهم لعلهم يرجعون
12,63,64,3913,فلما رجعوا إلى أبيهم قالوا يا أبانا منع منا الكيل فأرسل معنا أخانا نكتل وإنا له لحافظون
12,64,60,4561,قال هل آمنكم عليه إلا كما أمنتكم على أخيه من قبل ۖ فالله خير حافظا ۖ وهو أرحم الراحمين
12,65,109,10782,ولما فتحوا متاعهم وجدوا بضاعتهم ردت إليهم ۖ قالوا يا أبانا ما نبغي ۖ هذه بضاعتنا ردت إلينا ۖ ونمير أهلنا ونحفظ أخانا ونزداد كيل بعير ۖ ذلك كيل يسير
12,66,80,5704,قال لن أرسله معكم حتى تؤتون موثقا من الله لتأتنني به إلا أن يحاط بكم ۖ فلما آتوه موثقهم قال الله على ما نقول وكيل
12,67,105,7304,وقال يا بني لا تدخلوا من باب واحد وادخلوا من أبواب متفرقة ۖ وما أغني عنكم من الله من شيء ۖ إن الحكم إلا لله ۖ عليه توكلت ۖ وعليه فليتوكل المتوكلون
12,68,103,7394,ولما دخلوا من حيث أمرهم أبوهم ما كان يغني عنهم من الله من شيء إلا حاجة في نفس يعقوب قضاها ۚ وإنه لذو علم لما علمناه ولكن أكثر الناس لا يعلمون
12,69,53,3799,ولما دخلوا على يوسف آوى إليه أخاه ۖ قال إني أنا أخوك فلا تبتئس بما كانوا يعملون
12,70,59,4886,فلما جهزهم بجهازهم جعل السقاية في رحل أخيه ثم أذن مؤذن أيتها العير إنكم لسارقون
12,71,26,1820,قالوا وأقبلوا عليهم ماذا تفقدون
12,72,42,1348,قالوا نفقد صواع الملك ولمن جاء به حمل بعير وأنا به زعيم
12,73,46,3297,قالوا تالله لقد علمتم ما جئنا لنفسد في الأرض وما كنا سارقين
12,74,23,1618,قالوا فما جزاؤه إن كنتم كاذبين
12,75,43,2599,قالوا جزاؤه من وجد في رحله فهو جزاؤه ۚ كذلك نجزي الظالمين
12,76,111,10548,فبدأ بأوعيتهم قبل وعاء أخيه ثم استخرجها من وعاء أخيه ۚ كذلك كدنا ليوسف ۖ ما كان ليأخذ أخاه في دين الملك إلا أن يشاء الله ۚ نرفع درجات من نشاء ۗ وفوق كل ذي علم عليم
12,77,79,5033,۞ قالوا إن يسرق فقد سرق أخ له من قبل ۚ فأسرها يوسف في نفسه ولم يبدها لهم ۚ قال أنتم شر مكانا ۖ والله أعلم بما تصفون
12,78,58,3742,قالوا يا أيها العزيز إن له أبا شيخا كبيرا فخذ أحدنا مكانه ۖ إنا نراك من المحسنين
12,79,45,5093,قال معاذ الله أن نأخذ إلا من وجدنا متاعنا عنده إنا إذا لظالمون
12,80,128,10132,فلما استيأسوا منه خلصوا نجيا ۖ قال كبيرهم ألم تعلموا أن أباكم قد أخذ عليكم موثقا من الله ومن قبل ما فرطتم في يوسف ۖ فلن أبرح الأرض حتى يأذن لي أبي أو يحكم الله لي ۖ وهو خير الحاكمين
12,81,66,4065,ارجعوا إلى أبيكم فقولوا يا أبانا إن ابنك سرق وما شهدنا إلا بما علمنا وما كنا للغيب حافظين
12,82,49,2421,واسأل القرية التي كنا فيها والعير التي أقبلنا فيها ۖ وإنا لصادقون
12,83,64,2948,قال بل سولت لكم أنفسكم أمرا ۖ فصبر جميل ۖ عسى الله أن يأتيني بهم جميعا ۚ إنه هو العليم الحكيم
12,84,47,3753,وتولى عنهم وقال يا أسفى على يوسف وابيضت عيناه من الحزن فهو كظيم
12,85,46,5572,قالوا تالله تفتأ تذكر يوسف حتى تكون حرضا أو تكون من الهالكين
12,86,42,2207,قال إنما أشكو بثي وحزني إلى الله وأعلم من الله ما لا تعلمون
12,87,76,4286,يا بني اذهبوا فتحسسوا من يوسف وأخيه ولا تيأسوا من روح الله ۖ إنه لا ييأس من روح الله إلا القوم الكافرون
12,88,94,5427,فلما دخلوا عليه قالوا يا أيها العزيز مسنا وأهلنا الضر وجئنا ببضاعة مزجاة فأوف لنا الكيل وتصدق علينا ۖ إن الله يجزي المتصدقين
12,89,36,3471,قال هل علمتم ما فعلتم بيوسف وأخيه إذ أنتم جاهلون
12,90,76,5457,قالوا أإنك لأنت يوسف ۖ قال أنا يوسف وهذا أخي ۖ قد من الله علينا ۖ إنه من يتق ويصبر فإن الله لا يضيع أجر المحسنين
12,91,36,2512,قالوا تالله لقد آثرك الله علينا وإن كنا لخاطئين
12,92,45,3582,قال لا تثريب عليكم اليوم ۖ يغفر الله لكم ۖ وهو أرحم الراحمين
12,93,49,3475,اذهبوا بقميصي هذا فألقوه على وجه أبي يأت بصيرا وأتوني بأهلكم أجمعين
12,94,43,2350,ولما فصلت العير قال أبوهم إني لأجد ريح يوسف ۖ لولا أن تفندون
12,95,26,1860,قالوا تالله إنك لفي ضلالك القديم
12,96,64,3436,فلما أن جاء البشير ألقاه على وجهه فارتد بصيرا ۖ قال ألم أقل لكم إني أعلم من الله ما لا تعلمون
12,97,36,3626,قالوا يا أبانا استغفر لنا ذنوبنا إنا كنا خاطئين
12,98,33,3991,قال سوف أستغفر لكم ربي ۖ إنه هو الغفور الرحيم
12,99,47,2798,فلما دخلوا على يوسف آوى إليه أبويه وقال ادخلوا مصر إن شاء الله آمنين
12,100,155,10876,ورفع أبويه على العرش وخروا له سجدا ۖ وقال يا أبت هذا تأويل رؤياي من قبل قد جعلها ربي حقا ۖ وقد أحسن بي إذ أخرجني من السجن وجاء بكم من البدو من بعد أن نزغ الشيطان بيني وبين إخوتي ۚ إن ربي لطيف لما يشاء ۚ إنه هو العليم الحكيم
12,101,97,7621,۞ رب قد آتيتني من الملك وعلمتني من تأويل الأحاديث ۚ فاطر السماوات والأرض أنت وليي في الدنيا والآخرة ۖ توفني مسلما وألحقني بالصالحين
12,102,51,4163,ذلك من أنباء الغيب نوحيه إليك ۖ وما كنت لديهم إذ أجمعوا أمرهم وهم يمكرون
12,103,24,1841,وما أكثر الناس ولو حرصت بمؤمنين
12,104,32,2263,وما تسألهم عليه من أجر ۚ إن هو إلا ذكر للعالمين
12,105,45,3617,وكأين من آية في السماوات والأرض يمرون عليها وهم عنها معرضون
12,106,27,1678,وما يؤمن أكثرهم بالله إلا وهم مشركون
12,107,50,6465,أفأمنوا أن تأتيهم غاشية من عذاب الله أو تأتيهم الساعة بغتة وهم لا يشعرون
12,108,60,3242,قل هذه سبيلي أدعو إلى الله ۚ على بصيرة أنا ومن اتبعني ۖ وسبحان الله وما أنا من المشركين
12,109,112,9705,وما أرسلنا من قبلك إلا رجالا نوحي إليهم من أهل القرى ۗ أفلم يسيروا في الأرض فينظروا كيف كان عاقبة الذين من قبلهم ۗ ولدار الآخرة خير للذين اتقوا ۗ أفلا تعقلون
12,110,72,5911,حتى إذا استيأس الرسل وظنوا أنهم قد كذبوا جاءهم نصرنا فنجي من نشاء ۖ ولا يرد بأسنا عن القوم المجرمين
12,111,86,5478,لقد كان في قصصهم عبرة لأولي الألباب ۗ ما كان حديثا يفترى ولكن تصديق الذي بين يديه وتفصيل كل شيء وهدى ورحمة لقوم يؤمنون
13,1,55,4086,المر ۚ تلك آيات الكتاب ۗ والذي أنزل إليك من ربك الحق ولكن أكثر الناس لا يؤمنون
13,2,108,9878,الله الذي رفع السماوات بغير عمد ترونها ۖ ثم استوى على العرش ۖ وسخر الشمس والقمر ۖ كل يجري لأجل مسمى ۚ يدبر الأمر يفصل الآيات لعلكم بلقاء ربكم توقنون
13,3,97,8763,وهو الذي مد الأرض وجعل فيها رواسي وأنهارا ۖ ومن كل الثمرات جعل فيها زوجين اثنين ۖ يغشي الليل النهار ۚ إن في ذلك لآيات لقوم يتفكرون
13,4,103,10611,وفي الأرض قطع متجاورات وجنات من أعناب وزرع ونخيل صنوان وغير صنوان يسقى بماء واحد ونفضل بعضها على بعض في الأكل ۚ إن في ذلك لآيات لقوم يعقلون
13,5,98,7355,۞ وإن تعجب فعجب قولهم أإذا كنا ترابا أإنا لفي خلق جديد ۗ أولئك الذين كفروا بربهم ۖ وأولئك الأغلال في أعناقهم ۖ وأولئك أصحاب النار ۖ هم فيها خالدون
13,6,83,7898,ويستعجلونك بالسيئة قبل الحسنة وقد خلت من قبلهم المثلات ۗ وإن ربك لذو مغفرة للناس على ظلمهم ۖ وإن ربك لشديد العقاب
13,7,51,3599,ويقول الذين كفروا لولا أنزل عليه آية من ربه ۗ إنما أنت منذر ۖ ولكل قوم هاد
13,8,54,5177,الله يعلم ما تحمل كل أنثى وما تغيض الأرحام وما تزداد ۖ وكل شيء عنده بمقدار
13,9,29,2366,عالم الغيب والشهادة الكبير المتعال
13,10,52,2993,سواء منكم من أسر القول ومن جهر به ومن هو مستخف بالليل وسارب بالنهار
13,11,114,8551,له معقبات من بين يديه ومن خلفه يحفظونه من أمر الله ۗ إن الله لا يغير ما بقوم حتى يغيروا ما بأنفسهم ۗ وإذا أراد الله بقوم سوءا فلا مرد له ۚ وما لهم من دونه من وال
13,12,41,3308,هو الذي يريكم البرق خوفا وطمعا وينشئ السحاب الثقال
13,13,83,3724,ويسبح الرعد بحمده والملائكة من خيفته ويرسل الصواعق فيصيب بها من يشاء وهم يجادلون في الله وهو شديد المحال
13,14,99,6397,له دعوة الحق ۖ والذين يدعون من دونه لا يستجيبون لهم بشيء إلا كباسط كفيه إلى الماء ليبلغ فاه وما هو ببالغه ۚ وما دعاء الكافرين إلا في ضلال
13,15,53,4435,ولله يسجد من في السماوات والأرض طوعا وكرها وظلالهم بالغدو والآصال ۩
13,16,177,15838,قل من رب السماوات والأرض قل الله ۚ قل أفاتخذتم من دونه أولياء لا يملكون لأنفسهم نفعا ولا ضرا ۚ قل هل يستوي الأعمى والبصير أم هل تستوي الظلمات والنور ۗ أم جعلوا لله شركاء خلقوا كخلقه فتشابه الخلق عليهم ۚ قل الله خالق كل شيء وهو الواحد القهار
13,17,169,13251,أنزل من السماء ماء فسالت أودية بقدرها فاحتمل السيل زبدا رابيا ۚ ومما يوقدون عليه في النار ابتغاء حلية أو متاع زبد مثله ۚ كذلك يضرب الله الحق والباطل ۚ فأما الزبد فيذهب جفاء ۖ وأما ما ينفع الناس فيمكث في الأرض ۚ كذلك يضرب الله الأمثال
13,18,110,6430,للذين استجابوا لربهم الحسنى ۚ والذين لم يستجيبوا له لو أن لهم ما في الأرض جميعا ومثله معه لافتدوا به ۚ أولئك لهم سوء الحساب ومأواهم جهنم ۖ وبئس المهاد
13,19,49,2769,۞ أفمن يعلم أنما أنزل إليك من ربك الحق كمن هو أعمى ۚ إنما يتذكر أولو الألباب
13,20,34,2825,الذين يوفون بعهد الله ولا ينقضون الميثاق
13,21,51,3663,والذين يصلون ما أمر الله به أن يوصل ويخشون ربهم ويخافون سوء الحساب
13,22,89,5289,والذين صبروا ابتغاء وجه ربهم وأقاموا الصلاة وأنفقوا مما رزقناهم سرا وعلانية ويدرءون بالحسنة السيئة أولئك لهم عقبى الدار
13,23,67,4204,جنات عدن يدخلونها ومن صلح من آبائهم وأزواجهم وذرياتهم ۖ والملائكة يدخلون عليهم من كل باب
13,24,29,1724,سلام عليكم بما صبرتم ۚ فنعم عقبى الدار
13,25,87,5603,والذين ينقضون عهد الله من بعد ميثاقه ويقطعون ما أمر الله به أن يوصل ويفسدون في الأرض ۙ أولئك لهم اللعنة ولهم سوء الدار
13,26,68,3341,الله يبسط الرزق لمن يشاء ويقدر ۚ وفرحوا بالحياة الدنيا وما الحياة الدنيا في الآخرة إلا متاع
13,27,60,3536,ويقول الذين كفروا لولا أنزل عليه آية من ربه ۗ قل إن الله يضل من يشاء ويهدي إليه من أناب
13,28,48,4251,الذين آمنوا وتطمئن قلوبهم بذكر الله ۗ ألا بذكر الله تطمئن القلوب
13,29,35,1860,الذين آمنوا وعملوا الصالحات طوبى لهم وحسن مآب
13,30,97,7274,كذلك أرسلناك في أمة قد خلت من قبلها أمم لتتلو عليهم الذي أوحينا إليك وهم يكفرون بالرحمن ۚ قل هو ربي لا إله إلا هو عليه توكلت وإليه متاب
13,31,175,11223,ولو أن قرآنا سيرت به الجبال أو قطعت به الأرض أو كلم به الموتى ۗ بل لله الأمر جميعا ۗ أفلم ييأس الذين آمنوا أن لو يشاء الله لهدى الناس جميعا ۗ ولا يزال الذين كفروا تصيبهم بما صنعوا قارعة أو تحل قريبا من دارهم حتى يأتي وعد الله ۚ إن الله لا يخلف الميعاد
13,32,52,5553,ولقد استهزئ برسل من قبلك فأمليت للذين كفروا ثم أخذتهم ۖ فكيف كان عقاب
13,33,131,8652,أفمن هو قائم على كل نفس بما كسبت ۗ وجعلوا لله شركاء قل سموهم ۚ أم تنبئونه بما لا يعلم في الأرض أم بظاهر من القول ۗ بل زين للذين كفروا مكرهم وصدوا عن السبيل ۗ ومن يضلل الله فما له من هاد
13,34,49,3599,لهم عذاب في الحياة الدنيا ۖ ولعذاب الآخرة أشق ۖ وما لهم من الله من واق
13,35,83,7422,۞ مثل الجنة التي وعد المتقون ۖ تجري من تحتها الأنهار ۖ أكلها دائم وظلها ۚ تلك عقبى الذين اتقوا ۖ وعقبى الكافرين النار
13,36,88,5528,والذين آتيناهم الكتاب يفرحون بما أنزل إليك ۖ ومن الأحزاب من ينكر بعضه ۚ قل إنما أمرت أن أعبد الله ولا أشرك به ۚ إليه أدعو وإليه مآب
13,37,69,3216,وكذلك أنزلناه حكما عربيا ۚ ولئن اتبعت أهواءهم بعدما جاءك من العلم ما لك من الله من ولي ولا واق
13,38,72,4494,ولقد أرسلنا رسلا من قبلك وجعلنا لهم أزواجا وذرية ۚ وما كان لرسول أن يأتي بآية إلا بإذن الله ۗ لكل أجل كتاب
13,39,30,2029,يمحو الله ما يشاء ويثبت ۖ وعنده أم الكتاب
13,40,55,4465,وإن ما نرينك بعض الذي نعدهم أو نتوفينك فإنما عليك البلاغ وعلينا الحساب
13,41,63,3472,أولم يروا أنا نأتي الأرض ننقصها من أطرافها ۚ والله يحكم لا معقب لحكمه ۚ وهو سريع الحساب
13,42,70,3977,وقد مكر الذين من قبلهم فلله المكر جميعا ۖ يعلم ما تكسب كل نفس ۗ وسيعلم الكفار لمن عقبى الدار
13,43,63,3708,ويقول الذين كفروا لست مرسلا ۚ قل كفى بالله شهيدا بيني وبينكم ومن عنده علم الكتاب
14,1,65,5588,الر ۚ كتاب أنزلناه إليك لتخرج الناس من الظلمات إلى النور بإذن ربهم إلى صراط العزيز الحميد
14,2,53,4334,الله الذي له ما في السماوات وما في الأرض ۗ وويل للكافرين من عذاب شديد
14,3,70,5111,الذين يستحبون الحياة الدنيا على الآخرة ويصدون عن سبيل الله ويبغونها عوجا ۚ أولئك في ضلال بعيد
14,4,71,3350,وما أرسلنا من رسول إلا بلسان قومه ليبين لهم ۖ فيضل الله من يشاء ويهدي من يشاء ۚ وهو العزيز الحكيم
14,5,76,7199,ولقد أرسلنا موسى بآياتنا أن أخرج قومك من الظلمات إلى النور وذكرهم بأيام الله ۚ إن في ذلك لآيات لكل صبار شكور
14,6,106,8797,وإذ قال موسى لقومه اذكروا نعمة الله عليكم إذ أنجاكم من آل فرعون يسومونكم سوء العذاب ويذبحون أبناءكم ويستحيون نساءكم ۚ وفي ذلكم بلاء من ربكم عظيم
14,7,42,5326,وإذ تأذن ربكم لئن شكرتم لأزيدنكم ۖ ولئن كفرتم إن عذابي لشديد
14,8,45,4179,وقال موسى إن تكفروا أنتم ومن في الأرض جميعا فإن الله لغني حميد
14,9,146,8492,ألم يأتكم نبأ الذين من قبلكم قوم نوح وعاد وثمود ۛ والذين من بعدهم ۛ لا يعلمهم إلا الله ۚ جاءتهم رسلهم بالبينات فردوا أيديهم في أفواههم وقالوا إنا كفرنا بما أرسلتم به وإنا لفي شك مما تدعوننا إليه مريب
14,10,129,10971,۞ قالت رسلهم أفي الله شك فاطر السماوات والأرض ۖ يدعوكم ليغفر لكم من ذنوبكم ويؤخركم إلى أجل مسمى ۚ قالوا إن أنتم إلا بشر مثلنا تريدون أن تصدونا عما كان يعبد آباؤنا فأتونا بسلطان مبين
14,11,102,5942,قالت لهم رسلهم إن نحن إلا بشر مثلكم ولكن الله يمن على من يشاء من عباده ۖ وما كان لنا أن نأتيكم بسلطان إلا بإذن الله ۚ وعلى الله فليتوكل المؤمنون
14,12,73,4252,وما لنا ألا نتوكل على الله وقد هدانا سبلنا ۚ ولنصبرن على ما آذيتمونا ۚ وعلى الله فليتوكل المتوكلون
14,13,73,6584,وقال الذين كفروا لرسلهم لنخرجنكم من أرضنا أو لتعودن في ملتنا ۖ فأوحى إليهم ربهم لنهلكن الظالمين
14,14,42,4087,ولنسكننكم الأرض من بعدهم ۚ ذلك لمن خاف مقامي وخاف وعيد
14,15,23,1961,واستفتحوا وخاب كل جبار عنيد
14,16,22,815,من ورائه جهنم ويسقى من ماء صديد
14,17,60,6535,يتجرعه ولا يكاد يسيغه ويأتيه الموت من كل مكان وما هو بميت ۖ ومن ورائه عذاب غليظ
14,18,87,6867,مثل الذين كفروا بربهم ۖ أعمالهم كرماد اشتدت به الريح في يوم عاصف ۖ لا يقدرون مما كسبوا على شيء ۚ ذلك هو الضلال البعيد
14,19,50,5539,ألم تر أن الله خلق السماوات والأرض بالحق ۚ إن يشأ يذهبكم ويأت بخلق جديد
14,20,17,1059,وما ذلك على الله بعزيز
14,21,131,8563,وبرزوا لله جميعا فقال الضعفاء للذين استكبروا إنا كنا لكم تبعا فهل أنتم مغنون عنا من عذاب الله من شيء ۚ قالوا لو هدانا الله لهديناكم ۖ سواء علينا أجزعنا أم صبرنا ما لنا من محيص
14,22,175,13912,وقال الشيطان لما قضي الأمر إن الله وعدكم وعد الحق ووعدتكم فأخلفتكم ۖ وما كان لي عليكم من سلطان إلا أن دعوتكم فاستجبتم لي ۖ فلا تلوموني ولوموا أنفسكم ۖ ما أنا بمصرخكم وما أنتم بمصرخي ۖ إني كفرت بما أشركتمون من قبل ۗ إن الظالمين لهم عذاب أليم
14,23,79,7380,وأدخل الذين آمنوا وعملوا الصالحات جنات تجري من تحتها الأنهار خالدين فيها بإذن ربهم ۖ تحيتهم فيها سلام
14,24,52,4687,ألم تر كيف ضرب الله مثلا كلمة طيبة كشجرة طيبة أصلها ثابت وفرعها في السماء
14,25,51,5362,تؤتي أكلها كل حين بإذن ربها ۗ ويضرب الله الأمثال للناس لعلهم يتذكرون
14,26,44,6692,ومثل كلمة خبيثة كشجرة خبيثة اجتثت من فوق الأرض ما لها من قرار
14,27,79,6720,يثبت الله الذين آمنوا بالقول الثابت في الحياة الدنيا وفي الآخرة ۖ ويضل الله الظالمين ۚ ويفعل الله ما يشاء
14,28,46,3148,۞ ألم تر إلى الذين بدلوا نعمت الله كفرا وأحلوا قومهم دار البوار
14,29,20,890,جهنم يصلونها ۖ وبئس القرار
14,30,49,3234,وجعلوا لله أندادا ليضلوا عن سبيله ۗ قل تمتعوا فإن مصيركم إلى النار
14,31,81,4273,قل لعبادي الذين آمنوا يقيموا الصلاة وينفقوا مما رزقناهم سرا وعلانية من قبل أن يأتي يوم لا بيع فيه ولا خلال
14,32,100,9600,الله الذي خلق السماوات والأرض وأنزل من السماء ماء فأخرج به من الثمرات رزقا لكم ۖ وسخر لكم الفلك لتجري في البحر بأمره ۖ وسخر لكم الأنهار
14,33,42,3181,وسخر لكم الشمس والقمر دائبين ۖ وسخر لكم الليل والنهار
14,34,56,4442,وآتاكم من كل ما سألتموه ۚ وإن تعدوا نعمت الله لا تحصوها ۗ إن الإنسان لظلوم كفار
14,35,50,2843,وإذ قال إبراهيم رب اجعل هذا البلد آمنا واجنبني وبني أن نعبد الأصنام
14,36,54,5128,رب إنهن أضللن كثيرا من الناس ۖ فمن تبعني فإنه مني ۖ ومن عصاني فإنك غفور رحيم
14,37,107,9328,ربنا إني أسكنت من ذريتي بواد غير ذي زرع عند بيتك المحرم ربنا ليقيموا الصلاة فاجعل أفئدة من الناس تهوي إليهم وارزقهم من الثمرات لعلهم يشكرون
14,38,55,4574,ربنا إنك تعلم ما نخفي وما نعلن ۗ وما يخفى على الله من شيء في الأرض ولا في السماء
14,39,49,2259,الحمد لله الذي وهب لي على الكبر إسماعيل وإسحاق ۚ إن ربي لسميع الدعاء
14,40,37,2990,رب اجعلني مقيم الصلاة ومن ذريتي ۚ ربنا وتقبل دعاء
14,41,38,2231,ربنا اغفر لي ولوالدي وللمؤمنين يوم يقوم الحساب
14,42,57,5895,ولا تحسبن الله غافلا عما يعمل الظالمون ۚ إنما يؤخرهم ليوم تشخص فيه الأبصار
14,43,40,2376,مهطعين مقنعي رءوسهم لا يرتد إليهم طرفهم ۖ وأفئدتهم هواء
14,44,101,8986,وأنذر الناس يوم يأتيهم العذاب فيقول الذين ظلموا ربنا أخرنا إلى أجل قريب نجب دعوتك ونتبع الرسل ۗ أولم تكونوا أقسمتم من قبل ما لكم من زوال
14,45,62,5537,وسكنتم في مساكن الذين ظلموا أنفسهم وتبين لكم كيف فعلنا بهم وضربنا لكم الأمثال
14,46,50,2250,وقد مكروا مكرهم وعند الله مكرهم وإن كان مكرهم لتزول منه الجبال
14,47,41,3335,فلا تحسبن الله مخلف وعده رسله ۗ إن الله عزيز ذو انتقام
14,48,48,4983,يوم تبدل الأرض غير الأرض والسماوات ۖ وبرزوا لله الواحد القهار
14,49,29,2482,وترى المجرمين يومئذ مقرنين في الأصفاد
14,50,30,2851,سرابيلهم من قطران وتغشى وجوههم النار
14,51,35,1447,ليجزي الله كل نفس ما كسبت ۚ إن الله سريع الحساب
14,52,56,4343,هذا بلاغ للناس ولينذروا به وليعلموا أنما هو إله واحد وليذكر أولو الألباب
15,1,23,2004,الر ۚ تلك آيات الكتاب وقرآن مبين
15,2,30,1705,ربما يود الذين كفروا لو كانوا مسلمين
15,3,37,2574,ذرهم يأكلوا ويتمتعوا ويلههم الأمل ۖ فسوف يعلمون
15,4,28,1235,وما أهلكنا من قرية إلا ولها كتاب معلوم
15,5,23,2145,ما تسبق من أمة أجلها وما يستأخرون
15,6,35,2314,وقالوا يا أيها الذي نزل عليه الذكر إنك لمجنون
15,7,30,1958,لو ما تأتينا بالملائكة إن كنت من الصادقين
15,8,35,2548,ما ننزل الملائكة إلا بالحق وما كانوا إذا منظرين
15,9,27,2415,إنا نحن نزلنا الذكر وإنا له لحافظون
15,10,26,1320,ولقد أرسلنا من قبلك في شيع الأولين
15,11,30,1552,وما يأتيهم من رسول إلا كانوا به يستهزئون
15,12,23,1537,كذلك نسلكه في قلوب المجرمين
15,13,23,1571,لا يؤمنون به ۖ وقد خلت سنة الأولين
15,14,38,2415,ولو فتحنا عليهم بابا من السماء فظلوا فيه يعرجون
15,15,34,1939,لقالوا إنما سكرت أبصارنا بل نحن قوم مسحورون
15,16,36,2079,ولقد جعلنا في السماء بروجا وزيناها للناظرين
15,17,21,1814,وحفظناها من كل شيطان رجيم
15,18,27,2050,إلا من استرق السمع فأتبعه شهاب مبين
15,19,48,2876,والأرض مددناها وألقينا فيها رواسي وأنبتنا فيها من كل شيء موزون
15,20,34,1798,وجعلنا لكم فيها معايش ومن لستم له برازقين
15,21,37,2037,وإن من شيء إلا عندنا خزائنه وما ننزله إلا بقدر معلوم
15,22,57,2887,وأرسلنا الرياح لواقح فأنزلنا من السماء ماء فأسقيناكموه وما أنتم له بخازنين
15,23,28,1687,وإنا لنحن نحيي ونميت ونحن الوارثون
15,24,41,2938,ولقد علمنا المستقدمين منكم ولقد علمنا المستأخرين
15,25,23,1135,وإن ربك هو يحشرهم ۚ إنه حكيم عليم
15,26,31,1788,ولقد خلقنا الإنسان من صلصال من حمإ مسنون
15,27,28,1617,والجان خلقناه من قبل من نار السموم
15,28,40,3179,وإذ قال ربك للملائكة إني خالق بشرا من صلصال من حمإ مسنون
15,29,35,3227,فإذا سويته ونفخت فيه من روحي فقعوا له ساجدين
15,30,19,533,فسجد الملائكة كلهم أجمعون
15,31,22,540,إلا إبليس أبى أن يكون مع الساجدين
15,32,29,1111,قال يا إبليس ما لك ألا تكون مع الساجدين
15,33,36,2710,قال لم أكن لأسجد لبشر خلقته من صلصال من حمإ مسنون
15,34,19,1514,قال فاخرج منها فإنك رجيم
15,35,20,548,وإن عليك اللعنة إلى يوم الدين
15,36,21,2347,قال رب فأنظرني إلى يوم يبعثون
15,37,16,1652,قال فإنك من المنظرين
15,38,16,840,إلى يوم الوقت المعلوم
15,39,41,4515,قال رب بما أغويتني لأزينن لهم في الأرض ولأغوينهم أجمعين
15,40,19,1114,إلا عبادك منهم المخلصين
15,41,19,1897,قال هذا صراط علي مستقيم
15,42,39,2394,إن عبادي ليس لك عليهم سلطان إلا من اتبعك من الغاوين
15,43,18,522,وإن جهنم لموعدهم أجمعين
15,44,27,655,لها سبعة أبواب لكل باب منهم جزء مقسوم
15,45,19,1367,إن المتقين في جنات وعيون
15,46,16,930,ادخلوها بسلام آمنين
15,47,38,3631,ونزعنا ما في صدورهم من غل إخوانا على سرر متقابلين
15,48,30,1517,لا يمسهم فيها نصب وما هم منها بمخرجين
15,49,23,1856,۞ نبئ عبادي أني أنا الغفور الرحيم
15,50,20,1765,وأن عذابي هو العذاب الأليم
15,51,16,1371,ونبئهم عن ضيف إبراهيم
15,52,35,2233,إذ دخلوا عليه فقالوا سلاما قال إنا منكم وجلون
15,53,27,2454,قالوا لا توجل إنا نبشرك بغلام عليم
15,54,32,2782,قال أبشرتموني على أن مسني الكبر فبم تبشرون
15,55,32,1774,قالوا بشرناك بالحق فلا تكن من القانطين
15,56,27,1890,قال ومن يقنط من رحمة ربه إلا الضالون
15,57,22,1356,قال فما خطبكم أيها المرسلون
15,58,22,1049,قالوا إنا أرسلنا إلى قوم مجرمين
15,59,20,504,إلا آل لوط إنا لمنجوهم أجمعين
15,60,26,2502,إلا امرأته قدرنا ۙ إنها لمن الغابرين
15,61,18,647,فلما جاء آل لوط المرسلون
15,62,15,753,قال إنكم قوم منكرون
15,63,28,1166,قالوا بل جئناك بما كانوا فيه يمترون
15,64,21,966,وأتيناك بالحق وإنا لصادقون
15,65,57,4687,فأسر بأهلك بقطع من الليل واتبع أدبارهم ولا يلتفت منكم أحد وامضوا حيث تؤمرون
15,66,35,2751,وقضينا إليه ذلك الأمر أن دابر هؤلاء مقطوع مصبحين
15,67,19,1208,وجاء أهل المدينة يستبشرون
15,68,20,2572,قال إن هؤلاء ضيفي فلا تفضحون
15,69,18,1680,واتقوا الله ولا تخزون
15,70,22,691,قالوا أولم ننهك عن العالمين
15,71,22,1431,قال هؤلاء بناتي إن كنتم فاعلين
15,72,23,1481,لعمرك إنهم لفي سكرتهم يعمهون
15,73,17,2664,فأخذتهم الصيحة مشرقين
15,74,39,1394,فجعلنا عاليها سافلها وأمطرنا عليهم حجارة من سجيل
15,75,19,1997,إن في ذلك لآيات للمتوسمين
15,76,14,386,وإنها لبسبيل مقيم
15,77,15,1180,إن في ذلك لآية للمؤمنين
15,78,20,1350,وإن كان أصحاب الأيكة لظالمين
15,79,26,1174,فانتقمنا منهم وإنهما لبإمام مبين
15,80,24,1626,ولقد كذب أصحاب الحجر المرسلين
15,81,28,2428,وآتيناهم آياتنا فكانوا عنها معرضين
15,82,29,1334,وكانوا ينحتون من الجبال بيوتا آمنين
15,83,17,2164,فأخذتهم الصيحة مصبحين
15,84,22,1603,فما أغنى عنهم ما كانوا يكسبون
15,85,63,3971,وما خلقنا السماوات والأرض وما بينهما إلا بالحق ۗ وإن الساعة لآتية ۖ فاصفح الصفح الجميل
15,86,18,1226,إن ربك هو الخلاق العليم
15,87,34,2914,ولقد آتيناك سبعا من المثاني والقرآن العظيم
15,88,59,3953,لا تمدن عينيك إلى ما متعنا به أزواجا منهم ولا تحزن عليهم واخفض جناحك للمؤمنين
15,89,19,1371,وقل إني أنا النذير المبين
15,90,19,1030,كما أنزلنا على المقتسمين
15,91,19,2212,الذين جعلوا القرآن عضين
15,92,17,746,فوربك لنسألنهم أجمعين
15,93,14,395,عما كانوا يعملون
15,94,25,2775,فاصدع بما تؤمر وأعرض عن المشركين
15,95,17,835,إنا كفيناك المستهزئين
15,96,32,2404,الذين يجعلون مع الله إلها آخر ۚ فسوف يعلمون
15,97,27,1879,ولقد نعلم أنك يضيق صدرك بما يقولون
15,98,24,751,فسبح بحمد ربك وكن من الساجدين
15,99,20,1354,واعبد ربك حتى يأتيك اليقين
16,1,38,3121,أتى أمر الله فلا تستعجلوه ۚ سبحانه وتعالى عما يشركون
16,2,57,3321,ينزل الملائكة بالروح من أمره على من يشاء من عباده أن أنذروا أنه لا إله إلا أنا فاتقون
16,3,34,3645,خلق السماوات والأرض بالحق ۚ تعالى عما يشركون
16,4,27,2785,خلق الإنسان من نطفة فإذا هو خصيم مبين
16,5,37,2059,والأنعام خلقها ۗ لكم فيها دفء ومنافع ومنها تأكلون
16,6,31,1806,ولكم فيها جمال حين تريحون وحين تسرحون
16,7,52,4382,وتحمل أثقالكم إلى بلد لم تكونوا بالغيه إلا بشق الأنفس ۚ إن ربكم لرءوف رحيم
16,8,47,4193,والخيل والبغال والحمير لتركبوها وزينة ۚ ويخلق ما لا تعلمون
16,9,40,1421,وعلى الله قصد السبيل ومنها جائر ۚ ولو شاء لهداكم أجمعين
16,10,44,3055,هو الذي أنزل من السماء ماء ۖ لكم منه شراب ومنه شجر فيه تسيمون
16,11,67,5454,ينبت لكم به الزرع والزيتون والنخيل والأعناب ومن كل الثمرات ۗ إن في ذلك لآية لقوم يتفكرون
16,12,68,5621,وسخر لكم الليل والنهار والشمس والقمر ۖ والنجوم مسخرات بأمره ۗ إن في ذلك لآيات لقوم يعقلون
16,13,43,5493,وما ذرأ لكم في الأرض مختلفا ألوانه ۗ إن في ذلك لآية لقوم يذكرون
16,14,97,10844,وهو الذي سخر البحر لتأكلوا منه لحما طريا وتستخرجوا منه حلية تلبسونها وترى الفلك مواخر فيه ولتبتغوا من فضله ولعلكم تشكرون
16,15,44,3517,وألقى في الأرض رواسي أن تميد بكم وأنهارا وسبلا لعلكم تهتدون
16,16,22,1200,وعلامات ۚ وبالنجم هم يهتدون
16,17,25,3278,أفمن يخلق كمن لا يخلق ۗ أفلا تذكرون
16,18,36,2994,وإن تعدوا نعمة الله لا تحصوها ۗ إن الله لغفور رحيم
16,19,25,1632,والله يعلم ما تسرون وما تعلنون
16,20,40,3138,والذين يدعون من دون الله لا يخلقون شيئا وهم يخلقون
16,21,28,3058,أموات غير أحياء ۖ وما يشعرون أيان يبعثون
16,22,49,3362,إلهكم إله واحد ۚ فالذين لا يؤمنون بالآخرة قلوبهم منكرة وهم مستكبرون
16,23,47,2089,لا جرم أن الله يعلم ما يسرون وما يعلنون ۚ إنه لا يحب المستكبرين
16,24,36,2558,وإذا قيل لهم ماذا أنزل ربكم ۙ قالوا أساطير الأولين
16,25,63,4513,ليحملوا أوزارهم كاملة يوم القيامة ۙ ومن أوزار الذين يضلونهم بغير علم ۗ ألا ساء ما يزرون
16,26,83,6586,قد مكر الذين من قبلهم فأتى الله بنيانهم من القواعد فخر عليهم السقف من فوقهم وأتاهم العذاب من حيث لا يشعرون
16,27,91,7372,ثم يوم القيامة يخزيهم ويقول أين شركائي الذين كنتم تشاقون فيهم ۚ قال الذين أوتوا العلم إن الخزي اليوم والسوء على الكافرين
16,28,75,5344,الذين تتوفاهم الملائكة ظالمي أنفسهم ۖ فألقوا السلم ما كنا نعمل من سوء ۚ بلى إن الله عليم بما كنتم تعملون
16,29,41,3093,فادخلوا أبواب جهنم خالدين فيها ۖ فلبئس مثوى المتكبرين
16,30,85,8387,۞ وقيل للذين اتقوا ماذا أنزل ربكم ۚ قالوا خيرا ۗ للذين أحسنوا في هذه الدنيا حسنة ۚ ولدار الآخرة خير ۚ ولنعم دار المتقين
16,31,65,5164,جنات عدن يدخلونها تجري من تحتها الأنهار ۖ لهم فيها ما يشاءون ۚ كذلك يجزي الله المتقين
16,32,61,4304,الذين تتوفاهم الملائكة طيبين ۙ يقولون سلام عليكم ادخلوا الجنة بما كنتم تعملون
16,33,82,7788,هل ينظرون إلا أن تأتيهم الملائكة أو يأتي أمر ربك ۚ كذلك فعل الذين من قبلهم ۚ وما ظلمهم الله ولكن كانوا أنفسهم يظلمون
16,34,40,1703,فأصابهم سيئات ما عملوا وحاق بهم ما كانوا به يستهزئون
16,35,110,7443,وقال الذين أشركوا لو شاء الله ما عبدنا من دونه من شيء نحن ولا آباؤنا ولا حرمنا من دونه من شيء ۚ كذلك فعل الذين من قبلهم ۚ فهل على الرسل إلا البلاغ المبين
16,36,115,9405,ولقد بعثنا في كل أمة رسولا أن اعبدوا الله واجتنبوا الطاغوت ۖ فمنهم من هدى الله ومنهم من حقت عليه الضلالة ۚ فسيروا في الأرض فانظروا كيف كان عاقبة المكذبين
16,37,43,2702,إن تحرص على هداهم فإن الله لا يهدي من يضل ۖ وما لهم من ناصرين
16,38,69,3206,وأقسموا بالله جهد أيمانهم ۙ لا يبعث الله من يموت ۚ بلى وعدا عليه حقا ولكن أكثر الناس لا يعلمون
16,39,52,4429,ليبين لهم الذي يختلفون فيه وليعلم الذين كفروا أنهم كانوا كاذبين
16,40,32,2086,إنما قولنا لشيء إذا أردناه أن نقول له كن فيكون
16,41,72,4452,والذين هاجروا في الله من بعد ما ظلموا لنبوئنهم في الدنيا حسنة ۖ ولأجر الآخرة أكبر ۚ لو كانوا يعلمون
16,42,24,1965,الذين صبروا وعلى ربهم يتوكلون
16,43,55,3406,وما أرسلنا من قبلك إلا رجالا نوحي إليهم ۚ فاسألوا أهل الذكر إن كنتم لا تعلمون
16,44,60,3720,بالبينات والزبر ۗ وأنزلنا إليك الذكر لتبين للناس ما نزل إليهم ولعلهم يتفكرون
16,45,60,6224,أفأمن الذين مكروا السيئات أن يخسف الله بهم الأرض أو يأتيهم العذاب من حيث لا يشعرون
16,46,26,2376,أو يأخذهم في تقلبهم فما هم بمعجزين
16,47,26,3513,أو يأخذهم على تخوف فإن ربكم لرءوف رحيم
16,48,61,4740,أولم يروا إلى ما خلق الله من شيء يتفيأ ظلاله عن اليمين والشمائل سجدا لله وهم داخرون
16,49,54,3041,ولله يسجد ما في السماوات وما في الأرض من دابة والملائكة وهم لا يستكبرون
16,50,31,1914,يخافون ربهم من فوقهم ويفعلون ما يؤمرون ۩
16,51,47,3648,۞ وقال الله لا تتخذوا إلهين اثنين ۖ إنما هو إله واحد ۖ فإياي فارهبون
16,52,46,4296,وله ما في السماوات والأرض وله الدين واصبا ۚ أفغير الله تتقون
16,53,39,3811,وما بكم من نعمة فمن الله ۖ ثم إذا مسكم الضر فإليه تجأرون
16,54,36,4928,ثم إذا كشف الضر عنكم إذا فريق منكم بربهم يشركون
16,55,33,2715,ليكفروا بما آتيناهم ۚ فتمتعوا ۖ فسوف تعلمون
16,56,56,3913,ويجعلون لما لا يعلمون نصيبا مما رزقناهم ۗ تالله لتسألن عما كنتم تفترون
16,57,34,1743,ويجعلون لله البنات سبحانه ۙ ولهم ما يشتهون
16,58,33,3896,وإذا بشر أحدهم بالأنثى ظل وجهه مسودا وهو كظيم
16,59,58,2996,يتوارى من القوم من سوء ما بشر به ۚ أيمسكه على هون أم يدسه في التراب ۗ ألا ساء ما يحكمون
16,60,52,3561,للذين لا يؤمنون بالآخرة مثل السوء ۖ ولله المثل الأعلى ۚ وهو العزيز الحكيم
16,61,84,7674,ولو يؤاخذ الله الناس بظلمهم ما ترك عليها من دابة ولكن يؤخرهم إلى أجل مسمى ۖ فإذا جاء أجلهم لا يستأخرون ساعة ۖ ولا يستقدمون
16,62,66,3927,ويجعلون لله ما يكرهون وتصف ألسنتهم الكذب أن لهم الحسنى ۖ لا جرم أن لهم النار وأنهم مفرطون
16,63,66,3305,تالله لقد أرسلنا إلى أمم من قبلك فزين لهم الشيطان أعمالهم فهو وليهم اليوم ولهم عذاب أليم
16,64,58,3922,وما أنزلنا عليك الكتاب إلا لتبين لهم الذي اختلفوا فيه ۙ وهدى ورحمة لقوم يؤمنون
16,65,53,3429,والله أنزل من السماء ماء فأحيا به الأرض بعد موتها ۚ إن في ذلك لآية لقوم يسمعون
16,66,65,4725,وإن لكم في الأنعام لعبرة ۖ نسقيكم مما في بطونه من بين فرث ودم لبنا خالصا سائغا للشاربين
16,67,61,6455,ومن ثمرات النخيل والأعناب تتخذون منه سكرا ورزقا حسنا ۗ إن في ذلك لآية لقوم يعقلون
16,68,49,4081,وأوحى ربك إلى النحل أن اتخذي من الجبال بيوتا ومن الشجر ومما يعرشون
16,69,88,8428,ثم كلي من كل الثمرات فاسلكي سبل ربك ذللا ۚ يخرج من بطونها شراب مختلف ألوانه فيه شفاء للناس ۗ إن في ذلك لآية لقوم يتفكرون
16,70,69,5068,والله خلقكم ثم يتوفاكم ۚ ومنكم من يرد إلى أرذل العمر لكي لا يعلم بعد علم شيئا ۚ إن الله عليم قدير
16,71,86,7165,والله فضل بعضكم على بعض في الرزق ۚ فما الذين فضلوا برادي رزقهم على ما ملكت أيمانهم فهم فيه سواء ۚ أفبنعمة الله يجحدون
16,72,92,3471,والله جعل لكم من أنفسكم أزواجا وجعل لكم من أزواجكم بنين وحفدة ورزقكم من الطيبات ۚ أفبالباطل يؤمنون وبنعمت الله هم يكفرون
16,73,60,3548,ويعبدون من دون الله ما لا يملك لهم رزقا من السماوات والأرض شيئا ولا يستطيعون
16,74,39,3576,فلا تضربوا لله الأمثال ۚ إن الله يعلم وأنتم لا تعلمون
16,75,100,6236,۞ ضرب الله مثلا عبدا مملوكا لا يقدر على شيء ومن رزقناه منا رزقا حسنا فهو ينفق منه سرا وجهرا ۖ هل يستوون ۚ الحمد لله ۚ بل أكثرهم لا يعلمون
16,76,100,6527,وضرب الله مثلا رجلين أحدهما أبكم لا يقدر على شيء وهو كل على مولاه أينما يوجهه لا يأت بخير ۖ هل يستوي هو ومن يأمر بالعدل ۙ وهو على صراط مستقيم
16,77,62,4769,ولله غيب السماوات والأرض ۚ وما أمر الساعة إلا كلمح البصر أو هو أقرب ۚ إن الله على كل شيء قدير
16,78,68,4553,والله أخرجكم من بطون أمهاتكم لا تعلمون شيئا وجعل لكم السمع والأبصار والأفئدة ۙ لعلكم تشكرون
16,79,60,4085,ألم يروا إلى الطير مسخرات في جو السماء ما يمسكهن إلا الله ۗ إن في ذلك لآيات لقوم يؤمنون
16,80,111,8009,والله جعل لكم من بيوتكم سكنا وجعل لكم من جلود الأنعام بيوتا تستخفونها يوم ظعنكم ويوم إقامتكم ۙ ومن أصوافها وأوبارها وأشعارها أثاثا ومتاعا إلى حين
16,81,108,7559,والله جعل لكم مما خلق ظلالا وجعل لكم من الجبال أكنانا وجعل لكم سرابيل تقيكم الحر وسرابيل تقيكم بأسكم ۚ كذلك يتم نعمته عليكم لعلكم تسلمون
16,82,27,2071,فإن تولوا فإنما عليك البلاغ المبين
16,83,38,3083,يعرفون نعمت الله ثم ينكرونها وأكثرهم الكافرون
16,84,48,4722,ويوم نبعث من كل أمة شهيدا ثم لا يؤذن للذين كفروا ولا هم يستعتبون
16,85,42,5823,وإذا رأى الذين ظلموا العذاب فلا يخفف عنهم ولا هم ينظرون
16,86,80,6340,وإذا رأى الذين أشركوا شركاءهم قالوا ربنا هؤلاء شركاؤنا الذين كنا ندعو من دونك ۖ فألقوا إليهم القول إنكم لكاذبون
16,87,39,3022,وألقوا إلى الله يومئذ السلم ۖ وضل عنهم ما كانوا يفترون
16,88,59,3695,الذين كفروا وصدوا عن سبيل الله زدناهم عذابا فوق العذاب بما كانوا يفسدون
16,89,92,4851,ويوم نبعث في كل أمة شهيدا عليهم من أنفسهم ۖ وجئنا بك شهيدا على هؤلاء ۚ ونزلنا عليك الكتاب تبيانا لكل شيء وهدى ورحمة وبشرى للمسلمين
16,90,73,6732,۞ إن الله يأمر بالعدل والإحسان وإيتاء ذي القربى وينهى عن الفحشاء والمنكر والبغي ۚ يعظكم لعلكم تذكرون
16,91,85,5488,وأوفوا بعهد الله إذا عاهدتم ولا تنقضوا الأيمان بعد توكيدها وقد جعلتم الله عليكم كفيلا ۚ إن الله يعلم ما تفعلون
16,92,119,11175,ولا تكونوا كالتي نقضت غزلها من بعد قوة أنكاثا تتخذون أيمانكم دخلا بينكم أن تكون أمة هي أربى من أمة ۚ إنما يبلوكم الله به ۚ وليبينن لكم يوم القيامة ما كنتم فيه تختلفون
16,93,61,4237,ولو شاء الله لجعلكم أمة واحدة ولكن يضل من يشاء ويهدي من يشاء ۚ ولتسألن عما كنتم تعملون
16,94,81,8787,ولا تتخذوا أيمانكم دخلا بينكم فتزل قدم بعد ثبوتها وتذوقوا السوء بما صددتم عن سبيل الله ۖ ولكم عذاب عظيم
16,95,55,4601,ولا تشتروا بعهد الله ثمنا قليلا ۚ إنما عند الله هو خير لكم إن كنتم تعلمون
16,96,62,2648,ما عندكم ينفد ۖ وما عند الله باق ۗ ولنجزين الذين صبروا أجرهم بأحسن ما كانوا يعملون
16,97,68,3250,من عمل صالحا من ذكر أو أنثى وهو مؤمن فلنحيينه حياة طيبة ۖ ولنجزينهم أجرهم بأحسن ما كانوا يعملون
16,98,37,4016,فإذا قرأت القرآن فاستعذ بالله من الشيطان الرجيم
16,99,37,2203,إنه ليس له سلطان على الذين آمنوا وعلى ربهم يتوكلون
16,100,39,3109,إنما سلطانه على الذين يتولونه والذين هم به مشركون
16,101,58,3710,وإذا بدلنا آية مكان آية ۙ والله أعلم بما ينزل قالوا إنما أنت مفتر ۚ بل أكثرهم لا يعلمون
16,102,53,3727,قل نزله روح القدس من ربك بالحق ليثبت الذين آمنوا وهدى وبشرى للمسلمين
16,103,65,3770,ولقد نعلم أنهم يقولون إنما يعلمه بشر ۗ لسان الذي يلحدون إليه أعجمي وهذا لسان عربي مبين
16,104,44,2612,إن الذين لا يؤمنون بآيات الله لا يهديهم الله ولهم عذاب أليم
16,105,47,3918,إنما يفتري الكذب الذين لا يؤمنون بآيات الله ۖ وأولئك هم الكاذبون
16,106,89,6891,من كفر بالله من بعد إيمانه إلا من أكره وقلبه مطمئن بالإيمان ولكن من شرح بالكفر صدرا فعليهم غضب من الله ولهم عذاب عظيم
16,107,56,3153,ذلك بأنهم استحبوا الحياة الدنيا على الآخرة وأن الله لا يهدي القوم الكافرين
16,108,50,3147,أولئك الذين طبع الله على قلوبهم وسمعهم وأبصارهم ۖ وأولئك هم الغافلون
16,109,24,2283,لا جرم أنهم في الآخرة هم الخاسرون
16,110,63,5475,ثم إن ربك للذين هاجروا من بعد ما فتنوا ثم جاهدوا وصبروا إن ربك من بعدها لغفور رحيم
16,111,49,4291,۞ يوم تأتي كل نفس تجادل عن نفسها وتوفى كل نفس ما عملت وهم لا يظلمون
16,112,99,8134,وضرب الله مثلا قرية كانت آمنة مطمئنة يأتيها رزقها رغدا من كل مكان فكفرت بأنعم الله فأذاقها الله لباس الجوع والخوف بما كانوا يصنعون
16,113,42,4740,ولقد جاءهم رسول منهم فكذبوه فأخذهم العذاب وهم ظالمون
16,114,55,3011,فكلوا مما رزقكم الله حلالا طيبا واشكروا نعمت الله إن كنتم إياه تعبدون
16,115,80,8693,إنما حرم عليكم الميتة والدم ولحم الخنزير وما أهل لغير الله به ۖ فمن اضطر غير باغ ولا عاد فإن الله غفور رحيم
16,116,90,9067,ولا تقولوا لما تصف ألسنتكم الكذب هذا حلال وهذا حرام لتفتروا على الله الكذب ۚ إن الذين يفترون على الله الكذب لا يفلحون
16,117,19,1615,متاع قليل ولهم عذاب أليم
16,118,64,4505,وعلى الذين هادوا حرمنا ما قصصنا عليك من قبل ۖ وما ظلمناهم ولكن كانوا أنفسهم يظلمون
16,119,66,5942,ثم إن ربك للذين عملوا السوء بجهالة ثم تابوا من بعد ذلك وأصلحوا إن ربك من بعدها لغفور رحيم
16,120,39,2032,إن إبراهيم كان أمة قانتا لله حنيفا ولم يك من المشركين
16,121,32,2130,شاكرا لأنعمه ۚ اجتباه وهداه إلى صراط مستقيم
16,122,37,2098,وآتيناه في الدنيا حسنة ۖ وإنه في الآخرة لمن الصالحين
16,123,44,2534,ثم أوحينا إليك أن اتبع ملة إبراهيم حنيفا ۖ وما كان من المشركين
16,124,71,5002,إنما جعل السبت على الذين اختلفوا فيه ۚ وإن ربك ليحكم بينهم يوم القيامة فيما كانوا فيه يختلفون
16,125,82,4668,ادع إلى سبيل ربك بالحكمة والموعظة الحسنة ۖ وجادلهم بالتي هي أحسن ۚ إن ربك هو أعلم بمن ضل عن سبيله ۖ وهو أعلم بالمهتدين
16,126,51,4249,وإن عاقبتم فعاقبوا بمثل ما عوقبتم به ۖ ولئن صبرتم لهو خير للصابرين
16,127,50,3278,واصبر وما صبرك إلا بالله ۚ ولا تحزن عليهم ولا تك في ضيق مما يمكرون
16,128,31,2581,إن الله مع الذين اتقوا والذين هم محسنون
17,1,87,4694,سبحان الذي أسرى بعبده ليلا من المسجد الحرام إلى المسجد الأقصى الذي باركنا حوله لنريه من آياتنا ۚ إنه هو السميع البصير
17,2,51,3959,وآتينا موسى الكتاب وجعلناه هدى لبني إسرائيل ألا تتخذوا من دوني وكيلا
17,3,29,2033,ذرية من حملنا مع نوح ۚ إنه كان عبدا شكورا
17,4,55,5275,وقضينا إلى بني إسرائيل في الكتاب لتفسدن في الأرض مرتين ولتعلن علوا كبيرا
17,5,71,3769,فإذا جاء وعد أولاهما بعثنا عليكم عبادا لنا أولي بأس شديد فجاسوا خلال الديار ۚ وكان وعدا مفعولا
17,6,53,2938,ثم رددنا لكم الكرة عليهم وأمددناكم بأموال وبنين وجعلناكم أكثر نفيرا
17,7,96,7630,إن أحسنتم أحسنتم لأنفسكم ۖ وإن أسأتم فلها ۚ فإذا جاء وعد الآخرة ليسوءوا وجوهكم وليدخلوا المسجد كما دخلوه أول مرة وليتبروا ما علوا تتبيرا
17,8,46,2443,عسى ربكم أن يرحمكم ۚ وإن عدتم عدنا ۘ وجعلنا جهنم للكافرين حصيرا
17,9,65,4656,إن هذا القرآن يهدي للتي هي أقوم ويبشر المؤمنين الذين يعملون الصالحات أن لهم أجرا كبيرا
17,10,36,3322,وأن الذين لا يؤمنون بالآخرة أعتدنا لهم عذابا أليما
17,11,40,2117,ويدع الإنسان بالشر دعاءه بالخير ۖ وكان الإنسان عجولا
17,12,109,7414,وجعلنا الليل والنهار آيتين ۖ فمحونا آية الليل وجعلنا آية النهار مبصرة لتبتغوا فضلا من ربكم ولتعلموا عدد السنين والحساب ۚ وكل شيء فصلناه تفصيلا
17,13,55,3179,وكل إنسان ألزمناه طائره في عنقه ۖ ونخرج له يوم القيامة كتابا يلقاه منشورا
17,14,29,1354,اقرأ كتابك كفى بنفسك اليوم عليك حسيبا
17,15,75,7566,من اهتدى فإنما يهتدي لنفسه ۖ ومن ضل فإنما يضل عليها ۚ ولا تزر وازرة وزر أخرى ۗ وما كنا معذبين حتى نبعث رسولا
17,16,63,4384,وإذا أردنا أن نهلك قرية أمرنا مترفيها ففسقوا فيها فحق عليها القول فدمرناها تدميرا
17,17,51,3167,وكم أهلكنا من القرون من بعد نوح ۗ وكفى بربك بذنوب عباده خبيرا بصيرا
17,18,69,3631,من كان يريد العاجلة عجلنا له فيها ما نشاء لمن نريد ثم جعلنا له جهنم يصلاها مذموما مدحورا
17,19,45,2556,ومن أراد الآخرة وسعى لها سعيها وهو مؤمن فأولئك كان سعيهم مشكورا
17,20,39,2190,كلا نمد هؤلاء وهؤلاء من عطاء ربك ۚ وما كان عطاء ربك محظورا
17,21,45,7356,انظر كيف فضلنا بعضهم على بعض ۚ وللآخرة أكبر درجات وأكبر تفضيلا
17,22,34,4404,لا تجعل مع الله إلها آخر فتقعد مذموما مخذولا
17,23,99,5795,۞ وقضى ربك ألا تعبدوا إلا إياه وبالوالدين إحسانا ۚ إما يبلغن عندك الكبر أحدهما أو كلاهما فلا تقل لهما أف ولا تنهرهما وقل لهما قولا كريما
17,24,50,5023,واخفض لهما جناح الذل من الرحمة وقل رب ارحمهما كما ربياني صغيرا
17,25,49,3135,ربكم أعلم بما في نفوسكم ۚ إن تكونوا صالحين فإنه كان للأوابين غفورا
17,26,43,4614,وآت ذا القربى حقه والمسكين وابن السبيل ولا تبذر تبذيرا
17,27,46,3251,إن المبذرين كانوا إخوان الشياطين ۖ وكان الشيطان لربه كفورا
17,28,47,5050,وإما تعرضن عنهم ابتغاء رحمة من ربك ترجوها فقل لهم قولا ميسورا
17,29,52,3702,ولا تجعل يدك مغلولة إلى عنقك ولا تبسطها كل البسط فتقعد ملوما محسورا
17,30,45,2768,إن ربك يبسط الرزق لمن يشاء ويقدر ۚ إنه كان بعباده خبيرا بصيرا
17,31,53,4282,ولا تقتلوا أولادكم خشية إملاق ۖ نحن نرزقهم وإياكم ۚ إن قتلهم كان خطئا كبيرا
17,32,31,1520,ولا تقربوا الزنا ۖ إنه كان فاحشة وساء سبيلا
17,33,88,5960,ولا تقتلوا النفس التي حرم الله إلا بالحق ۗ ومن قتل مظلوما فقد جعلنا لوليه سلطانا فلا يسرف في القتل ۖ إنه كان منصورا
17,34,64,4253,ولا تقربوا مال اليتيم إلا بالتي هي أحسن حتى يبلغ أشده ۚ وأوفوا بالعهد ۖ إن العهد كان مسئولا
17,35,52,4526,وأوفوا الكيل إذا كلتم وزنوا بالقسطاس المستقيم ۚ ذلك خير وأحسن تأويلا
17,36,52,2096,ولا تقف ما ليس لك به علم ۚ إن السمع والبصر والفؤاد كل أولئك كان عنه مسئولا
17,37,45,6259,ولا تمش في الأرض مرحا ۖ إنك لن تخرق الأرض ولن تبلغ الجبال طولا
17,38,23,1564,كل ذلك كان سيئه عند ربك مكروها
17,39,60,4042,ذلك مما أوحى إليك ربك من الحكمة ۗ ولا تجعل مع الله إلها آخر فتلقى في جهنم ملوما مدحورا
17,40,53,5079,أفأصفاكم ربكم بالبنين واتخذ من الملائكة إناثا ۚ إنكم لتقولون قولا عظيما
17,41,42,3196,ولقد صرفنا في هذا القرآن ليذكروا وما يزيدهم إلا نفورا
17,42,43,4235,قل لو كان معه آلهة كما يقولون إذا لابتغوا إلى ذي العرش سبيلا
17,43,29,1286,سبحانه وتعالى عما يقولون علوا كبيرا
17,44,82,5916,تسبح له السماوات السبع والأرض ومن فيهن ۚ وإن من شيء إلا يسبح بحمده ولكن لا تفقهون تسبيحهم ۗ إنه كان حليما غفورا
17,45,52,4625,وإذا قرأت القرآن جعلنا بينك وبين الذين لا يؤمنون بالآخرة حجابا مستورا
17,46,73,5443,وجعلنا على قلوبهم أكنة أن يفقهوه وفي آذانهم وقرا ۚ وإذا ذكرت ربك في القرآن وحده ولوا على أدبارهم نفورا
17,47,68,6602,نحن أعلم بما يستمعون به إذ يستمعون إليك وإذ هم نجوى إذ يقول الظالمون إن تتبعون إلا رجلا مسحورا
17,48,41,4668,انظر كيف ضربوا لك الأمثال فضلوا فلا يستطيعون سبيلا
17,49,41,4124,وقالوا أإذا كنا عظاما ورفاتا أإنا لمبعوثون خلقا جديدا
17,50,17,458,۞ قل كونوا حجارة أو حديدا
17,51,92,7368,أو خلقا مما يكبر في صدوركم ۚ فسيقولون من يعيدنا ۖ قل الذي فطركم أول مرة ۚ فسينغضون إليك رءوسهم ويقولون متى هو ۖ قل عسى أن يكون قريبا
17,52,42,3912,يوم يدعوكم فتستجيبون بحمده وتظنون إن لبثتم إلا قليلا
17,53,67,3532,وقل لعبادي يقولوا التي هي أحسن ۚ إن الشيطان ينزغ بينهم ۚ إن الشيطان كان للإنسان عدوا مبينا
17,54,48,2980,ربكم أعلم بكم ۖ إن يشأ يرحمكم أو إن يشأ يعذبكم ۚ وما أرسلناك عليهم وكيلا
17,55,64,5928,وربك أعلم بمن في السماوات والأرض ۗ ولقد فضلنا بعض النبيين على بعض ۖ وآتينا داوود زبورا
17,56,52,4085,قل ادعوا الذين زعمتم من دونه فلا يملكون كشف الضر عنكم ولا تحويلا
17,57,76,7756,أولئك الذين يدعون يبتغون إلى ربهم الوسيلة أيهم أقرب ويرجون رحمته ويخافون عذابه ۚ إن عذاب ربك كان محذورا
17,58,69,4676,وإن من قرية إلا نحن مهلكوها قبل يوم القيامة أو معذبوها عذابا شديدا ۚ كان ذلك في الكتاب مسطورا
17,59,82,6581,وما منعنا أن نرسل بالآيات إلا أن كذب بها الأولون ۚ وآتينا ثمود الناقة مبصرة فظلموا بها ۚ وما نرسل بالآيات إلا تخويفا
17,60,102,6825,وإذ قلنا لك إن ربك أحاط بالناس ۚ وما جعلنا الرؤيا التي أريناك إلا فتنة للناس والشجرة الملعونة في القرآن ۚ ونخوفهم فما يزيدهم إلا طغيانا كبيرا
17,61,50,2992,وإذ قلنا للملائكة اسجدوا لآدم فسجدوا إلا إبليس قال أأسجد لمن خلقت طينا
17,62,55,6651,قال أرأيتك هذا الذي كرمت علي لئن أخرتن إلى يوم القيامة لأحتنكن ذريته إلا قليلا
17,63,38,2279,قال اذهب فمن تبعك منهم فإن جهنم جزاؤكم جزاء موفورا
17,64,92,6349,واستفزز من استطعت منهم بصوتك وأجلب عليهم بخيلك ورجلك وشاركهم في الأموال والأولاد وعدهم ۚ وما يعدهم الشيطان إلا غرورا
17,65,33,989,إن عبادي ليس لك عليهم سلطان ۚ وكفى بربك وكيلا
17,66,53,4906,ربكم الذي يزجي لكم الفلك في البحر لتبتغوا من فضله ۚ إنه كان بكم رحيما
17,67,66,6340,وإذا مسكم الضر في البحر ضل من تدعون إلا إياه ۖ فلما نجاكم إلى البر أعرضتم ۚ وكان الإنسان كفورا
17,68,53,3481,أفأمنتم أن يخسف بكم جانب البر أو يرسل عليكم حاصبا ثم لا تجدوا لكم وكيلا
17,69,81,7390,أم أمنتم أن يعيدكم فيه تارة أخرى فيرسل عليكم قاصفا من الريح فيغرقكم بما كفرتم ۙ ثم لا تجدوا لكم علينا به تبيعا
17,70,79,6333,۞ ولقد كرمنا بني آدم وحملناهم في البر والبحر ورزقناهم من الطيبات وفضلناهم على كثير ممن خلقنا تفضيلا
17,71,64,4170,يوم ندعو كل أناس بإمامهم ۖ فمن أوتي كتابه بيمينه فأولئك يقرءون كتابهم ولا يظلمون فتيلا
17,72,32,3138,ومن كان في هذه أعمى فهو في الآخرة أعمى وأضل سبيلا
17,73,59,7361,وإن كادوا ليفتنونك عن الذي أوحينا إليك لتفتري علينا غيره ۖ وإذا لاتخذوك خليلا
17,74,34,2891,ولولا أن ثبتناك لقد كدت تركن إليهم شيئا قليلا
17,75,45,5610,إذا لأذقناك ضعف الحياة وضعف الممات ثم لا تجد لك علينا نصيرا
17,76,56,5106,وإن كادوا ليستفزونك من الأرض ليخرجوك منها ۖ وإذا لا يلبثون خلافك إلا قليلا
17,77,40,2718,سنة من قد أرسلنا قبلك من رسلنا ۖ ولا تجد لسنتنا تحويلا
17,78,53,3915,أقم الصلاة لدلوك الشمس إلى غسق الليل وقرآن الفجر ۖ إن قرآن الفجر كان مشهودا
17,79,43,2192,ومن الليل فتهجد به نافلة لك عسى أن يبعثك ربك مقاما محمودا
17,80,54,4652,وقل رب أدخلني مدخل صدق وأخرجني مخرج صدق واجعل لي من لدنك سلطانا نصيرا
17,81,34,783,وقل جاء الحق وزهق الباطل ۚ إن الباطل كان زهوقا
17,82,52,3574,وننزل من القرآن ما هو شفاء ورحمة للمؤمنين ۙ ولا يزيد الظالمين إلا خسارا
17,83,44,3890,وإذا أنعمنا على الإنسان أعرض ونأى بجانبه ۖ وإذا مسه الشر كان يئوسا
17,84,36,1883,قل كل يعمل على شاكلته فربكم أعلم بمن هو أهدى سبيلا
17,85,50,2830,ويسألونك عن الروح ۖ قل الروح من أمر ربي وما أوتيتم من العلم إلا قليلا
17,86,46,3415,ولئن شئنا لنذهبن بالذي أوحينا إليك ثم لا تجد لك به علينا وكيلا
17,87,27,1990,إلا رحمة من ربك ۚ إن فضله كان عليك كبيرا
17,88,69,7703,قل لئن اجتمعت الإنس والجن على أن يأتوا بمثل هذا القرآن لا يأتون بمثله ولو كان بعضهم لبعض ظهيرا
17,89,48,3901,ولقد صرفنا للناس في هذا القرآن من كل مثل فأبى أكثر الناس إلا كفورا
17,90,34,2846,وقالوا لن نؤمن لك حتى تفجر لنا من الأرض ينبوعا
17,91,42,3904,أو تكون لك جنة من نخيل وعنب فتفجر الأنهار خلالها تفجيرا
17,92,47,2762,أو تسقط السماء كما زعمت علينا كسفا أو تأتي بالله والملائكة قبيلا
17,93,84,6679,أو يكون لك بيت من زخرف أو ترقى في السماء ولن نؤمن لرقيك حتى تنزل علينا كتابا نقرؤه ۗ قل سبحان ربي هل كنت إلا بشرا رسولا
17,94,50,2952,وما منع الناس أن يؤمنوا إذ جاءهم الهدى إلا أن قالوا أبعث الله بشرا رسولا
17,95,55,2987,قل لو كان في الأرض ملائكة يمشون مطمئنين لنزلنا عليهم من السماء ملكا رسولا
17,96,45,2144,قل كفى بالله شهيدا بيني وبينكم ۚ إنه كان بعباده خبيرا بصيرا
17,97,109,5632,ومن يهد الله فهو المهتد ۖ ومن يضلل فلن تجد لهم أولياء من دونه ۖ ونحشرهم يوم القيامة على وجوههم عميا وبكما وصما ۖ مأواهم جهنم ۖ كلما خبت زدناهم سعيرا
17,98,64,5798,ذلك جزاؤهم بأنهم كفروا بآياتنا وقالوا أإذا كنا عظاما ورفاتا أإنا لمبعوثون خلقا جديدا
17,99,83,7300,۞ أولم يروا أن الله الذي خلق السماوات والأرض قادر على أن يخلق مثلهم وجعل لهم أجلا لا ريب فيه فأبى الظالمون إلا كفورا
17,100,55,5759,قل لو أنتم تملكون خزائن رحمة ربي إذا لأمسكتم خشية الإنفاق ۚ وكان الإنسان قتورا
17,101,67,5538,ولقد آتينا موسى تسع آيات بينات ۖ فاسأل بني إسرائيل إذ جاءهم فقال له فرعون إني لأظنك يا موسى مسحورا
17,102,59,5303,قال لقد علمت ما أنزل هؤلاء إلا رب السماوات والأرض بصائر وإني لأظنك يا فرعون مثبورا
17,103,36,3829,فأراد أن يستفزهم من الأرض فأغرقناه ومن معه جميعا
17,104,53,3933,وقلنا من بعده لبني إسرائيل اسكنوا الأرض فإذا جاء وعد الآخرة جئنا بكم لفيفا
17,105,43,2473,وبالحق أنزلناه وبالحق نزل ۗ وما أرسلناك إلا مبشرا ونذيرا
17,106,41,3077,وقرآنا فرقناه لتقرأه على الناس على مكث ونزلناه تنزيلا
17,107,62,5561,قل آمنوا به أو لا تؤمنوا ۚ إن الذين أوتوا العلم من قبله إذا يتلى عليهم يخرون للأذقان سجدا
17,108,34,1293,ويقولون سبحان ربنا إن كان وعد ربنا لمفعولا
17,109,29,2930,ويخرون للأذقان يبكون ويزيدهم خشوعا ۩
17,110,85,6662,قل ادعوا الله أو ادعوا الرحمن ۖ أيا ما تدعوا فله الأسماء الحسنى ۚ ولا تجهر بصلاتك ولا تخافت بها وابتغ بين ذلك سبيلا
17,111,72,5732,وقل الحمد لله الذي لم يتخذ ولدا ولم يكن له شريك في الملك ولم يكن له ولي من الذل ۖ وكبره تكبيرا
18,1,40,1915,الحمد لله الذي أنزل على عبده الكتاب ولم يجعل له عوجا ۜ
18,2,65,4447,قيما لينذر بأسا شديدا من لدنه ويبشر المؤمنين الذين يعملون الصالحات أن لهم أجرا حسنا
18,3,12,723,ماكثين فيه أبدا
18,4,27,3703,وينذر الذين قالوا اتخذ الله ولدا
18,5,52,3616,ما لهم به من علم ولا لآبائهم ۚ كبرت كلمة تخرج من أفواههم ۚ إن يقولون إلا كذبا
18,6,41,3588,فلعلك باخع نفسك على آثارهم إن لم يؤمنوا بهذا الحديث أسفا
18,7,38,1957,إنا جعلنا ما على الأرض زينة لها لنبلوهم أيهم أحسن عملا
18,8,26,790,وإنا لجاعلون ما عليها صعيدا جرزا
18,9,38,1890,أم حسبت أن أصحاب الكهف والرقيم كانوا من آياتنا عجبا
18,10,51,3745,إذ أوى الفتية إلى الكهف فقالوا ربنا آتنا من لدنك رحمة وهيئ لنا من أمرنا رشدا
18,11,28,2504,فضربنا على آذانهم في الكهف سنين عددا
18,12,35,2299,ثم بعثناهم لنعلم أي الحزبين أحصى لما لبثوا أمدا
18,13,43,1769,نحن نقص عليك نبأهم بالحق ۚ إنهم فتية آمنوا بربهم وزدناهم هدى
18,14,73,5384,وربطنا على قلوبهم إذ قاموا فقالوا ربنا رب السماوات والأرض لن ندعو من دونه إلها ۖ لقد قلنا إذا شططا
18,15,67,5873,هؤلاء قومنا اتخذوا من دونه آلهة ۖ لولا يأتون عليهم بسلطان بين ۖ فمن أظلم ممن افترى على الله كذبا
18,16,73,4837,وإذ اعتزلتموهم وما يعبدون إلا الله فأووا إلى الكهف ينشر لكم ربكم من رحمته ويهيئ لكم من أمركم مرفقا
18,17,122,14278,۞ وترى الشمس إذا طلعت تزاور عن كهفهم ذات اليمين وإذا غربت تقرضهم ذات الشمال وهم في فجوة منه ۚ ذلك من آيات الله ۗ من يهد الله فهو المهتد ۖ ومن يضلل فلن تجد له وليا مرشدا
18,18,107,8890,وتحسبهم أيقاظا وهم رقود ۚ ونقلبهم ذات اليمين وذات الشمال ۖ وكلبهم باسط ذراعيه بالوصيد ۚ لو اطلعت عليهم لوليت منهم فرارا ولملئت منهم رعبا
18,19,160,12485,وكذلك بعثناهم ليتساءلوا بينهم ۚ قال قائل منهم كم لبثتم ۖ قالوا لبثنا يوما أو بعض يوم ۚ قالوا ربكم أعلم بما لبثتم فابعثوا أحدكم بورقكم هذه إلى المدينة فلينظر أيها أزكى طعاما فليأتكم برزق منه وليتلطف ولا يشعرن بكم أحدا
18,20,51,3846,إنهم إن يظهروا عليكم يرجموكم أو يعيدوكم في ملتهم ولن تفلحوا إذا أبدا
18,21,133,9906,وكذلك أعثرنا عليهم ليعلموا أن وعد الله حق وأن الساعة لا ريب فيها إذ يتنازعون بينهم أمرهم ۖ فقالوا ابنوا عليهم بنيانا ۖ ربهم أعلم بهم ۚ قال الذين غلبوا على أمرهم لنتخذن عليهم مسجدا
18,22,143,10617,سيقولون ثلاثة رابعهم كلبهم ويقولون خمسة سادسهم كلبهم رجما بالغيب ۖ ويقولون سبعة وثامنهم كلبهم ۚ قل ربي أعلم بعدتهم ما يعلمهم إلا قليل ۗ فلا تمار فيهم إلا مراء ظاهرا ولا تستفت فيهم منهم أحدا
18,23,23,2959,ولا تقولن لشيء إني فاعل ذلك غدا
18,24,51,5068,إلا أن يشاء الله ۚ واذكر ربك إذا نسيت وقل عسى أن يهدين ربي لأقرب من هذا رشدا
18,25,35,2588,ولبثوا في كهفهم ثلاث مائة سنين وازدادوا تسعا
18,26,76,5166,قل الله أعلم بما لبثوا ۖ له غيب السماوات والأرض ۖ أبصر به وأسمع ۚ ما لهم من دونه من ولي ولا يشرك في حكمه أحدا
18,27,52,3061,واتل ما أوحي إليك من كتاب ربك ۖ لا مبدل لكلماته ولن تجد من دونه ملتحدا
18,28,124,9308,واصبر نفسك مع الذين يدعون ربهم بالغداة والعشي يريدون وجهه ۖ ولا تعد عيناك عنهم تريد زينة الحياة الدنيا ۖ ولا تطع من أغفلنا قلبه عن ذكرنا واتبع هواه وكان أمره فرطا
18,29,119,10471,وقل الحق من ربكم ۖ فمن شاء فليؤمن ومن شاء فليكفر ۚ إنا أعتدنا للظالمين نارا أحاط بهم سرادقها ۚ وإن يستغيثوا يغاثوا بماء كالمهل يشوي الوجوه ۚ بئس الشراب وساءت مرتفقا
18,30,43,3216,إن الذين آمنوا وعملوا الصالحات إنا لا نضيع أجر من أحسن عملا
18,31,114,10230,أولئك لهم جنات عدن تجري من تحتهم الأنهار يحلون فيها من أساور من ذهب ويلبسون ثيابا خضرا من سندس وإستبرق متكئين فيها على الأرائك ۚ نعم الثواب وحسنت مرتفقا
18,32,68,4415,۞ واضرب لهم مثلا رجلين جعلنا لأحدهما جنتين من أعناب وحففناهما بنخل وجعلنا بينهما زرعا
18,33,47,5006,كلتا الجنتين آتت أكلها ولم تظلم منه شيئا ۚ وفجرنا خلالهما نهرا
18,34,47,2813,وكان له ثمر فقال لصاحبه وهو يحاوره أنا أكثر منك مالا وأعز نفرا
18,35,38,4616,ودخل جنته وهو ظالم لنفسه قال ما أظن أن تبيد هذه أبدا
18,36,42,3453,وما أظن الساعة قائمة ولئن رددت إلى ربي لأجدن خيرا منها منقلبا
18,37,55,5035,قال له صاحبه وهو يحاوره أكفرت بالذي خلقك من تراب ثم من نطفة ثم سواك رجلا
18,38,26,1174,لكنا هو الله ربي ولا أشرك بربي أحدا
18,39,56,4564,ولولا إذ دخلت جنتك قلت ما شاء الله لا قوة إلا بالله ۚ إن ترن أنا أقل منك مالا وولدا
18,40,58,3975,فعسى ربي أن يؤتين خيرا من جنتك ويرسل عليها حسبانا من السماء فتصبح صعيدا زلقا
18,41,28,2556,أو يصبح ماؤها غورا فلن تستطيع له طلبا
18,42,71,4484,وأحيط بثمره فأصبح يقلب كفيه على ما أنفق فيها وهي خاوية على عروشها ويقول يا ليتني لم أشرك بربي أحدا
18,43,37,2187,ولم تكن له فئة ينصرونه من دون الله وما كان منتصرا
18,44,36,2708,هنالك الولاية لله الحق ۚ هو خير ثوابا وخير عقبا
18,45,94,8282,واضرب لهم مثل الحياة الدنيا كماء أنزلناه من السماء فاختلط به نبات الأرض فأصبح هشيما تذروه الرياح ۗ وكان الله على كل شيء مقتدرا
18,46,64,4125,المال والبنون زينة الحياة الدنيا ۖ والباقيات الصالحات خير عند ربك ثوابا وخير أملا
18,47,48,4459,ويوم نسير الجبال وترى الأرض بارزة وحشرناهم فلم نغادر منهم أحدا
18,48,58,4421,وعرضوا على ربك صفا لقد جئتمونا كما خلقناكم أول مرة ۚ بل زعمتم ألن نجعل لكم موعدا
18,49,116,10520,ووضع الكتاب فترى المجرمين مشفقين مما فيه ويقولون يا ويلتنا مال هذا الكتاب لا يغادر صغيرة ولا كبيرة إلا أحصاها ۚ ووجدوا ما عملوا حاضرا ۗ ولا يظلم ربك أحدا
18,50,100,7786,وإذ قلنا للملائكة اسجدوا لآدم فسجدوا إلا إبليس كان من الجن ففسق عن أمر ربه ۗ أفتتخذونه وذريته أولياء من دوني وهم لكم عدو ۚ بئس للظالمين بدلا
18,51,56,8196,۞ ما أشهدتهم خلق السماوات والأرض ولا خلق أنفسهم وما كنت متخذ المضلين عضدا
18,52,64,3487,ويوم يقول نادوا شركائي الذين زعمتم فدعوهم فلم يستجيبوا لهم وجعلنا بينهم موبقا
18,53,48,2856,ورأى المجرمون النار فظنوا أنهم مواقعوها ولم يجدوا عنها مصرفا
18,54,50,3956,ولقد صرفنا في هذا القرآن للناس من كل مثل ۚ وكان الإنسان أكثر شيء جدلا
18,55,71,5886,وما منع الناس أن يؤمنوا إذ جاءهم الهدى ويستغفروا ربهم إلا أن تأتيهم سنة الأولين أو يأتيهم العذاب قبلا
18,56,89,7887,وما نرسل المرسلين إلا مبشرين ومنذرين ۚ ويجادل الذين كفروا بالباطل ليدحضوا به الحق ۖ واتخذوا آياتي وما أنذروا هزوا
18,57,103,8695,ومن أظلم ممن ذكر بآيات ربه فأعرض عنها ونسي ما قدمت يداه ۚ إنا جعلنا على قلوبهم أكنة أن يفقهوه وفي آذانهم وقرا ۖ وإن تدعهم إلى الهدى فلن يهتدوا إذا أبدا
18,58,72,5629,وربك الغفور ذو الرحمة ۖ لو يؤاخذهم بما كسبوا لعجل لهم العذاب ۚ بل لهم موعد لن يجدوا من دونه موئلا
18,59,41,2437,وتلك القرى أهلكناهم لما ظلموا وجعلنا لمهلكهم موعدا
18,60,42,4561,وإذ قال موسى لفتاه لا أبرح حتى أبلغ مجمع البحرين أو أمضي حقبا
18,61,49,4508,فلما بلغا مجمع بينهما نسيا حوتهما فاتخذ سبيله في البحر سربا
18,62,47,3978,فلما جاوزا قال لفتاه آتنا غداءنا لقد لقينا من سفرنا هذا نصبا
18,63,73,7415,قال أرأيت إذ أوينا إلى الصخرة فإني نسيت الحوت وما أنسانيه إلا الشيطان أن أذكره ۚ واتخذ سبيله في البحر عجبا
18,64,32,3859,قال ذلك ما كنا نبغ ۚ فارتدا على آثارهما قصصا
18,65,49,1886,فوجدا عبدا من عبادنا آتيناه رحمة من عندنا وعلمناه من لدنا علما
18,66,33,2665,قال له موسى هل أتبعك على أن تعلمن مما علمت رشدا
18,67,20,1643,قال إنك لن تستطيع معي صبرا
18,68,23,2246,وكيف تصبر على ما لم تحط به خبرا
18,69,32,1867,قال ستجدني إن شاء الله صابرا ولا أعصي لك أمرا
18,70,38,4271,قال فإن اتبعتني فلا تسألني عن شيء حتى أحدث لك منه ذكرا
18,71,57,7127,فانطلقا حتى إذا ركبا في السفينة خرقها ۖ قال أخرقتها لتغرق أهلها لقد جئت شيئا إمرا
18,72,24,1843,قال ألم أقل إنك لن تستطيع معي صبرا
18,73,36,3959,قال لا تؤاخذني بما نسيت ولا ترهقني من أمري عسرا
18,74,58,7018,فانطلقا حتى إذا لقيا غلاما فقتله قال أقتلت نفسا زكية بغير نفس لقد جئت شيئا نكرا
18,75,26,1893,۞ قال ألم أقل لك إنك لن تستطيع معي صبرا
18,76,43,4566,قال إن سألتك عن شيء بعدها فلا تصاحبني ۖ قد بلغت من لدني عذرا
18,77,91,9025,فانطلقا حتى إذا أتيا أهل قرية استطعما أهلها فأبوا أن يضيفوهما فوجدا فيها جدارا يريد أن ينقض فأقامه ۖ قال لو شئت لاتخذت عليه أجرا
18,78,45,3416,قال هذا فراق بيني وبينك ۚ سأنبئك بتأويل ما لم تستطع عليه صبرا
18,79,68,5465,أما السفينة فكانت لمساكين يعملون في البحر فأردت أن أعيبها وكان وراءهم ملك يأخذ كل سفينة غصبا
18,80,47,4334,وأما الغلام فكان أبواه مؤمنين فخشينا أن يرهقهما طغيانا وكفرا
18,81,36,2216,فأردنا أن يبدلهما ربهما خيرا منه زكاة وأقرب رحما
18,82,139,10816,وأما الجدار فكان لغلامين يتيمين في المدينة وكان تحته كنز لهما وكان أبوهما صالحا فأراد ربك أن يبلغا أشدهما ويستخرجا كنزهما رحمة من ربك ۚ وما فعلته عن أمري ۚ ذلك تأويل ما لم تسطع عليه صبرا
18,83,36,3265,ويسألونك عن ذي القرنين ۖ قل سأتلو عليكم منه ذكرا
18,84,30,2305,إنا مكنا له في الأرض وآتيناه من كل شيء سببا
18,85,8,617,فأتبع سببا
18,86,83,11047,حتى إذا بلغ مغرب الشمس وجدها تغرب في عين حمئة ووجد عندها قوما ۗ قلنا يا ذا القرنين إما أن تعذب وإما أن تتخذ فيهم حسنا
18,87,43,5188,قال أما من ظلم فسوف نعذبه ثم يرد إلى ربه فيعذبه عذابا نكرا
18,88,45,1717,وأما من آمن وعمل صالحا فله جزاء الحسنى ۖ وسنقول له من أمرنا يسرا
18,89,9,1077,ثم أتبع سببا
18,90,50,4610,حتى إذا بلغ مطلع الشمس وجدها تطلع على قوم لم نجعل لهم من دونها سترا
18,91,22,1843,كذلك وقد أحطنا بما لديه خبرا
18,92,9,1077,ثم أتبع سببا
18,93,49,3224,حتى إذا بلغ بين السدين وجد من دونهما قوما لا يكادون يفقهون قولا
18,94,72,4848,قالوا يا ذا القرنين إن يأجوج ومأجوج مفسدون في الأرض فهل نجعل لك خرجا على أن تجعل بيننا وبينهم سدا
18,95,46,2376,قال ما مكني فيه ربي خير فأعينوني بقوة أجعل بينكم وبينهم ردما
18,96,69,6875,آتوني زبر الحديد ۖ حتى إذا ساوى بين الصدفين قال انفخوا ۖ حتى إذا جعله نارا قال آتوني أفرغ عليه قطرا
18,97,34,2228,فما اسطاعوا أن يظهروه وما استطاعوا له نقبا
18,98,45,3075,قال هذا رحمة من ربي ۖ فإذا جاء وعد ربي جعله دكاء ۖ وكان وعد ربي حقا
18,99,47,4927,۞ وتركنا بعضهم يومئذ يموج في بعض ۖ ونفخ في الصور فجمعناهم جمعا
18,100,26,3473,وعرضنا جهنم يومئذ للكافرين عرضا
18,101,45,4488,الذين كانت أعينهم في غطاء عن ذكري وكانوا لا يستطيعون سمعا
18,102,59,4492,أفحسب الذين كفروا أن يتخذوا عبادي من دوني أولياء ۚ إنا أعتدنا جهنم للكافرين نزلا
18,103,22,1422,قل هل ننبئكم بالأخسرين أعمالا
18,104,47,2719,الذين ضل سعيهم في الحياة الدنيا وهم يحسبون أنهم يحسنون صنعا
18,105,60,3329,أولئك الذين كفروا بآيات ربهم ولقائه فحبطت أعمالهم فلا نقيم لهم يوم القيامة وزنا
18,106,40,3714,ذلك جزاؤهم جهنم بما كفروا واتخذوا آياتي ورسلي هزوا
18,107,46,3121,إن الذين آمنوا وعملوا الصالحات كانت لهم جنات الفردوس نزلا
18,108,25,2061,خالدين فيها لا يبغون عنها حولا
18,109,66,3807,قل لو كان البحر مدادا لكلمات ربي لنفد البحر قبل أن تنفد كلمات ربي ولو جئنا بمثله مددا
18,110,82,3903,قل إنما أنا بشر مثلكم يوحى إلي أنما إلهكم إله واحد ۖ فمن كان يرجو لقاء ربه فليعمل عملا صالحا ولا يشرك بعبادة ربه أحدا
19,1,5,195,كهيعص
19,2,19,2109,ذكر رحمت ربك عبده زكريا
19,3,14,1708,إذ نادى ربه نداء خفيا
19,4,48,3862,قال رب إني وهن العظم مني واشتعل الرأس شيبا ولم أكن بدعائك رب شقيا
19,5,49,3439,وإني خفت الموالي من ورائي وكانت امرأتي عاقرا فهب لي من لدنك وليا
19,6,29,3122,يرثني ويرث من آل يعقوب ۖ واجعله رب رضيا
19,7,43,2670,يا زكريا إنا نبشرك بغلام اسمه يحيى لم نجعل له من قبل سميا
19,8,49,5446,قال رب أنى يكون لي غلام وكانت امرأتي عاقرا وقد بلغت من الكبر عتيا
19,9,42,3729,قال كذلك قال ربك هو علي هين وقد خلقتك من قبل ولم تك شيئا
19,10,41,2890,قال رب اجعل لي آية ۚ قال آيتك ألا تكلم الناس ثلاث ليال سويا
19,11,40,2421,فخرج على قومه من المحراب فأوحى إليهم أن سبحوا بكرة وعشيا
19,12,31,2575,يا يحيى خذ الكتاب بقوة ۖ وآتيناه الحكم صبيا
19,13,24,913,وحنانا من لدنا وزكاة ۖ وكان تقيا
19,14,26,801,وبرا بوالديه ولم يكن جبارا عصيا
19,15,34,1529,وسلام عليه يوم ولد ويوم يموت ويوم يبعث حيا
19,16,40,4868,واذكر في الكتاب مريم إذ انتبذت من أهلها مكانا شرقيا
19,17,49,4789,فاتخذت من دونهم حجابا فأرسلنا إليها روحنا فتمثل لها بشرا سويا
19,18,27,2839,قالت إني أعوذ بالرحمن منك إن كنت تقيا
19,19,29,1988,قال إنما أنا رسول ربك لأهب لك غلاما زكيا
19,20,35,3695,قالت أنى يكون لي غلام ولم يمسسني بشر ولم أك بغيا
19,21,53,3429,قال كذلك قال ربك هو علي هين ۖ ولنجعله آية للناس ورحمة منا ۚ وكان أمرا مقضيا
19,22,24,2516,۞ فحملته فانتبذت به مكانا قصيا
19,23,52,6154,فأجاءها المخاض إلى جذع النخلة قالت يا ليتني مت قبل هذا وكنت نسيا منسيا
19,24,37,3080,فناداها من تحتها ألا تحزني قد جعل ربك تحتك سريا
19,25,33,2550,وهزي إليك بجذع النخلة تساقط عليك رطبا جنيا
19,26,71,5112,فكلي واشربي وقري عينا ۖ فإما ترين من البشر أحدا فقولي إني نذرت للرحمن صوما فلن أكلم اليوم إنسيا
19,27,38,3100,فأتت به قومها تحمله ۖ قالوا يا مريم لقد جئت شيئا فريا
19,28,35,3311,يا أخت هارون ما كان أبوك امرأ سوء وما كانت أمك بغيا
19,29,36,1848,فأشارت إليه ۖ قالوا كيف نكلم من كان في المهد صبيا
19,30,32,1480,قال إني عبد الله آتاني الكتاب وجعلني نبيا
19,31,45,1890,وجعلني مباركا أين ما كنت وأوصاني بالصلاة والزكاة ما دمت حيا
19,32,29,1529,وبرا بوالدتي ولم يجعلني جبارا شقيا
19,33,34,1935,والسلام علي يوم ولدت ويوم أموت ويوم أبعث حيا
19,34,33,3050,ذلك عيسى ابن مريم ۚ قول الحق الذي فيه يمترون
19,35,48,4623,ما كان لله أن يتخذ من ولد ۖ سبحانه ۚ إذا قضى أمرا فإنما يقول له كن فيكون
19,36,34,2426,وإن الله ربي وربكم فاعبدوه ۚ هذا صراط مستقيم
19,37,46,4205,فاختلف الأحزاب من بينهم ۖ فويل للذين كفروا من مشهد يوم عظيم
19,38,45,3386,أسمع بهم وأبصر يوم يأتوننا ۖ لكن الظالمون اليوم في ضلال مبين
19,39,40,4726,وأنذرهم يوم الحسرة إذ قضي الأمر وهم في غفلة وهم لا يؤمنون
19,40,31,2588,إنا نحن نرث الأرض ومن عليها وإلينا يرجعون
19,41,33,2123,واذكر في الكتاب إبراهيم ۚ إنه كان صديقا نبيا
19,42,46,3986,إذ قال لأبيه يا أبت لم تعبد ما لا يسمع ولا يبصر ولا يغني عنك شيئا
19,43,45,2463,يا أبت إني قد جاءني من العلم ما لم يأتك فاتبعني أهدك صراطا سويا
19,44,38,2372,يا أبت لا تعبد الشيطان ۖ إن الشيطان كان للرحمن عصيا
19,45,42,3559,يا أبت إني أخاف أن يمسك عذاب من الرحمن فتكون للشيطان وليا
19,46,48,4322,قال أراغب أنت عن آلهتي يا إبراهيم ۖ لئن لم تنته لأرجمنك ۖ واهجرني مليا
19,47,33,2691,قال سلام عليك ۖ سأستغفر لك ربي ۖ إنه كان بي حفيا
19,48,49,2601,وأعتزلكم وما تدعون من دون الله وأدعو ربي عسى ألا أكون بدعاء ربي شقيا
19,49,59,1845,فلما اعتزلهم وما يعبدون من دون الله وهبنا له إسحاق ويعقوب ۖ وكلا جعلنا نبيا
19,50,37,1615,ووهبنا لهم من رحمتنا وجعلنا لهم لسان صدق عليا
19,51,39,2901,واذكر في الكتاب موسى ۚ إنه كان مخلصا وكان رسولا نبيا
19,52,35,1078,وناديناه من جانب الطور الأيمن وقربناه نجيا
19,53,28,1825,ووهبنا له من رحمتنا أخاه هارون نبيا
19,54,46,2551,واذكر في الكتاب إسماعيل ۚ إنه كان صادق الوعد وكان رسولا نبيا
19,55,37,2045,وكان يأمر أهله بالصلاة والزكاة وكان عند ربه مرضيا
19,56,31,2139,واذكر في الكتاب إدريس ۚ إنه كان صديقا نبيا
19,57,16,635,ورفعناه مكانا عليا
19,58,117,8544,أولئك الذين أنعم الله عليهم من النبيين من ذرية آدم وممن حملنا مع نوح ومن ذرية إبراهيم وإسرائيل وممن هدينا واجتبينا ۚ إذا تتلى عليهم آيات الرحمن خروا سجدا وبكيا ۩
19,59,50,5403,۞ فخلف من بعدهم خلف أضاعوا الصلاة واتبعوا الشهوات ۖ فسوف يلقون غيا
19,60,45,3200,إلا من تاب وآمن وعمل صالحا فأولئك يدخلون الجنة ولا يظلمون شيئا
19,61,44,3217,جنات عدن التي وعد الرحمن عباده بالغيب ۚ إنه كان وعده مأتيا
19,62,44,2701,لا يسمعون فيها لغوا إلا سلاما ۖ ولهم رزقهم فيها بكرة وعشيا
19,63,32,2621,تلك الجنة التي نورث من عبادنا من كان تقيا
19,64,58,3420,وما نتنزل إلا بأمر ربك ۖ له ما بين أيدينا وما خلفنا وما بين ذلك ۚ وما كان ربك نسيا
19,65,55,3636,رب السماوات والأرض وما بينهما فاعبده واصطبر لعبادته ۚ هل تعلم له سميا
19,66,27,2524,ويقول الإنسان أإذا ما مت لسوف أخرج حيا
19,67,34,2635,أولا يذكر الإنسان أنا خلقناه من قبل ولم يك شيئا
19,68,43,3787,فوربك لنحشرنهم والشياطين ثم لنحضرنهم حول جهنم جثيا
19,69,32,2586,ثم لننزعن من كل شيعة أيهم أشد على الرحمن عتيا
19,70,26,1831,ثم لنحن أعلم بالذين هم أولى بها صليا
19,71,31,2247,وإن منكم إلا واردها ۚ كان على ربك حتما مقضيا
19,72,36,4580,ثم ننجي الذين اتقوا ونذر الظالمين فيها جثيا
19,73,68,6435,وإذا تتلى عليهم آياتنا بينات قال الذين كفروا للذين آمنوا أي الفريقين خير مقاما وأحسن نديا
19,74,31,2171,وكم أهلكنا قبلهم من قرن هم أحسن أثاثا ورئيا
19,75,90,6480,قل من كان في الضلالة فليمدد له الرحمن مدا ۚ حتى إذا رأوا ما يوعدون إما العذاب وإما الساعة فسيعلمون من هو شر مكانا وأضعف جندا
19,76,61,5159,ويزيد الله الذين اهتدوا هدى ۗ والباقيات الصالحات خير عند ربك ثوابا وخير مردا
19,77,35,2947,أفرأيت الذي كفر بآياتنا وقال لأوتين مالا وولدا
19,78,26,3426,أطلع الغيب أم اتخذ عند الرحمن عهدا
19,79,31,1844,كلا ۚ سنكتب ما يقول ونمد له من العذاب مدا
19,80,21,1710,ونرثه ما يقول ويأتينا فردا
19,81,31,2241,واتخذوا من دون الله آلهة ليكونوا لهم عزا
19,82,33,2109,كلا ۚ سيكفرون بعبادتهم ويكونون عليهم ضدا
19,83,35,2425,ألم تر أنا أرسلنا الشياطين على الكافرين تؤزهم أزا
19,84,24,1134,فلا تعجل عليهم ۖ إنما نعد لهم عدا
19,85,25,1695,يوم نحشر المتقين إلى الرحمن وفدا
19,86,22,935,ونسوق المجرمين إلى جهنم وردا
19,87,35,3024,لا يملكون الشفاعة إلا من اتخذ عند الرحمن عهدا
19,88,20,2215,وقالوا اتخذ الرحمن ولدا
19,89,11,893,لقد جئتم شيئا إدا
19,90,43,4978,تكاد السماوات يتفطرن منه وتنشق الأرض وتخر الجبال هدا
19,91,15,530,أن دعوا للرحمن ولدا
19,92,23,3278,وما ينبغي للرحمن أن يتخذ ولدا
19,93,34,2703,إن كل من في السماوات والأرض إلا آتي الرحمن عبدا
19,94,16,478,لقد أحصاهم وعدهم عدا
19,95,21,1039,وكلهم آتيه يوم القيامة فردا
19,96,41,2240,إن الذين آمنوا وعملوا الصالحات سيجعل لهم الرحمن ودا
19,97,44,3775,فإنما يسرناه بلسانك لتبشر به المتقين وتنذر به قوما لدا
19,98,43,2408,وكم أهلكنا قبلهم من قرن هل تحس منهم من أحد أو تسمع لهم ركزا
20,1,2,14,طه
20,2,20,1520,ما أنزلنا عليك القرآن لتشقى
20,3,12,2381,إلا تذكرة لمن يخشى
20,4,29,3065,تنزيلا ممن خلق الأرض والسماوات العلى
20,5,17,1497,الرحمن على العرش استوى
20,6,42,3614,له ما في السماوات وما في الأرض وما بينهما وما تحت الثرى
20,7,26,2095,وإن تجهر بالقول فإنه يعلم السر وأخفى
20,8,24,490,الله لا إله إلا هو ۖ له الأسماء الحسنى
20,9,13,1090,وهل أتاك حديث موسى
20,10,57,4097,إذ رأى نارا فقال لأهله امكثوا إني آنست نارا لعلي آتيكم منها بقبس أو أجد على النار هدى
20,11,17,745,فلما أتاها نودي يا موسى
20,12,33,1658,إني أنا ربك فاخلع نعليك ۖ إنك بالواد المقدس طوى
20,13,21,2424,وأنا اخترتك فاستمع لما يوحى
20,14,37,1850,إنني أنا الله لا إله إلا أنا فاعبدني وأقم الصلاة لذكري
20,15,31,2596,إن الساعة آتية أكاد أخفيها لتجزى كل نفس بما تسعى
20,16,35,1820,فلا يصدنك عنها من لا يؤمن بها واتبع هواه فتردى
20,17,17,746,وما تلك بيمينك يا موسى
20,18,41,3562,قال هي عصاي أتوكأ عليها وأهش بها على غنمي ولي فيها مآرب أخرى
20,19,12,384,قال ألقها يا موسى
20,20,16,1561,فألقاها فإذا هي حية تسعى
20,21,30,3497,قال خذها ولا تخف ۖ سنعيدها سيرتها الأولى
20,22,32,5225,واضمم يدك إلى جناحك تخرج بيضاء من غير سوء آية أخرى
20,23,17,1115,لنريك من آياتنا الكبرى
20,24,14,2208,اذهب إلى فرعون إنه طغى
20,25,15,1186,قال رب اشرح لي صدري
20,26,9,566,ويسر لي أمري
20,27,15,490,واحلل عقدة من لساني
20,28,10,348,يفقهوا قولي
20,29,17,509,واجعل لي وزيرا من أهلي
20,30,7,872,هارون أخي
20,31,9,533,اشدد به أزري
20,32,10,871,وأشركه في أمري
20,33,12,901,كي نسبحك كثيرا
20,34,11,1727,ونذكرك كثيرا
20,35,13,896,إنك كنت بنا بصيرا
20,36,17,1278,قال قد أوتيت سؤلك يا موسى
20,37,16,1451,ولقد مننا عليك مرة أخرى
20,38,14,930,إذ أوحينا إلى أمك ما يوحى
20,39,88,6759,أن اقذفيه في التابوت فاقذفيه في اليم فليلقه اليم بالساحل يأخذه عدو لي وعدو له ۚ وألقيت عليك محبة مني ولتصنع على عيني
20,40,119,11903,إذ تمشي أختك فتقول هل أدلكم على من يكفله ۖ فرجعناك إلى أمك كي تقر عينها ولا تحزن ۚ وقتلت نفسا فنجيناك من الغم وفتناك فتونا ۚ فلبثت سنين في أهل مدين ثم جئت على قدر يا موسى
20,41,13,876,واصطنعتك لنفسي
20,42,28,3731,اذهب أنت وأخوك بآياتي ولا تنيا في ذكري
20,43,15,2209,اذهبا إلى فرعون إنه طغى
20,44,28,2861,فقولا له قولا لينا لعله يتذكر أو يخشى
20,45,30,2802,قالا ربنا إننا نخاف أن يفرط علينا أو أن يطغى
20,46,23,1901,قال لا تخافا ۖ إنني معكما أسمع وأرى
20,47,77,4804,فأتياه فقولا إنا رسولا ربك فأرسل معنا بني إسرائيل ولا تعذبهم ۖ قد جئناك بآية من ربك ۖ والسلام على من اتبع الهدى
20,48,29,2478,إنا قد أوحي إلينا أن العذاب على من كذب وتولى
20,49,16,681,قال فمن ربكما يا موسى
20,50,25,2848,قال ربنا الذي أعطى كل شيء خلقه ثم هدى
20,51,19,739,قال فما بال القرون الأولى
20,52,34,2366,قال علمها عند ربي في كتاب ۖ لا يضل ربي ولا ينسى
20,53,67,4968,الذي جعل لكم الأرض مهدا وسلك لكم فيها سبلا وأنزل من السماء ماء فأخرجنا به أزواجا من نبات شتى
20,54,34,2055,كلوا وارعوا أنعامكم ۗ إن في ذلك لآيات لأولي النهى
20,55,38,3649,۞ منها خلقناكم وفيها نعيدكم ومنها نخرجكم تارة أخرى
20,56,24,1734,ولقد أريناه آياتنا كلها فكذب وأبى
20,57,30,3417,قال أجئتنا لتخرجنا من أرضنا بسحرك يا موسى
20,58,57,3560,فلنأتينك بسحر مثله فاجعل بيننا وبينك موعدا لا نخلفه نحن ولا أنت مكانا سوى
20,59,30,1989,قال موعدكم يوم الزينة وأن يحشر الناس ضحى
20,60,20,2094,فتولى فرعون فجمع كيده ثم أتى
20,61,56,5302,قال لهم موسى ويلكم لا تفتروا على الله كذبا فيسحتكم بعذاب ۖ وقد خاب من افترى
20,62,27,1370,فتنازعوا أمرهم بينهم وأسروا النجوى
20,63,63,6065,قالوا إن هذان لساحران يريدان أن يخرجاكم من أرضكم بسحرهما ويذهبا بطريقتكم المثلى
20,64,38,2379,فأجمعوا كيدكم ثم ائتوا صفا ۚ وقد أفلح اليوم من استعلى
20,65,31,1365,قالوا يا موسى إما أن تلقي وإما أن نكون أول من ألقى
20,66,44,3072,قال بل ألقوا ۖ فإذا حبالهم وعصيهم يخيل إليه من سحرهم أنها تسعى
20,67,16,1230,فأوجس في نفسه خيفة موسى
20,68,17,1943,قلنا لا تخف إنك أنت الأعلى
20,69,55,3259,وألق ما في يمينك تلقف ما صنعوا ۖ إنما صنعوا كيد ساحر ۖ ولا يفلح الساحر حيث أتى
20,70,33,1394,فألقي السحرة سجدا قالوا آمنا برب هارون وموسى
20,71,103,8579,قال آمنتم له قبل أن آذن لكم ۖ إنه لكبيركم الذي علمكم السحر ۖ فلأقطعن أيديكم وأرجلكم من خلاف ولأصلبنكم في جذوع النخل ولتعلمن أينا أشد عذابا وأبقى
20,72,70,7485,قالوا لن نؤثرك على ما جاءنا من البينات والذي فطرنا ۖ فاقض ما أنت قاض ۖ إنما تقضي هذه الحياة الدنيا
20,73,56,4687,إنا آمنا بربنا ليغفر لنا خطايانا وما أكرهتنا عليه من السحر ۗ والله خير وأبقى
20,74,38,1957,إنه من يأت ربه مجرما فإن له جهنم لا يموت فيها ولا يحيى
20,75,41,2428,ومن يأته مؤمنا قد عمل الصالحات فأولئك لهم الدرجات العلى
20,76,46,4457,جنات عدن تجري من تحتها الأنهار خالدين فيها ۚ وذلك جزاء من تزكى
20,77,62,5306,ولقد أوحينا إلى موسى أن أسر بعبادي فاضرب لهم طريقا في البحر يبسا لا تخاف دركا ولا تخشى
20,78,36,4075,فأتبعهم فرعون بجنوده فغشيهم من اليم ما غشيهم
20,79,17,1449,وأضل فرعون قومه وما هدى
20,80,70,2081,يا بني إسرائيل قد أنجيناكم من عدوكم وواعدناكم جانب الطور الأيمن ونزلنا عليكم المن والسلوى
20,81,64,6982,كلوا من طيبات ما رزقناكم ولا تطغوا فيه فيحل عليكم غضبي ۖ ومن يحلل عليه غضبي فقد هوى
20,82,32,3222,وإني لغفار لمن تاب وآمن وعمل صالحا ثم اهتدى
20,83,18,573,۞ وما أعجلك عن قومك يا موسى
20,84,27,3224,قال هم أولاء على أثري وعجلت إليك رب لترضى
20,85,34,2472,قال فإنا قد فتنا قومك من بعدك وأضلهم السامري
20,86,95,8464,فرجع موسى إلى قومه غضبان أسفا ۚ قال يا قوم ألم يعدكم ربكم وعدا حسنا ۚ أفطال عليكم العهد أم أردتم أن يحل عليكم غضب من ربكم فأخلفتم موعدي
20,87,70,4347,قالوا ما أخلفنا موعدك بملكنا ولكنا حملنا أوزارا من زينة القوم فقذفناها فكذلك ألقى السامري
20,88,44,3338,فأخرج لهم عجلا جسدا له خوار فقالوا هذا إلهكم وإله موسى فنسي
20,89,41,2364,أفلا يرون ألا يرجع إليهم قولا ولا يملك لهم ضرا ولا نفعا
20,90,64,3673,ولقد قال لهم هارون من قبل يا قوم إنما فتنتم به ۖ وإن ربكم الرحمن فاتبعوني وأطيعوا أمري
20,91,34,1712,قالوا لن نبرح عليه عاكفين حتى يرجع إلينا موسى
20,92,26,2817,قال يا هارون ما منعك إذ رأيتهم ضلوا
20,93,15,1853,ألا تتبعن ۖ أفعصيت أمري
20,94,64,6820,قال يا ابن أم لا تأخذ بلحيتي ولا برأسي ۖ إني خشيت أن تقول فرقت بين بني إسرائيل ولم ترقب قولي
20,95,17,1205,قال فما خطبك يا سامري
20,96,60,7403,قال بصرت بما لم يبصروا به فقبضت قبضة من أثر الرسول فنبذتها وكذلك سولت لي نفسي
20,97,97,8709,قال فاذهب فإن لك في الحياة أن تقول لا مساس ۖ وإن لك موعدا لن تخلفه ۖ وانظر إلى إلهك الذي ظلت عليه عاكفا ۖ لنحرقنه ثم لننسفنه في اليم نسفا
20,98,34,1738,إنما إلهكم الله الذي لا إله إلا هو ۚ وسع كل شيء علما
20,99,41,3277,كذلك نقص عليك من أنباء ما قد سبق ۚ وقد آتيناك من لدنا ذكرا
20,100,28,1960,من أعرض عنه فإنه يحمل يوم القيامة وزرا
20,101,28,1249,خالدين فيه ۖ وساء لهم يوم القيامة حملا
20,102,35,3215,يوم ينفخ في الصور ۚ ونحشر المجرمين يومئذ زرقا
20,103,25,3278,يتخافتون بينهم إن لبثتم إلا عشرا
20,104,41,3383,نحن أعلم بما يقولون إذ يقول أمثلهم طريقة إن لبثتم إلا يوما
20,105,31,1188,ويسألونك عن الجبال فقل ينسفها ربي نسفا
20,106,15,1509,فيذرها قاعا صفصفا
20,107,18,1285,لا ترى فيها عوجا ولا أمتا
20,108,53,4635,يومئذ يتبعون الداعي لا عوج له ۖ وخشعت الأصوات للرحمن فلا تسمع إلا همسا
20,109,40,4292,يومئذ لا تنفع الشفاعة إلا من أذن له الرحمن ورضي له قولا
20,110,37,1402,يعلم ما بين أيديهم وما خلفهم ولا يحيطون به علما
20,111,35,2694,۞ وعنت الوجوه للحي القيوم ۖ وقد خاب من حمل ظلما
20,112,41,3700,ومن يعمل من الصالحات وهو مؤمن فلا يخاف ظلما ولا هضما
20,113,59,4551,وكذلك أنزلناه قرآنا عربيا وصرفنا فيه من الوعيد لعلهم يتقون أو يحدث لهم ذكرا
20,114,60,3651,فتعالى الله الملك الحق ۗ ولا تعجل بالقرآن من قبل أن يقضى إليك وحيه ۖ وقل رب زدني علما
20,115,33,1052,ولقد عهدنا إلى آدم من قبل فنسي ولم نجد له عزما
20,116,34,1476,وإذ قلنا للملائكة اسجدوا لآدم فسجدوا إلا إبليس أبى
20,117,45,3363,فقلنا يا آدم إن هذا عدو لك ولزوجك فلا يخرجنكما من الجنة فتشقى
20,118,19,1413,إن لك ألا تجوع فيها ولا تعرى
20,119,18,2788,وأنك لا تظمأ فيها ولا تضحى
20,120,46,2370,فوسوس إليه الشيطان قال يا آدم هل أدلك على شجرة الخلد وملك لا يبلى
20,121,59,4467,فأكلا منها فبدت لهما سوآتهما وطفقا يخصفان عليهما من ورق الجنة ۚ وعصى آدم ربه فغوى
20,122,22,1772,ثم اجتباه ربه فتاب عليه وهدى
20,123,66,5104,قال اهبطا منها جميعا ۖ بعضكم لبعض عدو ۖ فإما يأتينكم مني هدى فمن اتبع هداي فلا يضل ولا يشقى
20,124,41,4589,ومن أعرض عن ذكري فإن له معيشة ضنكا ونحشره يوم القيامة أعمى
20,125,26,2364,قال رب لم حشرتني أعمى وقد كنت بصيرا
20,126,35,4162,قال كذلك أتتك آياتنا فنسيتها ۖ وكذلك اليوم تنسى
20,127,42,4124,وكذلك نجزي من أسرف ولم يؤمن بآيات ربه ۚ ولعذاب الآخرة أشد وأبقى
20,128,61,3269,أفلم يهد لهم كم أهلكنا قبلهم من القرون يمشون في مساكنهم ۗ إن في ذلك لآيات لأولي النهى
20,129,32,1396,ولولا كلمة سبقت من ربك لكان لزاما وأجل مسمى
20,130,80,5629,فاصبر على ما يقولون وسبح بحمد ربك قبل طلوع الشمس وقبل غروبها ۖ ومن آناء الليل فسبح وأطراف النهار لعلك ترضى
20,131,68,4044,ولا تمدن عينيك إلى ما متعنا به أزواجا منهم زهرة الحياة الدنيا لنفتنهم فيه ۚ ورزق ربك خير وأبقى
20,132,53,2639,وأمر أهلك بالصلاة واصطبر عليها ۖ لا نسألك رزقا ۖ نحن نرزقك ۗ والعاقبة للتقوى
20,133,45,2381,وقالوا لولا يأتينا بآية من ربه ۚ أولم تأتهم بينة ما في الصحف الأولى
20,134,72,5560,ولو أنا أهلكناهم بعذاب من قبله لقالوا ربنا لولا أرسلت إلينا رسولا فنتبع آياتك من قبل أن نذل ونخزى
20,135,48,3562,قل كل متربص فتربصوا ۖ فستعلمون من أصحاب الصراط السوي ومن اهتدى
21,1,30,3407,اقترب للناس حسابهم وهم في غفلة معرضون
21,2,40,3237,ما يأتيهم من ذكر من ربهم محدث إلا استمعوه وهم يلعبون
21,3,65,6743,لاهية قلوبهم ۗ وأسروا النجوى الذين ظلموا هل هذا إلا بشر مثلكم ۖ أفتأتون السحر وأنتم تبصرون
21,4,42,2328,قال ربي يعلم القول في السماء والأرض ۖ وهو السميع العليم
21,5,51,4940,بل قالوا أضغاث أحلام بل افتراه بل هو شاعر فليأتنا بآية كما أرسل الأولون
21,6,30,1501,ما آمنت قبلهم من قرية أهلكناها ۖ أفهم يؤمنون
21,7,53,3316,وما أرسلنا قبلك إلا رجالا نوحي إليهم ۖ فاسألوا أهل الذكر إن كنتم لا تعلمون
21,8,41,1432,وما جعلناهم جسدا لا يأكلون الطعام وما كانوا خالدين
21,9,42,2210,ثم صدقناهم الوعد فأنجيناهم ومن نشاء وأهلكنا المسرفين
21,10,34,2638,لقد أنزلنا إليكم كتابا فيه ذكركم ۖ أفلا تعقلون
21,11,39,3685,وكم قصمنا من قرية كانت ظالمة وأنشأنا بعدها قوما آخرين
21,12,26,2267,فلما أحسوا بأسنا إذا هم منها يركضون
21,13,44,4004,لا تركضوا وارجعوا إلى ما أترفتم فيه ومساكنكم لعلكم تسألون
21,14,23,1399,قالوا يا ويلنا إنا كنا ظالمين
21,15,36,2560,فما زالت تلك دعواهم حتى جعلناهم حصيدا خامدين
21,16,33,2315,وما خلقنا السماء والأرض وما بينهما لاعبين
21,17,39,4457,لو أردنا أن نتخذ لهوا لاتخذناه من لدنا إن كنا فاعلين
21,18,51,4200,بل نقذف بالحق على الباطل فيدمغه فإذا هو زاهق ۚ ولكم الويل مما تصفون
21,19,56,4234,وله من في السماوات والأرض ۚ ومن عنده لا يستكبرون عن عبادته ولا يستحسرون
21,20,26,1307,يسبحون الليل والنهار لا يفترون
21,21,23,3565,أم اتخذوا آلهة من الأرض هم ينشرون
21,22,49,2367,لو كان فيهما آلهة إلا الله لفسدتا ۚ فسبحان الله رب العرش عما يصفون
21,23,20,639,لا يسأل عما يفعل وهم يسألون
21,24,78,8257,أم اتخذوا من دونه آلهة ۖ قل هاتوا برهانكم ۖ هذا ذكر من معي وذكر من قبلي ۗ بل أكثرهم لا يعلمون الحق ۖ فهم معرضون
21,25,46,1582,وما أرسلنا من قبلك من رسول إلا نوحي إليه أنه لا إله إلا أنا فاعبدون
21,26,38,2806,وقالوا اتخذ الرحمن ولدا ۗ سبحانه ۚ بل عباد مكرمون
21,27,28,937,لا يسبقونه بالقول وهم بأمره يعملون
21,28,56,5261,يعلم ما بين أيديهم وما خلفهم ولا يشفعون إلا لمن ارتضى وهم من خشيته مشفقون
21,29,49,3526,۞ ومن يقل منهم إني إله من دونه فذلك نجزيه جهنم ۚ كذلك نجزي الظالمين
21,30,73,5907,أولم ير الذين كفروا أن السماوات والأرض كانتا رتقا ففتقناهما ۖ وجعلنا من الماء كل شيء حي ۖ أفلا يؤمنون
21,31,55,3196,وجعلنا في الأرض رواسي أن تميد بهم وجعلنا فيها فجاجا سبلا لعلهم يهتدون
21,32,37,3322,وجعلنا السماء سقفا محفوظا ۖ وهم عن آياتها معرضون
21,33,47,3102,وهو الذي خلق الليل والنهار والشمس والقمر ۖ كل في فلك يسبحون
21,34,38,3057,وما جعلنا لبشر من قبلك الخلد ۖ أفإن مت فهم الخالدون
21,35,45,4408,كل نفس ذائقة الموت ۗ ونبلوكم بالشر والخير فتنة ۖ وإلينا ترجعون
21,36,66,8487,وإذا رآك الذين كفروا إن يتخذونك إلا هزوا أهذا الذي يذكر آلهتكم وهم بذكر الرحمن هم كافرون
21,37,34,2996,خلق الإنسان من عجل ۚ سأريكم آياتي فلا تستعجلون
21,38,28,2280,ويقولون متى هذا الوعد إن كنتم صادقين
21,39,61,3817,لو يعلم الذين كفروا حين لا يكفون عن وجوههم النار ولا عن ظهورهم ولا هم ينصرون
21,40,43,5455,بل تأتيهم بغتة فتبهتهم فلا يستطيعون ردها ولا هم ينظرون
21,41,54,3795,ولقد استهزئ برسل من قبلك فحاق بالذين سخروا منهم ما كانوا به يستهزئون
21,42,49,3685,قل من يكلؤكم بالليل والنهار من الرحمن ۗ بل هم عن ذكر ربهم معرضون
21,43,51,2516,أم لهم آلهة تمنعهم من دوننا ۚ لا يستطيعون نصر أنفسهم ولا هم منا يصحبون
21,44,71,5473,بل متعنا هؤلاء وآباءهم حتى طال عليهم العمر ۗ أفلا يرون أنا نأتي الأرض ننقصها من أطرافها ۚ أفهم الغالبون
21,45,42,3530,قل إنما أنذركم بالوحي ۚ ولا يسمع الصم الدعاء إذا ما ينذرون
21,46,44,3341,ولئن مستهم نفحة من عذاب ربك ليقولن يا ويلنا إنا كنا ظالمين
21,47,77,6012,ونضع الموازين القسط ليوم القيامة فلا تظلم نفس شيئا ۖ وإن كان مثقال حبة من خردل أتينا بها ۗ وكفى بنا حاسبين
21,48,40,3841,ولقد آتينا موسى وهارون الفرقان وضياء وذكرا للمتقين
21,49,36,3928,الذين يخشون ربهم بالغيب وهم من الساعة مشفقون
21,50,30,3009,وهذا ذكر مبارك أنزلناه ۚ أفأنتم له منكرون
21,51,35,1875,۞ ولقد آتينا إبراهيم رشده من قبل وكنا به عالمين
21,52,42,3992,إذ قال لأبيه وقومه ما هذه التماثيل التي أنتم لها عاكفون
21,53,23,429,قالوا وجدنا آباءنا لها عابدين
21,54,28,2387,قال لقد كنتم أنتم وآباؤكم في ضلال مبين
21,55,27,1507,قالوا أجئتنا بالحق أم أنت من اللاعبين
21,56,52,4726,قال بل ربكم رب السماوات والأرض الذي فطرهن وأنا على ذلكم من الشاهدين
21,57,32,1702,وتالله لأكيدن أصنامكم بعد أن تولوا مدبرين
21,58,35,2531,فجعلهم جذاذا إلا كبيرا لهم لعلهم إليه يرجعون
21,59,32,2839,قالوا من فعل هذا بآلهتنا إنه لمن الظالمين
21,60,30,2248,قالوا سمعنا فتى يذكرهم يقال له إبراهيم
21,61,32,1554,قالوا فأتوا به على أعين الناس لعلهم يشهدون
21,62,28,2631,قالوا أأنت فعلت هذا بآلهتنا يا إبراهيم
21,63,37,1906,قال بل فعله كبيرهم هذا فاسألوهم إن كانوا ينطقون
21,64,32,2501,فرجعوا إلى أنفسهم فقالوا إنكم أنتم الظالمون
21,65,32,2064,ثم نكسوا على رءوسهم لقد علمت ما هؤلاء ينطقون
21,66,40,2719,قال أفتعبدون من دون الله ما لا ينفعكم شيئا ولا يضركم
21,67,32,1762,أف لكم ولما تعبدون من دون الله ۖ أفلا تعقلون
21,68,33,2107,قالوا حرقوه وانصروا آلهتكم إن كنتم فاعلين
21,69,31,1232,قلنا يا نار كوني بردا وسلاما على إبراهيم
21,70,27,1490,وأرادوا به كيدا فجعلناهم الأخسرين
21,71,39,2310,ونجيناه ولوطا إلى الأرض التي باركنا فيها للعالمين
21,72,37,1029,ووهبنا له إسحاق ويعقوب نافلة ۖ وكلا جعلنا صالحين
21,73,72,3278,وجعلناهم أئمة يهدون بأمرنا وأوحينا إليهم فعل الخيرات وإقام الصلاة وإيتاء الزكاة ۖ وكانوا لنا عابدين
21,74,70,4562,ولوطا آتيناه حكما وعلما ونجيناه من القرية التي كانت تعمل الخبائث ۗ إنهم كانوا قوم سوء فاسقين
21,75,27,1850,وأدخلناه في رحمتنا ۖ إنه من الصالحين
21,76,48,3319,ونوحا إذ نادى من قبل فاستجبنا له فنجيناه وأهله من الكرب العظيم
21,77,56,4687,ونصرناه من القوم الذين كذبوا بآياتنا ۚ إنهم كانوا قوم سوء فأغرقناهم أجمعين
21,78,59,5364,وداوود وسليمان إذ يحكمان في الحرث إذ نفشت فيه غنم القوم وكنا لحكمهم شاهدين
21,79,71,3006,ففهمناها سليمان ۚ وكلا آتينا حكما وعلما ۚ وسخرنا مع داوود الجبال يسبحن والطير ۚ وكنا فاعلين
21,80,42,2632,وعلمناه صنعة لبوس لكم لتحصنكم من بأسكم ۖ فهل أنتم شاكرون
21,81,59,4089,ولسليمان الريح عاصفة تجري بأمره إلى الأرض التي باركنا فيها ۚ وكنا بكل شيء عالمين
21,82,51,4158,ومن الشياطين من يغوصون له ويعملون عملا دون ذلك ۖ وكنا لهم حافظين
21,83,35,3281,۞ وأيوب إذ نادى ربه أني مسني الضر وأنت أرحم الراحمين
21,84,65,5225,فاستجبنا له فكشفنا ما به من ضر ۖ وآتيناه أهله ومثلهم معهم رحمة من عندنا وذكرى للعابدين
21,85,32,1889,وإسماعيل وإدريس وذا الكفل ۖ كل من الصابرين
21,86,29,1930,وأدخلناهم في رحمتنا ۖ إنهم من الصالحين
21,87,75,9771,وذا النون إذ ذهب مغاضبا فظن أن لن نقدر عليه فنادى في الظلمات أن لا إله إلا أنت سبحانك إني كنت من الظالمين
21,88,39,3028,فاستجبنا له ونجيناه من الغم ۚ وكذلك ننجي المؤمنين
21,89,40,5148,وزكريا إذ نادى ربه رب لا تذرني فردا وأنت خير الوارثين
21,90,89,5718,فاستجبنا له ووهبنا له يحيى وأصلحنا له زوجه ۚ إنهم كانوا يسارعون في الخيرات ويدعوننا رغبا ورهبا ۖ وكانوا لنا خاشعين
21,91,54,3098,والتي أحصنت فرجها فنفخنا فيها من روحنا وجعلناها وابنها آية للعالمين
21,92,27,1851,إن هذه أمتكم أمة واحدة وأنا ربكم فاعبدون
21,93,28,1455,وتقطعوا أمرهم بينهم ۖ كل إلينا راجعون
21,94,47,2326,فمن يعمل من الصالحات وهو مؤمن فلا كفران لسعيه وإنا له كاتبون
21,95,28,1242,وحرام على قرية أهلكناها أنهم لا يرجعون
21,96,33,2488,حتى إذا فتحت يأجوج ومأجوج وهم من كل حدب ينسلون
21,97,71,7550,واقترب الوعد الحق فإذا هي شاخصة أبصار الذين كفروا يا ويلنا قد كنا في غفلة من هذا بل كنا ظالمين
21,98,40,1896,إنكم وما تعبدون من دون الله حصب جهنم أنتم لها واردون
21,99,31,1284,لو كان هؤلاء آلهة ما وردوها ۖ وكل فيها خالدون
21,100,26,882,لهم فيها زفير وهم فيها لا يسمعون
21,101,34,2072,إن الذين سبقت لهم منا الحسنى أولئك عنها مبعدون
21,102,37,2625,لا يسمعون حسيسها ۖ وهم في ما اشتهت أنفسهم خالدون
21,103,54,4305,لا يحزنهم الفزع الأكبر وتتلقاهم الملائكة هذا يومكم الذي كنتم توعدون
21,104,62,2536,يوم نطوي السماء كطي السجل للكتب ۚ كما بدأنا أول خلق نعيده ۚ وعدا علينا ۚ إنا كنا فاعلين
21,105,50,4166,ولقد كتبنا في الزبور من بعد الذكر أن الأرض يرثها عبادي الصالحون
21,106,22,2223,إن في هذا لبلاغا لقوم عابدين
21,107,22,948,وما أرسلناك إلا رحمة للعالمين
21,108,35,1356,قل إنما يوحى إلي أنما إلهكم إله واحد ۖ فهل أنتم مسلمون
21,109,42,3445,فإن تولوا فقل آذنتكم على سواء ۖ وإن أدري أقريب أم بعيد ما توعدون
21,110,31,1814,إنه يعلم الجهر من القول ويعلم ما تكتمون
21,111,24,1640,وإن أدري لعله فتنة لكم ومتاع إلى حين
21,112,42,2550,قال رب احكم بالحق ۗ وربنا الرحمن المستعان على ما تصفون
22,1,35,2555,يا أيها الناس اتقوا ربكم ۚ إن زلزلة الساعة شيء عظيم
22,2,81,9850,يوم ترونها تذهل كل مرضعة عما أرضعت وتضع كل ذات حمل حملها وترى الناس سكارى وما هم بسكارى ولكن عذاب الله شديد
22,3,44,3046,ومن الناس من يجادل في الله بغير علم ويتبع كل شيطان مريد
22,4,40,3318,كتب عليه أنه من تولاه فأنه يضله ويهديه إلى عذاب السعير
22,5,235,24323,يا أيها الناس إن كنتم في ريب من البعث فإنا خلقناكم من تراب ثم من نطفة ثم من علقة ثم من مضغة مخلقة وغير مخلقة لنبين لكم ۚ ونقر في الأرحام ما نشاء إلى أجل مسمى ثم نخرجكم طفلا ثم لتبلغوا أشدكم ۖ ومنكم من يتوفى ومنكم من يرد إلى أرذل العمر لكيلا يعلم من بعد علم شيئا ۚ وترى الأرض هامدة فإذا أنزلنا عليها الماء اهتزت وربت وأنبتت من كل زوج بهيج
22,6,40,2429,ذلك بأن الله هو الحق وأنه يحيي الموتى وأنه على كل شيء قدير
22,7,38,2190,وأن الساعة آتية لا ريب فيها وأن الله يبعث من في القبور
22,8,44,2690,ومن الناس من يجادل في الله بغير علم ولا هدى ولا كتاب منير
22,9,60,4952,ثاني عطفه ليضل عن سبيل الله ۖ له في الدنيا خزي ۖ ونذيقه يوم القيامة عذاب الحريق
22,10,34,2713,ذلك بما قدمت يداك وأن الله ليس بظلام للعبيد
22,11,91,7028,ومن الناس من يعبد الله على حرف ۖ فإن أصابه خير اطمأن به ۖ وإن أصابته فتنة انقلب على وجهه خسر الدنيا والآخرة ۚ ذلك هو الخسران المبين
22,12,48,3456,يدعو من دون الله ما لا يضره وما لا ينفعه ۚ ذلك هو الضلال البعيد
22,13,37,2720,يدعو لمن ضره أقرب من نفعه ۚ لبئس المولى ولبئس العشير
22,14,68,5191,إن الله يدخل الذين آمنوا وعملوا الصالحات جنات تجري من تحتها الأنهار ۚ إن الله يفعل ما يريد
22,15,79,7922,من كان يظن أن لن ينصره الله في الدنيا والآخرة فليمدد بسبب إلى السماء ثم ليقطع فلينظر هل يذهبن كيده ما يغيظ
22,16,35,2258,وكذلك أنزلناه آيات بينات وأن الله يهدي من يريد
22,17,92,5356,إن الذين آمنوا والذين هادوا والصابئين والنصارى والمجوس والذين أشركوا إن الله يفصل بينهم يوم القيامة ۚ إن الله على كل شيء شهيد
22,18,139,8609,ألم تر أن الله يسجد له من في السماوات ومن في الأرض والشمس والقمر والنجوم والجبال والشجر والدواب وكثير من الناس ۖ وكثير حق عليه العذاب ۗ ومن يهن الله فما له من مكرم ۚ إن الله يفعل ما يشاء ۩
22,19,68,6516,۞ هذان خصمان اختصموا في ربهم ۖ فالذين كفروا قطعت لهم ثياب من نار يصب من فوق رءوسهم الحميم
22,20,23,635,يصهر به ما في بطونهم والجلود
22,21,15,448,ولهم مقامع من حديد
22,22,49,4527,كلما أرادوا أن يخرجوا منها من غم أعيدوا فيها وذوقوا عذاب الحريق
22,23,92,6699,إن الله يدخل الذين آمنوا وعملوا الصالحات جنات تجري من تحتها الأنهار يحلون فيها من أساور من ذهب ولؤلؤا ۖ ولباسهم فيها حرير
22,24,34,806,وهدوا إلى الطيب من القول وهدوا إلى صراط الحميد
22,25,104,6725,إن الذين كفروا ويصدون عن سبيل الله والمسجد الحرام الذي جعلناه للناس سواء العاكف فيه والباد ۚ ومن يرد فيه بإلحاد بظلم نذقه من عذاب أليم
22,26,69,4452,وإذ بوأنا لإبراهيم مكان البيت أن لا تشرك بي شيئا وطهر بيتي للطائفين والقائمين والركع السجود
22,27,47,3813,وأذن في الناس بالحج يأتوك رجالا وعلى كل ضامر يأتين من كل فج عميق
22,28,88,4222,ليشهدوا منافع لهم ويذكروا اسم الله في أيام معلومات على ما رزقهم من بهيمة الأنعام ۖ فكلوا منها وأطعموا البائس الفقير
22,29,46,4856,ثم ليقضوا تفثهم وليوفوا نذورهم وليطوفوا بالبيت العتيق
22,30,95,7620,ذلك ومن يعظم حرمات الله فهو خير له عند ربه ۗ وأحلت لكم الأنعام إلا ما يتلى عليكم ۖ فاجتنبوا الرجس من الأوثان واجتنبوا قول الزور
22,31,77,6434,حنفاء لله غير مشركين به ۚ ومن يشرك بالله فكأنما خر من السماء فتخطفه الطير أو تهوي به الريح في مكان سحيق
22,32,33,3404,ذلك ومن يعظم شعائر الله فإنها من تقوى القلوب
22,33,37,2338,لكم فيها منافع إلى أجل مسمى ثم محلها إلى البيت العتيق
22,34,81,4539,ولكل أمة جعلنا منسكا ليذكروا اسم الله على ما رزقهم من بهيمة الأنعام ۗ فإلهكم إله واحد فله أسلموا ۗ وبشر المخبتين
22,35,72,4944,الذين إذا ذكر الله وجلت قلوبهم والصابرين على ما أصابهم والمقيمي الصلاة ومما رزقناهم ينفقون
22,36,125,9100,والبدن جعلناها لكم من شعائر الله لكم فيها خير ۖ فاذكروا اسم الله عليها صواف ۖ فإذا وجبت جنوبها فكلوا منها وأطعموا القانع والمعتر ۚ كذلك سخرناها لكم لعلكم تشكرون
22,37,86,4723,لن ينال الله لحومها ولا دماؤها ولكن يناله التقوى منكم ۚ كذلك سخرها لكم لتكبروا الله على ما هداكم ۗ وبشر المحسنين
22,38,41,2469,۞ إن الله يدافع عن الذين آمنوا ۗ إن الله لا يحب كل خوان كفور
22,39,41,4192,أذن للذين يقاتلون بأنهم ظلموا ۚ وإن الله على نصرهم لقدير
22,40,144,10698,الذين أخرجوا من ديارهم بغير حق إلا أن يقولوا ربنا الله ۗ ولولا دفع الله الناس بعضهم ببعض لهدمت صوامع وبيع وصلوات ومساجد يذكر فيها اسم الله كثيرا ۗ ولينصرن الله من ينصره ۗ إن الله لقوي عزيز
22,41,76,4622,الذين إن مكناهم في الأرض أقاموا الصلاة وآتوا الزكاة وأمروا بالمعروف ونهوا عن المنكر ۗ ولله عاقبة الأمور
22,42,35,3144,وإن يكذبوك فقد كذبت قبلهم قوم نوح وعاد وثمود
22,43,17,607,وقوم إبراهيم وقوم لوط
22,44,47,4852,وأصحاب مدين ۖ وكذب موسى فأمليت للكافرين ثم أخذتهم ۖ فكيف كان نكير
22,45,53,4165,فكأين من قرية أهلكناها وهي ظالمة فهي خاوية على عروشها وبئر معطلة وقصر مشيد
22,46,89,6250,أفلم يسيروا في الأرض فتكون لهم قلوب يعقلون بها أو آذان يسمعون بها ۖ فإنها لا تعمى الأبصار ولكن تعمى القلوب التي في الصدور
22,47,57,3728,ويستعجلونك بالعذاب ولن يخلف الله وعده ۚ وإن يوما عند ربك كألف سنة مما تعدون
22,48,39,4657,وكأين من قرية أمليت لها وهي ظالمة ثم أخذتها وإلي المصير
22,49,28,1593,قل يا أيها الناس إنما أنا لكم نذير مبين
22,50,39,3660,فالذين آمنوا وعملوا الصالحات لهم مغفرة ورزق كريم
22,51,37,1916,والذين سعوا في آياتنا معاجزين أولئك أصحاب الجحيم
22,52,98,6321,وما أرسلنا من قبلك من رسول ولا نبي إلا إذا تمنى ألقى الشيطان في أمنيته فينسخ الله ما يلقي الشيطان ثم يحكم الله آياته ۗ والله عليم حكيم
22,53,71,5614,ليجعل ما يلقي الشيطان فتنة للذين في قلوبهم مرض والقاسية قلوبهم ۗ وإن الظالمين لفي شقاق بعيد
22,54,82,5991,وليعلم الذين أوتوا العلم أنه الحق من ربك فيؤمنوا به فتخبت له قلوبهم ۗ وإن الله لهاد الذين آمنوا إلى صراط مستقيم
22,55,57,5965,ولا يزال الذين كفروا في مرية منه حتى تأتيهم الساعة بغتة أو يأتيهم عذاب يوم عقيم
22,56,57,3554,الملك يومئذ لله يحكم بينهم ۚ فالذين آمنوا وعملوا الصالحات في جنات النعيم
22,57,38,3392,والذين كفروا وكذبوا بآياتنا فأولئك لهم عذاب مهين
22,58,75,5109,والذين هاجروا في سبيل الله ثم قتلوا أو ماتوا ليرزقنهم الله رزقا حسنا ۚ وإن الله لهو خير الرازقين
22,59,34,2905,ليدخلنهم مدخلا يرضونه ۗ وإن الله لعليم حليم
22,60,55,5573,۞ ذلك ومن عاقب بمثل ما عوقب به ثم بغي عليه لينصرنه الله ۗ إن الله لعفو غفور
22,61,58,2532,ذلك بأن الله يولج الليل في النهار ويولج النهار في الليل وأن الله سميع بصير
22,62,57,2031,ذلك بأن الله هو الحق وأن ما يدعون من دونه هو الباطل وأن الله هو العلي الكبير
22,63,47,5444,ألم تر أن الله أنزل من السماء ماء فتصبح الأرض مخضرة ۗ إن الله لطيف خبير
22,64,43,3220,له ما في السماوات وما في الأرض ۗ وإن الله لهو الغني الحميد
22,65,89,7897,ألم تر أن الله سخر لكم ما في الأرض والفلك تجري في البحر بأمره ويمسك السماء أن تقع على الأرض إلا بإذنه ۗ إن الله بالناس لرءوف رحيم
22,66,40,3113,وهو الذي أحياكم ثم يميتكم ثم يحييكم ۗ إن الإنسان لكفور
22,67,59,2504,لكل أمة جعلنا منسكا هم ناسكوه ۖ فلا ينازعنك في الأمر ۚ وادع إلى ربك ۖ إنك لعلى هدى مستقيم
22,68,27,1175,وإن جادلوك فقل الله أعلم بما تعملون
22,69,40,2806,الله يحكم بينكم يوم القيامة فيما كنتم فيه تختلفون
22,70,53,4735,ألم تعلم أن الله يعلم ما في السماء والأرض ۗ إن ذلك في كتاب ۚ إن ذلك على الله يسير
22,71,63,2677,ويعبدون من دون الله ما لم ينزل به سلطانا وما ليس لهم به علم ۗ وما للظالمين من نصير
22,72,128,10723,وإذا تتلى عليهم آياتنا بينات تعرف في وجوه الذين كفروا المنكر ۖ يكادون يسطون بالذين يتلون عليهم آياتنا ۗ قل أفأنبئكم بشر من ذلكم ۗ النار وعدها الله الذين كفروا ۖ وبئس المصير
22,73,118,10006,يا أيها الناس ضرب مثل فاستمعوا له ۚ إن الذين تدعون من دون الله لن يخلقوا ذبابا ولو اجتمعوا له ۖ وإن يسلبهم الذباب شيئا لا يستنقذوه منه ۚ ضعف الطالب والمطلوب
22,74,30,1191,ما قدروا الله حق قدره ۗ إن الله لقوي عزيز
22,75,42,1604,الله يصطفي من الملائكة رسلا ومن الناس ۚ إن الله سميع بصير
22,76,37,2176,يعلم ما بين أيديهم وما خلفهم ۗ وإلى الله ترجع الأمور
22,77,61,3445,يا أيها الذين آمنوا اركعوا واسجدوا واعبدوا ربكم وافعلوا الخير لعلكم تفلحون ۩
22,78,189,8008,وجاهدوا في الله حق جهاده ۚ هو اجتباكم وما جعل عليكم في الدين من حرج ۚ ملة أبيكم إبراهيم ۚ هو سماكم المسلمين من قبل وفي هذا ليكون الرسول شهيدا عليكم وتكونوا شهداء على الناس ۚ فأقيموا الصلاة وآتوا الزكاة واعتصموا بالله هو مولاكم ۖ فنعم المولى ونعم النصير
23,1,12,439,قد أفلح المؤمنون
23,2,21,2519,الذين هم في صلاتهم خاشعون
23,3,21,3195,والذين هم عن اللغو معرضون
23,4,19,1167,والذين هم للزكاة فاعلون
23,5,21,2251,والذين هم لفروجهم حافظون
23,6,36,2437,إلا على أزواجهم أو ما ملكت أيمانهم فإنهم غير ملومين
23,7,26,2873,فمن ابتغى وراء ذلك فأولئك هم العادون
23,8,27,1866,والذين هم لأماناتهم وعهدهم راعون
23,9,24,2569,والذين هم على صلواتهم يحافظون
23,10,13,895,أولئك هم الوارثون
23,11,29,2770,الذين يرثون الفردوس هم فيها خالدون
23,12,26,1483,ولقد خلقنا الإنسان من سلالة من طين
23,13,21,1549,ثم جعلناه نطفة في قرار مكين
23,14,95,13891,ثم خلقنا النطفة علقة فخلقنا العلقة مضغة فخلقنا المضغة عظاما فكسونا العظام لحما ثم أنشأناه خلقا آخر ۚ فتبارك الله أحسن الخالقين
23,15,17,2012,ثم إنكم بعد ذلك لميتون
23,16,20,1916,ثم إنكم يوم القيامة تبعثون
23,17,40,3779,ولقد خلقنا فوقكم سبع طرائق وما كنا عن الخلق غافلين
23,18,49,3313,وأنزلنا من السماء ماء بقدر فأسكناه في الأرض ۖ وإنا على ذهاب به لقادرون
23,19,51,3577,فأنشأنا لكم به جنات من نخيل وأعناب لكم فيها فواكه كثيرة ومنها تأكلون
23,20,37,4350,وشجرة تخرج من طور سيناء تنبت بالدهن وصبغ للآكلين
23,21,61,3025,وإن لكم في الأنعام لعبرة ۖ نسقيكم مما في بطونها ولكم فيها منافع كثيرة ومنها تأكلون
23,22,20,923,وعليها وعلى الفلك تحملون
23,23,58,3783,ولقد أرسلنا نوحا إلى قومه فقال يا قوم اعبدوا الله ما لكم من إله غيره ۖ أفلا تتقون
23,24,94,7183,فقال الملأ الذين كفروا من قومه ما هذا إلا بشر مثلكم يريد أن يتفضل عليكم ولو شاء الله لأنزل ملائكة ما سمعنا بهذا في آبائنا الأولين
23,25,26,1647,إن هو إلا رجل به جنة فتربصوا به حتى حين
23,26,19,1555,قال رب انصرني بما كذبون
23,27,128,9269,فأوحينا إليه أن اصنع الفلك بأعيننا ووحينا فإذا جاء أمرنا وفار التنور ۙ فاسلك فيها من كل زوجين اثنين وأهلك إلا من سبق عليه القول منهم ۖ ولا تخاطبني في الذين ظلموا ۖ إنهم مغرقون
23,28,59,5128,فإذا استويت أنت ومن معك على الفلك فقل الحمد لله الذي نجانا من القوم الظالمين
23,29,35,2361,وقل رب أنزلني منزلا مباركا وأنت خير المنزلين
23,30,22,2020,إن في ذلك لآيات وإن كنا لمبتلين
23,31,21,2363,ثم أنشأنا من بعدهم قرنا آخرين
23,32,51,3726,فأرسلنا فيهم رسولا منهم أن اعبدوا الله ما لكم من إله غيره ۖ أفلا تتقون
23,33,102,8503,وقال الملأ من قومه الذين كفروا وكذبوا بلقاء الآخرة وأترفناهم في الحياة الدنيا ما هذا إلا بشر مثلكم يأكل مما تأكلون منه ويشرب مما تشربون
23,34,28,3496,ولئن أطعتم بشرا مثلكم إنكم إذا لخاسرون
23,35,38,4582,أيعدكم أنكم إذا متم وكنتم ترابا وعظاما أنكم مخرجون
23,36,19,1449,۞ هيهات هيهات لما توعدون
23,37,40,2068,إن هي إلا حياتنا الدنيا نموت ونحيا وما نحن بمبعوثين
23,38,36,2277,إن هو إلا رجل افترى على الله كذبا وما نحن له بمؤمنين
23,39,19,1555,قال رب انصرني بما كذبون
23,40,22,757,قال عما قليل ليصبحن نادمين
23,41,45,5310,فأخذتهم الصيحة بالحق فجعلناهم غثاء ۚ فبعدا للقوم الظالمين
23,42,22,2369,ثم أنشأنا من بعدهم قرونا آخرين
23,43,23,2145,ما تسبق من أمة أجلها وما يستأخرون
23,44,77,7033,ثم أرسلنا رسلنا تترى ۖ كل ما جاء أمة رسولها كذبوه ۚ فأتبعنا بعضهم بعضا وجعلناهم أحاديث ۚ فبعدا لقوم لا يؤمنون
23,45,35,2583,ثم أرسلنا موسى وأخاه هارون بآياتنا وسلطان مبين
23,46,34,1679,إلى فرعون وملئه فاستكبروا وكانوا قوما عالين
23,47,36,1983,فقالوا أنؤمن لبشرين مثلنا وقومهما لنا عابدون
23,48,24,1288,فكذبوهما فكانوا من المهلكين
23,49,28,1811,ولقد آتينا موسى الكتاب لعلهم يهتدون
23,50,41,2699,وجعلنا ابن مريم وأمه آية وآويناهما إلى ربوة ذات قرار ومعين
23,51,50,2081,يا أيها الرسل كلوا من الطيبات واعملوا صالحا ۖ إني بما تعملون عليم
23,52,27,2281,وإن هذه أمتكم أمة واحدة وأنا ربكم فاتقون
23,53,38,1811,فتقطعوا أمرهم بينهم زبرا ۖ كل حزب بما لديهم فرحون
23,54,18,3276,فذرهم في غمرتهم حتى حين
23,55,26,652,أيحسبون أنما نمدهم به من مال وبنين
23,56,27,2487,نسارع لهم في الخيرات ۚ بل لا يشعرون
23,57,23,2709,إن الذين هم من خشية ربهم مشفقون
23,58,21,1658,والذين هم بآيات ربهم يؤمنون
23,59,21,1708,والذين هم بربهم لا يشركون
23,60,39,2641,والذين يؤتون ما آتوا وقلوبهم وجلة أنهم إلى ربهم راجعون
23,61,31,2091,أولئك يسارعون في الخيرات وهم لها سابقون
23,62,48,2533,ولا نكلف نفسا إلا وسعها ۖ ولدينا كتاب ينطق بالحق ۚ وهم لا يظلمون
23,63,45,3741,بل قلوبهم في غمرة من هذا ولهم أعمال من دون ذلك هم لها عاملون
23,64,31,5056,حتى إذا أخذنا مترفيهم بالعذاب إذا هم يجأرون
23,65,26,1756,لا تجأروا اليوم ۖ إنكم منا لا تنصرون
23,66,37,3535,قد كانت آياتي تتلى عليكم فكنتم على أعقابكم تنكصون
23,67,21,1755,مستكبرين به سامرا تهجرون
23,68,35,1325,أفلم يدبروا القول أم جاءهم ما لم يأت آباءهم الأولين
23,69,26,1344,أم لم يعرفوا رسولهم فهم له منكرون
23,70,38,1745,أم يقولون به جنة ۚ بل جاءهم بالحق وأكثرهم للحق كارهون
23,71,71,6983,ولو اتبع الحق أهواءهم لفسدت السماوات والأرض ومن فيهن ۚ بل أتيناهم بذكرهم فهم عن ذكرهم معرضون
23,72,35,4521,أم تسألهم خرجا فخراج ربك خير ۖ وهو خير الرازقين
23,73,21,1611,وإنك لتدعوهم إلى صراط مستقيم
23,74,34,2477,وإن الذين لا يؤمنون بالآخرة عن الصراط لناكبون
23,75,45,3477,۞ ولو رحمناهم وكشفنا ما بهم من ضر للجوا في طغيانهم يعمهون
23,76,43,4862,ولقد أخذناهم بالعذاب فما استكانوا لربهم وما يتضرعون
23,77,41,4630,حتى إذا فتحنا عليهم بابا ذا عذاب شديد إذا هم فيه مبلسون
23,78,42,3038,وهو الذي أنشأ لكم السمع والأبصار والأفئدة ۚ قليلا ما تشكرون
23,79,27,3854,وهو الذي ذرأكم في الأرض وإليه تحشرون
23,80,46,3576,وهو الذي يحيي ويميت وله اختلاف الليل والنهار ۚ أفلا تعقلون
23,81,21,1035,بل قالوا مثل ما قال الأولون
23,82,36,3784,قالوا أإذا متنا وكنا ترابا وعظاما أإنا لمبعوثون
23,83,41,2555,لقد وعدنا نحن وآباؤنا هذا من قبل إن هذا إلا أساطير الأولين
23,84,27,2629,قل لمن الأرض ومن فيها إن كنتم تعلمون
23,85,21,1944,سيقولون لله ۚ قل أفلا تذكرون
23,86,33,2984,قل من رب السماوات السبع ورب العرش العظيم
23,87,20,1524,سيقولون لله ۚ قل أفلا تتقون
23,88,46,2859,قل من بيده ملكوت كل شيء وهو يجير ولا يجار عليه إن كنتم تعلمون
23,89,20,1311,سيقولون لله ۚ قل فأنى تسحرون
23,90,24,1589,بل أتيناهم بالحق وإنهم لكاذبون
23,91,76,7152,ما اتخذ الله من ولد وما كان معه من إله ۚ إذا لذهب كل إله بما خلق ولعلا بعضهم على بعض ۚ سبحان الله عما يصفون
23,92,30,2809,عالم الغيب والشهادة فتعالى عما يشركون
23,93,19,1230,قل رب إما تريني ما يوعدون
23,94,26,2205,رب فلا تجعلني في القوم الظالمين
23,95,24,1088,وإنا على أن نريك ما نعدهم لقادرون
23,96,32,1359,ادفع بالتي هي أحسن السيئة ۚ نحن أعلم بما يصفون
23,97,25,2090,وقل رب أعوذ بك من همزات الشياطين
23,98,15,2130,وأعوذ بك رب أن يحضرون
23,99,26,2310,حتى إذا جاء أحدهم الموت قال رب ارجعون
23,100,58,3787,لعلي أعمل صالحا فيما تركت ۚ كلا ۚ إنها كلمة هو قائلها ۖ ومن ورائهم برزخ إلى يوم يبعثون
23,101,39,3609,فإذا نفخ في الصور فلا أنساب بينهم يومئذ ولا يتساءلون
23,102,28,1745,فمن ثقلت موازينه فأولئك هم المفلحون
23,103,44,4203,ومن خفت موازينه فأولئك الذين خسروا أنفسهم في جهنم خالدون
23,104,28,1127,تلفح وجوههم النار وهم فيها كالحون
23,105,31,3737,ألم تكن آياتي تتلى عليكم فكنتم بها تكذبون
23,106,37,3956,قالوا ربنا غلبت علينا شقوتنا وكنا قوما ضالين
23,107,28,2616,ربنا أخرجنا منها فإن عدنا فإنا ظالمون
23,108,21,1478,قال اخسئوا فيها ولا تكلمون
23,109,58,4593,إنه كان فريق من عبادي يقولون ربنا آمنا فاغفر لنا وارحمنا وأنت خير الراحمين
23,110,41,6592,فاتخذتموهم سخريا حتى أنسوكم ذكري وكنتم منهم تضحكون
23,111,33,1269,إني جزيتهم اليوم بما صبروا أنهم هم الفائزون
23,112,23,2532,قال كم لبثتم في الأرض عدد سنين
23,113,32,2049,قالوا لبثنا يوما أو بعض يوم فاسأل العادين
23,114,31,2607,قال إن لبثتم إلا قليلا ۖ لو أنكم كنتم تعلمون
23,115,36,3062,أفحسبتم أنما خلقناكم عبثا وأنكم إلينا لا ترجعون
23,116,39,2119,فتعالى الله الملك الحق ۖ لا إله إلا هو رب العرش الكريم
23,117,59,2703,ومن يدع مع الله إلها آخر لا برهان له به فإنما حسابه عند ربه ۚ إنه لا يفلح الكافرون
23,118,28,3480,وقل رب اغفر وارحم وأنت خير الراحمين
24,1,47,4233,سورة أنزلناها وفرضناها وأنزلنا فيها آيات بينات لعلكم تذكرون
24,2,109,6630,الزانية والزاني فاجلدوا كل واحد منهما مائة جلدة ۖ ولا تأخذكم بهما رأفة في دين الله إن كنتم تؤمنون بالله واليوم الآخر ۖ وليشهد عذابهما طائفة من المؤمنين
24,3,64,3093,الزاني لا ينكح إلا زانية أو مشركة والزانية لا ينكحها إلا زان أو مشرك ۚ وحرم ذلك على المؤمنين
24,4,85,5594,والذين يرمون المحصنات ثم لم يأتوا بأربعة شهداء فاجلدوهم ثمانين جلدة ولا تقبلوا لهم شهادة أبدا ۚ وأولئك هم الفاسقون
24,5,40,4029,إلا الذين تابوا من بعد ذلك وأصلحوا فإن الله غفور رحيم
24,6,73,3931,والذين يرمون أزواجهم ولم يكن لهم شهداء إلا أنفسهم فشهادة أحدهم أربع شهادات بالله ۙ إنه لمن الصادقين
24,7,34,2544,والخامسة أن لعنت الله عليه إن كان من الكاذبين
24,8,46,3949,ويدرأ عنها العذاب أن تشهد أربع شهادات بالله ۙ إنه لمن الكاذبين
24,9,34,3269,والخامسة أن غضب الله عليها إن كان من الصادقين
24,10,37,2487,ولولا فضل الله عليكم ورحمته وأن الله تواب حكيم
24,11,95,8357,إن الذين جاءوا بالإفك عصبة منكم ۚ لا تحسبوه شرا لكم ۖ بل هو خير لكم ۚ لكل امرئ منهم ما اكتسب من الإثم ۚ والذي تولى كبره منهم له عذاب عظيم
24,12,54,5223,لولا إذ سمعتموه ظن المؤمنون والمؤمنات بأنفسهم خيرا وقالوا هذا إفك مبين
24,13,56,3568,لولا جاءوا عليه بأربعة شهداء ۚ فإذ لم يأتوا بالشهداء فأولئك عند الله هم الكاذبون
24,14,60,6430,ولولا فضل الله عليكم ورحمته في الدنيا والآخرة لمسكم في ما أفضتم فيه عذاب عظيم
24,15,67,4853,إذ تلقونه بألسنتكم وتقولون بأفواهكم ما ليس لكم به علم وتحسبونه هينا وهو عند الله عظيم
24,16,54,5795,ولولا إذ سمعتموه قلتم ما يكون لنا أن نتكلم بهذا سبحانك هذا بهتان عظيم
24,17,34,3005,يعظكم الله أن تعودوا لمثله أبدا إن كنتم مؤمنين
24,18,30,976,ويبين الله لكم الآيات ۚ والله عليم حكيم
24,19,77,6441,إن الذين يحبون أن تشيع الفاحشة في الذين آمنوا لهم عذاب أليم في الدنيا والآخرة ۚ والله يعلم وأنتم لا تعلمون
24,20,36,2544,ولولا فضل الله عليكم ورحمته وأن الله رءوف رحيم
24,21,141,9618,۞ يا أيها الذين آمنوا لا تتبعوا خطوات الشيطان ۚ ومن يتبع خطوات الشيطان فإنه يأمر بالفحشاء والمنكر ۚ ولولا فضل الله عليكم ورحمته ما زكى منكم من أحد أبدا ولكن الله يزكي من يشاء ۗ والله سميع عليم
24,22,112,7488,ولا يأتل أولو الفضل منكم والسعة أن يؤتوا أولي القربى والمساكين والمهاجرين في سبيل الله ۖ وليعفوا وليصفحوا ۗ ألا تحبون أن يغفر الله لكم ۗ والله غفور رحيم
24,23,64,6926,إن الذين يرمون المحصنات الغافلات المؤمنات لعنوا في الدنيا والآخرة ولهم عذاب عظيم
24,24,44,2191,يوم تشهد عليهم ألسنتهم وأيديهم وأرجلهم بما كانوا يعملون
24,25,47,1832,يومئذ يوفيهم الله دينهم الحق ويعلمون أن الله هو الحق المبين
24,26,95,9365,الخبيثات للخبيثين والخبيثون للخبيثات ۖ والطيبات للطيبين والطيبون للطيبات ۚ أولئك مبرءون مما يقولون ۖ لهم مغفرة ورزق كريم
24,27,79,9419,يا أيها الذين آمنوا لا تدخلوا بيوتا غير بيوتكم حتى تستأنسوا وتسلموا على أهلها ۚ ذلكم خير لكم لعلكم تذكرون
24,28,80,5055,فإن لم تجدوا فيها أحدا فلا تدخلوها حتى يؤذن لكم ۖ وإن قيل لكم ارجعوا فارجعوا ۖ هو أزكى لكم ۚ والله بما تعملون عليم
24,29,68,5613,ليس عليكم جناح أن تدخلوا بيوتا غير مسكونة فيها متاع لكم ۚ والله يعلم ما تبدون وما تكتمون
24,30,61,6069,قل للمؤمنين يغضوا من أبصارهم ويحفظوا فروجهم ۚ ذلك أزكى لهم ۗ إن الله خبير بما يصنعون
24,31,311,25507,وقل للمؤمنات يغضضن من أبصارهن ويحفظن فروجهن ولا يبدين زينتهن إلا ما ظهر منها ۖ وليضربن بخمرهن على جيوبهن ۖ ولا يبدين زينتهن إلا لبعولتهن أو آبائهن أو آباء بعولتهن أو أبنائهن أو أبناء بعولتهن أو إخوانهن أو بني إخوانهن أو بني أخواتهن أو نسائهن أو ما ملكت أيمانهن أو التابعين غير أولي الإربة من الرجال أو الطفل الذين لم يظهروا على عورات النساء ۖ ولا يضربن بأرجلهن ليعلم ما يخفين من زينتهن ۚ وتوبوا إلى الله جميعا أيه المؤمنون لعلكم تفلحون
24,32,76,3942,وأنكحوا الأيامى منكم والصالحين من عبادكم وإمائكم ۚ إن يكونوا فقراء يغنهم الله من فضله ۗ والله واسع عليم
24,33,205,21007,وليستعفف الذين لا يجدون نكاحا حتى يغنيهم الله من فضله ۗ والذين يبتغون الكتاب مما ملكت أيمانكم فكاتبوهم إن علمتم فيهم خيرا ۖ وآتوهم من مال الله الذي آتاكم ۚ ولا تكرهوا فتياتكم على البغاء إن أردن تحصنا لتبتغوا عرض الحياة الدنيا ۚ ومن يكرههن فإن الله من بعد إكراههن غفور رحيم
24,34,57,5351,ولقد أنزلنا إليكم آيات مبينات ومثلا من الذين خلوا من قبلكم وموعظة للمتقين
24,35,188,13391,۞ الله نور السماوات والأرض ۚ مثل نوره كمشكاة فيها مصباح ۖ المصباح في زجاجة ۖ الزجاجة كأنها كوكب دري يوقد من شجرة مباركة زيتونة لا شرقية ولا غربية يكاد زيتها يضيء ولو لم تمسسه نار ۚ نور على نور ۗ يهدي الله لنوره من يشاء ۚ ويضرب الله الأمثال للناس ۗ والله بكل شيء عليم
24,36,52,4674,في بيوت أذن الله أن ترفع ويذكر فيها اسمه يسبح له فيها بالغدو والآصال
24,37,80,5689,رجال لا تلهيهم تجارة ولا بيع عن ذكر الله وإقام الصلاة وإيتاء الزكاة ۙ يخافون يوما تتقلب فيه القلوب والأبصار
24,38,56,3637,ليجزيهم الله أحسن ما عملوا ويزيدهم من فضله ۗ والله يرزق من يشاء بغير حساب
24,39,91,5399,والذين كفروا أعمالهم كسراب بقيعة يحسبه الظمآن ماء حتى إذا جاءه لم يجده شيئا ووجد الله عنده فوفاه حسابه ۗ والله سريع الحساب
24,40,105,10077,أو كظلمات في بحر لجي يغشاه موج من فوقه موج من فوقه سحاب ۚ ظلمات بعضها فوق بعض إذا أخرج يده لم يكد يراها ۗ ومن لم يجعل الله له نورا فما له من نور
24,41,80,5307,ألم تر أن الله يسبح له من في السماوات والأرض والطير صافات ۖ كل قد علم صلاته وتسبيحه ۗ والله عليم بما يفعلون
24,42,32,2210,ولله ملك السماوات والأرض ۖ وإلى الله المصير
24,43,132,8776,ألم تر أن الله يزجي سحابا ثم يؤلف بينه ثم يجعله ركاما فترى الودق يخرج من خلاله وينزل من السماء من جبال فيها من برد فيصيب به من يشاء ويصرفه عن من يشاء ۖ يكاد سنا برقه يذهب بالأبصار
24,44,40,2194,يقلب الله الليل والنهار ۚ إن في ذلك لعبرة لأولي الأبصار
24,45,96,5816,والله خلق كل دابة من ماء ۖ فمنهم من يمشي على بطنه ومنهم من يمشي على رجلين ومنهم من يمشي على أربع ۚ يخلق الله ما يشاء ۚ إن الله على كل شيء قدير
24,46,42,2668,لقد أنزلنا آيات مبينات ۚ والله يهدي من يشاء إلى صراط مستقيم
24,47,64,3591,ويقولون آمنا بالله وبالرسول وأطعنا ثم يتولى فريق منهم من بعد ذلك ۚ وما أولئك بالمؤمنين
24,48,44,3798,وإذا دعوا إلى الله ورسوله ليحكم بينهم إذا فريق منهم معرضون
24,49,25,1732,وإن يكن لهم الحق يأتوا إليه مذعنين
24,50,61,4628,أفي قلوبهم مرض أم ارتابوا أم يخافون أن يحيف الله عليهم ورسوله ۚ بل أولئك هم الظالمون
24,51,74,2831,إنما كان قول المؤمنين إذا دعوا إلى الله ورسوله ليحكم بينهم أن يقولوا سمعنا وأطعنا ۚ وأولئك هم المفلحون
24,52,42,2417,ومن يطع الله ورسوله ويخش الله ويتقه فأولئك هم الفائزون
24,53,69,4908,۞ وأقسموا بالله جهد أيمانهم لئن أمرتهم ليخرجن ۖ قل لا تقسموا ۖ طاعة معروفة ۚ إن الله خبير بما تعملون
24,54,95,5508,قل أطيعوا الله وأطيعوا الرسول ۖ فإن تولوا فإنما عليه ما حمل وعليكم ما حملتم ۖ وإن تطيعوه تهتدوا ۚ وما على الرسول إلا البلاغ المبين
24,55,166,13259,وعد الله الذين آمنوا منكم وعملوا الصالحات ليستخلفنهم في الأرض كما استخلف الذين من قبلهم وليمكنن لهم دينهم الذي ارتضى لهم وليبدلنهم من بعد خوفهم أمنا ۚ يعبدونني لا يشركون بي شيئا ۚ ومن كفر بعد ذلك فأولئك هم الفاسقون
24,56,43,2110,وأقيموا الصلاة وآتوا الزكاة وأطيعوا الرسول لعلكم ترحمون
24,57,50,3799,لا تحسبن الذين كفروا معجزين في الأرض ۚ ومأواهم النار ۖ ولبئس المصير
24,58,209,18494,يا أيها الذين آمنوا ليستأذنكم الذين ملكت أيمانكم والذين لم يبلغوا الحلم منكم ثلاث مرات ۚ من قبل صلاة الفجر وحين تضعون ثيابكم من الظهيرة ومن بعد صلاة العشاء ۚ ثلاث عورات لكم ۚ ليس عليكم ولا عليهم جناح بعدهن ۚ طوافون عليكم بعضكم على بعض ۚ كذلك يبين الله لكم الآيات ۗ والله عليم حكيم
24,59,82,7530,وإذا بلغ الأطفال منكم الحلم فليستأذنوا كما استأذن الذين من قبلهم ۚ كذلك يبين الله لكم آياته ۗ والله عليم حكيم
24,60,99,7685,والقواعد من النساء اللاتي لا يرجون نكاحا فليس عليهن جناح أن يضعن ثيابهن غير متبرجات بزينة ۖ وأن يستعففن خير لهن ۗ والله سميع عليم
24,61,277,21972,ليس على الأعمى حرج ولا على الأعرج حرج ولا على المريض حرج ولا على أنفسكم أن تأكلوا من بيوتكم أو بيوت آبائكم أو بيوت أمهاتكم أو بيوت إخوانكم أو بيوت أخواتكم أو بيوت أعمامكم أو بيوت عماتكم أو بيوت أخوالكم أو بيوت خالاتكم أو ما ملكتم مفاتحه أو صديقكم ۚ ليس عليكم جناح أن تأكلوا جميعا أو أشتاتا ۚ فإذا دخلتم بيوتا فسلموا على أنفسكم تحية من عند الله مباركة طيبة ۚ كذلك يبين الله لكم الآيات لعلكم تعقلون
24,62,161,17521,إنما المؤمنون الذين آمنوا بالله ورسوله وإذا كانوا معه على أمر جامع لم يذهبوا حتى يستأذنوه ۚ إن الذين يستأذنونك أولئك الذين يؤمنون بالله ورسوله ۚ فإذا استأذنوك لبعض شأنهم فأذن لمن شئت منهم واستغفر لهم الله ۚ إن الله غفور رحيم
24,63,113,10654,لا تجعلوا دعاء الرسول بينكم كدعاء بعضكم بعضا ۚ قد يعلم الله الذين يتسللون منكم لواذا ۚ فليحذر الذين يخالفون عن أمره أن تصيبهم فتنة أو يصيبهم عذاب أليم
24,64,79,4160,ألا إن لله ما في السماوات والأرض ۖ قد يعلم ما أنتم عليه ويوم يرجعون إليه فينبئهم بما عملوا ۗ والله بكل شيء عليم
25,1,43,3432,تبارك الذي نزل الفرقان على عبده ليكون للعالمين نذيرا
25,2,71,7401,الذي له ملك السماوات والأرض ولم يتخذ ولدا ولم يكن له شريك في الملك وخلق كل شيء فقدره تقديرا
25,3,87,6876,واتخذوا من دونه آلهة لا يخلقون شيئا وهم يخلقون ولا يملكون لأنفسهم ضرا ولا نفعا ولا يملكون موتا ولا حياة ولا نشورا
25,4,60,5444,وقال الذين كفروا إن هذا إلا إفك افتراه وأعانه عليه قوم آخرون ۖ فقد جاءوا ظلما وزورا
25,5,42,2419,وقالوا أساطير الأولين اكتتبها فهي تملى عليه بكرة وأصيلا
25,6,48,4742,قل أنزله الذي يعلم السر في السماوات والأرض ۚ إنه كان غفورا رحيما
25,7,66,3644,وقالوا مال هذا الرسول يأكل الطعام ويمشي في الأسواق ۙ لولا أنزل إليه ملك فيكون معه نذيرا
25,8,57,3747,أو يلقى إليه كنز أو تكون له جنة يأكل منها ۚ وقال الظالمون إن تتبعون إلا رجلا مسحورا
25,9,41,4668,انظر كيف ضربوا لك الأمثال فضلوا فلا يستطيعون سبيلا
25,10,59,6343,تبارك الذي إن شاء جعل لك خيرا من ذلك جنات تجري من تحتها الأنهار ويجعل لك قصورا
25,11,36,2803,بل كذبوا بالساعة ۖ وأعتدنا لمن كذب بالساعة سعيرا
25,12,35,4461,إذا رأتهم من مكان بعيد سمعوا لها تغيظا وزفيرا
25,13,40,3309,وإذا ألقوا منها مكانا ضيقا مقرنين دعوا هنالك ثبورا
25,14,38,2856,لا تدعوا اليوم ثبورا واحدا وادعوا ثبورا كثيرا
25,15,46,4500,قل أذلك خير أم جنة الخلد التي وعد المتقون ۚ كانت لهم جزاء ومصيرا
25,16,37,1885,لهم فيها ما يشاءون خالدين ۚ كان على ربك وعدا مسئولا
25,17,62,4224,ويوم يحشرهم وما يعبدون من دون الله فيقول أأنتم أضللتم عبادي هؤلاء أم هم ضلوا السبيل
25,18,81,6682,قالوا سبحانك ما كان ينبغي لنا أن نتخذ من دونك من أولياء ولكن متعتهم وآباءهم حتى نسوا الذكر وكانوا قوما بورا
25,19,65,6570,فقد كذبوكم بما تقولون فما تستطيعون صرفا ولا نصرا ۚ ومن يظلم منكم نذقه عذابا كبيرا
25,20,89,6048,وما أرسلنا قبلك من المرسلين إلا إنهم ليأكلون الطعام ويمشون في الأسواق ۗ وجعلنا بعضكم لبعض فتنة أتصبرون ۗ وكان ربك بصيرا
25,21,78,4698,۞ وقال الذين لا يرجون لقاءنا لولا أنزل علينا الملائكة أو نرى ربنا ۗ لقد استكبروا في أنفسهم وعتوا عتوا كبيرا
25,22,47,2814,يوم يرون الملائكة لا بشرى يومئذ للمجرمين ويقولون حجرا محجورا
25,23,35,1693,وقدمنا إلى ما عملوا من عمل فجعلناه هباء منثورا
25,24,30,2857,أصحاب الجنة يومئذ خير مستقرا وأحسن مقيلا
25,25,36,2921,ويوم تشقق السماء بالغمام ونزل الملائكة تنزيلا
25,26,42,2341,الملك يومئذ الحق للرحمن ۚ وكان يوما على الكافرين عسيرا
25,27,48,5371,ويوم يعض الظالم على يديه يقول يا ليتني اتخذت مع الرسول سبيلا
25,28,26,3560,يا ويلتى ليتني لم أتخذ فلانا خليلا
25,29,44,4971,لقد أضلني عن الذكر بعد إذ جاءني ۗ وكان الشيطان للإنسان خذولا
25,30,39,3933,وقال الرسول يا رب إن قومي اتخذوا هذا القرآن مهجورا
25,31,48,2325,وكذلك جعلنا لكل نبي عدوا من المجرمين ۗ وكفى بربك هاديا ونصيرا
25,32,65,5574,وقال الذين كفروا لولا نزل عليه القرآن جملة واحدة ۚ كذلك لنثبت به فؤادك ۖ ورتلناه ترتيلا
25,33,33,2216,ولا يأتونك بمثل إلا جئناك بالحق وأحسن تفسيرا
25,34,42,3265,الذين يحشرون على وجوههم إلى جهنم أولئك شر مكانا وأضل سبيلا
25,35,39,2528,ولقد آتينا موسى الكتاب وجعلنا معه أخاه هارون وزيرا
25,36,46,4236,فقلنا اذهبا إلى القوم الذين كذبوا بآياتنا فدمرناهم تدميرا
25,37,64,5596,وقوم نوح لما كذبوا الرسل أغرقناهم وجعلناهم للناس آية ۖ وأعتدنا للظالمين عذابا أليما
25,38,36,2942,وعادا وثمود وأصحاب الرس وقرونا بين ذلك كثيرا
25,39,32,3470,وكلا ضربنا له الأمثال ۖ وكلا تبرنا تتبيرا
25,40,63,3906,ولقد أتوا على القرية التي أمطرت مطر السوء ۚ أفلم يكونوا يرونها ۚ بل كانوا لا يرجون نشورا
25,41,39,5201,وإذا رأوك إن يتخذونك إلا هزوا أهذا الذي بعث الله رسولا
25,42,64,4697,إن كاد ليضلنا عن آلهتنا لولا أن صبرنا عليها ۚ وسوف يعلمون حين يرون العذاب من أضل سبيلا
25,43,32,3646,أرأيت من اتخذ إلهه هواه أفأنت تكون عليه وكيلا
25,44,47,3181,أم تحسب أن أكثرهم يسمعون أو يعقلون ۚ إن هم إلا كالأنعام ۖ بل هم أضل سبيلا
25,45,53,3965,ألم تر إلى ربك كيف مد الظل ولو شاء لجعله ساكنا ثم جعلنا الشمس عليه دليلا
25,46,21,2773,ثم قبضناه إلينا قبضا يسيرا
25,47,49,2696,وهو الذي جعل لكم الليل لباسا والنوم سباتا وجعل النهار نشورا
25,48,51,3168,وهو الذي أرسل الرياح بشرا بين يدي رحمته ۚ وأنزلنا من السماء ماء طهورا
25,49,43,2715,لنحيي به بلدة ميتا ونسقيه مما خلقنا أنعاما وأناسي كثيرا
25,50,39,2922,ولقد صرفناه بينهم ليذكروا فأبى أكثر الناس إلا كفورا
25,51,24,2457,ولو شئنا لبعثنا في كل قرية نذيرا
25,52,33,1300,فلا تطع الكافرين وجاهدهم به جهادا كبيرا
25,53,63,5761,۞ وهو الذي مرج البحرين هذا عذب فرات وهذا ملح أجاج وجعل بينهما برزخا وحجرا محجورا
25,54,46,3370,وهو الذي خلق من الماء بشرا فجعله نسبا وصهرا ۗ وكان ربك قديرا
25,55,54,3615,ويعبدون من دون الله ما لا ينفعهم ولا يضرهم ۗ وكان الكافر على ربه ظهيرا
25,56,22,1949,وما أرسلناك إلا مبشرا ونذيرا
25,57,36,3251,قل ما أسألكم عليه من أجر إلا من شاء أن يتخذ إلى ربه سبيلا
25,58,50,3742,وتوكل على الحي الذي لا يموت وسبح بحمده ۚ وكفى به بذنوب عباده خبيرا
25,59,66,6831,الذي خلق السماوات والأرض وما بينهما في ستة أيام ثم استوى على العرش ۚ الرحمن فاسأل به خبيرا
25,60,58,3148,وإذا قيل لهم اسجدوا للرحمن قالوا وما الرحمن أنسجد لما تأمرنا وزادهم نفورا ۩
25,61,47,3019,تبارك الذي جعل في السماء بروجا وجعل فيها سراجا وقمرا منيرا
25,62,45,4008,وهو الذي جعل الليل والنهار خلفة لمن أراد أن يذكر أو أراد شكورا
25,63,58,4562,وعباد الرحمن الذين يمشون على الأرض هونا وإذا خاطبهم الجاهلون قالوا سلاما
25,64,27,1778,والذين يبيتون لربهم سجدا وقياما
25,65,46,4757,والذين يقولون ربنا اصرف عنا عذاب جهنم ۖ إن عذابها كان غراما
25,66,18,1506,إنها ساءت مستقرا ومقاما
25,67,45,3992,والذين إذا أنفقوا لم يسرفوا ولم يقتروا وكان بين ذلك قواما
25,68,81,5639,والذين لا يدعون مع الله إلها آخر ولا يقتلون النفس التي حرم الله إلا بالحق ولا يزنون ۚ ومن يفعل ذلك يلق أثاما
25,69,35,2880,يضاعف له العذاب يوم القيامة ويخلد فيه مهانا
25,70,64,4009,إلا من تاب وآمن وعمل عملا صالحا فأولئك يبدل الله سيئاتهم حسنات ۗ وكان الله غفورا رحيما
25,71,32,1868,ومن تاب وعمل صالحا فإنه يتوب إلى الله متابا
25,72,41,3979,والذين لا يشهدون الزور وإذا مروا باللغو مروا كراما
25,73,43,4397,والذين إذا ذكروا بآيات ربهم لم يخروا عليها صما وعميانا
25,74,60,4199,والذين يقولون ربنا هب لنا من أزواجنا وذرياتنا قرة أعين واجعلنا للمتقين إماما
25,75,40,2639,أولئك يجزون الغرفة بما صبروا ويلقون فيها تحية وسلاما
25,76,26,2298,خالدين فيها ۚ حسنت مستقرا ومقاما
25,77,43,2466,قل ما يعبأ بكم ربي لولا دعاؤكم ۖ فقد كذبتم فسوف يكون لزاما
26,1,3,109,طسم
26,2,18,1448,تلك آيات الكتاب المبين
26,3,25,1347,لعلك باخع نفسك ألا يكونوا مؤمنين
26,4,39,4167,إن نشأ ننزل عليهم من السماء آية فظلت أعناقهم لها خاضعين
26,5,41,3897,وما يأتيهم من ذكر من الرحمن محدث إلا كانوا عنه معرضين
26,6,34,2235,فقد كذبوا فسيأتيهم أنباء ما كانوا به يستهزئون
26,7,34,2439,أولم يروا إلى الأرض كم أنبتنا فيها من كل زوج كريم
26,8,24,2003,إن في ذلك لآية ۖ وما كان أكثرهم مؤمنين
26,9,20,733,وإن ربك لهو العزيز الرحيم
26,10,27,2779,وإذ نادى ربك موسى أن ائت القوم الظالمين
26,11,15,1149,قوم فرعون ۚ ألا يتقون
26,12,17,1912,قال رب إني أخاف أن يكذبون
26,13,32,2279,ويضيق صدري ولا ينطلق لساني فأرسل إلى هارون
26,14,21,2350,ولهم علي ذنب فأخاف أن يقتلون
26,15,31,2322,قال كلا ۖ فاذهبا بآياتنا ۖ إنا معكم مستمعون
26,16,30,1895,فأتيا فرعون فقولا إنا رسول رب العالمين
26,17,16,864,أن أرسل معنا بني إسرائيل
26,18,37,2334,قال ألم نربك فينا وليدا ولبثت فينا من عمرك سنين
26,19,31,3145,وفعلت فعلتك التي فعلت وأنت من الكافرين
26,20,23,2487,قال فعلتها إذا وأنا من الضالين
26,21,46,3415,ففررت منكم لما خفتكم فوهب لي ربي حكما وجعلني من المرسلين
26,22,28,2111,وتلك نعمة تمنها علي أن عبدت بني إسرائيل
26,23,21,1018,قال فرعون وما رب العالمين
26,24,38,2880,قال رب السماوات والأرض وما بينهما ۖ إن كنتم موقنين
26,25,19,1357,قال لمن حوله ألا تستمعون
26,26,20,791,قال ربكم ورب آبائكم الأولين
26,27,27,1847,قال إن رسولكم الذي أرسل إليكم لمجنون
26,28,38,3654,قال رب المشرق والمغرب وما بينهما ۖ إن كنتم تعقلون
26,29,34,4111,قال لئن اتخذت إلها غيري لأجعلنك من المسجونين
26,30,16,1010,قال أولو جئتك بشيء مبين
26,31,21,1514,قال فأت به إن كنت من الصادقين
26,32,21,1897,فألقى عصاه فإذا هي ثعبان مبين
26,33,24,3032,ونزع يده فإذا هي بيضاء للناظرين
26,34,24,1515,قال للملإ حوله إن هذا لساحر عليم
26,35,32,4090,يريد أن يخرجكم من أرضكم بسحره فماذا تأمرون
26,36,31,2322,قالوا أرجه وأخاه وابعث في المدائن حاشرين
26,37,15,907,يأتوك بكل سحار عليم
26,38,23,1315,فجمع السحرة لميقات يوم معلوم
26,39,21,1451,وقيل للناس هل أنتم مجتمعون
26,40,30,2299,لعلنا نتبع السحرة إن كانوا هم الغالبين
26,41,45,2746,فلما جاء السحرة قالوا لفرعون أئن لنا لأجرا إن كنا نحن الغالبين
26,42,23,1661,قال نعم وإنكم إذا لمن المقربين
26,43,23,1206,قال لهم موسى ألقوا ما أنتم ملقون
26,44,45,2462,فألقوا حبالهم وعصيهم وقالوا بعزة فرعون إنا لنحن الغالبون
26,45,26,2095,فألقى موسى عصاه فإذا هي تلقف ما يأفكون
26,46,15,647,فألقي السحرة ساجدين
26,47,19,665,قالوا آمنا برب العالمين
26,48,11,576,رب موسى وهارون
26,49,87,6071,قال آمنتم له قبل أن آذن لكم ۖ إنه لكبيركم الذي علمكم السحر فلسوف تعلمون ۚ لأقطعن أيديكم وأرجلكم من خلاف ولأصلبنكم أجمعين
26,50,24,1791,قالوا لا ضير ۖ إنا إلى ربنا منقلبون
26,51,38,2944,إنا نطمع أن يغفر لنا ربنا خطايانا أن كنا أول المؤمنين
26,52,28,1294,۞ وأوحينا إلى موسى أن أسر بعبادي إنكم متبعون
26,53,23,1561,فأرسل فرعون في المدائن حاشرين
26,54,15,1582,إن هؤلاء لشرذمة قليلون
26,55,13,2169,وإنهم لنا لغائظون
26,56,14,1175,وإنا لجميع حاذرون
26,57,19,1665,فأخرجناهم من جنات وعيون
26,58,14,546,وكنوز ومقام كريم
26,59,20,1902,كذلك وأورثناها بني إسرائيل
26,60,13,1303,فأتبعوهم مشرقين
26,61,33,1686,فلما تراءى الجمعان قال أصحاب موسى إنا لمدركون
26,62,19,703,قال كلا ۖ إن معي ربي سيهدين
26,63,52,3811,فأوحينا إلى موسى أن اضرب بعصاك البحر ۖ فانفلق فكان كل فرق كالطود العظيم
26,64,14,1605,وأزلفنا ثم الآخرين
26,65,20,610,وأنجينا موسى ومن معه أجمعين
26,66,13,2782,ثم أغرقنا الآخرين
26,67,24,2003,إن في ذلك لآية ۖ وما كان أكثرهم مؤمنين
26,68,20,733,وإن ربك لهو العزيز الرحيم
26,69,17,902,واتل عليهم نبأ إبراهيم
26,70,21,1608,إذ قال لأبيه وقومه ما تعبدون
26,71,27,1773,قالوا نعبد أصناما فنظل لها عاكفين
26,72,19,1692,قال هل يسمعونكم إذ تدعون
26,73,15,1404,أو ينفعونكم أو يضرون
26,74,26,1304,قالوا بل وجدنا آباءنا كذلك يفعلون
26,75,20,1944,قال أفرأيتم ما كنتم تعبدون
26,76,15,790,أنتم وآباؤكم الأقدمون
26,77,21,760,فإنهم عدو لي إلا رب العالمين
26,78,17,1701,الذي خلقني فهو يهدين
26,79,19,1183,والذي هو يطعمني ويسقين
26,80,15,2688,وإذا مرضت فهو يشفين
26,81,18,1895,والذي يميتني ثم يحيين
26,82,28,3426,والذي أطمع أن يغفر لي خطيئتي يوم الدين
26,83,25,744,رب هب لي حكما وألحقني بالصالحين
26,84,22,1466,واجعل لي لسان صدق في الآخرين
26,85,20,1220,واجعلني من ورثة جنة النعيم
26,86,22,2467,واغفر لأبي إنه كان من الضالين
26,87,17,1798,ولا تخزني يوم يبعثون
26,88,19,513,يوم لا ينفع مال ولا بنون
26,89,17,861,إلا من أتى الله بقلب سليم
26,90,16,1267,وأزلفت الجنة للمتقين
26,91,18,1834,وبرزت الجحيم للغاوين
26,92,21,1364,وقيل لهم أين ما كنتم تعبدون
26,93,27,1529,من دون الله هل ينصرونكم أو ينتصرون
26,94,21,1372,فكبكبوا فيها هم والغاوون
26,95,14,340,وجنود إبليس أجمعون
26,96,19,1481,قالوا وهم فيها يختصمون
26,97,20,1670,تالله إن كنا لفي ضلال مبين
26,98,18,1322,إذ نسويكم برب العالمين
26,99,17,1329,وما أضلنا إلا المجرمون
26,100,14,803,فما لنا من شافعين
26,101,11,339,ولا صديق حميم
26,102,23,984,فلو أن لنا كرة فنكون من المؤمنين
26,103,24,2003,إن في ذلك لآية ۖ وما كان أكثرهم مؤمنين
26,104,20,733,وإن ربك لهو العزيز الرحيم
26,105,18,1753,كذبت قوم نوح المرسلين
26,106,21,2608,إذ قال لهم أخوهم نوح ألا تتقون
26,107,12,546,إني لكم رسول أمين
26,108,16,805,فاتقوا الله وأطيعون
26,109,33,1433,وما أسألكم عليه من أجر ۖ إن أجري إلا على رب العالمين
26,110,16,805,فاتقوا الله وأطيعون
26,111,23,1844,۞ قالوا أنؤمن لك واتبعك الأرذلون
26,112,24,655,قال وما علمي بما كانوا يعملون
26,113,22,1571,إن حسابهم إلا على ربي ۖ لو تشعرون
26,114,17,535,وما أنا بطارد المؤمنين
26,115,13,1194,إن أنا إلا نذير مبين
26,116,35,2244,قالوا لئن لم تنته يا نوح لتكونن من المرجومين
26,117,15,1317,قال رب إن قومي كذبون
26,118,39,1889,فافتح بيني وبينهم فتحا ونجني ومن معي من المؤمنين
26,119,27,1096,فأنجيناه ومن معه في الفلك المشحون
26,120,17,2161,ثم أغرقنا بعد الباقين
26,121,24,2003,إن في ذلك لآية ۖ وما كان أكثرهم مؤمنين
26,122,20,733,وإن ربك لهو العزيز الرحيم
26,123,15,1618,كذبت عاد المرسلين
26,124,21,2559,إذ قال لهم أخوهم هود ألا تتقون
26,125,12,546,إني لكم رسول أمين
26,126,16,805,فاتقوا الله وأطيعون
26,127,33,1433,وما أسألكم عليه من أجر ۖ إن أجري إلا على رب العالمين
26,128,18,1878,أتبنون بكل ريع آية تعبثون
26,129,23,3693,وتتخذون مصانع لعلكم تخلدون
26,130,19,2475,وإذا بطشتم بطشتم جبارين
26,131,16,805,فاتقوا الله وأطيعون
26,132,23,1998,واتقوا الذي أمدكم بما تعلمون
26,133,14,385,أمدكم بأنعام وبنين
26,134,10,602,وجنات وعيون
26,135,21,2760,إني أخاف عليكم عذاب يوم عظيم
26,136,33,3480,قالوا سواء علينا أوعظت أم لم تكن من الواعظين
26,137,15,1644,إن هذا إلا خلق الأولين
26,138,13,1029,وما نحن بمعذبين
26,139,38,3047,فكذبوه فأهلكناهم ۗ إن في ذلك لآية ۖ وما كان أكثرهم مؤمنين
26,140,20,733,وإن ربك لهو العزيز الرحيم
26,141,16,2093,كذبت ثمود المرسلين
26,142,22,2673,إذ قال لهم أخوهم صالح ألا تتقون
26,143,12,546,إني لكم رسول أمين
26,144,16,805,فاتقوا الله وأطيعون
26,145,33,1433,وما أسألكم عليه من أجر ۖ إن أجري إلا على رب العالمين
26,146,19,1419,أتتركون في ما هاهنا آمنين
26,147,11,686,في جنات وعيون
26,148,18,1945,وزروع ونخل طلعها هضيم
26,149,26,1842,وتنحتون من الجبال بيوتا فارهين
26,150,16,805,فاتقوا الله وأطيعون
26,151,19,1244,ولا تطيعوا أمر المسرفين
26,152,26,2353,الذين يفسدون في الأرض ولا يصلحون
26,153,20,1168,قالوا إنما أنت من المسحرين
26,154,32,3033,ما أنت إلا بشر مثلنا فأت بآية إن كنت من الصادقين
26,155,30,2370,قال هذه ناقة لها شرب ولكم شرب يوم معلوم
26,156,29,3916,ولا تمسوها بسوء فيأخذكم عذاب يوم عظيم
26,157,19,804,فعقروها فأصبحوا نادمين
26,158,35,4232,فأخذهم العذاب ۗ إن في ذلك لآية ۖ وما كان أكثرهم مؤمنين
26,159,20,733,وإن ربك لهو العزيز الرحيم
26,160,18,1734,كذبت قوم لوط المرسلين
26,161,21,2589,إذ قال لهم أخوهم لوط ألا تتقون
26,162,12,546,إني لكم رسول أمين
26,163,16,805,فاتقوا الله وأطيعون
26,164,33,1433,وما أسألكم عليه من أجر ۖ إن أجري إلا على رب العالمين
26,165,21,2180,أتأتون الذكران من العالمين
26,166,39,3451,وتذرون ما خلق لكم ربكم من أزواجكم ۚ بل أنتم قوم عادون
26,167,34,2779,قالوا لئن لم تنته يا لوط لتكونن من المخرجين
26,168,20,733,قال إني لعملكم من القالين
26,169,19,653,رب نجني وأهلي مما يعملون
26,170,16,418,فنجيناه وأهله أجمعين
26,171,17,1502,إلا عجوزا في الغابرين
26,172,13,1726,ثم دمرنا الآخرين
26,173,29,2182,وأمطرنا عليهم مطرا ۖ فساء مطر المنذرين
26,174,24,2003,إن في ذلك لآية ۖ وما كان أكثرهم مؤمنين
26,175,20,733,وإن ربك لهو العزيز الرحيم
26,176,19,1305,كذب أصحاب الأيكة المرسلين
26,177,18,2275,إذ قال لهم شعيب ألا تتقون
26,178,12,546,إني لكم رسول أمين
26,179,16,805,فاتقوا الله وأطيعون
26,180,33,1433,وما أسألكم عليه من أجر ۖ إن أجري إلا على رب العالمين
26,181,28,1785,۞ أوفوا الكيل ولا تكونوا من المخسرين
26,182,21,1014,وزنوا بالقسطاس المستقيم
26,183,39,3983,ولا تبخسوا الناس أشياءهم ولا تعثوا في الأرض مفسدين
26,184,27,2244,واتقوا الذي خلقكم والجبلة الأولين
26,185,20,1168,قالوا إنما أنت من المسحرين
26,186,32,3661,وما أنت إلا بشر مثلنا وإن نظنك لمن الكاذبين
26,187,34,1689,فأسقط علينا كسفا من السماء إن كنت من الصادقين
26,188,18,1122,قال ربي أعلم بما تعملون
26,189,38,6003,فكذبوه فأخذهم عذاب يوم الظلة ۚ إنه كان عذاب يوم عظيم
26,190,24,2003,إن في ذلك لآية ۖ وما كان أكثرهم مؤمنين
26,191,20,733,وإن ربك لهو العزيز الرحيم
26,192,19,1022,وإنه لتنزيل رب العالمين
26,193,15,470,نزل به الروح الأمين
26,194,21,1929,على قلبك لتكون من المنذرين
26,195,13,527,بلسان عربي مبين
26,196,15,517,وإنه لفي زبر الأولين
26,197,28,950,أولم يكن لهم آية أن يعلمه علماء بني إسرائيل
26,198,21,1361,ولو نزلناه على بعض الأعجمين
26,199,23,856,فقرأه عليهم ما كانوا به مؤمنين
26,200,24,1538,كذلك سلكناه في قلوب المجرمين
26,201,26,1734,لا يؤمنون به حتى يروا العذاب الأليم
26,202,20,2665,فيأتيهم بغتة وهم لا يشعرون
26,203,18,1622,فيقولوا هل نحن منظرون
26,204,16,1535,أفبعذابنا يستعجلون
26,205,16,1516,أفرأيت إن متعناهم سنين
26,206,19,854,ثم جاءهم ما كانوا يوعدون
26,207,21,1951,ما أغنى عنهم ما كانوا يمتعون
26,208,24,1666,وما أهلكنا من قرية إلا لها منذرون
26,209,15,2069,ذكرى وما كنا ظالمين
26,210,18,1352,وما تنزلت به الشياطين
26,211,22,1856,وما ينبغي لهم وما يستطيعون
26,212,18,655,إنهم عن السمع لمعزولون
26,213,32,3146,فلا تدع مع الله إلها آخر فتكون من المعذبين
26,214,17,2349,وأنذر عشيرتك الأقربين
26,215,27,2493,واخفض جناحك لمن اتبعك من المؤمنين
26,216,23,1475,فإن عصوك فقل إني بريء مما تعملون
26,217,19,976,وتوكل على العزيز الرحيم
26,218,15,1586,الذي يراك حين تقوم
26,219,16,807,وتقلبك في الساجدين
26,220,16,458,إنه هو السميع العليم
26,221,22,1235,هل أنبئكم على من تنزل الشياطين
26,222,14,1288,تنزل على كل أفاك أثيم
26,223,22,1947,يلقون السمع وأكثرهم كاذبون
26,224,20,2229,والشعراء يتبعهم الغاوون
26,225,20,1037,ألم تر أنهم في كل واد يهيمون
26,226,20,621,وأنهم يقولون ما لا يفعلون
26,227,89,7765,إلا الذين آمنوا وعملوا الصالحات وذكروا الله كثيرا وانتصروا من بعد ما ظلموا ۗ وسيعلم الذين ظلموا أي منقلب ينقلبون
27,1,22,1842,طس ۚ تلك آيات القرآن وكتاب مبين
27,2,13,767,هدى وبشرى للمؤمنين
27,3,42,2841,الذين يقيمون الصلاة ويؤتون الزكاة وهم بالآخرة هم يوقنون
27,4,40,2496,إن الذين لا يؤمنون بالآخرة زينا لهم أعمالهم فهم يعمهون
27,5,37,3756,أولئك الذين لهم سوء العذاب وهم في الآخرة هم الأخسرون
27,6,25,1419,وإنك لتلقى القرآن من لدن حكيم عليم
27,7,57,4982,إذ قال موسى لأهله إني آنست نارا سآتيكم منها بخبر أو آتيكم بشهاب قبس لعلكم تصطلون
27,8,54,1744,فلما جاءها نودي أن بورك من في النار ومن حولها وسبحان الله رب العالمين
27,9,25,523,يا موسى إنه أنا الله العزيز الحكيم
27,10,68,4628,وألق عصاك ۚ فلما رآها تهتز كأنها جان ولى مدبرا ولم يعقب ۚ يا موسى لا تخف إني لا يخاف لدي المرسلون
27,11,32,3612,إلا من ظلم ثم بدل حسنا بعد سوء فإني غفور رحيم
27,12,65,6426,وأدخل يدك في جيبك تخرج بيضاء من غير سوء ۖ في تسع آيات إلى فرعون وقومه ۚ إنهم كانوا قوما فاسقين
27,13,33,2608,فلما جاءتهم آياتنا مبصرة قالوا هذا سحر مبين
27,14,56,4248,وجحدوا بها واستيقنتها أنفسهم ظلما وعلوا ۚ فانظر كيف كان عاقبة المفسدين
27,15,66,4171,ولقد آتينا داوود وسليمان علما ۖ وقالا الحمد لله الذي فضلنا على كثير من عباده المؤمنين
27,16,73,4664,وورث سليمان داوود ۖ وقال يا أيها الناس علمنا منطق الطير وأوتينا من كل شيء ۖ إن هذا لهو الفضل المبين
27,17,42,1654,وحشر لسليمان جنوده من الجن والإنس والطير فهم يوزعون
27,18,79,4671,حتى إذا أتوا على واد النمل قالت نملة يا أيها النمل ادخلوا مساكنكم لا يحطمنكم سليمان وجنوده وهم لا يشعرون
27,19,98,8053,فتبسم ضاحكا من قولها وقال رب أوزعني أن أشكر نعمتك التي أنعمت علي وعلى والدي وأن أعمل صالحا ترضاه وأدخلني برحمتك في عبادك الصالحين
27,20,40,2707,وتفقد الطير فقال ما لي لا أرى الهدهد أم كان من الغائبين
27,21,40,3521,لأعذبنه عذابا شديدا أو لأذبحنه أو ليأتيني بسلطان مبين
27,22,43,3906,فمكث غير بعيد فقال أحطت بما لم تحط به وجئتك من سبإ بنبإ يقين
27,23,37,4153,إني وجدت امرأة تملكهم وأوتيت من كل شيء ولها عرش عظيم
27,24,76,3224,وجدتها وقومها يسجدون للشمس من دون الله وزين لهم الشيطان أعمالهم فصدهم عن السبيل فهم لا يهتدون
27,25,59,6019,ألا يسجدوا لله الذي يخرج الخبء في السماوات والأرض ويعلم ما تخفون وما تعلنون
27,26,25,2028,الله لا إله إلا هو رب العرش العظيم ۩
27,27,26,3399,۞ قال سننظر أصدقت أم كنت من الكاذبين
27,28,45,5602,اذهب بكتابي هذا فألقه إليهم ثم تول عنهم فانظر ماذا يرجعون
27,29,28,1592,قالت يا أيها الملأ إني ألقي إلي كتاب كريم
27,30,32,1183,إنه من سليمان وإنه بسم الله الرحمن الرحيم
27,31,21,1350,ألا تعلوا علي وأتوني مسلمين
27,32,43,3650,قالت يا أيها الملأ أفتوني في أمري ما كنت قاطعة أمرا حتى تشهدون
27,33,46,3842,قالوا نحن أولو قوة وأولو بأس شديد والأمر إليك فانظري ماذا تأمرين
27,34,52,4502,قالت إن الملوك إذا دخلوا قرية أفسدوها وجعلوا أعزة أهلها أذلة ۖ وكذلك يفعلون
27,35,34,2475,وإني مرسلة إليهم بهدية فناظرة بم يرجع المرسلون
27,36,64,4847,فلما جاء سليمان قال أتمدونن بمال فما آتاني الله خير مما آتاكم بل أنتم بهديتكم تفرحون
27,37,56,4543,ارجع إليهم فلنأتينهم بجنود لا قبل لهم بها ولنخرجنهم منها أذلة وهم صاغرون
27,38,41,2275,قال يا أيها الملأ أيكم يأتيني بعرشها قبل أن يأتوني مسلمين
27,39,50,2999,قال عفريت من الجن أنا آتيك به قبل أن تقوم من مقامك ۖ وإني عليه لقوي أمين
27,40,125,11281,قال الذي عنده علم من الكتاب أنا آتيك به قبل أن يرتد إليك طرفك ۚ فلما رآه مستقرا عنده قال هذا من فضل ربي ليبلوني أأشكر أم أكفر ۖ ومن شكر فإنما يشكر لنفسه ۖ ومن كفر فإن ربي غني كريم
27,41,45,4942,قال نكروا لها عرشها ننظر أتهتدي أم تكون من الذين لا يهتدون
27,42,55,3807,فلما جاءت قيل أهكذا عرشك ۖ قالت كأنه هو ۚ وأوتينا العلم من قبلها وكنا مسلمين
27,43,42,2434,وصدها ما كانت تعبد من دون الله ۖ إنها كانت من قوم كافرين
27,44,105,8591,قيل لها ادخلي الصرح ۖ فلما رأته حسبته لجة وكشفت عن ساقيها ۚ قال إنه صرح ممرد من قوارير ۗ قالت رب إني ظلمت نفسي وأسلمت مع سليمان لله رب العالمين
27,45,52,4500,ولقد أرسلنا إلى ثمود أخاهم صالحا أن اعبدوا الله فإذا هم فريقان يختصمون
27,46,58,4984,قال يا قوم لم تستعجلون بالسيئة قبل الحسنة ۖ لولا تستغفرون الله لعلكم ترحمون
27,47,49,2904,قالوا اطيرنا بك وبمن معك ۚ قال طائركم عند الله ۖ بل أنتم قوم تفتنون
27,48,39,2608,وكان في المدينة تسعة رهط يفسدون في الأرض ولا يصلحون
27,49,65,3168,قالوا تقاسموا بالله لنبيتنه وأهله ثم لنقولن لوليه ما شهدنا مهلك أهله وإنا لصادقون
27,50,31,1830,ومكروا مكرا ومكرنا مكرا وهم لا يشعرون
27,51,40,2651,فانظر كيف كان عاقبة مكرهم أنا دمرناهم وقومهم أجمعين
27,52,40,3942,فتلك بيوتهم خاوية بما ظلموا ۗ إن في ذلك لآية لقوم يعلمون
27,53,26,1658,وأنجينا الذين آمنوا وكانوا يتقون
27,54,34,3584,ولوطا إذ قال لقومه أتأتون الفاحشة وأنتم تبصرون
27,55,41,3026,أئنكم لتأتون الرجال شهوة من دون النساء ۚ بل أنتم قوم تجهلون
27,56,52,3205,۞ فما كان جواب قومه إلا أن قالوا أخرجوا آل لوط من قريتكم ۖ إنهم أناس يتطهرون
27,57,35,2667,فأنجيناه وأهله إلا امرأته قدرناها من الغابرين
27,58,29,2182,وأمطرنا عليهم مطرا ۖ فساء مطر المنذرين
27,59,45,3070,قل الحمد لله وسلام على عباده الذين اصطفى ۗ آلله خير أما يشركون
27,60,93,6880,أمن خلق السماوات والأرض وأنزل لكم من السماء ماء فأنبتنا به حدائق ذات بهجة ما كان لكم أن تنبتوا شجرها ۗ أإله مع الله ۚ بل هم قوم يعدلون
27,61,83,4918,أمن جعل الأرض قرارا وجعل خلالها أنهارا وجعل لها رواسي وجعل بين البحرين حاجزا ۗ أإله مع الله ۚ بل أكثرهم لا يعلمون
27,62,63,6209,أمن يجيب المضطر إذا دعاه ويكشف السوء ويجعلكم خلفاء الأرض ۗ أإله مع الله ۚ قليلا ما تذكرون
27,63,78,5483,أمن يهديكم في ظلمات البر والبحر ومن يرسل الرياح بشرا بين يدي رحمته ۗ أإله مع الله ۚ تعالى الله عما يشركون
27,64,71,5125,أمن يبدأ الخلق ثم يعيده ومن يرزقكم من السماء والأرض ۗ أإله مع الله ۚ قل هاتوا برهانكم إن كنتم صادقين
27,65,54,4589,قل لا يعلم من في السماوات والأرض الغيب إلا الله ۚ وما يشعرون أيان يبعثون
27,66,42,2286,بل ادارك علمهم في الآخرة ۚ بل هم في شك منها ۖ بل هم منها عمون
27,67,38,3651,وقال الذين كفروا أإذا كنا ترابا وآباؤنا أئنا لمخرجون
27,68,41,2555,لقد وعدنا هذا نحن وآباؤنا من قبل إن هذا إلا أساطير الأولين
27,69,38,3494,قل سيروا في الأرض فانظروا كيف كان عاقبة المجرمين
27,70,32,2571,ولا تحزن عليهم ولا تكن في ضيق مما يمكرون
27,71,28,2280,ويقولون متى هذا الوعد إن كنتم صادقين
27,72,30,3402,قل عسى أن يكون ردف لكم بعض الذي تستعجلون
27,73,35,3654,وإن ربك لذو فضل على الناس ولكن أكثرهم لا يشكرون
27,74,30,1577,وإن ربك ليعلم ما تكن صدورهم وما يعلنون
27,75,32,3045,وما من غائبة في السماء والأرض إلا في كتاب مبين
27,76,41,4577,إن هذا القرآن يقص على بني إسرائيل أكثر الذي هم فيه يختلفون
27,77,17,604,وإنه لهدى ورحمة للمؤمنين
27,78,33,1697,إن ربك يقضي بينهم بحكمه ۚ وهو العزيز العليم
27,79,25,1144,فتوكل على الله ۖ إنك على الحق المبين
27,80,41,3072,إنك لا تسمع الموتى ولا تسمع الصم الدعاء إذا ولوا مدبرين
27,81,51,3752,وما أنت بهادي العمي عن ضلالتهم ۖ إن تسمع إلا من يؤمن بآياتنا فهم مسلمون
27,82,64,4784,۞ وإذا وقع القول عليهم أخرجنا لهم دابة من الأرض تكلمهم أن الناس كانوا بآياتنا لا يوقنون
27,83,39,2490,ويوم نحشر من كل أمة فوجا ممن يكذب بآياتنا فهم يوزعون
27,84,51,5343,حتى إذا جاءوا قال أكذبتم بآياتي ولم تحيطوا بها علما أماذا كنتم تعملون
27,85,33,1905,ووقع القول عليهم بما ظلموا فهم لا ينطقون
27,86,59,3154,ألم يروا أنا جعلنا الليل ليسكنوا فيه والنهار مبصرا ۚ إن في ذلك لآيات لقوم يؤمنون
27,87,62,5212,ويوم ينفخ في الصور ففزع من في السماوات ومن في الأرض إلا من شاء الله ۚ وكل أتوه داخرين
27,88,66,5673,وترى الجبال تحسبها جامدة وهي تمر مر السحاب ۚ صنع الله الذي أتقن كل شيء ۚ إنه خبير بما تفعلون
27,89,36,2466,من جاء بالحسنة فله خير منها وهم من فزع يومئذ آمنون
27,90,48,2821,ومن جاء بالسيئة فكبت وجوههم في النار هل تجزون إلا ما كنتم تعملون
27,91,54,4355,إنما أمرت أن أعبد رب هذه البلدة الذي حرمها وله كل شيء ۖ وأمرت أن أكون من المسلمين
27,92,54,4727,وأن أتلو القرآن ۖ فمن اهتدى فإنما يهتدي لنفسه ۖ ومن ضل فقل إنما أنا من المنذرين
27,93,50,4021,وقل الحمد لله سيريكم آياته فتعرفونها ۚ وما ربك بغافل عما تعملون
28,1,3,109,طسم
28,2,18,1448,تلك آيات الكتاب المبين
28,3,35,1749,نتلو عليك من نبإ موسى وفرعون بالحق لقوم يؤمنون
28,4,76,5823,إن فرعون علا في الأرض وجعل أهلها شيعا يستضعف طائفة منهم يذبح أبناءهم ويستحيي نساءهم ۚ إنه كان من المفسدين
28,5,53,5136,ونريد أن نمن على الذين استضعفوا في الأرض ونجعلهم أئمة ونجعلهم الوارثين
28,6,54,3480,ونمكن لهم في الأرض ونري فرعون وهامان وجنودهما منهم ما كانوا يحذرون
28,7,81,6363,وأوحينا إلى أم موسى أن أرضعيه ۖ فإذا خفت عليه فألقيه في اليم ولا تخافي ولا تحزني ۖ إنا رادوه إليك وجاعلوه من المرسلين
28,8,60,2827,فالتقطه آل فرعون ليكون لهم عدوا وحزنا ۗ إن فرعون وهامان وجنودهما كانوا خاطئين
28,9,63,6443,وقالت امرأت فرعون قرت عين لي ولك ۖ لا تقتلوه عسى أن ينفعنا أو نتخذه ولدا وهم لا يشعرون
28,10,59,3981,وأصبح فؤاد أم موسى فارغا ۖ إن كادت لتبدي به لولا أن ربطنا على قلبها لتكون من المؤمنين
28,11,36,3449,وقالت لأخته قصيه ۖ فبصرت به عن جنب وهم لا يشعرون
28,12,61,3653,۞ وحرمنا عليه المراضع من قبل فقالت هل أدلكم على أهل بيت يكفلونه لكم وهم له ناصحون
28,13,60,3775,فرددناه إلى أمه كي تقر عينها ولا تحزن ولتعلم أن وعد الله حق ولكن أكثرهم لا يعلمون
28,14,46,3668,ولما بلغ أشده واستوى آتيناه حكما وعلما ۚ وكذلك نجزي المحسنين
28,15,140,14698,ودخل المدينة على حين غفلة من أهلها فوجد فيها رجلين يقتتلان هذا من شيعته وهذا من عدوه ۖ فاستغاثه الذي من شيعته على الذي من عدوه فوكزه موسى فقضى عليه ۖ قال هذا من عمل الشيطان ۖ إنه عدو مضل مبين
28,16,44,6431,قال رب إني ظلمت نفسي فاغفر لي فغفر له ۚ إنه هو الغفور الرحيم
28,17,34,2801,قال رب بما أنعمت علي فلن أكون ظهيرا للمجرمين
28,18,65,7115,فأصبح في المدينة خائفا يترقب فإذا الذي استنصره بالأمس يستصرخه ۚ قال له موسى إنك لغوي مبين
28,19,107,8989,فلما أن أراد أن يبطش بالذي هو عدو لهما قال يا موسى أتريد أن تقتلني كما قتلت نفسا بالأمس ۖ إن تريد إلا أن تكون جبارا في الأرض وما تريد أن تكون من المصلحين
28,20,66,3845,وجاء رجل من أقصى المدينة يسعى قال يا موسى إن الملأ يأتمرون بك ليقتلوك فاخرج إني لك من الناصحين
28,21,41,4148,فخرج منها خائفا يترقب ۖ قال رب نجني من القوم الظالمين
28,22,40,1938,ولما توجه تلقاء مدين قال عسى ربي أن يهديني سواء السبيل
28,23,101,6982,ولما ورد ماء مدين وجد عليه أمة من الناس يسقون ووجد من دونهم امرأتين تذودان ۖ قال ما خطبكما ۖ قالتا لا نسقي حتى يصدر الرعاء ۖ وأبونا شيخ كبير
28,24,43,4644,فسقى لهما ثم تولى إلى الظل فقال رب إني لما أنزلت إلي من خير فقير
28,25,98,7368,فجاءته إحداهما تمشي على استحياء قالت إن أبي يدعوك ليجزيك أجر ما سقيت لنا ۚ فلما جاءه وقص عليه القصص قال لا تخف ۖ نجوت من القوم الظالمين
28,26,42,3964,قالت إحداهما يا أبت استأجره ۖ إن خير من استأجرت القوي الأمين
28,27,94,6912,قال إني أريد أن أنكحك إحدى ابنتي هاتين على أن تأجرني ثماني حجج ۖ فإن أتممت عشرا فمن عندك ۖ وما أريد أن أشق عليك ۚ ستجدني إن شاء الله من الصالحين
28,28,56,3343,قال ذلك بيني وبينك ۖ أيما الأجلين قضيت فلا عدوان علي ۖ والله على ما نقول وكيل
28,29,98,7247,۞ فلما قضى موسى الأجل وسار بأهله آنس من جانب الطور نارا قال لأهله امكثوا إني آنست نارا لعلي آتيكم منها بخبر أو جذوة من النار لعلكم تصطلون
28,30,72,3190,فلما أتاها نودي من شاطئ الواد الأيمن في البقعة المباركة من الشجرة أن يا موسى إني أنا الله رب العالمين
28,31,64,3914,وأن ألق عصاك ۖ فلما رآها تهتز كأنها جان ولى مدبرا ولم يعقب ۚ يا موسى أقبل ولا تخف ۖ إنك من الآمنين
28,32,93,7619,اسلك يدك في جيبك تخرج بيضاء من غير سوء واضمم إليك جناحك من الرهب ۖ فذانك برهانان من ربك إلى فرعون وملئه ۚ إنهم كانوا قوما فاسقين
28,33,30,3056,قال رب إني قتلت منهم نفسا فأخاف أن يقتلون
28,34,50,3852,وأخي هارون هو أفصح مني لسانا فأرسله معي ردءا يصدقني ۖ إني أخاف أن يكذبون
28,35,71,5575,قال سنشد عضدك بأخيك ونجعل لكما سلطانا فلا يصلون إليكما ۚ بآياتنا أنتما ومن اتبعكما الغالبون
28,36,65,4384,فلما جاءهم موسى بآياتنا بينات قالوا ما هذا إلا سحر مفترى وما سمعنا بهذا في آبائنا الأولين
28,37,63,3240,وقال موسى ربي أعلم بمن جاء بالهدى من عنده ومن تكون له عاقبة الدار ۖ إنه لا يفلح الظالمون
28,38,96,6123,وقال فرعون يا أيها الملأ ما علمت لكم من إله غيري فأوقد لي يا هامان على الطين فاجعل لي صرحا لعلي أطلع إلى إله موسى وإني لأظنه من الكاذبين
28,39,49,4765,واستكبر هو وجنوده في الأرض بغير الحق وظنوا أنهم إلينا لا يرجعون
28,40,49,5256,فأخذناه وجنوده فنبذناهم في اليم ۖ فانظر كيف كان عاقبة الظالمين
28,41,38,1378,وجعلناهم أئمة يدعون إلى النار ۖ ويوم القيامة لا ينصرون
28,42,45,2246,وأتبعناهم في هذه الدنيا لعنة ۖ ويوم القيامة هم من المقبوحين
28,43,67,4222,ولقد آتينا موسى الكتاب من بعد ما أهلكنا القرون الأولى بصائر للناس وهدى ورحمة لعلهم يتذكرون
28,44,47,4894,وما كنت بجانب الغربي إذ قضينا إلى موسى الأمر وما كنت من الشاهدين
28,45,77,5172,ولكنا أنشأنا قرونا فتطاول عليهم العمر ۚ وما كنت ثاويا في أهل مدين تتلو عليهم آياتنا ولكنا كنا مرسلين
28,46,74,7170,وما كنت بجانب الطور إذ نادينا ولكن رحمة من ربك لتنذر قوما ما أتاهم من نذير من قبلك لعلهم يتذكرون
28,47,79,4575,ولولا أن تصيبهم مصيبة بما قدمت أيديهم فيقولوا ربنا لولا أرسلت إلينا رسولا فنتبع آياتك ونكون من المؤمنين
28,48,98,6106,فلما جاءهم الحق من عندنا قالوا لولا أوتي مثل ما أوتي موسى ۚ أولم يكفروا بما أوتي موسى من قبل ۖ قالوا سحران تظاهرا وقالوا إنا بكل كافرون
28,49,44,2770,قل فأتوا بكتاب من عند الله هو أهدى منهما أتبعه إن كنتم صادقين
28,50,85,5987,فإن لم يستجيبوا لك فاعلم أنما يتبعون أهواءهم ۚ ومن أضل ممن اتبع هواه بغير هدى من الله ۚ إن الله لا يهدي القوم الظالمين
28,51,29,2120,۞ ولقد وصلنا لهم القول لعلهم يتذكرون
28,52,32,2186,الذين آتيناهم الكتاب من قبله هم به يؤمنون
28,53,50,2654,وإذا يتلى عليهم قالوا آمنا به إنه الحق من ربنا إنا كنا من قبله مسلمين
28,54,57,3126,أولئك يؤتون أجرهم مرتين بما صبروا ويدرءون بالحسنة السيئة ومما رزقناهم ينفقون
28,55,70,5791,وإذا سمعوا اللغو أعرضوا عنه وقالوا لنا أعمالنا ولكم أعمالكم سلام عليكم لا نبتغي الجاهلين
28,56,46,2323,إنك لا تهدي من أحببت ولكن الله يهدي من يشاء ۚ وهو أعلم بالمهتدين
28,57,88,6969,وقالوا إن نتبع الهدى معك نتخطف من أرضنا ۚ أولم نمكن لهم حرما آمنا يجبى إليه ثمرات كل شيء رزقا من لدنا ولكن أكثرهم لا يعلمون
28,58,70,4751,وكم أهلكنا من قرية بطرت معيشتها ۖ فتلك مساكنهم لم تسكن من بعدهم إلا قليلا ۖ وكنا نحن الوارثين
28,59,75,4911,وما كان ربك مهلك القرى حتى يبعث في أمها رسولا يتلو عليهم آياتنا ۚ وما كنا مهلكي القرى إلا وأهلها ظالمون
28,60,60,4441,وما أوتيتم من شيء فمتاع الحياة الدنيا وزينتها ۚ وما عند الله خير وأبقى ۚ أفلا تعقلون
28,61,72,4094,أفمن وعدناه وعدا حسنا فهو لاقيه كمن متعناه متاع الحياة الدنيا ثم هو يوم القيامة من المحضرين
28,62,38,2873,ويوم يناديهم فيقول أين شركائي الذين كنتم تزعمون
28,63,77,6775,قال الذين حق عليهم القول ربنا هؤلاء الذين أغوينا أغويناهم كما غوينا ۖ تبرأنا إليك ۖ ما كانوا إيانا يعبدون
28,64,61,3432,وقيل ادعوا شركاءكم فدعوهم فلم يستجيبوا لهم ورأوا العذاب ۚ لو أنهم كانوا يهتدون
28,65,32,2016,ويوم يناديهم فيقول ماذا أجبتم المرسلين
28,66,31,2308,فعميت عليهم الأنباء يومئذ فهم لا يتساءلون
28,67,38,1671,فأما من تاب وآمن وعمل صالحا فعسى أن يكون من المفلحين
28,68,55,4956,وربك يخلق ما يشاء ويختار ۗ ما كان لهم الخيرة ۚ سبحان الله وتعالى عما يشركون
28,69,28,1497,وربك يعلم ما تكن صدورهم وما يعلنون
28,70,51,2223,وهو الله لا إله إلا هو ۖ له الحمد في الأولى والآخرة ۖ وله الحكم وإليه ترجعون
28,71,68,5274,قل أرأيتم إن جعل الله عليكم الليل سرمدا إلى يوم القيامة من إله غير الله يأتيكم بضياء ۖ أفلا تسمعون
28,72,78,5522,قل أرأيتم إن جعل الله عليكم النهار سرمدا إلى يوم القيامة من إله غير الله يأتيكم بليل تسكنون فيه ۖ أفلا تبصرون
28,73,62,6020,ومن رحمته جعل لكم الليل والنهار لتسكنوا فيه ولتبتغوا من فضله ولعلكم تشكرون
28,74,38,2873,ويوم يناديهم فيقول أين شركائي الذين كنتم تزعمون
28,75,67,4023,ونزعنا من كل أمة شهيدا فقلنا هاتوا برهانكم فعلموا أن الحق لله وضل عنهم ما كانوا يفترون
28,76,98,6504,۞ إن قارون كان من قوم موسى فبغى عليهم ۖ وآتيناه من الكنوز ما إن مفاتحه لتنوء بالعصبة أولي القوة إذ قال له قومه لا تفرح ۖ إن الله لا يحب الفرحين
28,77,97,7606,وابتغ فيما آتاك الله الدار الآخرة ۖ ولا تنس نصيبك من الدنيا ۖ وأحسن كما أحسن الله إليك ۖ ولا تبغ الفساد في الأرض ۖ إن الله لا يحب المفسدين
28,78,92,5498,قال إنما أوتيته على علم عندي ۚ أولم يعلم أن الله قد أهلك من قبله من القرون من هو أشد منه قوة وأكثر جمعا ۚ ولا يسأل عن ذنوبهم المجرمون
28,79,74,7679,فخرج على قومه في زينته ۖ قال الذين يريدون الحياة الدنيا يا ليت لنا مثل ما أوتي قارون إنه لذو حظ عظيم
28,80,67,4084,وقال الذين أوتوا العلم ويلكم ثواب الله خير لمن آمن وعمل صالحا ولا يلقاها إلا الصابرون
28,81,62,4230,فخسفنا به وبداره الأرض فما كان له من فئة ينصرونه من دون الله وما كان من المنتصرين
28,82,107,5234,وأصبح الذين تمنوا مكانه بالأمس يقولون ويكأن الله يبسط الرزق لمن يشاء من عباده ويقدر ۖ لولا أن من الله علينا لخسف بنا ۖ ويكأنه لا يفلح الكافرون
28,83,63,5088,تلك الدار الآخرة نجعلها للذين لا يريدون علوا في الأرض ولا فسادا ۚ والعاقبة للمتقين
28,84,67,3396,من جاء بالحسنة فله خير منها ۖ ومن جاء بالسيئة فلا يجزى الذين عملوا السيئات إلا ما كانوا يعملون
28,85,59,4560,إن الذي فرض عليك القرآن لرادك إلى معاد ۚ قل ربي أعلم من جاء بالهدى ومن هو في ضلال مبين
28,86,54,4595,وما كنت ترجو أن يلقى إليك الكتاب إلا رحمة من ربك ۖ فلا تكونن ظهيرا للكافرين
28,87,54,3768,ولا يصدنك عن آيات الله بعد إذ أنزلت إليك ۖ وادع إلى ربك ۖ ولا تكونن من المشركين
28,88,56,3011,ولا تدع مع الله إلها آخر ۘ لا إله إلا هو ۚ كل شيء هالك إلا وجهه ۚ له الحكم وإليه ترجعون
29,1,3,71,الم
29,2,36,1871,أحسب الناس أن يتركوا أن يقولوا آمنا وهم لا يفتنون
29,3,56,4147,ولقد فتنا الذين من قبلهم ۖ فليعلمن الله الذين صدقوا وليعلمن الكاذبين
29,4,39,2124,أم حسب الذين يعملون السيئات أن يسبقونا ۚ ساء ما يحكمون
29,5,41,1645,من كان يرجو لقاء الله فإن أجل الله لآت ۚ وهو السميع العليم
29,6,40,2086,ومن جاهد فإنما يجاهد لنفسه ۚ إن الله لغني عن العالمين
29,7,67,4063,والذين آمنوا وعملوا الصالحات لنكفرن عنهم سيئاتهم ولنجزينهم أحسن الذي كانوا يعملون
29,8,85,4312,ووصينا الإنسان بوالديه حسنا ۖ وإن جاهداك لتشرك بي ما ليس لك به علم فلا تطعهما ۚ إلي مرجعكم فأنبئكم بما كنتم تعملون
29,9,42,2727,والذين آمنوا وعملوا الصالحات لندخلنهم في الصالحين
29,10,111,6159,ومن الناس من يقول آمنا بالله فإذا أوذي في الله جعل فتنة الناس كعذاب الله ولئن جاء نصر من ربك ليقولن إنا كنا معكم ۚ أوليس الله بأعلم بما في صدور العالمين
29,11,36,1788,وليعلمن الله الذين آمنوا وليعلمن المنافقين
29,12,83,5923,وقال الذين كفروا للذين آمنوا اتبعوا سبيلنا ولنحمل خطاياكم وما هم بحاملين من خطاياهم من شيء ۖ إنهم لكاذبون
29,13,56,3633,وليحملن أثقالهم وأثقالا مع أثقالهم ۖ وليسألن يوم القيامة عما كانوا يفترون
29,14,62,5277,ولقد أرسلنا نوحا إلى قومه فلبث فيهم ألف سنة إلا خمسين عاما فأخذهم الطوفان وهم ظالمون
29,15,35,974,فأنجيناه وأصحاب السفينة وجعلناها آية للعالمين
29,16,53,4790,وإبراهيم إذ قال لقومه اعبدوا الله واتقوه ۖ ذلكم خير لكم إن كنتم تعلمون
29,17,113,8319,إنما تعبدون من دون الله أوثانا وتخلقون إفكا ۚ إن الذين تعبدون من دون الله لا يملكون لكم رزقا فابتغوا عند الله الرزق واعبدوه واشكروا له ۖ إليه ترجعون
29,18,48,4155,وإن تكذبوا فقد كذب أمم من قبلكم ۖ وما على الرسول إلا البلاغ المبين
29,19,43,3131,أولم يروا كيف يبدئ الله الخلق ثم يعيده ۚ إن ذلك على الله يسير
29,20,62,6711,قل سيروا في الأرض فانظروا كيف بدأ الخلق ۚ ثم الله ينشئ النشأة الآخرة ۚ إن الله على كل شيء قدير
29,21,29,2487,يعذب من يشاء ويرحم من يشاء ۖ وإليه تقلبون
29,22,56,2975,وما أنتم بمعجزين في الأرض ولا في السماء ۖ وما لكم من دون الله من ولي ولا نصير
29,23,52,3596,والذين كفروا بآيات الله ولقائه أولئك يئسوا من رحمتي وأولئك لهم عذاب أليم
29,24,69,3681,فما كان جواب قومه إلا أن قالوا اقتلوه أو حرقوه فأنجاه الله من النار ۚ إن في ذلك لآيات لقوم يؤمنون
29,25,111,9439,وقال إنما اتخذتم من دون الله أوثانا مودة بينكم في الحياة الدنيا ۖ ثم يوم القيامة يكفر بعضكم ببعض ويلعن بعضكم بعضا ومأواكم النار وما لكم من ناصرين
29,26,39,1238,۞ فآمن له لوط ۘ وقال إني مهاجر إلى ربي ۖ إنه هو العزيز الحكيم
29,27,80,4770,ووهبنا له إسحاق ويعقوب وجعلنا في ذريته النبوة والكتاب وآتيناه أجره في الدنيا ۖ وإنه في الآخرة لمن الصالحين
29,28,52,3175,ولوطا إذ قال لقومه إنكم لتأتون الفاحشة ما سبقكم بها من أحد من العالمين
29,29,95,6216,أئنكم لتأتون الرجال وتقطعون السبيل وتأتون في ناديكم المنكر ۖ فما كان جواب قومه إلا أن قالوا ائتنا بعذاب الله إن كنت من الصادقين
29,30,26,1286,قال رب انصرني على القوم المفسدين
29,31,62,4191,ولما جاءت رسلنا إبراهيم بالبشرى قالوا إنا مهلكو أهل هذه القرية ۖ إن أهلها كانوا ظالمين
29,32,62,3673,قال إن فيها لوطا ۚ قالوا نحن أعلم بمن فيها ۖ لننجينه وأهله إلا امرأته كانت من الغابرين
29,33,83,7495,ولما أن جاءت رسلنا لوطا سيء بهم وضاق بهم ذرعا وقالوا لا تخف ولا تحزن ۖ إنا منجوك وأهلك إلا امرأتك كانت من الغابرين
29,34,45,2280,إنا منزلون على أهل هذه القرية رجزا من السماء بما كانوا يفسقون
29,35,27,1421,ولقد تركنا منها آية بينة لقوم يعقلون
29,36,69,5201,وإلى مدين أخاهم شعيبا فقال يا قوم اعبدوا الله وارجوا اليوم الآخر ولا تعثوا في الأرض مفسدين
29,37,36,4083,فكذبوه فأخذتهم الرجفة فأصبحوا في دارهم جاثمين
29,38,76,3749,وعادا وثمود وقد تبين لكم من مساكنهم ۖ وزين لهم الشيطان أعمالهم فصدهم عن السبيل وكانوا مستبصرين
29,39,66,3908,وقارون وفرعون وهامان ۖ ولقد جاءهم موسى بالبينات فاستكبروا في الأرض وما كانوا سابقين
29,40,117,11515,فكلا أخذنا بذنبه ۖ فمنهم من أرسلنا عليه حاصبا ومنهم من أخذته الصيحة ومنهم من خسفنا به الأرض ومنهم من أغرقنا ۚ وما كان الله ليظلمهم ولكن كانوا أنفسهم يظلمون
29,41,84,8922,مثل الذين اتخذوا من دون الله أولياء كمثل العنكبوت اتخذت بيتا ۖ وإن أوهن البيوت لبيت العنكبوت ۖ لو كانوا يعلمون
29,42,41,1253,إن الله يعلم ما يدعون من دونه من شيء ۚ وهو العزيز الحكيم
29,43,40,2809,وتلك الأمثال نضربها للناس ۖ وما يعقلها إلا العالمون
29,44,40,3693,خلق الله السماوات والأرض بالحق ۚ إن في ذلك لآية للمؤمنين
29,45,80,5115,اتل ما أوحي إليك من الكتاب وأقم الصلاة ۖ إن الصلاة تنهى عن الفحشاء والمنكر ۗ ولذكر الله أكبر ۗ والله يعلم ما تصنعون
29,46,101,5453,۞ ولا تجادلوا أهل الكتاب إلا بالتي هي أحسن إلا الذين ظلموا منهم ۖ وقولوا آمنا بالذي أنزل إلينا وأنزل إليكم وإلهنا وإلهكم واحد ونحن له مسلمون
29,47,80,4706,وكذلك أنزلنا إليك الكتاب ۚ فالذين آتيناهم الكتاب يؤمنون به ۖ ومن هؤلاء من يؤمن به ۚ وما يجحد بآياتنا إلا الكافرون
29,48,51,4779,وما كنت تتلو من قبله من كتاب ولا تخطه بيمينك ۖ إذا لارتاب المبطلون
29,49,55,4307,بل هو آيات بينات في صدور الذين أوتوا العلم ۚ وما يجحد بآياتنا إلا الظالمون
29,50,56,3184,وقالوا لولا أنزل عليه آيات من ربه ۖ قل إنما الآيات عند الله وإنما أنا نذير مبين
29,51,56,4025,أولم يكفهم أنا أنزلنا عليك الكتاب يتلى عليهم ۚ إن في ذلك لرحمة وذكرى لقوم يؤمنون
29,52,86,5074,قل كفى بالله بيني وبينكم شهيدا ۖ يعلم ما في السماوات والأرض ۗ والذين آمنوا بالباطل وكفروا بالله أولئك هم الخاسرون
29,53,60,5261,ويستعجلونك بالعذاب ۚ ولولا أجل مسمى لجاءهم العذاب وليأتينهم بغتة وهم لا يشعرون
29,54,36,2100,يستعجلونك بالعذاب وإن جهنم لمحيطة بالكافرين
29,55,55,5831,يوم يغشاهم العذاب من فوقهم ومن تحت أرجلهم ويقول ذوقوا ما كنتم تعملون
29,56,35,2497,يا عبادي الذين آمنوا إن أرضي واسعة فإياي فاعبدون
29,57,25,2878,كل نفس ذائقة الموت ۖ ثم إلينا ترجعون
29,58,81,6436,والذين آمنوا وعملوا الصالحات لنبوئنهم من الجنة غرفا تجري من تحتها الأنهار خالدين فيها ۚ نعم أجر العاملين
29,59,24,1965,الذين صبروا وعلى ربهم يتوكلون
29,60,50,1880,وكأين من دابة لا تحمل رزقها الله يرزقها وإياكم ۚ وهو السميع العليم
29,61,58,5279,ولئن سألتهم من خلق السماوات والأرض وسخر الشمس والقمر ليقولن الله ۖ فأنى يؤفكون
29,62,47,2071,الله يبسط الرزق لمن يشاء من عباده ويقدر له ۚ إن الله بكل شيء عليم
29,63,77,4480,ولئن سألتهم من نزل من السماء ماء فأحيا به الأرض من بعد موتها ليقولن الله ۚ قل الحمد لله ۚ بل أكثرهم لا يعقلون
29,64,60,2677,وما هذه الحياة الدنيا إلا لهو ولعب ۚ وإن الدار الآخرة لهي الحيوان ۚ لو كانوا يعلمون
29,65,60,4203,فإذا ركبوا في الفلك دعوا الله مخلصين له الدين فلما نجاهم إلى البر إذا هم يشركون
29,66,35,2291,ليكفروا بما آتيناهم وليتمتعوا ۖ فسوف يعلمون
29,67,67,3175,أولم يروا أنا جعلنا حرما آمنا ويتخطف الناس من حولهم ۚ أفبالباطل يؤمنون وبنعمة الله يكفرون
29,68,58,4970,ومن أظلم ممن افترى على الله كذبا أو كذب بالحق لما جاءه ۚ أليس في جهنم مثوى للكافرين
29,69,46,1806,والذين جاهدوا فينا لنهدينهم سبلنا ۚ وإن الله لمع المحسنين
30,1,3,71,الم
30,2,9,1709,غلبت الروم
30,3,28,3627,في أدنى الأرض وهم من بعد غلبهم سيغلبون
30,4,43,3139,في بضع سنين ۗ لله الأمر من قبل ومن بعد ۚ ويومئذ يفرح المؤمنون
30,5,32,1590,بنصر الله ۚ ينصر من يشاء ۖ وهو العزيز الرحيم
30,6,41,2253,وعد الله ۖ لا يخلف الله وعده ولكن أكثر الناس لا يعلمون
30,7,41,3763,يعلمون ظاهرا من الحياة الدنيا وهم عن الآخرة هم غافلون
30,8,90,5823,أولم يتفكروا في أنفسهم ۗ ما خلق الله السماوات والأرض وما بينهما إلا بالحق وأجل مسمى ۗ وإن كثيرا من الناس بلقاء ربهم لكافرون
30,9,142,12016,أولم يسيروا في الأرض فينظروا كيف كان عاقبة الذين من قبلهم ۚ كانوا أشد منهم قوة وأثاروا الأرض وعمروها أكثر مما عمروها وجاءتهم رسلهم بالبينات ۖ فما كان الله ليظلمهم ولكن كانوا أنفسهم يظلمون
30,10,52,3628,ثم كان عاقبة الذين أساءوا السوأى أن كذبوا بآيات الله وكانوا بها يستهزئون
30,11,30,2796,الله يبدأ الخلق ثم يعيده ثم إليه ترجعون
30,12,25,1242,ويوم تقوم الساعة يبلس المجرمون
30,13,40,2351,ولم يكن لهم من شركائهم شفعاء وكانوا بشركائهم كافرين
30,14,24,2372,ويوم تقوم الساعة يومئذ يتفرقون
30,15,40,3220,فأما الذين آمنوا وعملوا الصالحات فهم في روضة يحبرون
30,16,51,5446,وأما الذين كفروا وكذبوا بآياتنا ولقاء الآخرة فأولئك في العذاب محضرون
30,17,28,1521,فسبحان الله حين تمسون وحين تصبحون
30,18,38,3812,وله الحمد في السماوات والأرض وعشيا وحين تظهرون
30,19,59,6510,يخرج الحي من الميت ويخرج الميت من الحي ويحيي الأرض بعد موتها ۚ وكذلك تخرجون
30,20,36,5684,ومن آياته أن خلقكم من تراب ثم إذا أنتم بشر تنتشرون
30,21,74,5161,ومن آياته أن خلق لكم من أنفسكم أزواجا لتسكنوا إليها وجعل بينكم مودة ورحمة ۚ إن في ذلك لآيات لقوم يتفكرون
30,22,61,6281,ومن آياته خلق السماوات والأرض واختلاف ألسنتكم وألوانكم ۚ إن في ذلك لآيات للعالمين
30,23,60,5317,ومن آياته منامكم بالليل والنهار وابتغاؤكم من فضله ۚ إن في ذلك لآيات لقوم يسمعون
30,24,79,5761,ومن آياته يريكم البرق خوفا وطمعا وينزل من السماء ماء فيحيي به الأرض بعد موتها ۚ إن في ذلك لآيات لقوم يعقلون
30,25,55,7551,ومن آياته أن تقوم السماء والأرض بأمره ۚ ثم إذا دعاكم دعوة من الأرض إذا أنتم تخرجون
30,26,30,2489,وله من في السماوات والأرض ۖ كل له قانتون
30,27,74,5057,وهو الذي يبدأ الخلق ثم يعيده وهو أهون عليه ۚ وله المثل الأعلى في السماوات والأرض ۚ وهو العزيز الحكيم
30,28,106,9308,ضرب لكم مثلا من أنفسكم ۖ هل لكم من ما ملكت أيمانكم من شركاء في ما رزقناكم فأنتم فيه سواء تخافونهم كخيفتكم أنفسكم ۚ كذلك نفصل الآيات لقوم يعقلون
30,29,57,5480,بل اتبع الذين ظلموا أهواءهم بغير علم ۖ فمن يهدي من أضل الله ۖ وما لهم من ناصرين
30,30,90,5804,فأقم وجهك للدين حنيفا ۚ فطرت الله التي فطر الناس عليها ۚ لا تبديل لخلق الله ۚ ذلك الدين القيم ولكن أكثر الناس لا يعلمون
30,31,45,2301,۞ منيبين إليه واتقوه وأقيموا الصلاة ولا تكونوا من المشركين
30,32,45,2385,من الذين فرقوا دينهم وكانوا شيعا ۖ كل حزب بما لديهم فرحون
30,33,65,6975,وإذا مس الناس ضر دعوا ربهم منيبين إليه ثم إذا أذاقهم منه رحمة إذا فريق منهم بربهم يشركون
30,34,33,2715,ليكفروا بما آتيناهم ۚ فتمتعوا فسوف تعلمون
30,35,41,1789,أم أنزلنا عليهم سلطانا فهو يتكلم بما كانوا به يشركون
30,36,54,4541,وإذا أذقنا الناس رحمة فرحوا بها ۖ وإن تصبهم سيئة بما قدمت أيديهم إذا هم يقنطون
30,37,51,3242,أولم يروا أن الله يبسط الرزق لمن يشاء ويقدر ۚ إن في ذلك لآيات لقوم يؤمنون
30,38,68,5128,فآت ذا القربى حقه والمسكين وابن السبيل ۚ ذلك خير للذين يريدون وجه الله ۖ وأولئك هم المفلحون
30,39,81,5289,وما آتيتم من ربا ليربو في أموال الناس فلا يربو عند الله ۖ وما آتيتم من زكاة تريدون وجه الله فأولئك هم المضعفون
30,40,82,7798,الله الذي خلقكم ثم رزقكم ثم يميتكم ثم يحييكم ۖ هل من شركائكم من يفعل من ذلكم من شيء ۚ سبحانه وتعالى عما يشركون
30,41,66,5711,ظهر الفساد في البر والبحر بما كسبت أيدي الناس ليذيقهم بعض الذي عملوا لعلهم يرجعون
30,42,54,5589,قل سيروا في الأرض فانظروا كيف كان عاقبة الذين من قبل ۚ كان أكثرهم مشركين
30,43,52,2759,فأقم وجهك للدين القيم من قبل أن يأتي يوم لا مرد له من الله ۖ يومئذ يصدعون
30,44,38,1716,من كفر فعليه كفره ۖ ومن عمل صالحا فلأنفسهم يمهدون
30,45,49,3165,ليجزي الذين آمنوا وعملوا الصالحات من فضله ۚ إنه لا يحب الكافرين
30,46,80,8793,ومن آياته أن يرسل الرياح مبشرات وليذيقكم من رحمته ولتجري الفلك بأمره ولتبتغوا من فضله ولعلكم تشكرون
30,47,81,4627,ولقد أرسلنا من قبلك رسلا إلى قومهم فجاءوهم بالبينات فانتقمنا من الذين أجرموا ۖ وكان حقا علينا نصر المؤمنين
30,48,108,9331,الله الذي يرسل الرياح فتثير سحابا فيبسطه في السماء كيف يشاء ويجعله كسفا فترى الودق يخرج من خلاله ۖ فإذا أصاب به من يشاء من عباده إذا هم يستبشرون
30,49,35,1107,وإن كانوا من قبل أن ينزل عليهم من قبله لمبلسين
30,50,63,6549,فانظر إلى آثار رحمت الله كيف يحيي الأرض بعد موتها ۚ إن ذلك لمحيي الموتى ۖ وهو على كل شيء قدير
30,51,38,2852,ولئن أرسلنا ريحا فرأوه مصفرا لظلوا من بعده يكفرون
30,52,42,3152,فإنك لا تسمع الموتى ولا تسمع الصم الدعاء إذا ولوا مدبرين
30,53,50,3742,وما أنت بهاد العمي عن ضلالتهم ۖ إن تسمع إلا من يؤمن بآياتنا فهم مسلمون
30,54,77,8321,۞ الله الذي خلقكم من ضعف ثم جعل من بعد ضعف قوة ثم جعل من بعد قوة ضعفا وشيبة ۚ يخلق ما يشاء ۖ وهو العليم القدير
30,55,52,4285,ويوم تقوم الساعة يقسم المجرمون ما لبثوا غير ساعة ۚ كذلك كانوا يؤفكون
30,56,82,6772,وقال الذين أوتوا العلم والإيمان لقد لبثتم في كتاب الله إلى يوم البعث ۖ فهذا يوم البعث ولكنكم كنتم لا تعلمون
30,57,41,5380,فيومئذ لا ينفع الذين ظلموا معذرتهم ولا هم يستعتبون
30,58,68,5829,ولقد ضربنا للناس في هذا القرآن من كل مثل ۚ ولئن جئتهم بآية ليقولن الذين كفروا إن أنتم إلا مبطلون
30,59,31,2193,كذلك يطبع الله على قلوب الذين لا يعلمون
30,60,38,2978,فاصبر إن وعد الله حق ۖ ولا يستخفنك الذين لا يوقنون
31,1,3,71,الم
31,2,18,1424,تلك آيات الكتاب الحكيم
31,3,14,541,هدى ورحمة للمحسنين
31,4,42,2841,الذين يقيمون الصلاة ويؤتون الزكاة وهم بالآخرة هم يوقنون
31,5,27,854,أولئك على هدى من ربهم ۖ وأولئك هم المفلحون
31,6,70,7102,ومن الناس من يشتري لهو الحديث ليضل عن سبيل الله بغير علم ويتخذها هزوا ۚ أولئك لهم عذاب مهين
31,7,59,5873,وإذا تتلى عليه آياتنا ولى مستكبرا كأن لم يسمعها كأن في أذنيه وقرا ۖ فبشره بعذاب أليم
31,8,37,2382,إن الذين آمنوا وعملوا الصالحات لهم جنات النعيم
31,9,35,1297,خالدين فيها ۖ وعد الله حقا ۚ وهو العزيز الحكيم
31,10,96,7620,خلق السماوات بغير عمد ترونها ۖ وألقى في الأرض رواسي أن تميد بكم وبث فيها من كل دابة ۚ وأنزلنا من السماء ماء فأنبتنا فيها من كل زوج كريم
31,11,53,6409,هذا خلق الله فأروني ماذا خلق الذين من دونه ۚ بل الظالمون في ضلال مبين
31,12,65,4823,ولقد آتينا لقمان الحكمة أن اشكر لله ۚ ومن يشكر فإنما يشكر لنفسه ۖ ومن كفر فإن الله غني حميد
31,13,52,5861,وإذ قال لقمان لابنه وهو يعظه يا بني لا تشرك بالله ۖ إن الشرك لظلم عظيم
31,14,71,2766,ووصينا الإنسان بوالديه حملته أمه وهنا على وهن وفصاله في عامين أن اشكر لي ولوالديك إلي المصير
31,15,104,5940,وإن جاهداك على أن تشرك بي ما ليس لك به علم فلا تطعهما ۖ وصاحبهما في الدنيا معروفا ۖ واتبع سبيل من أناب إلي ۚ ثم إلي مرجعكم فأنبئكم بما كنتم تعملون
31,16,73,7037,يا بني إنها إن تك مثقال حبة من خردل فتكن في صخرة أو في السماوات أو في الأرض يأت بها الله ۚ إن الله لطيف خبير
31,17,62,3400,يا بني أقم الصلاة وأمر بالمعروف وانه عن المنكر واصبر على ما أصابك ۖ إن ذلك من عزم الأمور
31,18,52,5913,ولا تصعر خدك للناس ولا تمش في الأرض مرحا ۖ إن الله لا يحب كل مختال فخور
31,19,42,5537,واقصد في مشيك واغضض من صوتك ۚ إن أنكر الأصوات لصوت الحمير
31,20,104,8848,ألم تروا أن الله سخر لكم ما في السماوات وما في الأرض وأسبغ عليكم نعمه ظاهرة وباطنة ۗ ومن الناس من يجادل في الله بغير علم ولا هدى ولا كتاب منير
31,21,80,4385,وإذا قيل لهم اتبعوا ما أنزل الله قالوا بل نتبع ما وجدنا عليه آباءنا ۚ أولو كان الشيطان يدعوهم إلى عذاب السعير
31,22,58,2789,۞ ومن يسلم وجهه إلى الله وهو محسن فقد استمسك بالعروة الوثقى ۗ وإلى الله عاقبة الأمور
31,23,61,3473,ومن كفر فلا يحزنك كفره ۚ إلينا مرجعهم فننبئهم بما عملوا ۚ إن الله عليم بذات الصدور
31,24,28,5163,نمتعهم قليلا ثم نضطرهم إلى عذاب غليظ
31,25,61,4621,ولئن سألتهم من خلق السماوات والأرض ليقولن الله ۚ قل الحمد لله ۚ بل أكثرهم لا يعلمون
31,26,38,3083,لله ما في السماوات والأرض ۚ إن الله هو الغني الحميد
31,27,71,4257,ولو أنما في الأرض من شجرة أقلام والبحر يمده من بعده سبعة أبحر ما نفدت كلمات الله ۗ إن الله عزيز حكيم
31,28,38,2358,ما خلقكم ولا بعثكم إلا كنفس واحدة ۗ إن الله سميع بصير
31,29,90,5569,ألم تر أن الله يولج الليل في النهار ويولج النهار في الليل وسخر الشمس والقمر كل يجري إلى أجل مسمى وأن الله بما تعملون خبير
31,30,55,2020,ذلك بأن الله هو الحق وأن ما يدعون من دونه الباطل وأن الله هو العلي الكبير
31,31,63,5499,ألم تر أن الفلك تجري في البحر بنعمت الله ليريكم من آياته ۚ إن في ذلك لآيات لكل صبار شكور
31,32,87,7705,وإذا غشيهم موج كالظلل دعوا الله مخلصين له الدين فلما نجاهم إلى البر فمنهم مقتصد ۚ وما يجحد بآياتنا إلا كل ختار كفور
31,33,118,7932,يا أيها الناس اتقوا ربكم واخشوا يوما لا يجزي والد عن ولده ولا مولود هو جاز عن والده شيئا ۚ إن وعد الله حق ۖ فلا تغرنكم الحياة الدنيا ولا يغرنكم بالله الغرور
31,34,94,9625,إن الله عنده علم الساعة وينزل الغيث ويعلم ما في الأرحام ۖ وما تدري نفس ماذا تكسب غدا ۖ وما تدري نفس بأي أرض تموت ۚ إن الله عليم خبير
32,1,3,71,الم
32,2,31,1813,تنزيل الكتاب لا ريب فيه من رب العالمين
32,3,64,5379,أم يقولون افتراه ۚ بل هو الحق من ربك لتنذر قوما ما أتاهم من نذير من قبلك لعلهم يهتدون
32,4,86,8383,الله الذي خلق السماوات والأرض وما بينهما في ستة أيام ثم استوى على العرش ۖ ما لكم من دونه من ولي ولا شفيع ۚ أفلا تتذكرون
32,5,55,4036,يدبر الأمر من السماء إلى الأرض ثم يعرج إليه في يوم كان مقداره ألف سنة مما تعدون
32,6,31,2695,ذلك عالم الغيب والشهادة العزيز الرحيم
32,7,32,3047,الذي أحسن كل شيء خلقه ۖ وبدأ خلق الإنسان من طين
32,8,23,1235,ثم جعل نسله من سلالة من ماء مهين
32,9,56,3791,ثم سواه ونفخ فيه من روحه ۖ وجعل لكم السمع والأبصار والأفئدة ۚ قليلا ما تشكرون
32,10,49,4613,وقالوا أإذا ضللنا في الأرض أإنا لفي خلق جديد ۚ بل هم بلقاء ربهم كافرون
32,11,40,3674,۞ قل يتوفاكم ملك الموت الذي وكل بكم ثم إلى ربكم ترجعون
32,12,70,4382,ولو ترى إذ المجرمون ناكسو رءوسهم عند ربهم ربنا أبصرنا وسمعنا فارجعنا نعمل صالحا إنا موقنون
32,13,60,2364,ولو شئنا لآتينا كل نفس هداها ولكن حق القول مني لأملأن جهنم من الجنة والناس أجمعين
32,14,62,6137,فذوقوا بما نسيتم لقاء يومكم هذا إنا نسيناكم ۖ وذوقوا عذاب الخلد بما كنتم تعملون
32,15,62,5171,إنما يؤمن بآياتنا الذين إذا ذكروا بها خروا سجدا وسبحوا بحمد ربهم وهم لا يستكبرون ۩
32,16,55,4041,تتجافى جنوبهم عن المضاجع يدعون ربهم خوفا وطمعا ومما رزقناهم ينفقون
32,17,42,2505,فلا تعلم نفس ما أخفي لهم من قرة أعين جزاء بما كانوا يعملون
32,18,29,1358,أفمن كان مؤمنا كمن كان فاسقا ۚ لا يستوون
32,19,55,2744,أما الذين آمنوا وعملوا الصالحات فلهم جنات المأوى نزلا بما كانوا يعملون
32,20,90,7520,وأما الذين فسقوا فمأواهم النار ۖ كلما أرادوا أن يخرجوا منها أعيدوا فيها وقيل لهم ذوقوا عذاب النار الذي كنتم به تكذبون
32,21,46,3601,ولنذيقنهم من العذاب الأدنى دون العذاب الأكبر لعلهم يرجعون
32,22,47,5673,ومن أظلم ممن ذكر بآيات ربه ثم أعرض عنها ۚ إنا من المجرمين منتقمون
32,23,52,2875,ولقد آتينا موسى الكتاب فلا تكن في مرية من لقائه ۖ وجعلناه هدى لبني إسرائيل
32,24,47,1843,وجعلنا منهم أئمة يهدون بأمرنا لما صبروا ۖ وكانوا بآياتنا يوقنون
32,25,43,2318,إن ربك هو يفصل بينهم يوم القيامة فيما كانوا فيه يختلفون
32,26,64,3470,أولم يهد لهم كم أهلكنا من قبلهم من القرون يمشون في مساكنهم ۚ إن في ذلك لآيات ۖ أفلا يسمعون
32,27,65,4613,أولم يروا أنا نسوق الماء إلى الأرض الجرز فنخرج به زرعا تأكل منه أنعامهم وأنفسهم ۖ أفلا يبصرون
32,28,28,2688,ويقولون متى هذا الفتح إن كنتم صادقين
32,29,43,3488,قل يوم الفتح لا ينفع الذين كفروا إيمانهم ولا هم ينظرون
32,30,24,4613,فأعرض عنهم وانتظر إنهم منتظرون
33,1,59,2380,يا أيها النبي اتق الله ولا تطع الكافرين والمنافقين ۗ إن الله كان عليما حكيما
33,2,40,2555,واتبع ما يوحى إليك من ربك ۚ إن الله كان بما تعملون خبيرا
33,3,24,869,وتوكل على الله ۚ وكفى بالله وكيلا
33,4,119,5535,ما جعل الله لرجل من قلبين في جوفه ۚ وما جعل أزواجكم اللائي تظاهرون منهن أمهاتكم ۚ وما جعل أدعياءكم أبناءكم ۚ ذلكم قولكم بأفواهكم ۖ والله يقول الحق وهو يهدي السبيل
33,5,117,6977,ادعوهم لآبائهم هو أقسط عند الله ۚ فإن لم تعلموا آباءهم فإخوانكم في الدين ومواليكم ۚ وليس عليكم جناح فيما أخطأتم به ولكن ما تعمدت قلوبكم ۚ وكان الله غفورا رحيما
33,6,126,7470,النبي أولى بالمؤمنين من أنفسهم ۖ وأزواجه أمهاتهم ۗ وأولو الأرحام بعضهم أولى ببعض في كتاب الله من المؤمنين والمهاجرين إلا أن تفعلوا إلى أوليائكم معروفا ۚ كان ذلك في الكتاب مسطورا
33,7,74,8222,وإذ أخذنا من النبيين ميثاقهم ومنك ومن نوح وإبراهيم وموسى وعيسى ابن مريم ۖ وأخذنا منهم ميثاقا غليظا
33,8,39,2131,ليسأل الصادقين عن صدقهم ۚ وأعد للكافرين عذابا أليما
33,9,92,6098,يا أيها الذين آمنوا اذكروا نعمة الله عليكم إذ جاءتكم جنود فأرسلنا عليهم ريحا وجنودا لم تروها ۚ وكان الله بما تعملون بصيرا
33,10,71,8378,إذ جاءوكم من فوقكم ومن أسفل منكم وإذ زاغت الأبصار وبلغت القلوب الحناجر وتظنون بالله الظنونا
33,11,35,1248,هنالك ابتلي المؤمنون وزلزلوا زلزالا شديدا
33,12,56,5303,وإذ يقول المنافقون والذين في قلوبهم مرض ما وعدنا الله ورسوله إلا غرورا
33,13,95,6907,وإذ قالت طائفة منهم يا أهل يثرب لا مقام لكم فارجعوا ۚ ويستأذن فريق منهم النبي يقولون إن بيوتنا عورة وما هي بعورة ۖ إن يريدون إلا فرارا
33,14,55,4583,ولو دخلت عليهم من أقطارها ثم سئلوا الفتنة لآتوها وما تلبثوا بها إلا يسيرا
33,15,53,1323,ولقد كانوا عاهدوا الله من قبل لا يولون الأدبار ۚ وكان عهد الله مسئولا
33,16,53,5002,قل لن ينفعكم الفرار إن فررتم من الموت أو القتل وإذا لا تمتعون إلا قليلا
33,17,74,3829,قل من ذا الذي يعصمكم من الله إن أراد بكم سوءا أو أراد بكم رحمة ۚ ولا يجدون لهم من دون الله وليا ولا نصيرا
33,18,62,2701,۞ قد يعلم الله المعوقين منكم والقائلين لإخوانهم هلم إلينا ۖ ولا يأتون البأس إلا قليلا
33,19,135,13176,أشحة عليكم ۖ فإذا جاء الخوف رأيتهم ينظرون إليك تدور أعينهم كالذي يغشى عليه من الموت ۖ فإذا ذهب الخوف سلقوكم بألسنة حداد أشحة على الخير ۚ أولئك لم يؤمنوا فأحبط الله أعمالهم ۚ وكان ذلك على الله يسيرا
33,20,92,3549,يحسبون الأحزاب لم يذهبوا ۖ وإن يأت الأحزاب يودوا لو أنهم بادون في الأعراب يسألون عن أنبائكم ۖ ولو كانوا فيكم ما قاتلوا إلا قليلا
33,21,61,4054,لقد كان لكم في رسول الله أسوة حسنة لمن كان يرجو الله واليوم الآخر وذكر الله كثيرا
33,22,79,3289,ولما رأى المؤمنون الأحزاب قالوا هذا ما وعدنا الله ورسوله وصدق الله ورسوله ۚ وما زادهم إلا إيمانا وتسليما
33,23,73,4653,من المؤمنين رجال صدقوا ما عاهدوا الله عليه ۖ فمنهم من قضى نحبه ومنهم من ينتظر ۖ وما بدلوا تبديلا
33,24,68,4466,ليجزي الله الصادقين بصدقهم ويعذب المنافقين إن شاء أو يتوب عليهم ۚ إن الله كان غفورا رحيما
33,25,72,5620,ورد الله الذين كفروا بغيظهم لم ينالوا خيرا ۚ وكفى الله المؤمنين القتال ۚ وكان الله قويا عزيزا
33,26,74,6908,وأنزل الذين ظاهروهم من أهل الكتاب من صياصيهم وقذف في قلوبهم الرعب فريقا تقتلون وتأسرون فريقا
33,27,54,4627,وأورثكم أرضهم وديارهم وأموالهم وأرضا لم تطئوها ۚ وكان الله على كل شيء قديرا
33,28,73,4085,يا أيها النبي قل لأزواجك إن كنتن تردن الحياة الدنيا وزينتها فتعالين أمتعكن وأسرحكن سراحا جميلا
33,29,58,4950,وإن كنتن تردن الله ورسوله والدار الآخرة فإن الله أعد للمحسنات منكن أجرا عظيما
33,30,64,5453,يا نساء النبي من يأت منكن بفاحشة مبينة يضاعف لها العذاب ضعفين ۚ وكان ذلك على الله يسيرا
33,31,61,4375,۞ ومن يقنت منكن لله ورسوله وتعمل صالحا نؤتها أجرها مرتين وأعتدنا لها رزقا كريما
33,32,77,7167,يا نساء النبي لستن كأحد من النساء ۚ إن اتقيتن فلا تخضعن بالقول فيطمع الذي في قلبه مرض وقلن قولا معروفا
33,33,112,6754,وقرن في بيوتكن ولا تبرجن تبرج الجاهلية الأولى ۖ وأقمن الصلاة وآتين الزكاة وأطعن الله ورسوله ۚ إنما يريد الله ليذهب عنكم الرجس أهل البيت ويطهركم تطهيرا
33,34,52,3838,واذكرن ما يتلى في بيوتكن من آيات الله والحكمة ۚ إن الله كان لطيفا خبيرا
33,35,215,19261,إن المسلمين والمسلمات والمؤمنين والمؤمنات والقانتين والقانتات والصادقين والصادقات والصابرين والصابرات والخاشعين والخاشعات والمتصدقين والمتصدقات والصائمين والصائمات والحافظين فروجهم والحافظات والذاكرين الله كثيرا والذاكرات أعد الله لهم مغفرة وأجرا عظيما
33,36,83,6705,وما كان لمؤمن ولا مؤمنة إذا قضى الله ورسوله أمرا أن يكون لهم الخيرة من أمرهم ۗ ومن يعص الله ورسوله فقد ضل ضلالا مبينا
33,37,181,13443,وإذ تقول للذي أنعم الله عليه وأنعمت عليه أمسك عليك زوجك واتق الله وتخفي في نفسك ما الله مبديه وتخشى الناس والله أحق أن تخشاه ۖ فلما قضى زيد منها وطرا زوجناكها لكي لا يكون على المؤمنين حرج في أزواج أدعيائهم إذا قضوا منهن وطرا ۚ وكان أمر الله مفعولا
33,38,72,4873,ما كان على النبي من حرج فيما فرض الله له ۖ سنة الله في الذين خلوا من قبل ۚ وكان أمر الله قدرا مقدورا
33,39,58,4992,الذين يبلغون رسالات الله ويخشونه ولا يخشون أحدا إلا الله ۗ وكفى بالله حسيبا
33,40,63,2927,ما كان محمد أبا أحد من رجالكم ولكن رسول الله وخاتم النبيين ۗ وكان الله بكل شيء عليما
33,41,33,3561,يا أيها الذين آمنوا اذكروا الله ذكرا كثيرا
33,42,14,446,وسبحوه بكرة وأصيلا
33,43,61,4835,هو الذي يصلي عليكم وملائكته ليخرجكم من الظلمات إلى النور ۚ وكان بالمؤمنين رحيما
33,44,33,1881,تحيتهم يوم يلقونه سلام ۚ وأعد لهم أجرا كريما
33,45,35,2359,يا أيها النبي إنا أرسلناك شاهدا ومبشرا ونذيرا
33,46,26,1517,وداعيا إلى الله بإذنه وسراجا منيرا
33,47,31,2156,وبشر المؤمنين بأن لهم من الله فضلا كبيرا
33,48,55,2971,ولا تطع الكافرين والمنافقين ودع أذاهم وتوكل على الله ۚ وكفى بالله وكيلا
33,49,97,7525,يا أيها الذين آمنوا إذا نكحتم المؤمنات ثم طلقتموهن من قبل أن تمسوهن فما لكم عليهن من عدة تعتدونها ۖ فمتعوهن وسرحوهن سراحا جميلا
33,50,247,15925,يا أيها النبي إنا أحللنا لك أزواجك اللاتي آتيت أجورهن وما ملكت يمينك مما أفاء الله عليك وبنات عمك وبنات عماتك وبنات خالك وبنات خالاتك اللاتي هاجرن معك وامرأة مؤمنة إن وهبت نفسها للنبي إن أراد النبي أن يستنكحها خالصة لك من دون المؤمنين ۗ قد علمنا ما فرضنا عليهم في أزواجهم وما ملكت أيمانهم لكيلا يكون عليك حرج ۗ وكان الله غفورا رحيما
33,51,128,10545,۞ ترجي من تشاء منهن وتؤوي إليك من تشاء ۖ ومن ابتغيت ممن عزلت فلا جناح عليك ۚ ذلك أدنى أن تقر أعينهن ولا يحزن ويرضين بما آتيتهن كلهن ۚ والله يعلم ما في قلوبكم ۚ وكان الله عليما حليما
33,52,78,3042,لا يحل لك النساء من بعد ولا أن تبدل بهن من أزواج ولو أعجبك حسنهن إلا ما ملكت يمينك ۗ وكان الله على كل شيء رقيبا
33,53,270,23433,يا أيها الذين آمنوا لا تدخلوا بيوت النبي إلا أن يؤذن لكم إلى طعام غير ناظرين إناه ولكن إذا دعيتم فادخلوا فإذا طعمتم فانتشروا ولا مستأنسين لحديث ۚ إن ذلكم كان يؤذي النبي فيستحيي منكم ۖ والله لا يستحيي من الحق ۚ وإذا سألتموهن متاعا فاسألوهن من وراء حجاب ۚ ذلكم أطهر لقلوبكم وقلوبهن ۚ وما كان لكم أن تؤذوا رسول الله ولا أن تنكحوا أزواجه من بعده أبدا ۚ إن ذلكم كان عند الله عظيما
33,54,34,2651,إن تبدوا شيئا أو تخفوه فإن الله كان بكل شيء عليما
33,55,110,5781,لا جناح عليهن في آبائهن ولا أبنائهن ولا إخوانهن ولا أبناء إخوانهن ولا أبناء أخواتهن ولا نسائهن ولا ما ملكت أيمانهن ۗ واتقين الله ۚ إن الله كان على كل شيء شهيدا
33,56,58,2838,إن الله وملائكته يصلون على النبي ۚ يا أيها الذين آمنوا صلوا عليه وسلموا تسليما
33,57,58,4299,إن الذين يؤذون الله ورسوله لعنهم الله في الدنيا والآخرة وأعد لهم عذابا مهينا
33,58,63,5874,والذين يؤذون المؤمنين والمؤمنات بغير ما اكتسبوا فقد احتملوا بهتانا وإثما مبينا
33,59,91,5450,يا أيها النبي قل لأزواجك وبناتك ونساء المؤمنين يدنين عليهن من جلابيبهن ۚ ذلك أدنى أن يعرفن فلا يؤذين ۗ وكان الله غفورا رحيما
33,60,84,6296,۞ لئن لم ينته المنافقون والذين في قلوبهم مرض والمرجفون في المدينة لنغرينك بهم ثم لا يجاورونك فيها إلا قليلا
33,61,32,3835,ملعونين ۖ أينما ثقفوا أخذوا وقتلوا تقتيلا
33,62,41,3062,سنة الله في الذين خلوا من قبل ۖ ولن تجد لسنة الله تبديلا
33,63,58,2473,يسألك الناس عن الساعة ۖ قل إنما علمها عند الله ۚ وما يدريك لعل الساعة تكون قريبا
33,64,27,1154,إن الله لعن الكافرين وأعد لهم سعيرا
33,65,32,1337,خالدين فيها أبدا ۖ لا يجدون وليا ولا نصيرا
33,66,53,2389,يوم تقلب وجوههم في النار يقولون يا ليتنا أطعنا الله وأطعنا الرسولا
33,67,42,2475,وقالوا ربنا إنا أطعنا سادتنا وكبراءنا فأضلونا السبيلا
33,68,36,3188,ربنا آتهم ضعفين من العذاب والعنهم لعنا كبيرا
33,69,66,3917,يا أيها الذين آمنوا لا تكونوا كالذين آذوا موسى فبرأه الله مما قالوا ۚ وكان عند الله وجيها
33,70,38,1854,يا أيها الذين آمنوا اتقوا الله وقولوا قولا سديدا
33,71,58,4578,يصلح لكم أعمالكم ويغفر لكم ذنوبكم ۗ ومن يطع الله ورسوله فقد فاز فوزا عظيما
33,72,82,5441,إنا عرضنا الأمانة على السماوات والأرض والجبال فأبين أن يحملنها وأشفقن منها وحملها الإنسان ۖ إنه كان ظلوما جهولا
33,73,90,6672,ليعذب الله المنافقين والمنافقات والمشركين والمشركات ويتوب الله على المؤمنين والمؤمنات ۗ وكان الله غفورا رحيما
34,1,64,4776,الحمد لله الذي له ما في السماوات وما في الأرض وله الحمد في الآخرة ۚ وهو الحكيم الخبير
34,2,66,4726,يعلم ما يلج في الأرض وما يخرج منها وما ينزل من السماء وما يعرج فيها ۚ وهو الرحيم الغفور
34,3,114,11478,وقال الذين كفروا لا تأتينا الساعة ۖ قل بلى وربي لتأتينكم عالم الغيب ۖ لا يعزب عنه مثقال ذرة في السماوات ولا في الأرض ولا أصغر من ذلك ولا أكبر إلا في كتاب مبين
34,4,46,3696,ليجزي الذين آمنوا وعملوا الصالحات ۚ أولئك لهم مغفرة ورزق كريم
34,5,42,2951,والذين سعوا في آياتنا معاجزين أولئك لهم عذاب من رجز أليم
34,6,60,3524,ويرى الذين أوتوا العلم الذي أنزل إليك من ربك هو الحق ويهدي إلى صراط العزيز الحميد
34,7,57,4375,وقال الذين كفروا هل ندلكم على رجل ينبئكم إذا مزقتم كل ممزق إنكم لفي خلق جديد
34,8,58,5421,أفترى على الله كذبا أم به جنة ۗ بل الذين لا يؤمنون بالآخرة في العذاب والضلال البعيد
34,9,91,6849,أفلم يروا إلى ما بين أيديهم وما خلفهم من السماء والأرض ۚ إن نشأ نخسف بهم الأرض أو نسقط عليهم كسفا من السماء ۚ إن في ذلك لآية لكل عبد منيب
34,10,50,2239,۞ ولقد آتينا داوود منا فضلا ۖ يا جبال أوبي معه والطير ۖ وألنا له الحديد
34,11,49,3635,أن اعمل سابغات وقدر في السرد ۖ واعملوا صالحا ۖ إني بما تعملون بصير
34,12,104,8599,ولسليمان الريح غدوها شهر ورواحها شهر ۖ وأسلنا له عين القطر ۖ ومن الجن من يعمل بين يديه بإذن ربه ۖ ومن يزغ منهم عن أمرنا نذقه من عذاب السعير
34,13,85,4752,يعملون له ما يشاء من محاريب وتماثيل وجفان كالجواب وقدور راسيات ۚ اعملوا آل داوود شكرا ۚ وقليل من عبادي الشكور
34,14,102,9369,فلما قضينا عليه الموت ما دلهم على موته إلا دابة الأرض تأكل منسأته ۖ فلما خر تبينت الجن أن لو كانوا يعلمون الغيب ما لبثوا في العذاب المهين
34,15,69,4559,لقد كان لسبإ في مسكنهم آية ۖ جنتان عن يمين وشمال ۖ كلوا من رزق ربكم واشكروا له ۚ بلدة طيبة ورب غفور
34,16,70,6527,فأعرضوا فأرسلنا عليهم سيل العرم وبدلناهم بجنتيهم جنتين ذواتي أكل خمط وأثل وشيء من سدر قليل
34,17,34,1696,ذلك جزيناهم بما كفروا ۖ وهل نجازي إلا الكفور
34,18,77,4303,وجعلنا بينهم وبين القرى التي باركنا فيها قرى ظاهرة وقدرنا فيها السير ۖ سيروا فيها ليالي وأياما آمنين
34,19,82,5738,فقالوا ربنا باعد بين أسفارنا وظلموا أنفسهم فجعلناهم أحاديث ومزقناهم كل ممزق ۚ إن في ذلك لآيات لكل صبار شكور
34,20,42,2843,ولقد صدق عليهم إبليس ظنه فاتبعوه إلا فريقا من المؤمنين
34,21,64,4155,وما كان له عليهم من سلطان إلا لنعلم من يؤمن بالآخرة ممن هو منها في شك ۗ وربك على كل شيء حفيظ
34,22,91,7611,قل ادعوا الذين زعمتم من دون الله ۖ لا يملكون مثقال ذرة في السماوات ولا في الأرض وما لهم فيهما من شرك وما له منهم من ظهير
34,23,80,5724,ولا تنفع الشفاعة عنده إلا لمن أذن له ۚ حتى إذا فزع عن قلوبهم قالوا ماذا قال ربكم ۖ قالوا الحق ۖ وهو العلي الكبير
34,24,55,3791,۞ قل من يرزقكم من السماوات والأرض ۖ قل الله ۖ وإنا أو إياكم لعلى هدى أو في ضلال مبين
34,25,32,1996,قل لا تسألون عما أجرمنا ولا نسأل عما تعملون
34,26,46,2629,قل يجمع بيننا ربنا ثم يفتح بيننا بالحق وهو الفتاح العليم
34,27,45,2687,قل أروني الذين ألحقتم به شركاء ۖ كلا ۚ بل هو الله العزيز الحكيم
34,28,50,3396,وما أرسلناك إلا كافة للناس بشيرا ونذيرا ولكن أكثر الناس لا يعلمون
34,29,28,2280,ويقولون متى هذا الوعد إن كنتم صادقين
34,30,39,3501,قل لكم ميعاد يوم لا تستأخرون عنه ساعة ولا تستقدمون
34,31,135,13456,وقال الذين كفروا لن نؤمن بهذا القرآن ولا بالذي بين يديه ۗ ولو ترى إذ الظالمون موقوفون عند ربهم يرجع بعضهم إلى بعض القول يقول الذين استضعفوا للذين استكبروا لولا أنتم لكنا مؤمنين
34,32,65,6052,قال الذين استكبروا للذين استضعفوا أنحن صددناكم عن الهدى بعد إذ جاءكم ۖ بل كنتم مجرمين
34,33,150,11320,وقال الذين استضعفوا للذين استكبروا بل مكر الليل والنهار إذ تأمروننا أن نكفر بالله ونجعل له أندادا ۚ وأسروا الندامة لما رأوا العذاب وجعلنا الأغلال في أعناق الذين كفروا ۚ هل يجزون إلا ما كانوا يعملون
34,34,49,3920,وما أرسلنا في قرية من نذير إلا قال مترفوها إنا بما أرسلتم به كافرون
34,35,36,2127,وقالوا نحن أكثر أموالا وأولادا وما نحن بمعذبين
34,36,46,2767,قل إن ربي يبسط الرزق لمن يشاء ويقدر ولكن أكثر الناس لا يعلمون
34,37,91,5698,وما أموالكم ولا أولادكم بالتي تقربكم عندنا زلفى إلا من آمن وعمل صالحا فأولئك لهم جزاء الضعف بما عملوا وهم في الغرفات آمنون
34,38,42,3780,والذين يسعون في آياتنا معاجزين أولئك في العذاب محضرون
34,39,69,4928,قل إن ربي يبسط الرزق لمن يشاء من عباده ويقدر له ۚ وما أنفقتم من شيء فهو يخلفه ۖ وهو خير الرازقين
34,40,45,1913,ويوم يحشرهم جميعا ثم يقول للملائكة أهؤلاء إياكم كانوا يعبدون
34,41,55,2355,قالوا سبحانك أنت ولينا من دونهم ۖ بل كانوا يعبدون الجن ۖ أكثرهم بهم مؤمنون
34,42,77,9365,فاليوم لا يملك بعضكم لبعض نفعا ولا ضرا ونقول للذين ظلموا ذوقوا عذاب النار التي كنتم بها تكذبون
34,43,117,8957,وإذا تتلى عليهم آياتنا بينات قالوا ما هذا إلا رجل يريد أن يصدكم عما كان يعبد آباؤكم وقالوا ما هذا إلا إفك مفترى ۚ وقال الذين كفروا للحق لما جاءهم إن هذا إلا سحر مبين
34,44,44,3076,وما آتيناهم من كتب يدرسونها ۖ وما أرسلنا إليهم قبلك من نذير
34,45,58,5680,وكذب الذين من قبلهم وما بلغوا معشار ما آتيناهم فكذبوا رسلي ۖ فكيف كان نكير
34,46,80,7134,۞ قل إنما أعظكم بواحدة ۖ أن تقوموا لله مثنى وفرادى ثم تتفكروا ۚ ما بصاحبكم من جنة ۚ إن هو إلا نذير لكم بين يدي عذاب شديد
34,47,44,2451,قل ما سألتكم من أجر فهو لكم ۖ إن أجري إلا على الله ۖ وهو على كل شيء شهيد
34,48,25,2613,قل إن ربي يقذف بالحق علام الغيوب
34,49,27,550,قل جاء الحق وما يبدئ الباطل وما يعيد
34,50,50,4573,قل إن ضللت فإنما أضل على نفسي ۖ وإن اهتديت فبما يوحي إلي ربي ۚ إنه سميع قريب
34,51,32,3929,ولو ترى إذ فزعوا فلا فوت وأخذوا من مكان قريب
34,52,33,1448,وقالوا آمنا به وأنى لهم التناوش من مكان بعيد
34,53,38,2930,وقد كفروا به من قبل ۖ ويقذفون بالغيب من مكان بعيد
34,54,55,2767,وحيل بينهم وبين ما يشتهون كما فعل بأشياعهم من قبل ۚ إنهم كانوا في شك مريب
35,1,89,6668,الحمد لله فاطر السماوات والأرض جاعل الملائكة رسلا أولي أجنحة مثنى وثلاث ورباع ۚ يزيد في الخلق ما يشاء ۚ إن الله على كل شيء قدير
35,2,67,2496,ما يفتح الله للناس من رحمة فلا ممسك لها ۖ وما يمسك فلا مرسل له من بعده ۚ وهو العزيز الحكيم
35,3,77,6455,يا أيها الناس اذكروا نعمت الله عليكم ۚ هل من خالق غير الله يرزقكم من السماء والأرض ۚ لا إله إلا هو ۖ فأنى تؤفكون
35,4,39,3704,وإن يكذبوك فقد كذبت رسل من قبلك ۚ وإلى الله ترجع الأمور
35,5,60,5302,يا أيها الناس إن وعد الله حق ۖ فلا تغرنكم الحياة الدنيا ۖ ولا يغرنكم بالله الغرور
35,6,55,3382,إن الشيطان لكم عدو فاتخذوه عدوا ۚ إنما يدعو حزبه ليكونوا من أصحاب السعير
35,7,59,5708,الذين كفروا لهم عذاب شديد ۖ والذين آمنوا وعملوا الصالحات لهم مغفرة وأجر كبير
35,8,84,5597,أفمن زين له سوء عمله فرآه حسنا ۖ فإن الله يضل من يشاء ويهدي من يشاء ۖ فلا تذهب نفسك عليهم حسرات ۚ إن الله عليم بما يصنعون
35,9,71,6509,والله الذي أرسل الرياح فتثير سحابا فسقناه إلى بلد ميت فأحيينا به الأرض بعد موتها ۚ كذلك النشور
35,10,102,5306,من كان يريد العزة فلله العزة جميعا ۚ إليه يصعد الكلم الطيب والعمل الصالح يرفعه ۚ والذين يمكرون السيئات لهم عذاب شديد ۖ ومكر أولئك هو يبور
35,11,107,8984,والله خلقكم من تراب ثم من نطفة ثم جعلكم أزواجا ۚ وما تحمل من أنثى ولا تضع إلا بعلمه ۚ وما يعمر من معمر ولا ينقص من عمره إلا في كتاب ۚ إن ذلك على الله يسير
35,12,122,14353,وما يستوي البحران هذا عذب فرات سائغ شرابه وهذا ملح أجاج ۖ ومن كل تأكلون لحما طريا وتستخرجون حلية تلبسونها ۖ وترى الفلك فيه مواخر لتبتغوا من فضله ولعلكم تشكرون
35,13,113,6612,يولج الليل في النهار ويولج النهار في الليل وسخر الشمس والقمر كل يجري لأجل مسمى ۚ ذلكم الله ربكم له الملك ۚ والذين تدعون من دونه ما يملكون من قطمير
35,14,77,4445,إن تدعوهم لا يسمعوا دعاءكم ولو سمعوا ما استجابوا لكم ۖ ويوم القيامة يكفرون بشرككم ۚ ولا ينبئك مثل خبير
35,15,42,2434,۞ يا أيها الناس أنتم الفقراء إلى الله ۖ والله هو الغني الحميد
35,16,20,2306,إن يشأ يذهبكم ويأت بخلق جديد
35,17,17,1059,وما ذلك على الله بعزيز
35,18,121,11450,ولا تزر وازرة وزر أخرى ۚ وإن تدع مثقلة إلى حملها لا يحمل منه شيء ولو كان ذا قربى ۗ إنما تنذر الذين يخشون ربهم بالغيب وأقاموا الصلاة ۚ ومن تزكى فإنما يتزكى لنفسه ۚ وإلى الله المصير
35,19,19,1013,وما يستوي الأعمى والبصير
35,20,18,1763,ولا الظلمات ولا النور
35,21,16,1480,ولا الظل ولا الحرور
35,22,56,3023,وما يستوي الأحياء ولا الأموات ۚ إن الله يسمع من يشاء ۖ وما أنت بمسمع من في القبور
35,23,9,1491,إن أنت إلا نذير
35,24,42,3937,إنا أرسلناك بالحق بشيرا ونذيرا ۚ وإن من أمة إلا خلا فيها نذير
35,25,65,5099,وإن يكذبوك فقد كذب الذين من قبلهم جاءتهم رسلهم بالبينات وبالزبر وبالكتاب المنير
35,26,26,3879,ثم أخذت الذين كفروا ۖ فكيف كان نكير
35,27,86,8236,ألم تر أن الله أنزل من السماء ماء فأخرجنا به ثمرات مختلفا ألوانها ۚ ومن الجبال جدد بيض وحمر مختلف ألوانها وغرابيب سود
35,28,72,5405,ومن الناس والدواب والأنعام مختلف ألوانه كذلك ۗ إنما يخشى الله من عباده العلماء ۗ إن الله عزيز غفور
35,29,70,4848,إن الذين يتلون كتاب الله وأقاموا الصلاة وأنفقوا مما رزقناهم سرا وعلانية يرجون تجارة لن تبور
35,30,35,3389,ليوفيهم أجورهم ويزيدهم من فضله ۚ إنه غفور شكور
35,31,62,3317,والذي أوحينا إليك من الكتاب هو الحق مصدقا لما بين يديه ۗ إن الله بعباده لخبير بصير
35,32,97,9518,ثم أورثنا الكتاب الذين اصطفينا من عبادنا ۖ فمنهم ظالم لنفسه ومنهم مقتصد ومنهم سابق بالخيرات بإذن الله ۚ ذلك هو الفضل الكبير
35,33,54,3363,جنات عدن يدخلونها يحلون فيها من أساور من ذهب ولؤلؤا ۖ ولباسهم فيها حرير
35,34,43,4102,وقالوا الحمد لله الذي أذهب عنا الحزن ۖ إن ربنا لغفور شكور
35,35,53,4014,الذي أحلنا دار المقامة من فضله لا يمسنا فيها نصب ولا يمسنا فيها لغوب
35,36,71,6204,والذين كفروا لهم نار جهنم لا يقضى عليهم فيموتوا ولا يخفف عنهم من عذابها ۚ كذلك نجزي كل كفور
35,37,105,11729,وهم يصطرخون فيها ربنا أخرجنا نعمل صالحا غير الذي كنا نعمل ۚ أولم نعمركم ما يتذكر فيه من تذكر وجاءكم النذير ۖ فذوقوا فما للظالمين من نصير
35,38,41,4484,إن الله عالم غيب السماوات والأرض ۚ إنه عليم بذات الصدور
35,39,96,7163,هو الذي جعلكم خلائف في الأرض ۚ فمن كفر فعليه كفره ۖ ولا يزيد الكافرين كفرهم عند ربهم إلا مقتا ۖ ولا يزيد الكافرين كفرهم إلا خسارا
35,40,121,13232,قل أرأيتم شركاءكم الذين تدعون من دون الله أروني ماذا خلقوا من الأرض أم لهم شرك في السماوات أم آتيناهم كتابا فهم على بينت منه ۚ بل إن يعد الظالمون بعضهم بعضا إلا غرورا
35,41,68,4832,۞ إن الله يمسك السماوات والأرض أن تزولا ۚ ولئن زالتا إن أمسكهما من أحد من بعده ۚ إنه كان حليما غفورا
35,42,72,3542,وأقسموا بالله جهد أيمانهم لئن جاءهم نذير ليكونن أهدى من إحدى الأمم ۖ فلما جاءهم نذير ما زادهم إلا نفورا
35,43,104,7976,استكبارا في الأرض ومكر السيئ ۚ ولا يحيق المكر السيئ إلا بأهله ۚ فهل ينظرون إلا سنت الأولين ۚ فلن تجد لسنت الله تبديلا ۖ ولن تجد لسنت الله تحويلا
35,44,112,7860,أولم يسيروا في الأرض فينظروا كيف كان عاقبة الذين من قبلهم وكانوا أشد منهم قوة ۚ وما كان الله ليعجزه من شيء في السماوات ولا في الأرض ۚ إنه كان عليما قديرا
35,45,85,6343,ولو يؤاخذ الله الناس بما كسبوا ما ترك على ظهرها من دابة ولكن يؤخرهم إلى أجل مسمى ۖ فإذا جاء أجلهم فإن الله كان بعباده بصيرا
36,1,2,70,يس
36,2,12,496,والقرآن الحكيم
36,3,13,611,إنك لمن المرسلين
36,4,12,1050,على صراط مستقيم
36,5,17,911,تنزيل العزيز الرحيم
36,6,27,3858,لتنذر قوما ما أنذر آباؤهم فهم غافلون
36,7,27,1586,لقد حق القول على أكثرهم فهم لا يؤمنون
36,8,39,2999,إنا جعلنا في أعناقهم أغلالا فهي إلى الأذقان فهم مقمحون
36,9,49,3362,وجعلنا من بين أيديهم سدا ومن خلفهم سدا فأغشيناهم فهم لا يبصرون
36,10,31,3315,وسواء عليهم أأنذرتهم أم لم تنذرهم لا يؤمنون
36,11,51,7633,إنما تنذر من اتبع الذكر وخشي الرحمن بالغيب ۖ فبشره بمغفرة وأجر كريم
36,12,52,2939,إنا نحن نحيي الموتى ونكتب ما قدموا وآثارهم ۚ وكل شيء أحصيناه في إمام مبين
36,13,34,3224,واضرب لهم مثلا أصحاب القرية إذ جاءها المرسلون
36,14,52,4594,إذ أرسلنا إليهم اثنين فكذبوهما فعززنا بثالث فقالوا إنا إليكم مرسلون
36,15,48,4435,قالوا ما أنتم إلا بشر مثلنا وما أنزل الرحمن من شيء إن أنتم إلا تكذبون
36,16,26,1108,قالوا ربنا يعلم إنا إليكم لمرسلون
36,17,22,1436,وما علينا إلا البلاغ المبين
36,18,52,3566,قالوا إنا تطيرنا بكم ۖ لئن لم تنتهوا لنرجمنكم وليمسنكم منا عذاب أليم
36,19,34,3092,قالوا طائركم معكم ۚ أئن ذكرتم ۚ بل أنتم قوم مسرفون
36,20,41,1987,وجاء من أقصى المدينة رجل يسعى قال يا قوم اتبعوا المرسلين
36,21,27,1521,اتبعوا من لا يسألكم أجرا وهم مهتدون
36,22,29,2064,وما لي لا أعبد الذي فطرني وإليه ترجعون
36,23,52,7306,أأتخذ من دونه آلهة إن يردن الرحمن بضر لا تغن عني شفاعتهم شيئا ولا ينقذون
36,24,15,1844,إني إذا لفي ضلال مبين
36,25,17,1121,إني آمنت بربكم فاسمعون
36,26,29,1803,قيل ادخل الجنة ۖ قال يا ليت قومي يعلمون
36,27,27,2225,بما غفر لي ربي وجعلني من المكرمين
36,28,44,1281,۞ وما أنزلنا على قومه من بعده من جند من السماء وما كنا منزلين
36,29,25,2206,إن كانت إلا صيحة واحدة فإذا هم خامدون
36,30,42,2033,يا حسرة على العباد ۚ ما يأتيهم من رسول إلا كانوا به يستهزئون
36,31,41,1657,ألم يروا كم أهلكنا قبلهم من القرون أنهم إليهم لا يرجعون
36,32,22,1499,وإن كل لما جميع لدينا محضرون
36,33,43,2946,وآية لهم الأرض الميتة أحييناها وأخرجنا منها حبا فمنه يأكلون
36,34,43,2312,وجعلنا فيها جنات من نخيل وأعناب وفجرنا فيها من العيون
36,35,34,2290,ليأكلوا من ثمره وما عملته أيديهم ۖ أفلا يشكرون
36,36,53,4315,سبحان الذي خلق الأزواج كلها مما تنبت الأرض ومن أنفسهم ومما لا يعلمون
36,37,34,3206,وآية لهم الليل نسلخ منه النهار فإذا هم مظلمون
36,38,39,3686,والشمس تجري لمستقر لها ۚ ذلك تقدير العزيز العليم
36,39,36,1913,والقمر قدرناه منازل حتى عاد كالعرجون القديم
36,40,57,3615,لا الشمس ينبغي لها أن تدرك القمر ولا الليل سابق النهار ۚ وكل في فلك يسبحون
36,41,32,2312,وآية لهم أنا حملنا ذريتهم في الفلك المشحون
36,42,23,1856,وخلقنا لهم من مثله ما يركبون
36,43,31,3885,وإن نشأ نغرقهم فلا صريخ لهم ولا هم ينقذون
36,44,18,986,إلا رحمة منا ومتاعا إلى حين
36,45,43,3328,وإذا قيل لهم اتقوا ما بين أيديكم وما خلفكم لعلكم ترحمون
36,46,37,3155,وما تأتيهم من آية من آيات ربهم إلا كانوا عنها معرضين
36,47,83,6239,وإذا قيل لهم أنفقوا مما رزقكم الله قال الذين كفروا للذين آمنوا أنطعم من لو يشاء الله أطعمه إن أنتم إلا في ضلال مبين
36,48,28,2280,ويقولون متى هذا الوعد إن كنتم صادقين
36,49,31,4007,ما ينظرون إلا صيحة واحدة تأخذهم وهم يخصمون
36,50,29,1718,فلا يستطيعون توصية ولا إلى أهلهم يرجعون
36,51,35,3091,ونفخ في الصور فإذا هم من الأجداث إلى ربهم ينسلون
36,52,53,3217,قالوا يا ويلنا من بعثنا من مرقدنا ۜ ۗ هذا ما وعد الرحمن وصدق المرسلون
36,53,34,2827,إن كانت إلا صيحة واحدة فإذا هم جميع لدينا محضرون
36,54,40,3750,فاليوم لا تظلم نفس شيئا ولا تجزون إلا ما كنتم تعملون
36,55,25,1904,إن أصحاب الجنة اليوم في شغل فاكهون
36,56,27,2032,هم وأزواجهم في ظلال على الأرائك متكئون
36,57,22,539,لهم فيها فاكهة ولهم ما يدعون
36,58,16,818,سلام قولا من رب رحيم
36,59,24,935,وامتازوا اليوم أيها المجرمون
36,60,44,1658,۞ ألم أعهد إليكم يا بني آدم أن لا تعبدوا الشيطان ۖ إنه لكم عدو مبين
36,61,22,1855,وأن اعبدوني ۚ هذا صراط مستقيم
36,62,34,3176,ولقد أضل منكم جبلا كثيرا ۖ أفلم تكونوا تعقلون
36,63,21,2295,هذه جهنم التي كنتم توعدون
36,64,24,1529,اصلوها اليوم بما كنتم تكفرون
36,65,53,3292,اليوم نختم على أفواههم وتكلمنا أيديهم وتشهد أرجلهم بما كانوا يكسبون
36,66,41,2327,ولو نشاء لطمسنا على أعينهم فاستبقوا الصراط فأنى يبصرون
36,67,47,3771,ولو نشاء لمسخناهم على مكانتهم فما استطاعوا مضيا ولا يرجعون
36,68,29,1874,ومن نعمره ننكسه في الخلق ۖ أفلا يعقلون
36,69,40,3468,وما علمناه الشعر وما ينبغي له ۚ إن هو إلا ذكر وقرآن مبين
36,70,32,1953,لينذر من كان حيا ويحق القول على الكافرين
36,71,46,2366,أولم يروا أنا خلقنا لهم مما عملت أيدينا أنعاما فهم لها مالكون
36,72,32,1565,وذللناها لهم فمنها ركوبهم ومنها يأكلون
36,73,28,1664,ولهم فيها منافع ومشارب ۖ أفلا يشكرون
36,74,29,2546,واتخذوا من دون الله آلهة لعلهم ينصرون
36,75,30,2318,لا يستطيعون نصرهم وهم لهم جند محضرون
36,76,35,1258,فلا يحزنك قولهم ۘ إنا نعلم ما يسرون وما يعلنون
36,77,37,3178,أولم ير الإنسان أنا خلقناه من نطفة فإذا هو خصيم مبين
36,78,41,4133,وضرب لنا مثلا ونسي خلقه ۖ قال من يحيي العظام وهي رميم
36,79,33,2496,قل يحييها الذي أنشأها أول مرة ۖ وهو بكل خلق عليم
36,80,41,5373,الذي جعل لكم من الشجر الأخضر نارا فإذا أنتم منه توقدون
36,81,58,5957,أوليس الذي خلق السماوات والأرض بقادر على أن يخلق مثلهم ۚ بلى وهو الخلاق العليم
36,82,28,2020,إنما أمره إذا أراد شيئا أن يقول له كن فيكون
36,83,33,2599,فسبحان الذي بيده ملكوت كل شيء وإليه ترجعون
37,1,11,780,والصافات صفا
37,2,13,934,فالزاجرات زجرا
37,3,13,1874,فالتاليات ذكرا
37,4,10,194,إن إلهكم لواحد
37,5,34,2813,رب السماوات والأرض وما بينهما ورب المشارق
37,6,28,496,إنا زينا السماء الدنيا بزينة الكواكب
37,7,18,1750,وحفظا من كل شيطان مارد
37,8,32,1677,لا يسمعون إلى الملإ الأعلى ويقذفون من كل جانب
37,9,17,1172,دحورا ۖ ولهم عذاب واصب
37,10,25,2998,إلا من خطف الخطفة فأتبعه شهاب ثاقب
37,11,42,4133,فاستفتهم أهم أشد خلقا أم من خلقنا ۚ إنا خلقناهم من طين لازب
37,12,13,1439,بل عجبت ويسخرون
37,13,16,2651,وإذا ذكروا لا يذكرون
37,14,15,2310,وإذا رأوا آية يستسخرون
37,15,19,1301,وقالوا إن هذا إلا سحر مبين
37,16,31,3646,أإذا متنا وكنا ترابا وعظاما أإنا لمبعوثون
37,17,11,183,أوآباؤنا الأولون
37,18,15,1647,قل نعم وأنتم داخرون
37,19,24,2457,فإنما هي زجرة واحدة فإذا هم ينظرون
37,20,24,1109,وقالوا يا ويلنا هذا يوم الدين
37,21,27,3429,هذا يوم الفصل الذي كنتم به تكذبون
37,22,37,2619,۞ احشروا الذين ظلموا وأزواجهم وما كانوا يعبدون
37,23,27,779,من دون الله فاهدوهم إلى صراط الجحيم
37,24,15,524,وقفوهم ۖ إنهم مسئولون
37,25,14,959,ما لكم لا تناصرون
37,26,17,850,بل هم اليوم مستسلمون
37,27,21,2584,وأقبل بعضهم على بعض يتساءلون
37,28,26,1926,قالوا إنكم كنتم تأتوننا عن اليمين
37,29,20,913,قالوا بل لم تكونوا مؤمنين
37,30,36,2368,وما كان لنا عليكم من سلطان ۖ بل كنتم قوما طاغين
37,31,23,1676,فحق علينا قول ربنا ۖ إنا لذائقون
37,32,18,2396,فأغويناكم إنا كنا غاوين
37,33,23,2841,فإنهم يومئذ في العذاب مشتركون
37,34,19,1427,إنا كذلك نفعل بالمجرمين
37,35,34,2000,إنهم كانوا إذا قيل لهم لا إله إلا الله يستكبرون
37,36,30,2152,ويقولون أئنا لتاركو آلهتنا لشاعر مجنون
37,37,21,798,بل جاء بالحق وصدق المرسلين
37,38,19,1862,إنكم لذائقو العذاب الأليم
37,39,22,1691,وما تجزون إلا ما كنتم تعملون
37,40,18,1025,إلا عباد الله المخلصين
37,41,14,624,أولئك لهم رزق معلوم
37,42,14,519,فواكه ۖ وهم مكرمون
37,43,12,745,في جنات النعيم
37,44,13,1193,على سرر متقابلين
37,45,18,597,يطاف عليهم بكأس من معين
37,46,14,2166,بيضاء لذة للشاربين
37,47,24,1574,لا فيها غول ولا هم عنها ينزفون
37,48,20,1417,وعندهم قاصرات الطرف عين
37,49,12,1103,كأنهن بيض مكنون
37,50,21,2658,فأقبل بعضهم على بعض يتساءلون
37,51,21,928,قال قائل منهم إني كان لي قرين
37,52,17,661,يقول أإنك لمن المصدقين
37,53,30,3132,أإذا متنا وكنا ترابا وعظاما أإنا لمدينون
37,54,14,861,قال هل أنتم مطلعون
37,55,19,724,فاطلع فرآه في سواء الجحيم
37,56,18,1765,قال تالله إن كدت لتردين
37,57,25,2174,ولولا نعمة ربي لكنت من المحضرين
37,58,12,741,أفما نحن بميتين
37,59,25,2024,إلا موتتنا الأولى وما نحن بمعذبين
37,60,18,1972,إن هذا لهو الفوز العظيم
37,61,21,1794,لمثل هذا فليعمل العاملون
37,62,20,2375,أذلك خير نزلا أم شجرة الزقوم
37,63,20,1832,إنا جعلناها فتنة للظالمين
37,64,20,2064,إنها شجرة تخرج في أصل الجحيم
37,65,19,867,طلعها كأنه رءوس الشياطين
37,66,29,808,فإنهم لآكلون منها فمالئون منها البطون
37,67,22,1308,ثم إن لهم عليها لشوبا من حميم
37,68,17,1100,ثم إن مرجعهم لإلى الجحيم
37,69,16,1151,إنهم ألفوا آباءهم ضالين
37,70,16,1312,فهم على آثارهم يهرعون
37,71,20,1994,ولقد ضل قبلهم أكثر الأولين
37,72,19,1666,ولقد أرسلنا فيهم منذرين
37,73,23,2666,فانظر كيف كان عاقبة المنذرين
37,74,18,1025,إلا عباد الله المخلصين
37,75,26,723,ولقد نادانا نوح فلنعم المجيبون
37,76,24,1565,ونجيناه وأهله من الكرب العظيم
37,77,20,1714,وجعلنا ذريته هم الباقين
37,78,18,1773,وتركنا عليه في الآخرين
37,79,19,617,سلام على نوح في العالمين
37,80,18,1140,إنا كذلك نجزي المحسنين
37,81,17,494,إنه من عبادنا المؤمنين
37,82,13,2782,ثم أغرقنا الآخرين
37,83,16,1219,۞ وإن من شيعته لإبراهيم
37,84,14,1185,إذ جاء ربه بقلب سليم
37,85,23,2309,إذ قال لأبيه وقومه ماذا تعبدون
37,86,18,932,أئفكا آلهة دون الله تريدون
37,87,18,1567,فما ظنكم برب العالمين
37,88,15,2600,فنظر نظرة في النجوم
37,89,10,481,فقال إني سقيم
37,90,15,954,فتولوا عنه مدبرين
37,91,21,2539,فراغ إلى آلهتهم فقال ألا تأكلون
37,92,13,777,ما لكم لا تنطقون
37,93,20,2582,فراغ عليهم ضربا باليمين
37,94,14,417,فأقبلوا إليه يزفون
37,95,17,1618,قال أتعبدون ما تنحتون
37,96,19,1505,والله خلقكم وما تعملون
37,97,31,750,قالوا ابنوا له بنيانا فألقوه في الجحيم
37,98,27,874,فأرادوا به كيدا فجعلناهم الأسفلين
37,99,20,1286,وقال إني ذاهب إلى ربي سيهدين
37,100,16,559,رب هب لي من الصالحين
37,101,16,1799,فبشرناه بغلام حليم
37,102,90,8372,فلما بلغ معه السعي قال يا بني إني أرى في المنام أني أذبحك فانظر ماذا ترى ۚ قال يا أبت افعل ما تؤمر ۖ ستجدني إن شاء الله من الصابرين
37,103,18,848,فلما أسلما وتله للجبين
37,104,17,446,وناديناه أن يا إبراهيم
37,105,29,2080,قد صدقت الرؤيا ۚ إنا كذلك نجزي المحسنين
37,106,18,994,إن هذا لهو البلاء المبين
37,107,15,1888,وفديناه بذبح عظيم
37,108,18,1773,وتركنا عليه في الآخرين
37,109,12,489,سلام على إبراهيم
37,110,16,1089,كذلك نجزي المحسنين
37,111,17,494,إنه من عبادنا المؤمنين
37,112,26,1108,وبشرناه بإسحاق نبيا من الصالحين
37,113,46,3584,وباركنا عليه وعلى إسحاق ۚ ومن ذريتهما محسن وظالم لنفسه مبين
37,114,19,755,ولقد مننا على موسى وهارون
37,115,29,1758,ونجيناهما وقومهما من الكرب العظيم
37,116,24,1769,ونصرناهم فكانوا هم الغالبين
37,117,22,1560,وآتيناهما الكتاب المستبين
37,118,23,1134,وهديناهما الصراط المستقيم
37,119,20,1814,وتركنا عليهما في الآخرين
37,120,15,605,سلام على موسى وهارون
37,121,18,1140,إنا كذلك نجزي المحسنين
37,122,19,535,إنهما من عبادنا المؤمنين
37,123,17,698,وإن إلياس لمن المرسلين
37,124,16,1999,إذ قال لقومه ألا تتقون
37,125,26,2935,أتدعون بعلا وتذرون أحسن الخالقين
37,126,21,726,الله ربكم ورب آبائكم الأولين
37,127,17,2122,فكذبوه فإنهم لمحضرون
37,128,18,1025,إلا عباد الله المخلصين
37,129,18,1773,وتركنا عليه في الآخرين
37,130,12,392,سلام على إل ياسين
37,131,18,1140,إنا كذلك نجزي المحسنين
37,132,17,494,إنه من عبادنا المؤمنين
37,133,17,643,وإن لوطا لمن المرسلين
37,134,16,1038,إذ نجيناه وأهله أجمعين
37,135,17,1502,إلا عجوزا في الغابرين
37,136,13,1726,ثم دمرنا الآخرين
37,137,21,1197,وإنكم لتمرون عليهم مصبحين
37,138,16,876,وبالليل ۗ أفلا تعقلون
37,139,17,723,وإن يونس لمن المرسلين
37,140,16,1428,إذ أبق إلى الفلك المشحون
37,141,19,1370,فساهم فكان من المدحضين
37,142,19,1238,فالتقمه الحوت وهو مليم
37,143,20,564,فلولا أنه كان من المسبحين
37,144,20,1442,للبث في بطنه إلى يوم يبعثون
37,145,20,1419,۞ فنبذناه بالعراء وهو سقيم
37,146,20,1396,وأنبتنا عليه شجرة من يقطين
37,147,19,626,وأرسلناه إلى مائة ألف أو يزيدون
37,148,17,961,فآمنوا فمتعناهم إلى حين
37,149,28,2022,فاستفتهم ألربك البنات ولهم البنون
37,150,25,1912,أم خلقنا الملائكة إناثا وهم شاهدون
37,151,18,593,ألا إنهم من إفكهم ليقولون
37,152,18,1016,ولد الله وإنهم لكاذبون
37,153,17,906,أصطفى البنات على البنين
37,154,14,765,ما لكم كيف تحكمون
37,155,9,1487,أفلا تذكرون
37,156,13,382,أم لكم سلطان مبين
37,157,22,1787,فأتوا بكتابكم إن كنتم صادقين
37,158,44,2441,وجعلوا بينه وبين الجنة نسبا ۚ ولقد علمت الجنة إنهم لمحضرون
37,159,17,534,سبحان الله عما يصفون
37,160,18,1025,إلا عباد الله المخلصين
37,161,13,769,فإنكم وما تعبدون
37,162,16,1239,ما أنتم عليه بفاتنين
37,163,15,345,إلا من هو صال الجحيم
37,164,19,571,وما منا إلا له مقام معلوم
37,165,14,453,وإنا لنحن الصافون
37,166,15,392,وإنا لنحن المسبحون
37,167,14,366,وإن كانوا ليقولون
37,168,20,1399,لو أن عندنا ذكرا من الأولين
37,169,20,1095,لكنا عباد الله المخلصين
37,170,18,826,فكفروا به ۖ فسوف يعلمون
37,171,29,1822,ولقد سبقت كلمتنا لعبادنا المرسلين
37,172,15,643,إنهم لهم المنصورون
37,173,18,1359,وإن جندنا لهم الغالبون
37,174,13,1157,فتول عنهم حتى حين
37,175,16,927,وأبصرهم فسوف يبصرون
37,176,16,1535,أفبعذابنا يستعجلون
37,177,28,2707,فإذا نزل بساحتهم فساء صباح المنذرين
37,178,13,1083,وتول عنهم حتى حين
37,179,14,882,وأبصر فسوف يبصرون
37,180,22,1000,سبحان ربك رب العزة عما يصفون
37,181,15,658,وسلام على المرسلين
37,182,19,588,والحمد لله رب العالمين
38,1,14,2138,ص ۚ والقرآن ذي الذكر
38,2,21,1804,بل الذين كفروا في عزة وشقاق
38,3,36,1701,كم أهلكنا من قبلهم من قرن فنادوا ولات حين مناص
38,4,42,3535,وعجبوا أن جاءهم منذر منهم ۖ وقال الكافرون هذا ساحر كذاب
38,5,26,1397,أجعل الآلهة إلها واحدا ۖ إن هذا لشيء عجاب
38,6,45,3042,وانطلق الملأ منهم أن امشوا واصبروا على آلهتكم ۖ إن هذا لشيء يراد
38,7,33,3911,ما سمعنا بهذا في الملة الآخرة إن هذا إلا اختلاق
38,8,48,4562,أأنزل عليه الذكر من بيننا ۚ بل هم في شك من ذكري ۖ بل لما يذوقوا عذاب
38,9,28,1507,أم عندهم خزائن رحمة ربك العزيز الوهاب
38,10,45,2949,أم لهم ملك السماوات والأرض وما بينهما ۖ فليرتقوا في الأسباب
38,11,23,441,جند ما هنالك مهزوم من الأحزاب
38,12,33,3150,كذبت قبلهم قوم نوح وعاد وفرعون ذو الأوتاد
38,13,30,1026,وثمود وقوم لوط وأصحاب الأيكة ۚ أولئك الأحزاب
38,14,20,1535,إن كل إلا كذب الرسل فحق عقاب
38,15,30,1755,وما ينظر هؤلاء إلا صيحة واحدة ما لها من فواق
38,16,32,1031,وقالوا ربنا عجل لنا قطنا قبل يوم الحساب
38,17,40,2521,اصبر على ما يقولون واذكر عبدنا داوود ذا الأيد ۖ إنه أواب
38,18,34,2325,إنا سخرنا الجبال معه يسبحن بالعشي والإشراق
38,19,18,904,والطير محشورة ۖ كل له أواب
38,20,31,1880,وشددنا ملكه وآتيناه الحكمة وفصل الخطاب
38,21,27,2930,۞ وهل أتاك نبأ الخصم إذ تسوروا المحراب
38,22,86,8414,إذ دخلوا على داوود ففزع منهم ۖ قالوا لا تخف ۖ خصمان بغى بعضنا على بعض فاحكم بيننا بالحق ولا تشطط واهدنا إلى سواء الصراط
38,23,54,4117,إن هذا أخي له تسع وتسعون نعجة ولي نعجة واحدة فقال أكفلنيها وعزني في الخطاب
38,24,127,13223,قال لقد ظلمك بسؤال نعجتك إلى نعاجه ۖ وإن كثيرا من الخلطاء ليبغي بعضهم على بعض إلا الذين آمنوا وعملوا الصالحات وقليل ما هم ۗ وظن داوود أنما فتناه فاستغفر ربه وخر راكعا وأناب ۩
38,25,30,2775,فغفرنا له ذلك ۖ وإن له عندنا لزلفى وحسن مآب
38,26,117,8280,يا داوود إنا جعلناك خليفة في الأرض فاحكم بين الناس بالحق ولا تتبع الهوى فيضلك عن سبيل الله ۚ إن الذين يضلون عن سبيل الله لهم عذاب شديد بما نسوا يوم الحساب
38,27,68,6618,وما خلقنا السماء والأرض وما بينهما باطلا ۚ ذلك ظن الذين كفروا ۚ فويل للذين كفروا من النار
38,28,62,4370,أم نجعل الذين آمنوا وعملوا الصالحات كالمفسدين في الأرض أم نجعل المتقين كالفجار
38,29,45,3032,كتاب أنزلناه إليك مبارك ليدبروا آياته وليتذكر أولو الألباب
38,30,31,643,ووهبنا لداوود سليمان ۚ نعم العبد ۖ إنه أواب
38,31,28,3000,إذ عرض عليه بالعشي الصافنات الجياد
38,32,39,4248,فقال إني أحببت حب الخير عن ذكر ربي حتى توارت بالحجاب
38,33,29,1161,ردوها علي ۖ فطفق مسحا بالسوق والأعناق
38,34,36,2115,ولقد فتنا سليمان وألقينا على كرسيه جسدا ثم أناب
38,35,46,3684,قال رب اغفر لي وهب لي ملكا لا ينبغي لأحد من بعدي ۖ إنك أنت الوهاب
38,36,30,3547,فسخرنا له الريح تجري بأمره رخاء حيث أصاب
38,37,19,1623,والشياطين كل بناء وغواص
38,38,19,1612,وآخرين مقرنين في الأصفاد
38,39,25,2467,هذا عطاؤنا فامنن أو أمسك بغير حساب
38,40,19,579,وإن له عندنا لزلفى وحسن مآب
38,41,42,3578,واذكر عبدنا أيوب إذ نادى ربه أني مسني الشيطان بنصب وعذاب
38,42,26,4228,اركض برجلك ۖ هذا مغتسل بارد وشراب
38,43,41,2328,ووهبنا له أهله ومثلهم معهم رحمة منا وذكرى لأولي الألباب
38,44,51,6473,وخذ بيدك ضغثا فاضرب به ولا تحنث ۗ إنا وجدناه صابرا ۚ نعم العبد ۖ إنه أواب
38,45,43,2113,واذكر عبادنا إبراهيم وإسحاق ويعقوب أولي الأيدي والأبصار
38,46,22,2746,إنا أخلصناهم بخالصة ذكرى الدار
38,47,26,1548,وإنهم عندنا لمن المصطفين الأخيار
38,48,36,3171,واذكر إسماعيل واليسع وذا الكفل ۖ وكل من الأخيار
38,49,21,2532,هذا ذكر ۚ وإن للمتقين لحسن مآب
38,50,20,1223,جنات عدن مفتحة لهم الأبواب
38,51,32,2199,متكئين فيها يدعون فيها بفاكهة كثيرة وشراب
38,52,21,1890,۞ وعندهم قاصرات الطرف أتراب
38,53,21,1471,هذا ما توعدون ليوم الحساب
38,54,20,1445,إن هذا لرزقنا ما له من نفاد
38,55,17,2464,هذا ۚ وإن للطاغين لشر مآب
38,56,20,513,جهنم يصلونها فبئس المهاد
38,57,20,2908,هذا فليذوقوه حميم وغساق
38,58,13,1268,وآخر من شكله أزواج
38,59,37,2386,هذا فوج مقتحم معكم ۖ لا مرحبا بهم ۚ إنهم صالو النار
38,60,42,2844,قالوا بل أنتم لا مرحبا بكم ۖ أنتم قدمتموه لنا ۖ فبئس القرار
38,61,40,3605,قالوا ربنا من قدم لنا هذا فزده عذابا ضعفا في النار
38,62,36,1844,وقالوا ما لنا لا نرى رجالا كنا نعدهم من الأشرار
38,63,27,4604,أتخذناهم سخريا أم زاغت عنهم الأبصار
38,64,19,2386,إن ذلك لحق تخاصم أهل النار
38,65,36,1918,قل إنما أنا منذر ۖ وما من إله إلا الله الواحد القهار
38,66,36,3370,رب السماوات والأرض وما بينهما العزيز الغفار
38,67,10,1213,قل هو نبأ عظيم
38,68,12,1781,أنتم عنه معرضون
38,69,29,2512,ما كان لي من علم بالملإ الأعلى إذ يختصمون
38,70,21,1349,إن يوحى إلي إلا أنما أنا نذير مبين
38,71,28,2657,إذ قال ربك للملائكة إني خالق بشرا من طين
38,72,35,3227,فإذا سويته ونفخت فيه من روحي فقعوا له ساجدين
38,73,19,533,فسجد الملائكة كلهم أجمعون
38,74,26,1375,إلا إبليس استكبر وكان من الكافرين
38,75,50,4083,قال يا إبليس ما منعك أن تسجد لما خلقت بيدي ۖ أستكبرت أم كنت من العالين
38,76,33,3918,قال أنا خير منه ۖ خلقتني من نار وخلقته من طين
38,77,19,1514,قال فاخرج منها فإنك رجيم
38,78,20,927,وإن عليك لعنتي إلى يوم الدين
38,79,21,2347,قال رب فأنظرني إلى يوم يبعثون
38,80,16,1652,قال فإنك من المنظرين
38,81,16,840,إلى يوم الوقت المعلوم
38,82,21,2024,قال فبعزتك لأغوينهم أجمعين
38,83,19,1114,إلا عبادك منهم المخلصين
38,84,16,631,قال فالحق والحق أقول
38,85,28,1294,لأملأن جهنم منك وممن تبعك منهم أجمعين
38,86,32,1578,قل ما أسألكم عليه من أجر وما أنا من المتكلفين
38,87,16,1273,إن هو إلا ذكر للعالمين
38,88,16,827,ولتعلمن نبأه بعد حين
39,1,29,1341,تنزيل الكتاب من الله العزيز الحكيم
39,2,42,1958,إنا أنزلنا إليك الكتاب بالحق فاعبد الله مخلصا له الدين
39,3,117,7554,ألا لله الدين الخالص ۚ والذين اتخذوا من دونه أولياء ما نعبدهم إلا ليقربونا إلى الله زلفى إن الله يحكم بينهم في ما هم فيه يختلفون ۗ إن الله لا يهدي من هو كاذب كفار
39,4,59,4081,لو أراد الله أن يتخذ ولدا لاصطفى مما يخلق ما يشاء ۚ سبحانه ۖ هو الله الواحد القهار
39,5,99,7530,خلق السماوات والأرض بالحق ۖ يكور الليل على النهار ويكور النهار على الليل ۖ وسخر الشمس والقمر ۖ كل يجري لأجل مسمى ۗ ألا هو العزيز الغفار
39,6,128,10853,خلقكم من نفس واحدة ثم جعل منها زوجها وأنزل لكم من الأنعام ثمانية أزواج ۚ يخلقكم في بطون أمهاتكم خلقا من بعد خلق في ظلمات ثلاث ۚ ذلكم الله ربكم له الملك ۖ لا إله إلا هو ۖ فأنى تصرفون
39,7,115,11837,إن تكفروا فإن الله غني عنكم ۖ ولا يرضى لعباده الكفر ۖ وإن تشكروا يرضه لكم ۗ ولا تزر وازرة وزر أخرى ۗ ثم إلى ربكم مرجعكم فينبئكم بما كنتم تعملون ۚ إنه عليم بذات الصدور
39,8,113,8562,۞ وإذا مس الإنسان ضر دعا ربه منيبا إليه ثم إذا خوله نعمة منه نسي ما كان يدعو إليه من قبل وجعل لله أندادا ليضل عن سبيله ۚ قل تمتع بكفرك قليلا ۖ إنك من أصحاب النار
39,9,95,7661,أمن هو قانت آناء الليل ساجدا وقائما يحذر الآخرة ويرجو رحمة ربه ۗ قل هل يستوي الذين يعلمون والذين لا يعلمون ۗ إنما يتذكر أولو الألباب
39,10,87,7142,قل يا عباد الذين آمنوا اتقوا ربكم ۚ للذين أحسنوا في هذه الدنيا حسنة ۗ وأرض الله واسعة ۗ إنما يوفى الصابرون أجرهم بغير حساب
39,11,27,1913,قل إني أمرت أن أعبد الله مخلصا له الدين
39,12,19,1099,وأمرت لأن أكون أول المسلمين
39,13,26,3552,قل إني أخاف إن عصيت ربي عذاب يوم عظيم
39,14,20,1142,قل الله أعبد مخلصا له ديني
39,15,79,6326,فاعبدوا ما شئتم من دونه ۗ قل إن الخاسرين الذين خسروا أنفسهم وأهليهم يوم القيامة ۗ ألا ذلك هو الخسران المبين
39,16,61,5963,لهم من فوقهم ظلل من النار ومن تحتهم ظلل ۚ ذلك يخوف الله به عباده ۚ يا عباد فاتقون
39,17,55,4284,والذين اجتنبوا الطاغوت أن يعبدوها وأنابوا إلى الله لهم البشرى ۚ فبشر عباد
39,18,60,3518,الذين يستمعون القول فيتبعون أحسنه ۚ أولئك الذين هداهم الله ۖ وأولئك هم أولو الألباب
39,19,34,3529,أفمن حق عليه كلمة العذاب أفأنت تنقذ من في النار
39,20,78,7588,لكن الذين اتقوا ربهم لهم غرف من فوقها غرف مبنية تجري من تحتها الأنهار ۖ وعد الله ۖ لا يخلف الله الميعاد
39,21,109,9840,ألم تر أن الله أنزل من السماء ماء فسلكه ينابيع في الأرض ثم يخرج به زرعا مختلفا ألوانه ثم يهيج فتراه مصفرا ثم يجعله حطاما ۚ إن في ذلك لذكرى لأولي الألباب
39,22,71,4703,أفمن شرح الله صدره للإسلام فهو على نور من ربه ۚ فويل للقاسية قلوبهم من ذكر الله ۚ أولئك في ضلال مبين
39,23,127,10683,الله نزل أحسن الحديث كتابا متشابها مثاني تقشعر منه جلود الذين يخشون ربهم ثم تلين جلودهم وقلوبهم إلى ذكر الله ۚ ذلك هدى الله يهدي به من يشاء ۚ ومن يضلل الله فما له من هاد
39,24,58,4958,أفمن يتقي بوجهه سوء العذاب يوم القيامة ۚ وقيل للظالمين ذوقوا ما كنتم تكسبون
39,25,39,4385,كذب الذين من قبلهم فأتاهم العذاب من حيث لا يشعرون
39,26,54,4058,فأذاقهم الله الخزي في الحياة الدنيا ۖ ولعذاب الآخرة أكبر ۚ لو كانوا يعلمون
39,27,43,4812,ولقد ضربنا للناس في هذا القرآن من كل مثل لعلهم يتذكرون
39,28,27,3374,قرآنا عربيا غير ذي عوج لعلهم يتقون
39,29,79,6325,ضرب الله مثلا رجلا فيه شركاء متشاكسون ورجلا سلما لرجل هل يستويان مثلا ۚ الحمد لله ۚ بل أكثرهم لا يعلمون
39,30,14,1127,إنك ميت وإنهم ميتون
39,31,28,2860,ثم إنكم يوم القيامة عند ربكم تختصمون
39,32,52,5077,۞ فمن أظلم ممن كذب على الله وكذب بالصدق إذ جاءه ۚ أليس في جهنم مثوى للكافرين
39,33,31,1913,والذي جاء بالصدق وصدق به ۙ أولئك هم المتقون
39,34,31,1864,لهم ما يشاءون عند ربهم ۚ ذلك جزاء المحسنين
39,35,54,2999,ليكفر الله عنهم أسوأ الذي عملوا ويجزيهم أجرهم بأحسن الذي كانوا يعملون
39,36,56,3364,أليس الله بكاف عبده ۖ ويخوفونك بالذين من دونه ۚ ومن يضلل الله فما له من هاد
39,37,40,2861,ومن يهد الله فما له من مضل ۗ أليس الله بعزيز ذي انتقام
39,38,138,11501,ولئن سألتهم من خلق السماوات والأرض ليقولن الله ۚ قل أفرأيتم ما تدعون من دون الله إن أرادني الله بضر هل هن كاشفات ضره أو أرادني برحمة هل هن ممسكات رحمته ۚ قل حسبي الله ۖ عليه يتوكل المتوكلون
39,39,38,2129,قل يا قوم اعملوا على مكانتكم إني عامل ۖ فسوف تعلمون
39,40,31,3052,من يأتيه عذاب يخزيه ويحل عليه عذاب مقيم
39,41,72,4743,إنا أنزلنا عليك الكتاب للناس بالحق ۖ فمن اهتدى فلنفسه ۖ ومن ضل فإنما يضل عليها ۖ وما أنت عليهم بوكيل
39,42,96,8644,الله يتوفى الأنفس حين موتها والتي لم تمت في منامها ۖ فيمسك التي قضى عليها الموت ويرسل الأخرى إلى أجل مسمى ۚ إن في ذلك لآيات لقوم يتفكرون
39,43,50,3466,أم اتخذوا من دون الله شفعاء ۚ قل أولو كانوا لا يملكون شيئا ولا يعقلون
39,44,45,3816,قل لله الشفاعة جميعا ۖ له ملك السماوات والأرض ۖ ثم إليه ترجعون
39,45,69,8760,وإذا ذكر الله وحده اشمأزت قلوب الذين لا يؤمنون بالآخرة ۖ وإذا ذكر الذين من دونه إذا هم يستبشرون
39,46,73,6190,قل اللهم فاطر السماوات والأرض عالم الغيب والشهادة أنت تحكم بين عبادك في ما كانوا فيه يختلفون
39,47,93,6582,ولو أن للذين ظلموا ما في الأرض جميعا ومثله معه لافتدوا به من سوء العذاب يوم القيامة ۚ وبدا لهم من الله ما لم يكونوا يحتسبون
39,48,41,1515,وبدا لهم سيئات ما كسبوا وحاق بهم ما كانوا به يستهزئون
39,49,74,7351,فإذا مس الإنسان ضر دعانا ثم إذا خولناه نعمة منا قال إنما أوتيته على علم ۚ بل هي فتنة ولكن أكثرهم لا يعلمون
39,50,41,2902,قد قالها الذين من قبلهم فما أغنى عنهم ما كانوا يكسبون
39,51,63,3811,فأصابهم سيئات ما كسبوا ۚ والذين ظلموا من هؤلاء سيصيبهم سيئات ما كسبوا وما هم بمعجزين
39,52,53,3182,أولم يعلموا أن الله يبسط الرزق لمن يشاء ويقدر ۚ إن في ذلك لآيات لقوم يؤمنون
39,53,79,6693,۞ قل يا عبادي الذين أسرفوا على أنفسهم لا تقنطوا من رحمة الله ۚ إن الله يغفر الذنوب جميعا ۚ إنه هو الغفور الرحيم
39,54,46,3468,وأنيبوا إلى ربكم وأسلموا له من قبل أن يأتيكم العذاب ثم لا تنصرون
39,55,57,5695,واتبعوا أحسن ما أنزل إليكم من ربكم من قبل أن يأتيكم العذاب بغتة وأنتم لا تشعرون
39,56,48,4095,أن تقول نفس يا حسرتا على ما فرطت في جنب الله وإن كنت لمن الساخرين
39,57,30,1985,أو تقول لو أن الله هداني لكنت من المتقين
39,58,37,2855,أو تقول حين ترى العذاب لو أن لي كرة فأكون من المحسنين
39,59,42,4238,بلى قد جاءتك آياتي فكذبت بها واستكبرت وكنت من الكافرين
39,60,59,4321,ويوم القيامة ترى الذين كذبوا على الله وجوههم مسودة ۚ أليس في جهنم مثوى للمتكبرين
39,61,49,2515,وينجي الله الذين اتقوا بمفازتهم لا يمسهم السوء ولا هم يحزنون
39,62,25,1700,الله خالق كل شيء ۖ وهو على كل شيء وكيل
39,63,53,4428,له مقاليد السماوات والأرض ۗ والذين كفروا بآيات الله أولئك هم الخاسرون
39,64,30,2410,قل أفغير الله تأمروني أعبد أيها الجاهلون
39,65,56,4166,ولقد أوحي إليك وإلى الذين من قبلك لئن أشركت ليحبطن عملك ولتكونن من الخاسرين
39,66,24,1033,بل الله فاعبد وكن من الشاكرين
39,67,83,6005,وما قدروا الله حق قدره والأرض جميعا قبضته يوم القيامة والسماوات مطويات بيمينه ۚ سبحانه وتعالى عما يشركون
39,68,71,8275,ونفخ في الصور فصعق من في السماوات ومن في الأرض إلا من شاء الله ۖ ثم نفخ فيه أخرى فإذا هم قيام ينظرون
39,69,70,6642,وأشرقت الأرض بنور ربها ووضع الكتاب وجيء بالنبيين والشهداء وقضي بينهم بالحق وهم لا يظلمون
39,70,31,1769,ووفيت كل نفس ما عملت وهو أعلم بما يفعلون
39,71,138,11479,وسيق الذين كفروا إلى جهنم زمرا ۖ حتى إذا جاءوها فتحت أبوابها وقال لهم خزنتها ألم يأتكم رسل منكم يتلون عليكم آيات ربكم وينذرونكم لقاء يومكم هذا ۚ قالوا بلى ولكن حقت كلمة العذاب على الكافرين
39,72,42,3123,قيل ادخلوا أبواب جهنم خالدين فيها ۖ فبئس مثوى المتكبرين
39,73,87,7569,وسيق الذين اتقوا ربهم إلى الجنة زمرا ۖ حتى إذا جاءوها وفتحت أبوابها وقال لهم خزنتها سلام عليكم طبتم فادخلوها خالدين
39,74,67,5333,وقالوا الحمد لله الذي صدقنا وعده وأورثنا الأرض نتبوأ من الجنة حيث نشاء ۖ فنعم أجر العاملين
39,75,74,3941,وترى الملائكة حافين من حول العرش يسبحون بحمد ربهم ۖ وقضي بينهم بالحق وقيل الحمد لله رب العالمين
40,1,2,48,حم
40,2,29,1413,تنزيل الكتاب من الله العزيز العليم
40,3,53,4474,غافر الذنب وقابل التوب شديد العقاب ذي الطول ۖ لا إله إلا هو ۖ إليه المصير
40,4,50,4061,ما يجادل في آيات الله إلا الذين كفروا فلا يغررك تقلبهم في البلاد
40,5,93,7400,كذبت قبلهم قوم نوح والأحزاب من بعدهم ۖ وهمت كل أمة برسولهم ليأخذوه ۖ وجادلوا بالباطل ليدحضوا به الحق فأخذتهم ۖ فكيف كان عقاب
40,6,39,3672,وكذلك حقت كلمت ربك على الذين كفروا أنهم أصحاب النار
40,7,124,10775,الذين يحملون العرش ومن حوله يسبحون بحمد ربهم ويؤمنون به ويستغفرون للذين آمنوا ربنا وسعت كل شيء رحمة وعلما فاغفر للذين تابوا واتبعوا سبيلك وقهم عذاب الجحيم
40,8,70,5028,ربنا وأدخلهم جنات عدن التي وعدتهم ومن صلح من آبائهم وأزواجهم وذرياتهم ۚ إنك أنت العزيز الحكيم
40,9,50,5286,وقهم السيئات ۚ ومن تق السيئات يومئذ فقد رحمته ۚ وذلك هو الفوز العظيم
40,10,60,5295,إن الذين كفروا ينادون لمقت الله أكبر من مقتكم أنفسكم إذ تدعون إلى الإيمان فتكفرون
40,11,61,6228,قالوا ربنا أمتنا اثنتين وأحييتنا اثنتين فاعترفنا بذنوبنا فهل إلى خروج من سبيل
40,12,58,4199,ذلكم بأنه إذا دعي الله وحده كفرتم ۖ وإن يشرك به تؤمنوا ۚ فالحكم لله العلي الكبير
40,13,50,3741,هو الذي يريكم آياته وينزل لكم من السماء رزقا ۚ وما يتذكر إلا من ينيب
40,14,37,1833,فادعوا الله مخلصين له الدين ولو كره الكافرون
40,15,60,5317,رفيع الدرجات ذو العرش يلقي الروح من أمره على من يشاء من عباده لينذر يوم التلاق
40,16,56,2479,يوم هم بارزون ۖ لا يخفى على الله منهم شيء ۚ لمن الملك اليوم ۖ لله الواحد القهار
40,17,45,2908,اليوم تجزى كل نفس بما كسبت ۚ لا ظلم اليوم ۚ إن الله سريع الحساب
40,18,62,5299,وأنذرهم يوم الآزفة إذ القلوب لدى الحناجر كاظمين ۚ ما للظالمين من حميم ولا شفيع يطاع
40,19,25,2430,يعلم خائنة الأعين وما تخفي الصدور
40,20,60,4205,والله يقضي بالحق ۖ والذين يدعون من دونه لا يقضون بشيء ۗ إن الله هو السميع البصير
40,21,111,9560,۞ أولم يسيروا في الأرض فينظروا كيف كان عاقبة الذين كانوا من قبلهم ۚ كانوا هم أشد منهم قوة وآثارا في الأرض فأخذهم الله بذنوبهم وما كان لهم من الله من واق
40,22,59,5575,ذلك بأنهم كانت تأتيهم رسلهم بالبينات فكفروا فأخذهم الله ۚ إنه قوي شديد العقاب
40,23,28,1309,ولقد أرسلنا موسى بآياتنا وسلطان مبين
40,24,32,2112,إلى فرعون وهامان وقارون فقالوا ساحر كذاب
40,25,81,4441,فلما جاءهم بالحق من عندنا قالوا اقتلوا أبناء الذين آمنوا معه واستحيوا نساءهم ۚ وما كيد الكافرين إلا في ضلال
40,26,61,5901,وقال فرعون ذروني أقتل موسى وليدع ربه ۖ إني أخاف أن يبدل دينكم أو أن يظهر في الأرض الفساد
40,27,45,3048,وقال موسى إني عذت بربي وربكم من كل متكبر لا يؤمن بيوم الحساب
40,28,137,9631,وقال رجل مؤمن من آل فرعون يكتم إيمانه أتقتلون رجلا أن يقول ربي الله وقد جاءكم بالبينات من ربكم ۖ وإن يك كاذبا فعليه كذبه ۖ وإن يك صادقا يصبكم بعض الذي يعدكم ۖ إن الله لا يهدي من هو مسرف كذاب
40,29,91,5551,يا قوم لكم الملك اليوم ظاهرين في الأرض فمن ينصرنا من بأس الله إن جاءنا ۚ قال فرعون ما أريكم إلا ما أرى وما أهديكم إلا سبيل الرشاد
40,30,37,2711,وقال الذي آمن يا قوم إني أخاف عليكم مثل يوم الأحزاب
40,31,54,3876,مثل دأب قوم نوح وعاد وثمود والذين من بعدهم ۚ وما الله يريد ظلما للعباد
40,32,25,1616,ويا قوم إني أخاف عليكم يوم التناد
40,33,52,2720,يوم تولون مدبرين ما لكم من الله من عاصم ۗ ومن يضلل الله فما له من هاد
40,34,101,7968,ولقد جاءكم يوسف من قبل بالبينات فما زلتم في شك مما جاءكم به ۖ حتى إذا هلك قلتم لن يبعث الله من بعده رسولا ۚ كذلك يضل الله من هو مسرف مرتاب
40,35,89,7318,الذين يجادلون في آيات الله بغير سلطان أتاهم ۖ كبر مقتا عند الله وعند الذين آمنوا ۚ كذلك يطبع الله على كل قلب متكبر جبار
40,36,38,2311,وقال فرعون يا هامان ابن لي صرحا لعلي أبلغ الأسباب
40,37,84,5595,أسباب السماوات فأطلع إلى إله موسى وإني لأظنه كاذبا ۚ وكذلك زين لفرعون سوء عمله وصد عن السبيل ۚ وما كيد فرعون إلا في تباب
40,38,35,2361,وقال الذي آمن يا قوم اتبعون أهدكم سبيل الرشاد
40,39,43,3254,يا قوم إنما هذه الحياة الدنيا متاع وإن الآخرة هي دار القرار
40,40,77,5789,من عمل سيئة فلا يجزى إلا مثلها ۖ ومن عمل صالحا من ذكر أو أنثى وهو مؤمن فأولئك يدخلون الجنة يرزقون فيها بغير حساب
40,41,35,1407,۞ ويا قوم ما لي أدعوكم إلى النجاة وتدعونني إلى النار
40,42,55,3513,تدعونني لأكفر بالله وأشرك به ما ليس لي به علم وأنا أدعوكم إلى العزيز الغفار
40,43,76,3761,لا جرم أنما تدعونني إليه ليس له دعوة في الدنيا ولا في الآخرة وأن مردنا إلى الله وأن المسرفين هم أصحاب النار
40,44,44,3549,فستذكرون ما أقول لكم ۚ وأفوض أمري إلى الله ۚ إن الله بصير بالعباد
40,45,39,2460,فوقاه الله سيئات ما مكروا ۖ وحاق بآل فرعون سوء العذاب
40,46,57,5887,النار يعرضون عليها غدوا وعشيا ۖ ويوم تقوم الساعة أدخلوا آل فرعون أشد العذاب
40,47,78,7356,وإذ يتحاجون في النار فيقول الضعفاء للذين استكبروا إنا كنا لكم تبعا فهل أنتم مغنون عنا نصيبا من النار
40,48,43,2267,قال الذين استكبروا إنا كل فيها إن الله قد حكم بين العباد
40,49,52,4271,وقال الذين في النار لخزنة جهنم ادعوا ربكم يخفف عنا يوما من العذاب
40,50,68,4316,قالوا أولم تك تأتيكم رسلكم بالبينات ۖ قالوا بلى ۚ قالوا فادعوا ۗ وما دعاء الكافرين إلا في ضلال
40,51,49,2501,إنا لننصر رسلنا والذين آمنوا في الحياة الدنيا ويوم يقوم الأشهاد
40,52,44,3459,يوم لا ينفع الظالمين معذرتهم ۖ ولهم اللعنة ولهم سوء الدار
40,53,35,2327,ولقد آتينا موسى الهدى وأورثنا بني إسرائيل الكتاب
40,54,16,1077,هدى وذكرى لأولي الألباب
40,55,51,4251,فاصبر إن وعد الله حق واستغفر لذنبك وسبح بحمد ربك بالعشي والإبكار
40,56,87,7183,إن الذين يجادلون في آيات الله بغير سلطان أتاهم ۙ إن في صدورهم إلا كبر ما هم ببالغيه ۚ فاستعذ بالله ۖ إنه هو السميع البصير
40,57,50,4725,لخلق السماوات والأرض أكبر من خلق الناس ولكن أكثر الناس لا يعلمون
40,58,65,4787,وما يستوي الأعمى والبصير والذين آمنوا وعملوا الصالحات ولا المسيء ۚ قليلا ما تتذكرون
40,59,37,2146,إن الساعة لآتية لا ريب فيها ولكن أكثر الناس لا يؤمنون
40,60,60,5014,وقال ربكم ادعوني أستجب لكم ۚ إن الذين يستكبرون عن عبادتي سيدخلون جهنم داخرين
40,61,79,5978,الله الذي جعل لكم الليل لتسكنوا فيه والنهار مبصرا ۚ إن الله لذو فضل على الناس ولكن أكثر الناس لا يشكرون
40,62,35,3003,ذلكم الله ربكم خالق كل شيء لا إله إلا هو ۖ فأنى تؤفكون
40,63,31,2309,كذلك يؤفك الذين كانوا بآيات الله يجحدون
40,64,94,6877,الله الذي جعل لكم الأرض قرارا والسماء بناء وصوركم فأحسن صوركم ورزقكم من الطيبات ۚ ذلكم الله ربكم ۖ فتبارك الله رب العالمين
40,65,51,1866,هو الحي لا إله إلا هو فادعوه مخلصين له الدين ۗ الحمد لله رب العالمين
40,66,69,4539,۞ قل إني نهيت أن أعبد الذين تدعون من دون الله لما جاءني البينات من ربي وأمرت أن أسلم لرب العالمين
40,67,112,13175,هو الذي خلقكم من تراب ثم من نطفة ثم من علقة ثم يخرجكم طفلا ثم لتبلغوا أشدكم ثم لتكونوا شيوخا ۚ ومنكم من يتوفى من قبل ۖ ولتبلغوا أجلا مسمى ولعلكم تعقلون
40,68,40,3766,هو الذي يحيي ويميت ۖ فإذا قضى أمرا فإنما يقول له كن فيكون
40,69,33,2648,ألم تر إلى الذين يجادلون في آيات الله أنى يصرفون
40,70,43,3146,الذين كذبوا بالكتاب وبما أرسلنا به رسلنا ۖ فسوف يعلمون
40,71,29,2502,إذ الأغلال في أعناقهم والسلاسل يسحبون
40,72,23,1460,في الحميم ثم في النار يسجرون
40,73,22,2342,ثم قيل لهم أين ما كنتم تشركون
40,74,59,4265,من دون الله ۖ قالوا ضلوا عنا بل لم نكن ندعو من قبل شيئا ۚ كذلك يضل الله الكافرين
40,75,45,5822,ذلكم بما كنتم تفرحون في الأرض بغير الحق وبما كنتم تمرحون
40,76,39,2983,ادخلوا أبواب جهنم خالدين فيها ۖ فبئس مثوى المتكبرين
40,77,54,4042,فاصبر إن وعد الله حق ۚ فإما نرينك بعض الذي نعدهم أو نتوفينك فإلينا يرجعون
40,78,113,7518,ولقد أرسلنا رسلا من قبلك منهم من قصصنا عليك ومنهم من لم نقصص عليك ۗ وما كان لرسول أن يأتي بآية إلا بإذن الله ۚ فإذا جاء أمر الله قضي بالحق وخسر هنالك المبطلون
40,79,41,2555,الله الذي جعل لكم الأنعام لتركبوا منها ومنها تأكلون
40,80,57,3409,ولكم فيها منافع ولتبلغوا عليها حاجة في صدوركم وعليها وعلى الفلك تحملون
40,81,25,1995,ويريكم آياته فأي آيات الله تنكرون
40,82,94,8998,أفلم يسيروا في الأرض فينظروا كيف كان عاقبة الذين من قبلهم ۚ كانوا أكثر منهم وأشد قوة وآثارا في الأرض فما أغنى عنهم ما كانوا يكسبون
40,83,65,3025,فلما جاءتهم رسلهم بالبينات فرحوا بما عندهم من العلم وحاق بهم ما كانوا به يستهزئون
40,84,48,1889,فلما رأوا بأسنا قالوا آمنا بالله وحده وكفرنا بما كنا به مشركين
40,85,67,4655,فلم يك ينفعهم إيمانهم لما رأوا بأسنا ۖ سنت الله التي قد خلت في عباده ۖ وخسر هنالك الكافرون
41,1,2,48,حم
41,2,19,1205,تنزيل من الرحمن الرحيم
41,3,31,2455,كتاب فصلت آياته قرآنا عربيا لقوم يعلمون
41,4,31,3787,بشيرا ونذيرا فأعرض أكثرهم فهم لا يسمعون
41,5,70,3184,وقالوا قلوبنا في أكنة مما تدعونا إليه وفي آذاننا وقر ومن بيننا وبينك حجاب فاعمل إننا عاملون
41,6,66,4941,قل إنما أنا بشر مثلكم يوحى إلي أنما إلهكم إله واحد فاستقيموا إليه واستغفروه ۗ وويل للمشركين
41,7,32,2633,الذين لا يؤتون الزكاة وهم بالآخرة هم كافرون
41,8,37,3326,إن الذين آمنوا وعملوا الصالحات لهم أجر غير ممنون
41,9,58,5580,۞ قل أئنكم لتكفرون بالذي خلق الأرض في يومين وتجعلون له أندادا ۚ ذلك رب العالمين
41,10,61,2699,وجعل فيها رواسي من فوقها وبارك فيها وقدر فيها أقواتها في أربعة أيام سواء للسائلين
41,11,58,5021,ثم استوى إلى السماء وهي دخان فقال لها وللأرض ائتيا طوعا أو كرها قالتا أتينا طائعين
41,12,84,5609,فقضاهن سبع سماوات في يومين وأوحى في كل سماء أمرها ۚ وزينا السماء الدنيا بمصابيح وحفظا ۚ ذلك تقدير العزيز العليم
41,13,35,4550,فإن أعرضوا فقل أنذرتكم صاعقة مثل صاعقة عاد وثمود
41,14,83,5357,إذ جاءتهم الرسل من بين أيديهم ومن خلفهم ألا تعبدوا إلا الله ۖ قالوا لو شاء ربنا لأنزل ملائكة فإنا بما أرسلتم به كافرون
41,15,93,7283,فأما عاد فاستكبروا في الأرض بغير الحق وقالوا من أشد منا قوة ۖ أولم يروا أن الله الذي خلقهم هو أشد منهم قوة ۖ وكانوا بآياتنا يجحدون
41,16,82,7363,فأرسلنا عليهم ريحا صرصرا في أيام نحسات لنذيقهم عذاب الخزي في الحياة الدنيا ۖ ولعذاب الآخرة أخزى ۖ وهم لا ينصرون
41,17,68,4882,وأما ثمود فهديناهم فاستحبوا العمى على الهدى فأخذتهم صاعقة العذاب الهون بما كانوا يكسبون
41,18,26,1658,ونجينا الذين آمنوا وكانوا يتقون
41,19,30,1307,ويوم يحشر أعداء الله إلى النار فهم يوزعون
41,20,52,2610,حتى إذا ما جاءوها شهد عليهم سمعهم وأبصارهم وجلودهم بما كانوا يعملون
41,21,72,4779,وقالوا لجلودهم لم شهدتم علينا ۖ قالوا أنطقنا الله الذي أنطق كل شيء وهو خلقكم أول مرة وإليه ترجعون
41,22,81,6623,وما كنتم تستترون أن يشهد عليكم سمعكم ولا أبصاركم ولا جلودكم ولكن ظننتم أن الله لا يعلم كثيرا مما تعملون
41,23,44,6178,وذلكم ظنكم الذي ظننتم بربكم أرداكم فأصبحتم من الخاسرين
41,24,45,3286,فإن يصبروا فالنار مثوى لهم ۖ وإن يستعتبوا فما هم من المعتبين
41,25,94,6018,۞ وقيضنا لهم قرناء فزينوا لهم ما بين أيديهم وما خلفهم وحق عليهم القول في أمم قد خلت من قبلهم من الجن والإنس ۖ إنهم كانوا خاسرين
41,26,51,5777,وقال الذين كفروا لا تسمعوا لهذا القرآن والغوا فيه لعلكم تغلبون
41,27,53,4503,فلنذيقن الذين كفروا عذابا شديدا ولنجزينهم أسوأ الذي كانوا يعملون
41,28,56,2902,ذلك جزاء أعداء الله النار ۖ لهم فيها دار الخلد ۖ جزاء بما كانوا بآياتنا يجحدون
41,29,74,5434,وقال الذين كفروا ربنا أرنا اللذين أضلانا من الجن والإنس نجعلهما تحت أقدامنا ليكونا من الأسفلين
41,30,87,7327,إن الذين قالوا ربنا الله ثم استقاموا تتنزل عليهم الملائكة ألا تخافوا ولا تحزنوا وأبشروا بالجنة التي كنتم توعدون
41,31,64,3739,نحن أولياؤكم في الحياة الدنيا وفي الآخرة ۖ ولكم فيها ما تشتهي أنفسكم ولكم فيها ما تدعون
41,32,14,1722,نزلا من غفور رحيم
41,33,47,1526,ومن أحسن قولا ممن دعا إلى الله وعمل صالحا وقال إنني من المسلمين
41,34,64,3908,ولا تستوي الحسنة ولا السيئة ۚ ادفع بالتي هي أحسن فإذا الذي بينك وبينه عداوة كأنه ولي حميم
41,35,40,4174,وما يلقاها إلا الذين صبروا وما يلقاها إلا ذو حظ عظيم
41,36,48,4569,وإما ينزغنك من الشيطان نزغ فاستعذ بالله ۖ إنه هو السميع العليم
41,37,85,5902,ومن آياته الليل والنهار والشمس والقمر ۚ لا تسجدوا للشمس ولا للقمر واسجدوا لله الذي خلقهن إن كنتم إياه تعبدون
41,38,53,2852,فإن استكبروا فالذين عند ربك يسبحون له بالليل والنهار وهم لا يسأمون ۩
41,39,77,7932,ومن آياته أنك ترى الأرض خاشعة فإذا أنزلنا عليها الماء اهتزت وربت ۚ إن الذي أحياها لمحيي الموتى ۚ إنه على كل شيء قدير
41,40,91,6735,إن الذين يلحدون في آياتنا لا يخفون علينا ۗ أفمن يلقى في النار خير أم من يأتي آمنا يوم القيامة ۚ اعملوا ما شئتم ۖ إنه بما تعملون بصير
41,41,36,2829,إن الذين كفروا بالذكر لما جاءهم ۖ وإنه لكتاب عزيز
41,42,45,2279,لا يأتيه الباطل من بين يديه ولا من خلفه ۖ تنزيل من حكيم حميد
41,43,49,4433,ما يقال لك إلا ما قد قيل للرسل من قبلك ۚ إن ربك لذو مغفرة وذو عقاب أليم
41,44,116,6714,ولو جعلناه قرآنا أعجميا لقالوا لولا فصلت آياته ۖ أأعجمي وعربي ۗ قل هو للذين آمنوا هدى وشفاء ۖ والذين لا يؤمنون في آذانهم وقر وهو عليهم عمى ۚ أولئك ينادون من مكان بعيد
41,45,68,5419,ولقد آتينا موسى الكتاب فاختلف فيه ۗ ولولا كلمة سبقت من ربك لقضي بينهم ۚ وإنهم لفي شك منه مريب
41,46,44,2406,من عمل صالحا فلنفسه ۖ ومن أساء فعليها ۗ وما ربك بظلام للعبيد
41,47,98,8112,۞ إليه يرد علم الساعة ۚ وما تخرج من ثمرات من أكمامها وما تحمل من أنثى ولا تضع إلا بعلمه ۚ ويوم يناديهم أين شركائي قالوا آذناك ما منا من شهيد
41,48,40,2799,وضل عنهم ما كانوا يدعون من قبل ۖ وظنوا ما لهم من محيص
41,49,38,2352,لا يسأم الإنسان من دعاء الخير وإن مسه الشر فيئوس قنوط
41,50,116,11967,ولئن أذقناه رحمة منا من بعد ضراء مسته ليقولن هذا لي وما أظن الساعة قائمة ولئن رجعت إلى ربي إن لي عنده للحسنى ۚ فلننبئن الذين كفروا بما عملوا ولنذيقنهم من عذاب غليظ
41,51,47,5683,وإذا أنعمنا على الإنسان أعرض ونأى بجانبه وإذا مسه الشر فذو دعاء عريض
41,52,47,4206,قل أرأيتم إن كان من عند الله ثم كفرتم به من أضل ممن هو في شقاق بعيد
41,53,64,3853,سنريهم آياتنا في الآفاق وفي أنفسهم حتى يتبين لهم أنه الحق ۗ أولم يكف بربك أنه على كل شيء شهيد
41,54,32,1449,ألا إنهم في مرية من لقاء ربهم ۗ ألا إنه بكل شيء محيط
42,1,2,48,حم
42,2,3,230,عسق
42,3,40,2233,كذلك يوحي إليك وإلى الذين من قبلك الله العزيز الحكيم
42,4,37,3082,له ما في السماوات وما في الأرض ۖ وهو العلي العظيم
42,5,85,7426,تكاد السماوات يتفطرن من فوقهن ۚ والملائكة يسبحون بحمد ربهم ويستغفرون لمن في الأرض ۗ ألا إن الله هو الغفور الرحيم
42,6,50,4646,والذين اتخذوا من دونه أولياء الله حفيظ عليهم وما أنت عليهم بوكيل
42,7,84,6757,وكذلك أوحينا إليك قرآنا عربيا لتنذر أم القرى ومن حولها وتنذر يوم الجمع لا ريب فيه ۚ فريق في الجنة وفريق في السعير
42,8,66,4243,ولو شاء الله لجعلهم أمة واحدة ولكن يدخل من يشاء في رحمته ۚ والظالمون ما لهم من ولي ولا نصير
42,9,54,3507,أم اتخذوا من دونه أولياء ۖ فالله هو الولي وهو يحيي الموتى وهو على كل شيء قدير
42,10,54,4494,وما اختلفتم فيه من شيء فحكمه إلى الله ۚ ذلكم الله ربي عليه توكلت وإليه أنيب
42,11,82,5354,فاطر السماوات والأرض ۚ جعل لكم من أنفسكم أزواجا ومن الأنعام أزواجا ۖ يذرؤكم فيه ۚ ليس كمثله شيء ۖ وهو السميع البصير
42,12,52,3533,له مقاليد السماوات والأرض ۖ يبسط الرزق لمن يشاء ويقدر ۚ إنه بكل شيء عليم
42,13,139,7047,۞ شرع لكم من الدين ما وصى به نوحا والذي أوحينا إليك وما وصينا به إبراهيم وموسى وعيسى ۖ أن أقيموا الدين ولا تتفرقوا فيه ۚ كبر على المشركين ما تدعوهم إليه ۚ الله يجتبي إليه من يشاء ويهدي إليه من ينيب
42,14,105,7711,وما تفرقوا إلا من بعد ما جاءهم العلم بغيا بينهم ۚ ولولا كلمة سبقت من ربك إلى أجل مسمى لقضي بينهم ۚ وإن الذين أورثوا الكتاب من بعدهم لفي شك منه مريب
42,15,138,7690,فلذلك فادع ۖ واستقم كما أمرت ۖ ولا تتبع أهواءهم ۖ وقل آمنت بما أنزل الله من كتاب ۖ وأمرت لأعدل بينكم ۖ الله ربنا وربكم ۖ لنا أعمالنا ولكم أعمالكم ۖ لا حجة بيننا وبينكم ۖ الله يجمع بيننا ۖ وإليه المصير
42,16,70,6524,والذين يحاجون في الله من بعد ما استجيب له حجتهم داحضة عند ربهم وعليهم غضب ولهم عذاب شديد
42,17,50,2529,الله الذي أنزل الكتاب بالحق والميزان ۗ وما يدريك لعل الساعة قريب
42,18,90,6038,يستعجل بها الذين لا يؤمنون بها ۖ والذين آمنوا مشفقون منها ويعلمون أنها الحق ۗ ألا إن الذين يمارون في الساعة لفي ضلال بعيد
42,19,37,1286,الله لطيف بعباده يرزق من يشاء ۖ وهو القوي العزيز
42,20,70,5814,من كان يريد حرث الآخرة نزد له في حرثه ۖ ومن كان يريد حرث الدنيا نؤته منها وما له في الآخرة من نصيب
42,21,78,5904,أم لهم شركاء شرعوا لهم من الدين ما لم يأذن به الله ۚ ولولا كلمة الفصل لقضي بينهم ۗ وإن الظالمين لهم عذاب أليم
42,22,104,9062,ترى الظالمين مشفقين مما كسبوا وهو واقع بهم ۗ والذين آمنوا وعملوا الصالحات في روضات الجنات ۖ لهم ما يشاءون عند ربهم ۚ ذلك هو الفضل الكبير
42,23,109,8161,ذلك الذي يبشر الله عباده الذين آمنوا وعملوا الصالحات ۗ قل لا أسألكم عليه أجرا إلا المودة في القربى ۗ ومن يقترف حسنة نزد له فيها حسنا ۚ إن الله غفور شكور
42,24,84,6223,أم يقولون افترى على الله كذبا ۖ فإن يشإ الله يختم على قلبك ۗ ويمح الله الباطل ويحق الحق بكلماته ۚ إنه عليم بذات الصدور
42,25,49,3168,وهو الذي يقبل التوبة عن عباده ويعفو عن السيئات ويعلم ما تفعلون
42,26,63,4740,ويستجيب الذين آمنوا وعملوا الصالحات ويزيدهم من فضله ۚ والكافرون لهم عذاب شديد
42,27,65,4903,۞ ولو بسط الله الرزق لعباده لبغوا في الأرض ولكن ينزل بقدر ما يشاء ۚ إنه بعباده خبير بصير
42,28,52,4175,وهو الذي ينزل الغيث من بعد ما قنطوا وينشر رحمته ۚ وهو الولي الحميد
42,29,57,5201,ومن آياته خلق السماوات والأرض وما بث فيهما من دابة ۚ وهو على جمعهم إذا يشاء قدير
42,30,38,2143,وما أصابكم من مصيبة فبما كسبت أيديكم ويعفو عن كثير
42,31,46,2716,وما أنتم بمعجزين في الأرض ۖ وما لكم من دون الله من ولي ولا نصير
42,32,27,1276,ومن آياته الجوار في البحر كالأعلام
42,33,50,5520,إن يشأ يسكن الريح فيظللن رواكد على ظهره ۚ إن في ذلك لآيات لكل صبار شكور
42,34,25,1327,أو يوبقهن بما كسبوا ويعف عن كثير
42,35,35,1957,ويعلم الذين يجادلون في آياتنا ما لهم من محيص
42,36,67,5061,فما أوتيتم من شيء فمتاع الحياة الدنيا ۖ وما عند الله خير وأبقى للذين آمنوا وعلى ربهم يتوكلون
42,37,47,6492,والذين يجتنبون كبائر الإثم والفواحش وإذا ما غضبوا هم يغفرون
42,38,60,3544,والذين استجابوا لربهم وأقاموا الصلاة وأمرهم شورى بينهم ومما رزقناهم ينفقون
42,39,27,3530,والذين إذا أصابهم البغي هم ينتصرون
42,40,48,2810,وجزاء سيئة سيئة مثلها ۖ فمن عفا وأصلح فأجره على الله ۚ إنه لا يحب الظالمين
42,41,33,2442,ولمن انتصر بعد ظلمه فأولئك ما عليهم من سبيل
42,42,60,6823,إنما السبيل على الذين يظلمون الناس ويبغون في الأرض بغير الحق ۚ أولئك لهم عذاب أليم
42,43,26,3018,ولمن صبر وغفر إن ذلك لمن عزم الأمور
42,44,68,4948,ومن يضلل الله فما له من ولي من بعده ۗ وترى الظالمين لما رأوا العذاب يقولون هل إلى مرد من سبيل
42,45,116,12521,وتراهم يعرضون عليها خاشعين من الذل ينظرون من طرف خفي ۗ وقال الذين آمنوا إن الخاسرين الذين خسروا أنفسهم وأهليهم يوم القيامة ۗ ألا إن الظالمين في عذاب مقيم
42,46,54,2377,وما كان لهم من أولياء ينصرونهم من دون الله ۗ ومن يضلل الله فما له من سبيل
42,47,64,3546,استجيبوا لربكم من قبل أن يأتي يوم لا مرد له من الله ۚ ما لكم من ملجإ يومئذ وما لكم من نكير
42,48,99,8501,فإن أعرضوا فما أرسلناك عليهم حفيظا ۖ إن عليك إلا البلاغ ۗ وإنا إذا أذقنا الإنسان منا رحمة فرح بها ۖ وإن تصبهم سيئة بما قدمت أيديهم فإن الإنسان كفور
42,49,57,5234,لله ملك السماوات والأرض ۚ يخلق ما يشاء ۚ يهب لمن يشاء إناثا ويهب لمن يشاء الذكور
42,50,43,2867,أو يزوجهم ذكرانا وإناثا ۖ ويجعل من يشاء عقيما ۚ إنه عليم قدير
42,51,69,3313,۞ وما كان لبشر أن يكلمه الله إلا وحيا أو من وراء حجاب أو يرسل رسولا فيوحي بإذنه ما يشاء ۚ إنه علي حكيم
42,52,101,6058,وكذلك أوحينا إليك روحا من أمرنا ۚ ما كنت تدري ما الكتاب ولا الإيمان ولكن جعلناه نورا نهدي به من نشاء من عبادنا ۚ وإنك لتهدي إلى صراط مستقيم
42,53,51,4084,صراط الله الذي له ما في السماوات وما في الأرض ۗ ألا إلى الله تصير الأمور
43,1,2,48,حم
43,2,13,593,والكتاب المبين
43,3,28,1690,إنا جعلناه قرآنا عربيا لعلكم تعقلون
43,4,25,958,وإنه في أم الكتاب لدينا لعلي حكيم
43,5,33,3589,أفنضرب عنكم الذكر صفحا أن كنتم قوما مسرفين
43,6,21,776,وكم أرسلنا من نبي في الأولين
43,7,29,1318,وما يأتيهم من نبي إلا كانوا به يستهزئون
43,8,28,2480,فأهلكنا أشد منهم بطشا ومضى مثل الأولين
43,9,49,4334,ولئن سألتهم من خلق السماوات والأرض ليقولن خلقهن العزيز العليم
43,10,44,3458,الذي جعل لكم الأرض مهدا وجعل لكم فيها سبلا لعلكم تهتدون
43,11,46,4607,والذي نزل من السماء ماء بقدر فأنشرنا به بلدة ميتا ۚ كذلك تخرجون
43,12,47,2948,والذي خلق الأزواج كلها وجعل لكم من الفلك والأنعام ما تركبون
43,13,81,9802,لتستووا على ظهوره ثم تذكروا نعمة ربكم إذا استويتم عليه وتقولوا سبحان الذي سخر لنا هذا وما كنا له مقرنين
43,14,16,648,وإنا إلى ربنا لمنقلبون
43,15,34,1014,وجعلوا له من عباده جزءا ۚ إن الإنسان لكفور مبين
43,16,29,3397,أم اتخذ مما يخلق بنات وأصفاكم بالبنين
43,17,44,5287,وإذا بشر أحدهم بما ضرب للرحمن مثلا ظل وجهه مسودا وهو كظيم
43,18,31,2806,أومن ينشأ في الحلية وهو في الخصام غير مبين
43,19,61,4922,وجعلوا الملائكة الذين هم عباد الرحمن إناثا ۚ أشهدوا خلقهم ۚ ستكتب شهادتهم ويسألون
43,20,50,3203,وقالوا لو شاء الرحمن ما عبدناهم ۗ ما لهم بذلك من علم ۖ إن هم إلا يخرصون
43,21,31,2005,أم آتيناهم كتابا من قبله فهم به مستمسكون
43,22,37,1887,بل قالوا إنا وجدنا آباءنا على أمة وإنا على آثارهم مهتدون
43,23,71,5556,وكذلك ما أرسلنا من قبلك في قرية من نذير إلا قال مترفوها إنا وجدنا آباءنا على أمة وإنا على آثارهم مقتدون
43,24,52,2685,۞ قال أولو جئتكم بأهدى مما وجدتم عليه آباءكم ۖ قالوا إنا بما أرسلتم به كافرون
43,25,35,3295,فانتقمنا منهم ۖ فانظر كيف كان عاقبة المكذبين
43,26,35,2225,وإذ قال إبراهيم لأبيه وقومه إنني براء مما تعبدون
43,27,20,1395,إلا الذي فطرني فإنه سيهدين
43,28,30,1099,وجعلها كلمة باقية في عقبه لعلهم يرجعون
43,29,33,2032,بل متعت هؤلاء وآباءهم حتى جاءهم الحق ورسول مبين
43,30,34,1798,ولما جاءهم الحق قالوا هذا سحر وإنا به كافرون
43,31,40,3629,وقالوا لولا نزل هذا القرآن على رجل من القريتين عظيم
43,32,109,12085,أهم يقسمون رحمت ربك ۚ نحن قسمنا بينهم معيشتهم في الحياة الدنيا ۚ ورفعنا بعضهم فوق بعض درجات ليتخذ بعضهم بعضا سخريا ۗ ورحمت ربك خير مما يجمعون
43,33,72,4666,ولولا أن يكون الناس أمة واحدة لجعلنا لمن يكفر بالرحمن لبيوتهم سقفا من فضة ومعارج عليها يظهرون
43,34,28,1580,ولبيوتهم أبوابا وسررا عليها يتكئون
43,35,49,4321,وزخرفا ۚ وإن كل ذلك لما متاع الحياة الدنيا ۚ والآخرة عند ربك للمتقين
43,36,38,3697,ومن يعش عن ذكر الرحمن نقيض له شيطانا فهو له قرين
43,37,36,1331,وإنهم ليصدونهم عن السبيل ويحسبون أنهم مهتدون
43,38,45,3246,حتى إذا جاءنا قال يا ليت بيني وبينك بعد المشرقين فبئس القرين
43,39,38,4573,ولن ينفعكم اليوم إذ ظلمتم أنكم في العذاب مشتركون
43,40,37,3057,أفأنت تسمع الصم أو تهدي العمي ومن كان في ضلال مبين
43,41,24,1902,فإما نذهبن بك فإنا منهم منتقمون
43,42,32,2339,أو نرينك الذي وعدناهم فإنا عليهم مقتدرون
43,43,32,2608,فاستمسك بالذي أوحي إليك ۖ إنك على صراط مستقيم
43,44,24,1961,وإنه لذكر لك ولقومك ۖ وسوف تسألون
43,45,48,2011,واسأل من أرسلنا من قبلك من رسلنا أجعلنا من دون الرحمن آلهة يعبدون
43,46,48,2569,ولقد أرسلنا موسى بآياتنا إلى فرعون وملئه فقال إني رسول رب العالمين
43,47,28,2400,فلما جاءهم بآياتنا إذا هم منها يضحكون
43,48,49,4538,وما نريهم من آية إلا هي أكبر من أختها ۖ وأخذناهم بالعذاب لعلهم يرجعون
43,49,45,1750,وقالوا يا أيه الساحر ادع لنا ربك بما عهد عندك إننا لمهتدون
43,50,29,2953,فلما كشفنا عنهم العذاب إذا هم ينكثون
43,51,63,4939,ونادى فرعون في قومه قال يا قوم أليس لي ملك مصر وهذه الأنهار تجري من تحتي ۖ أفلا تبصرون
43,52,32,2698,أم أنا خير من هذا الذي هو مهين ولا يكاد يبين
43,53,39,2562,فلولا ألقي عليه أسورة من ذهب أو جاء معه الملائكة مقترنين
43,54,34,2164,فاستخف قومه فأطاعوه ۚ إنهم كانوا قوما فاسقين
43,55,33,2774,فلما آسفونا انتقمنا منهم فأغرقناهم أجمعين
43,56,23,1947,فجعلناهم سلفا ومثلا للآخرين
43,57,32,3115,۞ ولما ضرب ابن مريم مثلا إذا قومك منه يصدون
43,58,44,3673,وقالوا أآلهتنا خير أم هو ۚ ما ضربوه لك إلا جدلا ۚ بل هم قوم خصمون
43,59,37,1623,إن هو إلا عبد أنعمنا عليه وجعلناه مثلا لبني إسرائيل
43,60,32,2715,ولو نشاء لجعلنا منكم ملائكة في الأرض يخلفون
43,61,43,3822,وإنه لعلم للساعة فلا تمترن بها واتبعون ۚ هذا صراط مستقيم
43,62,28,979,ولا يصدنكم الشيطان ۖ إنه لكم عدو مبين
43,63,73,5783,ولما جاء عيسى بالبينات قال قد جئتكم بالحكمة ولأبين لكم بعض الذي تختلفون فيه ۖ فاتقوا الله وأطيعون
43,64,35,2431,إن الله هو ربي وربكم فاعبدوه ۚ هذا صراط مستقيم
43,65,45,4359,فاختلف الأحزاب من بينهم ۖ فويل للذين ظلموا من عذاب يوم أليم
43,66,35,4469,هل ينظرون إلا الساعة أن تأتيهم بغتة وهم لا يشعرون
43,67,30,3979,الأخلاء يومئذ بعضهم لبعض عدو إلا المتقين
43,68,33,2110,يا عباد لا خوف عليكم اليوم ولا أنتم تحزنون
43,69,27,1666,الذين آمنوا بآياتنا وكانوا مسلمين
43,70,26,1965,ادخلوا الجنة أنتم وأزواجكم تحبرون
43,71,65,5332,يطاف عليهم بصحاف من ذهب وأكواب ۖ وفيها ما تشتهيه الأنفس وتلذ الأعين ۖ وأنتم فيها خالدون
43,72,33,3288,وتلك الجنة التي أورثتموها بما كنتم تعملون
43,73,24,1624,لكم فيها فاكهة كثيرة منها تأكلون
43,74,25,2076,إن المجرمين في عذاب جهنم خالدون
43,75,22,1220,لا يفتر عنهم وهم فيه مبلسون
43,76,29,2404,وما ظلمناهم ولكن كانوا هم الظالمين
43,77,36,2351,ونادوا يا مالك ليقض علينا ربك ۖ قال إنكم ماكثون
43,78,32,1725,لقد جئناكم بالحق ولكن أكثركم للحق كارهون
43,79,18,999,أم أبرموا أمرا فإنا مبرمون
43,80,45,1850,أم يحسبون أنا لا نسمع سرهم ونجواهم ۚ بلى ورسلنا لديهم يكتبون
43,81,28,984,قل إن كان للرحمن ولد فأنا أول العابدين
43,82,35,3049,سبحان رب السماوات والأرض رب العرش عما يصفون
43,83,41,4117,فذرهم يخوضوا ويلعبوا حتى يلاقوا يومهم الذي يوعدون
43,84,40,2484,وهو الذي في السماء إله وفي الأرض إله ۚ وهو الحكيم العليم
43,85,60,4443,وتبارك الذي له ملك السماوات والأرض وما بينهما وعنده علم الساعة وإليه ترجعون
43,86,50,2533,ولا يملك الذين يدعون من دونه الشفاعة إلا من شهد بالحق وهم يعلمون
43,87,32,2074,ولئن سألتهم من خلقهم ليقولن الله ۖ فأنى يؤفكون
43,88,23,783,وقيله يا رب إن هؤلاء قوم لا يؤمنون
43,89,26,1123,فاصفح عنهم وقل سلام ۚ فسوف يعلمون
44,1,2,48,حم
44,2,13,593,والكتاب المبين
44,3,29,1789,إنا أنزلناه في ليلة مباركة ۚ إنا كنا منذرين
44,4,16,854,فيها يفرق كل أمر حكيم
44,5,21,1018,أمرا من عندنا ۚ إنا كنا مرسلين
44,6,24,1018,رحمة من ربك ۚ إنه هو السميع العليم
44,7,35,2749,رب السماوات والأرض وما بينهما ۖ إن كنتم موقنين
44,8,34,1272,لا إله إلا هو يحيي ويميت ۖ ربكم ورب آبائكم الأولين
44,9,14,655,بل هم في شك يلعبون
44,10,26,2540,فارتقب يوم تأتي السماء بدخان مبين
44,11,18,3011,يغشى الناس ۖ هذا عذاب أليم
44,12,24,1816,ربنا اكشف عنا العذاب إنا مؤمنون
44,13,24,1633,أنى لهم الذكرى وقد جاءهم رسول مبين
44,14,25,1581,ثم تولوا عنه وقالوا معلم مجنون
44,15,26,1674,إنا كاشفو العذاب قليلا ۚ إنكم عائدون
44,16,26,1749,يوم نبطش البطشة الكبرى إنا منتقمون
44,17,34,2021,۞ ولقد فتنا قبلهم قوم فرعون وجاءهم رسول كريم
44,18,26,790,أن أدوا إلي عباد الله ۖ إني لكم رسول أمين
44,19,31,1544,وأن لا تعلوا على الله ۖ إني آتيكم بسلطان مبين
44,20,22,2467,وإني عذت بربي وربكم أن ترجمون
44,21,19,1307,وإن لم تؤمنوا لي فاعتزلون
44,22,20,933,فدعا ربه أن هؤلاء قوم مجرمون
44,23,22,1178,فأسر بعبادي ليلا إنكم متبعون
44,24,26,2628,واترك البحر رهوا ۖ إنهم جند مغرقون
44,25,18,1373,كم تركوا من جنات وعيون
44,26,14,746,وزروع ومقام كريم
44,27,19,506,ونعمة كانوا فيها فاكهين
44,28,20,2546,كذلك ۖ وأورثناها قوما آخرين
44,29,35,3242,فما بكت عليهم السماء والأرض وما كانوا منظرين
44,30,31,1647,ولقد نجينا بني إسرائيل من العذاب المهين
44,31,27,1295,من فرعون ۚ إنه كان عاليا من المسرفين
44,32,27,2009,ولقد اخترناهم على علم على العالمين
44,33,26,1315,وآتيناهم من الآيات ما فيه بلاء مبين
44,34,11,318,إن هؤلاء ليقولون
44,35,28,1867,إن هي إلا موتتنا الأولى وما نحن بمنشرين
44,36,20,1358,فأتوا بآبائنا إن كنتم صادقين
44,37,46,3244,أهم خير أم قوم تبع والذين من قبلهم ۚ أهلكناهم ۖ إنهم كانوا مجرمين
44,38,36,2722,وما خلقنا السماوات والأرض وما بينهما لاعبين
44,39,34,2148,ما خلقناهما إلا بالحق ولكن أكثرهم لا يعلمون
44,40,21,1106,إن يوم الفصل ميقاتهم أجمعين
44,41,31,2228,يوم لا يغني مولى عن مولى شيئا ولا هم ينصرون
44,42,27,915,إلا من رحم الله ۚ إنه هو العزيز الرحيم
44,43,11,1137,إن شجرت الزقوم
44,44,9,701,طعام الأثيم
44,45,18,1364,كالمهل يغلي في البطون
44,46,10,1189,كغلي الحميم
44,47,21,2092,خذوه فاعتلوه إلى سواء الجحيم
44,48,24,2082,ثم صبوا فوق رأسه من عذاب الحميم
44,49,18,1746,ذق إنك أنت العزيز الكريم
44,50,18,2410,إن هذا ما كنتم به تمترون
44,51,17,1052,إن المتقين في مقام أمين
44,52,11,686,في جنات وعيون
44,53,26,1823,يلبسون من سندس وإستبرق متقابلين
44,54,19,1234,كذلك وزوجناهم بحور عين
44,55,20,544,يدعون فيها بكل فاكهة آمنين
44,56,44,3074,لا يذوقون فيها الموت إلا الموتة الأولى ۖ ووقاهم عذاب الجحيم
44,57,25,3159,فضلا من ربك ۚ ذلك هو الفوز العظيم
44,58,28,2221,فإنما يسرناه بلسانك لعلهم يتذكرون
44,59,16,1676,فارتقب إنهم مرتقبون
45,1,2,48,حم
45,2,29,1341,تنزيل الكتاب من الله العزيز الحكيم
45,3,27,2407,إن في السماوات والأرض لآيات للمؤمنين
45,4,32,2351,وفي خلقكم وما يبث من دابة آيات لقوم يوقنون
45,5,84,5885,واختلاف الليل والنهار وما أنزل الله من السماء من رزق فأحيا به الأرض بعد موتها وتصريف الرياح آيات لقوم يعقلون
45,6,49,3024,تلك آيات الله نتلوها عليك بالحق ۖ فبأي حديث بعد الله وآياته يؤمنون
45,7,12,777,ويل لكل أفاك أثيم
45,8,53,4933,يسمع آيات الله تتلى عليه ثم يصر مستكبرا كأن لم يسمعها ۖ فبشره بعذاب أليم
45,9,40,4445,وإذا علم من آياتنا شيئا اتخذها هزوا ۚ أولئك لهم عذاب مهين
45,10,68,6076,من ورائهم جهنم ۖ ولا يغني عنهم ما كسبوا شيئا ولا ما اتخذوا من دون الله أولياء ۖ ولهم عذاب عظيم
45,11,39,3707,هذا هدى ۖ والذين كفروا بآيات ربهم لهم عذاب من رجز أليم
45,12,62,7166,۞ الله الذي سخر لكم البحر لتجري الفلك فيه بأمره ولتبتغوا من فضله ولعلكم تشكرون
45,13,57,5286,وسخر لكم ما في السماوات وما في الأرض جميعا منه ۚ إن في ذلك لآيات لقوم يتفكرون
45,14,59,4057,قل للذين آمنوا يغفروا للذين لا يرجون أيام الله ليجزي قوما بما كانوا يكسبون
45,15,40,2579,من عمل صالحا فلنفسه ۖ ومن أساء فعليها ۖ ثم إلى ربكم ترجعون
45,16,69,3914,ولقد آتينا بني إسرائيل الكتاب والحكم والنبوة ورزقناهم من الطيبات وفضلناهم على العالمين
45,17,96,7170,وآتيناهم بينات من الأمر ۖ فما اختلفوا إلا من بعد ما جاءهم العلم بغيا بينهم ۚ إن ربك يقضي بينهم يوم القيامة فيما كانوا فيه يختلفون
45,18,50,4263,ثم جعلناك على شريعة من الأمر فاتبعها ولا تتبع أهواء الذين لا يعلمون
45,19,59,5552,إنهم لن يغنوا عنك من الله شيئا ۚ وإن الظالمين بعضهم أولياء بعض ۖ والله ولي المتقين
45,20,29,1837,هذا بصائر للناس وهدى ورحمة لقوم يوقنون
45,21,79,4831,أم حسب الذين اجترحوا السيئات أن نجعلهم كالذين آمنوا وعملوا الصالحات سواء محياهم ومماتهم ۚ ساء ما يحكمون
45,22,54,4848,وخلق الله السماوات والأرض بالحق ولتجزى كل نفس بما كسبت وهم لا يظلمون
45,23,85,8885,أفرأيت من اتخذ إلهه هواه وأضله الله على علم وختم على سمعه وقلبه وجعل على بصره غشاوة فمن يهديه من بعد الله ۚ أفلا تذكرون
45,24,74,4048,وقالوا ما هي إلا حياتنا الدنيا نموت ونحيا وما يهلكنا إلا الدهر ۚ وما لهم بذلك من علم ۖ إن هم إلا يظنون
45,25,59,4683,وإذا تتلى عليهم آياتنا بينات ما كان حجتهم إلا أن قالوا ائتوا بآبائنا إن كنتم صادقين
45,26,66,3888,قل الله يحييكم ثم يميتكم ثم يجمعكم إلى يوم القيامة لا ريب فيه ولكن أكثر الناس لا يعلمون
45,27,49,4301,ولله ملك السماوات والأرض ۚ ويوم تقوم الساعة يومئذ يخسر المبطلون
45,28,45,3933,وترى كل أمة جاثية ۚ كل أمة تدعى إلى كتابها اليوم تجزون ما كنتم تعملون
45,29,46,4149,هذا كتابنا ينطق عليكم بالحق ۚ إنا كنا نستنسخ ما كنتم تعملون
45,30,60,4500,فأما الذين آمنوا وعملوا الصالحات فيدخلهم ربهم في رحمته ۚ ذلك هو الفوز المبين
45,31,55,5395,وأما الذين كفروا أفلم تكن آياتي تتلى عليكم فاستكبرتم وكنتم قوما مجرمين
45,32,72,5645,وإذا قيل إن وعد الله حق والساعة لا ريب فيها قلتم ما ندري ما الساعة إن نظن إلا ظنا وما نحن بمستيقنين
45,33,41,1573,وبدا لهم سيئات ما عملوا وحاق بهم ما كانوا به يستهزئون
45,34,59,3051,وقيل اليوم ننساكم كما نسيتم لقاء يومكم هذا ومأواكم النار وما لكم من ناصرين
45,35,73,7594,ذلكم بأنكم اتخذتم آيات الله هزوا وغرتكم الحياة الدنيا ۚ فاليوم لا يخرجون منها ولا هم يستعتبون
45,36,36,2642,فلله الحمد رب السماوات ورب الأرض رب العالمين
45,37,40,2222,وله الكبرياء في السماوات والأرض ۖ وهو العزيز الحكيم
46,1,2,48,حم
46,2,29,1341,تنزيل الكتاب من الله العزيز الحكيم
46,3,67,6242,ما خلقنا السماوات والأرض وما بينهما إلا بالحق وأجل مسمى ۚ والذين كفروا عما أنذروا معرضون
46,4,96,9269,قل أرأيتم ما تدعون من دون الله أروني ماذا خلقوا من الأرض أم لهم شرك في السماوات ۖ ائتوني بكتاب من قبل هذا أو أثارة من علم إن كنتم صادقين
46,5,59,3729,ومن أضل ممن يدعو من دون الله من لا يستجيب له إلى يوم القيامة وهم عن دعائهم غافلون
46,6,42,2554,وإذا حشر الناس كانوا لهم أعداء وكانوا بعبادتهم كافرين
46,7,55,5210,وإذا تتلى عليهم آياتنا بينات قال الذين كفروا للحق لما جاءهم هذا سحر مبين
46,8,94,7254,أم يقولون افتراه ۖ قل إن افتريته فلا تملكون لي من الله شيئا ۖ هو أعلم بما تفيضون فيه ۖ كفى به شهيدا بيني وبينكم ۖ وهو الغفور الرحيم
46,9,66,3581,قل ما كنت بدعا من الرسل وما أدري ما يفعل بي ولا بكم ۖ إن أتبع إلا ما يوحى إلي وما أنا إلا نذير مبين
46,10,87,6401,قل أرأيتم إن كان من عند الله وكفرتم به وشهد شاهد من بني إسرائيل على مثله فآمن واستكبرتم ۖ إن الله لا يهدي القوم الظالمين
46,11,72,5886,وقال الذين كفروا للذين آمنوا لو كان خيرا ما سبقونا إليه ۚ وإذ لم يهتدوا به فسيقولون هذا إفك قديم
46,12,71,6436,ومن قبله كتاب موسى إماما ورحمة ۚ وهذا كتاب مصدق لسانا عربيا لينذر الذين ظلموا وبشرى للمحسنين
46,13,51,3612,إن الذين قالوا ربنا الله ثم استقاموا فلا خوف عليهم ولا هم يحزنون
46,14,38,1370,أولئك أصحاب الجنة خالدين فيها جزاء بما كانوا يعملون
46,15,174,16173,ووصينا الإنسان بوالديه إحسانا ۖ حملته أمه كرها ووضعته كرها ۖ وحمله وفصاله ثلاثون شهرا ۚ حتى إذا بلغ أشده وبلغ أربعين سنة قال رب أوزعني أن أشكر نعمتك التي أنعمت علي وعلى والدي وأن أعمل صالحا ترضاه وأصلح لي في ذريتي ۖ إني تبت إليك وإني من المسلمين
46,16,75,4554,أولئك الذين نتقبل عنهم أحسن ما عملوا ونتجاوز عن سيئاتهم في أصحاب الجنة ۖ وعد الصدق الذي كانوا يوعدون
46,17,104,8352,والذي قال لوالديه أف لكما أتعدانني أن أخرج وقد خلت القرون من قبلي وهما يستغيثان الله ويلك آمن إن وعد الله حق فيقول ما هذا إلا أساطير الأولين
46,18,61,4263,أولئك الذين حق عليهم القول في أمم قد خلت من قبلهم من الجن والإنس ۖ إنهم كانوا خاسرين
46,19,42,2413,ولكل درجات مما عملوا ۖ وليوفيهم أعمالهم وهم لا يظلمون
46,20,126,13257,ويوم يعرض الذين كفروا على النار أذهبتم طيباتكم في حياتكم الدنيا واستمتعتم بها فاليوم تجزون عذاب الهون بما كنتم تستكبرون في الأرض بغير الحق وبما كنتم تفسقون
46,21,87,10110,۞ واذكر أخا عاد إذ أنذر قومه بالأحقاف وقد خلت النذر من بين يديه ومن خلفه ألا تعبدوا إلا الله إني أخاف عليكم عذاب يوم عظيم
46,22,48,3774,قالوا أجئتنا لتأفكنا عن آلهتنا فأتنا بما تعدنا إن كنت من الصادقين
46,23,51,3437,قال إنما العلم عند الله وأبلغكم ما أرسلت به ولكني أراكم قوما تجهلون
46,24,72,7048,فلما رأوه عارضا مستقبل أوديتهم قالوا هذا عارض ممطرنا ۚ بل هو ما استعجلتم به ۖ ريح فيها عذاب أليم
46,25,55,3520,تدمر كل شيء بأمر ربها فأصبحوا لا يرى إلا مساكنهم ۚ كذلك نجزي القوم المجرمين
46,26,124,6595,ولقد مكناهم فيما إن مكناكم فيه وجعلنا لهم سمعا وأبصارا وأفئدة فما أغنى عنهم سمعهم ولا أبصارهم ولا أفئدتهم من شيء إذ كانوا يجحدون بآيات الله وحاق بهم ما كانوا به يستهزئون
46,27,44,2195,ولقد أهلكنا ما حولكم من القرى وصرفنا الآيات لعلهم يرجعون
46,28,70,6442,فلولا نصرهم الذين اتخذوا من دون الله قربانا آلهة ۖ بل ضلوا عنهم ۚ وذلك إفكهم وما كانوا يفترون
46,29,74,6939,وإذ صرفنا إليك نفرا من الجن يستمعون القرآن فلما حضروه قالوا أنصتوا ۖ فلما قضي ولوا إلى قومهم منذرين
46,30,71,3001,قالوا يا قومنا إنا سمعنا كتابا أنزل من بعد موسى مصدقا لما بين يديه يهدي إلى الحق وإلى طريق مستقيم
46,31,57,4001,يا قومنا أجيبوا داعي الله وآمنوا به يغفر لكم من ذنوبكم ويجركم من عذاب أليم
46,32,60,3168,ومن لا يجب داعي الله فليس بمعجز في الأرض وليس له من دونه أولياء ۚ أولئك في ضلال مبين
46,33,75,6242,أولم يروا أن الله الذي خلق السماوات والأرض ولم يعي بخلقهن بقادر على أن يحيي الموتى ۚ بلى إنه على كل شيء قدير
46,34,76,7135,ويوم يعرض الذين كفروا على النار أليس هذا بالحق ۖ قالوا بلى وربنا ۚ قال فذوقوا العذاب بما كنتم تكفرون
46,35,102,5902,فاصبر كما صبر أولو العزم من الرسل ولا تستعجل لهم ۚ كأنهم يوم يرون ما يوعدون لم يلبثوا إلا ساعة من نهار ۚ بلاغ ۚ فهل يهلك إلا القوم الفاسقون
47,1,33,2509,الذين كفروا وصدوا عن سبيل الله أضل أعمالهم
47,2,76,3719,والذين آمنوا وعملوا الصالحات وآمنوا بما نزل على محمد وهو الحق من ربهم ۙ كفر عنهم سيئاتهم وأصلح بالهم
47,3,77,6988,ذلك بأن الذين كفروا اتبعوا الباطل وأن الذين آمنوا اتبعوا الحق من ربهم ۚ كذلك يضرب الله للناس أمثالهم
47,4,156,17056,فإذا لقيتم الذين كفروا فضرب الرقاب حتى إذا أثخنتموهم فشدوا الوثاق فإما منا بعد وإما فداء حتى تضع الحرب أوزارها ۚ ذلك ولو يشاء الله لانتصر منهم ولكن ليبلو بعضكم ببعض ۗ والذين قتلوا في سبيل الله فلن يضل أعمالهم
47,5,17,356,سيهديهم ويصلح بالهم
47,6,19,1210,ويدخلهم الجنة عرفها لهم
47,7,42,3311,يا أيها الذين آمنوا إن تنصروا الله ينصركم ويثبت أقدامكم
47,8,28,2812,والذين كفروا فتعسا لهم وأضل أعمالهم
47,9,31,1558,ذلك بأنهم كرهوا ما أنزل الله فأحبط أعمالهم
47,10,71,5686,۞ أفلم يسيروا في الأرض فينظروا كيف كان عاقبة الذين من قبلهم ۚ دمر الله عليهم ۖ وللكافرين أمثالها
47,11,39,2462,ذلك بأن الله مولى الذين آمنوا وأن الكافرين لا مولى لهم
47,12,101,8434,إن الله يدخل الذين آمنوا وعملوا الصالحات جنات تجري من تحتها الأنهار ۖ والذين كفروا يتمتعون ويأكلون كما تأكل الأنعام والنار مثوى لهم
47,13,48,4073,وكأين من قرية هي أشد قوة من قريتك التي أخرجتك أهلكناهم فلا ناصر لهم
47,14,42,1666,أفمن كان على بينة من ربه كمن زين له سوء عمله واتبعوا أهواءهم
47,15,159,14128,مثل الجنة التي وعد المتقون ۖ فيها أنهار من ماء غير آسن وأنهار من لبن لم يتغير طعمه وأنهار من خمر لذة للشاربين وأنهار من عسل مصفى ۖ ولهم فيها من كل الثمرات ومغفرة من ربهم ۖ كمن هو خالد في النار وسقوا ماء حميما فقطع أمعاءهم
47,16,94,7390,ومنهم من يستمع إليك حتى إذا خرجوا من عندك قالوا للذين أوتوا العلم ماذا قال آنفا ۚ أولئك الذين طبع الله على قلوبهم واتبعوا أهواءهم
47,17,30,2284,والذين اهتدوا زادهم هدى وآتاهم تقواهم
47,18,54,6856,فهل ينظرون إلا الساعة أن تأتيهم بغتة ۖ فقد جاء أشراطها ۚ فأنى لهم إذا جاءتهم ذكراهم
47,19,68,5279,فاعلم أنه لا إله إلا الله واستغفر لذنبك وللمؤمنين والمؤمنات ۗ والله يعلم متقلبكم ومثواكم
47,20,107,12480,ويقول الذين آمنوا لولا نزلت سورة ۖ فإذا أنزلت سورة محكمة وذكر فيها القتال ۙ رأيت الذين في قلوبهم مرض ينظرون إليك نظر المغشي عليه من الموت ۖ فأولى لهم
47,21,45,3157,طاعة وقول معروف ۚ فإذا عزم الأمر فلو صدقوا الله لكان خيرا لهم
47,22,41,4254,فهل عسيتم إن توليتم أن تفسدوا في الأرض وتقطعوا أرحامكم
47,23,31,1817,أولئك الذين لعنهم الله فأصمهم وأعمى أبصارهم
47,24,28,1659,أفلا يتدبرون القرآن أم على قلوب أقفالها
47,25,57,3312,إن الذين ارتدوا على أدبارهم من بعد ما تبين لهم الهدى ۙ الشيطان سول لهم وأملى لهم
47,26,62,4451,ذلك بأنهم قالوا للذين كرهوا ما نزل الله سنطيعكم في بعض الأمر ۖ والله يعلم إسرارهم
47,27,37,3335,فكيف إذا توفتهم الملائكة يضربون وجوههم وأدبارهم
47,28,44,3688,ذلك بأنهم اتبعوا ما أسخط الله وكرهوا رضوانه فأحبط أعمالهم
47,29,37,5119,أم حسب الذين في قلوبهم مرض أن لن يخرج الله أضغانهم
47,30,63,3461,ولو نشاء لأريناكهم فلعرفتهم بسيماهم ۚ ولتعرفنهم في لحن القول ۚ والله يعلم أعمالكم
47,31,48,2473,ولنبلونكم حتى نعلم المجاهدين منكم والصابرين ونبلو أخباركم
47,32,82,4823,إن الذين كفروا وصدوا عن سبيل الله وشاقوا الرسول من بعد ما تبين لهم الهدى لن يضروا الله شيئا وسيحبط أعمالهم
47,33,50,2192,۞ يا أيها الذين آمنوا أطيعوا الله وأطيعوا الرسول ولا تبطلوا أعمالكم
47,34,54,4474,إن الذين كفروا وصدوا عن سبيل الله ثم ماتوا وهم كفار فلن يغفر الله لهم
47,35,53,3133,فلا تهنوا وتدعوا إلى السلم وأنتم الأعلون والله معكم ولن يتركم أعمالكم
47,36,57,2925,إنما الحياة الدنيا لعب ولهو ۚ وإن تؤمنوا وتتقوا يؤتكم أجوركم ولا يسألكم أموالكم
47,37,32,4229,إن يسألكموها فيحفكم تبخلوا ويخرج أضغانكم
47,38,121,11003,ها أنتم هؤلاء تدعون لتنفقوا في سبيل الله فمنكم من يبخل ۖ ومن يبخل فإنما يبخل عن نفسه ۚ والله الغني وأنتم الفقراء ۚ وإن تتولوا يستبدل قوما غيركم ثم لا يكونوا أمثالكم
48,1,18,1232,إنا فتحنا لك فتحا مبينا
48,2,60,6288,ليغفر لك الله ما تقدم من ذنبك وما تأخر ويتم نعمته عليك ويهديك صراطا مستقيما
48,3,19,878,وينصرك الله نصرا عزيزا
48,4,88,3963,هو الذي أنزل السكينة في قلوب المؤمنين ليزدادوا إيمانا مع إيمانهم ۗ ولله جنود السماوات والأرض ۚ وكان الله عليما حكيما
48,5,89,7641,ليدخل المؤمنين والمؤمنات جنات تجري من تحتها الأنهار خالدين فيها ويكفر عنهم سيئاتهم ۚ وكان ذلك عند الله فوزا عظيما
48,6,110,9419,ويعذب المنافقين والمنافقات والمشركين والمشركات الظانين بالله ظن السوء ۚ عليهم دائرة السوء ۖ وغضب الله عليهم ولعنهم وأعد لهم جهنم ۖ وساءت مصيرا
48,7,39,2027,ولله جنود السماوات والأرض ۚ وكان الله عزيزا حكيما
48,8,25,2239,إنا أرسلناك شاهدا ومبشرا ونذيرا
48,9,46,3165,لتؤمنوا بالله ورسوله وتعزروه وتوقروه وتسبحوه بكرة وأصيلا
48,10,96,5713,إن الذين يبايعونك إنما يبايعون الله يد الله فوق أيديهم ۚ فمن نكث فإنما ينكث على نفسه ۖ ومن أوفى بما عاهد عليه الله فسيؤتيه أجرا عظيما
48,11,142,10969,سيقول لك المخلفون من الأعراب شغلتنا أموالنا وأهلونا فاستغفر لنا ۚ يقولون بألسنتهم ما ليس في قلوبهم ۚ قل فمن يملك لكم من الله شيئا إن أراد بكم ضرا أو أراد بكم نفعا ۚ بل كان الله بما تعملون خبيرا
48,12,78,6947,بل ظننتم أن لن ينقلب الرسول والمؤمنون إلى أهليهم أبدا وزين ذلك في قلوبكم وظننتم ظن السوء وكنتم قوما بورا
48,13,40,2059,ومن لم يؤمن بالله ورسوله فإنا أعتدنا للكافرين سعيرا
48,14,58,6336,ولله ملك السماوات والأرض ۚ يغفر لمن يشاء ويعذب من يشاء ۚ وكان الله غفورا رحيما
48,15,135,11271,سيقول المخلفون إذا انطلقتم إلى مغانم لتأخذوها ذرونا نتبعكم ۖ يريدون أن يبدلوا كلام الله ۚ قل لن تتبعونا كذلكم قال الله من قبل ۖ فسيقولون بل تحسدوننا ۚ بل كانوا لا يفقهون إلا قليلا
48,16,113,9070,قل للمخلفين من الأعراب ستدعون إلى قوم أولي بأس شديد تقاتلونهم أو يسلمون ۖ فإن تطيعوا يؤتكم الله أجرا حسنا ۖ وإن تتولوا كما توليتم من قبل يعذبكم عذابا أليما
48,17,102,8282,ليس على الأعمى حرج ولا على الأعرج حرج ولا على المريض حرج ۗ ومن يطع الله ورسوله يدخله جنات تجري من تحتها الأنهار ۖ ومن يتول يعذبه عذابا أليما
48,18,80,6145,۞ لقد رضي الله عن المؤمنين إذ يبايعونك تحت الشجرة فعلم ما في قلوبهم فأنزل السكينة عليهم وأثابهم فتحا قريبا
48,19,35,3556,ومغانم كثيرة يأخذونها ۗ وكان الله عزيزا حكيما
48,20,83,7083,وعدكم الله مغانم كثيرة تأخذونها فعجل لكم هذه وكف أيدي الناس عنكم ولتكون آية للمؤمنين ويهديكم صراطا مستقيما
48,21,47,2817,وأخرى لم تقدروا عليها قد أحاط الله بها ۚ وكان الله على كل شيء قديرا
48,22,51,3121,ولو قاتلكم الذين كفروا لولوا الأدبار ثم لا يجدون وليا ولا نصيرا
48,23,39,3119,سنة الله التي قد خلت من قبل ۖ ولن تجد لسنة الله تبديلا
48,24,72,4181,وهو الذي كف أيديهم عنكم وأيديكم عنهم ببطن مكة من بعد أن أظفركم عليهم ۚ وكان الله بما تعملون بصيرا
48,25,170,13361,هم الذين كفروا وصدوكم عن المسجد الحرام والهدي معكوفا أن يبلغ محله ۚ ولولا رجال مؤمنون ونساء مؤمنات لم تعلموهم أن تطئوهم فتصيبكم منهم معرة بغير علم ۖ ليدخل الله في رحمته من يشاء ۚ لو تزيلوا لعذبنا الذين كفروا منهم عذابا أليما
48,26,116,5565,إذ جعل الذين كفروا في قلوبهم الحمية حمية الجاهلية فأنزل الله سكينته على رسوله وعلى المؤمنين وألزمهم كلمة التقوى وكانوا أحق بها وأهلها ۚ وكان الله بكل شيء عليما
48,27,115,8168,لقد صدق الله رسوله الرؤيا بالحق ۖ لتدخلن المسجد الحرام إن شاء الله آمنين محلقين رءوسكم ومقصرين لا تخافون ۖ فعلم ما لم تعلموا فجعل من دون ذلك فتحا قريبا
48,28,56,3488,هو الذي أرسل رسوله بالهدى ودين الحق ليظهره على الدين كله ۚ وكفى بالله شهيدا
48,29,234,23348,محمد رسول الله ۚ والذين معه أشداء على الكفار رحماء بينهم ۖ تراهم ركعا سجدا يبتغون فضلا من الله ورضوانا ۖ سيماهم في وجوههم من أثر السجود ۚ ذلك مثلهم في التوراة ۚ ومثلهم في الإنجيل كزرع أخرج شطأه فآزره فاستغلظ فاستوى على سوقه يعجب الزراع ليغيظ بهم الكفار ۗ وعد الله الذين آمنوا وعملوا الصالحات منهم مغفرة وأجرا عظيما
49,1,61,2982,يا أيها الذين آمنوا لا تقدموا بين يدي الله ورسوله ۖ واتقوا الله ۚ إن الله سميع عليم
49,2,92,8176,يا أيها الذين آمنوا لا ترفعوا أصواتكم فوق صوت النبي ولا تجهروا له بالقول كجهر بعضكم لبعض أن تحبط أعمالكم وأنتم لا تشعرون
49,3,70,8520,إن الذين يغضون أصواتهم عند رسول الله أولئك الذين امتحن الله قلوبهم للتقوى ۚ لهم مغفرة وأجر عظيم
49,4,38,2984,إن الذين ينادونك من وراء الحجرات أكثرهم لا يعقلون
49,5,45,4735,ولو أنهم صبروا حتى تخرج إليهم لكان خيرا لهم ۚ والله غفور رحيم
49,6,71,4123,يا أيها الذين آمنوا إن جاءكم فاسق بنبإ فتبينوا أن تصيبوا قوما بجهالة فتصبحوا على ما فعلتم نادمين
49,7,120,5360,واعلموا أن فيكم رسول الله ۚ لو يطيعكم في كثير من الأمر لعنتم ولكن الله حبب إليكم الإيمان وزينه في قلوبكم وكره إليكم الكفر والفسوق والعصيان ۚ أولئك هم الراشدون
49,8,27,1533,فضلا من الله ونعمة ۚ والله عليم حكيم
49,9,125,10085,وإن طائفتان من المؤمنين اقتتلوا فأصلحوا بينهما ۖ فإن بغت إحداهما على الأخرى فقاتلوا التي تبغي حتى تفيء إلى أمر الله ۚ فإن فاءت فأصلحوا بينهما بالعدل وأقسطوا ۖ إن الله يحب المقسطين
49,10,47,3341,إنما المؤمنون إخوة فأصلحوا بين أخويكم ۚ واتقوا الله لعلكم ترحمون
49,11,145,8919,يا أيها الذين آمنوا لا يسخر قوم من قوم عسى أن يكونوا خيرا منهم ولا نساء من نساء عسى أن يكن خيرا منهن ۖ ولا تلمزوا أنفسكم ولا تنابزوا بالألقاب ۖ بئس الاسم الفسوق بعد الإيمان ۚ ومن لم يتب فأولئك هم الظالمون
49,12,119,12909,يا أيها الذين آمنوا اجتنبوا كثيرا من الظن إن بعض الظن إثم ۖ ولا تجسسوا ولا يغتب بعضكم بعضا ۚ أيحب أحدكم أن يأكل لحم أخيه ميتا فكرهتموه ۚ واتقوا الله ۚ إن الله تواب رحيم
49,13,84,6352,يا أيها الناس إنا خلقناكم من ذكر وأنثى وجعلناكم شعوبا وقبائل لتعارفوا ۚ إن أكرمكم عند الله أتقاكم ۚ إن الله عليم خبير
49,14,107,6912,۞ قالت الأعراب آمنا ۖ قل لم تؤمنوا ولكن قولوا أسلمنا ولما يدخل الإيمان في قلوبكم ۖ وإن تطيعوا الله ورسوله لا يلتكم من أعمالكم شيئا ۚ إن الله غفور رحيم
49,15,84,3833,إنما المؤمنون الذين آمنوا بالله ورسوله ثم لم يرتابوا وجاهدوا بأموالهم وأنفسهم في سبيل الله ۚ أولئك هم الصادقون
49,16,62,3562,قل أتعلمون الله بدينكم والله يعلم ما في السماوات وما في الأرض ۚ والله بكل شيء عليم
49,17,70,2896,يمنون عليك أن أسلموا ۖ قل لا تمنوا علي إسلامكم ۖ بل الله يمن عليكم أن هداكم للإيمان إن كنتم صادقين
49,18,43,3867,إن الله يعلم غيب السماوات والأرض ۚ والله بصير بما تعملون
50,1,13,575,ق ۚ والقرآن المجيد
50,2,41,3038,بل عجبوا أن جاءهم منذر منهم فقال الكافرون هذا شيء عجيب
50,3,25,2982,أإذا متنا وكنا ترابا ۖ ذلك رجع بعيد
50,4,35,3744,قد علمنا ما تنقص الأرض منهم ۖ وعندنا كتاب حفيظ
50,5,30,1730,بل كذبوا بالحق لما جاءهم فهم في أمر مريج
50,6,49,2481,أفلم ينظروا إلى السماء فوقهم كيف بنيناها وزيناها وما لها من فروج
50,7,48,2493,والأرض مددناها وألقينا فيها رواسي وأنبتنا فيها من كل زوج بهيج
50,8,18,1876,تبصرة وذكرى لكل عبد منيب
50,9,42,1874,ونزلنا من السماء ماء مباركا فأنبتنا به جنات وحب الحصيد
50,10,22,2290,والنخل باسقات لها طلع نضيد
50,11,35,2634,رزقا للعباد ۖ وأحيينا به بلدة ميتا ۚ كذلك الخروج
50,12,29,2463,كذبت قبلهم قوم نوح وأصحاب الرس وثمود
50,13,18,1201,وعاد وفرعون وإخوان لوط
50,14,33,2163,وأصحاب الأيكة وقوم تبع ۚ كل كذب الرسل فحق وعيد
50,15,34,2151,أفعيينا بالخلق الأول ۚ بل هم في لبس من خلق جديد
50,16,54,2926,ولقد خلقنا الإنسان ونعلم ما توسوس به نفسه ۖ ونحن أقرب إليه من حبل الوريد
50,17,35,2875,إذ يتلقى المتلقيان عن اليمين وعن الشمال قعيد
50,18,25,2163,ما يلفظ من قول إلا لديه رقيب عتيد
50,19,32,3086,وجاءت سكرة الموت بالحق ۖ ذلك ما كنت منه تحيد
50,20,23,2080,ونفخ في الصور ۚ ذلك يوم الوعيد
50,21,21,1252,وجاءت كل نفس معها سائق وشهيد
50,22,43,4806,لقد كنت في غفلة من هذا فكشفنا عنك غطاءك فبصرك اليوم حديد
50,23,21,1777,وقال قرينه هذا ما لدي عتيد
50,24,20,814,ألقيا في جهنم كل كفار عنيد
50,25,17,1797,مناع للخير معتد مريب
50,26,38,3325,الذي جعل مع الله إلها آخر فألقياه في العذاب الشديد
50,27,36,3428,۞ قال قرينه ربنا ما أطغيته ولكن كان في ضلال بعيد
50,28,33,2620,قال لا تختصموا لدي وقد قدمت إليكم بالوعيد
50,29,30,1515,ما يبدل القول لدي وما أنا بظلام للعبيد
50,30,32,2004,يوم نقول لجهنم هل امتلأت وتقول هل من مزيد
50,31,23,2563,وأزلفت الجنة للمتقين غير بعيد
50,32,21,2370,هذا ما توعدون لكل أواب حفيظ
50,33,28,2620,من خشي الرحمن بالغيب وجاء بقلب منيب
50,34,24,2257,ادخلوها بسلام ۖ ذلك يوم الخلود
50,35,24,741,لهم ما يشاءون فيها ولدينا مزيد
50,36,52,2255,وكم أهلكنا قبلهم من قرن هم أشد منهم بطشا فنقبوا في البلاد هل من محيص
50,37,36,2871,إن في ذلك لذكرى لمن كان له قلب أو ألقى السمع وهو شهيد
50,38,51,4579,ولقد خلقنا السماوات والأرض وما بينهما في ستة أيام وما مسنا من لغوب
50,39,48,3123,فاصبر على ما يقولون وسبح بحمد ربك قبل طلوع الشمس وقبل الغروب
50,40,24,669,ومن الليل فسبحه وأدبار السجود
50,41,29,1337,واستمع يوم يناد المناد من مكان قريب
50,42,31,2218,يوم يسمعون الصيحة بالحق ۚ ذلك يوم الخروج
50,43,25,1211,إنا نحن نحيي ونميت وإلينا المصير
50,44,35,4183,يوم تشقق الأرض عنهم سراعا ۚ ذلك حشر علينا يسير
50,45,50,3607,نحن أعلم بما يقولون ۖ وما أنت عليهم بجبار ۖ فذكر بالقرآن من يخاف وعيد
51,1,13,2256,والذاريات ذروا
51,2,13,898,فالحاملات وقرا
51,3,13,997,فالجاريات يسرا
51,4,12,993,فالمقسمات أمرا
51,5,14,852,إنما توعدون لصادق
51,6,12,358,وإن الدين لواقع
51,7,14,1300,والسماء ذات الحبك
51,8,14,1516,إنكم لفي قول مختلف
51,9,10,425,يؤفك عنه من أفك
51,10,11,1508,قتل الخراصون
51,11,17,2288,الذين هم في غمرة ساهون
51,12,16,368,يسألون أيان يوم الدين
51,13,18,1079,يوم هم على النار يفتنون
51,14,32,4786,ذوقوا فتنتكم هذا الذي كنتم به تستعجلون
51,15,19,1367,إن المتقين في جنات وعيون
51,16,34,3367,آخذين ما آتاهم ربهم ۚ إنهم كانوا قبل ذلك محسنين
51,17,25,625,كانوا قليلا من الليل ما يهجعون
51,18,18,2159,وبالأسحار هم يستغفرون
51,19,24,808,وفي أموالهم حق للسائل والمحروم
51,20,18,1854,وفي الأرض آيات للموقنين
51,21,17,1205,وفي أنفسكم ۚ أفلا تبصرون
51,22,22,1178,وفي السماء رزقكم وما توعدون
51,23,33,2986,فورب السماء والأرض إنه لحق مثل ما أنكم تنطقون
51,24,26,2517,هل أتاك حديث ضيف إبراهيم المكرمين
51,25,37,2580,إذ دخلوا عليه فقالوا سلاما ۖ قال سلام قوم منكرون
51,26,19,1700,فراغ إلى أهله فجاء بعجل سمين
51,27,19,1140,فقربه إليهم قال ألا تأكلون
51,28,36,3965,فأوجس منهم خيفة ۖ قالوا لا تخف ۖ وبشروه بغلام عليم
51,29,36,3091,فأقبلت امرأته في صرة فصكت وجهها وقالت عجوز عقيم
51,30,31,1617,قالوا كذلك قال ربك ۖ إنه هو الحكيم العليم
51,31,22,1356,۞ قال فما خطبكم أيها المرسلون
51,32,22,1049,قالوا إنا أرسلنا إلى قوم مجرمين
51,33,19,896,لنرسل عليهم حجارة من طين
51,34,18,992,مسومة عند ربك للمسرفين
51,35,24,1502,فأخرجنا من كان فيها من المؤمنين
51,36,28,2254,فما وجدنا فيها غير بيت من المسلمين
51,37,33,3265,وتركنا فيها آية للذين يخافون العذاب الأليم
51,38,29,1938,وفي موسى إذ أرسلناه إلى فرعون بسلطان مبين
51,39,23,1354,فتولى بركنه وقال ساحر أو مجنون
51,40,33,2746,فأخذناه وجنوده فنبذناهم في اليم وهو مليم
51,41,28,1867,وفي عاد إذ أرسلنا عليهم الريح العقيم
51,42,29,3536,ما تذر من شيء أتت عليه إلا جعلته كالرميم
51,43,25,2954,وفي ثمود إذ قيل لهم تمتعوا حتى حين
51,44,34,4548,فعتوا عن أمر ربهم فأخذتهم الصاعقة وهم ينظرون
51,45,32,1875,فما استطاعوا من قيام وما كانوا منتصرين
51,46,30,1059,وقوم نوح من قبل ۖ إنهم كانوا قوما فاسقين
51,47,26,592,والسماء بنيناها بأيد وإنا لموسعون
51,48,24,2051,والأرض فرشناها فنعم الماهدون
51,49,28,2879,ومن كل شيء خلقنا زوجين لعلكم تذكرون
51,50,26,1770,ففروا إلى الله ۖ إني لكم منه نذير مبين
51,51,36,2866,ولا تجعلوا مع الله إلها آخر ۖ إني لكم منه نذير مبين
51,52,42,3248,كذلك ما أتى الذين من قبلهم من رسول إلا قالوا ساحر أو مجنون
51,53,20,1800,أتواصوا به ۚ بل هم قوم طاغون
51,54,18,1370,فتول عنهم فما أنت بملوم
51,55,22,2828,وذكر فإن الذكرى تنفع المؤمنين
51,56,25,1611,وما خلقت الجن والإنس إلا ليعبدون
51,57,27,1283,ما أريد منهم من رزق وما أريد أن يطعمون
51,58,25,1840,إن الله هو الرزاق ذو القوة المتين
51,59,41,4900,فإن للذين ظلموا ذنوبا مثل ذنوب أصحابهم فلا يستعجلون
51,60,31,2331,فويل للذين كفروا من يومهم الذي يوعدون
52,1,6,252,والطور
52,2,10,744,وكتاب مسطور
52,3,9,986,في رق منشور
52,4,13,836,والبيت المعمور
52,5,13,704,والسقف المرفوع
52,6,13,587,والبحر المسجور
52,7,13,1252,إن عذاب ربك لواقع
52,8,10,321,ما له من دافع
52,9,16,1081,يوم تمور السماء مورا
52,10,15,1014,وتسير الجبال سيرا
52,11,16,1764,فويل يومئذ للمكذبين
52,12,18,2500,الذين هم في خوض يلعبون
52,13,19,650,يوم يدعون إلى نار جهنم دعا
52,14,25,3129,هذه النار التي كنتم بها تكذبون
52,15,19,2363,أفسحر هذا أم أنتم لا تبصرون
52,16,50,3190,اصلوها فاصبروا أو لا تصبروا سواء عليكم ۖ إنما تجزون ما كنتم تعملون
52,17,19,1401,إن المتقين في جنات ونعيم
52,18,37,2172,فاكهين بما آتاهم ربهم ووقاهم ربهم عذاب الجحيم
52,19,28,1788,كلوا واشربوا هنيئا بما كنتم تعملون
52,20,30,1840,متكئين على سرر مصفوفة ۖ وزوجناهم بحور عين
52,21,78,6796,والذين آمنوا واتبعتهم ذريتهم بإيمان ألحقنا بهم ذريتهم وما ألتناهم من عملهم من شيء ۚ كل امرئ بما كسب رهين
52,22,26,1194,وأمددناهم بفاكهة ولحم مما يشتهون
52,23,31,2921,يتنازعون فيها كأسا لا لغو فيها ولا تأثيم
52,24,29,1803,۞ ويطوف عليهم غلمان لهم كأنهم لؤلؤ مكنون
52,25,21,2584,وأقبل بعضهم على بعض يتساءلون
52,26,25,1148,قالوا إنا كنا قبل في أهلنا مشفقين
52,27,28,1511,فمن الله علينا ووقانا عذاب السموم
52,28,29,1067,إنا كنا من قبل ندعوه ۖ إنه هو البر الرحيم
52,29,30,2619,فذكر فما أنت بنعمت ربك بكاهن ولا مجنون
52,30,27,1951,أم يقولون شاعر نتربص به ريب المنون
52,31,26,2052,قل تربصوا فإني معكم من المتربصين
52,32,27,2854,أم تأمرهم أحلامهم بهذا ۚ أم هم قوم طاغون
52,33,21,1002,أم يقولون تقوله ۚ بل لا يؤمنون
52,34,27,2009,فليأتوا بحديث مثله إن كانوا صادقين
52,35,24,3290,أم خلقوا من غير شيء أم هم الخالقون
52,36,29,2638,أم خلقوا السماوات والأرض ۚ بل لا يوقنون
52,37,25,1610,أم عندهم خزائن ربك أم هم المصيطرون
52,38,38,2405,أم لهم سلم يستمعون فيه ۖ فليأت مستمعهم بسلطان مبين
52,39,19,794,أم له البنات ولكم البنون
52,40,24,3000,أم تسألهم أجرا فهم من مغرم مثقلون
52,41,20,1865,أم عندهم الغيب فهم يكتبون
52,42,32,1739,أم يريدون كيدا ۖ فالذين كفروا هم المكيدون
52,43,31,2310,أم لهم إله غير الله ۚ سبحان الله عما يشركون
52,44,37,1357,وإن يروا كسفا من السماء ساقطا يقولوا سحاب مركوم
52,45,31,2844,فذرهم حتى يلاقوا يومهم الذي فيه يصعقون
52,46,32,2200,يوم لا يغني عنهم كيدهم شيئا ولا هم ينصرون
52,47,40,4545,وإن للذين ظلموا عذابا دون ذلك ولكن أكثرهم لا يعلمون
52,48,39,1918,واصبر لحكم ربك فإنك بأعيننا ۖ وسبح بحمد ربك حين تقوم
52,49,24,695,ومن الليل فسبحه وإدبار النجوم
53,1,10,842,والنجم إذا هوى
53,2,15,2085,ما ضل صاحبكم وما غوى
53,3,13,378,وما ينطق عن الهوى
53,4,11,140,إن هو إلا وحي يوحى
53,5,12,600,علمه شديد القوى
53,6,9,1493,ذو مرة فاستوى
53,7,12,361,وهو بالأفق الأعلى
53,8,9,1109,ثم دنا فتدلى
53,9,15,540,فكان قاب قوسين أو أدنى
53,10,12,260,فأوحى إلى عبده ما أوحى
53,11,13,1120,ما كذب الفؤاد ما رأى
53,12,14,1133,أفتمارونه على ما يرى
53,13,11,1232,ولقد رآه نزلة أخرى
53,14,12,914,عند سدرة المنتهى
53,15,11,260,عندها جنة المأوى
53,16,14,3656,إذ يغشى السدرة ما يغشى
53,17,15,2428,ما زاغ البصر وما طغى
53,18,17,1295,لقد رأى من آيات ربه الكبرى
53,19,15,1306,أفرأيتم اللات والعزى
53,20,14,1990,ومناة الثالثة الأخرى
53,21,15,1663,ألكم الذكر وله الأنثى
53,22,11,2168,تلك إذا قسمة ضيزى
53,23,85,4605,إن هي إلا أسماء سميتموها أنتم وآباؤكم ما أنزل الله بها من سلطان ۚ إن يتبعون إلا الظن وما تهوى الأنفس ۖ ولقد جاءهم من ربهم الهدى
53,24,12,792,أم للإنسان ما تمنى
53,25,13,1049,فلله الآخرة والأولى
53,26,59,6093,۞ وكم من ملك في السماوات لا تغني شفاعتهم شيئا إلا من بعد أن يأذن الله لمن يشاء ويرضى
53,27,38,3270,إن الذين لا يؤمنون بالآخرة ليسمون الملائكة تسمية الأنثى
53,28,47,4637,وما لهم به من علم ۖ إن يتبعون إلا الظن ۖ وإن الظن لا يغني من الحق شيئا
53,29,37,3354,فأعرض عن من تولى عن ذكرنا ولم يرد إلا الحياة الدنيا
53,30,50,4359,ذلك مبلغهم من العلم ۚ إن ربك هو أعلم بمن ضل عن سبيله وهو أعلم بمن اهتدى
53,31,68,4121,ولله ما في السماوات وما في الأرض ليجزي الذين أساءوا بما عملوا ويجزي الذين أحسنوا بالحسنى
53,32,111,10365,الذين يجتنبون كبائر الإثم والفواحش إلا اللمم ۚ إن ربك واسع المغفرة ۚ هو أعلم بكم إذ أنشأكم من الأرض وإذ أنتم أجنة في بطون أمهاتكم ۖ فلا تزكوا أنفسكم ۖ هو أعلم بمن اتقى
53,33,11,1867,أفرأيت الذي تولى
53,34,11,286,وأعطى قليلا وأكدى
53,35,17,1613,أعنده علم الغيب فهو يرى
53,36,17,589,أم لم ينبأ بما في صحف موسى
53,37,13,1091,وإبراهيم الذي وفى
53,38,14,1865,ألا تزر وازرة وزر أخرى
53,39,17,579,وأن ليس للإنسان إلا ما سعى
53,40,11,557,وأن سعيه سوف يرى
53,41,16,725,ثم يجزاه الجزاء الأوفى
53,42,12,834,وأن إلى ربك المنتهى
53,43,11,928,وأنه هو أضحك وأبكى
53,44,12,538,وأنه هو أمات وأحيا
53,45,23,2436,وأنه خلق الزوجين الذكر والأنثى
53,46,10,1420,من نطفة إذا تمنى
53,47,14,1383,وأن عليه النشأة الأخرى
53,48,10,1278,وأنه هو أغنى وأقنى
53,49,12,875,وأنه هو رب الشعرى
53,50,14,259,وأنه أهلك عادا الأولى
53,51,10,779,وثمود فما أبقى
53,52,28,2641,وقوم نوح من قبل ۖ إنهم كانوا هم أظلم وأطغى
53,53,9,588,والمؤتفكة أهوى
53,54,10,2728,فغشاها ما غشى
53,55,13,1386,فبأي آلاء ربك تتمارى
53,56,18,2804,هذا نذير من النذر الأولى
53,57,7,605,أزفت الآزفة
53,58,19,753,ليس لها من دون الله كاشفة
53,59,18,1960,أفمن هذا الحديث تعجبون
53,60,15,1805,وتضحكون ولا تبكون
53,61,10,657,وأنتم سامدون
53,62,17,310,فاسجدوا لله واعبدوا ۩
54,1,21,2093,اقتربت الساعة وانشق القمر
54,2,28,2537,وإن يروا آية يعرضوا ويقولوا سحر مستمر
54,3,28,2374,وكذبوا واتبعوا أهواءهم ۚ وكل أمر مستقر
54,4,25,753,ولقد جاءهم من الأنباء ما فيه مزدجر
54,5,18,3653,حكمة بالغة ۖ فما تغن النذر
54,6,25,1537,فتول عنهم ۘ يوم يدع الداع إلى شيء نكر
54,7,37,4120,خشعا أبصارهم يخرجون من الأجداث كأنهم جراد منتشر
54,8,33,1946,مهطعين إلى الداع ۖ يقول الكافرون هذا يوم عسر
54,9,43,2959,۞ كذبت قبلهم قوم نوح فكذبوا عبدنا وقالوا مجنون وازدجر
54,10,20,2321,فدعا ربه أني مغلوب فانتصر
54,11,23,1140,ففتحنا أبواب السماء بماء منهمر
54,12,33,2939,وفجرنا الأرض عيونا فالتقى الماء على أمر قد قدر
54,13,20,1656,وحملناه على ذات ألواح ودسر
54,14,22,1298,تجري بأعيننا جزاء لمن كان كفر
54,15,21,1296,ولقد تركناها آية فهل من مدكر
54,16,16,2000,فكيف كان عذابي ونذر
54,17,28,2291,ولقد يسرنا القرآن للذكر فهل من مدكر
54,18,23,3197,كذبت عاد فكيف كان عذابي ونذر
54,19,34,2351,إنا أرسلنا عليهم ريحا صرصرا في يوم نحس مستمر
54,20,25,2005,تنزع الناس كأنهم أعجاز نخل منقعر
54,21,16,2000,فكيف كان عذابي ونذر
54,22,28,2291,ولقد يسرنا القرآن للذكر فهل من مدكر
54,23,14,2655,كذبت ثمود بالنذر
54,24,38,3428,فقالوا أبشرا منا واحدا نتبعه إنا إذا لفي ضلال وسعر
54,25,29,2675,أألقي الذكر عليه من بيننا بل هو كذاب أشر
54,26,22,2646,سيعلمون غدا من الكذاب الأشر
54,27,32,2310,إنا مرسلو الناقة فتنة لهم فارتقبهم واصطبر
54,28,28,2532,ونبئهم أن الماء قسمة بينهم ۖ كل شرب محتضر
54,29,21,1298,فنادوا صاحبهم فتعاطى فعقر
54,30,16,2000,فكيف كان عذابي ونذر
54,31,37,2786,إنا أرسلنا عليهم صيحة واحدة فكانوا كهشيم المحتظر
54,32,28,2291,ولقد يسرنا القرآن للذكر فهل من مدكر
54,33,16,2296,كذبت قوم لوط بالنذر
54,34,34,1184,إنا أرسلنا عليهم حاصبا إلا آل لوط ۖ نجيناهم بسحر
54,35,23,1875,نعمة من عندنا ۚ كذلك نجزي من شكر
54,36,28,3608,ولقد أنذرهم بطشتنا فتماروا بالنذر
54,37,42,4424,ولقد راودوه عن ضيفه فطمسنا أعينهم فذوقوا عذابي ونذر
54,38,21,2080,ولقد صبحهم بكرة عذاب مستقر
54,39,15,2632,فذوقوا عذابي ونذر
54,40,28,2291,ولقد يسرنا القرآن للذكر فهل من مدكر
54,41,17,1561,ولقد جاء آل فرعون النذر
54,42,33,4863,كذبوا بآياتنا كلها فأخذناهم أخذ عزيز مقتدر
54,43,29,2020,أكفاركم خير من أولئكم أم لكم براءة في الزبر
54,44,19,1253,أم يقولون نحن جميع منتصر
54,45,21,611,سيهزم الجمع ويولون الدبر
54,46,24,782,بل الساعة موعدهم والساعة أدهى وأمر
54,47,19,1711,إن المجرمين في ضلال وسعر
54,48,34,2002,يوم يسحبون في النار على وجوههم ذوقوا مس سقر
54,49,16,1503,إنا كل شيء خلقناه بقدر
54,50,23,811,وما أمرنا إلا واحدة كلمح بالبصر
54,51,24,1156,ولقد أهلكنا أشياعكم فهل من مدكر
54,52,17,887,وكل شيء فعلوه في الزبر
54,53,17,2303,وكل صغير وكبير مستطر
54,54,18,1486,إن المتقين في جنات ونهر
54,55,21,1466,في مقعد صدق عند مليك مقتدر
55,1,6,329,الرحمن
55,2,8,521,علم القرآن
55,3,9,922,خلق الإنسان
55,4,10,239,علمه البيان
55,5,17,931,الشمس والقمر بحسبان
55,6,18,798,والنجم والشجر يسجدان
55,7,22,1515,والسماء رفعها ووضع الميزان
55,8,16,1676,ألا تطغوا في الميزان
55,9,33,1902,وأقيموا الوزن بالقسط ولا تخسروا الميزان
55,10,15,2070,والأرض وضعها للأنام
55,11,23,2152,فيها فاكهة والنخل ذات الأكمام
55,12,20,1330,والحب ذو العصف والريحان
55,13,16,1559,فبأي آلاء ربكما تكذبان
55,14,23,2185,خلق الإنسان من صلصال كالفخار
55,15,20,1496,وخلق الجان من مارج من نار
55,16,16,1559,فبأي آلاء ربكما تكذبان
55,17,21,2474,رب المشرقين ورب المغربين
55,18,16,1559,فبأي آلاء ربكما تكذبان
55,19,17,1145,مرج البحرين يلتقيان
55,20,18,2021,بينهما برزخ لا يبغيان
55,21,16,1559,فبأي آلاء ربكما تكذبان
55,22,21,1371,يخرج منهما اللؤلؤ والمرجان
55,23,16,1559,فبأي آلاء ربكما تكذبان
55,24,29,1626,وله الجوار المنشآت في البحر كالأعلام
55,25,16,1559,فبأي آلاء ربكما تكذبان
55,26,12,387,كل من عليها فان
55,27,25,1453,ويبقى وجه ربك ذو الجلال والإكرام
55,28,16,1559,فبأي آلاء ربكما تكذبان
55,29,32,2418,يسأله من في السماوات والأرض ۚ كل يوم هو في شأن
55,30,16,1559,فبأي آلاء ربكما تكذبان
55,31,17,2207,سنفرغ لكم أيه الثقلان
55,32,16,1559,فبأي آلاء ربكما تكذبان
55,33,72,7563,يا معشر الجن والإنس إن استطعتم أن تنفذوا من أقطار السماوات والأرض فانفذوا ۚ لا تنفذون إلا بسلطان
55,34,16,1559,فبأي آلاء ربكما تكذبان
55,35,34,3446,يرسل عليكما شواظ من نار ونحاس فلا تنتصران
55,36,16,1559,فبأي آلاء ربكما تكذبان
55,37,28,2636,فإذا انشقت السماء فكانت وردة كالدهان
55,38,16,1559,فبأي آلاء ربكما تكذبان
55,39,24,2045,فيومئذ لا يسأل عن ذنبه إنس ولا جان
55,40,16,1559,فبأي آلاء ربكما تكذبان
55,41,38,2650,يعرف المجرمون بسيماهم فيؤخذ بالنواصي والأقدام
55,42,16,1559,فبأي آلاء ربكما تكذبان
55,43,26,2359,هذه جهنم التي يكذب بها المجرمون
55,44,20,445,يطوفون بينها وبين حميم آن
55,45,16,1559,فبأي آلاء ربكما تكذبان
55,46,19,1699,ولمن خاف مقام ربه جنتان
55,47,16,1559,فبأي آلاء ربكما تكذبان
55,48,9,1289,ذواتا أفنان
55,49,16,1559,فبأي آلاء ربكما تكذبان
55,50,16,981,فيهما عينان تجريان
55,51,16,1559,فبأي آلاء ربكما تكذبان
55,52,18,449,فيهما من كل فاكهة زوجان
55,53,16,1559,فبأي آلاء ربكما تكذبان
55,54,36,2778,متكئين على فرش بطائنها من إستبرق ۚ وجنى الجنتين دان
55,55,16,1559,فبأي آلاء ربكما تكذبان
55,56,36,2319,فيهن قاصرات الطرف لم يطمثهن إنس قبلهم ولا جان
55,57,16,1559,فبأي آلاء ربكما تكذبان
55,58,19,1004,كأنهن الياقوت والمرجان
55,59,16,1559,فبأي آلاء ربكما تكذبان
55,60,19,377,هل جزاء الإحسان إلا الإحسان
55,61,16,1559,فبأي آلاء ربكما تكذبان
55,62,14,706,ومن دونهما جنتان
55,63,16,1559,فبأي آلاء ربكما تكذبان
55,64,8,541,مدهامتان
55,65,16,1559,فبأي آلاء ربكما تكذبان
55,66,17,2219,فيهما عينان نضاختان
55,67,16,1559,فبأي آلاء ربكما تكذبان
55,68,18,1225,فيهما فاكهة ونخل ورمان
55,69,16,1559,فبأي آلاء ربكما تكذبان
55,70,13,1475,فيهن خيرات حسان
55,71,16,1559,فبأي آلاء ربكما تكذبان
55,72,18,1823,حور مقصورات في الخيام
55,73,16,1559,فبأي آلاء ربكما تكذبان
55,74,21,1062,لم يطمثهن إنس قبلهم ولا جان
55,75,16,1559,فبأي آلاء ربكما تكذبان
55,76,24,3287,متكئين على رفرف خضر وعبقري حسان
55,77,16,1559,فبأي آلاء ربكما تكذبان
55,78,26,2049,تبارك اسم ربك ذي الجلال والإكرام
56,1,12,1485,إذا وقعت الواقعة
56,2,14,1435,ليس لوقعتها كاذبة
56,3,8,1832,خافضة رافعة
56,4,12,2539,إذا رجت الأرض رجا
56,5,13,598,وبست الجبال بسا
56,6,13,1152,فكانت هباء منبثا
56,7,14,1565,وكنتم أزواجا ثلاثة
56,8,23,665,فأصحاب الميمنة ما أصحاب الميمنة
56,9,21,1071,وأصحاب المشأمة ما أصحاب المشأمة
56,10,17,506,والسابقون السابقون
56,11,11,485,أولئك المقربون
56,12,12,745,في جنات النعيم
56,13,10,747,ثلة من الأولين
56,14,13,1157,وقليل من الآخرين
56,15,10,1462,على سرر موضونة
56,16,18,1269,متكئين عليها متقابلين
56,17,20,1081,يطوف عليهم ولدان مخلدون
56,18,20,696,بأكواب وأباريق وكأس من معين
56,19,21,627,لا يصدعون عنها ولا ينزفون
56,20,15,1469,وفاكهة مما يتخيرون
56,21,16,1155,ولحم طير مما يشتهون
56,22,7,350,وحور عين
56,23,16,879,كأمثال اللؤلؤ المكنون
56,24,17,338,جزاء بما كانوا يعملون
56,25,24,2388,لا يسمعون فيها لغوا ولا تأثيما
56,26,16,436,إلا قيلا سلاما سلاما
56,27,23,531,وأصحاب اليمين ما أصحاب اليمين
56,28,10,1804,في سدر مخضود
56,29,9,953,وطلح منضود
56,30,8,1030,وظل ممدود
56,31,8,175,وماء مسكوب
56,32,9,842,وفاكهة كثيرة
56,33,15,499,لا مقطوعة ولا ممنوعة
56,34,9,982,وفرش مرفوعة
56,35,11,858,إنا أنشأناهن إنشاء
56,36,13,513,فجعلناهن أبكارا
56,37,9,877,عربا أترابا
56,38,11,272,لأصحاب اليمين
56,39,10,747,ثلة من الأولين
56,40,11,1517,وثلة من الآخرين
56,41,23,1053,وأصحاب الشمال ما أصحاب الشمال
56,42,11,340,في سموم وحميم
56,43,10,1130,وظل من يحموم
56,44,13,545,لا بارد ولا كريم
56,45,20,1835,إنهم كانوا قبل ذلك مترفين
56,46,24,2180,وكانوا يصرون على الحنث العظيم
56,47,43,3932,وكانوا يقولون أئذا متنا وكنا ترابا وعظاما أإنا لمبعوثون
56,48,11,183,أوآباؤنا الأولون
56,49,16,1204,قل إن الأولين والآخرين
56,50,22,1068,لمجموعون إلى ميقات يوم معلوم
56,51,23,2433,ثم إنكم أيها الضالون المكذبون
56,52,16,972,لآكلون من شجر من زقوم
56,53,16,401,فمالئون منها البطون
56,54,19,973,فشاربون عليه من الحميم
56,55,15,1227,فشاربون شرب الهيم
56,56,16,989,هذا نزلهم يوم الدين
56,57,21,1746,نحن خلقناكم فلولا تصدقون
56,58,12,1317,أفرأيتم ما تمنون
56,59,22,2647,أأنتم تخلقونه أم نحن الخالقون
56,60,32,1487,نحن قدرنا بينكم الموت وما نحن بمسبوقين
56,61,31,2091,على أن نبدل أمثالكم وننشئكم في ما لا تعلمون
56,62,28,2691,ولقد علمتم النشأة الأولى فلولا تذكرون
56,63,13,1935,أفرأيتم ما تحرثون
56,64,22,1741,أأنتم تزرعونه أم نحن الزارعون
56,65,28,2646,لو نشاء لجعلناه حطاما فظلتم تفكهون
56,66,9,1417,إنا لمغرمون
56,67,12,490,بل نحن محرومون
56,68,19,2501,أفرأيتم الماء الذي تشربون
56,69,29,1608,أأنتم أنزلتموه من المزن أم نحن المنزلون
56,70,26,1677,لو نشاء جعلناه أجاجا فلولا تشكرون
56,71,19,2115,أفرأيتم النار التي تورون
56,72,24,2814,أأنتم أنشأتم شجرتها أم نحن المنشئون
56,73,27,2372,نحن جعلناها تذكرة ومتاعا للمقوين
56,74,17,1526,فسبح باسم ربك العظيم
56,75,18,660,۞ فلا أقسم بمواقع النجوم
56,76,19,1943,وإنه لقسم لو تعلمون عظيم
56,77,10,705,إنه لقرآن كريم
56,78,11,679,في كتاب مكنون
56,79,16,518,لا يمسه إلا المطهرون
56,80,17,1021,تنزيل من رب العالمين
56,81,20,1986,أفبهذا الحديث أنتم مدهنون
56,82,21,2220,وتجعلون رزقكم أنكم تكذبون
56,83,18,2495,فلولا إذا بلغت الحلقوم
56,84,14,2870,وأنتم حينئذ تنظرون
56,85,26,1496,ونحن أقرب إليه منكم ولكن لا تبصرون
56,86,19,2081,فلولا إن كنتم غير مدينين
56,87,19,1550,ترجعونها إن كنتم صادقين
56,88,17,765,فأما إن كان من المقربين
56,89,18,1198,فروح وريحان وجنت نعيم
56,90,19,500,وأما إن كان من أصحاب اليمين
56,91,19,593,فسلام لك من أصحاب اليمين
56,92,24,2033,وأما إن كان من المكذبين الضالين
56,93,10,355,فنزل من حميم
56,94,9,597,وتصلية جحيم
56,95,15,1106,إن هذا لهو حق اليقين
56,96,17,1526,فسبح باسم ربك العظيم
57,1,38,2093,سبح لله ما في السماوات والأرض ۖ وهو العزيز الحكيم
57,2,40,2996,له ملك السماوات والأرض ۖ يحيي ويميت ۖ وهو على كل شيء قدير
57,3,37,2686,هو الأول والآخر والظاهر والباطن ۖ وهو بكل شيء عليم
57,4,126,10281,هو الذي خلق السماوات والأرض في ستة أيام ثم استوى على العرش ۚ يعلم ما يلج في الأرض وما يخرج منها وما ينزل من السماء وما يعرج فيها ۖ وهو معكم أين ما كنتم ۚ والله بما تعملون بصير
57,5,33,2753,له ملك السماوات والأرض ۚ وإلى الله ترجع الأمور
57,6,52,2661,يولج الليل في النهار ويولج النهار في الليل ۚ وهو عليم بذات الصدور
57,7,69,4195,آمنوا بالله ورسوله وأنفقوا مما جعلكم مستخلفين فيه ۖ فالذين آمنوا منكم وأنفقوا لهم أجر كبير
57,8,64,4927,وما لكم لا تؤمنون بالله ۙ والرسول يدعوكم لتؤمنوا بربكم وقد أخذ ميثاقكم إن كنتم مؤمنين
57,9,63,5374,هو الذي ينزل على عبده آيات بينات ليخرجكم من الظلمات إلى النور ۚ وإن الله بكم لرءوف رحيم
57,10,144,10702,وما لكم ألا تنفقوا في سبيل الله ولله ميراث السماوات والأرض ۚ لا يستوي منكم من أنفق من قبل الفتح وقاتل ۚ أولئك أعظم درجة من الذين أنفقوا من بعد وقاتلوا ۚ وكلا وعد الله الحسنى ۚ والله بما تعملون خبير
57,11,42,5523,من ذا الذي يقرض الله قرضا حسنا فيضاعفه له وله أجر كريم
57,12,102,7806,يوم ترى المؤمنين والمؤمنات يسعى نورهم بين أيديهم وبأيمانهم بشراكم اليوم جنات تجري من تحتها الأنهار خالدين فيها ۚ ذلك هو الفوز العظيم
57,13,129,10061,يوم يقول المنافقون والمنافقات للذين آمنوا انظرونا نقتبس من نوركم قيل ارجعوا وراءكم فالتمسوا نورا فضرب بينهم بسور له باب باطنه فيه الرحمة وظاهره من قبله العذاب
57,14,92,9556,ينادونهم ألم نكن معكم ۖ قالوا بلى ولكنكم فتنتم أنفسكم وتربصتم وارتبتم وغرتكم الأماني حتى جاء أمر الله وغركم بالله الغرور
57,15,60,3957,فاليوم لا يؤخذ منكم فدية ولا من الذين كفروا ۚ مأواكم النار ۖ هي مولاكم ۖ وبئس المصير
57,16,112,8400,۞ ألم يأن للذين آمنوا أن تخشع قلوبهم لذكر الله وما نزل من الحق ولا يكونوا كالذين أوتوا الكتاب من قبل فطال عليهم الأمد فقست قلوبهم ۖ وكثير منهم فاسقون
57,17,52,3406,اعلموا أن الله يحيي الأرض بعد موتها ۚ قد بينا لكم الآيات لعلكم تعقلون
57,18,54,5036,إن المصدقين والمصدقات وأقرضوا الله قرضا حسنا يضاعف لهم ولهم أجر كريم
57,19,96,5555,والذين آمنوا بالله ورسله أولئك هم الصديقون ۖ والشهداء عند ربهم لهم أجرهم ونورهم ۖ والذين كفروا وكذبوا بآياتنا أولئك أصحاب الجحيم
57,20,169,15469,اعلموا أنما الحياة الدنيا لعب ولهو وزينة وتفاخر بينكم وتكاثر في الأموال والأولاد ۖ كمثل غيث أعجب الكفار نباته ثم يهيج فتراه مصفرا ثم يكون حطاما ۖ وفي الآخرة عذاب شديد ومغفرة من الله ورضوان ۚ وما الحياة الدنيا إلا متاع الغرور
57,21,98,12348,سابقوا إلى مغفرة من ربكم وجنة عرضها كعرض السماء والأرض أعدت للذين آمنوا بالله ورسله ۚ ذلك فضل الله يؤتيه من يشاء ۚ والله ذو الفضل العظيم
57,22,60,4184,ما أصاب من مصيبة في الأرض ولا في أنفسكم إلا في كتاب من قبل أن نبرأها ۚ إن ذلك على الله يسير
57,23,55,4606,لكيلا تأسوا على ما فاتكم ولا تفرحوا بما آتاكم ۗ والله لا يحب كل مختال فخور
57,24,54,4541,الذين يبخلون ويأمرون الناس بالبخل ۗ ومن يتول فإن الله هو الغني الحميد
57,25,133,6203,لقد أرسلنا رسلنا بالبينات وأنزلنا معهم الكتاب والميزان ليقوم الناس بالقسط ۖ وأنزلنا الحديد فيه بأس شديد ومنافع للناس وليعلم الله من ينصره ورسله بالغيب ۚ إن الله قوي عزيز
57,26,71,4797,ولقد أرسلنا نوحا وإبراهيم وجعلنا في ذريتهما النبوة والكتاب ۖ فمنهم مهتد ۖ وكثير منهم فاسقون
57,27,177,13669,ثم قفينا على آثارهم برسلنا وقفينا بعيسى ابن مريم وآتيناه الإنجيل وجعلنا في قلوب الذين اتبعوه رأفة ورحمة ورهبانية ابتدعوها ما كتبناها عليهم إلا ابتغاء رضوان الله فما رعوها حق رعايتها ۖ فآتينا الذين آمنوا منهم أجرهم ۖ وكثير منهم فاسقون
57,28,90,7569,يا أيها الذين آمنوا اتقوا الله وآمنوا برسوله يؤتكم كفلين من رحمته ويجعل لكم نورا تمشون به ويغفر لكم ۚ والله غفور رحيم
57,29,77,7252,لئلا يعلم أهل الكتاب ألا يقدرون على شيء من فضل الله ۙ وأن الفضل بيد الله يؤتيه من يشاء ۚ والله ذو الفضل العظيم
58,1,70,4245,قد سمع الله قول التي تجادلك في زوجها وتشتكي إلى الله والله يسمع تحاوركما ۚ إن الله سميع بصير
58,2,95,6440,الذين يظاهرون منكم من نسائهم ما هن أمهاتهم ۖ إن أمهاتهم إلا اللائي ولدنهم ۚ وإنهم ليقولون منكرا من القول وزورا ۚ وإن الله لعفو غفور
58,3,87,8846,والذين يظاهرون من نسائهم ثم يعودون لما قالوا فتحرير رقبة من قبل أن يتماسا ۚ ذلكم توعظون به ۚ والله بما تعملون خبير
58,4,111,7966,فمن لم يجد فصيام شهرين متتابعين من قبل أن يتماسا ۖ فمن لم يستطع فإطعام ستين مسكينا ۚ ذلك لتؤمنوا بالله ورسوله ۚ وتلك حدود الله ۗ وللكافرين عذاب أليم
58,5,78,5690,إن الذين يحادون الله ورسوله كبتوا كما كبت الذين من قبلهم ۚ وقد أنزلنا آيات بينات ۚ وللكافرين عذاب مهين
58,6,60,2398,يوم يبعثهم الله جميعا فينبئهم بما عملوا ۚ أحصاه الله ونسوه ۚ والله على كل شيء شهيد
58,7,146,9157,ألم تر أن الله يعلم ما في السماوات وما في الأرض ۖ ما يكون من نجوى ثلاثة إلا هو رابعهم ولا خمسة إلا هو سادسهم ولا أدنى من ذلك ولا أكثر إلا هو معهم أين ما كانوا ۖ ثم ينبئهم بما عملوا يوم القيامة ۚ إن الله بكل شيء عليم
58,8,158,8578,ألم تر إلى الذين نهوا عن النجوى ثم يعودون لما نهوا عنه ويتناجون بالإثم والعدوان ومعصيت الرسول وإذا جاءوك حيوك بما لم يحيك به الله ويقولون في أنفسهم لولا يعذبنا الله بما نقول ۚ حسبهم جهنم يصلونها ۖ فبئس المصير
58,9,99,8751,يا أيها الذين آمنوا إذا تناجيتم فلا تتناجوا بالإثم والعدوان ومعصيت الرسول وتناجوا بالبر والتقوى ۖ واتقوا الله الذي إليه تحشرون
58,10,74,4944,إنما النجوى من الشيطان ليحزن الذين آمنوا وليس بضارهم شيئا إلا بإذن الله ۚ وعلى الله فليتوكل المؤمنون
58,11,133,9839,يا أيها الذين آمنوا إذا قيل لكم تفسحوا في المجالس فافسحوا يفسح الله لكم ۖ وإذا قيل انشزوا فانشزوا يرفع الله الذين آمنوا منكم والذين أوتوا العلم درجات ۚ والله بما تعملون خبير
58,12,85,7302,يا أيها الذين آمنوا إذا ناجيتم الرسول فقدموا بين يدي نجواكم صدقة ۚ ذلك خير لكم وأطهر ۚ فإن لم تجدوا فإن الله غفور رحيم
58,13,106,7263,أأشفقتم أن تقدموا بين يدي نجواكم صدقات ۚ فإذ لم تفعلوا وتاب الله عليكم فأقيموا الصلاة وآتوا الزكاة وأطيعوا الله ورسوله ۚ والله خبير بما تعملون
58,14,69,5812,۞ ألم تر إلى الذين تولوا قوما غضب الله عليهم ما هم منكم ولا منهم ويحلفون على الكذب وهم يعلمون
58,15,37,1789,أعد الله لهم عذابا شديدا ۖ إنهم ساء ما كانوا يعملون
58,16,41,3409,اتخذوا أيمانهم جنة فصدوا عن سبيل الله فلهم عذاب مهين
58,17,58,3688,لن تغني عنهم أموالهم ولا أولادهم من الله شيئا ۚ أولئك أصحاب النار ۖ هم فيها خالدون
58,18,68,3135,يوم يبعثهم الله جميعا فيحلفون له كما يحلفون لكم ۖ ويحسبون أنهم على شيء ۚ ألا إنهم هم الكاذبون
58,19,67,4919,استحوذ عليهم الشيطان فأنساهم ذكر الله ۚ أولئك حزب الشيطان ۚ ألا إن حزب الشيطان هم الخاسرون
58,20,33,2260,إن الذين يحادون الله ورسوله أولئك في الأذلين
58,21,31,2283,كتب الله لأغلبن أنا ورسلي ۚ إن الله قوي عزيز
58,22,202,12272,لا تجد قوما يؤمنون بالله واليوم الآخر يوادون من حاد الله ورسوله ولو كانوا آباءهم أو أبناءهم أو إخوانهم أو عشيرتهم ۚ أولئك كتب في قلوبهم الإيمان وأيدهم بروح منه ۖ ويدخلهم جنات تجري من تحتها الأنهار خالدين فيها ۚ رضي الله عنهم ورضوا عنه ۚ أولئك حزب الله ۚ ألا إن حزب الله هم المفلحون
59,1,42,2224,سبح لله ما في السماوات وما في الأرض ۖ وهو العزيز الحكيم
59,2,174,14570,هو الذي أخرج الذين كفروا من أهل الكتاب من ديارهم لأول الحشر ۚ ما ظننتم أن يخرجوا ۖ وظنوا أنهم مانعتهم حصونهم من الله فأتاهم الله من حيث لم يحتسبوا ۖ وقذف في قلوبهم الرعب ۚ يخربون بيوتهم بأيديهم وأيدي المؤمنين فاعتبروا يا أولي الأبصار
59,3,56,3921,ولولا أن كتب الله عليهم الجلاء لعذبهم في الدنيا ۖ ولهم في الآخرة عذاب النار
59,4,49,2919,ذلك بأنهم شاقوا الله ورسوله ۖ ومن يشاق الله فإن الله شديد العقاب
59,5,53,4184,ما قطعتم من لينة أو تركتموها قائمة على أصولها فبإذن الله وليخزي الفاسقين
59,6,82,4408,وما أفاء الله على رسوله منهم فما أوجفتم عليه من خيل ولا ركاب ولكن الله يسلط رسله على من يشاء ۚ والله على كل شيء قدير
59,7,154,9295,ما أفاء الله على رسوله من أهل القرى فلله وللرسول ولذي القربى واليتامى والمساكين وابن السبيل كي لا يكون دولة بين الأغنياء منكم ۚ وما آتاكم الرسول فخذوه وما نهاكم عنه فانتهوا ۚ واتقوا الله ۖ إن الله شديد العقاب
59,8,93,7627,للفقراء المهاجرين الذين أخرجوا من ديارهم وأموالهم يبتغون فضلا من الله ورضوانا وينصرون الله ورسوله ۚ أولئك هم الصادقون
59,9,123,6553,والذين تبوءوا الدار والإيمان من قبلهم يحبون من هاجر إليهم ولا يجدون في صدورهم حاجة مما أوتوا ويؤثرون على أنفسهم ولو كان بهم خصاصة ۚ ومن يوق شح نفسه فأولئك هم المفلحون
59,10,100,8358,والذين جاءوا من بعدهم يقولون ربنا اغفر لنا ولإخواننا الذين سبقونا بالإيمان ولا تجعل في قلوبنا غلا للذين آمنوا ربنا إنك رءوف رحيم
59,11,118,9969,۞ ألم تر إلى الذين نافقوا يقولون لإخوانهم الذين كفروا من أهل الكتاب لئن أخرجتم لنخرجن معكم ولا نطيع فيكم أحدا أبدا وإن قوتلتم لننصرنكم والله يشهد إنهم لكاذبون
59,12,68,4874,لئن أخرجوا لا يخرجون معهم ولئن قوتلوا لا ينصرونهم ولئن نصروهم ليولن الأدبار ثم لا ينصرون
59,13,41,2897,لأنتم أشد رهبة في صدورهم من الله ۚ ذلك بأنهم قوم لا يفقهون
59,14,86,5281,لا يقاتلونكم جميعا إلا في قرى محصنة أو من وراء جدر ۚ بأسهم بينهم شديد ۚ تحسبهم جميعا وقلوبهم شتى ۚ ذلك بأنهم قوم لا يعقلون
59,15,45,4027,كمثل الذين من قبلهم قريبا ۖ ذاقوا وبال أمرهم ولهم عذاب أليم
59,16,62,4549,كمثل الشيطان إذ قال للإنسان اكفر فلما كفر قال إني بريء منك إني أخاف الله رب العالمين
59,17,48,3858,فكان عاقبتهما أنهما في النار خالدين فيها ۚ وذلك جزاء الظالمين
59,18,69,7031,يا أيها الذين آمنوا اتقوا الله ولتنظر نفس ما قدمت لغد ۖ واتقوا الله ۚ إن الله خبير بما تعملون
59,19,47,2414,ولا تكونوا كالذين نسوا الله فأنساهم أنفسهم ۚ أولئك هم الفاسقون
59,20,42,1496,لا يستوي أصحاب النار وأصحاب الجنة ۚ أصحاب الجنة هم الفائزون
59,21,78,7912,لو أنزلنا هذا القرآن على جبل لرأيته خاشعا متصدعا من خشية الله ۚ وتلك الأمثال نضربها للناس لعلهم يتفكرون
59,22,48,3086,هو الله الذي لا إله إلا هو ۖ عالم الغيب والشهادة ۖ هو الرحمن الرحيم
59,23,84,3686,هو الله الذي لا إله إلا هو الملك القدوس السلام المؤمن المهيمن العزيز الجبار المتكبر ۚ سبحان الله عما يشركون
59,24,73,3829,هو الله الخالق البارئ المصور ۖ له الأسماء الحسنى ۚ يسبح له ما في السماوات والأرض ۖ وهو العزيز الحكيم
60,1,201,16419,يا أيها الذين آمنوا لا تتخذوا عدوي وعدوكم أولياء تلقون إليهم بالمودة وقد كفروا بما جاءكم من الحق يخرجون الرسول وإياكم ۙ أن تؤمنوا بالله ربكم إن كنتم خرجتم جهادا في سبيلي وابتغاء مرضاتي ۚ تسرون إليهم بالمودة وأنا أعلم بما أخفيتم وما أعلنتم ۚ ومن يفعله منكم فقد ضل سواء السبيل
60,2,61,2832,إن يثقفوكم يكونوا لكم أعداء ويبسطوا إليكم أيديهم وألسنتهم بالسوء وودوا لو تكفرون
60,3,59,2770,لن تنفعكم أرحامكم ولا أولادكم ۚ يوم القيامة يفصل بينكم ۚ والله بما تعملون بصير
60,4,199,12609,قد كانت لكم أسوة حسنة في إبراهيم والذين معه إذ قالوا لقومهم إنا برآء منكم ومما تعبدون من دون الله كفرنا بكم وبدا بيننا وبينكم العداوة والبغضاء أبدا حتى تؤمنوا بالله وحده إلا قول إبراهيم لأبيه لأستغفرن لك وما أملك لك من الله من شيء ۖ ربنا عليك توكلنا وإليك أنبنا وإليك المصير
60,5,53,4870,ربنا لا تجعلنا فتنة للذين كفروا واغفر لنا ربنا ۖ إنك أنت العزيز الحكيم
60,6,68,3947,لقد كان لكم فيهم أسوة حسنة لمن كان يرجو الله واليوم الآخر ۚ ومن يتول فإن الله هو الغني الحميد
60,7,60,4052,۞ عسى الله أن يجعل بينكم وبين الذين عاديتم منهم مودة ۚ والله قدير ۚ والله غفور رحيم
60,8,88,5122,لا ينهاكم الله عن الذين لم يقاتلوكم في الدين ولم يخرجوكم من دياركم أن تبروهم وتقسطوا إليهم ۚ إن الله يحب المقسطين
60,9,94,7662,إنما ينهاكم الله عن الذين قاتلوكم في الدين وأخرجوكم من دياركم وظاهروا على إخراجكم أن تولوهم ۚ ومن يتولهم فأولئك هم الظالمون
60,10,237,14108,يا أيها الذين آمنوا إذا جاءكم المؤمنات مهاجرات فامتحنوهن ۖ الله أعلم بإيمانهن ۖ فإن علمتموهن مؤمنات فلا ترجعوهن إلى الكفار ۖ لا هن حل لهم ولا هم يحلون لهن ۖ وآتوهم ما أنفقوا ۚ ولا جناح عليكم أن تنكحوهن إذا آتيتموهن أجورهن ۚ ولا تمسكوا بعصم الكوافر واسألوا ما أنفقتم وليسألوا ما أنفقوا ۚ ذلكم حكم الله ۖ يحكم بينكم ۚ والله عليم حكيم
60,11,84,7428,وإن فاتكم شيء من أزواجكم إلى الكفار فعاقبتم فآتوا الذين ذهبت أزواجهم مثل ما أنفقوا ۚ واتقوا الله الذي أنتم به مؤمنون
60,12,161,10760,يا أيها النبي إذا جاءك المؤمنات يبايعنك على أن لا يشركن بالله شيئا ولا يسرقن ولا يزنين ولا يقتلن أولادهن ولا يأتين ببهتان يفترينه بين أيديهن وأرجلهن ولا يعصينك في معروف ۙ فبايعهن واستغفر لهن الله ۖ إن الله غفور رحيم
60,13,73,6054,يا أيها الذين آمنوا لا تتولوا قوما غضب الله عليهم قد يئسوا من الآخرة كما يئس الكفار من أصحاب القبور
61,1,42,2224,سبح لله ما في السماوات وما في الأرض ۖ وهو العزيز الحكيم
61,2,32,2285,يا أيها الذين آمنوا لم تقولون ما لا تفعلون
61,3,31,2254,كبر مقتا عند الله أن تقولوا ما لا تفعلون
61,4,44,2546,إن الله يحب الذين يقاتلون في سبيله صفا كأنهم بنيان مرصوص
61,5,95,6859,وإذ قال موسى لقومه يا قوم لم تؤذونني وقد تعلمون أني رسول الله إليكم ۖ فلما زاغوا أزاغ الله قلوبهم ۚ والله لا يهدي القوم الفاسقين
61,6,119,6847,وإذ قال عيسى ابن مريم يا بني إسرائيل إني رسول الله إليكم مصدقا لما بين يدي من التوراة ومبشرا برسول يأتي من بعدي اسمه أحمد ۖ فلما جاءهم بالبينات قالوا هذا سحر مبين
61,7,61,4460,ومن أظلم ممن افترى على الله الكذب وهو يدعى إلى الإسلام ۚ والله لا يهدي القوم الظالمين
61,8,52,2345,يريدون ليطفئوا نور الله بأفواههم والله متم نوره ولو كره الكافرون
61,9,57,3908,هو الذي أرسل رسوله بالهدى ودين الحق ليظهره على الدين كله ولو كره المشركون
61,10,41,3214,يا أيها الذين آمنوا هل أدلكم على تجارة تنجيكم من عذاب أليم
61,11,68,4895,تؤمنون بالله ورسوله وتجاهدون في سبيل الله بأموالكم وأنفسكم ۚ ذلكم خير لكم إن كنتم تعلمون
61,12,73,7957,يغفر لكم ذنوبكم ويدخلكم جنات تجري من تحتها الأنهار ومساكن طيبة في جنات عدن ۚ ذلك الفوز العظيم
61,13,38,3309,وأخرى تحبونها ۖ نصر من الله وفتح قريب ۗ وبشر المؤمنين
61,14,145,8440,يا أيها الذين آمنوا كونوا أنصار الله كما قال عيسى ابن مريم للحواريين من أنصاري إلى الله ۖ قال الحواريون نحن أنصار الله ۖ فآمنت طائفة من بني إسرائيل وكفرت طائفة ۖ فأيدنا الذين آمنوا على عدوهم فأصبحوا ظاهرين
62,1,51,2539,يسبح لله ما في السماوات وما في الأرض الملك القدوس العزيز الحكيم
62,2,88,5301,هو الذي بعث في الأميين رسولا منهم يتلو عليهم آياته ويزكيهم ويعلمهم الكتاب والحكمة وإن كانوا من قبل لفي ضلال مبين
62,3,36,1525,وآخرين منهم لما يلحقوا بهم ۚ وهو العزيز الحكيم
62,4,37,5322,ذلك فضل الله يؤتيه من يشاء ۚ والله ذو الفضل العظيم
62,5,101,8273,مثل الذين حملوا التوراة ثم لم يحملوها كمثل الحمار يحمل أسفارا ۚ بئس مثل القوم الذين كذبوا بآيات الله ۚ والله لا يهدي القوم الظالمين
62,6,65,3955,قل يا أيها الذين هادوا إن زعمتم أنكم أولياء لله من دون الناس فتمنوا الموت إن كنتم صادقين
62,7,43,2547,ولا يتمنونه أبدا بما قدمت أيديهم ۚ والله عليم بالظالمين
62,8,73,6717,قل إن الموت الذي تفرون منه فإنه ملاقيكم ۖ ثم تردون إلى عالم الغيب والشهادة فينبئكم بما كنتم تعملون
62,9,80,7263,يا أيها الذين آمنوا إذا نودي للصلاة من يوم الجمعة فاسعوا إلى ذكر الله وذروا البيع ۚ ذلكم خير لكم إن كنتم تعلمون
62,10,69,9379,فإذا قضيت الصلاة فانتشروا في الأرض وابتغوا من فضل الله واذكروا الله كثيرا لعلكم تفلحون
62,11,81,6689,وإذا رأوا تجارة أو لهوا انفضوا إليها وتركوك قائما ۚ قل ما عند الله خير من اللهو ومن التجارة ۚ والله خير الرازقين
63,1,77,4277,إذا جاءك المنافقون قالوا نشهد إنك لرسول الله ۗ والله يعلم إنك لرسوله والله يشهد إن المنافقين لكاذبون
63,2,47,2857,اتخذوا أيمانهم جنة فصدوا عن سبيل الله ۚ إنهم ساء ما كانوا يعملون
63,3,41,2642,ذلك بأنهم آمنوا ثم كفروا فطبع على قلوبهم فهم لا يفقهون
63,4,94,6664,۞ وإذا رأيتهم تعجبك أجسامهم ۖ وإن يقولوا تسمع لقولهم ۖ كأنهم خشب مسندة ۖ يحسبون كل صيحة عليهم ۚ هم العدو فاحذرهم ۚ قاتلهم الله ۖ أنى يؤفكون
63,5,63,5636,وإذا قيل لهم تعالوا يستغفر لكم رسول الله لووا رءوسهم ورأيتهم يصدون وهم مستكبرون
63,6,66,6958,سواء عليهم أستغفرت لهم أم لم تستغفر لهم لن يغفر الله لهم ۚ إن الله لا يهدي القوم الفاسقين
63,7,86,6792,هم الذين يقولون لا تنفقوا على من عند رسول الله حتى ينفضوا ۗ ولله خزائن السماوات والأرض ولكن المنافقين لا يفقهون
63,8,82,4106,يقولون لئن رجعنا إلى المدينة ليخرجن الأعز منها الأذل ۚ ولله العزة ولرسوله وللمؤمنين ولكن المنافقين لا يعلمون
63,9,69,4987,يا أيها الذين آمنوا لا تلهكم أموالكم ولا أولادكم عن ذكر الله ۚ ومن يفعل ذلك فأولئك هم الخاسرون
63,10,75,4823,وأنفقوا من ما رزقناكم من قبل أن يأتي أحدكم الموت فيقول رب لولا أخرتني إلى أجل قريب فأصدق وأكن من الصالحين
63,11,40,3420,ولن يؤخر الله نفسا إذا جاء أجلها ۚ والله خبير بما تعملون
64,1,56,3054,يسبح لله ما في السماوات وما في الأرض ۖ له الملك وله الحمد ۖ وهو على كل شيء قدير
64,2,46,3372,هو الذي خلقكم فمنكم كافر ومنكم مؤمن ۚ والله بما تعملون بصير
64,3,46,3785,خلق السماوات والأرض بالحق وصوركم فأحسن صوركم ۖ وإليه المصير
64,4,61,5079,يعلم ما في السماوات والأرض ويعلم ما تسرون وما تعلنون ۚ والله عليم بذات الصدور
64,5,48,4058,ألم يأتكم نبأ الذين كفروا من قبل فذاقوا وبال أمرهم ولهم عذاب أليم
64,6,78,7423,ذلك بأنه كانت تأتيهم رسلهم بالبينات فقالوا أبشر يهدوننا فكفروا وتولوا ۚ واستغنى الله ۚ والله غني حميد
64,7,65,6263,زعم الذين كفروا أن لن يبعثوا ۚ قل بلى وربي لتبعثن ثم لتنبؤن بما عملتم ۚ وذلك على الله يسير
64,8,49,3247,فآمنوا بالله ورسوله والنور الذي أنزلنا ۚ والله بما تعملون خبير
64,9,118,9856,يوم يجمعكم ليوم الجمع ۖ ذلك يوم التغابن ۗ ومن يؤمن بالله ويعمل صالحا يكفر عنه سيئاته ويدخله جنات تجري من تحتها الأنهار خالدين فيها أبدا ۚ ذلك الفوز العظيم
64,10,54,3972,والذين كفروا وكذبوا بآياتنا أولئك أصحاب النار خالدين فيها ۖ وبئس المصير
64,11,52,2219,ما أصاب من مصيبة إلا بإذن الله ۗ ومن يؤمن بالله يهد قلبه ۚ والله بكل شيء عليم
64,12,54,3428,وأطيعوا الله وأطيعوا الرسول ۚ فإن توليتم فإنما على رسولنا البلاغ المبين
64,13,33,1139,الله لا إله إلا هو ۚ وعلى الله فليتوكل المؤمنون
64,14,80,7087,يا أيها الذين آمنوا إن من أزواجكم وأولادكم عدوا لكم فاحذروهم ۚ وإن تعفوا وتصفحوا وتغفروا فإن الله غفور رحيم
64,15,34,2289,إنما أموالكم وأولادكم فتنة ۚ والله عنده أجر عظيم
64,16,74,4436,فاتقوا الله ما استطعتم واسمعوا وأطيعوا وأنفقوا خيرا لأنفسكم ۗ ومن يوق شح نفسه فأولئك هم المفلحون
64,17,49,5971,إن تقرضوا الله قرضا حسنا يضاعفه لكم ويغفر لكم ۚ والله شكور حليم
64,18,28,1765,عالم الغيب والشهادة العزيز الحكيم
65,1,162,12232,يا أيها النبي إذا طلقتم النساء فطلقوهن لعدتهن وأحصوا العدة ۖ واتقوا الله ربكم ۖ لا تخرجوهن من بيوتهن ولا يخرجن إلا أن يأتين بفاحشة مبينة ۚ وتلك حدود الله ۚ ومن يتعد حدود الله فقد ظلم نفسه ۚ لا تدري لعل الله يحدث بعد ذلك أمرا
65,2,123,10017,فإذا بلغن أجلهن فأمسكوهن بمعروف أو فارقوهن بمعروف وأشهدوا ذوي عدل منكم وأقيموا الشهادة لله ۚ ذلكم يوعظ به من كان يؤمن بالله واليوم الآخر ۚ ومن يتق الله يجعل له مخرجا
65,3,69,4703,ويرزقه من حيث لا يحتسب ۚ ومن يتوكل على الله فهو حسبه ۚ إن الله بالغ أمره ۚ قد جعل الله لكل شيء قدرا
65,4,106,8872,واللائي يئسن من المحيض من نسائكم إن ارتبتم فعدتهن ثلاثة أشهر واللائي لم يحضن ۚ وأولات الأحمال أجلهن أن يضعن حملهن ۚ ومن يتق الله يجعل له من أمره يسرا
65,5,49,4096,ذلك أمر الله أنزله إليكم ۚ ومن يتق الله يكفر عنه سيئاته ويعظم له أجرا
65,6,133,14127,أسكنوهن من حيث سكنتم من وجدكم ولا تضاروهن لتضيقوا عليهن ۚ وإن كن أولات حمل فأنفقوا عليهن حتى يضعن حملهن ۚ فإن أرضعن لكم فآتوهن أجورهن ۖ وأتمروا بينكم بمعروف ۖ وإن تعاسرتم فسترضع له أخرى
65,7,86,5284,لينفق ذو سعة من سعته ۖ ومن قدر عليه رزقه فلينفق مما آتاه الله ۚ لا يكلف الله نفسا إلا ما آتاها ۚ سيجعل الله بعد عسر يسرا
65,8,61,4704,وكأين من قرية عتت عن أمر ربها ورسله فحاسبناها حسابا شديدا وعذبناها عذابا نكرا
65,9,29,2923,فذاقت وبال أمرها وكان عاقبة أمرها خسرا
65,10,66,4251,أعد الله لهم عذابا شديدا ۖ فاتقوا الله يا أولي الألباب الذين آمنوا ۚ قد أنزل الله إليكم ذكرا
65,11,145,11033,رسولا يتلو عليكم آيات الله مبينات ليخرج الذين آمنوا وعملوا الصالحات من الظلمات إلى النور ۚ ومن يؤمن بالله ويعمل صالحا يدخله جنات تجري من تحتها الأنهار خالدين فيها أبدا ۖ قد أحسن الله له رزقا
65,12,88,7028,الله الذي خلق سبع سماوات ومن الأرض مثلهن يتنزل الأمر بينهن لتعلموا أن الله على كل شيء قدير وأن الله قد أحاط بكل شيء علما
66,1,54,5939,يا أيها النبي لم تحرم ما أحل الله لك ۖ تبتغي مرضات أزواجك ۚ والله غفور رحيم
66,2,47,2455,قد فرض الله لكم تحلة أيمانكم ۚ والله مولاكم ۖ وهو العليم الحكيم
66,3,102,10590,وإذ أسر النبي إلى بعض أزواجه حديثا فلما نبأت به وأظهره الله عليه عرف بعضه وأعرض عن بعض ۖ فلما نبأها به قالت من أنبأك هذا ۖ قال نبأني العليم الخبير
66,4,84,7471,إن تتوبا إلى الله فقد صغت قلوبكما ۖ وإن تظاهرا عليه فإن الله هو مولاه وجبريل وصالح المؤمنين ۖ والملائكة بعد ذلك ظهير
66,5,74,6635,عسى ربه إن طلقكن أن يبدله أزواجا خيرا منكن مسلمات مؤمنات قانتات تائبات عابدات سائحات ثيبات وأبكارا
66,6,98,5843,يا أيها الذين آمنوا قوا أنفسكم وأهليكم نارا وقودها الناس والحجارة عليها ملائكة غلاظ شداد لا يعصون الله ما أمرهم ويفعلون ما يؤمرون
66,7,49,4724,يا أيها الذين كفروا لا تعتذروا اليوم ۖ إنما تجزون ما كنتم تعملون
66,8,177,12563,يا أيها الذين آمنوا توبوا إلى الله توبة نصوحا عسى ربكم أن يكفر عنكم سيئاتكم ويدخلكم جنات تجري من تحتها الأنهار يوم لا يخزي الله النبي والذين آمنوا معه ۖ نورهم يسعى بين أيديهم وبأيمانهم يقولون ربنا أتمم لنا نورنا واغفر لنا ۖ إنك على كل شيء قدير
66,9,59,3560,يا أيها النبي جاهد الكفار والمنافقين واغلظ عليهم ۚ ومأواهم جهنم ۖ وبئس المصير
66,10,118,10918,ضرب الله مثلا للذين كفروا امرأت نوح وامرأت لوط ۖ كانتا تحت عبدين من عبادنا صالحين فخانتاهما فلم يغنيا عنهما من الله شيئا وقيل ادخلا النار مع الداخلين
66,11,93,8080,وضرب الله مثلا للذين آمنوا امرأت فرعون إذ قالت رب ابن لي عندك بيتا في الجنة ونجني من فرعون وعمله ونجني من القوم الظالمين
66,12,78,6642,ومريم ابنت عمران التي أحصنت فرجها فنفخنا فيه من روحنا وصدقت بكلمات ربها وكتبه وكانت من القانتين
67,1,31,2297,تبارك الذي بيده الملك وهو على كل شيء قدير
67,2,50,3930,الذي خلق الموت والحياة ليبلوكم أيكم أحسن عملا ۚ وهو العزيز الغفور
67,3,63,6688,الذي خلق سبع سماوات طباقا ۖ ما ترى في خلق الرحمن من تفاوت ۖ فارجع البصر هل ترى من فطور
67,4,40,3349,ثم ارجع البصر كرتين ينقلب إليك البصر خاسئا وهو حسير
67,5,66,3195,ولقد زينا السماء الدنيا بمصابيح وجعلناها رجوما للشياطين ۖ وأعتدنا لهم عذاب السعير
67,6,33,2692,وللذين كفروا بربهم عذاب جهنم ۖ وبئس المصير
67,7,30,2270,إذا ألقوا فيها سمعوا لها شهيقا وهي تفور
67,8,49,6027,تكاد تميز من الغيظ ۖ كلما ألقي فيها فوج سألهم خزنتها ألم يأتكم نذير
67,9,57,4677,قالوا بلى قد جاءنا نذير فكذبنا وقلنا ما نزل الله من شيء إن أنتم إلا في ضلال كبير
67,10,37,1401,وقالوا لو كنا نسمع أو نعقل ما كنا في أصحاب السعير
67,11,30,2388,فاعترفوا بذنبهم فسحقا لأصحاب السعير
67,12,35,4935,إن الذين يخشون ربهم بالغيب لهم مغفرة وأجر كبير
67,13,35,2337,وأسروا قولكم أو اجهروا به ۖ إنه عليم بذات الصدور
67,14,26,2021,ألا يعلم من خلق وهو اللطيف الخبير
67,15,57,4483,هو الذي جعل لكم الأرض ذلولا فامشوا في مناكبها وكلوا من رزقه ۖ وإليه النشور
67,16,34,4177,أأمنتم من في السماء أن يخسف بكم الأرض فإذا هي تمور
67,17,44,3310,أم أمنتم من في السماء أن يرسل عليكم حاصبا ۖ فستعلمون كيف نذير
67,18,30,2461,ولقد كذب الذين من قبلهم فكيف كان نكير
67,19,56,3649,أولم يروا إلى الطير فوقهم صافات ويقبضن ۚ ما يمسكهن إلا الرحمن ۚ إنه بكل شيء بصير
67,20,51,4549,أمن هذا الذي هو جند لكم ينصركم من دون الرحمن ۚ إن الكافرون إلا في غرور
67,21,39,3376,أمن هذا الذي يرزقكم إن أمسك رزقه ۚ بل لجوا في عتو ونفور
67,22,41,2298,أفمن يمشي مكبا على وجهه أهدى أمن يمشي سويا على صراط مستقيم
67,23,49,3331,قل هو الذي أنشأكم وجعل لكم السمع والأبصار والأفئدة ۖ قليلا ما تشكرون
67,24,28,3978,قل هو الذي ذرأكم في الأرض وإليه تحشرون
67,25,28,2280,ويقولون متى هذا الوعد إن كنتم صادقين
67,26,31,1792,قل إنما العلم عند الله وإنما أنا نذير مبين
67,27,49,4707,فلما رأوه زلفة سيئت وجوه الذين كفروا وقيل هذا الذي كنتم به تدعون
67,28,52,3260,قل أرأيتم إن أهلكني الله ومن معي أو رحمنا فمن يجير الكافرين من عذاب أليم
67,29,48,3086,قل هو الرحمن آمنا به وعليه توكلنا ۖ فستعلمون من هو في ضلال مبين
67,30,33,3101,قل أرأيتم إن أصبح ماؤكم غورا فمن يأتيكم بماء معين
68,1,16,639,ن ۚ والقلم وما يسطرون
68,2,17,1026,ما أنت بنعمة ربك بمجنون
68,3,16,1736,وإن لك لأجرا غير ممنون
68,4,13,1956,وإنك لعلى خلق عظيم
68,5,13,1196,فستبصر ويبصرون
68,6,12,689,بأييكم المفتون
68,7,36,2271,إن ربك هو أعلم بمن ضل عن سبيله وهو أعلم بالمهتدين
68,8,14,1443,فلا تطع المكذبين
68,9,17,717,ودوا لو تدهن فيدهنون
68,10,16,790,ولا تطع كل حلاف مهين
68,11,12,536,هماز مشاء بنميم
68,12,16,2095,مناع للخير معتد أثيم
68,13,13,1433,عتل بعد ذلك زنيم
68,14,14,1011,أن كان ذا مال وبنين
68,15,28,2646,إذا تتلى عليه آياتنا قال أساطير الأولين
68,16,14,1201,سنسمه على الخرطوم
68,17,45,2053,إنا بلوناهم كما بلونا أصحاب الجنة إذ أقسموا ليصرمنها مصبحين
68,18,10,1113,ولا يستثنون
68,19,25,886,فطاف عليها طائف من ربك وهم نائمون
68,20,12,971,فأصبحت كالصريم
68,21,13,742,فتنادوا مصبحين
68,22,24,2881,أن اغدوا على حرثكم إن كنتم صارمين
68,23,19,1875,فانطلقوا وهم يتخافتون
68,24,25,1218,أن لا يدخلنها اليوم عليكم مسكين
68,25,16,1694,وغدوا على حرد قادرين
68,26,21,1469,فلما رأوها قالوا إنا لضالون
68,27,12,490,بل نحن محرومون
68,28,25,1134,قال أوسطهم ألم أقل لكم لولا تسبحون
68,29,25,1665,قالوا سبحان ربنا إنا كنا ظالمين
68,30,22,2644,فأقبل بعضهم على بعض يتلاومون
68,31,22,1438,قالوا يا ويلنا إنا كنا طاغين
68,32,34,3030,عسى ربنا أن يبدلنا خيرا منها إنا إلى ربنا راغبون
68,33,36,3756,كذلك العذاب ۖ ولعذاب الآخرة أكبر ۚ لو كانوا يعلمون
68,34,25,1736,إن للمتقين عند ربهم جنات النعيم
68,35,22,888,أفنجعل المسلمين كالمجرمين
68,36,14,765,ما لكم كيف تحكمون
68,37,17,1368,أم لكم كتاب فيه تدرسون
68,38,16,1572,إن لكم فيه لما تخيرون
68,39,40,2428,أم لكم أيمان علينا بالغة إلى يوم القيامة ۙ إن لكم لما تحكمون
68,40,15,1069,سلهم أيهم بذلك زعيم
68,41,33,2114,أم لهم شركاء فليأتوا بشركائهم إن كانوا صادقين
68,42,36,1753,يوم يكشف عن ساق ويدعون إلى السجود فلا يستطيعون
68,43,47,3489,خاشعة أبصارهم ترهقهم ذلة ۖ وقد كانوا يدعون إلى السجود وهم سالمون
68,44,44,4796,فذرني ومن يكذب بهذا الحديث ۖ سنستدرجهم من حيث لا يعلمون
68,45,16,755,وأملي لهم ۚ إن كيدي متين
68,46,24,3000,أم تسألهم أجرا فهم من مغرم مثقلون
68,47,20,1865,أم عندهم الغيب فهم يكتبون
68,48,40,3544,فاصبر لحكم ربك ولا تكن كصاحب الحوت إذ نادى وهو مكظوم
68,49,37,3133,لولا أن تداركه نعمة من ربه لنبذ بالعراء وهو مذموم
68,50,25,1197,فاجتباه ربه فجعله من الصالحين
68,51,59,3423,وإن يكاد الذين كفروا ليزلقونك بأبصارهم لما سمعوا الذكر ويقولون إنه لمجنون
68,52,18,1270,وما هو إلا ذكر للعالمين
69,1,5,140,الحاقة
69,2,7,181,ما الحاقة
69,3,14,453,وما أدراك ما الحاقة
69,4,19,2157,كذبت ثمود وعاد بالقارعة
69,5,20,1866,فأما ثمود فأهلكوا بالطاغية
69,6,24,1545,وأما عاد فأهلكوا بريح صرصر عاتية
69,7,61,4803,سخرها عليهم سبع ليال وثمانية أيام حسوما فترى القوم فيها صرعى كأنهم أعجاز نخل خاوية
69,8,14,993,فهل ترى لهم من باقية
69,9,30,2270,وجاء فرعون ومن قبله والمؤتفكات بالخاطئة
69,10,24,3728,فعصوا رسول ربهم فأخذهم أخذة رابية
69,11,26,1727,إنا لما طغى الماء حملناكم في الجارية
69,12,26,2928,لنجعلها لكم تذكرة وتعيها أذن واعية
69,13,20,2677,فإذا نفخ في الصور نفخة واحدة
69,14,27,2136,وحملت الأرض والجبال فدكتا دكة واحدة
69,15,15,1620,فيومئذ وقعت الواقعة
69,16,22,1862,وانشقت السماء فهي يومئذ واهية
69,17,38,2911,والملك على أرجائها ۚ ويحمل عرش ربك فوقهم يومئذ ثمانية
69,18,23,4234,يومئذ تعرضون لا تخفى منكم خافية
69,19,38,2190,فأما من أوتي كتابه بيمينه فيقول هاؤم اقرءوا كتابيه
69,20,18,1777,إني ظننت أني ملاق حسابيه
69,21,12,1572,فهو في عيشة راضية
69,22,8,254,في جنة عالية
69,23,10,266,قطوفها دانية
69,24,36,2136,كلوا واشربوا هنيئا بما أسلفتم في الأيام الخالية
69,25,41,3010,وأما من أوتي كتابه بشماله فيقول يا ليتني لم أوت كتابيه
69,26,13,407,ولم أدر ما حسابيه
69,27,17,1870,يا ليتها كانت القاضية
69,28,12,1307,ما أغنى عني ماليه ۜ
69,29,13,350,هلك عني سلطانيه
69,30,9,2432,خذوه فغلوه
69,31,12,763,ثم الجحيم صلوه
69,32,30,3148,ثم في سلسلة ذرعها سبعون ذراعا فاسلكوه
69,33,21,1376,إنه كان لا يؤمن بالله العظيم
69,34,19,1286,ولا يحض على طعام المسكين
69,35,20,462,فليس له اليوم هاهنا حميم
69,36,16,1428,ولا طعام إلا من غسلين
69,37,15,824,لا يأكله إلا الخاطئون
69,38,15,1102,فلا أقسم بما تبصرون
69,39,11,826,وما لا تبصرون
69,40,14,787,إنه لقول رسول كريم
69,41,25,1525,وما هو بقول شاعر ۚ قليلا ما تؤمنون
69,42,24,1839,ولا بقول كاهن ۚ قليلا ما تذكرون
69,43,17,1021,تنزيل من رب العالمين
69,44,22,1789,ولو تقول علينا بعض الأقاويل
69,45,15,1619,لأخذنا منه باليمين
69,46,17,1392,ثم لقطعنا منه الوتين
69,47,20,577,فما منكم من أحد عنه حاجزين
69,48,15,2071,وإنه لتذكرة للمتقين
69,49,19,1299,وإنا لنعلم أن منكم مكذبين
69,50,17,851,وإنه لحسرة على الكافرين
69,51,12,400,وإنه لحق اليقين
69,52,17,1526,فسبح باسم ربك العظيم
70,1,14,1133,سأل سائل بعذاب واقع
70,2,17,711,للكافرين ليس له دافع
70,3,15,1211,من الله ذي المعارج
70,4,42,2638,تعرج الملائكة والروح إليه في يوم كان مقداره خمسين ألف سنة
70,5,14,750,فاصبر صبرا جميلا
70,6,13,453,إنهم يرونه بعيدا
70,7,10,575,ونراه قريبا
70,8,18,790,يوم تكون السماء كالمهل
70,9,17,725,وتكون الجبال كالعهن
70,10,15,334,ولا يسأل حميم حميما
70,11,39,2965,يبصرونهم ۚ يود المجرم لو يفتدي من عذاب يومئذ ببنيه
70,12,11,1133,وصاحبته وأخيه
70,13,15,1483,وفصيلته التي تؤويه
70,14,21,1959,ومن في الأرض جميعا ثم ينجيه
70,15,8,1037,كلا ۖ إنها لظى
70,16,8,494,نزاعة للشوى
70,17,13,1218,تدعو من أدبر وتولى
70,18,7,275,وجمع فأوعى
70,19,15,1084,۞ إن الإنسان خلق هلوعا
70,20,14,1424,إذا مسه الشر جزوعا
70,21,16,1820,وإذا مسه الخير منوعا
70,22,9,282,إلا المصلين
70,23,20,1603,الذين هم على صلاتهم دائمون
70,24,21,1303,والذين في أموالهم حق معلوم
70,25,13,482,للسائل والمحروم
70,26,21,1210,والذين يصدقون بيوم الدين
70,27,24,2528,والذين هم من عذاب ربهم مشفقون
70,28,16,2416,إن عذاب ربهم غير مأمون
70,29,21,2251,والذين هم لفروجهم حافظون
70,30,36,2437,إلا على أزواجهم أو ما ملكت أيمانهم فإنهم غير ملومين
70,31,26,2873,فمن ابتغى وراء ذلك فأولئك هم العادون
70,32,27,1866,والذين هم لأماناتهم وعهدهم راعون
70,33,22,1797,والذين هم بشهاداتهم قائمون
70,34,23,2563,والذين هم على صلاتهم يحافظون
70,35,15,956,أولئك في جنات مكرمون
70,36,24,1585,فمال الذين كفروا قبلك مهطعين
70,37,21,926,عن اليمين وعن الشمال عزين
70,38,24,1472,أيطمع كل امرئ منهم أن يدخل جنة نعيم
70,39,21,1215,كلا ۖ إنا خلقناهم مما يعلمون
70,40,33,2909,فلا أقسم برب المشارق والمغارب إنا لقادرون
70,41,29,1607,على أن نبدل خيرا منهم وما نحن بمسبوقين
70,42,41,4117,فذرهم يخوضوا ويلعبوا حتى يلاقوا يومهم الذي يوعدون
70,43,36,3125,يوم يخرجون من الأجداث سراعا كأنهم إلى نصب يوفضون
70,44,41,4591,خاشعة أبصارهم ترهقهم ذلة ۚ ذلك اليوم الذي كانوا يوعدون
71,1,42,3394,إنا أرسلنا نوحا إلى قومه أن أنذر قومك من قبل أن يأتيهم عذاب أليم
71,2,21,1500,قال يا قوم إني لكم نذير مبين
71,3,23,869,أن اعبدوا الله واتقوه وأطيعون
71,4,55,6204,يغفر لكم من ذنوبكم ويؤخركم إلى أجل مسمى ۚ إن أجل الله إذا جاء لا يؤخر ۖ لو كنتم تعلمون
71,5,25,1363,قال رب إني دعوت قومي ليلا ونهارا
71,6,19,814,فلم يزدهم دعائي إلا فرارا
71,7,75,7687,وإني كلما دعوتهم لتغفر لهم جعلوا أصابعهم في آذانهم واستغشوا ثيابهم وأصروا واستكبروا استكبارا
71,8,15,1335,ثم إني دعوتهم جهارا
71,9,24,2628,ثم إني أعلنت لهم وأسررت لهم إسرارا
71,10,26,4028,فقلت استغفروا ربكم إنه كان غفارا
71,11,20,1048,يرسل السماء عليكم مدرارا
71,12,42,1450,ويمددكم بأموال وبنين ويجعل لكم جنات ويجعل لكم أنهارا
71,13,20,1194,ما لكم لا ترجون لله وقارا
71,14,13,1117,وقد خلقكم أطوارا
71,15,30,2336,ألم تروا كيف خلق الله سبع سماوات طباقا
71,16,31,1687,وجعل القمر فيهن نورا وجعل الشمس سراجا
71,17,21,2159,والله أنبتكم من الأرض نباتا
71,18,24,2474,ثم يعيدكم فيها ويخرجكم إخراجا
71,19,20,1369,والله جعل لكم الأرض بساطا
71,20,20,824,لتسلكوا منها سبلا فجاجا
71,21,47,2410,قال نوح رب إنهم عصوني واتبعوا من لم يزده ماله وولده إلا خسارا
71,22,15,758,ومكروا مكرا كبارا
71,23,52,5655,وقالوا لا تذرن آلهتكم ولا تذرن ودا ولا سواعا ولا يغوث ويعوق ونسرا
71,24,33,4081,وقد أضلوا كثيرا ۖ ولا تزد الظالمين إلا ضلالا
71,25,50,4233,مما خطيئاتهم أغرقوا فأدخلوا نارا فلم يجدوا لهم من دون الله أنصارا
71,26,35,3563,وقال نوح رب لا تذر على الأرض من الكافرين ديارا
71,27,38,3115,إنك إن تذرهم يضلوا عبادك ولا يلدوا إلا فاجرا كفارا
71,28,67,5892,رب اغفر لي ولوالدي ولمن دخل بيتي مؤمنا وللمؤمنين والمؤمنات ولا تزد الظالمين إلا تبارا
72,1,44,2241,قل أوحي إلي أنه استمع نفر من الجن فقالوا إنا سمعنا قرآنا عجبا
72,2,31,1696,يهدي إلى الرشد فآمنا به ۖ ولن نشرك بربنا أحدا
72,3,30,2743,وأنه تعالى جد ربنا ما اتخذ صاحبة ولا ولدا
72,4,26,969,وأنه كان يقول سفيهنا على الله شططا
72,5,33,2844,وأنا ظننا أن لن تقول الإنس والجن على الله كذبا
72,6,44,2298,وأنه كان رجال من الإنس يعوذون برجال من الجن فزادوهم رهقا
72,7,30,3350,وأنهم ظنوا كما ظننتم أن لن يبعث الله أحدا
72,8,38,1892,وأنا لمسنا السماء فوجدناها ملئت حرسا شديدا وشهبا
72,9,49,2380,وأنا كنا نقعد منها مقاعد للسمع ۖ فمن يستمع الآن يجد له شهابا رصدا
72,10,38,3323,وأنا لا ندري أشر أريد بمن في الأرض أم أراد بهم ربهم رشدا
72,11,35,1761,وأنا منا الصالحون ومنا دون ذلك ۖ كنا طرائق قددا
72,12,36,2934,وأنا ظننا أن لن نعجز الله في الأرض ولن نعجزه هربا
72,13,48,2774,وأنا لما سمعنا الهدى آمنا به ۖ فمن يؤمن بربه فلا يخاف بخسا ولا رهقا
72,14,45,2315,وأنا منا المسلمون ومنا القاسطون ۖ فمن أسلم فأولئك تحروا رشدا
72,15,26,610,وأما القاسطون فكانوا لجهنم حطبا
72,16,34,2593,وأن لو استقاموا على الطريقة لأسقيناهم ماء غدقا
72,17,39,4237,لنفتنهم فيه ۚ ومن يعرض عن ذكر ربه يسلكه عذابا صعدا
72,18,29,1041,وأن المساجد لله فلا تدعوا مع الله أحدا
72,19,40,836,وأنه لما قام عبد الله يدعوه كادوا يكونون عليه لبدا
72,20,22,1090,قل إنما أدعو ربي ولا أشرك به أحدا
72,21,22,1944,قل إني لا أملك لكم ضرا ولا رشدا
72,22,37,1452,قل إني لن يجيرني من الله أحد ولن أجد من دونه ملتحدا
72,23,61,3875,إلا بلاغا من الله ورسالاته ۚ ومن يعص الله ورسوله فإن له نار جهنم خالدين فيها أبدا
72,24,40,3446,حتى إذا رأوا ما يوعدون فسيعلمون من أضعف ناصرا وأقل عددا
72,25,31,1728,قل إن أدري أقريب ما توعدون أم يجعل له ربي أمدا
72,26,25,3540,عالم الغيب فلا يظهر على غيبه أحدا
72,27,41,3450,إلا من ارتضى من رسول فإنه يسلك من بين يديه ومن خلفه رصدا
72,28,46,3011,ليعلم أن قد أبلغوا رسالات ربهم وأحاط بما لديهم وأحصى كل شيء عددا
73,1,11,175,يا أيها المزمل
73,2,14,443,قم الليل إلا قليلا
73,3,17,738,نصفه أو انقص منه قليلا
73,4,22,2190,أو زد عليه ورتل القرآن ترتيلا
73,5,20,1209,إنا سنلقي عليك قولا ثقيلا
73,6,24,1130,إن ناشئة الليل هي أشد وطئا وأقوم قيلا
73,7,20,604,إن لك في النهار سبحا طويلا
73,8,25,2976,واذكر اسم ربك وتبتل إليه تبتيلا
73,9,34,4113,رب المشرق والمغرب لا إله إلا هو فاتخذه وكيلا
73,10,31,1195,واصبر على ما يقولون واهجرهم هجرا جميلا
73,11,33,2359,وذرني والمكذبين أولي النعمة ومهلهم قليلا
73,12,17,315,إن لدينا أنكالا وجحيما
73,13,20,2779,وطعاما ذا غصة وعذابا أليما
73,14,39,3006,يوم ترجف الأرض والجبال وكانت الجبال كثيبا مهيلا
73,15,45,2405,إنا أرسلنا إليكم رسولا شاهدا عليكم كما أرسلنا إلى فرعون رسولا
73,16,28,3759,فعصى فرعون الرسول فأخذناه أخذا وبيلا
73,17,34,2541,فكيف تتقون إن كفرتم يوما يجعل الولدان شيبا
73,18,25,901,السماء منفطر به ۚ كان وعده مفعولا
73,19,26,4592,إن هذه تذكرة ۖ فمن شاء اتخذ إلى ربه سبيلا
73,20,305,29600,۞ إن ربك يعلم أنك تقوم أدنى من ثلثي الليل ونصفه وثلثه وطائفة من الذين معك ۚ والله يقدر الليل والنهار ۚ علم أن لن تحصوه فتاب عليكم ۖ فاقرءوا ما تيسر من القرآن ۚ علم أن سيكون منكم مرضى ۙ وآخرون يضربون في الأرض يبتغون من فضل الله ۙ وآخرون يقاتلون في سبيل الله ۖ فاقرءوا ما تيسر منه ۚ وأقيموا الصلاة وآتوا الزكاة وأقرضوا الله قرضا حسنا ۚ وما تقدموا لأنفسكم من خير تجدوه عند الله هو خيرا وأعظم أجرا ۚ واستغفروا الله ۖ إن الله غفور رحيم
74,1,11,802,يا أيها المدثر
74,2,6,1170,قم فأنذر
74,3,8,530,وربك فكبر
74,4,10,833,وثيابك فطهر
74,5,11,536,والرجز فاهجر
74,6,13,2157,ولا تمنن تستكثر
74,7,10,631,ولربك فاصبر
74,8,15,1609,فإذا نقر في الناقور
74,9,15,1982,فذلك يومئذ يوم عسير
74,10,17,1982,على الكافرين غير يسير
74,11,16,2215,ذرني ومن خلقت وحيدا
74,12,17,711,وجعلت له مالا ممدودا
74,13,10,434,وبنين شهودا
74,14,13,950,ومهدت له تمهيدا
74,15,10,740,ثم يطمع أن أزيد
74,16,19,804,كلا ۖ إنه كان لآياتنا عنيدا
74,17,10,541,سأرهقه صعودا
74,18,9,665,إنه فكر وقدر
74,19,10,1024,فقتل كيف قدر
74,20,11,1484,ثم قتل كيف قدر
74,21,5,1690,ثم نظر
74,22,9,940,ثم عبس وبسر
74,23,12,1435,ثم أدبر واستكبر
74,24,16,1976,فقال إن هذا إلا سحر يؤثر
74,25,14,1456,إن هذا إلا قول البشر
74,26,8,555,سأصليه سقر
74,27,12,673,وما أدراك ما سقر
74,28,12,1880,لا تبقي ولا تذر
74,29,9,607,لواحة للبشر
74,30,11,1216,عليها تسعة عشر
74,31,233,18569,وما جعلنا أصحاب النار إلا ملائكة ۙ وما جعلنا عدتهم إلا فتنة للذين كفروا ليستيقن الذين أوتوا الكتاب ويزداد الذين آمنوا إيمانا ۙ ولا يرتاب الذين أوتوا الكتاب والمؤمنون ۙ وليقول الذين في قلوبهم مرض والكافرون ماذا أراد الله بهذا مثلا ۚ كذلك يضل الله من يشاء ويهدي من يشاء ۚ وما يعلم جنود ربك إلا هو ۚ وما هي إلا ذكرى للبشر
74,32,9,428,كلا والقمر
74,33,10,1013,والليل إذ أدبر
74,34,11,1178,والصبح إذا أسفر
74,35,11,351,إنها لإحدى الكبر
74,36,10,1523,نذيرا للبشر
74,37,20,2391,لمن شاء منكم أن يتقدم أو يتأخر
74,38,16,1030,كل نفس بما كسبت رهينة
74,39,12,273,إلا أصحاب اليمين
74,40,13,1101,في جنات يتساءلون
74,41,10,494,عن المجرمين
74,42,12,661,ما سلككم في سقر
74,43,18,619,قالوا لم نك من المصلين
74,44,16,526,ولم نك نطعم المسكين
74,45,17,3135,وكنا نخوض مع الخائضين
74,46,17,1002,وكنا نكذب بيوم الدين
74,47,12,1061,حتى أتانا اليقين
74,48,21,1759,فما تنفعهم شفاعة الشافعين
74,49,20,2837,فما لهم عن التذكرة معرضين
74,50,13,1193,كأنهم حمر مستنفرة
74,51,9,1136,فرت من قسورة
74,52,26,1911,بل يريد كل امرئ منهم أن يؤتى صحفا منشرة
74,53,17,1692,كلا ۖ بل لا يخافون الآخرة
74,54,9,1426,كلا إنه تذكرة
74,55,9,1396,فمن شاء ذكره
74,56,37,3466,وما يذكرون إلا أن يشاء الله ۚ هو أهل التقوى وأهل المغفرة
75,1,15,471,لا أقسم بيوم القيامة
75,2,18,568,ولا أقسم بالنفس اللوامة
75,3,21,1531,أيحسب الإنسان ألن نجمع عظامه
75,4,20,781,بلى قادرين على أن نسوي بنانه
75,5,21,857,بل يريد الإنسان ليفجر أمامه
75,6,15,399,يسأل أيان يوم القيامة
75,7,11,1406,فإذا برق البصر
75,8,9,1117,وخسف القمر
75,9,15,927,وجمع الشمس والقمر
75,10,21,1505,يقول الإنسان يومئذ أين المفر
75,11,8,295,كلا لا وزر
75,12,15,1839,إلى ربك يومئذ المستقر
75,13,22,2003,ينبأ الإنسان يومئذ بما قدم وأخر
75,14,18,821,بل الإنسان على نفسه بصيرة
75,15,12,1198,ولو ألقى معاذيره
75,16,20,1367,لا تحرك به لسانك لتعجل به
75,17,15,690,إن علينا جمعه وقرآنه
75,18,17,2045,فإذا قرأناه فاتبع قرآنه
75,19,13,819,ثم إن علينا بيانه
75,20,16,684,كلا بل تحبون العاجلة
75,21,10,2193,وتذرون الآخرة
75,22,12,1827,وجوه يومئذ ناضرة
75,23,9,1389,إلى ربها ناظرة
75,24,13,1045,ووجوه يومئذ باسرة
75,25,15,1979,تظن أن يفعل بها فاقرة
75,26,16,2926,كلا إذا بلغت التراقي
75,27,9,537,وقيل من ۜ راق
75,28,11,1423,وظن أنه الفراق
75,29,17,1303,والتفت الساق بالساق
75,30,14,1240,إلى ربك يومئذ المساق
75,31,11,462,فلا صدق ولا صلى
75,32,11,1270,ولكن كذب وتولى
75,33,13,1776,ثم ذهب إلى أهله يتمطى
75,34,7,202,أولى لك فأولى
75,35,9,742,ثم أولى لك فأولى
75,36,17,1016,أيحسب الإنسان أن يترك سدى
75,37,15,529,ألم يك نطفة من مني يمنى
75,38,15,1767,ثم كان علقة فخلق فسوى
75,39,24,1923,فجعل منه الزوجين الذكر والأنثى
75,40,23,1822,أليس ذلك بقادر على أن يحيي الموتى
76,1,35,2553,هل أتى على الإنسان حين من الدهر لم يكن شيئا مذكورا
76,2,45,2817,إنا خلقنا الإنسان من نطفة أمشاج نبتليه فجعلناه سميعا بصيرا
76,3,29,1176,إنا هديناه السبيل إما شاكرا وإما كفورا
76,4,32,2593,إنا أعتدنا للكافرين سلاسل وأغلالا وسعيرا
76,5,32,1658,إن الأبرار يشربون من كأس كان مزاجها كافورا
76,6,33,1843,عينا يشرب بها عباد الله يفجرونها تفجيرا
76,7,35,3241,يوفون بالنذر ويخافون يوما كان شره مستطيرا
76,8,35,1382,ويطعمون الطعام على حبه مسكينا ويتيما وأسيرا
76,9,38,1450,إنما نطعمكم لوجه الله لا نريد منكم جزاء ولا شكورا
76,10,28,1881,إنا نخاف من ربنا يوما عبوسا قمطريرا
76,11,35,3340,فوقاهم الله شر ذلك اليوم ولقاهم نضرة وسرورا
76,12,22,882,وجزاهم بما صبروا جنة وحريرا
76,13,40,2262,متكئين فيها على الأرائك ۖ لا يرون فيها شمسا ولا زمهريرا
76,14,33,3731,ودانية عليهم ظلالها وذللت قطوفها تذليلا
76,15,33,2317,ويطاف عليهم بآنية من فضة وأكواب كانت قواريرا
76,16,22,2518,قوارير من فضة قدروها تقديرا
76,17,29,640,ويسقون فيها كأسا كان مزاجها زنجبيلا
76,18,18,920,عينا فيها تسمى سلسبيلا
76,19,43,3816,۞ ويطوف عليهم ولدان مخلدون إذا رأيتهم حسبتهم لؤلؤا منثورا
76,20,26,2968,وإذا رأيت ثم رأيت نعيما وملكا كبيرا
76,21,56,5683,عاليهم ثياب سندس خضر وإستبرق ۖ وحلوا أساور من فضة وسقاهم ربهم شرابا طهورا
76,22,28,1772,إن هذا كان لكم جزاء وكان سعيكم مشكورا
76,23,25,1306,إنا نحن نزلنا عليك القرآن تنزيلا
76,24,31,2198,فاصبر لحكم ربك ولا تطع منهم آثما أو كفورا
76,25,19,1609,واذكر اسم ربك بكرة وأصيلا
76,26,29,588,ومن الليل فاسجد له وسبحه ليلا طويلا
76,27,35,2219,إن هؤلاء يحبون العاجلة ويذرون وراءهم يوما ثقيلا
76,28,43,3812,نحن خلقناهم وشددنا أسرهم ۖ وإذا شئنا بدلنا أمثالهم تبديلا
76,29,26,4592,إن هذه تذكرة ۖ فمن شاء اتخذ إلى ربه سبيلا
76,30,36,1679,وما تشاءون إلا أن يشاء الله ۚ إن الله كان عليما حكيما
76,31,39,3860,يدخل من يشاء في رحمته ۚ والظالمين أعد لهم عذابا أليما
77,1,13,1119,والمرسلات عرفا
77,2,13,994,فالعاصفات عصفا
77,3,13,1540,والناشرات نشرا
77,4,13,1274,فالفارقات فرقا
77,5,13,1613,فالملقيات ذكرا
77,6,9,1928,عذرا أو نذرا
77,7,14,834,إنما توعدون لواقع
77,8,13,1420,فإذا النجوم طمست
77,9,12,1522,وإذا السماء فرجت
77,10,13,1364,وإذا الجبال نسفت
77,11,11,1928,وإذا الرسل أقتت
77,12,8,529,لأي يوم أجلت
77,13,9,317,ليوم الفصل
77,14,17,600,وما أدراك ما يوم الفصل
77,15,15,1684,ويل يومئذ للمكذبين
77,16,12,302,ألم نهلك الأولين
77,17,14,1998,ثم نتبعهم الآخرين
77,18,17,1376,كذلك نفعل بالمجرمين
77,19,15,1684,ويل يومئذ للمكذبين
77,20,16,1146,ألم نخلقكم من ماء مهين
77,21,17,950,فجعلناه في قرار مكين
77,22,9,520,إلى قدر معلوم
77,23,18,1067,فقدرنا فنعم القادرون
77,24,15,1684,ويل يومئذ للمكذبين
77,25,15,1756,ألم نجعل الأرض كفاتا
77,26,9,473,أحياء وأمواتا
77,27,36,2885,وجعلنا فيها رواسي شامخات وأسقيناكم ماء فراتا
77,28,15,1684,ويل يومئذ للمكذبين
77,29,22,1963,انطلقوا إلى ما كنتم به تكذبون
77,30,19,3270,انطلقوا إلى ظل ذي ثلاث شعب
77,31,20,2266,لا ظليل ولا يغني من اللهب
77,32,17,1849,إنها ترمي بشرر كالقصر
77,33,11,919,كأنه جمالت صفر
77,34,15,1684,ويل يومئذ للمكذبين
77,35,14,1018,هذا يوم لا ينطقون
77,36,17,2388,ولا يؤذن لهم فيعتذرون
77,37,15,1684,ويل يومئذ للمكذبين
77,38,25,1350,هذا يوم الفصل ۖ جمعناكم والأولين
77,39,17,495,فإن كان لكم كيد فكيدون
77,40,15,1684,ويل يومئذ للمكذبين
77,41,19,1874,إن المتقين في ظلال وعيون
77,42,15,970,وفواكه مما يشتهون
77,43,28,1788,كلوا واشربوا هنيئا بما كنتم تعملون
77,44,18,1140,إنا كذلك نجزي المحسنين
77,45,15,1684,ويل يومئذ للمكذبين
77,46,25,1600,كلوا وتمتعوا قليلا إنكم مجرمون
77,47,15,1684,ويل يومئذ للمكذبين
77,48,23,1607,وإذا قيل لهم اركعوا لا يركعون
77,49,15,1684,ويل يومئذ للمكذبين
77,50,16,851,فبأي حديث بعده يؤمنون
78,1,9,667,عم يتساءلون
78,2,12,1254,عن النبإ العظيم
78,3,16,2087,الذي هم فيه مختلفون
78,4,10,317,كلا سيعلمون
78,5,12,857,ثم كلا سيعلمون
78,6,15,1305,ألم نجعل الأرض مهادا
78,7,12,485,والجبال أوتادا
78,8,13,865,وخلقناكم أزواجا
78,9,16,780,وجعلنا نومكم سباتا
78,10,16,355,وجعلنا الليل لباسا
78,11,17,859,وجعلنا النهار معاشا
78,12,20,808,وبنينا فوقكم سبعا شدادا
78,13,16,441,وجعلنا سراجا وهاجا
78,14,23,1615,وأنزلنا من المعصرات ماء ثجاجا
78,15,16,1361,لنخرج به حبا ونباتا
78,16,10,652,وجنات ألفافا
78,17,18,960,إن يوم الفصل كان ميقاتا
78,18,24,2240,يوم ينفخ في الصور فتأتون أفواجا
78,19,20,1589,وفتحت السماء فكانت أبوابا
78,20,21,1558,وسيرت الجبال فكانت سرابا
78,21,15,955,إن جهنم كانت مرصادا
78,22,10,1173,للطاغين مآبا
78,23,15,801,لابثين فيها أحقابا
78,24,24,1747,لا يذوقون فيها بردا ولا شرابا
78,25,13,1298,إلا حميما وغساقا
78,26,8,199,جزاء وفاقا
78,27,20,545,إنهم كانوا لا يرجون حسابا
78,28,17,1923,وكذبوا بآياتنا كذابا
78,29,16,954,وكل شيء أحصيناه كتابا
78,30,22,1989,فذوقوا فلن نزيدكم إلا عذابا
78,31,13,839,إن للمتقين مفازا
78,32,10,243,حدائق وأعنابا
78,33,11,709,وكواعب أترابا
78,34,9,198,وكأسا دهاقا
78,35,24,2161,لا يسمعون فيها لغوا ولا كذابا
78,36,16,475,جزاء من ربك عطاء حسابا
78,37,46,3157,رب السماوات والأرض وما بينهما الرحمن ۖ لا يملكون منه خطابا
78,38,54,2815,يوم يقوم الروح والملائكة صفا ۖ لا يتكلمون إلا من أذن له الرحمن وقال صوابا
78,39,28,3428,ذلك اليوم الحق ۖ فمن شاء اتخذ إلى ربه مآبا
78,40,66,6360,إنا أنذرناكم عذابا قريبا يوم ينظر المرء ما قدمت يداه ويقول الكافر يا ليتني كنت ترابا
79,1,13,1867,والنازعات غرقا
79,2,13,1158,والناشطات نشطا
79,3,13,580,والسابحات سبحا
79,4,13,838,فالسابقات سبقا
79,5,12,999,فالمدبرات أمرا
79,6,13,1054,يوم ترجف الراجفة
79,7,12,1194,تتبعها الرادفة
79,8,12,984,قلوب يومئذ واجفة
79,9,10,1270,أبصارها خاشعة
79,10,24,1003,يقولون أإنا لمردودون في الحافرة
79,11,13,2634,أإذا كنا عظاما نخرة
79,12,16,2370,قالوا تلك إذا كرة خاسرة
79,13,13,415,فإنما هي زجرة واحدة
79,14,12,1125,فإذا هم بالساهرة
79,15,12,1084,هل أتاك حديث موسى
79,16,23,1262,إذ ناداه ربه بالواد المقدس طوى
79,17,14,2208,اذهب إلى فرعون إنه طغى
79,18,12,802,فقل هل لك إلى أن تزكى
79,19,13,1677,وأهديك إلى ربك فتخشى
79,20,12,580,فأراه الآية الكبرى
79,21,7,968,فكذب وعصى
79,22,8,886,ثم أدبر يسعى
79,23,8,723,فحشر فنادى
79,24,14,655,فقال أنا ربكم الأعلى
79,25,21,2456,فأخذه الله نكال الآخرة والأولى
79,26,16,2222,إن في ذلك لعبرة لمن يخشى
79,27,20,1756,أأنتم أشد خلقا أم السماء ۚ بناها
79,28,14,629,رفع سمكها فسواها
79,29,18,3015,وأغطش ليلها وأخرج ضحاها
79,30,16,1882,والأرض بعد ذلك دحاها
79,31,18,1269,أخرج منها ماءها ومرعاها
79,32,12,340,والجبال أرساها
79,33,16,859,متاعا لكم ولأنعامكم
79,34,16,1519,فإذا جاءت الطامة الكبرى
79,35,18,1749,يوم يتذكر الإنسان ما سعى
79,36,16,1037,وبرزت الجحيم لمن يرى
79,37,7,1220,فأما من طغى
79,38,14,852,وآثر الحياة الدنيا
79,39,14,314,فإن الجحيم هي المأوى
79,40,29,1650,وأما من خاف مقام ربه ونهى النفس عن الهوى
79,41,12,306,فإن الجنة هي المأوى
79,42,22,826,يسألونك عن الساعة أيان مرساها
79,43,13,1597,فيم أنت من ذكراها
79,44,11,754,إلى ربك منتهاها
79,45,17,2538,إنما أنت منذر من يخشاها
79,46,32,2294,كأنهم يوم يرونها لم يلبثوا إلا عشية أو ضحاها
80,1,7,574,عبس وتولى
80,2,8,200,أن جاءه الأعمى
80,3,15,463,وما يدريك لعله يزكى
80,4,16,2572,أو يذكر فتنفعه الذكرى
80,5,9,1642,أما من استغنى
80,6,8,1059,فأنت له تصدى
80,7,12,245,وما عليك ألا يزكى
80,8,11,301,وأما من جاءك يسعى
80,9,6,927,وهو يخشى
80,10,9,1090,فأنت عنه تلهى
80,11,10,1427,كلا إنها تذكرة
80,12,9,1396,فمن شاء ذكره
80,13,9,568,في صحف مكرمة
80,14,9,650,مرفوعة مطهرة
80,15,7,366,بأيدي سفرة
80,16,7,663,كرام بررة
80,17,15,1068,قتل الإنسان ما أكفره
80,18,9,1145,من أي شيء خلقه
80,19,14,1353,من نطفة خلقه فقدره
80,20,12,948,ثم السبيل يسره
80,21,11,1373,ثم أماته فأقبره
80,22,10,2097,ثم إذا شاء أنشره
80,23,14,1318,كلا لما يقض ما أمره
80,24,18,1617,فلينظر الإنسان إلى طعامه
80,25,14,361,أنا صببنا الماء صبا
80,26,14,2523,ثم شققنا الأرض شقا
80,27,13,690,فأنبتنا فيها حبا
80,28,10,1038,وعنبا وقضبا
80,29,12,1167,وزيتونا ونخلا
80,30,9,1152,وحدائق غلبا
80,31,8,121,وفاكهة وأبا
80,32,16,859,متاعا لكم ولأنعامكم
80,33,11,1907,فإذا جاءت الصاخة
80,34,15,1322,يوم يفر المرء من أخيه
80,35,7,74,وأمه وأبيه
80,36,12,585,وصاحبته وبنيه
80,37,21,2637,لكل امرئ منهم يومئذ شأن يغنيه
80,38,12,1156,وجوه يومئذ مسفرة
80,39,10,1831,ضاحكة مستبشرة
80,40,17,2100,ووجوه يومئذ عليها غبرة
80,41,9,1411,ترهقها قترة
80,42,15,746,أولئك هم الكفرة الفجرة
81,1,11,1758,إذا الشمس كورت
81,2,15,1512,وإذا النجوم انكدرت
81,3,13,1444,وإذا الجبال سيرت
81,4,13,1818,وإذا العشار عطلت
81,5,13,1966,وإذا الوحوش حشرت
81,6,13,1612,وإذا البحار سجرت
81,7,13,1350,وإذا النفوس زوجت
81,8,12,1284,وإذا الموءودة سئلت
81,9,9,1694,بأي ذنب قتلت
81,10,12,1866,وإذا الصحف نشرت
81,11,12,1568,وإذا السماء كشطت
81,12,13,1529,وإذا الجحيم سعرت
81,13,11,1308,وإذا الجنة أزلفت
81,14,13,2179,علمت نفس ما أحضرت
81,15,12,1054,فلا أقسم بالخنس
81,16,11,402,الجوار الكنس
81,17,12,1068,والليل إذا عسعس
81,18,12,1428,والصبح إذا تنفس
81,19,14,787,إنه لقول رسول كريم
81,20,18,2371,ذي قوة عند ذي العرش مكين
81,21,9,760,مطاع ثم أمين
81,22,15,359,وما صاحبكم بمجنون
81,23,17,691,ولقد رآه بالأفق المبين
81,24,17,2113,وما هو على الغيب بضنين
81,25,18,819,وما هو بقول شيطان رجيم
81,26,9,1303,فأين تذهبون
81,27,16,1273,إن هو إلا ذكر للعالمين
81,28,16,1241,لمن شاء منكم أن يستقيم
81,29,28,1696,وما تشاءون إلا أن يشاء الله رب العالمين
82,1,13,1573,إذا السماء انفطرت
82,2,16,2338,وإذا الكواكب انتثرت
82,3,13,1632,وإذا البحار فجرت
82,4,14,2218,وإذا القبور بعثرت
82,5,17,2521,علمت نفس ما قدمت وأخرت
82,6,26,2005,يا أيها الإنسان ما غرك بربك الكريم
82,7,18,1862,الذي خلقك فسواك فعدلك
82,8,14,980,في أي صورة ما شاء ركبك
82,9,17,1358,كلا بل تكذبون بالدين
82,10,14,1305,وإن عليكم لحافظين
82,11,11,745,كراما كاتبين
82,12,14,883,يعلمون ما تفعلون
82,13,14,774,إن الأبرار لفي نعيم
82,14,15,552,وإن الفجار لفي جحيم
82,15,15,343,يصلونها يوم الدين
82,16,15,1283,وما هم عنها بغائبين
82,17,17,464,وما أدراك ما يوم الدين
82,18,18,998,ثم ما أدراك ما يوم الدين
82,19,31,2396,يوم لا تملك نفس لنفس شيئا ۖ والأمر يومئذ لله
83,1,11,375,ويل للمطففين
83,2,28,2805,الذين إذا اكتالوا على الناس يستوفون
83,3,22,1855,وإذا كالوهم أو وزنوهم يخسرون
83,4,18,1816,ألا يظن أولئك أنهم مبعوثون
83,5,8,1106,ليوم عظيم
83,6,23,818,يوم يقوم الناس لرب العالمين
83,7,21,1082,كلا إن كتاب الفجار لفي سجين
83,8,13,436,وما أدراك ما سجين
83,9,9,809,كتاب مرقوم
83,10,15,1684,ويل يومئذ للمكذبين
83,11,20,1732,الذين يكذبون بيوم الدين
83,12,20,1931,وما يكذب به إلا كل معتد أثيم
83,13,28,2646,إذا تتلى عليه آياتنا قال أساطير الأولين
83,14,29,884,كلا ۖ بل ۜ ران على قلوبهم ما كانوا يكسبون
83,15,24,1414,كلا إنهم عن ربهم يومئذ لمحجوبون
83,16,16,884,ثم إنهم لصالو الجحيم
83,17,25,3823,ثم يقال هذا الذي كنتم به تكذبون
83,18,22,1248,كلا إن كتاب الأبرار لفي عليين
83,19,14,479,وما أدراك ما عليون
83,20,9,809,كتاب مرقوم
83,21,13,753,يشهده المقربون
83,22,14,774,إن الأبرار لفي نعيم
83,23,13,1568,على الأرائك ينظرون
83,24,21,2156,تعرف في وجوههم نضرة النعيم
83,25,16,1720,يسقون من رحيق مختوم
83,26,32,3441,ختامه مسك ۚ وفي ذلك فليتنافس المتنافسون
83,27,13,712,ومزاجه من تسنيم
83,28,19,1080,عينا يشرب بها المقربون
83,29,33,3041,إن الذين أجرموا كانوا من الذين آمنوا يضحكون
83,30,18,2515,وإذا مروا بهم يتغامزون
83,31,27,1362,وإذا انقلبوا إلى أهلهم انقلبوا فكهين
83,32,22,2099,وإذا رأوهم قالوا إن هؤلاء لضالون
83,33,19,1548,وما أرسلوا عليهم حافظين
83,34,29,2371,فاليوم الذين آمنوا من الكفار يضحكون
83,35,13,1568,على الأرائك ينظرون
83,36,24,1240,هل ثوب الكفار ما كانوا يفعلون
84,1,12,1684,إذا السماء انشقت
84,2,13,1908,وأذنت لربها وحقت
84,3,10,2182,وإذا الأرض مدت
84,4,15,2109,وألقت ما فيها وتخلت
84,5,13,1908,وأذنت لربها وحقت
84,6,32,873,يا أيها الإنسان إنك كادح إلى ربك كدحا فملاقيه
84,7,19,1172,فأما من أوتي كتابه بيمينه
84,8,19,660,فسوف يحاسب حسابا يسيرا
84,9,16,775,وينقلب إلى أهله مسرورا
84,10,20,2298,وأما من أوتي كتابه وراء ظهره
84,11,13,1025,فسوف يدعو ثبورا
84,12,9,477,ويصلى سعيرا
84,13,16,763,إنه كان في أهله مسرورا
84,14,11,1359,إنه ظن أن لن يحور
84,15,16,670,بلى إن ربه كان به بصيرا
84,16,12,824,فلا أقسم بالشفق
84,17,12,320,والليل وما وسق
84,18,12,1639,والقمر إذا اتسق
84,19,15,1045,لتركبن طبقا عن طبق
84,20,13,383,فما لهم لا يؤمنون
84,21,23,1707,وإذا قرئ عليهم القرآن لا يسجدون ۩
84,22,18,1918,بل الذين كفروا يكذبون
84,23,16,397,والله أعلم بما يوعون
84,24,14,1482,فبشرهم بعذاب أليم
84,25,38,3307,إلا الذين آمنوا وعملوا الصالحات لهم أجر غير ممنون
85,1,15,1481,والسماء ذات البروج
85,2,13,250,واليوم الموعود
85,3,11,677,وشاهد ومشهود
85,4,13,1276,قتل أصحاب الأخدود
85,5,14,1530,النار ذات الوقود
85,6,12,1041,إذ هم عليها قعود
85,7,25,976,وهم على ما يفعلون بالمؤمنين شهود
85,8,37,853,وما نقموا منهم إلا أن يؤمنوا بالله العزيز الحميد
85,9,37,3293,الذي له ملك السماوات والأرض ۚ والله على كل شيء شهيد
85,10,62,5431,إن الذين فتنوا المؤمنين والمؤمنات ثم لم يتوبوا فلهم عذاب جهنم ولهم عذاب الحريق
85,11,62,5122,إن الذين آمنوا وعملوا الصالحات لهم جنات تجري من تحتها الأنهار ۚ ذلك الفوز الكبير
85,12,12,931,إن بطش ربك لشديد
85,13,12,182,إنه هو يبدئ ويعيد
85,14,15,1385,وهو الغفور الودود
85,15,13,1395,ذو العرش المجيد
85,16,11,476,فعال لما يريد
85,17,15,1072,هل أتاك حديث الجنود
85,18,10,962,فرعون وثمود
85,19,19,2352,بل الذين كفروا في تكذيب
85,20,16,481,والله من ورائهم محيط
85,21,11,450,بل هو قرآن مجيد
85,22,10,1168,في لوح محفوظ
86,1,13,485,والسماء والطارق
86,2,15,654,وما أدراك ما الطارق
86,3,11,758,النجم الثاقب
86,4,18,1466,إن كل نفس لما عليها حافظ
86,5,17,2272,فلينظر الإنسان مم خلق
86,6,11,1046,خلق من ماء دافق
86,7,21,1758,يخرج من بين الصلب والترائب
86,8,13,768,إنه على رجعه لقادر
86,9,12,980,يوم تبلى السرائر
86,10,16,730,فما له من قوة ولا ناصر
86,11,14,1543,والسماء ذات الرجع
86,12,13,2333,والأرض ذات الصدع
86,13,9,421,إنه لقول فصل
86,14,11,133,وما هو بالهزل
86,15,13,230,إنهم يكيدون كيدا
86,16,8,75,وأكيد كيدا
86,17,22,888,فمهل الكافرين أمهلهم رويدا
87,1,13,524,سبح اسم ربك الأعلى
87,2,10,1617,الذي خلق فسوى
87,3,11,1140,والذي قدر فهدى
87,4,13,1891,والذي أخرج المرعى
87,5,10,1703,فجعله غثاء أحوى
87,6,11,1051,سنقرئك فلا تنسى
87,7,27,1620,إلا ما شاء الله ۚ إنه يعلم الجهر وما يخفى
87,8,11,676,ونيسرك لليسرى
87,9,14,2601,فذكر إن نفعت الذكرى
87,10,10,1990,سيذكر من يخشى
87,11,12,908,ويتجنبها الأشقى
87,12,17,1406,الذي يصلى النار الكبرى
87,13,18,1188,ثم لا يموت فيها ولا يحيى
87,14,10,739,قد أفلح من تزكى
87,15,13,1434,وذكر اسم ربه فصلى
87,16,18,1334,بل تؤثرون الحياة الدنيا
87,17,11,1755,والآخرة خير وأبقى
87,18,16,1152,إن هذا لفي الصحف الأولى
87,19,13,548,صحف إبراهيم وموسى
88,1,15,2320,هل أتاك حديث الغاشية
88,2,12,1747,وجوه يومئذ خاشعة
88,3,8,284,عاملة ناصبة
88,4,11,831,تصلى نارا حامية
88,5,10,840,تسقى من عين آنية
88,6,18,1496,ليس لهم طعام إلا من ضريع
88,7,18,1467,لا يسمن ولا يغني من جوع
88,8,12,937,وجوه يومئذ ناعمة
88,9,10,1187,لسعيها راضية
88,10,8,254,في جنة عالية
88,11,14,1738,لا تسمع فيها لاغية
88,12,11,440,فيها عين جارية
88,13,12,952,فيها سرر مرفوعة
88,14,10,957,وأكواب موضوعة
88,15,11,693,ونمارق مصفوفة
88,16,11,1274,وزرابي مبثوثة
88,17,21,2660,أفلا ينظرون إلى الإبل كيف خلقت
88,18,14,1028,وإلى السماء كيف رفعت
88,19,15,755,وإلى الجبال كيف نصبت
88,20,13,1654,وإلى الأرض كيف سطحت
88,21,13,2501,فذكر إنما أنت مذكر
88,22,14,996,لست عليهم بمصيطر
88,23,11,863,إلا من تولى وكفر
88,24,21,1990,فيعذبه الله العذاب الأكبر
88,25,10,199,إن إلينا إيابهم
88,26,14,867,ثم إن علينا حسابهم
89,1,6,320,والفجر
89,2,8,647,وليال عشر
89,3,12,1130,والشفع والوتر
89,4,11,1078,والليل إذا يسر
89,5,16,2026,هل في ذلك قسم لذي حجر
89,6,17,1259,ألم تر كيف فعل ربك بعاد
89,7,11,1487,إرم ذات العماد
89,8,23,1985,التي لم يخلق مثلها في البلاد
89,9,26,2325,وثمود الذين جابوا الصخر بالواد
89,10,14,1564,وفرعون ذي الأوتاد
89,11,17,1965,الذين طغوا في البلاد
89,12,16,1079,فأكثروا فيها الفساد
89,13,18,1397,فصب عليهم ربك سوط عذاب
89,14,13,670,إن ربك لبالمرصاد
89,15,44,2965,فأما الإنسان إذا ما ابتلاه ربه فأكرمه ونعمه فيقول ربي أكرمن
89,16,37,2583,وأما إذا ما ابتلاه فقدر عليه رزقه فيقول ربي أهانن
89,17,19,1321,كلا ۖ بل لا تكرمون اليتيم
89,18,22,1733,ولا تحاضون على طعام المسكين
89,19,18,1766,وتأكلون التراث أكلا لما
89,20,17,629,وتحبون المال حبا جما
89,21,18,2257,كلا إذا دكت الأرض دكا دكا
89,22,18,701,وجاء ربك والملك صفا صفا
89,23,36,4195,وجيء يومئذ بجهنم ۚ يومئذ يتذكر الإنسان وأنى له الذكرى
89,24,21,1660,يقول يا ليتني قدمت لحياتي
89,25,18,2439,فيومئذ لا يعذب عذابه أحد
89,26,14,1277,ولا يوثق وثاقه أحد
89,27,17,818,يا أيتها النفس المطمئنة
89,28,17,2597,ارجعي إلى ربك راضية مرضية
89,29,13,902,فادخلي في عبادي
89,30,10,1114,وادخلي جنتي
90,1,14,1006,لا أقسم بهذا البلد
90,2,14,1269,وأنت حل بهذا البلد
90,3,11,134,ووالد وما ولد
90,4,19,1223,لقد خلقنا الإنسان في كبد
90,5,17,651,أيحسب أن لن يقدر عليه أحد
90,6,16,710,يقول أهلكت مالا لبدا
90,7,12,427,أيحسب أن لم يره أحد
90,8,13,448,ألم نجعل له عينين
90,9,12,994,ولسانا وشفتين
90,10,14,229,وهديناه النجدين
90,11,13,863,فلا اقتحم العقبة
90,12,14,516,وما أدراك ما العقبة
90,13,5,402,فك رقبة
90,14,16,2084,أو إطعام في يوم ذي مسغبة
90,15,11,1504,يتيما ذا مقربة
90,16,13,1530,أو مسكينا ذا متربة
90,17,43,3255,ثم كان من الذين آمنوا وتواصوا بالصبر وتواصوا بالمرحمة
90,18,13,328,أولئك أصحاب الميمنة
90,19,28,2125,والذين كفروا بآياتنا هم أصحاب المشأمة
90,20,11,540,عليهم نار مؤصدة
91,1,12,1258,والشمس وضحاها
91,2,13,1515,والقمر إذا تلاها
91,3,14,1034,والنهار إذا جلاها
91,4,14,2125,والليل إذا يغشاها
91,5,14,244,والسماء وما بناها
91,6,13,1108,والأرض وما طحاها
91,7,12,316,ونفس وما سواها
91,8,19,975,فألهمها فجورها وتقواها
91,9,12,346,قد أفلح من زكاها
91,10,13,874,وقد خاب من دساها
91,11,15,2696,كذبت ثمود بطغواها
91,12,11,1730,إذ انبعث أشقاها
91,13,29,1048,فقال لهم رسول الله ناقة الله وسقياها
91,14,39,2797,فكذبوه فعقروها فدمدم عليهم ربهم بذنبهم فسواها
91,15,13,907,ولا يخاف عقباها
92,1,11,2118,والليل إذا يغشى
92,2,12,1427,والنهار إذا تجلى
92,3,16,2315,وما خلق الذكر والأنثى
92,4,9,980,إن سعيكم لشتى
92,5,11,797,فأما من أعطى واتقى
92,6,10,351,وصدق بالحسنى
92,7,12,795,فسنيسره لليسرى
92,8,14,2286,وأما من بخل واستغنى
92,9,10,879,وكذب بالحسنى
92,10,12,855,فسنيسره للعسرى
92,11,19,2623,وما يغني عنه ماله إذا تردى
92,12,10,280,إن علينا للهدى
92,13,14,1070,وإن لنا للآخرة والأولى
92,14,14,3072,فأنذرتكم نارا تلظى
92,15,14,630,لا يصلاها إلا الأشقى
92,16,11,1905,الذي كذب وتولى
92,17,12,668,وسيجنبها الأتقى
92,18,15,1674,الذي يؤتي ماله يتزكى
92,19,18,878,وما لأحد عنده من نعمة تجزى
92,20,17,1787,إلا ابتغاء وجه ربه الأعلى
92,21,8,1192,ولسوف يرضى
93,1,5,845,والضحى
93,2,10,871,والليل إذا سجى
93,3,14,540,ما ودعك ربك وما قلى
93,4,16,1883,وللآخرة خير لك من الأولى
93,5,17,2003,ولسوف يعطيك ربك فترضى
93,6,13,654,ألم يجدك يتيما فآوى
93,7,12,960,ووجدك ضالا فهدى
93,8,12,1271,ووجدك عائلا فأغنى
93,9,16,1428,فأما اليتيم فلا تقهر
93,10,15,935,وأما السائل فلا تنهر
93,11,14,1023,وأما بنعمة ربك فحدث
94,1,12,992,ألم نشرح لك صدرك
94,2,13,1306,ووضعنا عنك وزرك
94,3,11,2816,الذي أنقض ظهرك
94,4,12,1397,ورفعنا لك ذكرك
94,5,13,872,فإن مع العسر يسرا
94,6,12,792,إن مع العسر يسرا
94,7,12,2684,فإذا فرغت فانصب
94,8,10,1541,وإلى ربك فارغب
95,1,14,1007,والتين والزيتون
95,2,9,401,وطور سينين
95,3,14,910,وهذا البلد الأمين
95,4,24,1871,لقد خلقنا الإنسان في أحسن تقويم
95,5,17,1205,ثم رددناه أسفل سافلين
95,6,39,3387,إلا الذين آمنوا وعملوا الصالحات فلهم أجر غير ممنون
95,7,17,1046,فما يكذبك بعد بالدين
95,8,19,396,أليس الله بأحكم الحاكمين
96,1,17,2097,اقرأ باسم ربك الذي خلق
96,2,14,1212,خلق الإنسان من علق
96,3,12,820,اقرأ وربك الأكرم
96,4,13,1084,الذي علم بالقلم
96,5,17,593,علم الإنسان ما لم يعلم
96,6,14,1342,كلا إن الإنسان ليطغى
96,7,8,1766,أن رآه استغنى
96,8,10,606,إن إلى ربك الرجعى
96,9,10,1416,أرأيت الذي ينهى
96,10,8,898,عبدا إذا صلى
96,11,13,871,أرأيت إن كان على الهدى
96,12,9,785,أو أمر بالتقوى
96,13,11,1824,أرأيت إن كذب وتولى
96,14,14,548,ألم يعلم بأن الله يرى
96,15,24,1141,كلا لئن لم ينته لنسفعا بالناصية
96,16,11,1484,ناصية كاذبة خاطئة
96,17,10,264,فليدع ناديه
96,18,11,285,سندع الزبانية
96,19,20,1349,كلا لا تطعه واسجد واقترب ۩
97,1,18,689,إنا أنزلناه في ليلة القدر
97,2,17,718,وما أدراك ما ليلة القدر
97,3,18,1920,ليلة القدر خير من ألف شهر
97,4,33,2335,تنزل الملائكة والروح فيها بإذن ربهم من كل أمر
97,5,17,1017,سلام هي حتى مطلع الفجر
98,1,52,4090,لم يكن الذين كفروا من أهل الكتاب والمشركين منفكين حتى تأتيهم البينة
98,2,22,1331,رسول من الله يتلو صحفا مطهرة
98,3,10,668,فيها كتب قيمة
98,4,41,3265,وما تفرق الذين أوتوا الكتاب إلا من بعد ما جاءتهم البينة
98,5,71,3411,وما أمروا إلا ليعبدوا الله مخلصين له الدين حنفاء ويقيموا الصلاة ويؤتوا الزكاة ۚ وذلك دين القيمة
98,6,61,4458,إن الذين كفروا من أهل الكتاب والمشركين في نار جهنم خالدين فيها ۚ أولئك هم شر البرية
98,7,37,2806,إن الذين آمنوا وعملوا الصالحات أولئك هم خير البرية
98,8,80,7973,جزاؤهم عند ربهم جنات عدن تجري من تحتها الأنهار خالدين فيها أبدا ۖ رضي الله عنهم ورضوا عنه ۚ ذلك لمن خشي ربه
99,1,18,2287,إذا زلزلت الأرض زلزالها
99,2,15,2877,وأخرجت الأرض أثقالها
99,3,15,406,وقال الإنسان ما لها
99,4,14,2477,يومئذ تحدث أخبارها
99,5,10,324,بأن ربك أوحى لها
99,6,29,2737,يومئذ يصدر الناس أشتاتا ليروا أعمالهم
99,7,21,2917,فمن يعمل مثقال ذرة خيرا يره
99,8,20,2533,ومن يعمل مثقال ذرة شرا يره
100,1,13,1334,والعاديات ضبحا
100,2,13,881,فالموريات قدحا
100,3,13,1863,فالمغيرات صبحا
100,4,10,1058,فأثرن به نقعا
100,5,11,326,فوسطن به جمعا
100,6,16,589,إن الإنسان لربه لكنود
100,7,13,1260,وإنه على ذلك لشهيد
100,8,16,1290,وإنه لحب الخير لشديد
100,9,23,2204,۞ أفلا يعلم إذا بعثر ما في القبور
100,10,14,596,وحصل ما في الصدور
100,11,17,1942,إن ربهم بهم يومئذ لخبير
101,1,6,402,القارعة
101,2,8,443,ما القارعة
101,3,15,715,وما أدراك ما القارعة
101,4,26,1995,يوم يكون الناس كالفراش المبثوث
101,5,24,1232,وتكون الجبال كالعهن المنفوش
101,6,16,1360,فأما من ثقلت موازينه
101,7,12,1572,فهو في عيشة راضية
101,8,15,1336,وأما من خفت موازينه
101,9,7,147,فأمه هاوية
101,10,12,333,وما أدراك ما هيه
101,11,7,310,نار حامية
102,1,12,1248,ألهاكم التكاثر
102,2,13,1429,حتى زرتم المقابر
102,3,12,793,كلا سوف تعلمون
102,4,14,1333,ثم كلا سوف تعلمون
102,5,20,1024,كلا لو تعلمون علم اليقين
102,6,11,778,لترون الجحيم
102,7,18,1563,ثم لترونها عين اليقين
102,8,19,2187,ثم لتسألن يومئذ عن النعيم
103,1,6,397,والعصر
103,2,13,1222,إن الإنسان لفي خسر
103,3,50,3119,إلا الذين آمنوا وعملوا الصالحات وتواصوا بالحق وتواصوا بالصبر
104,1,12,255,ويل لكل همزة لمزة
104,2,16,1015,الذي جمع مالا وعدده
104,3,13,845,يحسب أن ماله أخلده
104,4,16,1071,كلا ۖ لينبذن في الحطمة
104,5,14,401,وما أدراك ما الحطمة
104,6,13,498,نار الله الموقدة
104,7,14,1165,التي تطلع على الأفئدة
104,8,11,345,إنها عليهم مؤصدة
104,9,9,292,في عمد ممددة
105,1,23,1436,ألم تر كيف فعل ربك بأصحاب الفيل
105,2,18,1622,ألم يجعل كيدهم في تضليل
105,3,18,716,وأرسل عليهم طيرا أبابيل
105,4,17,1102,ترميهم بحجارة من سجيل
105,5,14,584,فجعلهم كعصف مأكول
106,1,9,761,لإيلاف قريش
106,2,20,1353,إيلافهم رحلة الشتاء والصيف
106,3,18,1554,فليعبدوا رب هذا البيت
106,4,24,1991,الذي أطعمهم من جوع وآمنهم من خوف
107,1,17,2180,أرأيت الذي يكذب بالدين
107,2,17,2146,فذلك الذي يدع اليتيم
107,3,19,1286,ولا يحض على طعام المسكين
107,4,11,406,فويل للمصلين
107,5,20,1644,الذين هم عن صلاتهم ساهون
107,6,12,1103,الذين هم يراءون
107,7,14,430,ويمنعون الماعون
108,1,14,968,إنا أعطيناك الكوثر
108,2,12,717,فصل لربك وانحر
108,3,12,1065,إن شانئك هو الأبتر
109,1,15,545,قل يا أيها الكافرون
109,2,13,680,لا أعبد ما تعبدون
109,3,17,777,ولا أنتم عابدون ما أعبد
109,4,16,722,ولا أنا عابد ما عبدتم
109,5,17,777,ولا أنتم عابدون ما أعبد
109,6,14,324,لكم دينكم ولي دين
110,1,17,1636,إذا جاء نصر الله والفتح
110,2,29,1769,ورأيت الناس يدخلون في دين الله أفواجا
110,3,29,2714,فسبح بحمد ربك واستغفره ۚ إنه كان توابا
111,1,14,1274,تبت يدا أبي لهب وتب
111,2,17,1421,ما أغنى عنه ماله وما كسب
111,3,14,1580,سيصلى نارا ذات لهب
111,4,15,781,وامرأته حمالة الحطب
111,5,15,347,في جيدها حبل من مسد
112,1,10,219,قل هو الله أحد
112,2,9,231,الله الصمد
112,3,12,240,لم يلد ولم يولد
112,4,14,310,ولم يكن له كفوا أحد
113,1,13,1351,قل أعوذ برب الفلق
113,2,9,1361,من شر ما خلق
113,3,14,2566,ومن شر غاسق إذا وقب
113,4,20,1954,ومن شر النفاثات في العقد
113,5,14,1442,ومن شر حاسد إذا حسد
114,1,13,1252,قل أعوذ برب الناس
114,2,8,232,ملك الناس
114,3,7,177,إله الناس
114,4,17,1496,من شر الوسواس الخناس
114,5,20,1415,الذي يوسوس في صدور الناس
114,6,12,322,من الجنة والناس
