surah,ayah,primary_person,effective_primary,person_set,png_multiset,intra_level,intra_strict,strict_reason,intra_has_1,intra_has_2,intra_has_3,classical_1_2,classical_3_2,classical_3_1,inter_shift,inter_shift_strict,inter_transition,intra_verb_switches,quote_marker,topics,tokens_total,morph_rows,has_verb
1,1,,3,,,0,0,,0,0,0,0,0,0,0,0,,0,0,mercy,0,7,0
1,2,,3,,,0,0,,0,0,0,0,0,0,0,0,,0,0,,0,7,0
1,3,,3,,,0,0,,0,0,0,0,0,0,0,0,,0,0,mercy,0,4,0
1,4,,3,,,0,0,,0,0,0,0,0,0,0,0,,0,0,judgment,0,4,0
1,5,1,1,"1,2",1P:2;2MS:2,1,1,verb_plus_indep_pron,1,1,0,1,0,0,1,1,3->1,0,0,,4,5,1
1,6,2,2,"1,2",1P:1;2MS:1,1,0,,1,1,0,1,0,0,1,1,1->2,0,0,,2,6,1
1,7,2,2,"2,3",2MS:2;3MP:2,1,0,,0,1,1,0,1,0,0,0,,0,0,,4,15,1
2,1,,3,,,0,0,,0,0,0,0,0,0,0,0,,0,0,,0,1,0
2,2,3,3,3,3MS:1,0,0,,0,0,1,0,0,0,0,0,,0,0,revelation,1,11,0
2,3,3,3,"1,3",1P:2;3MP:7,1,1,two_verbs,1,0,1,0,0,1,0,0,,2,0,prayer,9,19,1
2,4,3,3,"2,3",2MS:2;3MP:5;3MS:2,1,0,,0,1,1,0,1,0,0,0,,0,0,revelation,9,22,1
2,5,3,3,3,3MP:2,0,0,,0,0,1,0,0,0,0,0,,0,0,,2,11,0
2,6,3,3,"2,3",2MS:3;3MP:7,1,1,two_verbs,0,1,1,0,1,0,0,0,,2,0,,10,18,1
2,7,3,3,3,3MP:4;3MS:1,0,0,,0,0,1,0,0,0,0,0,,0,0,judgment,5,19,1
2,8,1,1,"1,3",1P:2;3MP:1;3MS:1,1,1,two_verbs,1,0,1,0,0,1,1,1,3->1,1,0,,4,21,1
2,9,3,3,3,3MP:9,0,0,,0,0,1,0,0,0,1,1,1->3,0,0,,9,18,1
2,10,3,3,3,3MP:7;3MS:1,0,0,,0,0,1,0,0,0,0,0,,0,0,judgment,8,20,1
2,11,3,3,"1,2,3",1P:1;2MP:2;3MP:3;3MS:1,2,1,two_verbs,1,1,1,1,1,1,0,0,,2,1,creation,7,17,1
2,12,3,3,3,3MP:4,0,0,,0,0,1,0,0,0,0,0,,0,0,,4,11,1
2,13,3,3,"1,2,3",1P:1;2MP:2;3MP:7;3MS:3,2,1,two_verbs,1,1,1,1,1,1,0,0,,4,1,,13,32,1
2,14,3,3,"1,2,3",1P:4;2MP:1;3MP:11,2,1,two_verbs,1,1,1,1,1,1,0,0,,2,0,,16,28,1
2,15,3,3,3,3MP:5;3MS:2,0,0,,0,0,1,0,0,0,0,0,,0,0,,7,12,1
2,16,3,3,3,3FS:1;3MP:5,0,0,,0,0,1,0,0,0,0,0,,0,0,,6,19,1
2,17,3,3,3,3FS:1;3MP:5;3MS:4,0,0,,0,0,1,0,0,0,0,0,,0,0,judgment,10,26,1
2,18,3,3,3,3MP:3,0,0,,0,0,1,0,0,0,0,0,,0,0,,3,8,1
2,19,3,3,3,3MP:4;3MS:1,0,0,,0,0,1,0,0,0,0,0,,0,0,creation,5,32,1
2,20,3,3,3,3MP:9;3MS:7,0,0,,0,0,1,0,0,0,0,0,,0,0,,16,39,1
2,21,2,2,"2,3",2MP:8;3MS:1,1,1,two_verbs,0,1,1,0,1,0,1,1,3->2,2,0,creation,9,20,1
2,22,2,2,"2,3",2MP:7;3MS:4,1,1,two_verbs,0,1,1,0,1,0,0,0,,1,0,"revelation,creation",11,38,1
2,23,2,2,"1,2,3",1P:3;2MP:9;3MS:1,2,1,two_verbs,1,1,1,1,1,1,0,0,,2,0,revelation,13,33,1
2,24,2,2,"2,3",2MP:6;3FS:2,1,1,two_verbs,0,1,1,0,1,0,0,0,,1,0,judgment,8,26,1
2,25,3,3,"1,2,3",1P:2;2MS:1;3FS:5;3MP:13;3MS:1,2,1,two_verbs,1,1,1,1,1,1,1,1,2->3,3,1,judgment,22,54,1
2,26,3,3,3,3FS:1;3MP:9;3MS:10,0,0,,0,0,1,0,0,0,0,0,,0,0,,20,59,1
2,27,3,3,3,3MP:7;3MS:4,0,0,,0,0,1,0,0,0,0,0,,0,0,creation,11,29,1
2,28,2,2,"2,3",2MP:9;3MS:4,1,1,two_verbs,0,1,1,0,1,0,1,1,3->2,2,0,,13,23,1
2,29,3,3,"2,3",2MP:1;3FP:1;3MS:5,1,1,verb_plus_indep_pron,0,1,1,0,1,0,1,1,2->3,0,0,creation,7,26,1
2,30,3,3,"1,2,3",1P:3;1S:3;2MP:2;2MS:4;3FS:2;3MP:2;3MS:4,2,1,two_verbs,1,1,1,1,1,1,0,0,,6,1,creation,20,47,1
2,31,3,3,"1,2,3",1S:1;2MP:4;3FS:1;3MP:1;3MS:3,2,1,two_verbs,1,1,1,1,1,1,0,0,,1,1,,10,25,1
2,32,2,2,"1,2,3",1P:2;2MS:5;3MP:2,2,1,two_verbs,1,1,1,1,1,1,1,1,3->2,1,1,,9,20,1
2,33,2,2,"1,2,3",1S:4;2MP:7;2MS:1;3MP:4;3MS:3,2,1,two_verbs,1,1,1,1,1,1,0,0,,4,1,creation,19,41,1
2,34,3,3,"1,2,3",1P:2;2MP:2;3MP:2;3MS:3,2,1,two_verbs,1,1,1,1,1,1,1,1,2->3,2,1,prayer,9,24,1
2,35,2,2,"1,2,3",1P:2;2D:8;2MS:3;3FS:1,2,1,two_verbs,1,1,1,1,1,1,1,1,3->2,1,1,judgment,14,34,1
2,36,3,3,"1,2,3",1P:2;2MP:4;3D:2;3FS:1;3MD:2;3MS:3,2,1,two_verbs,1,1,1,1,1,1,1,1,2->3,2,1,creation,14,37,1
2,37,3,3,3,3MS:6,0,0,,0,0,1,0,0,0,0,0,,0,0,mercy,6,18,1
2,38,3,3,"1,2,3",1P:2;1S:2;2MP:3;3FS:1;3MP:4;3MS:2,2,1,two_verbs,1,1,1,1,1,1,0,0,,2,1,,14,30,1
2,39,3,3,"1,3",1P:1;3FS:1;3MP:5,1,0,,1,0,1,0,0,1,0,0,,0,0,"judgment,revelation",7,18,1
2,40,2,2,"1,2",1S:7;2MP:8,1,1,two_verbs,1,1,0,1,0,0,1,1,3->2,4,0,prophets,15,28,1
2,41,2,2,"1,2,3",1S:5;2MP:9;3MS:1,2,1,two_verbs,1,1,1,1,1,1,0,0,,2,0,revelation,15,35,1
2,42,2,2,2,2MP:7,0,0,,0,1,0,0,0,0,0,0,,0,0,,7,18,1
2,43,2,2,2,2MP:6,0,0,,0,1,0,0,0,0,0,0,,0,0,"law,prayer",6,16,1
2,44,2,2,2,2MP:10,0,0,,0,1,0,0,0,0,0,0,,0,0,revelation,10,24,1
2,45,2,2,"2,3",2MP:2;3FS:1,1,0,,0,1,1,0,1,0,0,0,,0,0,prayer,3,18,1
2,46,3,3,3,3MP:5;3MS:1,0,0,,0,0,1,0,0,0,1,1,2->3,0,0,,6,14,1
2,47,1,1,"1,2",1S:6;2MP:4,1,1,two_verbs,1,1,0,1,0,0,1,1,3->1,1,0,prophets,10,21,1
2,48,3,3,"2,3",2MP:2;3FS:3;3MP:3;3MS:2,1,1,two_verbs,0,1,1,0,1,0,1,1,1->3,1,0,,10,27,1
2,49,3,3,"1,2,3",1P:2;2MP:5;3MP:6,2,1,two_verbs,1,1,1,1,1,1,0,0,,1,0,"judgment,prophets",13,31,1
2,50,1,1,"1,2",1P:6;2MP:5,1,1,two_verbs,1,1,0,1,0,0,1,1,3->1,1,0,prophets,11,21,1
2,51,2,2,"1,2,3",1P:2;2MP:3;3MS:1,2,1,two_verbs,1,1,1,1,1,1,1,1,1->2,1,0,prophets,6,18,1
2,52,2,2,"1,2",1P:2;2MP:4,1,1,two_verbs,1,1,0,1,0,0,0,0,,1,0,,6,12,1
2,53,2,2,"1,2",1P:2;2MP:3,1,1,two_verbs,1,1,0,1,0,0,0,0,,1,0,"revelation,prophets",5,14,1
2,54,2,2,"1,2,3",1S:1;2MP:14;3MS:5,2,1,two_verbs,1,1,1,1,1,1,0,0,,2,1,"mercy,prophets",20,50,1
2,55,2,2,"1,2,3",1P:2;2MP:6;2MS:1;3FS:1,2,1,two_verbs,1,1,1,1,1,1,0,0,,3,1,prophets,10,23,1
2,56,2,2,"1,2",1P:2;2MP:5,1,1,two_verbs,1,1,0,1,0,0,0,0,,1,0,,7,12,1
2,57,1,1,"1,2,3",1P:7;2MP:5;3MP:7,2,1,two_verbs,1,1,1,1,1,1,1,1,2->1,3,0,revelation,19,38,1
2,58,2,2,"1,2,3",1P:4;2MP:12;3FS:1,2,1,two_verbs,1,1,1,1,1,1,1,1,1->2,2,1,"judgment,mercy",17,38,1
2,59,3,3,"1,3",1P:2;3MP:9;3MS:2,1,1,two_verbs,1,0,1,0,0,1,1,1,2->3,2,1,"judgment,revelation,creation",13,28,1
2,60,2,2,"1,2,3",1P:2;2MP:6;2MS:2;3FS:1;3MP:1;3MS:4,2,1,two_verbs,1,1,1,1,1,1,1,1,3->2,4,1,"creation,prophets",16,45,1
2,61,3,3,"1,2,3",1P:3;2MP:9;2MS:2;3FS:7;3MP:16;3MS:4,2,1,two_verbs,1,1,1,1,1,1,1,1,2->3,5,1,"mercy,revelation,creation,prophets",41,107,1
2,62,3,3,3,3MP:11;3MS:2,0,0,,0,0,1,0,0,0,0,0,,0,0,judgment,13,44,1
2,63,2,2,"1,2,3",1P:6;2MP:10;3MS:1,2,1,two_verbs,1,1,1,1,1,1,1,1,3->2,3,0,prophets,17,31,1
2,64,2,2,"2,3",2MP:5;3MS:1,1,0,,0,1,1,0,1,0,0,0,,0,0,mercy,6,21,1
2,65,2,2,"1,2,3",1P:2;2MP:5;3MP:3,2,1,two_verbs,1,1,1,1,1,1,0,0,,3,1,,10,22,1
2,66,1,1,"1,3",1P:2;3FS:3,1,0,,1,0,1,0,0,1,1,1,2->1,0,0,judgment,5,19,1
2,67,3,3,"1,2,3",1P:1;1S:2;2MP:3;2MS:1;3MP:2;3MS:4,2,1,two_verbs,1,1,1,1,1,1,1,1,1->3,5,1,prophets,13,30,1
2,68,3,3,"1,2,3",1P:2;2MP:4;2MS:2;3FS:2;3MP:2;3MS:4,2,1,two_verbs,1,1,1,1,1,1,0,0,,3,1,prophets,16,33,1
2,69,3,3,"1,2,3",1P:2;2MS:2;3FS:4;3MP:2;3MS:4,2,1,two_verbs,1,1,1,1,1,1,0,0,,2,1,,14,27,1
2,70,3,3,"1,2,3",1P:4;2MS:2;3FS:1;3MP:2;3MS:3,2,1,two_verbs,1,1,1,1,1,1,0,0,,2,1,,12,26,1
2,71,3,3,"2,3",2MS:2;3FS:5;3MP:8;3MS:3,1,1,two_verbs,0,1,1,0,1,0,0,0,,2,1,creation,18,41,1
2,72,2,2,"2,3",2MP:8;3FS:1,1,0,,0,1,1,0,1,0,1,1,3->2,0,0,,9,18,1
2,73,2,2,"1,2,3",1P:2;2MP:6;3FS:1;3MS:4,2,1,two_verbs,1,1,1,1,1,1,0,0,,3,1,revelation,13,24,1
2,74,3,3,"2,3",2MP:3;3FS:4;3MS:6,1,1,two_verbs,0,1,1,0,1,0,1,1,2->3,1,0,,13,59,1
2,75,3,3,"2,3",2MP:3;3MP:12;3MS:3,1,1,two_verbs,0,1,1,0,1,0,0,0,,1,0,,18,33,1
2,76,3,3,"1,2,3",1P:2;2MP:7;3MP:12;3MS:3,2,1,two_verbs,1,1,1,1,1,1,0,0,,5,0,revelation,24,44,1
2,77,3,3,3,3MP:6;3MS:1,0,0,,0,0,1,0,0,0,0,0,,0,0,,7,15,1
2,78,3,3,3,3MP:6,0,0,,0,0,1,0,0,0,0,0,,0,0,revelation,6,17,1
2,79,3,3,3,3FS:1;3MP:12;3MS:1,0,0,,0,0,1,0,0,0,0,0,,0,0,revelation,14,42,1
2,80,2,2,"1,2,3",1P:1;2MP:6;2MS:1;3FS:1;3MP:2;3MS:2,2,1,two_verbs,1,1,1,1,1,1,1,1,3->2,3,0,judgment,13,33,1
2,81,3,3,3,3FS:2;3MP:1;3MS:3,0,0,,0,0,1,0,0,0,1,1,2->3,0,0,judgment,6,19,1
2,82,3,3,3,3FS:1;3MP:5,0,0,,0,0,1,0,0,0,0,0,,0,0,judgment,6,17,1
2,83,2,2,"1,2",1P:2;2MP:12,1,1,two_verbs,1,1,0,1,0,0,1,1,3->2,1,0,"law,prayer,prophets",14,54,1
2,84,2,2,"1,2",1P:2;2MP:13,1,1,two_verbs,1,1,0,1,0,0,0,0,,1,0,,15,27,1
2,85,2,2,"2,3",2MP:20;3MP:8;3MS:2,1,1,two_verbs,0,1,1,0,1,0,0,0,,4,0,"judgment,revelation,law",30,89,1
2,86,3,3,3,3MP:6;3MS:1,0,0,,0,0,1,0,0,0,1,1,2->3,0,0,judgment,7,23,1
2,87,1,1,"1,2,3",1P:8;2MP:8;3FS:1;3MS:3,2,1,two_verbs,1,1,1,1,1,1,1,1,3->1,2,0,"revelation,prophets",20,55,1
2,88,3,3,"1,3",1P:1;3MP:6;3MS:1,1,0,,1,0,1,0,0,1,1,1,1->3,0,1,,8,18,1
2,89,3,3,3,3MP:13;3MS:3,0,0,,0,0,1,0,0,0,0,0,,0,0,revelation,16,41,1
2,90,3,3,3,3MP:7;3MS:7,0,0,,0,0,1,0,0,0,0,0,,0,0,"judgment,revelation",14,41,1
2,91,3,3,"1,2,3",1P:2;2MP:6;2MS:1;3MP:6;3MS:5,2,1,two_verbs,1,1,1,1,1,1,0,0,,5,1,revelation,20,49,1
2,92,2,2,"2,3",2MP:4;3MS:2,1,1,two_verbs,0,1,1,0,1,0,1,1,3->2,1,0,prophets,6,20,1
2,93,2,2,"1,2,3",1P:10;2MP:11;2MS:1;3MP:6;3MS:3,2,1,two_verbs,1,1,1,1,1,1,0,0,,9,1,,31,55,1
2,94,2,2,"2,3",2MP:5;2MS:1;3FS:1,1,1,two_verbs,0,1,1,0,1,0,0,0,,2,0,,7,25,1
2,95,3,3,3,3FS:1;3MP:3;3MS:1,0,0,,0,0,1,0,0,0,1,1,2->3,0,0,,5,17,1
2,96,3,3,"2,3",2MS:1;3MP:6;3MS:5,1,1,two_verbs,0,1,1,0,1,0,0,0,,1,0,judgment,12,40,1
2,97,3,3,"2,3",2MS:2;3MS:5,1,1,two_verbs,0,1,1,0,1,0,0,0,,1,0,,7,30,1
2,98,3,3,3,3MS:3,0,0,,0,0,1,0,0,0,0,0,,0,0,,3,22,1
2,99,1,1,"1,2,3",1P:2;2MS:1;3FS:1;3MS:1,2,1,two_verbs,1,1,1,1,1,1,1,1,3->1,1,0,revelation,5,17,1
2,100,3,3,3,3MP:6;3MS:2,0,0,,0,0,1,0,0,0,1,1,1->3,0,0,,8,17,1
2,101,3,3,3,3MP:8;3MS:2,0,0,,0,0,1,0,0,0,0,0,,0,0,revelation,10,31,1
2,102,3,3,"1,2,3",1P:1;2MS:1;3D:1;3FS:1;3MD:4;3MP:24;3MS:12,2,1,two_verbs,1,1,1,1,1,1,0,0,,2,0,"revelation,prophets",44,124,1
2,103,3,3,3,3MP:9,0,0,,0,0,1,0,0,0,0,0,,0,0,judgment,9,20,1
2,104,2,2,"1,2,3",1P:2;2MP:6;2MS:2;3MP:2,2,1,two_verbs,1,1,1,1,1,1,1,1,3->2,1,0,"judgment,revelation",12,24,1
2,105,3,3,"2,3",2MP:2;3MP:2;3MS:5,1,0,,0,1,1,0,1,0,1,1,2->3,0,0,"mercy,revelation",9,37,1
2,106,1,1,"1,2,3",1P:3;2MS:1;3FS:3,2,1,two_verbs,1,1,1,1,1,1,1,1,3->1,1,0,,7,24,1
2,107,2,2,"2,3",2MP:1;2MS:1;3MS:1,1,1,verb_plus_indep_pron,0,1,1,0,1,0,1,1,1->2,0,0,creation,3,25,1
2,108,2,2,"2,3",2MP:5;3MS:3,1,1,two_verbs,0,1,1,0,1,0,0,0,,1,0,"revelation,prophets",8,28,1
2,109,3,3,"2,3",2MP:6;3MP:4;3MS:4,1,1,two_verbs,0,1,1,0,1,0,1,1,2->3,2,0,revelation,14,46,1
2,110,2,2,"2,3",2MP:11;3MS:1,1,0,,0,1,1,0,1,0,1,1,3->2,0,0,"law,prayer",12,31,1
2,111,2,2,"2,3",2MP:5;2MS:1;3MP:3;3MS:2,1,1,two_verbs,0,1,1,0,1,0,0,0,,1,0,judgment,11,25,1
2,112,3,3,3,3MP:4;3MS:6,0,0,,0,0,1,0,0,0,1,1,2->3,0,0,judgment,10,28,1
2,113,3,3,3,3FS:4;3MP:11;3MS:3,0,0,,0,0,1,0,0,0,0,0,,0,0,"judgment,revelation",18,50,1
2,114,3,3,3,3FS:3;3MP:5;3MS:5,0,0,,0,0,1,0,0,0,0,0,,0,0,judgment,13,44,1
2,115,2,2,2,2MP:2,0,0,,0,1,0,0,0,0,1,1,3->2,0,0,,2,20,1
2,116,3,3,3,3MP:2;3MS:4,0,0,,0,0,1,0,0,0,1,1,2->3,0,0,creation,6,22,1
2,117,3,3,"2,3",2MS:1;3MS:4,1,1,two_verbs,0,1,1,0,1,0,0,0,,2,0,creation,5,19,1
2,118,3,3,"1,3",1P:4;3FS:2;3MP:7;3MS:3,1,1,two_verbs,1,0,1,0,0,1,0,0,,2,0,revelation,16,36,1
2,119,1,1,"1,2",1P:3;2MS:2,1,1,two_verbs,1,1,0,1,0,0,1,1,3->1,1,0,revelation,5,18,1
2,120,2,2,"2,3",2MS:7;3FS:1;3MP:2;3MS:2,1,1,two_verbs,0,1,1,0,1,0,1,1,1->2,2,0,,12,46,1
2,121,3,3,"1,3",1P:2;3MP:6;3MS:5,1,1,two_verbs,1,0,1,0,0,1,1,1,2->3,1,0,revelation,13,27,1
2,122,1,1,"1,2",1S:6;2MP:4,1,1,two_verbs,1,1,0,1,0,0,1,1,3->1,1,0,prophets,10,21,1
2,123,3,3,"2,3",2MP:2;3FS:4;3MP:3;3MS:1,1,1,two_verbs,0,1,1,0,1,0,1,1,1->3,1,0,,10,26,1
2,124,3,3,"1,2,3",1S:3;2MS:1;3FP:1;3MS:7,2,0,,1,1,1,1,1,1,0,0,,0,1,prophets,12,32,1
2,125,1,1,"1,2",1P:4;1S:1;2MD:2;2MP:2,1,1,two_verbs,1,1,0,1,0,0,1,1,3->1,3,0,"prayer,prophets",9,42,1
2,126,3,3,"1,2,3",1S:3;2MS:2;3MP:1;3MS:8,2,1,two_verbs,1,1,1,1,1,1,1,1,1->3,4,1,"judgment,prophets",14,47,1
2,127,2,2,"1,2,3",1P:2;2MS:3;3MS:1,2,1,two_verbs,1,1,1,1,1,1,1,1,3->2,1,0,prophets,6,23,1
2,128,2,2,"1,2",1P:6;2MS:7,1,0,,1,1,0,1,0,0,0,0,,0,0,mercy,13,32,1
2,129,3,3,"1,2,3",1P:1;2MS:4;3MP:5;3MS:3,2,1,two_verbs,1,1,1,1,1,1,1,1,2->3,1,0,revelation,13,32,1
2,130,3,3,"1,3",1P:2;3MS:5,1,1,two_verbs,1,0,1,0,0,1,0,0,,1,0,prophets,7,30,1
2,131,3,3,"1,2,3",1S:2;2MS:1;3MS:4,2,1,two_verbs,1,1,1,1,1,1,0,0,,3,1,,7,14,1
2,132,3,3,"1,2,3",1S:1;2MP:3;3FS:1;3MS:3,2,1,two_verbs,1,1,1,1,1,1,0,0,,1,0,prophets,8,27,1
2,133,3,3,"1,2,3",1P:2;1S:1;2MP:4;2MS:2;3MP:2;3MS:4,2,1,two_verbs,1,1,1,1,1,1,0,0,,4,1,"oneness,prophets",15,41,1
2,134,3,3,"2,3",2MP:5;3FS:3;3MP:4,1,1,two_verbs,0,1,1,0,1,0,0,0,,2,0,,12,24,1
2,135,2,2,"2,3",2MP:4;2MS:1;3MP:2;3MS:1,1,1,two_verbs,0,1,1,0,1,0,1,1,3->2,2,0,prophets,8,21,1
2,136,3,3,"1,2,3",1P:5;2MP:2;3MP:2;3MS:5,2,1,two_verbs,1,1,1,1,1,1,1,1,2->3,3,0,"revelation,prophets",14,50,1
2,137,3,3,"2,3",2MP:2;2MS:1;3MP:8;3MS:3,1,1,two_verbs,0,1,1,0,1,0,0,0,,2,0,,14,37,1
2,138,1,1,"1,3",1P:1;3MS:1,1,0,,1,0,1,0,0,1,1,1,3->1,0,0,,2,13,0
2,139,2,2,"1,2,3",1P:5;2MP:5;2MS:1;3MS:2,2,1,verb_plus_indep_pron,1,1,1,1,1,1,1,1,1->2,0,0,,13,29,1
2,140,2,2,"2,3",2MP:5;2MS:1;3MP:2;3MS:2,1,1,two_verbs,0,1,1,0,1,0,0,0,,4,0,prophets,10,45,1
2,141,3,3,"2,3",2MP:5;3FS:3;3MP:4,1,1,two_verbs,0,1,1,0,1,0,1,1,2->3,2,0,,12,24,1
2,142,3,3,"2,3",2MS:1;3FS:1;3MP:4;3MS:4,1,1,two_verbs,0,1,1,0,1,0,0,0,,2,1,,10,32,1
2,143,3,3,"1,2,3",1P:5;2MP:5;2MS:2;3FS:2;3MS:7,2,1,two_verbs,1,1,1,1,1,1,0,0,,6,0,"mercy,revelation,law",21,72,1
2,144,2,2,"1,2,3",1P:2;2MP:5;2MS:5;3FS:1;3MP:7;3MS:2,2,1,two_verbs,1,1,1,1,1,1,1,1,3->2,2,0,"revelation,prayer",22,63,1
2,145,3,3,"2,3",2MS:8;3MP:7;3MS:1,1,1,two_verbs,0,1,1,0,1,0,1,1,2->3,3,0,revelation,16,55,1
2,146,3,3,"1,3",1P:2;3MP:12;3MS:1,1,1,two_verbs,1,0,1,0,0,1,0,0,,1,0,revelation,15,29,1
2,147,2,2,2,2MS:2,0,0,,0,1,0,0,0,0,1,1,3->2,0,0,,2,12,1
2,148,2,2,"2,3",2MP:5;3FS:1;3MS:2,1,1,two_verbs,0,1,1,0,1,0,0,0,,1,0,,8,27,1
2,149,2,2,"2,3",2MP:2;2MS:5;3MS:1,1,0,,0,1,1,0,1,0,0,0,,0,0,prayer,8,32,1
2,150,2,2,"1,2,3",1S:3;2MP:14;2MS:4;3MP:4;3MS:2,2,1,two_verbs,1,1,1,1,1,1,0,0,,4,0,prayer,27,63,1
2,151,2,2,"1,2,3",1P:3;2MP:10;3MS:4,2,1,two_verbs,1,1,1,1,1,1,0,0,,2,0,revelation,17,34,1
2,152,2,2,"1,2",1S:4;2MP:7,1,1,two_verbs,1,1,0,1,0,0,0,0,,2,0,,11,16,1
2,153,2,2,"2,3",2MP:2;3MP:2,1,1,two_verbs,0,1,1,0,1,0,0,0,,1,0,prayer,4,18,1
2,154,2,2,"2,3",2MP:4;3MS:1,1,1,two_verbs,0,1,1,0,1,0,0,0,,2,0,,5,18,1
2,155,2,2,"1,2",1P:1;2MP:1;2MS:1,1,1,two_verbs,1,1,0,1,0,0,0,0,,1,0,,3,28,1
2,156,3,3,"1,3",1P:2;3FS:1;3MP:3;3MS:1,1,0,,1,0,1,0,0,1,1,1,2->3,0,0,,7,17,1
2,157,3,3,3,3MP:3,0,0,,0,0,1,0,0,0,0,0,,0,0,mercy,3,14,0
2,158,3,3,3,3D:1;3MS:5,0,0,,0,0,1,0,0,0,0,0,,0,0,prayer,6,34,1
2,159,3,3,"1,3",1P:4;3MP:4;3MS:3,1,1,two_verbs,1,0,1,0,0,1,0,0,,2,0,revelation,11,34,1
2,160,3,3,"1,3",1S:2;3MP:7,1,1,two_verbs,1,0,1,0,0,1,0,0,,1,0,mercy,9,21,1
2,161,3,3,3,3MP:6,0,0,,0,0,1,0,0,0,0,0,,0,0,,6,22,1
2,162,3,3,3,3FS:1;3MP:4;3MS:1,0,0,,0,0,1,0,0,0,0,0,,0,0,judgment,6,14,1
2,163,2,2,"2,3",2MP:1;3MS:1,1,0,,0,1,1,0,1,0,1,1,3->2,0,0,"oneness,mercy",2,13,0
2,164,3,3,3,3FS:3;3MP:2;3MS:5,0,0,,0,0,1,0,0,0,1,1,2->3,0,0,"mercy,revelation,creation",10,74,1
2,165,3,3,3,3MP:9;3MS:2,0,0,,0,0,1,0,0,0,0,0,,0,0,judgment,11,47,1
2,166,3,3,3,3FS:1;3MP:7;3MS:1,0,0,,0,0,1,0,0,0,0,0,,0,0,judgment,9,20,1
2,167,3,3,"1,2,3",1P:3;2MP:2;3MP:7;3MS:2,2,1,two_verbs,1,1,1,1,1,1,0,0,,3,1,judgment,14,38,1
2,168,2,2,"2,3",2MP:5;3MS:1,1,0,,0,1,1,0,1,0,1,1,3->2,0,0,"creation,law",6,26,1
2,169,2,2,"2,3",2MP:5;3MS:1,1,1,two_verbs,0,1,1,0,1,0,0,0,,1,0,,6,20,1
2,170,3,3,"1,2,3",1P:4;2MP:2;3MP:8;3MS:4,2,1,two_verbs,1,1,1,1,1,1,1,1,2->3,4,1,revelation,18,35,1
2,171,3,3,3,3MP:5;3MS:2,0,0,,0,0,1,0,0,0,0,0,,0,0,,7,25,1
2,172,2,2,"1,2,3",1P:2;2MP:9;3MP:2;3MS:1,2,1,two_verbs,1,1,1,1,1,1,1,1,3->2,3,0,,14,24,1
2,173,3,3,"2,3",2MP:1;3MS:5,1,0,,0,1,1,0,1,0,1,1,2->3,0,0,"mercy,law",6,39,1
2,174,3,3,3,3MP:10;3MS:4,0,0,,0,0,1,0,0,0,0,0,,0,0,"judgment,revelation",14,44,1
2,175,3,3,3,3MP:3;3MS:1,0,0,,0,0,1,0,0,0,0,0,,0,0,judgment,4,22,1
2,176,3,3,3,3MP:2;3MS:1,0,0,,0,0,1,0,0,0,0,0,,0,0,revelation,3,22,1
2,177,3,3,"2,3",2MP:3;3MP:6;3MS:6,1,1,two_verbs,0,1,1,0,1,0,0,0,,2,0,"revelation,law,prayer",15,102,1
2,178,3,3,"2,3",2MP:2;3MP:2;3MS:7,1,0,,0,1,1,0,1,0,0,0,,0,0,"judgment,mercy,law",11,67,1
2,179,2,2,2,2MP:4,0,0,,0,1,0,0,0,0,1,1,3->2,0,0,,4,15,1
2,180,3,3,"2,3",2MP:2;3MS:3,1,0,,0,1,1,0,1,0,1,1,2->3,0,0,law,5,27,1
2,181,3,3,3,3MP:2;3MS:6,0,0,,0,0,1,0,0,0,0,0,,0,0,,8,22,1
2,182,3,3,3,3MP:1;3MS:3,0,0,,0,0,1,0,0,0,0,0,,0,0,mercy,4,21,1
2,183,3,3,"2,3",2MP:5;3MP:2;3MS:2,1,1,two_verbs,0,1,1,0,1,0,0,0,,1,0,,9,22,1
2,184,2,2,"2,3",2MP:8;3MP:2;3MS:5,1,1,two_verbs,0,1,1,0,1,0,1,1,3->2,1,0,prayer,15,46,1
2,185,3,3,"2,3",2MP:11;3MS:9,1,1,two_verbs,0,1,1,0,1,0,1,1,2->3,3,0,"revelation,creation,prayer",20,76,1
2,186,3,3,"1,2,3",1S:7;2MD:2;2MS:1;3MP:7;3MS:1,2,1,two_verbs,1,1,1,1,1,1,0,0,,3,0,,18,36,1
2,187,2,2,"2,3",2MP:29;3FP:4;3FS:1;3MP:3;3MS:8,1,1,two_verbs,0,1,1,0,1,0,1,1,3->2,8,0,prayer,45,114,1
2,188,2,2,"2,3",2MP:11;3FS:1,1,1,verb_plus_indep_pron,0,1,1,0,1,0,0,0,,0,0,law,12,34,1
2,189,2,2,"2,3",2MP:9;2MS:2;3FS:3;3MP:2;3MS:2,1,1,two_verbs,0,1,1,0,1,0,0,0,,5,0,prayer,18,50,1
2,190,2,2,"2,3",2MP:5;3MP:2;3MS:1,1,1,two_verbs,0,1,1,0,1,0,0,0,,3,0,,8,20,1
2,191,2,2,"2,3",2MP:13;3MP:11;3MS:1,1,1,two_verbs,0,1,1,0,1,0,0,0,,4,0,judgment,25,54,1
2,192,3,3,3,3MP:2,0,0,,0,0,1,0,0,0,1,1,2->3,0,0,mercy,2,9,1
2,193,3,3,"2,3",2MP:2;3FS:1;3MP:3;3MS:1,1,1,two_verbs,0,1,1,0,1,0,0,0,,1,0,,7,25,1
2,194,2,2,"2,3",2MP:8;3MS:3,1,1,two_verbs,0,1,1,0,1,0,1,1,3->2,3,0,,11,41,1
2,195,2,2,"2,3",2MP:7;3MS:1,1,1,two_verbs,0,1,1,0,1,0,0,0,,1,0,,8,24,1
2,196,2,2,"2,3",2MP:16;3MS:11,1,1,two_verbs,0,1,1,0,1,0,0,0,,8,0,prayer,27,115,1
2,197,2,2,"1,2,3",1S:1;2MP:6;3FP:1;3MS:3,2,1,two_verbs,1,1,1,1,1,1,0,0,,3,0,prayer,11,50,1
2,198,2,2,"2,3",2MP:13;3MS:4,1,1,two_verbs,0,1,1,0,1,0,0,0,,3,0,prayer,17,45,1
2,199,2,2,"2,3",2MP:4;3MS:1,1,1,two_verbs,0,1,1,0,1,0,0,0,,2,0,mercy,5,16,1
2,200,2,2,"1,2,3",1P:2;2MP:7;2MS:1;3MS:2,2,1,two_verbs,1,1,1,1,1,1,0,0,,2,0,,12,40,1
2,201,2,2,"1,2,3",1P:3;2MS:2;3MP:1;3MS:1,2,1,two_verbs,1,1,1,1,1,1,0,0,,1,0,judgment,7,24,1
2,202,3,3,3,3MP:3,0,0,,0,0,1,0,0,0,1,1,2->3,0,0,,3,13,1
2,203,2,2,"2,3",2MP:9;3MS:6,1,1,two_verbs,0,1,1,0,1,0,1,1,3->2,2,0,,15,41,1
2,204,3,3,"2,3",2MS:1;3MS:5,1,0,,0,1,1,0,1,0,1,1,2->3,0,0,law,6,27,1
2,205,3,3,3,3FS:1;3MS:5,0,0,,0,0,1,0,0,0,0,0,,0,0,,6,24,1
2,206,3,3,"2,3",2MS:1;3FS:1;3MS:5,1,1,two_verbs,0,1,1,0,1,0,0,0,,2,1,,7,23,1
2,207,3,3,3,3MS:2,0,0,,0,0,1,0,0,0,0,0,,0,0,mercy,2,17,1
2,208,2,2,"2,3",2MP:5;3MP:2;3MS:1,1,1,two_verbs,0,1,1,0,1,0,1,1,3->2,1,0,,8,24,1
2,209,2,2,"2,3",2MP:5;3FS:1,1,1,two_verbs,0,1,1,0,1,0,0,0,,2,0,,6,18,1
2,210,3,3,3,3FS:1;3MP:3;3MS:2,0,0,,0,0,1,0,0,0,1,1,2->3,0,0,,6,26,1
2,211,3,3,"1,2,3",1P:2;2MS:1;3FS:1;3MP:1;3MS:2,2,1,two_verbs,1,1,1,1,1,1,0,0,,2,0,prophets,7,26,1
2,212,3,3,3,3MP:9;3MS:3,0,0,,0,0,1,0,0,0,0,0,,0,0,judgment,12,33,1
2,213,3,3,3,3FS:1;3MP:11;3MS:13,0,0,,0,0,1,0,0,0,0,0,,0,0,revelation,25,79,1
2,214,3,3,"2,3",2MP:6;3FS:1;3MP:7;3MS:3,1,1,two_verbs,0,1,1,0,1,0,0,0,,1,1,"judgment,revelation",17,47,1
2,215,2,2,"2,3",2MP:4;2MS:2;3MP:4;3MS:1,1,1,two_verbs,0,1,1,0,1,0,1,1,3->2,1,0,,11,41,1
2,216,2,2,"2,3",2MP:11;3MS:7,1,1,two_verbs,0,1,1,0,1,0,0,0,,5,0,,18,40,1
2,217,3,3,"2,3",2MP:4;2MS:2;3FS:2;3MP:12;3MS:9,1,1,two_verbs,0,1,1,0,1,0,1,1,2->3,2,0,judgment,29,96,1
2,218,3,3,3,3MP:8,0,0,,0,0,1,0,0,0,0,0,,0,0,mercy,8,23,1
2,219,3,3,"2,3",2MP:4;2MS:4;3D:1;3MD:2;3MP:6;3MS:1,1,1,two_verbs,0,1,1,0,1,0,0,0,,5,0,revelation,18,48,1
2,220,3,3,"2,3",2MP:4;2MS:2;3MP:4;3MS:3,1,1,two_verbs,0,1,1,0,1,0,0,0,,2,0,,13,45,1
2,221,3,3,"2,3",2MP:6;3FP:2;3FS:1;3MP:7;3MS:5,1,1,two_verbs,0,1,1,0,1,0,0,0,,3,0,judgment,21,69,1
2,222,3,3,"2,3",2MP:7;2MS:2;3FP:6;3MP:2;3MS:4,1,1,two_verbs,0,1,1,0,1,0,0,0,,4,0,,21,48,1
2,223,2,2,"2,3",2MP:15;2MS:1;3MS:1,1,0,,0,1,1,0,1,0,1,1,3->2,0,0,,17,34,1
2,224,2,2,2,2MP:9,0,0,,0,1,0,0,0,0,0,0,,0,0,,9,25,1
2,225,3,3,"2,3",2MP:4;3FS:1;3MS:2,1,0,,0,1,1,0,1,0,1,1,2->3,0,0,mercy,7,23,1
2,226,3,3,3,3MP:5,0,0,,0,0,1,0,0,0,0,0,,0,0,mercy,5,19,1
2,227,3,3,3,3MP:2,0,0,,0,0,1,0,0,0,0,0,,0,0,law,2,11,1
2,228,3,3,3,3FP:16;3MP:2;3MS:2,0,0,,0,0,1,0,0,0,0,0,,0,0,"creation,law",20,70,1
2,229,3,3,"2,3",2MP:9;3D:1;3FP:1;3FS:2;3MD:6;3MP:1;3MS:3,1,1,two_verbs,0,1,1,0,1,0,0,0,,6,0,law,23,73,1
2,230,3,3,3,3D:1;3FS:5;3MD:6;3MP:2;3MS:5,0,0,,0,0,1,0,0,0,0,0,,0,0,"oneness,law",19,46,1
2,231,2,2,"2,3",2MP:21;3FP:6;3MS:6,1,1,two_verbs,0,1,1,0,1,0,1,1,3->2,6,0,"revelation,law",33,83,1
2,232,3,3,"2,3",2MP:9;3FP:7;3MP:3;3MS:5,1,1,two_verbs,0,1,1,0,1,0,1,1,2->3,4,0,law,24,59,1
2,233,3,3,"2,3",2MP:16;3D:2;3FP:5;3FS:4;3MD:2;3MS:5,1,1,two_verbs,0,1,1,0,1,0,0,0,,1,0,,34,109,1
2,234,3,3,"2,3",2MP:4;3FP:9;3MP:4,1,1,two_verbs,0,1,1,0,1,0,0,0,,1,0,,17,47,1
2,235,2,2,"2,3",2MP:22;3FP:2;3MS:6,1,1,two_verbs,0,1,1,0,1,0,1,1,3->2,6,0,"mercy,law",30,76,1
2,236,2,2,"2,3",2MP:9;3FP:3;3MS:2,1,1,verb_plus_indep_pron,0,1,1,0,1,0,0,0,,0,0,law,14,43,1
2,237,2,2,"2,3",2MP:15;3FP:3;3MP:2;3MS:2,1,1,two_verbs,0,1,1,0,1,0,0,0,,2,0,law,22,59,1
2,238,2,2,2,2MP:4,0,0,,0,1,0,0,0,0,0,0,,0,0,prayer,4,16,1
2,239,2,2,"2,3",2MP:11;3MS:1,1,1,two_verbs,0,1,1,0,1,0,0,0,,2,0,prayer,12,26,1
2,240,3,3,"2,3",2MP:2;3FP:5;3MP:5,1,0,,0,1,1,0,1,0,1,1,2->3,0,0,,12,42,1
2,241,,3,,,0,0,,0,0,0,0,0,0,0,0,,0,0,,0,12,0
2,242,2,2,"2,3",2MP:4;3MS:2,1,1,two_verbs,0,1,1,0,1,0,1,1,3->2,1,0,,6,12,1
2,243,3,3,"2,3",2MP:2;2MS:1;3MP:8;3MS:2,1,1,two_verbs,0,1,1,0,1,0,1,1,2->3,3,1,,13,42,1
2,244,2,2,2,2MP:4,0,0,,0,1,0,0,0,0,1,1,3->2,0,0,,4,13,1
2,245,3,3,"2,3",2MP:2;3MS:7,1,1,two_verbs,0,1,1,0,1,0,1,1,2->3,1,0,,9,24,1
2,246,3,3,"1,2,3",1P:8;2MP:5;2MS:2;3MP:9;3MS:3,2,1,two_verbs,1,1,1,1,1,1,0,0,,10,1,"law,prophets",27,82,1
2,247,3,3,"1,2,3",1P:2;2MP:2;3MP:4;3MS:14,2,1,verb_plus_indep_pron,1,1,1,1,1,1,0,0,,0,1,,22,67,1
2,248,3,3,"2,3",2MP:5;3FS:1;3MP:2;3MS:6,1,1,two_verbs,0,1,1,0,1,0,0,0,,1,1,prophets,14,46,1
2,249,3,3,"1,2,3",1P:1;1S:2;2MP:1;3FS:1;3MP:10;3MS:17,2,1,verb_plus_indep_pron,1,1,1,1,1,1,0,0,,0,1,,32,96,1
2,250,3,3,"1,2,3",1P:4;2MS:3;3MP:4;3MS:1,2,1,two_verbs,1,1,1,1,1,1,0,0,,1,1,,12,29,1
2,251,3,3,3,3FS:1;3MP:4;3MS:6,0,0,,0,0,1,0,0,0,0,0,,0,0,"creation,prophets",11,48,1
2,252,2,2,"1,2,3",1P:1;2MS:2;3FS:1,2,0,,1,1,1,1,1,1,1,1,3->2,0,0,revelation,4,17,1
2,253,3,3,"1,3",1P:6;3FS:1;3MP:11;3MS:10,1,1,two_verbs,1,0,1,0,0,1,1,1,2->3,3,0,prophets,28,79,1
2,254,3,3,"1,2,3",1P:2;2MP:3;3MP:3;3MS:2,2,1,two_verbs,1,1,1,1,1,1,0,0,,3,0,,10,33,1
2,255,3,3,3,3FS:1;3MD:1;3MP:4;3MS:14,0,0,,0,0,1,0,0,0,0,0,,0,0,"oneness,creation",20,79,1
2,256,3,3,3,3FS:1;3MS:4,0,0,,0,0,1,0,0,0,0,0,,0,0,,5,38,1
2,257,3,3,3,3FS:1;3MP:10;3MS:1,0,0,,0,0,1,0,0,0,0,0,,0,0,judgment,12,38,1
2,258,3,3,"1,2,3",1S:4;2MS:2;3FS:1;3MS:13,2,1,two_verbs,1,1,1,1,1,1,0,0,,5,1,"creation,prophets",20,61,1
2,259,3,3,"1,2,3",1P:3;1S:3;2MS:11;3FS:5;3MS:14,2,1,two_verbs,1,1,1,1,1,1,0,0,,12,1,,36,94,1
2,260,2,2,"1,2,3",1S:3;2MS:10;3FP:5;3MS:5,2,1,two_verbs,1,1,1,1,1,1,1,1,3->2,7,1,prophets,23,58,1
2,261,3,3,3,3FS:1;3MP:3;3MS:2,0,0,,0,0,1,0,0,0,1,1,2->3,0,0,judgment,6,30,1
2,262,3,3,3,3MP:14,0,0,,0,0,1,0,0,0,0,0,,0,0,judgment,14,36,1
2,263,3,3,3,3FS:1;3MS:1,0,0,,0,0,1,0,0,0,0,0,,0,0,mercy,2,14,1
2,264,3,3,"2,3",2MP:3;3MP:6;3MS:10,1,1,two_verbs,0,1,1,0,1,0,0,0,,2,0,,19,68,1
2,265,3,3,"2,3",2MP:2;3FS:4;3MP:4;3MS:2,1,1,two_verbs,0,1,1,0,1,0,0,0,,1,0,judgment,12,43,1
2,266,3,3,"2,3",2MP:5;3FS:6;3MS:9,1,1,two_verbs,0,1,1,0,1,0,0,0,,1,0,judgment,20,58,1
2,267,2,2,"1,2,3",1P:2;2MP:15;3MP:2;3MS:3,2,1,two_verbs,1,1,1,1,1,1,1,1,3->2,3,0,creation,22,51,1
2,268,3,3,"2,3",2MP:3;3MS:4,1,0,,0,1,1,0,1,0,1,1,2->3,0,0,,7,25,1
2,269,3,3,3,3MS:5,0,0,,0,0,1,0,0,0,0,0,,0,0,,5,22,1
2,270,2,2,"2,3",2MP:4;3MS:2,1,1,two_verbs,0,1,1,0,1,0,1,1,3->2,1,0,,6,23,1
2,271,2,2,"2,3",2MP:11;3FS:3;3MS:3,1,1,two_verbs,0,1,1,0,1,0,0,0,,4,0,,17,38,1
2,272,2,2,"2,3",2MP:11;2MS:1;3MP:1;3MS:4,1,1,two_verbs,0,1,1,0,1,0,0,0,,3,0,,17,43,1
2,273,3,3,"2,3",2MP:2;2MS:1;3MP:9;3MS:2,1,1,two_verbs,0,1,1,0,1,0,1,1,2->3,3,0,,14,47,1
2,274,3,3,3,3MP:10,0,0,,0,0,1,0,0,0,0,0,,0,0,judgment,10,32,1
2,275,3,3,3,3FS:1;3MP:8;3MS:13,0,0,,0,0,1,0,0,0,0,0,,0,0,"judgment,law",22,74,1
2,276,3,3,3,3MS:3,0,0,,0,0,1,0,0,0,0,0,,0,0,law,3,15,1
2,277,3,3,3,3MP:15,0,0,,0,0,1,0,0,0,0,0,,0,0,"judgment,law,prayer",15,36,1
2,278,2,2,"2,3",2MP:6;3MP:2;3MS:1,1,1,two_verbs,0,1,1,0,1,0,1,1,3->2,3,0,law,9,20,1
2,279,2,2,"2,3",2MP:12;3MS:1,1,0,,0,1,1,0,1,0,0,0,,0,0,revelation,13,32,1
2,280,2,2,"2,3",2MP:7;3MS:1,1,1,two_verbs,0,1,1,0,1,0,0,0,,1,0,,8,21,1
2,281,3,3,"2,3",2MP:4;3FS:2;3MP:3;3MS:1,1,1,two_verbs,0,1,1,0,1,0,1,1,2->3,1,0,,10,21,1
2,282,3,3,"2,3",2MP:32;3FS:5;3MD:4;3MP:4;3MS:27,1,1,two_verbs,0,1,1,0,1,0,0,0,,14,0,law,72,214,1
2,283,3,3,"2,3",2MP:9;3FS:1;3MS:9,1,1,two_verbs,0,1,1,0,1,0,0,0,,4,0,,19,56,1
2,284,3,3,"2,3",2MP:6;3MS:7,1,1,two_verbs,0,1,1,0,1,0,0,0,,1,0,"mercy,creation",13,43,1
2,285,3,3,"1,2,3",1P:6;2MS:2;3MP:2;3MS:9,2,1,two_verbs,1,1,1,1,1,1,0,0,,3,0,revelation,19,51,1
2,286,1,1,"1,2,3",1P:17;2MS:10;3FS:5;3MS:3,2,1,two_verbs,1,1,1,1,1,1,1,1,3->1,3,0,mercy,35,80,1
3,1,,3,,,0,0,,0,0,0,0,0,0,0,0,,0,0,,0,1,0
3,2,3,3,3,3MS:1,0,0,,0,0,1,0,0,0,0,0,,0,0,oneness,1,9,0
3,3,3,3,"2,3",2MS:1;3MS:3,1,0,,0,1,1,0,1,0,0,0,,0,0,revelation,4,21,1
3,4,3,3,3,3MP:3;3MS:1,0,0,,0,0,1,0,0,0,0,0,,0,0,"judgment,revelation",4,26,1
3,5,3,3,3,3MS:2,0,0,,0,0,1,0,0,0,0,0,,0,0,creation,2,15,1
3,6,3,3,"2,3",2MP:1;3MS:4,1,0,,0,1,1,0,1,0,0,0,,0,0,oneness,5,17,1
3,7,3,3,"1,2,3",1P:3;2MS:1;3FP:1;3MP:5;3MS:10,2,1,two_verbs,1,1,1,1,1,1,0,0,,2,0,revelation,20,70,1
3,8,2,2,"1,2",1P:4;2MS:7,1,1,verb_plus_indep_pron,1,1,0,1,0,0,1,1,3->2,0,0,mercy,11,24,1
3,9,3,3,"1,2,3",1P:1;2MS:1;3MS:2,2,0,,1,1,1,1,1,1,1,1,2->3,0,0,,4,19,1
3,10,3,3,3,3FS:1;3MP:6,0,0,,0,0,1,0,0,0,0,0,,0,0,judgment,7,23,1
3,11,3,3,"1,3",1P:1;3MP:5;3MS:1,1,0,,1,0,1,0,0,1,0,0,,0,0,"revelation,prophets",7,26,1
3,12,2,2,"2,3",2MP:4;2MS:1;3MP:2;3MS:1,1,1,two_verbs,0,1,1,0,1,0,1,1,3->2,3,0,judgment,8,17,1
3,13,3,3,"2,3",2MP:1;3FD:2;3FS:1;3MP:4;3MS:4,1,1,verb_plus_indep_pron,0,1,1,0,1,0,1,1,2->3,0,0,,12,42,1
3,14,3,3,3,3MS:2,0,0,,0,0,1,0,0,0,0,0,,0,0,,2,48,1
3,15,3,3,"1,2,3",1S:1;2MP:1;2MS:1;3FS:3;3MP:3,2,1,two_verbs,1,1,1,1,1,1,0,0,,2,0,,9,38,1
3,16,1,1,"1,2,3",1P:7;2MS:2;3MP:2,2,1,two_verbs,1,1,1,1,1,1,1,1,3->1,2,0,"judgment,mercy",11,21,1
3,17,,3,,,0,0,,0,0,0,0,0,0,1,1,1->3,0,0,,0,17,0
3,18,3,3,3,3MS:4,0,0,,0,0,1,0,0,0,0,0,,0,0,oneness,4,27,1
3,19,3,3,3,3MP:4;3MS:3,0,0,,0,0,1,0,0,0,0,0,,0,0,revelation,7,38,1
3,20,3,3,"1,2,3",1S:4;2MP:2;2MS:4;3MP:10;3MS:1,2,1,two_verbs,1,1,1,1,1,1,0,0,,7,0,revelation,21,56,1
3,21,3,3,"2,3",2MS:1;3MP:9,1,1,two_verbs,0,1,1,0,1,0,0,0,,1,0,"judgment,revelation",10,33,1
3,22,3,3,3,3FS:1;3MP:2,0,0,,0,0,1,0,0,0,0,0,,0,0,,3,17,1
3,23,3,3,"2,3",2MS:1;3MP:7;3MS:2,1,1,two_verbs,0,1,1,0,1,0,0,0,,1,0,revelation,10,28,1
3,24,3,3,"1,3",1P:1;3FS:1;3MP:9;3MS:1,1,0,,1,0,1,0,0,1,0,0,,0,0,judgment,12,25,1
3,25,3,3,"1,3",1P:2;3FS:2;3MP:4;3MS:1,1,1,two_verbs,1,0,1,0,0,1,0,0,,1,0,,9,23,1
3,26,2,2,2,2MS:11,0,0,,0,1,0,0,0,0,1,1,3->2,0,0,,11,37,1
3,27,2,2,2,2MS:6,0,0,,0,1,0,0,0,0,0,0,,0,0,,6,34,1
3,28,3,3,"2,3",2MP:3;3MP:1;3MS:5,1,1,two_verbs,0,1,1,0,1,0,1,1,2->3,2,0,,9,39,1
3,29,2,2,"2,3",2MP:5;2MS:1;3MS:4,1,1,two_verbs,0,1,1,0,1,0,1,1,3->2,1,0,creation,10,32,1
3,30,3,3,"2,3",2MP:1;3FS:5;3MS:3,1,0,,0,1,1,0,1,0,1,1,2->3,0,0,mercy,9,36,1
3,31,2,2,"1,2,3",1S:1;2MP:9;2MS:1;3MS:2,2,1,two_verbs,1,1,1,1,1,1,1,1,3->2,1,0,mercy,13,24,1
3,32,2,2,"2,3",2MP:2;2MS:1;3MP:2;3MS:1,1,1,two_verbs,0,1,1,0,1,0,0,0,,1,0,revelation,6,18,1
3,33,3,3,3,3MS:1,0,0,,0,0,1,0,0,0,1,1,2->3,0,0,prophets,1,15,1
3,34,3,3,3,3FS:1,0,0,,0,0,1,0,0,0,0,0,,0,0,,1,9,0
3,35,1,1,"1,2,3",1S:6;2MS:4;3FS:1,2,1,two_verbs,1,1,1,1,1,1,1,1,3->1,2,1,,11,28,1
3,36,3,3,"1,2,3",1S:9;2MS:1;3FS:8;3MS:1,2,1,two_verbs,1,1,1,1,1,1,1,1,1->3,3,1,mercy,19,48,1
3,37,3,3,"2,3",2FS:1;3FS:7;3MS:9,1,1,verb_plus_indep_pron,0,1,1,0,1,0,0,0,,0,1,prayer,17,48,1
3,38,3,3,"1,2,3",1S:2;2MS:3;3MS:3,2,1,two_verbs,1,1,1,1,1,1,0,0,,1,0,,8,21,1
3,39,3,3,"2,3",2MS:1;3FS:1;3MS:4,1,0,,0,1,1,0,1,0,0,0,,0,0,prayer,6,32,1
3,40,3,3,"1,3",1S:4;3MS:6,1,1,verb_plus_indep_pron,1,0,1,0,0,1,0,0,,0,1,,10,25,1
3,41,2,2,"1,2,3",1S:2;2MS:6;3MS:2,2,1,two_verbs,1,1,1,1,1,1,1,1,3->2,3,1,,10,32,1
3,42,3,3,"2,3",2FS:3;3FS:1;3MS:3,1,0,,0,1,1,0,1,0,1,1,2->3,0,1,,7,21,1
3,43,2,2,2,2FS:7,0,0,,0,1,0,0,0,0,1,1,3->2,0,0,prayer,7,16,1
3,44,3,3,"1,2,3",1P:1;2MS:5;3MP:8;3MS:2,2,1,two_verbs,1,1,1,1,1,1,1,1,2->3,4,0,,16,33,1
3,45,3,3,"2,3",2FS:1;3FS:1;3MS:3,1,0,,0,1,1,0,1,0,0,0,,0,1,prophets,5,32,1
3,46,3,3,3,3MS:1,0,0,,0,0,1,0,0,0,0,0,,0,0,,1,13,1
3,47,3,3,"1,2,3",1S:3;2MS:1;3FS:1;3MS:9,2,1,two_verbs,1,1,1,1,1,1,0,0,,2,1,,14,32,1
3,48,3,3,3,3MS:2,0,0,,0,0,1,0,0,0,0,0,,0,0,,2,14,1
3,49,2,2,"1,2,3",1S:9;2MP:12;3MS:2,2,1,two_verbs,1,1,1,1,1,1,1,1,3->2,3,1,"revelation,prophets",23,77,1
3,50,2,2,"1,2,3",1S:5;2MP:8;3MS:1,2,1,two_verbs,1,1,1,1,1,1,0,0,,3,0,law,14,37,1
3,51,2,2,"1,2,3",1S:1;2MP:3;3MS:1,2,0,,1,1,1,1,1,1,0,0,,0,0,,5,14,1
3,52,3,3,"1,2,3",1P:4;1S:1;2MS:1;3MP:1;3MS:3,2,1,two_verbs,1,1,1,1,1,1,1,1,2->3,2,1,prophets,10,30,1
3,53,1,1,"1,2",1P:6;2MS:3,1,1,two_verbs,1,1,0,1,0,0,1,1,3->1,3,0,"revelation,prophets",9,19,1
3,54,3,3,3,3MP:2;3MS:1,0,0,,0,0,1,0,0,0,1,1,1->3,0,0,,3,11,1
3,55,2,2,"1,2,3",1S:4;2MP:6;2MS:4;3MP:6;3MS:2,2,1,two_verbs,1,1,1,1,1,1,1,1,3->2,2,1,"judgment,prophets",22,52,1
3,56,3,3,"1,3",1S:1;3MP:4,1,1,two_verbs,1,0,1,0,0,1,1,1,2->3,1,0,judgment,5,22,1
3,57,3,3,3,3MP:6;3MS:2,0,0,,0,0,1,0,0,0,0,0,,0,0,,8,21,1
3,58,1,1,"1,2,3",1P:1;2MS:1;3MS:1,2,0,,1,1,1,1,1,1,1,1,3->1,0,0,revelation,3,13,1
3,59,3,3,"2,3",2MS:1;3MS:5,1,1,two_verbs,0,1,1,0,1,0,1,1,1->3,2,1,"creation,prophets",6,19,1
3,60,2,2,2,2MS:2,0,0,,0,1,0,0,0,0,1,1,3->2,0,0,,2,11,1
3,61,2,2,"1,2,3",1P:6;2MP:5;2MS:3;3MS:3,2,1,two_verbs,1,1,1,1,1,1,0,0,,2,0,,17,45,1
3,62,3,3,3,3MS:2,0,0,,0,0,1,0,0,0,1,1,2->3,0,0,oneness,2,23,0
3,63,3,3,3,3MP:2,0,0,,0,0,1,0,0,0,0,0,,0,0,,2,11,1
3,64,2,2,"1,2,3",1P:5;2MP:7;2MS:1;3MP:2;3MS:2,2,1,two_verbs,1,1,1,1,1,1,1,1,3->2,3,0,"revelation,law",17,49,1
3,65,2,2,"2,3",2MP:4;3FS:1;3MS:1,1,1,two_verbs,0,1,1,0,1,0,0,0,,2,0,"revelation,prophets",6,27,1
3,66,2,2,"2,3",2MP:10;3MS:4,1,1,two_verbs,0,1,1,0,1,0,0,0,,2,0,,14,33,1
3,67,3,3,3,3MS:3,0,0,,0,0,1,0,0,0,1,1,2->3,0,0,prophets,3,18,1
3,68,3,3,3,3MP:4;3MS:1,0,0,,0,0,1,0,0,0,0,0,,0,0,prophets,5,24,1
3,69,3,3,"2,3",2MP:1;3FS:1;3MP:7,1,0,,0,1,1,0,1,0,0,0,,0,0,revelation,9,21,1
3,70,2,2,2,2MP:5,0,0,,0,1,0,0,0,0,1,1,3->2,0,0,"revelation,law",5,15,1
3,71,2,2,2,2MP:7,0,0,,0,1,0,0,0,0,0,0,,0,0,revelation,7,22,1
3,72,3,3,"2,3",2MP:4;3FS:1;3MP:5;3MS:2,1,1,two_verbs,0,1,1,0,1,0,1,1,2->3,4,0,revelation,12,28,1
3,73,2,2,"2,3",2MP:7;2MS:2;3MP:2;3MS:5,1,1,two_verbs,0,1,1,0,1,0,1,1,3->2,7,0,,16,45,1
3,74,3,3,3,3MS:3,0,0,,0,0,1,0,0,0,1,1,2->3,0,0,mercy,3,13,1
3,75,3,3,"1,2,3",1P:1;2MS:6;3MP:9;3MS:8,2,1,two_verbs,1,1,1,1,1,1,0,0,,5,0,revelation,24,60,1
3,76,3,3,3,3MS:4,0,0,,0,0,1,0,0,0,0,0,,0,0,,4,14,1
3,77,3,3,3,3MP:8;3MS:3,0,0,,0,0,1,0,0,0,0,0,,0,0,judgment,11,42,1
3,78,3,3,"2,3",2MP:2;3MP:11;3MS:4,1,1,two_verbs,0,1,1,0,1,0,0,0,,2,0,revelation,17,50,1
3,79,2,2,"1,2,3",1S:1;2MP:12;3MS:4,2,1,two_verbs,1,1,1,1,1,1,1,1,3->2,1,0,revelation,17,49,1
3,80,2,2,"2,3",2MP:5;3MS:2,1,1,two_verbs,0,1,1,0,1,0,0,0,,2,0,,7,23,1
3,81,2,2,"1,2,3",1P:2;1S:4;2MP:12;3MP:2;3MS:6,2,1,two_verbs,1,1,1,1,1,1,0,0,,9,1,"revelation,law",26,61,1
3,82,3,3,3,3MP:1;3MS:1,0,0,,0,0,1,0,0,0,1,1,2->3,0,0,,2,10,1
3,83,3,3,3,3MP:4;3MS:3,0,0,,0,0,1,0,0,0,0,0,,0,0,creation,7,26,1
3,84,3,3,"1,2,3",1P:5;2MS:1;3MP:2;3MS:4,2,1,two_verbs,1,1,1,1,1,1,0,0,,3,0,"revelation,prophets",12,47,1
3,85,3,3,3,3MS:4,0,0,,0,0,1,0,0,0,0,0,,0,0,,4,20,1
3,86,3,3,3,3MP:6;3MS:3,0,0,,0,0,1,0,0,0,0,0,,0,0,revelation,9,29,1
3,87,3,3,3,3MP:2,0,0,,0,0,1,0,0,0,0,0,,0,0,judgment,2,15,0
3,88,3,3,3,3FS:1;3MP:4;3MS:1,0,0,,0,0,1,0,0,0,0,0,,0,0,judgment,6,14,1
3,89,3,3,3,3MP:4,0,0,,0,0,1,0,0,0,0,0,,0,0,mercy,4,15,1
3,90,3,3,3,3FS:1;3MP:7,0,0,,0,0,1,0,0,0,0,0,,0,0,,8,20,1
3,91,3,3,3,3MP:8;3MS:3,0,0,,0,0,1,0,0,0,0,0,,0,0,"judgment,creation",11,36,1
3,92,2,2,"2,3",2MP:8;3MS:1,1,1,verb_plus_indep_pron,0,1,1,0,1,0,1,1,3->2,0,0,judgment,9,24,1
3,93,2,2,"2,3",2MP:6;2MS:1;3FS:2;3MS:3,1,1,two_verbs,0,1,1,0,1,0,0,0,,1,0,"revelation,law,prophets",12,36,1
3,94,3,3,3,3MP:1;3MS:1,0,0,,0,0,1,0,0,0,1,1,2->3,0,0,,2,15,1
3,95,2,2,"2,3",2MP:2;2MS:1;3MS:2,1,1,two_verbs,0,1,1,0,1,0,1,1,3->2,3,0,prophets,5,15,1
3,96,3,3,3,3MS:1,0,0,,0,0,1,0,0,0,1,1,2->3,0,0,,1,17,1
3,97,3,3,3,3MS:7,0,0,,0,0,1,0,0,0,0,0,,0,0,"revelation,prayer,prophets",7,36,1
3,98,2,2,2,2MP:4;2MS:1,0,0,,0,1,0,0,0,0,1,1,3->2,0,0,"revelation,law",5,19,1
3,99,2,2,"2,3",2MP:7;2MS:1;3FS:1;3MS:1,1,1,two_verbs,0,1,1,0,1,0,0,0,,2,0,revelation,10,30,1
3,100,3,3,"2,3",2MP:4;3MP:6,1,1,two_verbs,0,1,1,0,1,0,1,1,2->3,2,0,revelation,10,22,1
3,101,3,3,"2,3",2MP:5;3FS:1;3MS:3,1,1,two_verbs,0,1,1,0,1,0,0,0,,1,0,revelation,9,27,1
3,102,2,2,"2,3",2MP:4;3MP:2;3MS:1,1,1,two_verbs,0,1,1,0,1,0,1,1,3->2,1,0,,7,19,1
3,103,2,2,"2,3",2MP:19;3FS:1;3MS:5,1,1,two_verbs,0,1,1,0,1,0,0,0,,4,0,judgment,25,60,1
3,104,3,3,"2,3",2MP:1;3FS:1;3MP:7,1,0,,0,1,1,0,1,0,1,1,2->3,0,0,,9,28,1
3,105,3,3,"2,3",2MP:2;3MP:6;3MS:1,1,1,two_verbs,0,1,1,0,1,0,0,0,,1,0,judgment,9,24,1
3,106,2,2,"2,3",2MP:9;3FS:3;3MP:1,1,1,two_verbs,0,1,1,0,1,0,1,1,3->2,1,1,judgment,13,29,1
3,107,3,3,3,3FS:2;3MP:2,0,0,,0,0,1,0,0,0,1,1,2->3,0,0,mercy,4,14,1
3,108,3,3,"1,2,3",1P:1;2MS:1;3FS:1;3MS:1,2,1,two_verbs,1,1,1,1,1,1,0,0,,1,0,revelation,4,18,1
3,109,3,3,3,3FS:1,0,0,,0,0,1,0,0,0,0,0,,0,0,creation,1,18,1
3,110,2,2,"2,3",2MP:8;3FS:1;3MP:3;3MS:2,1,1,two_verbs,0,1,1,0,1,0,1,1,3->2,3,0,revelation,14,44,1
3,111,3,3,"2,3",2MP:3;3MP:8,1,0,,0,1,1,0,1,0,1,1,2->3,0,0,,11,20,1
3,112,3,3,3,3FS:2;3MP:19,0,0,,0,0,1,0,0,0,0,0,,0,0,,21,61,1
3,113,3,3,3,3MP:7,0,0,,0,0,1,0,0,0,0,0,,0,0,"revelation,prayer",7,20,1
3,114,3,3,3,3MP:8,0,0,,0,0,1,0,0,0,0,0,,0,0,,8,32,1
3,115,3,3,3,3MP:4;3MS:1,0,0,,0,0,1,0,0,0,0,0,,0,0,,5,17,1
3,116,3,3,3,3FS:2;3MP:6,0,0,,0,0,1,0,0,0,0,0,,0,0,judgment,8,26,1
3,117,3,3,3,3FS:3;3MP:9;3MS:2,0,0,,0,0,1,0,0,0,0,0,,0,0,,14,37,1
3,118,2,2,"1,2,3",1P:2;2MP:11;3FS:2;3MP:8,2,1,two_verbs,1,1,1,1,1,1,1,1,3->2,6,0,revelation,23,47,1
3,119,3,3,"1,2,3",1P:2;2MP:11;2MS:1;3MP:11;3MS:1,2,1,two_verbs,1,1,1,1,1,1,1,1,2->3,6,0,revelation,26,54,1
3,120,2,2,"2,3",2MP:7;2MS:2;3FS:2;3MP:6;3MS:1,1,1,two_verbs,0,1,1,0,1,0,1,1,3->2,5,0,,18,35,1
3,121,2,2,2,2MS:4,0,0,,0,1,0,0,0,0,0,0,,0,0,,4,18,1
3,122,3,3,"2,3",2D:2;2MP:1;3FS:1;3MD:1;3MS:1,1,1,two_verbs,0,1,1,0,1,0,1,1,2->3,2,0,,6,20,1
3,123,2,2,"2,3",2MP:7;3MS:1,1,1,two_verbs,0,1,1,0,1,0,1,1,3->2,1,0,,8,19,1
3,124,2,2,"2,3",2MP:3;2MS:1;3MS:2,1,1,two_verbs,0,1,1,0,1,0,0,0,,1,1,revelation,6,21,1
3,125,2,2,"2,3",2MP:7;3MP:3;3MS:1,1,1,two_verbs,0,1,1,0,1,0,0,0,,1,0,,11,26,1
3,126,3,3,"2,3",2MP:2;3FS:1;3MS:3,1,1,verb_plus_indep_pron,0,1,1,0,1,0,1,1,2->3,0,0,,6,28,1
3,127,3,3,3,3MP:5;3MS:2,0,0,,0,0,1,0,0,0,0,0,,0,0,,7,14,1
3,128,3,3,"2,3",2MS:1;3MP:3;3MS:3,1,1,verb_plus_indep_pron,0,1,1,0,1,0,0,0,,0,0,mercy,7,18,1
3,129,3,3,3,3MS:4,0,0,,0,0,1,0,0,0,0,0,,0,0,"mercy,creation",4,24,1
3,130,2,2,"2,3",2MP:7;3MP:2,1,1,two_verbs,0,1,1,0,1,0,1,1,3->2,1,0,law,9,20,1
3,131,2,2,"2,3",2MP:2;3FS:1,1,1,two_verbs,0,1,1,0,1,0,0,0,,1,0,judgment,3,10,1
3,132,2,2,2,2MP:5,0,0,,0,1,0,0,0,0,0,0,,0,0,"mercy,revelation",5,11,1
3,133,2,2,"2,3",2MP:3;3FS:2,1,1,two_verbs,0,1,1,0,1,0,0,0,,1,0,creation,5,21,1
3,134,3,3,3,3MP:2;3MS:1,0,0,,0,0,1,0,0,0,1,1,2->3,0,0,,3,25,1
3,135,3,3,3,3MP:17;3MS:1,0,0,,0,0,1,0,0,0,0,0,,0,0,mercy,18,39,1
3,136,3,3,3,3FS:3;3MP:2;3MS:1,0,0,,0,0,1,0,0,0,0,0,,0,0,judgment,6,23,1
3,137,2,2,"2,3",2MP:5;3FS:1;3MS:1,1,1,two_verbs,0,1,1,0,1,0,1,1,3->2,2,0,creation,7,20,1
3,138,,3,,,0,0,,0,0,0,0,0,0,1,1,2->3,0,0,,0,12,0
3,139,2,2,2,2MP:7,0,0,,0,1,0,0,0,0,1,1,3->2,0,0,,7,16,1
3,140,3,3,"1,2,3",1P:1;2MP:2;3FS:1;3MP:2;3MS:6,2,1,two_verbs,1,1,1,1,1,1,1,1,2->3,2,0,,12,39,1
3,141,3,3,3,3MP:2;3MS:2,0,0,,0,0,1,0,0,0,0,0,,0,0,,4,11,1
3,142,2,2,"2,3",2MP:5;3MP:2;3MS:2,1,1,two_verbs,0,1,1,0,1,0,1,1,3->2,1,0,judgment,9,21,1
3,143,2,2,"2,3",2MP:11;3MS:2,1,0,,0,1,1,0,1,0,0,0,,0,0,,13,24,1
3,144,3,3,"2,3",2MP:3;3FS:1;3MS:7,1,1,two_verbs,0,1,1,0,1,0,1,1,2->3,2,0,"judgment,revelation",11,40,1
3,145,3,3,"1,3",1P:3;3FS:3;3MS:5,1,1,two_verbs,1,0,1,0,0,1,0,0,,3,0,judgment,11,38,1
3,146,3,3,3,3MP:7;3MS:4,0,0,,0,0,1,0,0,0,0,0,,0,0,,11,33,1
3,147,1,1,"1,2,3",1P:7;2MS:3;3MP:3;3MS:1,2,1,two_verbs,1,1,1,1,1,1,1,1,3->1,1,1,mercy,14,34,1
3,148,3,3,3,3MP:1;3MS:2,0,0,,0,0,1,0,0,0,1,1,1->3,0,0,judgment,3,17,1
3,149,3,3,"2,3",2MP:6;3MP:6,1,1,two_verbs,0,1,1,0,1,0,0,0,,3,0,,12,21,1
3,150,2,2,"2,3",2MP:1;3MS:1,1,0,,0,1,1,0,1,0,1,1,3->2,0,0,,2,9,0
3,151,3,3,"1,3",1P:1;3MP:5;3MS:3,1,1,two_verbs,1,0,1,0,0,1,1,1,2->3,1,0,"judgment,revelation",9,31,1
3,152,2,2,"2,3",2MP:17;3MP:2;3MS:9,1,1,two_verbs,0,1,1,0,1,0,1,1,3->2,4,0,,28,70,1
3,153,2,2,"2,3",2MP:13;3MS:4,1,1,two_verbs,0,1,1,0,1,0,0,0,,4,0,revelation,17,43,1
3,154,3,3,"1,2,3",1P:4;2MP:7;2MS:3;3FS:1;3MP:15;3MS:8,2,1,two_verbs,1,1,1,1,1,1,1,1,2->3,5,0,revelation,38,115,1
3,155,3,3,"2,3",2MP:1;3MP:6;3MS:3,1,0,,0,1,1,0,1,0,0,0,,0,0,mercy,10,32,1
3,156,3,3,"1,2,3",1P:1;2MP:4;3MP:18;3MS:3,2,1,two_verbs,1,1,1,1,1,1,0,0,,3,1,,26,60,1
3,157,2,2,"2,3",2MP:4;3MP:2,1,1,two_verbs,0,1,1,0,1,0,1,1,3->2,1,0,mercy,6,22,1
3,158,2,2,2,2MP:6,0,0,,0,1,0,0,0,0,0,0,,0,0,,6,13,1
3,159,2,2,"2,3",2MS:11;3MP:6;3MS:1,1,1,two_verbs,0,1,1,0,1,0,0,0,,3,0,mercy,18,51,1
3,160,3,3,"2,3",2MP:4;3MS:5,1,1,verb_plus_indep_pron,0,1,1,0,1,0,1,1,2->3,0,0,,9,30,1
3,161,3,3,3,3FS:2;3MP:3;3MS:5,0,0,,0,0,1,0,0,0,0,0,,0,0,judgment,10,28,1
3,162,3,3,3,3MS:4,0,0,,0,0,1,0,0,0,0,0,,0,0,judgment,4,21,1
3,163,3,3,3,3MP:3,0,0,,0,0,1,0,0,0,0,0,,0,0,,3,11,1
3,164,3,3,3,3MP:7;3MS:6,0,0,,0,0,1,0,0,0,0,0,,0,0,revelation,13,41,1
3,165,2,2,"2,3",2MP:6;2MS:1;3FS:2;3MS:1,1,1,two_verbs,0,1,1,0,1,0,1,1,3->2,1,1,judgment,10,27,1
3,166,3,3,"2,3",2MP:1;3MS:3,1,0,,0,1,1,0,1,0,1,1,2->3,0,0,,4,17,1
3,167,3,3,"1,2,3",1P:3;2MP:7;3MP:13;3MS:3,2,1,two_verbs,1,1,1,1,1,1,0,0,,4,1,,26,57,1
3,168,3,3,"1,2,3",1P:1;2MP:5;2MS:1;3MP:9,2,1,two_verbs,1,1,1,1,1,1,0,0,,1,1,,16,29,1
3,169,3,3,"2,3",2MS:1;3MP:5,1,1,two_verbs,0,1,1,0,1,0,0,0,,1,0,,6,18,1
3,170,3,3,3,3MP:11;3MS:2,0,0,,0,0,1,0,0,0,0,0,,0,0,,13,32,1
3,171,3,3,3,3MP:2;3MS:1,0,0,,0,0,1,0,0,0,0,0,,0,0,judgment,3,16,1
3,172,3,3,3,3MP:8;3MS:1,0,0,,0,0,1,0,0,0,0,0,,0,0,"judgment,revelation",9,26,1
3,173,3,3,"1,2,3",1P:1;2MP:3;3MP:7;3MS:3,2,1,two_verbs,1,1,1,1,1,1,0,0,,2,1,,14,32,1
3,174,3,3,3,3MP:5;3MS:1,0,0,,0,0,1,0,0,0,0,0,,0,0,,6,23,1
3,175,2,2,"1,2,3",1S:1;2MP:6;3MP:1;3MS:2,2,1,two_verbs,1,1,1,1,1,1,1,1,3->2,1,0,,10,21,1
3,176,3,3,"2,3",2MS:1;3MP:7;3MS:3,1,0,,0,1,1,0,1,0,1,1,2->3,0,0,judgment,11,33,1
3,177,3,3,3,3MP:5,0,0,,0,0,1,0,0,0,0,0,,0,0,judgment,5,19,1
3,178,3,3,"1,3",1P:2;3MP:8;3MS:1,1,1,two_verbs,1,0,1,0,0,1,0,0,,2,0,judgment,11,30,1
3,179,3,3,"2,3",2MP:9;3MS:10,1,1,two_verbs,0,1,1,0,1,0,0,0,,1,0,judgment,19,58,1
3,180,3,3,"2,3",2MP:2;3MP:9;3MS:6,1,1,two_verbs,0,1,1,0,1,0,0,0,,1,0,"judgment,creation",17,51,1
3,181,3,3,"1,2,3",1P:3;2MP:2;3MP:5;3MS:1,2,1,two_verbs,1,1,1,1,1,1,0,0,,4,1,judgment,11,34,1
3,182,3,3,"2,3",2MP:1;3FS:1;3MS:1,1,0,,0,1,1,0,1,0,0,0,,0,0,,3,15,1
3,183,3,3,"1,2,3",1P:3;1S:1;2MP:7;2MS:1;3FS:1;3MP:3;3MS:4,2,1,two_verbs,1,1,1,1,1,1,0,0,,5,1,"judgment,revelation",20,48,1
3,184,3,3,"2,3",2MS:2;3MP:4;3MS:1,1,0,,0,1,1,0,1,0,0,0,,0,0,revelation,7,25,1
3,185,3,3,"2,3",2MP:3;3MS:3,1,1,two_verbs,0,1,1,0,1,0,0,0,,1,0,judgment,6,38,1
3,186,2,2,"2,3",2MP:9;3MP:4,1,1,two_verbs,0,1,1,0,1,0,1,1,3->2,2,0,revelation,13,43,1
3,187,3,3,"2,3",2MP:3;3MP:9;3MS:6,1,1,two_verbs,0,1,1,0,1,0,1,1,2->3,2,0,revelation,18,41,1
3,188,3,3,"2,3",2MS:2;3MP:12,1,1,two_verbs,0,1,1,0,1,0,0,0,,2,0,judgment,14,36,1
3,189,,3,,,0,0,,0,0,0,0,0,0,0,0,,0,0,creation,0,15,0
3,190,,3,,,0,0,,0,0,0,0,0,0,0,0,,0,0,"revelation,creation",0,21,0
3,191,3,3,"1,2,3",1P:2;2MS:4;3MP:5,2,1,two_verbs,1,1,1,1,1,1,0,0,,1,0,"judgment,creation",11,36,1
3,192,2,2,"1,2,3",1P:1;2MS:4;3MS:1,2,0,,1,1,1,1,1,1,1,1,3->2,0,0,judgment,6,20,1
3,193,1,1,"1,2,3",1P:12;2MP:3;2MS:3;3MS:1,2,1,two_verbs,1,1,1,1,1,1,1,1,2->1,4,0,mercy,19,40,1
3,194,2,2,"1,2",1P:4;2MS:7,1,0,,1,1,0,1,0,0,1,1,1->2,0,0,judgment,11,25,1
3,195,3,3,"1,2,3",1S:5;2MP:2;3FS:2;3MP:16;3MS:2,2,1,two_verbs,1,1,1,1,1,1,1,1,2->3,4,0,judgment,27,74,1
3,196,3,3,"2,3",2MS:1;3MP:2;3MS:1,1,0,,0,1,1,0,1,0,0,0,,0,0,,4,11,1
3,197,3,3,3,3MP:1;3MS:1,0,0,,0,0,1,0,0,0,0,0,,0,0,judgment,2,10,1
3,198,3,3,3,3FS:3;3MP:4,0,0,,0,0,1,0,0,0,0,0,,0,0,,7,30,1
3,199,3,3,"2,3",2MP:1;3MP:6;3MS:3,1,0,,0,1,1,0,1,0,0,0,,0,0,"judgment,revelation",10,45,1
3,200,2,2,"2,3",2MP:11;3MP:2,1,1,two_verbs,0,1,1,0,1,0,1,1,3->2,1,0,,13,21,1
4,1,2,2,"2,3",2MP:9;3D:1;3FS:2;3MS:5,1,1,two_verbs,0,1,1,0,1,0,0,0,,3,0,creation,17,46,1
4,2,2,2,"2,3",2MP:7;3MP:2;3MS:2,1,1,two_verbs,0,1,1,0,1,0,0,0,,1,0,,11,30,1
4,3,2,2,"2,3",2MP:14;3FS:1;3MS:1,1,1,two_verbs,0,1,1,0,1,0,0,0,,4,0,,16,47,1
4,4,2,2,"2,3",2MP:5;3FP:3;3MS:2,1,1,two_verbs,0,1,1,0,1,0,0,0,,2,0,,10,25,1
4,5,2,2,"2,3",2MP:10;3FS:1;3MP:3;3MS:1,1,1,two_verbs,0,1,1,0,1,0,0,0,,2,0,,15,31,1
4,6,3,3,"2,3",2MP:12;3FS:1;3MP:10;3MS:5,1,1,two_verbs,0,1,1,0,1,0,1,1,2->3,5,0,,28,71,1
4,7,3,3,3,3MS:5,0,0,,0,0,1,0,0,0,0,0,,0,0,,5,34,1
4,8,2,2,"2,3",2MP:4;3MP:2;3MS:2,1,1,two_verbs,0,1,1,0,1,0,1,1,3->2,1,0,,8,27,1
4,9,3,3,3,3MP:10;3MS:1,0,0,,0,0,1,0,0,0,1,1,2->3,0,0,,11,27,1
4,10,3,3,3,3MP:7,0,0,,0,0,1,0,0,0,0,0,,0,0,judgment,7,21,1
4,11,3,3,"2,3",2MP:7;3D:1;3FP:3;3FS:3;3MP:1;3MS:17,1,1,two_verbs,0,1,1,0,1,0,0,0,,2,0,law,32,114,1
4,12,3,3,"2,3",2MP:11;3D:1;3FP:8;3FS:3;3MP:3;3MS:9,1,1,two_verbs,0,1,1,0,1,0,0,0,,4,0,law,35,129,1
4,13,3,3,3,3FS:3;3MS:4,0,0,,0,0,1,0,0,0,0,0,,0,0,"judgment,revelation",7,28,1
4,14,3,3,3,3FS:1;3MS:7,0,0,,0,0,1,0,0,0,0,0,,0,0,"judgment,revelation",8,22,1
4,15,3,3,"2,3",2MP:6;3FP:6;3MP:2;3MS:2,1,1,two_verbs,0,1,1,0,1,0,0,0,,4,0,law,16,39,1
4,16,3,3,"2,3",2MP:5;3D:2;3FS:1;3MD:6;3MS:1,1,1,two_verbs,0,1,1,0,1,0,0,0,,4,0,mercy,15,28,1
4,17,3,3,3,3MP:5;3MS:2,0,0,,0,0,1,0,0,0,0,0,,0,0,,7,30,1
4,18,3,3,"1,3",1P:2;1S:3;3FS:1;3MP:7;3MS:2,1,1,two_verbs,1,0,1,0,0,1,0,0,,3,0,judgment,15,39,1
4,19,2,2,"2,3",2MP:15;3FP:6;3MP:2;3MS:4,1,1,two_verbs,0,1,1,0,1,0,1,1,3->2,6,0,law,27,61,1
4,20,2,2,"2,3",2MP:8;3FP:1;3MS:2,1,0,,0,1,1,0,1,0,0,0,,0,0,,11,29,1
4,21,3,3,"2,3",2MP:4;3FP:2;3MS:2,1,1,two_verbs,0,1,1,0,1,0,1,1,2->3,1,0,,8,19,1
4,22,3,3,"2,3",2MP:3;3MS:5,1,1,two_verbs,0,1,1,0,1,0,0,0,,1,0,,8,24,1
4,23,2,2,"2,3",2MP:24;3FP:4;3FS:1;3MS:2,1,1,two_verbs,0,1,1,0,1,0,1,1,3->2,2,0,mercy,31,95,1
4,24,2,2,"2,3",2MP:13;3FP:3;3FS:1;3MS:4,1,1,two_verbs,0,1,1,0,1,0,0,0,,2,0,law,21,66,1
4,25,3,3,"2,3",2MP:13;3FP:9;3FS:1;3MS:3,1,1,two_verbs,0,1,1,0,1,0,1,1,2->3,3,0,"judgment,mercy,law",26,98,1
4,26,3,3,"2,3",2MP:4;3MS:4,1,1,verb_plus_indep_pron,0,1,1,0,1,0,0,0,,0,0,law,8,22,1
4,27,3,3,"2,3",2MP:3;3MP:2;3MS:3,1,1,two_verbs,0,1,1,0,1,0,0,0,,1,0,,8,19,1
4,28,3,3,"2,3",2MP:1;3MS:3,1,0,,0,1,1,0,1,0,0,0,,0,0,creation,4,11,1
4,29,2,2,"2,3",2MP:9;3FS:1;3MP:2;3MS:1,1,1,two_verbs,0,1,1,0,1,0,1,1,3->2,4,0,"mercy,law",13,35,1
4,30,3,3,"1,3",1P:1;3MS:3,1,1,two_verbs,1,0,1,0,0,1,1,1,2->3,2,0,judgment,4,18,1
4,31,2,2,"1,2,3",1P:2;2MP:7;3MS:1,2,1,two_verbs,1,1,1,1,1,1,1,1,3->2,1,0,"judgment,law",10,19,1
4,32,3,3,"2,3",2MP:5;3FP:2;3MP:2;3MS:4,1,1,two_verbs,0,1,1,0,1,0,1,1,2->3,3,0,,13,44,1
4,33,3,3,"1,2,3",1P:2;2MP:3;3FS:1;3MP:2;3MS:2,2,1,two_verbs,1,1,1,1,1,1,0,0,,3,0,law,10,32,1
4,34,3,3,"2,3",2MP:11;3FP:7;3MP:4;3MS:3,1,1,two_verbs,0,1,1,0,1,0,0,0,,4,0,,25,72,1
4,35,3,3,"2,3",2MP:4;3D:2;3FS:1;3MD:2;3MS:3,1,1,two_verbs,0,1,1,0,1,0,0,0,,1,0,,12,32,1
4,36,2,2,"2,3",2MP:5;3FS:1;3MS:3,1,1,two_verbs,0,1,1,0,1,0,1,1,3->2,1,0,,9,61,1
4,37,3,3,"1,3",1P:2;3MP:7;3MS:2,1,1,two_verbs,1,0,1,0,0,1,1,1,2->3,1,0,judgment,11,29,1
4,38,3,3,3,3MP:5;3MS:3,0,0,,0,0,1,0,0,0,0,0,,0,0,,8,33,1
4,39,3,3,3,3MP:7;3MS:2,0,0,,0,0,1,0,0,0,0,0,,0,0,,9,28,1
4,40,3,3,3,3FS:2;3MS:4,0,0,,0,0,1,0,0,0,0,0,,0,0,judgment,6,19,1
4,41,1,1,"1,2",1P:4;2MS:1,1,1,verb_plus_indep_pron,1,1,0,1,0,0,1,1,3->1,0,0,law,5,18,1
4,42,3,3,3,3FS:1;3MP:7;3MS:1,0,0,,0,0,1,0,0,0,1,1,1->3,0,0,"revelation,creation",9,22,1
4,43,2,2,"2,3",2MP:22;3MP:2;3MS:2,1,1,two_verbs,0,1,1,0,1,0,1,1,3->2,4,0,"mercy,creation,prayer",26,73,1
4,44,3,3,"2,3",2MP:2;2MS:1;3MP:6,1,1,two_verbs,0,1,1,0,1,0,1,1,2->3,2,0,revelation,9,23,1
4,45,3,3,"2,3",2MP:1;3MS:2,1,0,,0,1,1,0,1,0,0,0,,0,0,,3,16,1
4,46,3,3,"1,2,3",1P:10;2MS:4;3MP:15;3MS:3,2,1,two_verbs,1,1,1,1,1,1,0,0,,6,1,,32,72,1
4,47,1,1,"1,2,3",1P:7;2MP:3;3FS:2;3MP:3;3MS:1,2,1,two_verbs,1,1,1,1,1,1,1,1,3->1,3,0,revelation,16,44,1
4,48,3,3,3,3MS:7,0,0,,0,0,1,0,0,0,1,1,1->3,0,0,"oneness,mercy",7,26,1
4,49,3,3,"2,3",2MS:1;3MP:5;3MS:2,1,1,two_verbs,0,1,1,0,1,0,0,0,,1,0,,8,19,1
4,50,3,3,"2,3",2MS:1;3MP:2;3MS:2,1,1,two_verbs,0,1,1,0,1,0,0,0,,1,0,,5,14,1
4,51,3,3,"2,3",2MS:1;3MP:10,1,1,two_verbs,0,1,1,0,1,0,0,0,,1,0,revelation,11,33,1
4,52,3,3,"2,3",2MS:1;3MP:1;3MS:3,1,1,two_verbs,0,1,1,0,1,0,0,0,,1,0,,5,15,1
4,53,3,3,3,3MP:3,0,0,,0,0,1,0,0,0,0,0,,0,0,,3,15,1
4,54,3,3,"1,3",1P:4;3MP:4;3MS:2,1,1,two_verbs,1,0,1,0,0,1,0,0,,1,0,"revelation,prophets",10,30,1
4,55,3,3,3,3MP:2;3MS:5,0,0,,0,0,1,0,0,0,0,0,,0,0,judgment,7,19,1
4,56,3,3,"1,3",1P:4;3FS:2;3MP:7;3MS:1,1,1,two_verbs,1,0,1,0,0,1,0,0,,4,0,judgment,14,31,1
4,57,3,3,"1,3",1P:2;3FS:4;3MP:7,1,1,two_verbs,1,0,1,0,0,1,0,0,,3,0,,13,34,1
4,58,2,2,"2,3",2MP:8;3FS:1;3MS:5,1,1,two_verbs,0,1,1,0,1,0,1,1,3->2,2,0,,14,38,1
4,59,2,2,"2,3",2MP:13;3MP:2;3MS:1,1,1,two_verbs,0,1,1,0,1,0,0,0,,1,0,revelation,16,51,1
4,60,3,3,"2,3",2MS:3;3MP:14;3MS:5,1,1,two_verbs,0,1,1,0,1,0,1,1,2->3,1,0,revelation,22,48,1
4,61,3,3,"2,3",2MP:2;2MS:3;3MP:3;3MS:2,1,1,two_verbs,0,1,1,0,1,0,0,0,,4,1,revelation,10,24,1
4,62,3,3,"1,2,3",1P:2;2MS:1;3FS:2;3MP:6,2,1,two_verbs,1,1,1,1,1,1,0,0,,1,0,,11,26,1
4,63,3,3,"2,3",2MS:3;3MP:5;3MS:1,1,1,two_verbs,0,1,1,0,1,0,0,0,,1,0,,9,24,1
4,64,3,3,"1,2,3",1P:2;2MS:1;3MP:11;3MS:2,2,1,two_verbs,1,1,1,1,1,1,0,0,,1,0,"mercy,revelation",16,40,1
4,65,3,3,"2,3",2MS:4;3MP:10;3MS:1,1,1,two_verbs,0,1,1,0,1,0,0,0,,2,0,,15,33,1
4,66,3,3,"1,2,3",1P:3;2MP:6;3MP:10;3MS:3,2,1,two_verbs,1,1,1,1,1,1,0,0,,2,0,,22,46,1
4,67,1,1,"1,3",1P:3;3MP:1,1,0,,1,0,1,0,0,1,1,1,3->1,0,0,judgment,4,11,1
4,68,1,1,"1,3",1P:2;3MP:1,1,0,,1,0,1,0,0,1,0,0,,0,0,,3,7,1
4,69,3,3,3,3MP:1;3MS:3,0,0,,0,0,1,0,0,0,1,1,1->3,0,0,revelation,4,31,1
4,70,3,3,3,3MS:1,0,0,,0,0,1,0,0,0,0,0,,0,0,,1,10,1
4,71,2,2,"2,3",2MP:7;3MP:2,1,1,two_verbs,0,1,1,0,1,0,1,1,3->2,1,0,,9,17,1
4,72,3,3,"1,2,3",1S:2;2MP:2;3FS:1;3MP:1;3MS:3,2,1,two_verbs,1,1,1,1,1,1,1,1,2->3,1,0,,9,26,1
4,73,3,3,"1,2,3",1S:4;2MP:2;3FS:1;3MP:1;3MS:3,2,1,two_verbs,1,1,1,1,1,1,0,0,,1,0,,11,32,1
4,74,3,3,"1,3",1P:1;3MP:2;3MS:5,1,1,two_verbs,1,0,1,0,0,1,0,0,,1,0,judgment,8,32,1
4,75,2,2,"1,2,3",1P:4;2MP:3;2MS:5;3FS:1;3MP:2,2,1,two_verbs,1,1,1,1,1,1,1,1,3->2,2,0,,15,53,1
4,76,3,3,"2,3",2MP:2;3MP:8;3MS:1,1,1,two_verbs,0,1,1,0,1,0,1,1,2->3,2,0,,11,30,1
4,77,2,2,"1,2,3",1P:3;2MP:9;2MS:6;3MP:7;3MS:3,2,1,two_verbs,1,1,1,1,1,1,1,1,3->2,6,1,"law,prayer",28,80,1
4,78,3,3,"2,3",2MP:5;2MS:2;3FS:2;3MP:10;3MS:1,1,1,two_verbs,0,1,1,0,1,0,1,1,2->3,5,0,,20,54,1
4,79,3,3,"1,2,3",1P:2;2MS:4;3MS:3,2,1,two_verbs,1,1,1,1,1,1,0,0,,2,0,"revelation,law",9,31,1
4,80,3,3,"1,2,3",1P:2;2MS:1;3MP:1;3MS:3,2,1,two_verbs,1,1,1,1,1,1,0,0,,1,0,revelation,7,19,1
4,81,3,3,"2,3",2MS:4;3MP:8;3MS:3,1,1,two_verbs,0,1,1,0,1,0,0,0,,4,0,,15,37,1
4,82,3,3,3,3MP:4;3MS:2,0,0,,0,0,1,0,0,0,0,0,,0,0,,6,21,1
4,83,3,3,"2,3",2MP:3;3MP:9;3MS:7,1,1,two_verbs,0,1,1,0,1,0,0,0,,1,0,"mercy,revelation",19,55,1
4,84,2,2,"2,3",2MS:4;3MP:2;3MS:2,1,1,two_verbs,0,1,1,0,1,0,1,1,3->2,1,0,judgment,8,29,1
4,85,3,3,3,3FS:2;3MS:7,0,0,,0,0,1,0,0,0,1,1,2->3,0,0,judgment,9,28,1
4,86,2,2,"2,3",2MP:6;3FS:2;3MS:1,1,1,two_verbs,0,1,1,0,1,0,1,1,3->2,1,0,,9,24,1
4,87,3,3,"2,3",2MP:1;3MS:3,1,0,,0,1,1,0,1,0,1,1,2->3,0,0,"oneness,judgment",4,23,1
4,88,3,3,"2,3",2MP:5;2MS:1;3MP:3;3MS:4,1,1,two_verbs,0,1,1,0,1,0,0,0,,3,0,,13,35,1
4,89,2,2,"2,3",2MP:14;3MP:13,1,1,two_verbs,0,1,1,0,1,0,1,1,3->2,5,0,,27,52,1
4,90,3,3,"2,3",2MP:9;3FS:1;3MP:21;3MS:3,1,1,verb_plus_indep_pron,0,1,1,0,1,0,1,1,2->3,0,0,,34,68,1
4,91,3,3,"1,2,3",1P:2;2MP:12;3FS:1;3MP:22,2,1,two_verbs,1,1,1,1,1,1,0,0,,3,0,,37,66,1
4,92,3,3,"2,3",2MP:2;3MP:3;3MS:10,1,1,verb_plus_indep_pron,0,1,1,0,1,0,0,0,,0,0,prayer,15,81,1
4,93,3,3,3,3FS:1;3MS:8,0,0,,0,0,1,0,0,0,0,0,,0,0,judgment,9,26,1
4,94,2,2,"2,3",2MP:16;2MS:2;3MP:2;3MS:3,1,1,two_verbs,0,1,1,0,1,0,1,1,3->2,7,0,,23,62,1
4,95,3,3,3,3MP:4;3MS:4,0,0,,0,0,1,0,0,0,1,1,2->3,0,0,judgment,8,53,1
4,96,3,3,3,3MS:2,0,0,,0,0,1,0,0,0,0,0,,0,0,mercy,2,12,1
4,97,3,3,"1,2,3",1P:2;2MP:4;3FS:3;3MP:9;3MS:1,2,1,two_verbs,1,1,1,1,1,1,0,0,,6,1,"judgment,creation",19,44,1
4,98,3,3,3,3MP:4,0,0,,0,0,1,0,0,0,0,0,,0,0,,4,21,1
4,99,3,3,3,3MP:1;3MS:3,0,0,,0,0,1,0,0,0,0,0,,0,0,mercy,4,13,1
4,100,3,3,3,3MS:10,0,0,,0,0,1,0,0,0,0,0,,0,0,"judgment,mercy,revelation,creation",10,43,1
4,101,2,2,"2,3",2MP:9;3MP:4;3MS:2,1,1,two_verbs,0,1,1,0,1,0,1,1,3->2,3,0,prayer,15,36,1
4,102,3,3,"2,3",2MP:16;2MS:6;3FS:2;3MP:22;3MS:3,1,1,two_verbs,0,1,1,0,1,0,1,1,2->3,5,0,"judgment,prayer",49,115,1
4,103,2,2,"2,3",2MP:9;3FS:1,1,1,two_verbs,0,1,1,0,1,0,1,1,3->2,1,0,prayer,10,35,1
4,104,2,2,"2,3",2MP:10;3MP:5;3MS:1,1,1,two_verbs,0,1,1,0,1,0,0,0,,3,0,,16,36,1
4,105,1,1,"1,2,3",1P:3;1S:1;2MS:3;3FS:1,2,1,two_verbs,1,1,1,1,1,1,1,1,2->1,3,0,revelation,8,28,1
4,106,2,2,"2,3",2MS:1;3MS:1,1,1,two_verbs,0,1,1,0,1,0,1,1,1->2,1,0,mercy,2,8,1
4,107,3,3,"2,3",2MS:1;3MP:3;3MS:2,1,1,two_verbs,0,1,1,0,1,0,1,1,2->3,1,0,,6,17,1
4,108,3,3,3,3MP:9;3MS:3,0,0,,0,0,1,0,0,0,0,0,,0,0,,12,32,1
4,109,3,3,"2,3",2MP:3;3MP:3;3MS:2,1,1,two_verbs,0,1,1,0,1,0,0,0,,1,0,judgment,8,27,1
4,110,3,3,3,3MS:5,0,0,,0,0,1,0,0,0,0,0,,0,0,mercy,5,15,1
4,111,3,3,3,3MS:5,0,0,,0,0,1,0,0,0,0,0,,0,0,,5,17,1
4,112,3,3,3,3MS:4,0,0,,0,0,1,0,0,0,0,0,,0,0,,4,18,1
4,113,3,3,"2,3",2MS:7;3FS:2;3MP:8;3MS:4,1,1,two_verbs,0,1,1,0,1,0,0,0,,2,0,"mercy,revelation",21,56,1
4,114,3,3,"1,3",1P:1;3MP:1;3MS:3,1,1,two_verbs,1,0,1,0,0,1,0,0,,1,0,judgment,5,32,1
4,115,3,3,"1,3",1P:2;3FS:1;3MS:7,1,1,two_verbs,1,0,1,0,0,1,0,0,,4,0,"judgment,revelation",10,30,1
4,116,3,3,3,3MS:7,0,0,,0,0,1,0,0,0,0,0,,0,0,"oneness,mercy",7,26,1
4,117,3,3,3,3MP:4;3MS:1,0,0,,0,0,1,0,0,0,0,0,,0,0,,5,15,1
4,118,3,3,"1,2,3",1S:1;2MS:1;3MS:3,2,1,two_verbs,1,1,1,1,1,1,0,0,,1,1,,5,13,1
4,119,3,3,"1,3",1S:4;3MP:6;3MS:2,1,1,two_verbs,1,0,1,0,0,1,0,0,,3,0,,12,47,1
4,120,3,3,3,3MP:3;3MS:3,0,0,,0,0,1,0,0,0,0,0,,0,0,,6,13,1
4,121,3,3,3,3FS:1;3MP:3,0,0,,0,0,1,0,0,0,0,0,,0,0,judgment,4,11,1
4,122,3,3,"1,3",1P:1;3FS:3;3MP:5,1,1,two_verbs,1,0,1,0,0,1,0,0,,2,0,,9,32,1
4,123,3,3,"2,3",2MP:1;3MS:6,1,0,,0,1,1,0,1,0,0,0,,0,0,"judgment,revelation",7,28,1
4,124,3,3,3,3MP:4;3MS:2,0,0,,0,0,1,0,0,0,0,0,,0,0,judgment,6,24,1
4,125,3,3,3,3MS:5,0,0,,0,0,1,0,0,0,0,0,,0,0,prophets,5,24,1
4,126,3,3,3,3MS:1,0,0,,0,0,1,0,0,0,0,0,,0,0,creation,1,19,1
4,127,2,2,"2,3",2MP:12;2MS:2;3FP:4;3MP:2;3MS:5,1,1,two_verbs,0,1,1,0,1,0,1,1,3->2,6,0,revelation,25,70,1
4,128,3,3,"2,3",2MP:6;3D:2;3FS:3;3MD:2;3MS:1,1,1,two_verbs,0,1,1,0,1,0,1,1,2->3,3,0,,14,47,1
4,129,2,2,"2,3",2MP:14;3FS:1;3MS:1,1,1,two_verbs,0,1,1,0,1,0,1,1,3->2,1,0,mercy,16,41,1
4,130,3,3,3,3MD:2;3MS:3,0,0,,0,0,1,0,0,0,1,1,2->3,0,0,law,5,15,1
4,131,2,2,"1,2,3",1P:2;2MP:6;3MP:2;3MS:1,2,1,two_verbs,1,1,1,1,1,1,1,1,3->2,3,0,"revelation,creation",11,53,1
4,132,3,3,3,3MS:1,0,0,,0,0,1,0,0,0,1,1,2->3,0,0,creation,1,17,1
4,133,3,3,"2,3",2MP:1;3MS:4,1,0,,0,1,1,0,1,0,0,0,,0,0,,5,17,1
4,134,3,3,3,3MS:3,0,0,,0,0,1,0,0,0,0,0,,0,0,judgment,3,20,1
4,135,2,2,"2,3",2MP:13;3D:1;3MP:2;3MS:2,1,1,two_verbs,0,1,1,0,1,0,1,1,3->2,5,0,,18,60,1
4,136,3,3,"2,3",2MP:2;3MP:2;3MS:9,1,1,two_verbs,0,1,1,0,1,0,1,1,2->3,2,0,revelation,13,51,1
4,137,3,3,3,3MP:12;3MS:3,0,0,,0,0,1,0,0,0,0,0,,0,0,mercy,15,30,1
4,138,2,2,"2,3",2MS:1;3MP:1,1,1,verb_plus_indep_pron,0,1,1,0,1,0,1,1,3->2,0,0,judgment,2,9,1
4,139,3,3,3,3MP:5,0,0,,0,0,1,0,0,0,1,1,2->3,0,0,,5,24,1
4,140,3,3,"2,3",2MP:6;3FS:2;3MP:4;3MS:4,1,1,two_verbs,0,1,1,0,1,0,0,0,,4,0,"judgment,revelation",16,50,1
4,141,3,3,"1,2,3",1P:3;2MP:6;3MP:6;3MS:4,2,1,two_verbs,1,1,1,1,1,1,0,0,,4,0,judgment,19,59,1
4,142,3,3,3,3MP:11;3MS:1,0,0,,0,0,1,0,0,0,0,0,,0,0,prayer,12,31,1
4,143,3,3,"2,3",2MS:1;3MS:2,1,1,two_verbs,0,1,1,0,1,0,0,0,,1,0,,3,20,1
4,144,2,2,"2,3",2MP:7;3MP:2,1,1,two_verbs,0,1,1,0,1,0,1,1,3->2,1,0,,9,27,1
4,145,2,2,"2,3",2MS:1;3MP:1,1,1,verb_plus_indep_pron,0,1,1,0,1,0,0,0,,0,0,judgment,2,17,1
4,146,3,3,3,3MP:9;3MS:1,0,0,,0,0,1,0,0,0,1,1,2->3,0,0,"judgment,prayer",10,32,1
4,147,2,2,"2,3",2MP:5;3MS:2,1,1,two_verbs,0,1,1,0,1,0,1,1,3->2,2,0,judgment,7,17,1
4,148,3,3,3,3MS:3,0,0,,0,0,1,0,0,0,1,1,2->3,0,0,,3,19,1
4,149,2,2,"2,3",2MP:6;3MS:2,1,1,two_verbs,0,1,1,0,1,0,1,1,3->2,1,0,,8,19,1
4,150,3,3,"1,3",1P:2;3MP:12;3MS:2,1,1,two_verbs,1,0,1,0,0,1,1,1,2->3,2,0,,16,39,1
4,151,1,1,"1,3",1P:2;3MP:1,1,1,verb_plus_indep_pron,1,0,1,0,0,1,1,1,3->1,0,0,judgment,3,13,1
4,152,3,3,3,3MP:7;3MS:3,0,0,,0,0,1,0,0,0,1,1,1->3,0,0,mercy,10,28,1
4,153,3,3,"1,2,3",1P:5;2MS:3;3FS:2;3MP:10;3MS:1,2,1,two_verbs,1,1,1,1,1,1,0,0,,5,1,"revelation,prophets",21,59,1
4,154,1,1,"1,2,3",1P:8;2MP:4;3MP:5,2,1,two_verbs,1,1,1,1,1,1,1,1,3->1,4,1,,17,38,1
4,155,3,3,"1,3",1P:1;3FS:1;3MP:8;3MS:1,1,0,,1,0,1,0,0,1,1,1,1->3,0,0,revelation,11,41,1
4,156,3,3,3,3MP:2,0,0,,0,0,1,0,0,0,0,0,,0,0,,2,11,0
4,157,3,3,"1,3",1P:3;3MP:11;3MS:7,1,1,two_verbs,1,0,1,0,0,1,0,0,,1,0,"revelation,prophets",21,58,1
4,158,3,3,3,3MS:4,0,0,,0,0,1,0,0,0,0,0,,0,0,,4,11,1
4,159,3,3,3,3MP:1;3MS:4,0,0,,0,0,1,0,0,0,0,0,,0,0,"judgment,revelation,law,prophets",5,23,1
4,160,3,3,"1,3",1P:2;3FS:1;3MP:5,1,1,two_verbs,1,0,1,0,0,1,0,0,,2,0,law,8,23,1
4,161,3,3,"1,3",1P:2;3MP:5;3MS:1,1,1,two_verbs,1,0,1,0,0,1,0,0,,1,0,"judgment,law",8,30,1
4,162,3,3,"1,2,3",1P:1;2MS:2;3MP:4;3MS:2,2,1,two_verbs,1,1,1,1,1,1,0,0,,1,0,"judgment,revelation,law,prayer",9,50,1
4,163,1,1,"1,2,3",1P:9;2MS:1;3MS:1,2,0,,1,1,1,1,1,1,1,1,3->1,0,0,"revelation,prophets",11,47,1
4,164,1,1,"1,2,3",1P:3;2MS:2;3MP:2;3MS:1,2,1,two_verbs,1,1,1,1,1,1,0,0,,1,0,prophets,8,22,1
4,165,3,3,3,3MS:2,0,0,,0,0,1,0,0,0,1,1,1->3,0,0,,2,21,1
4,166,3,3,"2,3",2MS:1;3MP:2;3MS:6,1,0,,0,1,1,0,1,0,0,0,,0,0,"revelation,law",9,23,1
4,167,3,3,3,3MP:6,0,0,,0,0,1,0,0,0,0,0,,0,0,,6,15,1
4,168,3,3,3,3MP:6;3MS:3,0,0,,0,0,1,0,0,0,0,0,,0,0,mercy,9,20,1
4,169,3,3,3,3FS:1;3MS:1,0,0,,0,0,1,0,0,0,0,0,,0,0,judgment,2,13,1
4,170,2,2,"2,3",2MP:7;3MS:2,1,1,two_verbs,0,1,1,0,1,0,1,1,3->2,2,0,"revelation,creation",9,41,1
4,171,2,2,"2,3",2D:2;2MP:10;3FS:1;3MS:9,1,1,two_verbs,0,1,1,0,1,0,0,0,,3,0,"oneness,revelation,creation,prophets",22,85,1
4,172,3,3,3,3MP:1;3MS:7,0,0,,0,0,1,0,0,0,1,1,2->3,0,0,,8,30,1
4,173,3,3,3,3MP:15;3MS:4,0,0,,0,0,1,0,0,0,0,0,,0,0,judgment,19,47,1
4,174,2,2,"1,2,3",1P:2;2MP:3;3MS:1,2,1,two_verbs,1,1,1,1,1,1,1,1,3->2,1,0,revelation,6,18,1
4,175,3,3,3,3MP:6;3MS:5,0,0,,0,0,1,0,0,0,1,1,2->3,0,0,"mercy,prayer",11,29,1
4,176,3,3,"2,3",2MP:4;2MS:2;3D:1;3FD:2;3FS:3;3MP:4;3MS:11,1,1,two_verbs,0,1,1,0,1,0,0,0,,3,0,,27,79,1
5,1,3,3,"2,3",2MP:5;3FS:1;3MP:2;3MS:3,1,1,two_verbs,0,1,1,0,1,0,0,0,,2,0,law,11,33,1
5,2,2,2,"2,3",2MP:16;3MP:7;3MS:1,1,1,two_verbs,0,1,1,0,1,0,1,1,3->2,5,0,,24,93,1
5,3,2,2,"1,2,3",1S:8;2MP:14;3FS:1;3MP:3;3MS:6,2,1,two_verbs,1,1,1,1,1,1,0,0,,7,0,mercy,32,111,1
5,4,2,2,"2,3",2MP:13;2MS:2;3FP:3;3MP:3;3MS:4,1,1,two_verbs,0,1,1,0,1,0,0,0,,7,0,law,25,54,1
5,5,3,3,"2,3",2MP:6;3FP:2;3MP:5;3MS:5,1,1,two_verbs,0,1,1,0,1,0,1,1,2->3,2,0,"revelation,law",18,73,1
5,6,2,2,"2,3",2MP:33;3MP:2;3MS:8,1,1,two_verbs,0,1,1,0,1,0,1,1,3->2,5,0,"creation,prayer",43,110,1
5,7,2,2,"1,2,3",1P:4;2MP:8;3MS:3,2,1,two_verbs,1,1,1,1,1,1,0,0,,4,1,,15,34,1
5,8,2,2,"2,3",2MP:11;3MP:2;3MS:2,1,1,two_verbs,0,1,1,0,1,0,0,0,,3,0,,15,44,1
5,9,3,3,3,3MP:5;3MS:1,0,0,,0,0,1,0,0,0,1,1,2->3,0,0,judgment,6,16,1
5,10,3,3,"1,3",1P:1;3MP:4,1,0,,1,0,1,0,0,1,0,0,,0,0,revelation,5,14,1
5,11,3,3,"2,3",2MP:7;3MP:6;3MS:3,1,1,two_verbs,0,1,1,0,1,0,0,0,,4,0,,16,39,1
5,12,2,2,"1,2,3",1P:2;1S:4;2MP:15;3FS:2;3MP:2;3MS:4,2,1,two_verbs,1,1,1,1,1,1,1,1,3->2,5,1,"law,prayer,prophets",29,82,1
5,13,3,3,"1,2,3",1P:4;2MS:4;3MP:13;3MS:3,2,1,two_verbs,1,1,1,1,1,1,1,1,2->3,3,0,,24,56,1
5,14,3,3,"1,3",1P:5;3MP:13;3MS:2,1,1,two_verbs,1,0,1,0,0,1,0,0,,4,0,judgment,20,47,1
5,15,2,2,"1,2,3",1P:1;2MP:7;3MS:4,2,1,two_verbs,1,1,1,1,1,1,1,1,3->2,2,0,revelation,12,35,1
5,16,3,3,3,3MP:2;3MS:7,0,0,,0,0,1,0,0,0,1,1,2->3,0,0,,9,29,1
5,17,3,3,"2,3",2MS:1;3D:1;3MP:2;3MS:8,1,1,two_verbs,0,1,1,0,1,0,0,0,,2,0,creation,12,59,1
5,18,3,3,"1,2,3",1P:1;2MP:3;2MS:1;3D:1;3FS:1;3MS:8,2,1,two_verbs,1,1,1,1,1,1,0,0,,2,0,creation,15,54,1
5,19,3,3,"1,2,3",1P:2;2MP:5;3MS:4,2,1,two_verbs,1,1,1,1,1,1,0,0,,2,0,revelation,11,41,1
5,20,3,3,"1,2,3",1S:1;2MP:6;3MS:6,2,1,two_verbs,1,1,1,1,1,1,0,0,,2,1,prophets,13,35,1
5,21,2,2,"1,2,3",1S:1;2MP:8;3MS:1,2,1,two_verbs,1,1,1,1,1,1,1,1,3->2,2,0,,10,25,1
5,22,3,3,"1,3",1P:3;3FS:4;3MP:6,1,1,two_verbs,1,0,1,0,0,1,1,1,2->3,2,1,prophets,13,30,1
5,23,2,2,"2,3",2MP:9;3D:1;3MP:3;3MS:3,1,1,two_verbs,0,1,1,0,1,0,1,1,3->2,1,0,,16,35,1
5,24,3,3,"1,2,3",1P:3;2MD:2;2MS:3;3FS:2;3MP:4,2,1,two_verbs,1,1,1,1,1,1,1,1,2->3,3,1,prophets,14,29,1
5,25,1,1,"1,2,3",1P:1;1S:5;2MS:1;3MS:1,2,1,two_verbs,1,1,1,1,1,1,1,1,3->1,2,1,prophets,8,23,1
5,26,3,3,"2,3",2MS:1;3FS:1;3MP:3;3MS:1,1,1,two_verbs,0,1,1,0,1,0,1,1,1->3,1,1,law,6,22,1
5,27,3,3,"1,2,3",1S:1;2MS:2;3MD:3;3MP:1;3MS:5,2,1,two_verbs,1,1,1,1,1,1,0,0,,3,0,revelation,12,38,1
5,28,1,1,"1,2",1S:7;2MS:6,1,1,two_verbs,1,1,0,1,0,0,1,1,3->1,1,0,,13,29,1
5,29,2,2,"1,2",1S:3;2MS:3,1,1,two_verbs,1,1,0,1,0,0,1,1,1->2,1,0,judgment,6,22,1
5,30,3,3,3,3FS:1;3MS:6,0,0,,0,0,1,0,0,0,1,1,2->3,0,0,,7,17,1
5,31,3,3,"1,3",1S:6;3MS:8,1,1,two_verbs,1,0,1,0,0,1,0,0,,2,1,,14,39,1
5,32,3,3,"1,3",1P:3;3FS:2;3MP:2;3MS:5,1,1,two_verbs,1,0,1,0,0,1,0,0,,1,0,prophets,12,61,1
5,33,3,3,3,3FS:1;3MP:14;3MS:1,0,0,,0,0,1,0,0,0,0,0,,0,0,"judgment,revelation,creation",16,53,1
5,34,2,2,"2,3",2MP:4;3MP:3,1,1,two_verbs,0,1,1,0,1,0,1,1,3->2,1,0,mercy,7,18,1
5,35,2,2,"2,3",2MP:9;3MP:2;3MS:2,1,1,two_verbs,0,1,1,0,1,0,0,0,,1,0,,13,25,1
5,36,3,3,3,3MP:7;3MS:4,0,0,,0,0,1,0,0,0,1,1,2->3,0,0,"judgment,creation",11,37,1
5,37,3,3,3,3FS:1;3MP:6,0,0,,0,0,1,0,0,0,0,0,,0,0,judgment,7,20,1
5,38,3,3,"2,3",2MP:2;3MD:3,1,1,two_verbs,0,1,1,0,1,0,0,0,,1,0,judgment,5,23,1
5,39,3,3,3,3MS:5,0,0,,0,0,1,0,0,0,0,0,,0,0,mercy,5,19,1
5,40,3,3,"2,3",2MS:1;3MS:5,1,1,two_verbs,0,1,1,0,1,0,0,0,,1,0,creation,6,27,1
5,41,3,3,"1,2,3",1P:2;2MP:8;2MS:3;3FS:1;3MP:17;3MS:9,2,1,two_verbs,1,1,1,1,1,1,0,0,,6,0,"judgment,revelation",40,108,1
5,42,2,2,"2,3",2MS:8;3MP:8;3MS:1,1,1,two_verbs,0,1,1,0,1,0,1,1,3->2,4,0,law,17,48,1
5,43,3,3,"2,3",2MS:1;3FS:1;3MP:5,1,0,,0,1,1,0,1,0,1,1,2->3,0,0,,7,26,1
5,44,3,3,"1,2,3",1P:3;1S:2;2MP:6;3FS:2;3MP:9;3MS:4,2,1,two_verbs,1,1,1,1,1,1,0,0,,3,0,revelation,26,74,1
5,45,3,3,"1,3",1P:2;3FS:1;3MP:2;3MS:6,1,1,two_verbs,1,0,1,0,0,1,0,0,,1,0,revelation,11,64,1
5,46,1,1,"1,3",1P:4;3MP:1;3MS:4,1,0,,1,0,1,0,0,1,1,1,3->1,0,0,prophets,9,47,1
5,47,3,3,3,3MP:1;3MS:5,0,0,,0,0,1,0,0,0,1,1,1->3,0,0,revelation,6,25,1
5,48,2,2,"1,2,3",1P:4;2MP:12;2MS:4;3MP:2;3MS:10,2,1,two_verbs,1,1,1,1,1,1,1,1,3->2,9,0,"revelation,law",32,91,1
5,49,3,3,"2,3",2MS:6;3MP:9;3MS:4,1,1,two_verbs,0,1,1,0,1,0,1,1,2->3,5,0,revelation,19,53,1
5,50,3,3,3,3MP:4,0,0,,0,0,1,0,0,0,0,0,,0,0,,4,17,1
5,51,3,3,"2,3",2MP:3;3MP:5;3MS:3,1,1,two_verbs,0,1,1,0,1,0,0,0,,2,0,,11,37,1
5,52,3,3,"1,2,3",1P:2;2MS:1;3FS:1;3MP:11;3MS:3,2,1,two_verbs,1,1,1,1,1,1,0,0,,3,0,,18,42,1
5,53,3,3,"2,3",2MP:1;3FS:1;3MP:9;3MS:1,1,0,,0,1,1,0,1,0,0,0,,0,1,,12,27,1
5,54,3,3,"2,3",2MP:1;3MP:9;3MS:8,1,0,,0,1,1,0,1,0,0,0,,0,0,,18,54,1
5,55,3,3,"2,3",2MP:1;3MP:7;3MS:1,1,0,,0,1,1,0,1,0,0,0,,0,0,"revelation,law,prayer",9,25,1
5,56,3,3,3,3MP:3;3MS:2,0,0,,0,0,1,0,0,0,0,0,,0,0,revelation,5,18,1
5,57,2,2,"2,3",2MP:8;3MP:6,1,1,two_verbs,0,1,1,0,1,0,1,1,3->2,3,0,revelation,14,37,1
5,58,3,3,"2,3",2MP:2;3FS:1;3MP:5,1,1,two_verbs,0,1,1,0,1,0,1,1,2->3,1,0,prayer,8,21,1
5,59,2,2,"1,2,3",1P:4;2MP:3;2MS:1;3MS:2,2,1,two_verbs,1,1,1,1,1,1,1,1,3->2,2,0,revelation,10,31,1
5,60,3,3,"1,2,3",1S:1;2MP:1;2MS:1;3MP:1;3MS:6,2,1,two_verbs,1,1,1,1,1,1,1,1,2->3,2,0,,10,41,1
5,61,3,3,"1,2,3",1P:2;2MP:1;3MP:13;3MS:1,2,1,two_verbs,1,1,1,1,1,1,0,0,,2,0,,17,32,1
5,62,3,3,"2,3",2MS:1;3MP:8;3MS:1,1,1,two_verbs,0,1,1,0,1,0,0,0,,1,0,law,10,25,1
5,63,3,3,3,3MP:7;3MS:2,0,0,,0,0,1,0,0,0,0,0,,0,0,law,9,25,1
5,64,3,3,"1,2,3",1P:2;2MS:2;3FS:3;3MP:11;3MS:7,2,1,two_verbs,1,1,1,1,1,1,0,0,,2,0,"judgment,revelation",25,78,1
5,65,3,3,"1,3",1P:4;3MP:7,1,1,two_verbs,1,0,1,0,0,1,0,0,,1,0,revelation,11,26,1
5,66,3,3,3,3MP:13;3MS:2,0,0,,0,0,1,0,0,0,0,0,,0,0,revelation,15,42,1
5,67,2,2,"2,3",2MS:7;3MS:4,1,1,two_verbs,0,1,1,0,1,0,1,1,3->2,3,0,revelation,11,37,1
5,68,2,2,"2,3",2MP:6;2MS:4;3MP:1;3MS:3,1,1,two_verbs,0,1,1,0,1,0,0,0,,2,0,revelation,14,50,1
5,69,3,3,3,3MP:8;3MS:2,0,0,,0,0,1,0,0,0,1,1,2->3,0,0,,10,36,1
5,70,3,3,"1,3",1P:4;3FS:1;3MP:7;3MS:1,1,1,two_verbs,1,0,1,0,0,1,0,0,,1,0,"revelation,prophets",13,30,1
5,71,3,3,3,3FS:1;3MP:14;3MS:1,0,0,,0,0,1,0,0,0,0,0,,0,0,judgment,16,34,1
5,72,3,3,"1,2,3",1S:1;2MP:3;3MP:2;3MS:8,2,1,two_verbs,1,1,1,1,1,1,0,0,,2,1,"oneness,judgment,law,prophets",14,54,1
5,73,3,3,3,3MP:9;3MS:2,0,0,,0,0,1,0,0,0,0,0,,0,0,"oneness,judgment",11,36,1
5,74,3,3,3,3MP:4;3MS:1,0,0,,0,0,1,0,0,0,0,0,,0,0,mercy,5,15,1
5,75,3,3,"1,2,3",1P:1;2MS:2;3FS:1;3MD:4;3MP:3;3MS:2,2,1,two_verbs,1,1,1,1,1,1,0,0,,4,0,revelation,13,36,1
5,76,2,2,"2,3",2MP:3;2MS:1;3MS:2,1,1,two_verbs,0,1,1,0,1,0,1,1,3->2,1,0,,6,23,1
5,77,2,2,"2,3",2D:2;2MP:3;2MS:1;3MP:6,1,1,two_verbs,0,1,1,0,1,0,0,0,,1,0,revelation,12,36,1
5,78,3,3,3,3MP:8;3MS:1,0,0,,0,0,1,0,0,0,1,1,2->3,0,0,prophets,9,24,1
5,79,3,3,3,3MP:10;3MS:2,0,0,,0,0,1,0,0,0,0,0,,0,0,,12,17,1
5,80,3,3,"2,3",2MS:1;3FS:1;3MP:9;3MS:2,1,1,two_verbs,0,1,1,0,1,0,0,0,,1,0,judgment,13,28,1
5,81,3,3,3,3MP:8;3MS:2,0,0,,0,0,1,0,0,0,0,0,,0,0,revelation,10,27,1
5,82,3,3,"1,2,3",1P:1;2MS:2;3MP:13,2,1,two_verbs,1,1,1,1,1,1,0,0,,3,0,,16,48,1
5,83,3,3,"1,2,3",1P:4;2MS:2;3FS:1;3MP:7;3MS:1,2,1,two_verbs,1,1,1,1,1,1,0,0,,4,0,revelation,15,35,1
5,84,1,1,"1,3",1P:6;3MS:2,1,1,two_verbs,1,0,1,0,0,1,1,1,3->1,3,0,judgment,8,27,1
5,85,3,3,3,3FS:3;3MP:3;3MS:1,0,0,,0,0,1,0,0,0,1,1,1->3,0,1,judgment,7,23,1
5,86,3,3,"1,3",1P:1;3MP:4,1,0,,1,0,1,0,0,1,0,0,,0,0,revelation,5,14,1
5,87,2,2,"2,3",2MP:5;3MP:2;3MS:2,1,1,two_verbs,0,1,1,0,1,0,1,1,3->2,4,0,law,9,24,1
5,88,2,2,"2,3",2MP:6;3MS:2,1,1,two_verbs,0,1,1,0,1,0,0,0,,2,0,law,8,19,1
5,89,2,2,"2,3",2MP:18;3MP:1;3MS:6,1,1,two_verbs,0,1,1,0,1,0,0,0,,5,0,prayer,25,71,1
5,90,2,2,"2,3",2MP:5;3MP:2;3MS:1,1,1,two_verbs,0,1,1,0,1,0,0,0,,1,0,,8,31,1
5,91,3,3,"2,3",2MP:3;3MS:3,1,1,verb_plus_indep_pron,0,1,1,0,1,0,1,1,2->3,0,0,prayer,6,34,1
5,92,2,2,"1,2",1P:1;2MP:10,1,0,,1,1,0,1,0,0,1,1,3->2,0,0,revelation,11,28,1
5,93,3,3,3,3MP:20;3MS:2,0,0,,0,0,1,0,0,0,1,1,2->3,0,0,,22,44,1
5,94,3,3,"2,3",2MP:3;3FS:1;3MP:2;3MS:7,1,0,,0,1,1,0,1,0,0,0,,0,0,judgment,13,41,1
5,95,3,3,"2,3",2MP:5;3MP:2;3MS:12,1,1,two_verbs,0,1,1,0,1,0,0,0,,2,0,,19,70,1
5,96,2,2,"2,3",2MP:9;3MS:4,1,1,two_verbs,0,1,1,0,1,0,1,1,3->2,1,0,law,13,36,1
5,97,3,3,"2,3",2MP:2;3MS:2,1,1,two_verbs,0,1,1,0,1,0,1,1,2->3,2,0,creation,4,46,1
5,98,2,2,2,2MP:2,0,0,,0,1,0,0,0,0,1,1,3->2,0,0,mercy,2,12,1
5,99,2,2,"2,3",2MP:4;3MS:1,1,1,two_verbs,0,1,1,0,1,0,0,0,,1,0,revelation,5,17,1
5,100,2,2,"2,3",2MP:5;2MS:2;3MS:2,1,1,two_verbs,0,1,1,0,1,0,0,0,,2,0,,9,27,1
5,101,3,3,"2,3",2MP:7;3FS:5;3MP:2;3MS:2,1,1,two_verbs,0,1,1,0,1,0,1,1,2->3,4,0,"mercy,revelation",16,37,1
5,102,3,3,"2,3",2MP:1;3FS:2;3MP:2;3MS:1,1,0,,0,1,1,0,1,0,0,0,,0,0,,6,13,1
5,103,3,3,3,3MP:7;3MS:1,0,0,,0,0,1,0,0,0,0,0,,0,0,,8,31,1
5,104,3,3,"1,2,3",1P:4;2MP:2;3MP:8;3MS:4,2,1,two_verbs,1,1,1,1,1,1,0,0,,4,1,revelation,18,40,1
5,105,2,2,"2,3",2MP:11;3MP:2;3MS:3,1,1,two_verbs,0,1,1,0,1,0,1,1,3->2,3,0,,16,31,1
5,106,2,2,"1,2,3",1P:3;2MP:12;3D:1;3FS:1;3MD:2;3MP:2;3MS:3,2,1,two_verbs,1,1,1,1,1,1,0,0,,8,0,prayer,24,77,1
5,107,3,3,"1,3",1P:4;3D:1;3MD:8;3MP:1;3MS:2,1,1,two_verbs,1,0,1,0,0,1,1,1,2->3,1,0,law,16,45,1
5,108,3,3,"2,3",2MP:4;3FS:2;3MP:5;3MS:1,1,1,two_verbs,0,1,1,0,1,0,0,0,,2,0,,12,35,1
5,109,3,3,"1,2,3",1P:1;2MP:2;2MS:2;3MP:2;3MS:2,2,1,two_verbs,1,1,1,1,1,1,0,0,,2,1,,9,22,1
5,110,2,2,"1,2,3",1S:11;2MS:13;3FS:2;3MP:4;3MS:2,2,1,two_verbs,1,1,1,1,1,1,1,1,3->2,10,1,prophets,32,116,1
5,111,1,1,"1,2,3",1P:3;1S:4;2MP:2;2MS:1;3MP:2,2,1,two_verbs,1,1,1,1,1,1,1,1,2->1,4,1,"revelation,law,prophets",12,26,1
5,112,3,3,"1,2,3",1P:1;2MP:4;2MS:1;3MS:4,2,1,two_verbs,1,1,1,1,1,1,1,1,1->3,1,1,"revelation,prophets",10,28,1
5,113,1,1,"1,2,3",1P:6;2MS:2;3FS:3;3MP:2,2,1,two_verbs,1,1,1,1,1,1,1,1,3->1,5,1,,13,25,1
5,114,2,2,"1,2,3",1P:6;2MS:4;3FS:1;3MS:1,2,1,two_verbs,1,1,1,1,1,1,1,1,1->2,3,0,"revelation,prophets",12,37,1
5,115,3,3,"1,2,3",1S:4;2MP:2;3FS:1;3MS:4,2,1,two_verbs,1,1,1,1,1,1,1,1,2->3,1,1,judgment,11,27,1
5,116,2,2,"1,2,3",1S:11;2MP:2;2MS:10;3MS:6,2,1,two_verbs,1,1,1,1,1,1,1,1,3->2,7,1,prophets,29,69,1
5,117,2,2,"1,2,3",1S:9;2MP:3;2MS:8;3MP:4;3MS:1,2,1,two_verbs,1,1,1,1,1,1,0,0,,3,1,law,25,50,1
5,118,2,2,"2,3",2MS:5;3MP:3,1,1,verb_plus_indep_pron,0,1,1,0,1,0,0,0,,0,0,mercy,8,21,1
5,119,3,3,3,3FS:3;3MP:5;3MS:4,0,0,,0,0,1,0,0,0,1,1,2->3,0,1,judgment,12,36,1
5,120,3,3,3,3FP:1;3MS:1,0,0,,0,0,1,0,0,0,0,0,,0,0,creation,2,18,0
6,1,3,3,3,3MP:5;3MS:2,0,0,,0,0,1,0,0,0,0,0,,0,0,creation,7,27,1
6,2,3,3,"2,3",2MP:4;3MS:4,1,1,two_verbs,0,1,1,0,1,0,0,0,,1,0,creation,8,18,1
6,3,2,2,"2,3",2MP:4;3MS:3,1,1,two_verbs,0,1,1,0,1,0,1,1,3->2,1,0,creation,7,21,1
6,4,3,3,3,3FS:2;3MP:4,0,0,,0,0,1,0,0,0,1,1,2->3,0,0,revelation,6,16,1
6,5,3,3,3,3MP:8;3MS:3,0,0,,0,0,1,0,0,0,0,0,,0,0,,11,22,1
6,6,1,1,"1,2,3",1P:13;2MP:1;3FS:1;3MP:9,2,1,two_verbs,1,1,1,1,1,1,1,1,3->1,3,0,creation,24,55,1
6,7,3,3,"1,2,3",1P:2;2MS:1;3MP:5;3MS:2,2,1,two_verbs,1,1,1,1,1,1,1,1,1->3,1,0,revelation,10,26,1
6,8,3,3,"1,3",1P:2;3MP:4;3MS:3,1,1,two_verbs,1,0,1,0,0,1,0,0,,2,0,revelation,9,21,1
6,9,1,1,"1,3",1P:6;3MP:3;3MS:2,1,1,two_verbs,1,0,1,0,0,1,1,1,3->1,1,0,,11,20,1
6,10,3,3,"2,3",2MS:1;3MP:7;3MS:3,1,0,,0,1,1,0,1,0,1,1,1->3,0,0,,11,24,1
6,11,2,2,"2,3",2MP:4;2MS:1;3MS:1,1,1,two_verbs,0,1,1,0,1,0,1,1,3->2,1,0,,6,14,1
6,12,3,3,"2,3",2MP:1;2MS:2;3MP:6;3MS:4,1,1,two_verbs,0,1,1,0,1,0,1,1,2->3,1,0,"judgment,mercy,creation",13,41,1
6,13,3,3,3,3MS:3,0,0,,0,0,1,0,0,0,0,0,,0,0,,3,17,1
6,14,1,1,"1,2,3",1S:5;2MS:3;3MS:4,2,1,two_verbs,1,1,1,1,1,1,1,1,3->1,6,0,creation,12,35,1
6,15,1,1,"1,2",1S:5;2MS:1,1,1,two_verbs,1,1,0,1,0,0,0,0,,1,0,judgment,6,12,1
6,16,3,3,3,3MS:4,0,0,,0,0,1,0,0,0,1,1,1->3,0,0,mercy,4,15,1
6,17,3,3,"2,3",2MS:2;3MS:5,1,0,,0,1,1,0,1,0,0,0,,0,0,oneness,7,26,1
6,18,3,3,3,3MS:3,0,0,,0,0,1,0,0,0,0,0,,0,0,,3,13,0
6,19,2,2,"1,2,3",1S:5;2MP:7;2MS:4;3MS:4,2,1,two_verbs,1,1,1,1,1,1,1,1,3->2,6,0,"oneness,revelation,law",20,56,1
6,20,3,3,"1,3",1P:2;3MP:12;3MS:1,1,1,two_verbs,1,0,1,0,0,1,1,1,2->3,1,0,revelation,15,25,1
6,21,3,3,3,3MS:5,0,0,,0,0,1,0,0,0,0,0,,0,0,,5,20,1
6,22,2,2,"1,2,3",1P:2;2MP:5;3MP:3,2,1,two_verbs,1,1,1,1,1,1,1,1,3->2,2,1,oneness,10,19,1
6,23,3,3,"1,3",1P:3;3FS:1;3MP:3,1,1,two_verbs,1,0,1,0,0,1,1,1,2->3,1,1,,7,17,1
6,24,3,3,"2,3",2MS:1;3MP:8;3MS:1,1,1,two_verbs,0,1,1,0,1,0,0,0,,1,0,,10,16,1
6,25,3,3,"1,2,3",1P:2;2MS:3;3FS:1;3MP:15;3MS:3,2,1,two_verbs,1,1,1,1,1,1,0,0,,2,0,,24,52,1
6,26,3,3,3,3MP:10;3MS:2,0,0,,0,0,1,0,0,0,0,0,,0,0,,12,22,1
6,27,1,1,"1,2,3",1P:5;2MS:1;3MP:4,2,1,two_verbs,1,1,1,1,1,1,1,1,3->1,2,1,"judgment,revelation,creation",10,28,1
6,28,3,3,3,3MP:12;3MS:2,0,0,,0,0,1,0,0,0,1,1,1->3,0,0,law,14,29,1
6,29,3,3,"1,3",1P:2;3FS:1;3MP:2,1,1,verb_plus_indep_pron,1,0,1,0,0,1,0,0,,0,0,,5,15,1
6,30,3,3,"1,2,3",1P:1;2MP:6;2MS:1;3MP:5;3MS:3,2,1,two_verbs,1,1,1,1,1,1,0,0,,2,1,judgment,16,34,1
6,31,3,3,"1,3",1P:3;3FS:2;3MP:12;3MS:2,1,1,two_verbs,1,0,1,0,0,1,0,0,,2,1,judgment,19,40,1
6,32,2,2,"2,3",2MP:2;3MP:2,1,1,two_verbs,0,1,1,0,1,0,1,1,3->2,1,0,,4,26,1
6,33,3,3,"1,2,3",1P:1;2MS:2;3MP:7;3MS:2,2,1,two_verbs,1,1,1,1,1,1,1,1,2->3,1,0,,12,26,1
6,34,3,3,"1,2,3",1P:1;2MS:2;3FS:1;3MP:7;3MS:2,2,0,,1,1,1,1,1,1,0,0,,0,0,,13,38,1
6,35,3,3,"2,3",2MS:6;3MP:3;3MS:4,1,1,two_verbs,0,1,1,0,1,0,0,0,,3,0,creation,13,45,1
6,36,3,3,3,3MP:5;3MS:3,0,0,,0,0,1,0,0,0,0,0,,0,0,judgment,8,17,1
6,37,3,3,"2,3",2MS:1;3MP:5;3MS:4,1,1,two_verbs,0,1,1,0,1,0,0,0,,2,0,revelation,10,26,1
6,38,3,3,"1,2,3",1P:2;2MP:1;3MP:3;3MS:2,2,1,two_verbs,1,1,1,1,1,1,0,0,,2,0,creation,8,32,1
6,39,3,3,"1,3",1P:1;3MP:2;3MS:6,1,0,,1,0,1,0,0,1,0,0,,0,0,,9,26,1
6,40,2,2,"2,3",2MP:7;2MS:3;3FS:1;3MS:1,1,1,two_verbs,0,1,1,0,1,0,1,1,3->2,2,0,judgment,12,24,1
6,41,2,2,"2,3",2MP:8;3MS:4,1,1,two_verbs,0,1,1,0,1,0,0,0,,4,0,,12,19,1
6,42,1,1,"1,2,3",1P:4;2MS:1;3MP:4,2,1,two_verbs,1,1,1,1,1,1,1,1,2->1,1,0,,9,24,1
6,43,3,3,"1,3",1P:1;3FS:1;3MP:9;3MS:2,1,0,,1,0,1,0,0,1,1,1,1->3,0,0,judgment,13,25,1
6,44,3,3,"1,3",1P:4;3MP:11;3MS:1,1,1,two_verbs,1,0,1,0,0,1,0,0,,3,0,,16,32,1
6,45,3,3,3,3MP:2;3MS:1,0,0,,0,0,1,0,0,0,0,0,,0,0,,3,16,1
6,46,2,2,"1,2,3",1P:1;2MP:6;2MS:2;3MP:3;3MS:4,2,1,two_verbs,1,1,1,1,1,1,1,1,3->2,4,0,,16,34,1
6,47,2,2,"2,3",2MP:2;2MS:3;3MS:2,1,1,two_verbs,0,1,1,0,1,0,0,0,,1,0,judgment,7,20,1
6,48,3,3,"1,3",1P:1;3MP:4;3MS:2,1,1,two_verbs,1,0,1,0,0,1,1,1,2->3,1,0,,7,24,1
6,49,3,3,"1,3",1P:1;3MP:7;3MS:1,1,0,,1,0,1,0,0,1,0,0,,0,0,judgment,9,17,1
6,50,1,1,"1,2,3",1S:7;2MP:4;2MS:2;3MS:2,2,1,two_verbs,1,1,1,1,1,1,1,1,3->1,5,0,revelation,15,42,1
6,51,3,3,"2,3",2MS:1;3MP:9;3MS:3,1,1,two_verbs,0,1,1,0,1,0,1,1,1->3,1,0,,13,27,1
6,52,3,3,"2,3",2MS:5;3MP:8;3MS:1,1,1,two_verbs,0,1,1,0,1,0,0,0,,2,0,,14,43,1
6,53,3,3,"1,3",1P:3;3MP:4;3MS:2,1,1,two_verbs,1,0,1,0,0,1,0,0,,1,0,,9,29,1
6,54,3,3,"1,2,3",1P:1;2MP:3;2MS:2;3MP:2;3MS:9,2,1,two_verbs,1,1,1,1,1,1,0,0,,2,0,mercy,17,44,1
6,55,1,1,"1,3",1P:1;3FS:1,1,1,two_verbs,1,0,1,0,0,1,1,1,3->1,1,0,,2,12,1
6,56,1,1,"1,2",1S:8;2MP:3;2MS:2,1,1,two_verbs,1,1,0,1,0,0,0,0,,3,0,law,13,28,1
6,57,2,2,"1,2,3",1S:3;2MP:4;2MS:1;3MS:4,2,1,two_verbs,1,1,1,1,1,1,1,1,1->2,1,0,,12,35,1
6,58,2,2,"1,2,3",1S:2;2MP:3;2MS:1;3MS:2,2,1,two_verbs,1,1,1,1,1,1,0,0,,1,0,,8,25,1
6,59,3,3,3,3FS:3;3MS:5,0,0,,0,0,1,0,0,0,1,1,2->3,0,0,"oneness,creation",8,45,1
6,60,2,2,"2,3",2MP:10;3MS:8,1,1,two_verbs,0,1,1,0,1,0,1,1,3->2,3,0,,18,39,1
6,61,3,3,"1,2,3",1P:1;2MP:2;3FS:1;3MP:3;3MS:5,2,0,,1,1,1,1,1,1,1,1,2->3,0,0,,12,28,1
6,62,3,3,3,3MP:3;3MS:2,0,0,,0,0,1,0,0,0,0,0,,0,0,,5,19,1
6,63,2,2,"1,2,3",1P:2;2MP:3;2MS:1;3MS:3,2,1,two_verbs,1,1,1,1,1,1,1,1,3->2,4,0,,9,29,1
6,64,2,2,"2,3",2MP:4;2MS:1;3FS:1;3MS:1,1,1,two_verbs,0,1,1,0,1,0,0,0,,2,0,,7,14,1
6,65,3,3,"1,2,3",1P:1;2MP:5;2MS:2;3MP:3;3MS:4,2,1,two_verbs,1,1,1,1,1,1,1,1,2->3,4,0,revelation,15,37,1
6,66,2,2,"1,2,3",1S:2;2MP:1;2MS:2;3MS:3,2,1,two_verbs,1,1,1,1,1,1,1,1,3->2,2,0,,8,17,1
6,67,2,2,2,2MP:2,0,0,,0,1,0,0,0,0,0,0,,0,0,,2,8,1
6,68,3,3,"1,2,3",1P:1;2MS:5;3MP:5;3MS:2,2,1,two_verbs,1,1,1,1,1,1,1,1,2->3,4,0,,13,40,1
6,69,3,3,3,3MP:6,0,0,,0,0,1,0,0,0,0,0,,0,0,,6,18,1
6,70,3,3,"2,3",2MS:2;3FS:6;3MP:13;3MS:3,1,1,two_verbs,0,1,1,0,1,0,0,0,,3,0,judgment,24,68,1
6,71,3,3,"1,2,3",1P:10;2MS:3;3FS:1;3MP:2;3MS:7,2,1,two_verbs,1,1,1,1,1,1,0,0,,6,0,creation,23,61,1
6,72,2,2,"2,3",2MP:6;3MS:3,1,1,verb_plus_indep_pron,0,1,1,0,1,0,1,1,3->2,0,0,prayer,9,17,1
6,73,3,3,"2,3",2MS:1;3MS:8,1,1,two_verbs,0,1,1,0,1,0,1,1,2->3,2,0,creation,9,44,1
6,74,2,2,"1,2,3",1S:2;2MS:3;3MS:2,2,1,two_verbs,1,1,1,1,1,1,1,1,3->2,2,1,prophets,7,22,1
6,75,1,1,"1,3",1P:1;3MS:1,1,1,two_verbs,1,0,1,0,0,1,1,1,2->1,1,0,"creation,prophets",2,17,1
6,76,3,3,"1,3",1S:2;3MS:6,1,1,two_verbs,1,0,1,0,0,1,1,1,1->3,1,1,,8,21,1
6,77,3,3,"1,3",1S:4;3MS:5,1,1,two_verbs,1,0,1,0,0,1,0,0,,1,1,creation,9,29,1
6,78,3,3,"1,2,3",1S:3;2MP:2;3FS:1;3MS:3,2,1,two_verbs,1,1,1,1,1,1,0,0,,1,1,creation,9,26,1
6,79,1,1,"1,3",1S:5;3MS:1,1,1,two_verbs,1,0,1,0,0,1,1,1,3->1,1,0,creation,6,21,1
6,80,3,3,"1,2,3",1S:5;2MP:6;3MS:8,2,1,two_verbs,1,1,1,1,1,1,1,1,1->3,6,1,,19,41,1
6,81,2,2,"1,2,3",1S:1;2MP:12;3MS:2,2,1,two_verbs,1,1,1,1,1,1,1,1,3->2,3,0,revelation,15,37,1
6,82,3,3,3,3MP:7,0,0,,0,0,1,0,0,0,1,1,2->3,0,0,,7,19,1
6,83,1,1,"1,2,3",1P:5;2MS:1;3FS:1;3MS:1,2,0,,1,1,1,1,1,1,1,1,3->1,0,0,prophets,8,20,1
6,84,1,1,"1,3",1P:7;3MS:2,1,1,verb_plus_indep_pron,1,0,1,0,0,1,0,0,,0,0,"judgment,prophets",9,38,1
6,85,,3,,,0,0,,0,0,0,0,0,0,1,1,1->3,0,0,prophets,0,12,0
6,86,1,1,1,1P:2,0,0,,1,0,0,0,0,0,1,1,3->1,0,0,prophets,2,16,1
6,87,1,1,"1,3",1P:4;3MP:5,1,0,,1,0,1,0,0,1,0,0,,0,0,,9,21,1
6,88,3,3,3,3MP:7;3MS:5,0,0,,0,0,1,0,0,0,1,1,1->3,0,0,,12,24,1
6,89,3,3,"1,3",1P:4;3FS:3;3MP:3;3MS:1,1,1,two_verbs,1,0,1,0,0,1,0,0,,3,0,revelation,11,32,1
6,90,2,2,"1,2,3",1S:1;2MP:1;2MS:2;3MP:1;3MS:3,2,1,two_verbs,1,1,1,1,1,1,1,1,3->2,2,0,,8,23,1
6,91,2,2,"2,3",2MP:12;2MS:3;3FS:1;3MP:8;3MS:6,1,1,two_verbs,0,1,1,0,1,0,0,0,,4,1,"revelation,prophets",30,67,1
6,92,3,3,"1,2,3",1P:2;2MS:1;3FS:1;3MP:8;3MS:3,2,1,two_verbs,1,1,1,1,1,1,1,1,2->3,2,0,revelation,15,40,1
6,93,2,2,"1,2,3",1S:2;2MP:13;2MS:1;3MP:1;3MS:8,2,1,two_verbs,1,1,1,1,1,1,1,1,3->2,3,0,"judgment,revelation",25,75,1
6,94,2,2,"1,2,3",1P:6;2MP:18;3MP:1;3MS:2,2,1,two_verbs,1,1,1,1,1,1,0,0,,6,1,"oneness,creation",27,53,1
6,95,2,2,"2,3",2MP:2;3MS:1,1,1,two_verbs,0,1,1,0,1,0,0,0,,1,0,,3,27,1
6,96,3,3,3,3MS:1,0,0,,0,0,1,0,0,0,1,1,2->3,0,0,creation,1,21,1
6,97,3,3,"1,2,3",1P:2;2MP:3;3FS:1;3MP:2;3MS:2,2,1,two_verbs,1,1,1,1,1,1,0,0,,3,0,"revelation,creation",10,29,1
6,98,3,3,"1,2,3",1P:2;2MP:1;3MP:2;3MS:2,2,1,two_verbs,1,1,1,1,1,1,0,0,,2,0,revelation,7,21,1
6,99,3,3,"1,2,3",1P:5;2MP:2;3FS:1;3MP:2;3MS:8,2,1,two_verbs,1,1,1,1,1,1,0,0,,3,0,"revelation,creation",18,69,1
6,100,3,3,3,3MP:7;3MS:4,0,0,,0,0,1,0,0,0,0,0,,0,0,"oneness,creation",11,30,1
6,101,3,3,3,3FS:1;3MS:5,0,0,,0,0,1,0,0,0,0,0,,0,0,creation,6,27,1
6,102,2,2,"2,3",2MP:3;3MS:3,1,1,verb_plus_indep_pron,0,1,1,0,1,0,1,1,3->2,0,0,oneness,6,21,1
6,103,3,3,3,3FS:1;3MS:4,0,0,,0,0,1,0,0,0,1,1,2->3,0,0,,5,16,1
6,104,3,3,"1,2,3",1S:1;2MP:3;3FS:1;3MS:4,2,1,verb_plus_indep_pron,1,1,1,1,1,1,0,0,,0,0,,9,27,1
6,105,3,3,"1,2,3",1P:2;2MS:2;3MP:4;3MS:1,2,1,two_verbs,1,1,1,1,1,1,0,0,,4,1,,9,20,1
6,106,2,2,"2,3",2MS:4;3MS:2,1,1,two_verbs,0,1,1,0,1,0,1,1,3->2,2,0,"oneness,revelation",6,17,1
6,107,3,3,"1,2,3",1P:2;2MS:2;3MP:4;3MS:1,2,1,two_verbs,1,1,1,1,1,1,1,1,2->3,1,0,,9,22,1
6,108,3,3,"1,2,3",1P:2;2MP:2;3MP:12;3MS:1,2,1,two_verbs,1,1,1,1,1,1,0,0,,3,0,,17,42,1
6,109,3,3,"2,3",2MP:1;2MS:1;3FS:4;3MP:7;3MS:1,1,1,two_verbs,0,1,1,0,1,0,0,0,,2,0,revelation,14,36,1
6,110,3,3,"1,3",1P:2;3MP:8;3MS:1,1,1,two_verbs,1,0,1,0,0,1,0,0,,3,0,,11,24,1
6,111,3,3,"1,3",1P:5;3MP:10;3MS:2,1,1,two_verbs,1,0,1,0,0,1,0,0,,3,0,"revelation,creation",17,39,1
6,112,3,3,"1,2,3",1P:2;2MS:2;3MP:6;3MS:3,2,1,two_verbs,1,1,1,1,1,1,0,0,,3,0,,13,40,1
6,113,3,3,3,3FS:1;3MP:7;3MS:2,0,0,,0,0,1,0,0,0,0,0,,0,0,,10,25,1
6,114,3,3,"1,2,3",1P:2;1S:1;2MP:1;2MS:2;3MP:3;3MS:3,2,1,two_verbs,1,1,1,1,1,1,0,0,,4,0,revelation,12,40,1
6,115,3,3,"2,3",2MS:1;3FS:1;3MS:2,1,0,,0,1,1,0,1,0,0,0,,0,0,,4,19,1
6,116,3,3,"2,3",2MS:2;3MP:7,1,1,two_verbs,0,1,1,0,1,0,0,0,,1,0,creation,9,26,1
6,117,3,3,"2,3",2MS:1;3MS:4,1,0,,0,1,1,0,1,0,0,0,,0,0,,5,16,1
6,118,2,2,"2,3",2MP:4;3MS:3,1,1,two_verbs,0,1,1,0,1,0,1,1,3->2,2,0,,7,17,1
6,119,3,3,"2,3",2MP:7;2MS:1;3MP:3;3MS:6,1,1,two_verbs,0,1,1,0,1,0,1,1,2->3,3,0,law,17,50,1
6,120,3,3,"2,3",2MP:2;3MP:8;3MS:1,1,1,two_verbs,0,1,1,0,1,0,0,0,,1,0,,11,24,1
6,121,3,3,"2,3",2MP:6;3MP:6;3MS:3,1,1,two_verbs,0,1,1,0,1,0,0,0,,2,0,,15,40,1
6,122,3,3,"1,3",1P:4;3FS:1;3MP:4;3MS:8,1,1,two_verbs,1,0,1,0,0,1,0,0,,2,0,,17,44,1
6,123,3,3,"1,3",1P:2;3FS:2;3MP:7,1,1,two_verbs,1,0,1,0,0,1,0,0,,1,0,,11,28,1
6,124,3,3,"1,3",1P:2;3FS:1;3MP:9;3MS:4,1,1,two_verbs,1,0,1,0,0,1,0,0,,2,0,judgment,16,39,1
6,125,3,3,3,3MP:2;3MS:12,0,0,,0,0,1,0,0,0,0,0,,0,0,creation,14,41,1
6,126,1,1,"1,2,3",1P:2;2MS:1;3MP:2,2,1,two_verbs,1,1,1,1,1,1,1,1,3->1,1,0,,5,15,1
6,127,3,3,3,3MP:7;3MS:1,0,0,,0,0,1,0,0,0,1,1,1->3,0,0,,8,18,1
6,128,3,3,"1,2,3",1P:6;2MP:3;2MS:3;3FS:1;3MP:2;3MS:5,2,1,two_verbs,1,1,1,1,1,1,0,0,,5,1,judgment,20,56,1
6,129,3,3,"1,3",1P:1;3MP:4,1,1,two_verbs,1,0,1,0,0,1,0,0,,1,0,,5,14,1
6,130,3,3,"1,2,3",1P:3;1S:1;2MP:5;3FS:1;3MP:13;3MS:1,2,1,two_verbs,1,1,1,1,1,1,0,0,,2,1,"judgment,law",24,53,1
6,131,3,3,"2,3",2MS:1;3FS:1;3MS:1,1,0,,0,1,1,0,1,0,0,0,,0,0,,3,15,1
6,132,3,3,"2,3",2MS:1;3MP:4,1,0,,0,1,1,0,1,0,0,0,,0,0,,5,18,1
6,133,3,3,"2,3",2MP:3;2MS:1;3MS:5,1,0,,0,1,1,0,1,0,0,0,,0,0,mercy,9,27,1
6,134,2,2,2,2MP:3,0,0,,0,1,0,0,0,0,1,1,3->2,0,0,,3,11,1
6,135,2,2,"1,2,3",1S:2;2MP:5;2MS:1;3FS:1;3MS:3,2,1,two_verbs,1,1,1,1,1,1,0,0,,1,0,,12,29,1
6,136,3,3,"1,3",1P:1;3MP:9;3MS:7,1,0,,1,0,1,0,0,1,1,1,2->3,0,0,"oneness,creation",17,55,1
6,137,3,3,"2,3",2MS:1;3MP:14;3MS:3,1,1,two_verbs,0,1,1,0,1,0,0,0,,2,0,oneness,18,41,1
6,138,3,3,"1,3",1P:1;3FS:4;3MP:10;3MS:3,1,1,two_verbs,1,0,1,0,0,1,0,0,,2,0,law,18,43,1
6,139,3,3,"1,3",1P:2;3MP:5;3MS:4,1,0,,1,0,1,0,0,1,0,0,,0,0,law,11,36,1
6,140,3,3,3,3MP:10;3MS:2,0,0,,0,0,1,0,0,0,0,0,,0,0,,12,29,1
6,141,3,3,"2,3",2MP:6;3MS:9,1,1,two_verbs,0,1,1,0,1,0,0,0,,4,0,"judgment,law",15,53,1
6,142,2,2,"2,3",2MP:6;3MS:2,1,1,two_verbs,0,1,1,0,1,0,1,1,3->2,2,0,,8,27,1
6,143,2,2,"1,2,3",1S:1;2MP:4;2MS:1;3FS:1;3MS:2,2,1,two_verbs,1,1,1,1,1,1,0,0,,2,0,law,9,36,1
6,144,3,3,"2,3",2MP:3;2MS:1;3FS:1;3MS:6,1,1,two_verbs,0,1,1,0,1,0,1,1,2->3,3,0,law,11,60,1
6,145,3,3,"1,2,3",1S:2;2MS:2;3MS:8,2,1,two_verbs,1,1,1,1,1,1,0,0,,2,0,"mercy,revelation,law",12,49,1
6,146,3,3,"1,3",1P:7;3FS:1;3MD:2;3MP:5;3MS:1,1,1,two_verbs,1,0,1,0,0,1,0,0,,3,0,,16,48,1
6,147,3,3,"2,3",2MP:1;2MS:2;3MP:2;3MS:2,1,1,two_verbs,0,1,1,0,1,0,0,0,,2,0,"judgment,mercy",7,22,1
6,148,3,3,"1,2,3",1P:7;2MP:8;2MS:1;3MP:5;3MS:4,2,1,two_verbs,1,1,1,1,1,1,0,0,,3,1,judgment,25,57,1
6,149,3,3,"2,3",2MP:1;2MS:1;3MS:2,1,1,two_verbs,0,1,1,0,1,0,0,0,,1,0,,4,15,1
6,150,3,3,"1,2,3",1P:1;2MP:2;2MS:3;3MP:13;3MS:1,2,1,two_verbs,1,1,1,1,1,1,0,0,,3,0,,20,46,1
6,151,2,2,"1,2,3",1P:2;1S:1;2MP:18;2MS:1;3FS:1;3MP:1;3MS:7,2,1,two_verbs,1,1,1,1,1,1,1,1,3->2,9,0,"revelation,law",31,70,1
6,152,2,2,"1,2,3",1P:1;2MP:14;3FS:2;3MS:5,2,1,two_verbs,1,1,1,1,1,1,0,0,,8,0,,22,60,1
6,153,2,2,"1,2,3",1S:1;2MP:9;3FS:1;3MS:4,2,1,two_verbs,1,1,1,1,1,1,0,0,,2,0,,15,32,1
6,154,3,3,"1,3",1P:2;3MP:4;3MS:1,1,1,two_verbs,1,0,1,0,0,1,1,1,2->3,1,0,"mercy,revelation,prophets",7,27,1
6,155,2,2,"1,2,3",1P:2;2MP:7;3MS:2,2,1,two_verbs,1,1,1,1,1,1,1,1,3->2,1,0,"mercy,revelation",11,18,1
6,156,1,1,"1,2,3",1P:3;2MP:2;3MP:1;3MS:1,2,1,two_verbs,1,1,1,1,1,1,1,1,2->1,2,0,revelation,7,22,1
6,157,3,3,"1,2,3",1P:6;2MP:4;3FS:1;3MP:7;3MS:4,2,1,two_verbs,1,1,1,1,1,1,1,1,1->3,5,0,"judgment,mercy,revelation",22,59,1
6,158,3,3,"1,2,3",1P:1;2MP:2;2MS:4;3FS:6;3MP:3;3MS:4,2,1,two_verbs,1,1,1,1,1,1,0,0,,1,0,revelation,20,47,1
6,159,3,3,"2,3",2MS:2;3MP:12;3MS:1,1,1,two_verbs,0,1,1,0,1,0,0,0,,2,0,,15,31,1
6,160,3,3,3,3FS:2;3MP:3;3MS:4,0,0,,0,0,1,0,0,0,0,0,,0,0,judgment,9,28,1
6,161,3,3,"1,2,3",1S:3;2MS:1;3MS:2,2,1,two_verbs,1,1,1,1,1,1,0,0,,1,0,prophets,6,21,1
6,162,1,1,"1,2",1S:4;2MS:1,1,0,,1,1,0,1,0,0,1,1,3->1,0,0,prayer,5,18,1
6,163,1,1,"1,3",1S:3;3MS:1,1,1,verb_plus_indep_pron,1,0,1,0,0,1,0,0,,0,0,,4,14,1
6,164,2,2,"1,2,3",1S:1;2MP:7;2MS:1;3FS:3;3MS:3,2,1,two_verbs,1,1,1,1,1,1,1,1,1->2,3,0,,15,42,1
6,165,3,3,"2,3",2MP:4;2MS:1;3MS:6,1,0,,0,1,1,0,1,0,1,1,2->3,0,0,"mercy,creation",11,34,1
7,1,,3,,,0,0,,0,0,0,0,0,0,0,0,,0,0,,0,1,0
7,2,3,3,"2,3",2MS:3;3MS:4,1,1,two_verbs,0,1,1,0,1,0,0,0,,1,0,revelation,7,22,1
7,3,2,2,"2,3",2MP:8;3MS:2,1,1,two_verbs,0,1,1,0,1,0,1,1,3->2,2,0,"oneness,revelation",10,21,1
7,4,3,3,"1,3",1P:3;3FS:2;3MP:1;3MS:1,1,1,two_verbs,1,0,1,0,0,1,1,1,2->3,1,0,judgment,7,16,1
7,5,3,3,"1,3",1P:4;3MP:4;3MS:2,1,1,two_verbs,1,0,1,0,0,1,0,0,,1,1,judgment,10,19,1
7,6,1,1,"1,3",1P:2;3MP:1;3MS:1,1,1,two_verbs,1,0,1,0,0,1,1,1,3->1,2,0,,4,14,1
7,7,1,1,"1,3",1P:3;3MP:1,1,0,,1,0,1,0,0,1,0,0,,0,0,,4,13,1
7,8,3,3,3,3FS:1;3MP:1;3MS:1,0,0,,0,0,1,0,0,0,1,1,1->3,0,0,,3,16,1
7,9,3,3,"1,3",1P:1;3FS:1;3MP:7;3MS:1,1,0,,1,0,1,0,0,1,0,0,,0,0,,10,21,1
7,10,1,1,"1,2,3",1P:4;2MP:4;3FS:1,2,1,two_verbs,1,1,1,1,1,1,1,1,3->1,1,0,creation,9,21,1
7,11,1,1,"1,2,3",1P:6;2MP:4;3MP:2;3MS:1,2,1,two_verbs,1,1,1,1,1,1,0,0,,2,1,"creation,prayer",13,30,1
7,12,2,2,"1,2,3",1S:4;2MS:7;3MS:5,2,1,two_verbs,1,1,1,1,1,1,1,1,1->2,4,1,"judgment,creation",16,27,1
7,13,2,2,"2,3",2MS:5;3FS:2;3MS:2,1,1,two_verbs,0,1,1,0,1,0,0,0,,3,1,judgment,9,21,1
7,14,3,3,"1,2,3",1S:1;2MS:1;3MP:2;3MS:1,2,1,two_verbs,1,1,1,1,1,1,1,1,2->3,2,1,,5,7,1
7,15,3,3,"2,3",2MS:1;3MS:1,1,0,,0,1,1,0,1,0,0,0,,0,1,,2,6,1
7,16,2,2,"1,2,3",1S:2;2MS:3;3MP:1;3MS:1,2,1,two_verbs,1,1,1,1,1,1,1,1,3->2,2,1,,7,16,1
7,17,3,3,"2,3",2MS:2;3MP:6,1,0,,0,1,1,0,1,0,1,1,2->3,0,0,,8,26,1
7,18,3,3,"1,2,3",1S:1;2MP:1;2MS:2;3FS:1;3MP:1;3MS:2,2,1,two_verbs,1,1,1,1,1,1,0,0,,3,1,judgment,8,19,1
7,19,2,2,2,2D:6;2MD:2;2MS:3,0,0,,0,1,0,0,0,0,1,1,3->2,0,0,judgment,11,30,1
7,20,3,3,"2,3",2D:6;3D:3;3MD:1;3MS:5,1,1,two_verbs,0,1,1,0,1,0,1,1,2->3,1,1,,15,39,1
7,21,3,3,"1,2,3",1S:1;2D:1;3D:1;3MS:1,2,1,verb_plus_indep_pron,1,1,1,1,1,1,0,0,,0,0,,4,11,1
7,22,3,3,"1,2,3",1S:2;2D:3;3D:5;3FS:1;3MD:7;3MS:2,2,1,two_verbs,1,1,1,1,1,1,0,0,,1,0,judgment,20,51,1
7,23,1,1,"1,2,3",1P:7;2MS:1;3FS:1;3MD:2,2,1,two_verbs,1,1,1,1,1,1,1,1,3->1,4,1,mercy,11,23,1
7,24,2,2,"2,3",2MP:4;3MS:1,1,1,two_verbs,0,1,1,0,1,0,1,1,1->2,1,1,creation,5,19,1
7,25,2,2,"2,3",2MP:6;3FS:3;3MS:1,1,1,two_verbs,0,1,1,0,1,0,0,0,,1,1,,10,15,1
7,26,3,3,"1,2,3",1P:2;2MP:2;3MP:3;3MS:1,2,1,two_verbs,1,1,1,1,1,1,1,1,2->3,1,0,revelation,8,28,1
7,27,3,3,"1,2,3",1P:3;2MP:5;3D:2;3MD:2;3MP:3;3MS:8,2,1,two_verbs,1,1,1,1,1,1,0,0,,3,0,judgment,23,53,1
7,28,3,3,"1,2,3",1P:4;2MP:4;2MS:1;3FS:2;3MP:4;3MS:2,2,1,two_verbs,1,1,1,1,1,1,0,0,,5,0,,17,36,1
7,29,2,2,"1,2,3",1S:1;2MP:8;2MS:1;3MS:4,2,1,two_verbs,1,1,1,1,1,1,1,1,3->2,4,0,,14,30,1
7,30,3,3,3,3MP:7;3MS:2,0,0,,0,0,1,0,0,0,1,1,2->3,0,0,,9,25,1
7,31,2,2,"2,3",2MP:9;3MS:2,1,1,two_verbs,0,1,1,0,1,0,1,1,3->2,1,0,,11,26,1
7,32,3,3,"1,2,3",1P:1;2MS:2;3FS:1;3MP:4;3MS:3,2,1,two_verbs,1,1,1,1,1,1,1,1,2->3,5,0,"judgment,law",11,40,1
7,33,2,2,"1,2,3",1S:1;2MP:6;2MS:1;3FS:1;3MS:5,2,1,two_verbs,1,1,1,1,1,1,1,1,3->2,4,0,"revelation,law",14,47,1
7,34,3,3,3,3MP:5;3MS:1,0,0,,0,0,1,0,0,0,1,1,2->3,0,0,judgment,6,18,1
7,35,3,3,"1,2,3",1S:1;2MP:3;3MP:6;3MS:3,2,0,,1,1,1,1,1,1,0,0,,0,0,,13,32,1
7,36,3,3,"1,3",1P:1;3FS:2;3MP:5,1,0,,1,0,1,0,0,1,0,0,,0,0,judgment,8,20,1
7,37,3,3,"1,2,3",1P:2;2MP:4;3FS:1;3MP:18;3MS:4,2,1,two_verbs,1,1,1,1,1,1,0,0,,2,1,law,29,59,1
7,38,3,3,"1,2,3",1P:2;2MP:7;2MS:1;3FS:6;3MP:5;3MS:2,2,1,two_verbs,1,1,1,1,1,1,0,0,,7,1,judgment,23,61,1
7,39,2,2,"1,2,3",1P:1;2MP:7;3FS:1;3MP:2;3MS:1,2,1,two_verbs,1,1,1,1,1,1,1,1,3->2,1,1,judgment,12,27,1
7,40,3,3,"1,3",1P:2;3FS:2;3MP:7;3MS:1,1,1,two_verbs,1,0,1,0,0,1,1,1,2->3,1,0,judgment,12,39,1
7,41,1,1,"1,3",1P:1;3MP:2,1,1,verb_plus_indep_pron,1,0,1,0,0,1,1,1,3->1,0,0,judgment,3,16,1
7,42,3,3,"1,3",1P:1;3FS:2;3MP:5,1,1,two_verbs,1,0,1,0,0,1,1,1,1->3,1,0,judgment,8,23,1
7,43,3,3,"1,2,3",1P:8;2MP:6;3FS:3;3MP:6;3MS:2,2,1,two_verbs,1,1,1,1,1,1,0,0,,4,1,"judgment,law",25,63,1
7,44,3,3,"1,2,3",1P:4;2MP:3;3MP:3;3MS:4,2,1,two_verbs,1,1,1,1,1,1,0,0,,4,1,judgment,14,41,1
7,45,3,3,3,3FS:1;3MP:5,0,0,,0,0,1,0,0,0,0,0,,0,0,,6,17,1
7,46,3,3,"2,3",2MP:1;3D:1;3FS:1;3MP:10,1,0,,0,1,1,0,1,0,0,0,,0,0,judgment,13,33,1
7,47,3,3,"1,2,3",1P:2;2MS:1;3FS:1;3MP:3,2,1,two_verbs,1,1,1,1,1,1,0,0,,1,0,judgment,7,21,1
7,48,3,3,"2,3",2MP:6;3MP:6;3MS:2,1,1,two_verbs,0,1,1,0,1,0,0,0,,1,0,judgment,14,26,1
7,49,2,2,"2,3",2MP:8;3MP:1;3MS:1,1,1,two_verbs,0,1,1,0,1,0,1,1,3->2,2,1,"judgment,mercy",10,24,1
7,50,3,3,"1,2,3",1P:1;2MP:3;3D:1;3MP:2;3MS:3,2,1,two_verbs,1,1,1,1,1,1,1,1,2->3,2,1,"judgment,law",10,31,1
7,51,3,3,"1,3",1P:2;3FS:1;3MP:12,1,1,two_verbs,1,0,1,0,0,1,0,0,,2,0,judgment,15,37,1
7,52,1,1,"1,3",1P:4;3MP:3;3MS:1,1,1,two_verbs,1,0,1,0,0,1,1,1,3->1,1,0,"mercy,revelation",8,20,1
7,53,3,3,"1,3",1P:8;3FS:1;3MP:14;3MS:6,1,1,two_verbs,1,0,1,0,0,1,1,1,1->3,2,1,,29,59,1
7,54,3,3,"2,3",2MP:1;3MS:8,1,0,,0,1,1,0,1,0,0,0,,0,0,creation,9,53,1
7,55,2,2,"2,3",2MP:3;3MS:2,1,1,two_verbs,0,1,1,0,1,0,1,1,3->2,1,0,,5,13,1
7,56,2,2,"2,3",2MP:4;3FS:1;3MS:1,1,0,,0,1,1,0,1,0,0,0,,0,0,"mercy,creation",6,24,1
7,57,1,1,"1,2,3",1P:7;2MP:3;3FS:1;3MS:6,2,1,two_verbs,1,1,1,1,1,1,1,1,2->1,2,0,"mercy,revelation",17,47,1
7,58,3,3,"1,3",1P:1;3MP:2;3MS:5,1,1,two_verbs,1,0,1,0,0,1,1,1,1->3,2,0,revelation,8,28,1
7,59,1,1,"1,2,3",1P:2;1S:3;2MP:4;3MS:3,2,1,two_verbs,1,1,1,1,1,1,1,1,3->1,3,1,"oneness,judgment,prophets",12,31,1
7,60,1,1,"1,2,3",1P:2;2MS:1;3MS:2,2,1,two_verbs,1,1,1,1,1,1,0,0,,1,0,,5,14,1
7,61,3,3,"1,3",1S:3;3MS:2,1,1,verb_plus_indep_pron,1,0,1,0,0,1,1,1,1->3,0,1,"revelation,prophets",5,16,1
7,62,1,1,"1,2",1S:4;2MP:4,1,1,two_verbs,1,1,0,1,0,0,1,1,3->1,1,0,,8,17,1
7,63,2,2,"2,3",2MP:11;3MS:2,1,1,two_verbs,0,1,1,0,1,0,1,1,1->2,2,0,mercy,13,27,1
7,64,3,3,"1,3",1P:5;3MP:7;3MS:3,1,1,two_verbs,1,0,1,0,0,1,1,1,2->3,2,0,revelation,15,30,1
7,65,2,2,"1,2,3",1S:1;2MP:5;3MP:1;3MS:2,2,1,two_verbs,1,1,1,1,1,1,1,1,3->2,1,1,"oneness,prophets",9,25,1
7,66,1,1,"1,2,3",1P:4;2MS:2;3MP:2;3MS:2,2,1,two_verbs,1,1,1,1,1,1,1,1,2->1,1,0,,10,25,1
7,67,3,3,"1,3",1S:3;3MS:2,1,1,verb_plus_indep_pron,1,0,1,0,0,1,1,1,1->3,0,1,"revelation,prophets",5,16,1
7,68,1,1,"1,2",1S:3;2MP:2,1,1,verb_plus_indep_pron,1,1,0,1,0,0,1,1,3->1,0,0,,5,11,1
7,69,2,2,"2,3",2MP:15;3MS:4,1,1,two_verbs,0,1,1,0,1,0,1,1,1->2,4,0,prophets,19,45,1
7,70,2,2,"1,2,3",1P:6;2MS:6;3MP:2;3MS:3,2,1,two_verbs,1,1,1,1,1,1,0,0,,4,1,,17,31,1
7,71,2,2,"1,2,3",1S:2;2MP:11;3FS:2;3MS:3,2,1,two_verbs,1,1,1,1,1,1,0,0,,3,1,"revelation,prophets",18,41,1
7,72,1,1,"1,3",1P:6;3MP:4;3MS:2,1,1,two_verbs,1,0,1,0,0,1,1,1,2->1,1,0,"mercy,revelation",12,27,1
7,73,2,2,"1,2,3",1S:1;2MP:11;3FS:4;3MP:1;3MS:3,2,1,two_verbs,1,1,1,1,1,1,1,1,1->2,6,1,"oneness,judgment,prophets",20,53,1
7,74,2,2,"2,3",2MP:12;3FS:1;3MS:2,1,1,two_verbs,0,1,1,0,1,0,0,0,,2,0,"creation,prophets",15,41,1
7,75,3,3,"1,2,3",1P:1;2MP:2;3MP:7;3MS:6,2,1,two_verbs,1,1,1,1,1,1,1,1,2->3,2,1,prophets,16,37,1
7,76,3,3,"1,2,3",1P:1;2MP:2;3MP:2;3MS:2,2,1,two_verbs,1,1,1,1,1,1,0,0,,1,0,,7,13,1
7,77,3,3,"1,2,3",1P:2;2MS:4;3MP:7,2,1,two_verbs,1,1,1,1,1,1,0,0,,1,1,prophets,13,29,1
7,78,3,3,3,3FS:1;3MP:4,0,0,,0,0,1,0,0,0,0,0,,0,0,,5,12,1
7,79,1,1,"1,2,3",1S:6;2MP:4;3MP:1;3MS:2,2,1,two_verbs,1,1,1,1,1,1,1,1,3->1,2,1,,13,29,1
7,80,3,3,"2,3",2MP:3;3FS:1;3MS:3,1,1,two_verbs,0,1,1,0,1,0,1,1,1->3,2,1,prophets,7,22,1
7,81,2,2,2,2MP:4,0,0,,0,1,0,0,0,0,1,1,3->2,0,0,,4,16,1
7,82,3,3,"2,3",2MP:3;3MP:6;3MS:2,1,1,two_verbs,0,1,1,0,1,0,1,1,2->3,2,1,,11,21,1
7,83,3,3,"1,3",1P:2;3FS:1;3MS:3,1,1,two_verbs,1,0,1,0,0,1,0,0,,1,0,,6,14,1
7,84,1,1,"1,2,3",1P:2;2MS:1;3MP:1;3MS:1,2,1,two_verbs,1,1,1,1,1,1,1,1,3->1,2,0,,5,13,1
7,85,2,2,"1,2,3",1S:1;2MP:14;3FS:2;3MP:2;3MS:2,2,1,two_verbs,1,1,1,1,1,1,1,1,1->2,3,1,"oneness,creation",21,61,1
7,86,2,2,"2,3",2MP:15;3FS:1;3MS:4,1,1,two_verbs,0,1,1,0,1,0,0,0,,5,0,,20,42,1
7,87,3,3,"1,2,3",1P:1;1S:2;2MP:3;3MP:4;3MS:4,2,1,two_verbs,1,1,1,1,1,1,1,1,2->3,4,0,,14,32,1
7,88,3,3,"1,2,3",1P:5;2MP:1;2MS:2;3MP:4;3MS:3,2,1,two_verbs,1,1,1,1,1,1,0,0,,5,1,,15,38,1
7,89,1,1,"1,2,3",1P:14;2MP:1;2MS:2;3FS:2;3MS:4,2,1,two_verbs,1,1,1,1,1,1,1,1,3->1,5,0,,23,61,1
7,90,3,3,"2,3",2MP:3;3MP:2;3MS:2,1,1,two_verbs,0,1,1,0,1,0,1,1,1->3,1,0,,7,20,1
7,91,3,3,3,3FS:1;3MP:4,0,0,,0,0,1,0,0,0,0,0,,0,0,,5,12,1
7,92,3,3,3,3FS:1;3MP:9,0,0,,0,0,1,0,0,0,0,0,,0,0,,10,20,1
7,93,1,1,"1,2,3",1S:7;2MP:2;3MP:1;3MS:2,2,1,two_verbs,1,1,1,1,1,1,1,1,3->1,1,1,,12,28,1
7,94,1,1,"1,3",1P:4;3FS:1;3MP:3,1,1,two_verbs,1,0,1,0,0,1,0,0,,1,0,,8,23,1
7,95,3,3,"1,3",1P:5;3MP:8;3MS:1,1,1,two_verbs,1,0,1,0,0,1,1,1,1->3,3,1,,14,33,1
7,96,3,3,"1,3",1P:4;3MP:12,1,1,two_verbs,1,0,1,0,0,1,0,0,,4,0,creation,16,37,1
7,97,3,3,"1,3",1P:1;3MP:2;3MS:2,1,0,,1,0,1,0,0,1,0,0,,0,0,judgment,5,15,1
7,98,3,3,"1,3",1P:1;3MP:4;3MS:2,1,0,,1,0,1,0,0,1,0,0,,0,0,judgment,7,16,1
7,99,3,3,3,3MP:2;3MS:1,0,0,,0,0,1,0,0,0,0,0,,0,0,,3,16,1
7,100,3,3,"1,3",1P:4;3FS:1;3MP:8;3MS:1,1,1,two_verbs,1,0,1,0,0,1,0,0,,2,0,creation,14,33,1
7,101,3,3,"1,2,3",1P:1;2MS:1;3FS:2;3MP:8;3MS:1,2,1,two_verbs,1,1,1,1,1,1,0,0,,1,0,,13,40,1
7,102,1,1,"1,3",1P:4;3MP:2,1,0,,1,0,1,0,0,1,1,1,3->1,0,0,,6,17,1
7,103,3,3,"1,2,3",1P:3;2MS:1;3FS:1;3MP:3;3MS:2,2,1,two_verbs,1,1,1,1,1,1,1,1,1->3,3,0,"revelation,prophets",10,27,1
7,104,3,3,"1,3",1S:1;3MS:1,1,0,,1,0,1,0,0,1,0,0,,0,1,"revelation,prophets",2,12,1
7,105,1,1,"1,2",1S:4;2MP:2;2MS:1,1,1,two_verbs,1,1,0,1,0,0,1,1,3->1,1,0,prophets,7,25,1
7,106,2,2,"2,3",2MS:7;3FS:1;3MS:1,1,1,two_verbs,0,1,1,0,1,0,1,1,1->2,1,1,prophets,9,18,1
7,107,3,3,3,3FS:1;3MS:2,0,0,,0,0,1,0,0,0,1,1,2->3,0,0,prophets,3,9,1
7,108,3,3,3,3FS:1;3MS:2,0,0,,0,0,1,0,0,0,0,0,,0,0,,3,11,1
7,109,3,3,3,3MS:1,0,0,,0,0,1,0,0,0,0,0,,0,0,prophets,1,11,1
7,110,2,2,"2,3",2MP:4;3MS:2,1,1,two_verbs,0,1,1,0,1,0,1,1,3->2,1,0,,6,11,1
7,111,3,3,"2,3",2MS:2;3MP:2;3MS:2,1,1,two_verbs,0,1,1,0,1,0,1,1,2->3,1,1,,6,13,1
7,112,3,3,"2,3",2MS:1;3MP:2,1,0,,0,1,1,0,1,0,0,0,,0,0,,3,7,1
7,113,1,1,"1,3",1P:4;3MP:2;3MS:1,1,1,two_verbs,1,0,1,0,0,1,1,1,3->1,1,1,"judgment,prophets",7,18,1
7,114,3,3,"2,3",2MP:1;3MS:1,1,0,,0,1,1,0,1,0,1,1,1->3,0,1,,2,9,1
7,115,1,1,"1,2,3",1P:2;2MS:1;3MP:2,2,1,two_verbs,1,1,1,1,1,1,1,1,3->1,2,1,prophets,5,14,1
7,116,3,3,"2,3",2MP:2;3MP:9;3MS:1,1,1,two_verbs,0,1,1,0,1,0,1,1,1->3,2,1,,12,22,1
7,117,3,3,"1,2,3",1P:2;2MS:2;3FS:2;3MP:2,2,1,two_verbs,1,1,1,1,1,1,0,0,,2,0,prophets,8,16,1
7,118,3,3,3,3MP:4;3MS:2,0,0,,0,0,1,0,0,0,0,0,,0,0,,6,11,1
7,119,3,3,3,3MP:4,0,0,,0,0,1,0,0,0,0,0,,0,0,prophets,4,8,1
7,120,3,3,3,3MS:1,0,0,,0,0,1,0,0,0,0,0,,0,0,,1,5,1
7,121,1,1,"1,3",1P:2;3MP:2,1,1,two_verbs,1,0,1,0,0,1,1,1,3->1,1,1,,4,8,1
7,122,,3,,,0,0,,0,0,0,0,0,0,1,1,1->3,0,0,prophets,0,4,0
7,123,2,2,"1,2,3",1S:1;2MP:9;3FS:2;3MS:3,2,1,two_verbs,1,1,1,1,1,1,1,1,3->2,3,0,prophets,15,32,1
7,124,1,1,"1,2",1S:2;2MP:3,1,0,,1,1,0,1,0,0,1,1,2->1,0,0,,5,16,1
7,125,3,3,"1,3",1P:2;3MP:2,1,0,,1,0,1,0,0,1,1,1,1->3,0,1,,4,8,1
7,126,1,1,"1,2,3",1P:8;2MS:3;3FS:1,2,1,two_verbs,1,1,1,1,1,1,1,1,3->1,3,0,revelation,12,26,1
7,127,3,3,"1,2,3",1P:3;2MS:3;3MP:5;3MS:4,2,1,two_verbs,1,1,1,1,1,1,1,1,1->3,3,1,prophets,15,40,1
7,128,3,3,"2,3",2MP:4;3FS:1;3MS:5,1,1,two_verbs,0,1,1,0,1,0,0,0,,2,0,"creation,law,prophets",10,30,1
7,129,3,3,"1,2,3",1P:4;2MP:5;2MS:3;3MP:2;3MS:5,2,1,two_verbs,1,1,1,1,1,1,0,0,,4,1,,19,35,1
7,130,3,3,"1,3",1P:2;3MP:3,1,1,two_verbs,1,0,1,0,0,1,0,0,,1,0,prophets,5,19,1
7,131,3,3,"1,3",1P:1;3FS:2;3MP:10;3MS:1,1,1,verb_plus_indep_pron,1,0,1,0,0,1,0,0,,0,1,prophets,14,38,1
7,132,2,2,"1,2,3",1P:3;2MS:3;3FS:1;3MP:2;3MS:1,2,1,two_verbs,1,1,1,1,1,1,1,1,3->2,1,1,,10,22,1
7,133,3,3,"1,3",1P:2;3MP:5,1,1,two_verbs,1,0,1,0,0,1,1,1,2->3,1,0,revelation,7,29,1
7,134,2,2,"1,2,3",1P:4;2MS:7;3MP:3;3MS:2,2,1,two_verbs,1,1,1,1,1,1,1,1,3->2,4,1,"judgment,prophets",16,42,1
7,135,3,3,"1,3",1P:2;3MP:5;3MS:1,1,1,two_verbs,1,0,1,0,0,1,1,1,2->3,1,0,judgment,8,17,1
7,136,3,3,"1,3",1P:5;3FS:1;3MP:7,1,1,two_verbs,1,0,1,0,0,1,0,0,,1,0,revelation,13,26,1
7,137,3,3,"1,2,3",1P:6;2MS:1;3FS:3;3MP:10;3MS:3,2,1,two_verbs,1,1,1,1,1,1,0,0,,5,0,"law,prophets",23,51,1
7,138,3,3,"1,2,3",1P:3;2MP:3;2MS:1;3MP:8;3MS:1,2,1,two_verbs,1,1,1,1,1,1,0,0,,4,1,prophets,16,38,1
7,139,3,3,3,3MP:5;3MS:1,0,0,,0,0,1,0,0,0,0,0,,0,0,,6,14,1
7,140,3,3,"1,2,3",1S:1;2MP:2;3MS:3,2,1,two_verbs,1,1,1,1,1,1,0,0,,2,1,,6,14,1
7,141,3,3,"1,2,3",1P:2;2MP:5;3MP:6,2,1,two_verbs,1,1,1,1,1,1,0,0,,1,0,"judgment,prophets",13,31,1
7,142,1,1,"1,2,3",1P:4;1S:2;2MS:3;3FS:1;3MS:4,2,1,two_verbs,1,1,1,1,1,1,1,1,3->1,2,1,prophets,14,39,1
7,143,3,3,"1,2,3",1P:1;1S:8;2MS:7;3MS:15,2,1,two_verbs,1,1,1,1,1,1,1,1,1->3,8,1,prophets,31,69,1
7,144,1,1,"1,2,3",1S:7;2MS:4;3MS:1,2,1,two_verbs,1,1,1,1,1,1,1,1,3->1,4,1,prophets,12,29,1
7,145,2,2,"1,2,3",1P:2;1S:1;2MP:1;2MS:3;3FS:2;3MP:2;3MS:1,2,1,two_verbs,1,1,1,1,1,1,1,1,1->2,3,0,,12,37,1
7,146,3,3,"1,3",1P:1;1S:2;3FS:2;3MP:19;3MS:2,1,1,two_verbs,1,0,1,0,0,1,1,1,2->3,1,0,"revelation,creation",26,64,1
7,147,3,3,"1,3",1P:1;3FS:1;3MP:9,1,0,,1,0,1,0,0,1,0,0,,0,0,revelation,11,23,1
7,148,3,3,3,3MP:9;3MS:7,0,0,,0,0,1,0,0,0,0,0,,0,0,prophets,16,36,1
7,149,3,3,"1,3",1P:4;3MP:8;3MS:3,1,1,two_verbs,1,0,1,0,0,1,0,0,,1,1,mercy,15,33,1
7,150,3,3,"1,2,3",1S:7;2MP:5;2MS:1;3FS:1;3MP:6;3MS:11,2,1,two_verbs,1,1,1,1,1,1,0,0,,3,1,prophets,31,70,1
7,151,2,2,"1,2,3",1P:1;1S:3;2MS:4;3MS:1,2,1,two_verbs,1,1,1,1,1,1,1,1,3->2,1,1,"mercy,prophets",9,21,1
7,152,3,3,"1,3",1P:1;3MP:4;3MS:1,1,1,two_verbs,1,0,1,0,0,1,1,1,2->3,1,0,judgment,6,26,1
7,153,3,3,"2,3",2MS:1;3FS:2;3MP:6,1,0,,0,1,1,0,1,0,0,0,,0,0,mercy,9,24,1
7,154,3,3,3,3FS:1;3MP:4;3MS:2,0,0,,0,0,1,0,0,0,0,0,,0,0,"mercy,prophets",7,25,1
7,155,2,2,"1,2,3",1P:6;1S:2;2MS:14;3FS:3;3MP:2;3MS:4,2,1,two_verbs,1,1,1,1,1,1,1,1,3->2,3,1,"mercy,prophets",31,68,1
7,156,3,3,"1,2,3",1P:5;1S:5;2MS:2;3FS:2;3MP:7;3MS:2,2,1,two_verbs,1,1,1,1,1,1,1,1,2->3,6,1,"judgment,mercy,law",23,54,1
7,157,3,3,3,3FS:1;3MP:21;3MS:11,0,0,,0,0,1,0,0,0,0,0,,0,0,"revelation,law",33,85,1
7,158,2,2,"1,2,3",1S:1;2MP:8;2MS:1;3MS:8,2,1,two_verbs,1,1,1,1,1,1,1,1,3->2,4,0,"oneness,revelation,creation",18,55,1
7,159,3,3,3,3MP:4;3MS:1,0,0,,0,0,1,0,0,0,1,1,2->3,0,0,prophets,5,15,1
7,160,3,3,"1,2,3",1P:11;2MP:3;2MS:2;3FS:1;3MP:11;3MS:5,2,1,two_verbs,1,1,1,1,1,1,0,0,,7,0,"revelation,prophets",33,76,1
7,161,2,2,"1,2,3",1P:2;2MP:12;3FS:1;3MP:1;3MS:1,2,1,two_verbs,1,1,1,1,1,1,1,1,3->2,2,1,"judgment,mercy",17,37,1
7,162,3,3,"1,3",1P:2;3MP:9;3MS:2,1,1,two_verbs,1,0,1,0,0,1,1,1,2->3,2,1,"judgment,creation",13,28,1
7,163,3,3,"1,2,3",1P:1;2MS:1;3FS:3;3MP:14,2,1,two_verbs,1,1,1,1,1,1,0,0,,3,0,,19,44,1
7,164,3,3,"2,3",2MP:3;3FS:1;3MP:8,1,1,two_verbs,0,1,1,0,1,0,0,0,,2,1,judgment,12,30,1
7,165,3,3,"1,3",1P:4;3MP:12;3MS:1,1,1,two_verbs,1,0,1,0,0,1,0,0,,4,0,"judgment,law",17,32,1
7,166,3,3,"1,2,3",1P:2;2MP:2;3MP:5;3MS:1,2,1,two_verbs,1,1,1,1,1,1,0,0,,2,1,law,10,18,1
7,167,3,3,"2,3",2MS:2;3MP:2;3MS:4,1,0,,0,1,1,0,1,0,0,0,,0,0,"judgment,mercy",8,33,1
7,168,3,3,"1,3",1P:4;3MP:7,1,1,two_verbs,1,0,1,0,0,1,0,0,,1,0,creation,11,31,1
7,169,3,3,"1,2,3",1P:1;2MP:2;3MP:17;3MS:7,2,1,two_verbs,1,1,1,1,1,1,0,0,,1,0,revelation,27,71,1
7,170,3,3,"1,3",1P:2;3MP:4,1,1,two_verbs,1,0,1,0,0,1,0,0,,1,0,"judgment,revelation,prayer",6,19,1
7,171,2,2,"1,2,3",1P:4;2MP:8;3MP:4;3MS:3,2,1,two_verbs,1,1,1,1,1,1,1,1,3->2,4,1,,19,37,1
7,172,3,3,"1,2,3",1P:5;1S:2;2MP:3;2MS:1;3MP:6;3MS:2,2,1,two_verbs,1,1,1,1,1,1,1,1,2->3,5,1,judgment,19,43,1
7,173,2,2,"1,2,3",1P:4;2MP:2;2MS:1;3MP:1;3MS:2,2,1,two_verbs,1,1,1,1,1,1,1,1,3->2,4,0,,10,26,1
7,174,3,3,"1,3",1P:1;3MP:3,1,1,two_verbs,1,0,1,0,0,1,1,1,2->3,1,0,,4,11,1
7,175,3,3,"1,2,3",1P:3;2MS:1;3FS:1;3MP:1;3MS:5,2,1,two_verbs,1,1,1,1,1,1,0,0,,2,0,revelation,11,25,1
7,176,3,3,"1,2,3",1P:5;2MS:3;3FS:1;3MP:5;3MS:10,2,1,two_verbs,1,1,1,1,1,1,0,0,,7,0,"revelation,creation",24,55,1
7,177,3,3,"1,3",1P:1;3MP:7;3MS:1,1,0,,1,0,1,0,0,1,0,0,,0,0,revelation,9,17,1
7,178,3,3,3,3MP:1;3MS:3,0,0,,0,0,1,0,0,0,0,0,,0,0,,4,15,1
7,179,3,3,"1,3",1P:2;3FS:3;3MP:11,1,1,two_verbs,1,0,1,0,0,1,0,0,,1,0,"judgment,creation",16,51,1
7,180,3,3,"2,3",2MP:4;3FS:1;3MP:8;3MS:2,1,1,two_verbs,0,1,1,0,1,0,0,0,,1,0,,15,30,1
7,181,3,3,"1,3",1P:2;3MP:4;3MS:1,1,1,two_verbs,1,0,1,0,0,1,0,0,,1,0,creation,7,16,1
7,182,3,3,"1,3",1P:2;3MP:5,1,1,two_verbs,1,0,1,0,0,1,0,0,,2,0,revelation,7,15,1
7,183,1,1,"1,3",1S:2;3MP:1,1,1,verb_plus_indep_pron,1,0,1,0,0,1,1,1,3->1,0,0,,3,8,1
7,184,3,3,3,3MP:3;3MS:1,0,0,,0,0,1,0,0,0,1,1,1->3,0,0,revelation,4,16,1
7,185,3,3,3,3MP:5;3MS:5,0,0,,0,0,1,0,0,0,0,0,,0,0,creation,10,35,1
7,186,3,3,3,3MP:4;3MS:3,0,0,,0,0,1,0,0,0,0,0,,0,0,,7,16,1
7,187,3,3,"1,2,3",1S:1;2MP:1;2MS:5;3FS:8;3MP:6;3MS:2,2,1,two_verbs,1,1,1,1,1,1,0,0,,4,0,"oneness,judgment,creation",23,60,1
7,188,1,1,"1,2,3",1S:9;2MS:1;3MP:2;3MS:2,2,1,two_verbs,1,1,1,1,1,1,1,1,3->1,4,0,revelation,14,43,1
7,189,3,3,"1,2,3",1P:2;2MP:1;2MS:2;3D:1;3FS:7;3MD:2;3MS:6,2,1,two_verbs,1,1,1,1,1,1,1,1,1->3,2,0,creation,21,48,1
7,190,3,3,"1,3",1S:2;3D:2;3MP:2;3MS:3,1,1,two_verbs,1,0,1,0,0,1,0,0,,3,0,oneness,9,20,1
7,191,3,3,3,3MP:5;3MS:1,0,0,,0,0,1,0,0,0,0,0,,0,0,creation,6,11,1
7,192,3,3,3,3MP:6,0,0,,0,0,1,0,0,0,0,0,,0,0,,6,13,1
7,193,2,2,"2,3",2MP:7;3MP:4,1,1,two_verbs,0,1,1,0,1,0,1,1,3->2,2,0,,11,22,1
7,194,2,2,"2,3",2MP:8;3MP:3,1,1,two_verbs,0,1,1,0,1,0,0,0,,2,0,,11,24,1
7,195,3,3,"1,2,3",1S:2;2MP:7;2MS:1;3FS:4;3MP:12,2,1,two_verbs,1,1,1,1,1,1,1,1,2->3,1,0,oneness,26,46,1
7,196,3,3,"1,3",1S:1;3MS:3,1,0,,1,0,1,0,0,1,0,0,,0,0,revelation,4,13,1
7,197,3,3,"2,3",2MP:3;3MP:5;3MS:1,1,1,two_verbs,0,1,1,0,1,0,0,0,,1,0,,9,18,1
7,198,3,3,"2,3",2MP:2;2MS:2;3MP:9,1,1,two_verbs,0,1,1,0,1,0,0,0,,3,0,,13,23,1
7,199,2,2,2,2MS:3,0,0,,0,1,0,0,0,0,1,1,3->2,0,0,,3,13,1
7,200,2,2,"2,3",2MS:2;3MS:2,1,1,two_verbs,0,1,1,0,1,0,0,0,,1,0,,4,18,1
7,201,3,3,3,3MP:6;3MS:1,0,0,,0,0,1,0,0,0,1,1,2->3,0,0,,7,17,1
7,202,3,3,3,3MP:6,0,0,,0,0,1,0,0,0,0,0,,0,0,,6,13,1
7,203,3,3,"1,2,3",1S:3;2MP:1;2MS:4;3FS:1;3MP:5;3MS:1,2,1,two_verbs,1,1,1,1,1,1,0,0,,4,0,"mercy,revelation",15,37,1
7,204,2,2,"2,3",2MP:7;3MS:2,1,1,two_verbs,0,1,1,0,1,0,1,1,3->2,1,0,mercy,9,17,1
7,205,2,2,2,2MS:4,0,0,,0,1,0,0,0,0,0,0,,0,0,,4,29,1
7,206,3,3,"2,3",2MS:1;3MP:6;3MS:3,1,0,,0,1,1,0,1,0,1,1,2->3,0,0,prayer,10,20,1
8,1,2,2,"2,3",2MP:9;2MS:2;3MP:2;3MS:1,1,1,two_verbs,0,1,1,0,1,0,0,0,,1,0,revelation,14,35,1
8,2,3,3,3,3FS:3;3MP:6;3MS:2,0,0,,0,0,1,0,0,0,1,1,2->3,0,0,,11,27,1
8,3,3,3,"1,3",1P:2;3MP:5,1,1,two_verbs,1,0,1,0,0,1,0,0,,2,0,prayer,7,13,1
8,4,3,3,3,3MP:3,0,0,,0,0,1,0,0,0,0,0,,0,0,,3,16,0
8,5,2,2,"2,3",2MS:3;3MS:1,1,0,,0,1,1,0,1,0,1,1,3->2,0,0,,4,20,1
8,6,3,3,"2,3",2MS:1;3MP:7;3MS:1,1,0,,0,1,1,0,1,0,1,1,2->3,0,0,,9,20,1
8,7,3,3,"2,3",2MP:5;3FS:2;3MS:5,1,1,two_verbs,0,1,1,0,1,0,0,0,,2,0,,12,38,1
8,8,3,3,3,3MS:3,0,0,,0,0,1,0,0,0,0,0,,0,0,,3,13,1
8,9,2,2,"1,2,3",1S:1;2MP:5;3MS:1,2,1,two_verbs,1,1,1,1,1,1,1,1,3->2,1,0,,7,19,1
8,10,3,3,"2,3",2MP:1;3FS:1;3MS:3,1,0,,0,1,1,0,1,0,1,1,2->3,0,0,,5,26,1
8,11,3,3,"2,3",2MP:5;3MS:9,1,0,,0,1,1,0,1,0,0,0,,0,0,"revelation,creation",14,40,1
8,12,2,2,"1,2,3",1S:2;2MP:7;2MS:1;3MP:5;3MS:1,2,1,two_verbs,1,1,1,1,1,1,1,1,3->2,5,0,,16,39,1
8,13,3,3,3,3MP:3;3MS:3,0,0,,0,0,1,0,0,0,1,1,2->3,0,0,revelation,6,23,1
8,14,2,2,"2,3",2MP:2;3MS:1,1,0,,0,1,1,0,1,0,1,1,3->2,0,0,judgment,3,13,1
8,15,3,3,"2,3",2MP:4;3MP:5,1,1,two_verbs,0,1,1,0,1,0,1,1,2->3,3,0,,9,19,1
8,16,3,3,3,3MP:1;3MS:5,0,0,,0,0,1,0,0,0,0,0,,0,0,judgment,6,30,1
8,17,2,2,"2,3",2MP:2;2MS:4;3MP:2;3MS:4,1,1,two_verbs,0,1,1,0,1,0,1,1,3->2,3,0,,12,34,1
8,18,,3,,,0,0,,0,0,0,0,0,0,1,1,2->3,0,0,,0,8,0
8,19,2,2,"1,2,3",1P:1;2MP:10;3FS:2;3MS:2,2,1,two_verbs,1,1,1,1,1,1,1,1,3->2,4,0,,15,40,1
8,20,2,2,"2,3",2MP:7;3MP:2;3MS:2,1,1,two_verbs,0,1,1,0,1,0,0,0,,1,0,revelation,11,21,1
8,21,3,3,"1,2,3",1P:2;2MP:2;3MP:5,2,1,two_verbs,1,1,1,1,1,1,1,1,2->3,3,0,,9,15,1
8,22,3,3,3,3MP:2,0,0,,0,0,1,0,0,0,0,0,,0,0,,2,14,1
8,23,3,3,3,3MP:6;3MS:3,0,0,,0,0,1,0,0,0,0,0,,0,0,,9,20,1
8,24,3,3,"2,3",2MP:8;3MP:2;3MS:6,1,1,two_verbs,0,1,1,0,1,0,0,0,,5,0,revelation,16,39,1
8,25,2,2,"2,3",2MP:5;3FS:1;3MP:2,1,1,two_verbs,0,1,1,0,1,0,1,1,3->2,2,0,,8,21,1
8,26,2,2,"2,3",2MP:12;3MS:5,1,1,two_verbs,0,1,1,0,1,0,0,0,,2,0,,17,36,1
8,27,2,2,"2,3",2MP:8;3MP:2,1,1,two_verbs,0,1,1,0,1,0,0,0,,1,0,revelation,10,21,1
8,28,2,2,"2,3",2MP:4;3MS:1,1,0,,0,1,1,0,1,0,0,0,,0,0,judgment,5,18,1
8,29,3,3,"2,3",2MP:6;3MP:2;3MS:3,1,1,two_verbs,0,1,1,0,1,0,1,1,2->3,2,0,mercy,11,30,1
8,30,3,3,"2,3",2MS:4;3MP:10;3MS:2,1,1,verb_plus_indep_pron,0,1,1,0,1,0,0,0,,0,0,,16,31,1
8,31,1,1,"1,3",1P:6;3FS:1;3MP:3,1,1,two_verbs,1,0,1,0,0,1,1,1,3->1,1,0,,10,25,1
8,32,3,3,"1,2,3",1P:2;2MS:3;3MP:2;3MS:2,2,1,two_verbs,1,1,1,1,1,1,1,1,1->3,1,1,"judgment,creation",9,29,1
8,33,3,3,"2,3",2MS:1;3MP:6;3MS:3,1,1,verb_plus_indep_pron,0,1,1,0,1,0,0,0,,0,0,,10,21,1
8,34,3,3,3,3MP:10;3MS:3,0,0,,0,0,1,0,0,0,0,0,,0,0,,13,37,1
8,35,2,2,"2,3",2MP:6;3MP:1;3MS:1,1,1,two_verbs,0,1,1,0,1,0,1,1,3->2,1,0,"judgment,prayer",8,23,1
8,36,3,3,3,3FS:2;3MP:16,0,0,,0,0,1,0,0,0,1,1,2->3,0,0,judgment,18,35,1
8,37,3,3,3,3MP:1;3MS:7,0,0,,0,0,1,0,0,0,0,0,,0,0,judgment,8,29,1
8,38,3,3,"2,3",2MS:1;3FS:1;3MP:7;3MS:2,1,1,two_verbs,0,1,1,0,1,0,0,0,,1,0,,11,24,1
8,39,3,3,"2,3",2MP:2;3FS:1;3MP:5;3MS:2,1,1,two_verbs,0,1,1,0,1,0,0,0,,1,0,,10,28,1
8,40,3,3,"2,3",2MP:3;3MP:2;3MS:2,1,1,two_verbs,0,1,1,0,1,0,0,0,,2,0,,7,18,1
8,41,2,2,"1,2,3",1P:3;2MP:8;3MS:2,2,1,two_verbs,1,1,1,1,1,1,1,1,3->2,2,0,"judgment,revelation",13,61,1
8,42,3,3,"2,3",2MP:6;3MP:1;3MS:6,1,1,two_verbs,0,1,1,0,1,0,1,1,2->3,1,0,,13,56,1
8,43,3,3,"2,3",2MP:4;2MS:2;3MP:2;3MS:4,1,1,two_verbs,0,1,1,0,1,0,0,0,,2,0,,12,35,1
8,44,3,3,"2,3",2MP:5;3FS:1;3MP:2;3MS:4,1,1,two_verbs,0,1,1,0,1,0,0,0,,2,0,,12,30,1
8,45,2,2,"2,3",2MP:9;3MP:2,1,1,two_verbs,0,1,1,0,1,0,1,1,3->2,1,0,,11,21,1
8,46,2,2,"2,3",2MP:9;3FS:1;3MS:1,1,1,two_verbs,0,1,1,0,1,0,0,0,,2,0,revelation,11,26,1
8,47,3,3,"2,3",2MP:2;3MP:7,1,1,two_verbs,0,1,1,0,1,0,1,1,2->3,1,0,,9,29,1
8,48,3,3,"1,2,3",1S:6;2MP:5;3FS:1;3MP:2;3MS:5,2,1,two_verbs,1,1,1,1,1,1,0,0,,3,1,,19,58,1
8,49,3,3,3,3MP:2;3MS:3,0,0,,0,0,1,0,0,0,0,0,,0,1,,5,24,1
8,50,3,3,"2,3",2MP:2;2MS:1;3MP:6;3MS:1,1,1,two_verbs,0,1,1,0,1,0,0,0,,2,0,judgment,10,23,1
8,51,3,3,"2,3",2MP:1;3FS:1;3MS:1,1,0,,0,1,1,0,1,0,0,0,,0,0,,3,15,1
8,52,3,3,3,3MP:5;3MS:1,0,0,,0,0,1,0,0,0,0,0,,0,0,"revelation,prophets",6,27,1
8,53,3,3,3,3FS:1;3MP:3;3MS:2,0,0,,0,0,1,0,0,0,0,0,,0,0,,6,24,1
8,54,3,3,"1,3",1P:4;3MP:8,1,1,two_verbs,1,0,1,0,0,1,0,0,,2,0,"revelation,prophets",12,32,1
8,55,3,3,3,3MP:5,0,0,,0,0,1,0,0,0,0,0,,0,0,,5,14,1
8,56,3,3,"2,3",2MS:2;3MP:7,1,1,two_verbs,0,1,1,0,1,0,0,0,,1,0,,9,18,1
8,57,3,3,"2,3",2MS:2;3MP:6,1,1,two_verbs,0,1,1,0,1,0,0,0,,1,0,,8,20,1
8,58,2,2,"2,3",2MS:2;3MP:1;3MS:1,1,1,two_verbs,0,1,1,0,1,0,1,1,3->2,1,0,,4,20,1
8,59,3,3,3,3MP:7;3MS:1,0,0,,0,0,1,0,0,0,1,1,2->3,0,0,,8,14,1
8,60,2,2,"2,3",2MP:15;3MP:4;3MS:3,1,1,two_verbs,0,1,1,0,1,0,1,1,3->2,4,0,,22,53,1
8,61,3,3,"2,3",2MS:2;3FS:1;3MP:2;3MS:2,1,1,two_verbs,0,1,1,0,1,0,1,1,2->3,1,0,,7,22,1
8,62,3,3,"2,3",2MS:3;3MP:4;3MS:3,1,0,,0,1,1,0,1,0,0,0,,0,0,,10,24,1
8,63,3,3,"2,3",2MS:4;3MP:3;3MS:3,1,1,two_verbs,0,1,1,0,1,0,0,0,,2,0,creation,10,29,1
8,64,2,2,"2,3",2MS:2;3MS:1,1,0,,0,1,1,0,1,0,1,1,3->2,0,0,,3,14,1
8,65,3,3,"2,3",2MP:2;2MS:1;3MP:9;3MS:2,1,1,two_verbs,0,1,1,0,1,0,1,1,2->3,1,0,,14,39,1
8,66,3,3,"2,3",2MP:4;3MP:4;3MS:4,1,0,,0,1,1,0,1,0,0,0,,0,0,,12,39,1
8,67,3,3,"2,3",2MP:2;3MS:5,1,1,two_verbs,0,1,1,0,1,0,0,0,,2,0,,7,28,1
8,68,2,2,"2,3",2MP:3;3MS:2,1,1,two_verbs,0,1,1,0,1,0,1,1,3->2,1,0,judgment,5,14,1
8,69,2,2,2,2MP:6,0,0,,0,1,0,0,0,0,0,0,,0,0,"mercy,law",6,17,1
8,70,3,3,"2,3",2MP:5;2MS:1;3MS:4,1,1,two_verbs,0,1,1,0,1,0,1,1,2->3,1,0,mercy,10,36,1
8,71,3,3,"2,3",2MS:1;3MP:5;3MS:1,1,0,,0,1,1,0,1,0,0,0,,0,0,,7,21,1
8,72,3,3,"2,3",2MP:6;3MP:23,1,1,two_verbs,0,1,1,0,1,0,0,0,,1,0,,29,79,1
8,73,3,3,"2,3",2MP:2;3FS:1;3MP:3;3MS:1,1,1,two_verbs,0,1,1,0,1,0,0,0,,2,0,creation,7,21,1
8,74,3,3,3,3MP:12,0,0,,0,0,1,0,0,0,0,0,,0,0,,12,31,1
8,75,3,3,"2,3",2MP:2;3MP:7,1,0,,0,1,1,0,1,0,0,0,,0,0,,9,36,1
9,1,2,2,"2,3",2MP:2;3MS:1,1,0,,0,1,1,0,1,0,0,0,,0,0,revelation,3,13,1
9,2,2,2,2,2MP:5,0,0,,0,1,0,0,0,0,0,0,,0,0,,5,22,1
9,3,2,2,"2,3",2MP:8;2MS:1;3MP:2;3MS:3,1,1,two_verbs,0,1,1,0,1,0,0,0,,1,0,"judgment,revelation,prayer",14,53,1
9,4,3,3,"2,3",2MP:6;3MP:7;3MS:1,1,1,two_verbs,0,1,1,0,1,0,1,1,2->3,3,0,,14,35,1
9,5,2,2,"2,3",2MP:12;3MP:11;3MS:1,1,1,two_verbs,0,1,1,0,1,0,1,1,3->2,3,0,"mercy,law,prayer",24,54,1
9,6,3,3,"2,3",2MS:3;3MP:3;3MS:5,1,1,two_verbs,0,1,1,0,1,0,1,1,2->3,4,0,,11,28,1
9,7,3,3,"2,3",2MP:5;3MP:3;3MS:3,1,1,two_verbs,0,1,1,0,1,0,0,0,,4,0,revelation,11,37,1
9,8,3,3,"2,3",2MP:3;3FS:1;3MP:9,1,0,,0,1,1,0,1,0,0,0,,0,0,,13,30,1
9,9,3,3,3,3MP:9;3MS:2,0,0,,0,0,1,0,0,0,0,0,,0,0,revelation,11,21,1
9,10,3,3,3,3MP:3,0,0,,0,0,1,0,0,0,0,0,,0,0,,3,14,1
9,11,3,3,"1,2,3",1P:1;2MP:1;3MP:8,2,1,two_verbs,1,1,1,1,1,1,0,0,,2,0,"law,prayer",10,28,1
9,12,3,3,"2,3",2MP:3;3MP:11,1,1,two_verbs,0,1,1,0,1,0,0,0,,2,0,,14,32,1
9,13,2,2,"2,3",2MP:9;3MP:9;3MS:1,1,1,two_verbs,0,1,1,0,1,0,1,1,3->2,2,0,revelation,19,38,1
9,14,3,3,"2,3",2MP:4;3MP:4;3MS:4,1,1,two_verbs,0,1,1,0,1,0,1,1,2->3,1,0,,12,22,1
9,15,3,3,3,3MP:1;3MS:3,0,0,,0,0,1,0,0,0,0,0,,0,0,,4,15,1
9,16,2,2,"2,3",2MP:7;3MP:4;3MS:2,1,1,two_verbs,0,1,1,0,1,0,1,1,3->2,2,0,revelation,13,38,1
9,17,3,3,3,3FS:1;3MP:5;3MS:1,0,0,,0,0,1,0,0,0,1,1,2->3,0,0,judgment,7,27,1
9,18,3,3,3,3MP:2;3MS:6,0,0,,0,0,1,0,0,0,0,0,,0,0,"law,prayer",8,36,1
9,19,3,3,"2,3",2MP:2;3MP:2;3MS:3,1,1,two_verbs,0,1,1,0,1,0,0,0,,1,0,,7,40,1
9,20,3,3,3,3MP:9,0,0,,0,0,1,0,0,0,0,0,,0,0,,9,27,1
9,21,3,3,3,3FS:1;3MP:3;3MS:2,0,0,,0,0,1,0,0,0,0,0,,0,0,mercy,6,18,1
9,22,3,3,3,3FS:1;3MS:1,0,0,,0,0,1,0,0,0,0,0,,0,0,judgment,2,10,0
9,23,3,3,"2,3",2MP:5;3MP:6;3MS:1,1,1,two_verbs,0,1,1,0,1,0,0,0,,2,0,,12,33,1
9,24,2,2,"2,3",2MP:14;2MS:1;3FS:3;3MS:6,1,1,two_verbs,0,1,1,0,1,0,1,1,3->2,3,0,revelation,24,63,1
9,25,3,3,"2,3",2MP:7;3FS:4;3MS:1,1,1,two_verbs,0,1,1,0,1,0,1,1,2->3,1,0,"judgment,creation",12,35,1
9,26,3,3,"2,3",2MP:2;3FS:1;3MP:2;3MS:5,1,1,two_verbs,0,1,1,0,1,0,0,0,,2,0,"judgment,revelation",10,29,1
9,27,3,3,3,3MS:2,0,0,,0,0,1,0,0,0,0,0,,0,0,mercy,2,13,1
9,28,3,3,"2,3",2MP:3;3MP:5;3MS:3,1,1,two_verbs,0,1,1,0,1,0,0,0,,2,0,,11,41,1
9,29,3,3,"2,3",2MP:2;3MP:11;3MS:2,1,1,two_verbs,0,1,1,0,1,0,0,0,,1,0,"revelation,law",15,48,1
9,30,3,3,3,3FS:2;3MP:9;3MS:1,0,0,,0,0,1,0,0,0,0,0,,0,0,,12,35,1
9,31,3,3,3,3MP:10;3MS:2,0,0,,0,0,1,0,0,0,0,0,,0,0,oneness,12,36,1
9,32,3,3,3,3MP:5;3MS:4,0,0,,0,0,1,0,0,0,0,0,,0,0,,9,23,1
9,33,3,3,3,3MS:7,0,0,,0,0,1,0,0,0,0,0,,0,0,revelation,7,25,1
9,34,3,3,"2,3",2MS:1;3FS:1;3MP:11,1,1,two_verbs,0,1,1,0,1,0,0,0,,1,0,judgment,13,51,1
9,35,2,2,"2,3",2MP:9;3FS:3;3MP:3;3MS:1,1,1,two_verbs,0,1,1,0,1,0,1,1,3->2,1,1,judgment,16,34,1
9,36,2,2,"2,3",2MP:8;3FP:1;3FS:1;3MP:2;3MS:1,1,1,two_verbs,0,1,1,0,1,0,0,0,,3,0,creation,13,56,1
9,37,3,3,3,3MP:12;3MS:8,0,0,,0,0,1,0,0,0,1,1,2->3,0,0,law,20,50,1
9,38,2,2,"2,3",2MP:8;3MP:2;3MS:1,1,1,two_verbs,0,1,1,0,1,0,1,1,3->2,1,0,creation,11,45,1
9,39,2,2,"2,3",2MP:6;3MS:3,1,1,two_verbs,0,1,1,0,1,0,0,0,,2,0,judgment,9,24,1
9,40,3,3,"1,2,3",1P:1;2MP:4;3D:1;3FS:3;3MP:4;3MS:13,2,1,two_verbs,1,1,1,1,1,1,1,1,2->3,3,1,revelation,26,67,1
9,41,2,2,2,2MP:11,0,0,,0,1,0,0,0,0,1,1,3->2,0,0,,11,26,1
9,42,3,3,"1,2,3",1P:4;2MP:1;2MS:1;3FS:1;3MP:9;3MS:2,2,1,two_verbs,1,1,1,1,1,1,1,1,2->3,2,0,,18,43,1
9,43,3,3,"2,3",2MS:5;3MP:3;3MS:2,1,1,two_verbs,0,1,1,0,1,0,0,0,,3,0,,10,21,1
9,44,3,3,"2,3",2MS:1;3MP:6;3MS:1,1,0,,0,1,1,0,1,0,0,0,,0,0,,8,28,1
9,45,3,3,"2,3",2MS:1;3FS:1;3MP:7;3MS:1,1,0,,0,1,1,0,1,0,0,0,,0,0,,10,26,1
9,46,3,3,"2,3",2MP:2;3MP:6;3MS:4,1,1,two_verbs,0,1,1,0,1,0,0,0,,1,0,,12,28,1
9,47,3,3,"2,3",2MP:5;3MP:9,1,0,,0,1,1,0,1,0,0,0,,0,0,,14,34,1
9,48,3,3,"2,3",2MS:1;3MP:5;3MS:2,1,1,verb_plus_indep_pron,0,1,1,0,1,0,0,0,,0,0,,8,26,1
9,49,3,3,"1,2,3",1S:2;2MS:1;3FS:1;3MP:3;3MS:1,2,1,two_verbs,1,1,1,1,1,1,0,0,,2,0,judgment,8,26,1
9,50,3,3,"1,2,3",1P:3;2MS:4;3FS:1;3MP:6,2,1,two_verbs,1,1,1,1,1,1,0,0,,5,0,,14,26,1
9,51,3,3,"1,2,3",1P:3;2MS:1;3MS:4,2,1,two_verbs,1,1,1,1,1,1,0,0,,1,0,,8,21,1
9,52,2,2,"1,2,3",1P:5;2MP:7;2MS:1;3MS:2,2,1,two_verbs,1,1,1,1,1,1,1,1,3->2,3,0,judgment,15,36,1
9,53,2,2,"2,3",2MP:6;2MS:1;3MS:1,1,1,two_verbs,0,1,1,0,1,0,0,0,,2,0,,8,16,1
9,54,3,3,3,3FS:1;3MP:12;3MS:2,0,0,,0,0,1,0,0,0,1,1,2->3,0,0,"revelation,prayer",15,39,1
9,55,3,3,"2,3",2MS:2;3FS:2;3MP:5;3MS:2,1,1,two_verbs,0,1,1,0,1,0,0,0,,1,0,,11,31,1
9,56,3,3,"2,3",2MP:2;3MP:7,1,0,,0,1,1,0,1,0,0,0,,0,0,,9,21,1
9,57,3,3,3,3MP:7;3MS:1,0,0,,0,0,1,0,0,0,0,0,,0,0,,8,17,1
9,58,3,3,"2,3",2MS:1;3FS:2;3MP:10;3MS:1,1,0,,0,1,1,0,1,0,0,0,,0,0,,14,28,1
9,59,3,3,"1,3",1P:3;3MP:6;3MS:5,1,0,,1,0,1,0,0,1,0,0,,0,1,revelation,14,34,1
9,60,3,3,3,3FS:1;3MP:1,0,0,,0,0,1,0,0,0,0,0,,0,0,law,2,42,0
9,61,3,3,"2,3",2MP:2;2MS:1;3MP:10;3MS:3,1,1,two_verbs,0,1,1,0,1,0,0,0,,2,0,"judgment,mercy,revelation",16,44,1
9,62,3,3,"2,3",2MP:2;3MP:8;3MS:2,1,1,verb_plus_indep_pron,0,1,1,0,1,0,0,0,,0,0,revelation,12,24,1
9,63,3,3,3,3FS:1;3MP:2;3MS:4,0,0,,0,0,1,0,0,0,0,0,,0,0,"judgment,revelation",7,26,1
9,64,3,3,"2,3",2MP:4;2MS:1;3FS:2;3MP:3;3MS:1,1,1,two_verbs,0,1,1,0,1,0,0,0,,1,0,revelation,11,24,1
9,65,2,2,"1,2,3",1P:4;2MP:4;2MS:3;3MP:2;3MS:2,2,1,two_verbs,1,1,1,1,1,1,1,1,3->2,3,0,revelation,15,30,1
9,66,2,2,"1,2,3",1P:2;2MP:6;3MP:3,2,1,two_verbs,1,1,1,1,1,1,0,0,,2,0,,11,23,1
9,67,3,3,3,3MP:12;3MS:1,0,0,,0,0,1,0,0,0,1,1,2->3,0,0,,13,37,1
9,68,3,3,3,3FS:2;3MP:3;3MS:2,0,0,,0,0,1,0,0,0,0,0,,0,0,judgment,7,27,1
9,69,3,3,"2,3",2MP:8;3FS:1;3MP:10;3MS:1,1,1,two_verbs,0,1,1,0,1,0,0,0,,4,0,,20,60,1
9,70,3,3,3,3FS:1;3MP:10;3MS:3,0,0,,0,0,1,0,0,0,0,0,,0,0,prophets,14,46,1
9,71,3,3,3,3MP:12;3MS:2,0,0,,0,0,1,0,0,0,0,0,,0,0,"mercy,revelation,law,prayer",14,47,1
9,72,3,3,3,3FS:3;3MS:2,0,0,,0,0,1,0,0,0,0,0,,0,0,,5,34,1
9,73,2,2,"2,3",2MS:2;3MP:2;3MS:1,1,1,two_verbs,0,1,1,0,1,0,1,1,3->2,1,0,judgment,5,22,1
9,74,3,3,"1,3",1S:1;3MP:23;3MS:4,1,1,two_verbs,1,0,1,0,0,1,1,1,2->3,2,1,"judgment,revelation,creation",28,79,1
9,75,1,1,"1,3",1P:3;1S:1;3MP:1;3MS:2,1,1,two_verbs,1,0,1,0,0,1,1,1,3->1,1,0,,7,23,1
9,76,3,3,3,3MP:6;3MS:3,0,0,,0,0,1,0,0,0,1,1,1->3,0,0,,9,17,1
9,77,3,3,3,3MP:12;3MS:3,0,0,,0,0,1,0,0,0,0,0,,0,0,,15,28,1
9,78,3,3,3,3MP:4;3MS:1,0,0,,0,0,1,0,0,0,0,0,,0,0,,5,18,1
9,79,3,3,3,3MP:10;3MS:1,0,0,,0,0,1,0,0,0,0,0,,0,0,judgment,11,33,1
9,80,3,3,"2,3",2MS:3;3MP:7;3MS:3,1,1,two_verbs,0,1,1,0,1,0,0,0,,1,0,"mercy,revelation",13,39,1
9,81,3,3,"2,3",2MP:2;2MS:1;3MP:13;3MS:1,1,1,two_verbs,0,1,1,0,1,0,0,0,,2,1,"judgment,revelation",17,43,1
9,82,3,3,3,3MP:8,0,0,,0,0,1,0,0,0,0,0,,0,0,judgment,8,17,1
9,83,2,2,"1,2,3",1S:2;2MP:9;2MS:3;3MP:3;3MS:1,2,1,two_verbs,1,1,1,1,1,1,1,1,3->2,1,0,,18,46,1
9,84,3,3,"2,3",2MS:1;3FS:1;3MP:7;3MS:3,1,1,two_verbs,0,1,1,0,1,0,1,1,2->3,2,0,"revelation,prayer",12,30,1
9,85,3,3,"2,3",2MS:2;3FS:2;3MP:5;3MS:2,1,1,two_verbs,0,1,1,0,1,0,0,0,,1,0,,11,28,1
9,86,2,2,"1,2,3",1P:2;2MP:4;2MS:2;3FS:1;3MP:3;3MS:2,2,1,two_verbs,1,1,1,1,1,1,1,1,3->2,4,1,revelation,14,31,1
9,87,3,3,3,3MP:8;3MS:1,0,0,,0,0,1,0,0,0,1,1,2->3,0,0,,9,19,1
9,88,3,3,3,3MP:8;3MS:1,0,0,,0,0,1,0,0,0,0,0,,0,0,revelation,9,28,1
9,89,3,3,3,3FS:3;3MP:1;3MS:1,0,0,,0,0,1,0,0,0,0,0,,0,0,,5,19,1
9,90,3,3,3,3MP:6;3MS:5,0,0,,0,0,1,0,0,0,0,0,,0,0,"judgment,revelation",11,29,1
9,91,3,3,3,3MP:6;3MS:2,0,0,,0,0,1,0,0,0,0,0,,0,0,"mercy,revelation",8,38,1
9,92,3,3,"1,2,3",1S:2;2MP:1;2MS:4;3FS:1;3MP:10;3MS:1,2,1,two_verbs,1,1,1,1,1,1,0,0,,3,1,,19,38,1
9,93,3,3,"2,3",2MS:1;3MP:11;3MS:1,1,0,,0,1,1,0,1,0,0,0,,0,0,,13,32,1
9,94,2,2,"1,2,3",1P:2;2MP:15;2MS:1;3MP:3;3MS:4,2,1,two_verbs,1,1,1,1,1,1,1,1,3->2,6,0,revelation,25,52,1
9,95,3,3,"2,3",2MP:7;3MP:11,1,1,two_verbs,0,1,1,0,1,0,1,1,2->3,2,0,judgment,18,36,1
9,96,2,2,"2,3",2MP:5;3MP:4;3MS:1,1,1,two_verbs,0,1,1,0,1,0,1,1,3->2,2,0,,10,25,1
9,97,3,3,3,3MP:2;3MS:2,0,0,,0,0,1,0,0,0,1,1,2->3,0,0,revelation,4,23,1
9,98,3,3,"2,3",2MP:1;3MP:1;3MS:3,1,1,verb_plus_indep_pron,0,1,1,0,1,0,0,0,,0,0,,5,24,1
9,99,3,3,3,3FS:1;3MP:2;3MS:5,0,0,,0,0,1,0,0,0,0,0,,0,0,"mercy,revelation",8,41,1
9,100,3,3,3,3FS:3;3MP:7;3MS:3,0,0,,0,0,1,0,0,0,0,0,,0,0,,13,46,1
9,101,3,3,"1,2,3",1P:3;2MP:1;2MS:1;3MP:7,2,1,two_verbs,1,1,1,1,1,1,0,0,,3,0,judgment,12,35,1
9,102,3,3,3,3MP:6;3MS:2,0,0,,0,0,1,0,0,0,0,0,,0,0,mercy,8,24,1
9,103,3,3,"2,3",2MS:3;3FS:3;3MP:5,1,1,two_verbs,0,1,1,0,1,0,0,0,,2,0,,11,26,1
9,104,3,3,3,3MP:2;3MS:5,0,0,,0,0,1,0,0,0,0,0,,0,0,mercy,7,25,1
9,105,2,2,"2,3",2MP:10;2MS:1;3MS:3,1,1,two_verbs,0,1,1,0,1,0,1,1,3->2,4,0,revelation,14,36,1
9,106,3,3,3,3MP:2;3MS:2,0,0,,0,0,1,0,0,0,1,1,2->3,0,0,mercy,4,18,1
9,107,3,3,"1,3",1P:2;3MP:4;3MS:3,1,1,two_verbs,1,0,1,0,0,1,0,0,,2,0,revelation,9,41,1
9,108,3,3,"2,3",2MS:2;3MP:4;3MS:5,1,1,two_verbs,0,1,1,0,1,0,0,0,,3,0,prayer,11,32,1
9,109,3,3,3,3MS:7,0,0,,0,0,1,0,0,0,0,0,,0,0,judgment,7,37,1
9,110,3,3,3,3FS:1;3MP:5;3MS:1,0,0,,0,0,1,0,0,0,0,0,,0,0,,7,20,1
9,111,3,3,"2,3",2MP:5;3MP:9;3MS:5,1,1,two_verbs,0,1,1,0,1,0,0,0,,1,0,judgment,19,67,1
9,112,2,2,2,2MS:1,0,0,,0,1,0,0,0,0,1,1,3->2,0,0,prayer,1,33,1
9,113,3,3,3,3MP:8;3MS:2,0,0,,0,0,1,0,0,0,1,1,2->3,0,0,,10,32,1
9,114,3,3,3,3FS:1;3MS:9,0,0,,0,0,1,0,0,0,0,0,,0,0,prophets,10,32,1
9,115,3,3,3,3MP:4;3MS:4,0,0,,0,0,1,0,0,0,0,0,,0,0,,8,24,1
9,116,3,3,"2,3",2MP:1;3MS:3,1,1,verb_plus_indep_pron,0,1,1,0,1,0,0,0,,0,0,creation,4,25,1
9,117,3,3,3,3MP:5;3MS:6,0,0,,0,0,1,0,0,0,0,0,,0,0,"judgment,mercy",11,40,1
9,118,3,3,3,3FS:3;3MP:10;3MS:3,0,0,,0,0,1,0,0,0,0,0,,0,0,"mercy,creation",16,48,1
9,119,2,2,"2,3",2MP:4;3MP:2,1,1,two_verbs,0,1,1,0,1,0,1,1,3->2,1,0,,6,14,1
9,120,3,3,3,3MP:13;3MS:7,0,0,,0,0,1,0,0,0,1,1,2->3,0,0,"judgment,revelation",20,76,1
9,121,3,3,3,3MP:10;3MS:2,0,0,,0,0,1,0,0,0,0,0,,0,0,judgment,12,28,1
9,122,3,3,3,3MP:14;3MS:2,0,0,,0,0,1,0,0,0,0,0,,0,0,,16,39,1
9,123,3,3,"2,3",2MP:6;3MP:6,1,1,two_verbs,0,1,1,0,1,0,0,0,,3,0,,12,29,1
9,124,3,3,"2,3",2MP:1;3FS:3;3MP:7;3MS:2,1,0,,0,1,1,0,1,0,0,0,,0,0,revelation,13,29,1
9,125,3,3,3,3FS:1;3MP:6,0,0,,0,0,1,0,0,0,0,0,,0,0,,7,20,1
9,126,3,3,3,3MP:10,0,0,,0,0,1,0,0,0,0,0,,0,0,,10,24,1
9,127,3,3,"2,3",2MP:1;3FS:1;3MP:7;3MS:3,1,0,,0,1,1,0,1,0,0,0,,0,0,revelation,12,29,1
9,128,2,2,"2,3",2MP:5;3MS:2,1,1,two_verbs,0,1,1,0,1,0,1,1,3->2,1,0,"mercy,revelation",7,22,1
9,129,3,3,"1,2,3",1S:3;2MS:1;3MP:2;3MS:3,2,1,two_verbs,1,1,1,1,1,1,1,1,2->3,2,0,oneness,9,24,1
10,1,,3,,,0,0,,0,0,0,0,0,0,0,0,,0,0,revelation,0,7,0
10,2,3,3,"1,2,3",1P:2;2MS:2;3MP:5;3MS:2,2,1,two_verbs,1,1,1,1,1,1,0,0,,3,0,revelation,11,38,1
10,3,2,2,"2,3",2MP:6;3MS:5,1,1,two_verbs,0,1,1,0,1,0,1,1,3->2,1,0,creation,11,43,1
10,4,3,3,"2,3",2MP:1;3MP:11;3MS:6,1,0,,0,1,1,0,1,0,1,1,2->3,0,0,judgment,18,47,1
10,5,3,3,"2,3",2MP:2;3MP:2;3MS:6,1,1,two_verbs,0,1,1,0,1,0,0,0,,2,0,"revelation,creation",10,38,1
10,6,3,3,3,3MP:2;3MS:1,0,0,,0,0,1,0,0,0,0,0,,0,0,"revelation,creation",3,24,1
10,7,3,3,"1,3",1P:2;3FS:1;3MP:7,1,0,,1,0,1,0,0,1,0,0,,0,0,revelation,10,27,1
10,8,3,3,3,3MP:5,0,0,,0,0,1,0,0,0,0,0,,0,0,judgment,5,11,1
10,9,3,3,3,3FS:1;3MP:8;3MS:1,0,0,,0,0,1,0,0,0,0,0,,0,0,,10,26,1
10,10,3,3,"2,3",2MS:1;3FS:2;3MP:3,1,0,,0,1,1,0,1,0,0,0,,0,0,,6,26,0
10,11,3,3,"1,3",1P:2;3MP:8;3MS:2,1,1,two_verbs,1,0,1,0,0,1,0,0,,2,0,,12,33,1
10,12,3,3,"1,3",1P:4;3MP:4;3MS:10,1,1,two_verbs,1,0,1,0,0,1,0,0,,2,0,,18,45,1
10,13,3,3,"1,2,3",1P:3;2MP:1;3FS:1;3MP:8,2,1,two_verbs,1,1,1,1,1,1,0,0,,2,0,judgment,13,35,1
10,14,1,1,"1,2,3",1P:3;2MP:3;3MP:1,2,1,two_verbs,1,1,1,1,1,1,1,1,3->1,1,0,,7,16,1
10,15,1,1,"1,2,3",1P:2;1S:10;2MS:3;3FS:1;3MP:3;3MS:5,2,1,two_verbs,1,1,1,1,1,1,0,0,,5,0,"judgment,revelation",24,53,1
10,16,2,2,"1,2,3",1S:4;2MP:5;2MS:1;3MS:5,2,1,two_verbs,1,1,1,1,1,1,1,1,1->2,5,0,,15,31,1
10,17,3,3,3,3MS:5,0,0,,0,0,1,0,0,0,1,1,2->3,0,0,revelation,5,20,1
10,18,3,3,"1,2,3",1P:1;2MP:2;2MS:1;3MP:8;3MS:5,2,1,two_verbs,1,1,1,1,1,1,0,0,,2,0,creation,17,47,1
10,19,3,3,"2,3",2MS:1;3FS:1;3MP:5;3MS:3,1,0,,0,1,1,0,1,0,0,0,,0,0,,10,28,1
10,20,3,3,"1,2,3",1S:1;2MP:3;2MS:1;3MP:2;3MS:3,2,1,two_verbs,1,1,1,1,1,1,0,0,,1,0,revelation,10,29,1
10,21,3,3,"1,2,3",1P:4;2MP:2;2MS:1;3FS:1;3MP:4,2,1,two_verbs,1,1,1,1,1,1,0,0,,4,0,mercy,12,31,1
10,22,3,3,"1,2,3",1P:2;2MP:3;2MS:2;3FP:2;3FS:3;3MP:10;3MS:5,2,1,two_verbs,1,1,1,1,1,1,0,0,,4,0,,27,71,1
10,23,2,2,"1,2,3",1P:2;2MP:8;3MP:4;3MS:1,2,1,two_verbs,1,1,1,1,1,1,1,1,3->2,2,0,creation,15,45,1
10,24,3,3,"1,3",1P:6;3FS:8;3MP:3;3MS:6,1,1,two_verbs,1,0,1,0,0,1,1,1,2->3,5,0,"revelation,creation",23,76,1
10,25,3,3,3,3MS:3,0,0,,0,0,1,0,0,0,0,0,,0,0,,3,14,1
10,26,3,3,3,3FS:1;3MP:4;3MS:1,0,0,,0,0,1,0,0,0,0,0,,0,0,judgment,6,25,1
10,27,3,3,3,3FS:4;3MP:6,0,0,,0,0,1,0,0,0,0,0,,0,0,judgment,10,40,1
10,28,2,2,"1,2,3",1P:5;2MP:7;3MP:5;3MS:1,2,1,two_verbs,1,1,1,1,1,1,1,1,3->2,4,1,oneness,18,32,1
10,29,1,1,"1,2,3",1P:3;2MP:2;3MS:1,2,1,two_verbs,1,1,1,1,1,1,1,1,2->1,1,0,law,6,18,1
10,30,3,3,3,3FS:2;3MP:8;3MS:1,0,0,,0,0,1,0,0,0,1,1,1->3,0,0,,11,24,1
10,31,3,3,"2,3",2MP:3;2MS:2;3MP:2;3MS:5,1,1,two_verbs,0,1,1,0,1,0,0,0,,2,1,creation,12,50,1
10,32,2,2,2,2MP:3,0,0,,0,1,0,0,0,0,1,1,3->2,0,0,,3,19,1
10,33,3,3,"2,3",2MS:1;3FS:1;3MP:5,1,0,,0,1,1,0,1,0,1,1,2->3,0,0,,7,15,1
10,34,3,3,"2,3",2MP:3;2MS:2;3MS:6,1,1,two_verbs,0,1,1,0,1,0,0,0,,4,0,oneness,11,24,1
10,35,3,3,"2,3",2MP:4;2MS:2;3MS:6,1,1,two_verbs,0,1,1,0,1,0,0,0,,4,0,oneness,12,40,1
10,36,3,3,3,3MP:3;3MS:2,0,0,,0,0,1,0,0,0,0,0,,0,0,,5,23,1
10,37,3,3,3,3MS:4,0,0,,0,0,1,0,0,0,0,0,,0,0,revelation,4,30,1
10,38,2,2,"2,3",2MP:8;2MS:1;3MP:2;3MS:3,1,1,two_verbs,0,1,1,0,1,0,1,1,3->2,1,0,,14,26,1
10,39,3,3,"2,3",2MS:1;3MP:6;3MS:5,1,1,two_verbs,0,1,1,0,1,0,1,1,2->3,2,0,,12,31,1
10,40,3,3,"2,3",2MS:1;3MP:2;3MS:4,1,0,,0,1,1,0,1,0,0,0,,0,0,,7,22,1
10,41,2,2,"1,2,3",1S:4;2MP:5;2MS:2;3MP:2,2,1,two_verbs,1,1,1,1,1,1,1,1,3->2,3,0,,13,28,1
10,42,3,3,"2,3",2MS:2;3FS:1;3MP:7,1,1,verb_plus_indep_pron,0,1,1,0,1,0,1,1,2->3,0,0,,10,21,1
10,43,3,3,"2,3",2MS:2;3FS:1;3MP:5;3MS:1,1,1,verb_plus_indep_pron,0,1,1,0,1,0,0,0,,0,0,,9,20,1
10,44,3,3,3,3MP:3;3MS:1,0,0,,0,0,1,0,0,0,0,0,,0,0,,4,15,1
10,45,3,3,3,3MP:10;3MS:2,0,0,,0,0,1,0,0,0,0,0,,0,0,judgment,12,31,1
10,46,1,1,"1,2,3",1P:4;2MS:2;3MP:4,2,1,two_verbs,1,1,1,1,1,1,1,1,3->1,1,0,law,10,25,1
10,47,3,3,3,3MP:5;3MS:2,0,0,,0,0,1,0,0,0,1,1,1->3,0,0,revelation,7,21,1
10,48,2,2,"2,3",2MP:2;3MP:2,1,1,two_verbs,0,1,1,0,1,0,1,1,3->2,1,0,,4,11,1
10,49,3,3,"1,2,3",1S:2;2MS:1;3MP:5;3MS:2,2,1,two_verbs,1,1,1,1,1,1,1,1,2->3,2,0,judgment,10,31,1
10,50,2,2,"2,3",2MP:3;2MS:1;3MS:4,1,1,two_verbs,0,1,1,0,1,0,1,1,3->2,1,0,judgment,8,18,1
10,51,2,2,"2,3",2MP:6;3MS:3,1,1,two_verbs,0,1,1,0,1,0,0,0,,1,0,,9,20,1
10,52,2,2,"2,3",2MP:8;3MP:2;3MS:1,1,1,two_verbs,0,1,1,0,1,0,0,0,,1,1,judgment,11,21,1
10,53,3,3,"1,2,3",1S:1;2MP:1;2MS:2;3MP:2;3MS:2,2,1,two_verbs,1,1,1,1,1,1,1,1,2->3,1,0,,8,21,1
10,54,3,3,3,3FS:2;3MP:8;3MS:2,0,0,,0,0,1,0,0,0,0,0,,0,0,"judgment,creation",12,37,1
10,55,3,3,3,3MP:3,0,0,,0,0,1,0,0,0,0,0,,0,0,creation,3,23,1
10,56,3,3,"2,3",2MP:2;3MS:4,1,1,two_verbs,0,1,1,0,1,0,0,0,,1,0,,6,9,1
10,57,2,2,"2,3",2MP:2;3FS:1,1,0,,0,1,1,0,1,0,1,1,3->2,0,0,mercy,3,25,1
10,58,3,3,"2,3",2MS:1;3MP:4;3MS:2,1,1,two_verbs,0,1,1,0,1,0,1,1,2->3,1,0,mercy,7,21,1
10,59,2,2,"2,3",2MP:8;2MS:2;3MS:3,1,1,two_verbs,0,1,1,0,1,0,1,1,3->2,4,0,"revelation,law",13,30,1
10,60,3,3,3,3MP:5,0,0,,0,0,1,0,0,0,1,1,2->3,0,0,judgment,5,28,1
10,61,2,2,"1,2,3",1P:2;2MP:5;2MS:3;3MS:3,2,1,two_verbs,1,1,1,1,1,1,1,1,3->2,3,0,"revelation,creation,law",13,58,1
10,62,3,3,3,3MP:4,0,0,,0,0,1,0,0,0,1,1,2->3,0,0,,4,13,1
10,63,3,3,3,3MP:6,0,0,,0,0,1,0,0,0,0,0,,0,0,,6,8,1
10,64,3,3,3,3MP:1;3MS:1,0,0,,0,0,1,0,0,0,0,0,,0,0,,2,24,0
10,65,3,3,"2,3",2MS:1;3MP:1;3MS:2,1,0,,0,1,1,0,1,0,0,0,,0,0,,4,17,1
10,66,3,3,3,3MP:7;3MS:1,0,0,,0,0,1,0,0,0,0,0,,0,0,"oneness,creation",8,35,1
10,67,3,3,"2,3",2MP:3;3MP:2;3MS:3,1,1,two_verbs,0,1,1,0,1,0,0,0,,2,0,revelation,8,25,1
10,68,3,3,"2,3",2MP:5;3MP:2;3MS:4,1,1,two_verbs,0,1,1,0,1,0,0,0,,1,1,creation,11,37,1
10,69,3,3,"2,3",2MS:1;3MP:4,1,1,two_verbs,0,1,1,0,1,0,0,0,,1,0,,5,12,1
10,70,3,3,"1,3",1P:2;3MP:6,1,1,two_verbs,1,0,1,0,0,1,0,0,,1,0,judgment,8,22,1
10,71,2,2,"1,2,3",1S:7;2MP:11;2MS:1;3MP:1;3MS:5,2,1,two_verbs,1,1,1,1,1,1,1,1,3->2,5,1,"oneness,revelation,prophets",25,58,1
10,72,1,1,"1,2",1S:6;2MP:3,1,1,two_verbs,1,1,0,1,0,0,1,1,2->1,1,0,judgment,9,25,1
10,73,3,3,"1,2,3",1P:7;2MS:1;3MP:5;3MS:4,2,1,two_verbs,1,1,1,1,1,1,1,1,1->3,4,0,revelation,17,36,1
10,74,3,3,"1,3",1P:3;3MP:10;3MS:2,1,1,two_verbs,1,0,1,0,0,1,0,0,,2,0,,15,39,1
10,75,3,3,"1,3",1P:3;3MP:5;3MS:1,1,1,two_verbs,1,0,1,0,0,1,0,0,,1,0,"revelation,prophets",9,25,1
10,76,3,3,"1,3",1P:1;3MP:3;3MS:1,1,0,,1,0,1,0,0,1,0,0,,0,1,,5,16,1
10,77,3,3,"2,3",2MP:3;3MS:3,1,1,two_verbs,0,1,1,0,1,0,0,0,,2,1,prophets,6,19,1
10,78,2,2,"1,2,3",1P:6;2D:2;2MS:3;3FS:1;3MP:2;3MS:1,2,1,two_verbs,1,1,1,1,1,1,1,1,3->2,4,1,,15,33,1
10,79,2,2,"1,2,3",1S:1;2MP:2;3MS:1,2,1,two_verbs,1,1,1,1,1,1,0,0,,1,1,prophets,4,10,1
10,80,3,3,"2,3",2MP:3;3MP:1;3MS:2,1,1,two_verbs,0,1,1,0,1,0,1,1,2->3,1,1,prophets,6,14,1
10,81,3,3,"2,3",2MP:2;3MP:2;3MS:5,1,1,two_verbs,0,1,1,0,1,0,0,0,,2,1,prophets,9,25,1
10,82,3,3,3,3MS:3,0,0,,0,0,1,0,0,0,0,0,,0,0,,3,13,1
10,83,3,3,3,3MP:2;3MS:4,0,0,,0,0,1,0,0,0,0,0,,0,0,prophets,6,35,1
10,84,2,2,"1,2,3",1S:1;2MP:8;3MS:2,2,1,two_verbs,1,1,1,1,1,1,1,1,3->2,1,1,prophets,11,22,1
10,85,1,1,"1,2,3",1P:4;2MS:1;3MP:2,2,1,two_verbs,1,1,1,1,1,1,1,1,2->1,2,1,,7,18,1
10,86,2,2,"1,2",1P:1;2MS:2,1,0,,1,1,0,1,0,0,1,1,1->2,0,0,mercy,3,11,1
10,87,2,2,"1,2,3",1P:2;2D:1;2MD:2;2MP:5;2MS:1;3MS:1,2,1,two_verbs,1,1,1,1,1,1,0,0,,1,0,"prayer,prophets",12,32,1
10,88,3,3,"1,2,3",1P:3;2MS:6;3MP:8;3MS:2,2,1,two_verbs,1,1,1,1,1,1,1,1,2->3,4,1,"judgment,prophets",19,51,1
10,89,3,3,"2,3",2D:1;2MD:3;3FS:1;3MP:2;3MS:1,1,1,two_verbs,0,1,1,0,1,0,0,0,,2,1,,8,17,1
10,90,3,3,"1,3",1P:2;1S:3;3FS:1;3MP:1;3MS:7,1,1,two_verbs,1,0,1,0,0,1,0,0,,3,1,"oneness,prophets",14,43,1
10,91,2,2,2,2MS:4,0,0,,0,1,0,0,0,0,1,1,3->2,0,0,,4,14,1
10,92,2,2,"1,2",1P:2;2MS:4,1,1,two_verbs,1,1,0,1,0,0,0,0,,1,0,revelation,6,26,1
10,93,3,3,"1,2,3",1P:4;2MS:1;3MP:9;3MS:3,2,1,two_verbs,1,1,1,1,1,1,1,1,2->3,1,0,"judgment,prophets",17,42,1
10,94,2,2,"1,2,3",1P:2;2MS:7;3FS:1;3MP:2;3MS:1,2,1,two_verbs,1,1,1,1,1,1,1,1,3->2,3,0,revelation,13,38,1
10,95,3,3,"2,3",2MS:1;3FS:1;3MP:2,1,1,two_verbs,0,1,1,0,1,0,1,1,2->3,1,0,revelation,4,16,1
10,96,3,3,"2,3",2MS:1;3FS:1;3MP:3,1,0,,0,1,1,0,1,0,0,0,,0,0,,5,11,1
10,97,3,3,3,3FS:1;3MP:3,0,0,,0,0,1,0,0,0,0,0,,0,0,judgment,4,13,1
10,98,3,3,"1,3",1P:4;3FS:4;3MP:4;3MS:1,1,1,two_verbs,1,0,1,0,0,1,0,0,,1,0,"judgment,prophets",13,34,1
10,99,3,3,"2,3",2MS:2;3FS:1;3MP:3;3MS:2,1,1,verb_plus_indep_pron,0,1,1,0,1,0,0,0,,0,0,creation,8,24,1
10,100,3,3,3,3FS:1;3MP:2;3MS:2,0,0,,0,0,1,0,0,0,0,0,,0,0,,5,20,1
10,101,2,2,"2,3",2MP:2;2MS:1;3FS:1;3MP:2,1,1,two_verbs,0,1,1,0,1,0,1,1,3->2,1,0,"revelation,creation",6,23,1
10,102,3,3,"1,2,3",1S:1;2MP:3;2MS:1;3MP:5,2,1,two_verbs,1,1,1,1,1,1,1,1,2->3,1,0,,10,24,1
10,103,1,1,"1,3",1P:4;3MP:2,1,1,two_verbs,1,0,1,0,0,1,1,1,3->1,2,0,,6,16,1
10,104,1,1,"1,2,3",1S:6;2MP:5;2MS:1;3MS:1,2,1,two_verbs,1,1,1,1,1,1,0,0,,5,0,,13,37,1
10,105,2,2,2,2MS:3,0,0,,0,1,0,0,0,0,1,1,1->2,0,0,,3,16,1
10,106,2,2,"2,3",2MS:6;3MS:2,1,1,two_verbs,0,1,1,0,1,0,0,0,,2,0,,8,25,1
10,107,3,3,"2,3",2MS:2;3MS:10,1,0,,0,1,1,0,1,0,1,1,2->3,0,0,"oneness,mercy",12,40,1
10,108,3,3,"1,2,3",1S:1;2MP:3;2MS:1;3FS:1;3MS:6,2,1,two_verbs,1,1,1,1,1,1,0,0,,1,0,,12,39,1
10,109,2,2,"2,3",2MS:3;3MS:3,1,1,two_verbs,0,1,1,0,1,0,1,1,3->2,3,0,revelation,6,16,1
11,1,3,3,3,3FS:2;3MS:1,0,0,,0,0,1,0,0,0,0,0,,0,0,revelation,3,11,1
11,2,2,2,"1,2,3",1S:1;2MP:3;3MS:1,2,0,,1,1,1,1,1,1,1,1,3->2,0,0,revelation,5,15,1
11,3,2,2,"1,2,3",1S:2;2MP:9;3MS:4,2,1,two_verbs,1,1,1,1,1,1,0,0,,3,0,judgment,15,38,1
11,4,2,2,"2,3",2MP:1;3MS:1,1,0,,0,1,1,0,1,0,0,0,,0,0,,2,10,0
11,5,3,3,3,3MP:13;3MS:3,0,0,,0,0,1,0,0,0,1,1,2->3,0,0,,16,33,1
11,6,3,3,3,3FS:3;3MS:1,0,0,,0,0,1,0,0,0,0,0,,0,0,creation,4,23,1
11,7,3,3,"2,3",2MP:3;2MS:2;3MP:2;3MS:6,1,1,two_verbs,0,1,1,0,1,0,0,0,,2,0,creation,13,49,1
11,8,3,3,"1,3",1P:2;3MP:9;3MS:6,1,1,two_verbs,1,0,1,0,0,1,0,0,,1,0,judgment,17,37,1
11,9,1,1,"1,3",1P:5;3FS:1;3MS:2,1,0,,1,0,1,0,0,1,1,1,3->1,0,0,mercy,8,21,1
11,10,3,3,"1,3",1P:2;1S:1;3FS:1;3MS:5,1,1,two_verbs,1,0,1,0,0,1,1,1,1->3,1,0,,9,24,1
11,11,3,3,3,3MP:5,0,0,,0,0,1,0,0,0,0,0,,0,0,judgment,5,16,1
11,12,3,3,"2,3",2MS:4;3MP:2;3MS:6,1,1,verb_plus_indep_pron,0,1,1,0,1,0,0,0,,0,0,revelation,12,38,1
11,13,2,2,"2,3",2MP:8;2MS:1;3MP:2;3MS:3,1,1,two_verbs,0,1,1,0,1,0,1,1,3->2,1,0,,14,28,1
11,14,3,3,"2,3",2MP:4;3MP:2;3MS:2,1,1,two_verbs,0,1,1,0,1,0,1,1,2->3,2,0,"oneness,revelation",8,25,1
11,15,3,3,"1,3",1P:1;3FS:3;3MP:5;3MS:2,1,1,two_verbs,1,0,1,0,0,1,0,0,,2,0,,11,24,1
11,16,3,3,3,3FS:1;3MP:7;3MS:2,0,0,,0,0,1,0,0,0,0,0,,0,0,judgment,10,25,1
11,17,3,3,"2,3",2MS:1;3FS:1;3MP:4;3MS:12,1,0,,0,1,1,0,1,0,0,0,,0,0,"judgment,mercy,revelation,law,prophets",18,64,1
11,18,3,3,3,3MP:6;3MS:2,0,0,,0,0,1,0,0,0,0,0,,0,1,,8,32,1
11,19,3,3,3,3FS:1;3MP:6,0,0,,0,0,1,0,0,0,0,0,,0,0,,7,18,1
11,20,3,3,3,3MP:12;3MS:2,0,0,,0,0,1,0,0,0,0,0,,0,0,"judgment,creation",14,36,1
11,21,3,3,3,3MP:8;3MS:1,0,0,,0,0,1,0,0,0,0,0,,0,0,,9,15,1
11,22,3,3,3,3MP:2,0,0,,0,0,1,0,0,0,0,0,,0,0,,2,10,0
11,23,3,3,3,3FS:1;3MP:8,0,0,,0,0,1,0,0,0,0,0,,0,0,judgment,9,23,1
11,24,2,2,"2,3",2MP:2;3MD:2,1,1,two_verbs,0,1,1,0,1,0,1,1,3->2,1,0,,4,24,1
11,25,1,1,"1,2,3",1P:2;1S:1;2MP:1;3MS:1,2,1,verb_plus_indep_pron,1,1,1,1,1,1,1,1,2->1,0,0,"revelation,prophets",5,15,1
11,26,2,2,"1,2",1S:2;2MP:3,1,1,two_verbs,1,1,0,1,0,0,1,1,1->2,1,0,judgment,5,14,1
11,27,1,1,"1,2,3",1P:7;2MP:2;2MS:3;3MP:3;3MS:3,2,1,two_verbs,1,1,1,1,1,1,1,1,2->1,3,1,,18,44,1
11,28,3,3,"1,2,3",1P:1;1S:5;2MP:5;3FS:3;3MS:3,2,1,two_verbs,1,1,1,1,1,1,1,1,1->3,4,1,mercy,17,35,1
11,29,1,1,"1,2,3",1S:6;2MP:4;3MP:4;3MS:1,2,1,two_verbs,1,1,1,1,1,1,1,1,3->1,3,0,judgment,15,37,1
11,30,1,1,"1,2,3",1S:4;2MP:2;3MP:1;3MS:1,2,1,two_verbs,1,1,1,1,1,1,0,0,,2,0,,8,18,1
11,31,1,1,"1,2,3",1S:7;2MP:2;3FS:1;3MP:2;3MS:1,2,1,two_verbs,1,1,1,1,1,1,0,0,,1,0,,13,47,1
11,32,2,2,"1,2,3",1P:4;2MS:8;3MP:2,2,1,two_verbs,1,1,1,1,1,1,1,1,1->2,1,1,prophets,14,26,1
11,33,3,3,"2,3",2MP:2;3MS:4,1,1,verb_plus_indep_pron,0,1,1,0,1,0,1,1,2->3,0,1,,6,15,1
11,34,3,3,"1,2,3",1S:4;2MP:6;3MS:6,2,1,two_verbs,1,1,1,1,1,1,0,0,,3,0,,16,28,1
11,35,3,3,"1,2,3",1S:5;2MP:2;2MS:1;3MP:2;3MS:3,2,1,two_verbs,1,1,1,1,1,1,0,0,,3,0,,13,22,1
11,36,3,3,"2,3",2MS:1;3FS:1;3MP:4;3MS:4,1,0,,0,1,1,0,1,0,0,0,,0,0,"revelation,prophets",10,24,1
11,37,2,2,"1,2,3",1P:2;1S:1;2MS:2;3MP:3,2,1,two_verbs,1,1,1,1,1,1,1,1,3->2,1,0,,8,21,1
11,38,3,3,"1,2,3",1P:3;2MP:5;3MP:2;3MS:6,2,1,two_verbs,1,1,1,1,1,1,1,1,2->3,3,1,,16,33,1
11,39,3,3,"2,3",2MP:2;3MS:6,1,1,two_verbs,0,1,1,0,1,0,0,0,,1,0,"judgment,creation",8,16,1
11,40,3,3,"1,2,3",1P:3;2MS:2;3FS:1;3MS:7,2,1,two_verbs,1,1,1,1,1,1,0,0,,3,1,,13,38,1
11,41,3,3,"1,2,3",1S:1;2MP:2;3FS:3;3MS:1,2,1,two_verbs,1,1,1,1,1,1,0,0,,1,1,"mercy,prophets",7,20,1
11,42,3,3,"1,2,3",1P:1;1S:1;2MS:2;3FS:2;3MP:1;3MS:3,2,1,two_verbs,1,1,1,1,1,1,0,0,,1,0,prophets,10,31,1
11,43,3,3,"1,3",1S:2;3D:1;3MS:6,1,1,two_verbs,1,0,1,0,0,1,0,0,,2,1,"mercy,prophets",9,32,1
11,44,3,3,"2,3",2FS:5;3FS:1;3MS:4,1,1,two_verbs,0,1,1,0,1,0,0,0,,2,1,creation,10,34,1
11,45,3,3,"1,2,3",1S:3;2MS:2;3MS:3,2,1,verb_plus_indep_pron,1,1,1,1,1,1,0,0,,0,1,prophets,8,26,1
11,46,3,3,"1,2,3",1S:3;2MS:4;3FS:1;3MS:6,2,1,two_verbs,1,1,1,1,1,1,0,0,,2,1,prophets,14,34,1
11,47,1,1,"1,2,3",1S:8;2MS:4;3MS:3,2,1,two_verbs,1,1,1,1,1,1,1,1,3->1,4,1,"mercy,prophets",15,30,1
11,48,3,3,"1,2,3",1P:3;2MS:3;3MP:2;3MS:2,2,1,two_verbs,1,1,1,1,1,1,1,1,1->3,3,1,"judgment,prophets",10,31,1
11,49,2,2,"1,2,3",1P:1;2MS:6;3FS:3,2,1,two_verbs,1,1,1,1,1,1,1,1,3->2,3,0,,10,30,1
11,50,2,2,"1,2,3",1S:1;2MP:4;3MP:1;3MS:2,2,1,two_verbs,1,1,1,1,1,1,0,0,,1,1,"oneness,prophets",8,24,1
11,51,1,1,"1,2,3",1S:4;2MP:3;3MS:2,2,1,two_verbs,1,1,1,1,1,1,1,1,2->1,2,0,"judgment,creation",9,22,1
11,52,2,2,"1,2,3",1S:1;2MP:10;3MS:3,2,1,two_verbs,1,1,1,1,1,1,1,1,1->2,2,0,creation,14,31,1
11,53,2,2,"1,2,3",1P:4;2MS:4;3MP:2,2,1,two_verbs,1,1,1,1,1,1,0,0,,1,1,prophets,10,27,1
11,54,2,2,"1,2,3",1P:2;1S:3;2MP:4;2MS:1;3MS:2,2,1,two_verbs,1,1,1,1,1,1,0,0,,3,1,law,12,25,1
11,55,3,3,"1,2,3",1S:2;2MP:2;3MP:2;3MS:1,2,1,two_verbs,1,1,1,1,1,1,1,1,2->3,1,0,oneness,7,13,1
11,56,1,1,"1,2,3",1S:5;2MP:1;3FS:1;3MS:1,2,1,verb_plus_indep_pron,1,1,1,1,1,1,1,1,3->1,0,0,,8,26,1
11,57,2,2,"1,2,3",1S:6;2MP:7;3MS:3,2,1,two_verbs,1,1,1,1,1,1,1,1,1->2,3,0,,16,36,1
11,58,1,1,"1,3",1P:6;3MP:3;3MS:2,1,1,two_verbs,1,0,1,0,0,1,1,1,2->1,3,0,"judgment,mercy,prophets",11,25,1
11,59,3,3,3,3MP:7;3MS:1,0,0,,0,0,1,0,0,0,1,1,1->3,0,0,"revelation,prophets",8,21,1
11,60,3,3,3,3MP:5,0,0,,0,0,1,0,0,0,0,0,,0,0,"judgment,prophets",5,25,1
11,61,2,2,"1,2,3",1S:2;2MP:9;3FS:1;3MP:1;3MS:7,2,1,two_verbs,1,1,1,1,1,1,1,1,3->2,3,1,"oneness,creation,prophets",20,45,1
11,62,2,2,"1,2,3",1P:6;2MS:4;3MP:2;3MS:2,2,1,two_verbs,1,1,1,1,1,1,0,0,,4,1,prophets,14,34,1
11,63,1,1,"1,2,3",1S:9;2MP:4;3MS:5,2,1,two_verbs,1,1,1,1,1,1,1,1,2->1,5,1,mercy,18,38,1
11,64,2,2,"1,2,3",1S:1;2MP:6;3FS:3;3MS:1,2,1,two_verbs,1,1,1,1,1,1,1,1,1->2,3,0,"judgment,creation",11,30,1
11,65,3,3,"2,3",2MP:3;3FS:1;3MP:2;3MS:1,1,1,two_verbs,0,1,1,0,1,0,1,1,2->3,1,1,,7,17,1
11,66,3,3,"1,2,3",1P:4;2MS:1;3MP:2;3MS:3,2,1,two_verbs,1,1,1,1,1,1,0,0,,2,0,"mercy,prophets",10,30,1
11,67,3,3,3,3MP:5;3MS:1,0,0,,0,0,1,0,0,0,0,0,,0,0,,6,14,1
11,68,3,3,3,3FS:1;3MP:5,0,0,,0,0,1,0,0,0,0,0,,0,0,prophets,6,18,1
11,69,3,3,"1,3",1P:1;3FS:1;3MP:2;3MS:3,1,0,,1,0,1,0,0,1,0,0,,0,1,prophets,7,23,1
11,70,3,3,"1,2,3",1P:3;2MS:1;3FS:1;3MP:5;3MS:4,2,1,two_verbs,1,1,1,1,1,1,0,0,,2,1,prophets,14,27,1
11,71,3,3,"1,3",1P:2;3FS:2;3MS:1,1,1,two_verbs,1,0,1,0,0,1,0,0,,1,0,,5,17,1
11,72,1,1,"1,3",1S:3;3FS:1,1,1,two_verbs,1,0,1,0,0,1,1,1,3->1,1,1,,4,18,1
11,73,3,3,"2,3",2FS:1;2MP:1;3MP:2;3MS:2,1,1,two_verbs,0,1,1,0,1,0,1,1,1->3,1,1,mercy,6,21,1
11,74,3,3,"1,3",1P:1;3FS:1;3MS:3,1,0,,1,0,1,0,0,1,0,0,,0,0,prophets,5,17,1
11,75,,3,,,0,0,,0,0,0,0,0,0,0,0,,0,0,prophets,0,6,0
11,76,3,3,"2,3",2MS:2;3MP:2;3MS:2,1,1,two_verbs,0,1,1,0,1,0,0,0,,1,1,"judgment,prophets",6,20,1
11,77,3,3,"1,3",1P:1;3FS:1;3MP:2;3MS:3,1,0,,1,0,1,0,0,1,0,0,,0,1,prophets,7,19,1
11,78,3,3,"1,2,3",1S:4;2MP:6;3FP:1;3MP:6;3MS:6,2,1,two_verbs,1,1,1,1,1,1,0,0,,2,1,,23,47,1
11,79,2,2,"1,2,3",1P:2;2MS:5;3MP:2,2,1,two_verbs,1,1,1,1,1,1,1,1,3->2,2,1,,9,21,1
11,80,1,1,"1,2,3",1S:2;2MP:1;3MS:1,2,1,two_verbs,1,1,1,1,1,1,1,1,2->1,1,1,,4,13,1
11,81,3,3,"1,2,3",1P:1;2MP:1;2MS:5;3FS:1;3MP:6;3MS:4,2,1,two_verbs,1,1,1,1,1,1,1,1,1->3,2,1,prophets,18,51,1
11,82,1,1,"1,3",1P:5;3FS:3;3MS:1,1,1,two_verbs,1,0,1,0,0,1,1,1,3->1,1,0,,9,20,1
11,83,2,2,"2,3",2MS:1;3FS:1,1,0,,0,1,1,0,1,0,1,1,1->2,0,0,judgment,2,12,0
11,84,2,2,"1,2,3",1S:5;2MP:7;3MP:1;3MS:2,2,1,two_verbs,1,1,1,1,1,1,0,0,,2,1,"oneness,judgment",15,44,1
11,85,2,2,"1,2,3",1S:1;2MP:6;3MP:1,2,0,,1,1,1,1,1,1,0,0,,0,0,creation,8,30,1
11,86,2,2,"1,2",1S:1;2MP:4,1,1,verb_plus_indep_pron,1,1,0,1,0,0,0,0,,0,0,law,5,16,1
11,87,1,1,"1,2,3",1P:5;2MS:5;3MP:2;3MS:1,2,1,two_verbs,1,1,1,1,1,1,1,1,2->1,4,1,prayer,13,31,1
11,88,1,1,"1,2,3",1S:15;2MP:4;3MS:6,2,1,two_verbs,1,1,1,1,1,1,0,0,,4,1,law,25,57,1
11,89,3,3,"1,2,3",1S:2;2MP:3;3MS:3,2,0,,1,1,1,1,1,1,1,1,1->3,0,0,prophets,8,32,1
11,90,2,2,"1,2,3",1S:1;2MP:5;3MS:1,2,0,,1,1,1,1,1,1,1,1,3->2,0,0,mercy,7,15,1
11,91,1,1,"1,2,3",1P:7;2MS:5;3MP:2,2,1,two_verbs,1,1,1,1,1,1,1,1,2->1,3,1,,14,34,1
11,92,2,2,"1,2,3",1S:3;2MP:6;3MS:2,2,1,two_verbs,1,1,1,1,1,1,1,1,1->2,1,1,,11,27,1
11,93,2,2,"1,2,3",1S:3;2MP:8;3MS:5,2,1,two_verbs,1,1,1,1,1,1,0,0,,2,0,judgment,16,33,1
11,94,3,3,"1,3",1P:4;3FS:1;3MP:7;3MS:2,1,1,two_verbs,1,0,1,0,0,1,1,1,2->3,2,0,mercy,14,32,1
11,95,3,3,3,3FS:2;3MP:2,0,0,,0,0,1,0,0,0,0,0,,0,0,prophets,4,15,1
11,96,1,1,1,1P:3,0,0,,1,0,0,0,0,0,1,1,3->1,0,0,"revelation,prophets",3,12,1
11,97,3,3,3,3MP:2;3MS:1,0,0,,0,0,1,0,0,0,1,1,1->3,0,0,prophets,3,16,1
11,98,3,3,3,3MP:1;3MS:4,0,0,,0,0,1,0,0,0,0,0,,0,0,judgment,5,17,1
11,99,3,3,3,3MP:2;3MS:1,0,0,,0,0,1,0,0,0,0,0,,0,0,judgment,3,15,1
11,100,1,1,"1,2,3",1P:1;2MS:1;3FS:1;3MS:1,2,0,,1,1,1,1,1,1,1,1,3->1,0,0,,4,14,1
11,101,3,3,"1,2,3",1P:2;2MS:1;3FS:1;3MP:11;3MS:1,2,1,two_verbs,1,1,1,1,1,1,1,1,1->3,1,0,,16,38,1
11,102,3,3,"2,3",2MS:1;3FS:1;3MS:2,1,0,,0,1,1,0,1,0,0,0,,0,0,,4,18,1
11,103,3,3,3,3MS:2,0,0,,0,0,1,0,0,0,0,0,,0,0,judgment,2,22,1
11,104,1,1,"1,3",1P:1;3MS:1,1,0,,1,0,1,0,0,1,1,1,3->1,0,0,,2,8,1
11,105,3,3,3,3FS:1;3MP:1;3MS:2,0,0,,0,0,1,0,0,0,1,1,1->3,0,0,,4,15,1
11,106,3,3,3,3FS:1;3MP:3,0,0,,0,0,1,0,0,0,0,0,,0,0,judgment,4,16,1
11,107,3,3,"2,3",2MS:2;3FS:2;3MS:2,1,0,,0,1,1,0,1,0,0,0,,0,0,creation,6,22,1
11,108,3,3,"2,3",2MS:1;3FS:2;3MP:2;3MS:1,1,0,,0,1,1,0,1,0,0,0,,0,0,"judgment,creation",6,27,1
11,109,3,3,"1,2,3",1P:1;2MS:1;3MP:5;3MS:2,2,1,two_verbs,1,1,1,1,1,1,0,0,,1,0,,9,30,1
11,110,3,3,"1,2,3",1P:2;2MS:1;3FS:1;3MP:2;3MS:4,2,1,two_verbs,1,1,1,1,1,1,0,0,,1,0,"revelation,prophets",10,32,1
11,111,3,3,"2,3",2MS:1;3MP:4;3MS:2,1,0,,0,1,1,0,1,0,0,0,,0,0,,7,19,1
11,112,2,2,"2,3",2MP:4;2MS:4;3MS:2,1,1,two_verbs,0,1,1,0,1,0,1,1,3->2,2,0,,10,22,1
11,113,2,2,"2,3",2MP:6;2MS:1;3MP:2,1,1,two_verbs,0,1,1,0,1,0,0,0,,2,0,judgment,9,26,1
11,114,3,3,"2,3",2MS:1;3FP:2,1,1,two_verbs,0,1,1,0,1,0,1,1,2->3,1,0,prayer,3,24,1
11,115,2,2,"2,3",2MS:1;3MS:1,1,1,two_verbs,0,1,1,0,1,0,1,1,3->2,1,0,judgment,2,10,1
11,116,3,3,"1,2,3",1P:2;2MP:1;3MP:9;3MS:3,2,1,two_verbs,1,1,1,1,1,1,1,1,2->3,2,0,creation,15,41,1
11,117,3,3,"2,3",2MS:1;3FS:1;3MS:2,1,0,,0,1,1,0,1,0,0,0,,0,0,,4,15,1
11,118,3,3,"2,3",2MS:1;3MP:2;3MS:2,1,0,,0,1,1,0,1,0,0,0,,0,0,,5,16,1
11,119,3,3,"1,2,3",1S:1;2MS:2;3FS:1;3MP:1;3MS:2,2,1,two_verbs,1,1,1,1,1,1,0,0,,1,0,"judgment,mercy,creation",7,26,1
11,120,1,1,"1,2,3",1P:2;2MS:3;3MS:2,2,1,two_verbs,1,1,1,1,1,1,1,1,3->1,1,0,,7,29,1
11,121,2,2,"1,2,3",1P:1;2MP:3;2MS:1;3MP:2,2,1,two_verbs,1,1,1,1,1,1,1,1,1->2,2,0,,7,15,1
11,122,2,2,"1,2",1P:1;2MP:2,1,0,,1,1,0,1,0,0,0,0,,0,0,,3,6,1
11,123,2,2,"2,3",2MP:2;2MS:3;3MS:5,1,1,two_verbs,0,1,1,0,1,0,0,0,,1,0,creation,10,34,1
12,1,,3,,,0,0,,0,0,0,0,0,0,0,0,,0,0,revelation,0,7,0
12,2,2,2,"1,2,3",1P:3;2MP:3;3MS:1,2,1,two_verbs,1,1,1,1,1,1,1,1,3->2,1,0,,7,11,1
12,3,1,1,"1,2,3",1P:4;2MS:4;3MS:1,2,1,two_verbs,1,1,1,1,1,1,1,1,2->1,1,0,revelation,9,27,1
12,4,1,1,"1,3",1S:7;3MP:1;3MS:2,1,1,two_verbs,1,0,1,0,0,1,0,0,,1,1,"creation,prophets",10,28,1
12,5,2,2,"1,2,3",1S:1;2MS:4;3MP:2;3MS:1,2,1,two_verbs,1,1,1,1,1,1,1,1,1->2,2,1,,8,25,1
12,6,3,3,"2,3",2MS:6;3FS:1;3MS:5,1,0,,0,1,1,0,1,0,1,1,2->3,0,0,prophets,12,41,1
12,7,3,3,3,3MS:2,0,0,,0,0,1,0,0,0,0,0,,0,0,"revelation,prophets",2,12,1
12,8,1,1,"1,3",1P:4;3MP:2;3MS:1,1,1,verb_plus_indep_pron,1,0,1,0,0,1,1,1,3->1,0,1,prophets,7,24,1
12,9,2,2,"2,3",2MP:8;3MS:3,1,1,two_verbs,0,1,1,0,1,0,1,1,1->2,2,0,prophets,11,22,1
12,10,2,2,"2,3",2MP:6;3MP:1;3MS:4,1,1,two_verbs,0,1,1,0,1,0,0,0,,3,0,prophets,11,25,1
12,11,3,3,"1,2,3",1P:3;2MS:2;3MP:2;3MS:1,2,1,two_verbs,1,1,1,1,1,1,1,1,2->3,1,1,prophets,8,20,1
12,12,3,3,"1,2,3",1P:2;2MS:1;3MS:4,2,1,two_verbs,1,1,1,1,1,1,0,0,,1,0,,7,15,1
12,13,3,3,"1,2,3",1S:3;2MP:3;3MS:6,2,1,two_verbs,1,1,1,1,1,1,0,0,,3,1,,12,23,1
12,14,3,3,"1,3",1P:2;3MP:2;3MS:2,1,1,verb_plus_indep_pron,1,0,1,0,0,1,0,0,,0,1,,6,16,1
12,15,3,3,"1,2,3",1P:2;2MS:1;3MP:11;3MS:3,2,1,two_verbs,1,1,1,1,1,1,0,0,,3,0,,17,35,1
12,16,3,3,3,3MP:5,0,0,,0,0,1,0,0,0,0,0,,0,0,,5,8,1
12,17,1,1,"1,2,3",1P:11;2MS:1;3MP:2;3MS:2,2,1,two_verbs,1,1,1,1,1,1,1,1,3->1,3,1,prophets,16,34,1
12,18,3,3,"2,3",2MP:4;3FS:1;3MP:2;3MS:2,1,1,two_verbs,0,1,1,0,1,0,1,1,1->3,1,1,,9,28,1
12,19,3,3,3,3FS:1;3MP:7;3MS:4,0,0,,0,0,1,0,0,0,0,0,,0,1,,12,29,1
12,20,3,3,3,3MP:4;3MS:2,0,0,,0,0,1,0,0,0,0,0,,0,0,,6,17,1
12,21,3,3,"1,2,3",1P:5;2FS:2;3MP:2;3MS:10,2,1,two_verbs,1,1,1,1,1,1,0,0,,4,1,prophets,19,54,1
12,22,1,1,"1,3",1P:3;3MS:3,1,1,two_verbs,1,0,1,0,0,1,1,1,3->1,1,0,"judgment,prophets",6,17,1
12,23,3,3,"1,2,3",1S:2;2MS:2;3FS:4;3MS:8,2,1,two_verbs,1,1,1,1,1,1,1,1,1->3,2,1,,16,36,1
12,24,3,3,"1,3",1P:2;3FS:2;3MS:6,1,1,two_verbs,1,0,1,0,0,1,0,0,,1,0,,10,34,1
12,25,3,3,"2,3",2MS:1;3FS:3;3MD:4;3MS:3,1,0,,0,1,1,0,1,0,0,0,,0,1,judgment,11,34,1
12,26,3,3,"1,3",1S:2;3FS:4;3MS:6,1,0,,1,0,1,0,0,1,0,0,,0,1,"law,prophets",12,27,1
12,27,3,3,3,3FS:1;3MS:4,0,0,,0,0,1,0,0,0,0,0,,0,0,,5,15,1
12,28,3,3,"2,3",2FP:2;3MS:5,1,0,,0,1,1,0,1,0,0,0,,0,1,,7,18,1
12,29,2,2,2,2FS:6;2MS:1,0,0,,0,1,0,0,0,0,1,1,3->2,0,0,prophets,7,17,1
12,30,3,3,"1,3",1P:2;3FS:4;3MS:3,1,1,two_verbs,1,0,1,0,0,1,1,1,2->3,1,1,,9,27,1
12,31,3,3,"2,3",2MS:1;3FP:14;3FS:5;3MS:2,1,1,two_verbs,0,1,1,0,1,0,0,0,,2,1,prophets,22,53,1
12,32,3,3,"1,2,3",1S:4;2FP:2;3FS:1;3MS:8,2,1,two_verbs,1,1,1,1,1,1,0,0,,5,1,,15,38,1
12,33,1,1,"1,2,3",1S:6;2MS:1;3FP:2;3MP:2;3MS:2,2,1,two_verbs,1,1,1,1,1,1,1,1,3->1,2,1,,13,30,1
12,34,3,3,3,3FP:1;3MS:7,0,0,,0,0,1,0,0,0,1,1,1->3,0,0,,8,19,1
12,35,3,3,3,3MP:4;3MS:2,0,0,,0,0,1,0,0,0,0,0,,0,0,revelation,6,17,1
12,36,1,1,"1,2,3",1P:3;1S:9;2MS:2;3FS:1;3MD:1;3MS:6,2,1,two_verbs,1,1,1,1,1,1,1,1,3->1,6,1,,22,46,1
12,37,3,3,"1,2,3",1S:7;2D:3;2MD:2;3MP:4;3MS:6,2,1,two_verbs,1,1,1,1,1,1,1,1,1->3,5,1,,22,44,1
12,38,1,1,"1,3",1P:3;1S:3;3MP:2;3MS:1,1,1,two_verbs,1,0,1,0,0,1,1,1,3->1,3,0,prophets,9,39,1
12,39,1,1,1,1S:1,0,0,,1,0,0,0,0,0,0,0,,0,0,,1,15,0
12,40,2,2,"2,3",2MP:8;3FS:2;3MP:2;3MS:4,1,1,two_verbs,0,1,1,0,1,0,1,1,1->2,3,0,"oneness,revelation",16,48,1
12,41,3,3,"1,2,3",1S:1;2D:2;2MD:1;3FS:1;3MS:6,2,1,two_verbs,1,1,1,1,1,1,1,1,2->3,1,0,,11,34,1
12,42,3,3,"1,2,3",1S:1;2MS:2;3D:1;3MS:7,2,1,two_verbs,1,1,1,1,1,1,0,0,,2,1,prophets,11,30,1
12,43,2,2,"1,2,3",1S:4;2MP:6;3FP:1;3MS:2,2,1,two_verbs,1,1,1,1,1,1,1,1,3->2,3,1,,13,39,1
12,44,3,3,"1,3",1P:1;3MP:2,1,1,verb_plus_indep_pron,1,0,1,0,0,1,1,1,2->3,0,1,,3,13,1
12,45,3,3,"1,2,3",1S:3;2MP:3;3D:1;3MS:4,2,1,two_verbs,1,1,1,1,1,1,0,0,,2,1,,11,20,1
12,46,3,3,"1,2,3",1P:1;1S:2;2MS:1;3FP:1;3MP:3;3MS:1,2,1,two_verbs,1,1,1,1,1,1,0,0,,3,1,prophets,9,31,1
12,47,2,2,"2,3",2MP:8;3MS:3,1,1,two_verbs,0,1,1,0,1,0,1,1,3->2,1,1,prophets,11,23,1
12,48,2,2,"2,3",2MP:4;3FP:3;3MS:1,1,1,two_verbs,0,1,1,0,1,0,0,0,,1,0,,8,20,1
12,49,3,3,3,3MP:2;3MS:4,0,0,,0,0,1,0,0,0,1,1,2->3,0,0,,6,16,1
12,50,3,3,"1,2,3",1S:2;2MP:2;2MS:3;3FP:4;3MS:6,2,1,two_verbs,1,1,1,1,1,1,0,0,,4,1,"revelation,prophets",17,39,1
12,51,3,3,"1,2,3",1P:2;1S:3;2FP:3;3FP:2;3FS:1;3MS:7,2,1,two_verbs,1,1,1,1,1,1,0,0,,5,1,prophets,18,46,1
12,52,3,3,"1,3",1S:2;3MS:3,1,1,two_verbs,1,0,1,0,0,1,0,0,,2,0,,5,19,1
12,53,1,1,"1,3",1S:4;3MS:1,1,1,two_verbs,1,0,1,0,0,1,1,1,3->1,1,0,mercy,5,23,1
12,54,3,3,"1,2,3",1P:1;1S:3;2MP:2;2MS:1;3MS:6,2,1,two_verbs,1,1,1,1,1,1,1,1,1->3,3,1,,13,27,1
12,55,2,2,"1,2,3",1S:2;2MS:1;3MS:1,2,1,two_verbs,1,1,1,1,1,1,1,1,3->2,1,1,prophets,4,11,1
12,56,1,1,"1,3",1P:6;3FS:1;3MS:2,1,1,two_verbs,1,0,1,0,0,1,1,1,2->1,2,0,"judgment,mercy,prophets",9,27,1
12,57,3,3,3,3MP:6,0,0,,0,0,1,0,0,0,1,1,1->3,0,0,judgment,6,15,1
12,58,3,3,3,3MP:4;3MS:4,0,0,,0,0,1,0,0,0,0,0,,0,0,prophets,8,17,1
12,59,2,2,"1,2,3",1S:4;2MP:6;3MP:2;3MS:2,2,1,two_verbs,1,1,1,1,1,1,1,1,3->2,2,1,,14,32,1
12,60,2,2,"1,2,3",1S:3;2MP:5;3MS:1,2,1,verb_plus_indep_pron,1,1,1,1,1,1,0,0,,0,0,,9,20,1
12,61,3,3,"1,3",1P:2;3MP:2;3MS:2,1,1,two_verbs,1,0,1,0,0,1,1,1,2->3,1,1,,6,13,1
12,62,3,3,"2,3",2MP:2;3FS:1;3MP:11;3MS:2,1,1,two_verbs,0,1,1,0,1,0,0,0,,2,1,prophets,16,27,1
12,63,3,3,"1,2,3",1P:6;2MS:1;3MP:5;3MS:2,2,1,two_verbs,1,1,1,1,1,1,0,0,,2,1,,14,31,1
12,64,1,1,"1,2,3",1S:3;2MP:2;3MS:4,2,1,two_verbs,1,1,1,1,1,1,1,1,3->1,1,1,mercy,9,26,1
12,65,3,3,"1,3",1P:9;3FS:2;3MP:9,1,1,two_verbs,1,0,1,0,0,1,1,1,1->3,3,1,,20,41,1
12,66,3,3,"1,2,3",1P:1;1S:3;2MP:5;3MP:3;3MS:6,2,1,two_verbs,1,1,1,1,1,1,0,0,,4,1,law,18,37,1
12,67,2,2,"1,2,3",1S:4;2MP:5;3MS:4,2,1,two_verbs,1,1,1,1,1,1,1,1,3->2,3,1,,13,44,1
12,68,3,3,"1,3",1P:2;3FS:1;3MP:7;3MS:6,1,1,two_verbs,1,0,1,0,0,1,1,1,2->3,2,0,,16,45,1
12,69,3,3,"1,2,3",1S:2;2MS:2;3MP:6;3MS:4,2,1,two_verbs,1,1,1,1,1,1,0,0,,2,1,prophets,14,26,1
12,70,3,3,"2,3",2MP:1;3MP:2;3MS:4,1,0,,0,1,1,0,1,0,0,0,,0,0,,7,24,1
12,71,3,3,"2,3",2MP:2;3MP:5,1,1,two_verbs,0,1,1,0,1,0,0,0,,1,1,,7,10,1
12,72,3,3,"1,3",1P:1;1S:1;3MP:2;3MS:3,1,1,two_verbs,1,0,1,0,0,1,0,0,,2,1,judgment,7,19,1
12,73,1,1,"1,2,3",1P:5;2MP:2;3MP:2,2,1,two_verbs,1,1,1,1,1,1,1,1,3->1,2,1,,9,21,1
12,74,3,3,"2,3",2MP:2;3MP:2;3MS:1,1,1,two_verbs,0,1,1,0,1,0,1,1,1->3,1,1,judgment,5,10,1
12,75,3,3,"1,3",1P:1;3MP:2;3MS:5,1,1,two_verbs,1,0,1,0,0,1,0,0,,1,1,judgment,8,18,1
12,76,3,3,"1,3",1P:4;3FS:1;3MP:1;3MS:8,1,1,two_verbs,1,0,1,0,0,1,0,0,,3,0,prophets,14,46,1
12,77,3,3,"2,3",2MP:3;3FS:2;3MP:3;3MS:7,1,1,two_verbs,0,1,1,0,1,0,0,0,,1,1,prophets,15,36,1
12,78,3,3,"1,2,3",1P:3;2MS:2;3MP:2;3MS:2,2,1,two_verbs,1,1,1,1,1,1,0,0,,2,1,,9,25,1
12,79,1,1,"1,3",1P:5;3MS:2,1,1,two_verbs,1,0,1,0,0,1,1,1,3->1,1,1,oneness,7,18,1
12,80,3,3,"1,2,3",1S:4;2MP:6;3MP:5;3MS:6,2,1,two_verbs,1,1,1,1,1,1,1,1,1->3,5,1,prophets,21,55,1
12,81,1,1,"1,2,3",1P:7;2MP:5;2MS:1;3MS:1,2,1,two_verbs,1,1,1,1,1,1,1,1,3->1,2,0,,14,32,1
12,82,1,1,"1,2,3",1P:5;2MS:1;3FS:2,2,1,two_verbs,1,1,1,1,1,1,0,0,,1,0,,8,22,1
12,83,3,3,"1,2,3",1S:1;2MP:2;3FS:1;3MP:1;3MS:5,2,1,verb_plus_indep_pron,1,1,1,1,1,1,1,1,1->3,0,1,,10,26,1
12,84,3,3,"1,3",1S:1;3FS:1;3MP:1;3MS:4,1,0,,1,0,1,0,0,1,0,0,,0,1,prophets,7,21,1
12,85,2,2,"2,3",2MS:4;3MP:2,1,1,two_verbs,0,1,1,0,1,0,1,1,3->2,1,1,prophets,6,15,1
12,86,1,1,"1,2,3",1S:4;2MP:2;3MS:1,2,1,two_verbs,1,1,1,1,1,1,1,1,2->1,2,1,,7,19,1
12,87,2,2,"1,2,3",1S:1;2MP:6;3MS:3,2,1,two_verbs,1,1,1,1,1,1,1,1,1->2,1,0,prophets,10,32,1
12,88,3,3,"1,2,3",1P:6;2MS:2;3MP:4;3MS:3,2,1,two_verbs,1,1,1,1,1,1,1,1,2->3,3,1,prophets,15,40,1
12,89,2,2,"2,3",2MP:5;3MS:2,1,1,two_verbs,0,1,1,0,1,0,1,1,3->2,1,1,prophets,7,15,1
12,90,3,3,"1,2,3",1P:1;1S:2;2MS:2;3MP:2;3MS:6,2,1,verb_plus_indep_pron,1,1,1,1,1,1,1,1,2->3,0,1,"judgment,prophets",13,34,1
12,91,3,3,"1,2,3",1P:3;2MS:1;3MP:2;3MS:1,2,1,two_verbs,1,1,1,1,1,1,0,0,,1,1,,7,17,1
12,92,3,3,"2,3",2MP:2;3MS:3,1,1,verb_plus_indep_pron,0,1,1,0,1,0,0,0,,0,1,mercy,5,16,1
12,93,2,2,"1,2,3",1S:3;2MP:7;3MS:2,2,1,two_verbs,1,1,1,1,1,1,1,1,3->2,2,0,,12,24,1
12,94,3,3,"1,2,3",1S:3;2MP:2;3FS:1;3MP:1;3MS:1,2,1,two_verbs,1,1,1,1,1,1,1,1,2->3,2,1,prophets,8,19,1
12,95,3,3,"2,3",2MS:2;3MP:2,1,0,,0,1,1,0,1,0,0,0,,0,1,,4,12,1
12,96,3,3,"1,2,3",1S:3;2MP:3;3MS:6,2,1,two_verbs,1,1,1,1,1,1,0,0,,2,1,,12,29,1
12,97,1,1,"1,2,3",1P:6;2MS:1;3MP:2,2,1,two_verbs,1,1,1,1,1,1,1,1,3->1,2,1,,9,15,1
12,98,3,3,"1,2,3",1S:2;2MP:1;3MS:3,2,1,two_verbs,1,1,1,1,1,1,1,1,1->3,1,1,mercy,6,14,1
12,99,3,3,"2,3",2MP:2;3MP:2;3MS:5,1,1,two_verbs,0,1,1,0,1,0,0,0,,2,1,prophets,9,20,1
12,100,3,3,"1,2,3",1S:8;2MP:1;3FS:1;3MP:2;3MS:12,2,1,verb_plus_indep_pron,1,1,1,1,1,1,0,0,,0,1,,24,74,1
12,101,2,2,"1,2",1S:6;2MS:7,1,0,,1,1,0,1,0,0,1,1,3->2,0,0,creation,13,41,1
12,102,3,3,"1,2,3",1P:1;2MS:3;3MP:7;3MS:1,2,1,two_verbs,1,1,1,1,1,1,1,1,2->3,2,0,,12,24,1
12,103,2,2,2,2MS:2,0,0,,0,1,0,0,0,0,1,1,3->2,0,0,,2,11,1
12,104,3,3,"2,3",2MS:1;3MP:1;3MS:2,1,1,verb_plus_indep_pron,0,1,1,0,1,0,1,1,2->3,0,0,,4,15,1
12,105,3,3,3,3FS:2;3MP:3,0,0,,0,0,1,0,0,0,0,0,,0,0,creation,5,19,1
12,106,3,3,3,3MP:2;3MS:1,0,0,,0,0,1,0,0,0,0,0,,0,0,,3,11,1
12,107,3,3,3,3FS:2;3MP:7,0,0,,0,0,1,0,0,0,0,0,,0,0,judgment,9,22,1
12,108,1,1,"1,2,3",1S:5;2MS:1;3MS:1,2,1,two_verbs,1,1,1,1,1,1,1,1,3->1,2,0,,7,23,1
12,109,3,3,"1,2,3",1P:3;2MP:2;2MS:1;3MP:8;3MS:1,2,1,two_verbs,1,1,1,1,1,1,1,1,1->3,2,0,"revelation,creation",15,49,1
12,110,3,3,"1,3",1P:3;3MP:6;3MS:4,1,1,two_verbs,1,0,1,0,0,1,0,0,,2,0,judgment,13,31,1
12,111,3,3,3,3MP:3;3MS:4,0,0,,0,0,1,0,0,0,0,0,,0,0,mercy,7,34,1
13,1,3,3,"2,3",2MS:2;3MP:2;3MS:1,1,0,,0,1,1,0,1,0,0,0,,0,0,revelation,5,23,1
13,2,3,3,"2,3",2MP:6;3FS:1;3MS:6,1,1,two_verbs,0,1,1,0,1,0,0,0,,3,0,"revelation,creation",13,42,1
13,3,3,3,3,3FS:2;3MP:2;3MS:5,0,0,,0,0,1,0,0,0,0,0,,0,0,"revelation,creation",9,37,1
13,4,3,3,"1,3",1P:1;3FS:1;3MP:2;3MS:1,1,1,two_verbs,1,0,1,0,0,1,0,0,,2,0,revelation,5,40,1
13,5,3,3,"1,2,3",1P:3;2MS:1;3FS:1;3MP:6,2,1,two_verbs,1,1,1,1,1,1,0,0,,2,0,judgment,11,42,1
13,6,3,3,"2,3",2MS:3;3FS:1;3MP:4,1,0,,0,1,1,0,1,0,0,0,,0,0,,8,39,1
13,7,3,3,"2,3",2MS:1;3MP:2;3MS:4,1,1,verb_plus_indep_pron,0,1,1,0,1,0,0,0,,0,0,revelation,7,22,1
13,8,3,3,3,3FS:3;3MS:2,0,0,,0,0,1,0,0,0,0,0,,0,0,,5,21,1
13,9,,3,,,0,0,,0,0,0,0,0,0,0,0,,0,0,,0,10,0
13,10,3,3,"2,3",2MP:1;3MS:4,1,0,,0,1,1,0,1,0,0,0,,0,0,,5,24,1
13,11,3,3,3,3MP:6;3MS:8,0,0,,0,0,1,0,0,0,0,0,,0,0,,14,52,1
13,12,3,3,"2,3",2MP:1;3MS:3,1,0,,0,1,1,0,1,0,0,0,,0,0,,4,15,1
13,13,3,3,3,3FS:1;3MP:3;3MS:7,0,0,,0,0,1,0,0,0,0,0,,0,0,,11,34,1
13,14,3,3,3,3MP:5;3MS:7,0,0,,0,0,1,0,0,0,0,0,,0,0,,12,45,1
13,15,3,3,3,3MP:1;3MS:1,0,0,,0,0,1,0,0,0,0,0,,0,0,creation,2,23,1
13,16,3,3,"2,3",2MP:2;2MS:5;3FS:1;3MP:8;3MS:5,1,1,two_verbs,0,1,1,0,1,0,0,0,,4,0,"oneness,creation",21,73,1
13,17,3,3,3,3FS:2;3MP:2;3MS:9,0,0,,0,0,1,0,0,0,0,0,,0,0,"judgment,creation",13,67,1
13,18,3,3,3,3MP:10;3MS:5,0,0,,0,0,1,0,0,0,0,0,,0,0,"judgment,creation",15,49,1
13,19,3,3,"2,3",2MS:2;3MS:4,1,0,,0,1,1,0,1,0,0,0,,0,0,revelation,6,23,1
13,20,3,3,3,3MP:4,0,0,,0,0,1,0,0,0,0,0,,0,0,law,4,12,1
13,21,3,3,3,3MP:7;3MS:3,0,0,,0,0,1,0,0,0,0,0,,0,0,,10,22,1
13,22,3,3,"1,3",1P:2;3MP:11,1,1,two_verbs,1,0,1,0,0,1,0,0,,2,0,prayer,13,38,1
13,23,3,3,3,3FS:1;3MP:8;3MS:1,0,0,,0,0,1,0,0,0,0,0,,0,0,,10,27,1
13,24,2,2,"2,3",2MP:3;3MS:1,1,1,two_verbs,0,1,1,0,1,0,1,1,3->2,1,0,,4,12,1
13,25,3,3,3,3MP:8;3MS:4,0,0,,0,0,1,0,0,0,1,1,2->3,0,0,creation,12,37,1
13,26,3,3,3,3MP:2;3MS:3,0,0,,0,0,1,0,0,0,0,0,,0,0,,5,28,1
13,27,3,3,"2,3",2MS:1;3MP:2;3MS:9,1,1,two_verbs,0,1,1,0,1,0,0,0,,2,0,revelation,12,25,1
13,28,3,3,3,3FS:2;3MP:3,0,0,,0,0,1,0,0,0,0,0,,0,0,,5,17,1
13,29,3,3,3,3MP:5,0,0,,0,0,1,0,0,0,0,0,,0,0,,5,14,1
13,30,3,3,"1,2,3",1P:4;1S:4;2MS:4;3FS:2;3MP:4;3MS:4,2,1,two_verbs,1,1,1,1,1,1,0,0,,6,0,"oneness,mercy,revelation",22,46,1
13,31,3,3,3,3FS:4;3MP:8;3MS:10,0,0,,0,0,1,0,0,0,0,0,,0,0,creation,22,72,1
13,32,3,3,"1,2,3",1S:5;2MS:1;3MP:3;3MS:2,2,1,two_verbs,1,1,1,1,1,1,0,0,,4,0,,11,25,1
13,33,3,3,"2,3",2MP:4;2MS:1;3FS:1;3MP:8;3MS:6,1,1,two_verbs,0,1,1,0,1,0,0,0,,2,0,"oneness,creation",20,62,1
13,34,3,3,3,3MP:2,0,0,,0,0,1,0,0,0,0,0,,0,0,judgment,2,22,0
13,35,3,3,3,3FS:4;3MP:2;3MS:1,0,0,,0,0,1,0,0,0,0,0,,0,0,judgment,7,30,1
13,36,1,1,"1,2,3",1P:2;1S:5;2MS:2;3MP:3;3MS:6,2,1,two_verbs,1,1,1,1,1,1,1,1,3->1,3,0,revelation,18,42,1
13,37,2,2,"1,2,3",1P:2;2MS:4;3MP:1;3MS:2,2,1,two_verbs,1,1,1,1,1,1,1,1,1->2,2,0,revelation,9,32,1
13,38,1,1,"1,2,3",1P:4;2MS:1;3MP:1;3MS:2,2,1,two_verbs,1,1,1,1,1,1,1,1,2->1,1,0,revelation,8,34,1
13,39,3,3,3,3MS:4,0,0,,0,0,1,0,0,0,1,1,1->3,0,0,revelation,4,12,1
13,40,1,1,"1,2,3",1P:4;2MS:3;3MP:1,2,0,,1,1,1,1,1,1,1,1,3->1,0,0,,8,26,1
13,41,3,3,"1,3",1P:3;3FS:2;3MP:2;3MS:3,1,1,two_verbs,1,0,1,0,0,1,1,1,1->3,2,0,,10,28,1
13,42,3,3,3,3FS:1;3MP:1;3MS:3,0,0,,0,0,1,0,0,0,0,0,,0,0,,5,28,1
13,43,3,3,"1,2,3",1S:1;2MP:1;2MS:3;3MP:2;3MS:3,2,1,two_verbs,1,1,1,1,1,1,0,0,,2,0,"revelation,law",10,25,1
14,1,2,2,"1,2,3",1P:2;2MS:2;3MP:1;3MS:1,2,1,two_verbs,1,1,1,1,1,1,0,0,,1,0,revelation,6,27,1
14,2,3,3,3,3MS:1,0,0,,0,0,1,0,0,0,1,1,2->3,0,0,"judgment,creation",1,21,0
14,3,3,3,3,3FS:1;3MP:6,0,0,,0,0,1,0,0,0,0,0,,0,0,,7,25,1
14,4,3,3,"1,3",1P:2;3MP:1;3MS:7,1,1,two_verbs,1,0,1,0,0,1,0,0,,1,0,revelation,10,30,1
14,5,2,2,"1,2,3",1P:3;2MS:3;3MP:1,2,1,two_verbs,1,1,1,1,1,1,1,1,3->2,1,0,"revelation,prophets",7,34,1
14,6,3,3,"2,3",2MP:8;3MP:6;3MS:3,1,1,two_verbs,0,1,1,0,1,0,1,1,2->3,2,1,"judgment,prophets",17,43,1
14,7,2,2,"1,2,3",1S:2;2MP:6;3MS:1,2,1,two_verbs,1,1,1,1,1,1,1,1,3->2,3,0,judgment,9,23,1
14,8,2,2,"2,3",2MP:3;3MS:1,1,1,two_verbs,0,1,1,0,1,0,0,0,,1,1,"creation,prophets",4,19,1
14,9,3,3,"1,2,3",1P:5;2MP:6;3FS:1;3MP:10;3MS:4,2,1,two_verbs,1,1,1,1,1,1,1,1,2->3,2,1,prophets,26,67,1
14,10,3,3,"1,2,3",1P:4;2MP:11;3FS:1;3MP:3;3MS:5,2,1,two_verbs,1,1,1,1,1,1,0,0,,3,1,"mercy,creation",24,55,1
14,11,3,3,"1,2,3",1P:3;2MP:2;3FS:1;3MP:2;3MS:5,2,1,two_verbs,1,1,1,1,1,1,0,0,,2,1,,13,43,1
14,12,1,1,"1,2,3",1P:6;2MP:2;3MS:2,2,1,two_verbs,1,1,1,1,1,1,1,1,3->1,4,0,,10,32,1
14,13,3,3,"1,2,3",1P:4;2MP:2;3MP:5;3MS:2,2,1,two_verbs,1,1,1,1,1,1,1,1,1->3,4,1,,13,33,1
14,14,3,3,"1,2,3",1P:1;1S:2;2MP:1;3MP:1;3MS:2,2,1,two_verbs,1,1,1,1,1,1,0,0,,1,0,,7,20,1
14,15,3,3,3,3MP:2;3MS:1,0,0,,0,0,1,0,0,0,0,0,,0,0,,3,8,1
14,16,3,3,3,3MS:2,0,0,,0,0,1,0,0,0,0,0,,0,0,judgment,2,9,1
14,17,3,3,3,3MS:9,0,0,,0,0,1,0,0,0,0,0,,0,0,judgment,9,26,1
14,18,3,3,3,3FS:1;3MP:8;3MS:2,0,0,,0,0,1,0,0,0,0,0,,0,0,,11,34,1
14,19,3,3,"2,3",2MP:1;2MS:1;3MS:4,1,1,two_verbs,0,1,1,0,1,0,0,0,,1,0,creation,6,23,1
14,20,,3,,,0,0,,0,0,0,0,0,0,0,0,,0,0,,0,7,0
14,21,1,1,"1,2,3",1P:13;2MP:3;3MP:6;3MS:2,2,1,two_verbs,1,1,1,1,1,1,1,1,3->1,3,1,judgment,24,56,1
14,22,2,2,"1,2,3",1S:15;2MP:16;3MP:1;3MS:4,2,1,two_verbs,1,1,1,1,1,1,1,1,1->2,6,1,judgment,36,81,1
14,23,3,3,3,3FS:4;3MP:6;3MS:1,0,0,,0,0,1,0,0,0,1,1,2->3,0,0,,11,29,1
14,24,3,3,"2,3",2MS:1;3FS:2;3MS:1,1,1,two_verbs,0,1,1,0,1,0,0,0,,1,0,creation,4,21,1
14,25,3,3,3,3FS:3;3MP:3;3MS:1,0,0,,0,0,1,0,0,0,0,0,,0,0,,7,21,1
14,26,3,3,3,3FS:2,0,0,,0,0,1,0,0,0,0,0,,0,0,creation,2,17,1
14,27,3,3,3,3MP:2;3MS:4,0,0,,0,0,1,0,0,0,0,0,,0,0,,6,29,1
14,28,3,3,"2,3",2MS:1;3MP:5,1,1,two_verbs,0,1,1,0,1,0,0,0,,1,0,,6,18,1
14,29,3,3,3,3FS:1;3MP:2;3MS:1,0,0,,0,0,1,0,0,0,0,0,,0,0,judgment,4,8,1
14,30,3,3,"2,3",2MP:3;2MS:1;3MP:4;3MS:1,1,1,two_verbs,0,1,1,0,1,0,0,0,,1,0,judgment,9,22,1
14,31,3,3,"1,2,3",1P:2;1S:1;2MS:1;3MP:7;3MS:2,2,1,two_verbs,1,1,1,1,1,1,0,0,,3,0,prayer,13,34,1
14,32,3,3,"2,3",2MP:3;3FS:1;3MS:7,1,1,verb_plus_indep_pron,0,1,1,0,1,0,0,0,,0,0,"revelation,creation",11,44,1
14,33,3,3,"2,3",2MP:2;3MS:2,1,1,verb_plus_indep_pron,0,1,1,0,1,0,0,0,,0,0,creation,4,19,1
14,34,2,2,"2,3",2MP:7;3FS:1;3MS:2,1,1,two_verbs,0,1,1,0,1,0,1,1,3->2,1,0,,10,25,1
14,35,1,1,"1,2,3",1P:1;1S:3;2MS:2;3MS:1,2,1,two_verbs,1,1,1,1,1,1,1,1,2->1,2,1,prophets,7,21,1
14,36,3,3,"1,2,3",1S:4;2MS:1;3FP:3;3MS:3,2,0,,1,1,1,1,1,1,1,1,1->3,0,0,mercy,11,28,1
14,37,3,3,"1,2,3",1P:2;1S:4;2MS:3;3FS:1;3MP:7,2,1,two_verbs,1,1,1,1,1,1,0,0,,5,0,prayer,17,45,1
14,38,1,1,"1,2,3",1P:3;2MS:2;3MS:1,2,1,two_verbs,1,1,1,1,1,1,1,1,3->1,2,0,creation,6,25,1
14,39,1,1,"1,3",1S:2;3MS:1,1,1,verb_plus_indep_pron,1,0,1,0,0,1,0,0,,0,0,,3,21,1
14,40,1,1,"1,2",1P:1;1S:4;2MS:2,1,0,,1,1,0,1,0,0,0,0,,0,0,prayer,7,17,1
14,41,1,1,"1,2,3",1P:1;1S:2;2MS:1;3MS:1,2,1,two_verbs,1,1,1,1,1,1,0,0,,1,0,mercy,5,17,1
14,42,3,3,"2,3",2MS:1;3FS:1;3MP:1;3MS:3,1,1,two_verbs,0,1,1,0,1,0,1,1,1->3,1,0,,6,22,1
14,43,3,3,3,3MP:4;3MS:1,0,0,,0,0,1,0,0,0,0,0,,0,0,,5,14,1
14,44,2,2,"1,2,3",1P:4;2MP:5;2MS:3;3MP:3;3MS:2,2,1,two_verbs,1,1,1,1,1,1,1,1,3->2,4,1,judgment,17,42,1
14,45,3,3,"1,2,3",1P:4;2MP:4;3MP:4;3MS:1,2,1,two_verbs,1,1,1,1,1,1,1,1,2->3,2,0,,13,26,1
14,46,3,3,3,3FS:1;3MP:5;3MS:2,0,0,,0,0,1,0,0,0,0,0,,0,0,,8,22,1
14,47,2,2,"2,3",2MS:1;3MS:2,1,0,,0,1,1,0,1,0,1,1,3->2,0,0,,3,15,1
14,48,3,3,3,3FS:1;3MP:2,0,0,,0,0,1,0,0,0,1,1,2->3,0,0,creation,3,19,1
14,49,2,2,2,2MS:1,0,0,,0,1,0,0,0,0,1,1,3->2,0,0,,1,9,1
14,50,3,3,3,3FS:1;3MP:2,0,0,,0,0,1,0,0,0,1,1,2->3,0,0,judgment,3,10,1
14,51,3,3,3,3FS:1;3MS:1,0,0,,0,0,1,0,0,0,0,0,,0,0,judgment,2,12,1
14,52,3,3,3,3MP:4;3MS:3,0,0,,0,0,1,0,0,0,0,0,,0,0,oneness,7,26,1
15,1,,3,,,0,0,,0,0,0,0,0,0,0,0,,0,0,revelation,0,8,0
15,2,3,3,3,3MP:4;3MS:1,0,0,,0,0,1,0,0,0,0,0,,0,0,,5,10,1
15,3,3,3,"2,3",2MS:1;3MP:8;3MS:1,1,1,two_verbs,0,1,1,0,1,0,0,0,,1,0,,10,16,1
15,4,1,1,"1,3",1P:2;3FS:1,1,1,verb_plus_indep_pron,1,0,1,0,0,1,1,1,3->1,0,0,,3,12,1
15,5,3,3,3,3FS:2;3MP:2,0,0,,0,0,1,0,0,0,1,1,1->3,0,0,,4,10,1
15,6,3,3,"2,3",2MS:1;3MP:2;3MS:2,1,0,,0,1,1,0,1,0,0,0,,0,0,revelation,5,15,1
15,7,2,2,"1,2",1P:1;2MS:3,1,0,,1,1,0,1,0,0,1,1,3->2,0,0,,4,13,1
15,8,3,3,"1,3",1P:1;3MP:2,1,1,two_verbs,1,0,1,0,0,1,1,1,2->3,1,0,revelation,3,14,1
15,9,1,1,"1,3",1P:5;3MS:1,1,1,verb_plus_indep_pron,1,0,1,0,0,1,1,1,3->1,0,0,revelation,6,14,1
15,10,1,1,"1,2",1P:2;2MS:1,1,0,,1,1,0,1,0,0,0,0,,0,0,,3,12,1
15,11,3,3,3,3MP:5;3MS:2,0,0,,0,0,1,0,0,0,1,1,1->3,0,0,revelation,7,13,1
15,12,1,1,"1,3",1P:1;3MS:1,1,0,,1,0,1,0,0,1,1,1,3->1,0,0,,2,8,1
15,13,3,3,3,3FS:1;3MP:2;3MS:1,0,0,,0,0,1,0,0,0,1,1,1->3,0,0,,4,11,1
15,14,3,3,"1,3",1P:2;3MP:5;3MS:1,1,1,two_verbs,1,0,1,0,0,1,0,0,,1,0,,8,17,1
15,15,3,3,"1,3",1P:2;3FS:1;3MP:2,1,1,verb_plus_indep_pron,1,0,1,0,0,1,0,0,,0,0,,5,12,1
15,16,1,1,"1,3",1P:4;3FS:1,1,0,,1,0,1,0,0,1,1,1,3->1,0,0,creation,5,16,1
15,17,1,1,"1,3",1P:2;3FS:1,1,0,,1,0,1,0,0,1,0,0,,0,0,mercy,3,8,1
15,18,3,3,3,3MS:3,0,0,,0,0,1,0,0,0,1,1,1->3,0,0,,3,10,1
15,19,1,1,"1,3",1P:6;3FS:3,1,0,,1,0,1,0,0,1,1,1,3->1,0,0,creation,9,21,1
15,20,2,2,"1,2,3",1P:2;2MP:3;3FS:1;3MS:1,2,1,two_verbs,1,1,1,1,1,1,1,1,1->2,1,0,,7,16,1
15,21,1,1,"1,3",1P:2;3MS:2,1,0,,1,0,1,0,0,1,1,1,2->1,0,0,,4,17,1
15,22,1,1,"1,2,3",1P:6;2MP:2;3MS:2,2,1,verb_plus_indep_pron,1,1,1,1,1,1,0,0,,0,0,"revelation,creation",10,25,1
15,23,1,1,1,1P:5,0,0,,1,0,0,0,0,0,0,0,,0,0,,5,12,1
15,24,1,1,"1,2",1P:4;2MP:1,1,0,,1,1,0,1,0,0,0,0,,0,0,,5,16,1
15,25,3,3,"2,3",2MS:1;3MP:1;3MS:3,1,0,,0,1,1,0,1,0,1,1,1->3,0,0,,5,11,1
15,26,1,1,1,1P:2,0,0,,1,0,0,0,0,0,1,1,3->1,0,0,creation,2,12,1
15,27,1,1,"1,3",1P:2;3MS:1,1,0,,1,0,1,0,0,1,0,0,,0,0,"judgment,creation",3,12,1
15,28,3,3,"1,2,3",1S:1;2MS:1;3MS:1,2,0,,1,1,1,1,1,1,1,1,1->3,0,1,creation,3,17,1
15,29,1,1,"1,2,3",1S:5;2MP:2;3MS:3,2,1,two_verbs,1,1,1,1,1,1,1,1,3->1,1,0,creation,10,19,1
15,30,3,3,3,3MP:1;3MS:1,0,0,,0,0,1,0,0,0,1,1,1->3,0,0,,2,7,1
15,31,3,3,3,3MS:2,0,0,,0,0,1,0,0,0,0,0,,0,0,,2,8,1
15,32,2,2,"2,3",2MS:2;3MS:1,1,1,two_verbs,0,1,1,0,1,0,1,1,3->2,1,1,prayer,3,12,1
15,33,1,1,"1,2,3",1S:2;2MS:2;3MS:2,2,1,two_verbs,1,1,1,1,1,1,1,1,2->1,2,1,"creation,prayer",6,15,1
15,34,2,2,"2,3",2MS:2;3FS:1;3MS:1,1,1,two_verbs,0,1,1,0,1,0,1,1,1->2,1,1,,4,9,1
15,35,2,2,2,2MS:1,0,0,,0,1,0,0,0,0,0,0,,0,0,judgment,1,10,0
15,36,3,3,"1,2,3",1S:2;2MS:1;3MP:2;3MS:1,2,1,two_verbs,1,1,1,1,1,1,1,1,2->3,2,1,,6,10,1
15,37,3,3,"2,3",2MS:1;3MS:1,1,0,,0,1,1,0,1,0,0,0,,0,1,,2,7,1
15,38,,3,,,0,0,,0,0,0,0,0,0,0,0,,0,0,judgment,0,6,0
15,39,1,1,"1,2,3",1S:4;2MS:2;3MP:2;3MS:1,2,1,two_verbs,1,1,1,1,1,1,1,1,3->1,2,1,creation,9,22,1
15,40,2,2,"2,3",2MS:1;3MP:1,1,0,,0,1,1,0,1,0,1,1,1->2,0,0,,2,7,0
15,41,3,3,"1,3",1S:1;3MS:1,1,0,,1,0,1,0,0,1,1,1,2->3,0,1,,2,6,1
15,42,3,3,"1,2,3",1S:1;2MS:2;3MP:1;3MS:2,2,1,verb_plus_indep_pron,1,1,1,1,1,1,0,0,,0,0,,6,16,1
15,43,3,3,3,3MP:1,0,0,,0,0,1,0,0,0,0,0,,0,0,judgment,1,7,0
15,44,3,3,3,3FS:1;3MP:1,0,0,,0,0,1,0,0,0,0,0,,0,0,,2,11,0
15,45,,3,,,0,0,,0,0,0,0,0,0,0,0,,0,0,,0,7,0
15,46,2,2,"2,3",2MP:2;3FS:1,1,0,,0,1,1,0,1,0,1,1,3->2,0,0,,3,6,1
15,47,1,1,"1,3",1P:2;3MP:1,1,0,,1,0,1,0,0,1,1,1,2->1,0,0,,3,13,1
15,48,3,3,3,3FS:2;3MP:2;3MS:1,0,0,,0,0,1,0,0,0,1,1,1->3,0,0,,5,13,1
15,49,1,1,"1,2",1S:3;2MS:1,1,1,verb_plus_indep_pron,1,1,0,1,0,0,1,1,3->1,0,0,mercy,4,10,1
15,50,1,1,"1,3",1S:1;3MS:1,1,0,,1,0,1,0,0,1,0,0,,0,0,judgment,2,9,0
15,51,2,2,"2,3",2MS:1;3MP:1,1,0,,0,1,1,0,1,0,1,1,1->2,0,0,prophets,2,6,1
15,52,3,3,"1,2,3",1P:1;2MP:1;3MP:4;3MS:2,2,0,,1,1,1,1,1,1,1,1,2->3,0,1,prophets,8,15,1
15,53,2,2,"1,2,3",1P:2;2MS:2;3MP:2,2,1,two_verbs,1,1,1,1,1,1,1,1,3->2,2,1,,6,11,1
15,54,2,2,"1,2,3",1S:2;2MP:4;3MS:2,2,1,two_verbs,1,1,1,1,1,1,0,0,,3,1,,8,16,1
15,55,2,2,"1,2,3",1P:2;2MS:2;3MP:2,2,1,two_verbs,1,1,1,1,1,1,0,0,,2,1,,6,14,1
15,56,3,3,3,3MS:3,0,0,,0,0,1,0,0,0,1,1,2->3,0,1,mercy,3,11,1
15,57,3,3,"2,3",2MP:1;3MS:1,1,0,,0,1,1,0,1,0,0,0,,0,1,prophets,2,8,1
15,58,1,1,"1,3",1P:3;3MP:2,1,1,two_verbs,1,0,1,0,0,1,1,1,3->1,1,1,,5,9,1
15,59,1,1,"1,3",1P:1;3MP:1,1,0,,1,0,1,0,0,1,0,0,,0,0,prophets,2,9,0
15,60,1,1,"1,3",1P:2;3FS:1;3MS:1,1,0,,1,0,1,0,0,1,0,0,,0,0,,4,11,1
15,61,3,3,3,3MS:1,0,0,,0,0,1,0,0,0,1,1,1->3,0,0,prophets,1,7,1
15,62,3,3,"2,3",2MP:1;3MS:1,1,0,,0,1,1,0,1,0,0,0,,0,1,,2,5,1
15,63,3,3,"1,2,3",1P:2;2MS:1;3MP:6;3MS:1,2,1,two_verbs,1,1,1,1,1,1,0,0,,2,1,,10,14,1
15,64,1,1,"1,2",1P:3;2MS:1,1,0,,1,1,0,1,0,0,1,1,3->1,0,0,,4,12,1
15,65,2,2,"2,3",2MP:5;2MS:3;3MP:1;3MS:1,1,1,two_verbs,0,1,1,0,1,0,1,1,1->2,2,0,,10,26,1
15,66,1,1,"1,3",1P:2;3MS:1,1,0,,1,0,1,0,0,1,1,1,2->1,0,0,,3,13,1
15,67,3,3,3,3MP:2;3MS:1,0,0,,0,0,1,0,0,0,1,1,1->3,0,0,,3,7,1
15,68,2,2,"1,2,3",1S:2;2MP:2;3MS:1,2,1,two_verbs,1,1,1,1,1,1,1,1,3->2,1,1,prophets,5,10,1
15,69,2,2,"1,2",1S:1;2MP:4,1,0,,1,1,0,1,0,0,0,0,,0,0,,5,9,1
15,70,3,3,"1,2,3",1P:1;2MS:1;3MP:2,2,1,two_verbs,1,1,1,1,1,1,1,1,2->3,1,1,law,4,10,1
15,71,2,2,"1,2,3",1S:1;2MP:2;3MS:1,2,1,two_verbs,1,1,1,1,1,1,1,1,3->2,1,1,"law,prophets",4,8,1
15,72,3,3,"2,3",2MS:1;3MP:4,1,0,,0,1,1,0,1,0,1,1,2->3,0,0,,5,11,1
15,73,3,3,3,3FS:1;3MP:1,0,0,,0,0,1,0,0,0,0,0,,0,0,,2,6,1
15,74,1,1,"1,3",1P:4;3FS:2;3MP:1,1,0,,1,0,1,0,0,1,1,1,3->1,0,0,,7,15,1
15,75,,3,,,0,0,,0,0,0,0,0,0,1,1,1->3,0,0,revelation,0,8,0
15,76,3,3,3,3FS:1,0,0,,0,0,1,0,0,0,0,0,,0,0,,1,7,0
15,77,,3,,,0,0,,0,0,0,0,0,0,0,0,,0,0,,0,8,0
15,78,3,3,3,3MS:1,0,0,,0,0,1,0,0,0,0,0,,0,0,,1,8,1
15,79,1,1,"1,3",1P:2;3MD:1;3MP:1,1,0,,1,0,1,0,0,1,1,1,3->1,0,0,,4,12,1
15,80,3,3,3,3MS:1,0,0,,0,0,1,0,0,0,1,1,1->3,0,0,prophets,1,9,1
15,81,3,3,"1,3",1P:3;3FS:1;3MP:3,1,1,two_verbs,1,0,1,0,0,1,0,0,,1,0,revelation,7,12,1
15,82,3,3,3,3MP:4,0,0,,0,0,1,0,0,0,0,0,,0,0,,4,10,1
15,83,3,3,3,3FS:1;3MP:1,0,0,,0,0,1,0,0,0,0,0,,0,0,,2,6,1
15,84,3,3,3,3MP:5;3MS:1,0,0,,0,0,1,0,0,0,0,0,,0,0,,6,10,1
15,85,1,1,"1,2,3",1P:2;2MS:1;3D:1,2,1,two_verbs,1,1,1,1,1,1,1,1,3->1,1,0,"judgment,mercy,creation",4,29,1
15,86,2,2,"2,3",2MS:1;3MS:1,1,0,,0,1,1,0,1,0,1,1,1->2,0,0,,2,8,0
15,87,1,1,"1,2",1P:2;2MS:1,1,0,,1,1,0,1,0,0,1,1,2->1,0,0,,3,15,1
15,88,2,2,"1,2,3",1P:2;2MS:5;3MP:2;3MS:1,2,1,two_verbs,1,1,1,1,1,1,1,1,1->2,2,0,,10,26,1
15,89,2,2,"1,2",1S:2;2MS:1,1,1,verb_plus_indep_pron,1,1,0,1,0,0,0,0,,0,0,revelation,3,9,1
15,90,1,1,1,1P:2,0,0,,1,0,0,0,0,0,1,1,2->1,0,0,revelation,2,7,1
15,91,3,3,3,3MP:2,0,0,,0,0,1,0,0,0,1,1,1->3,0,0,,2,6,1
15,92,1,1,"1,2,3",1P:1;2MS:1;3MP:1,2,0,,1,1,1,1,1,1,1,1,3->1,0,0,,3,9,1
15,93,3,3,3,3MP:4,0,0,,0,0,1,0,0,0,1,1,1->3,0,0,,4,6,1
15,94,2,2,2,2MS:3,0,0,,0,1,0,0,0,0,1,1,3->2,0,0,,3,10,1
15,95,1,1,"1,2",1P:3;2MS:1,1,0,,1,1,0,1,0,0,1,1,2->1,0,0,,4,7,1
15,96,3,3,3,3MP:4,0,0,,0,0,1,0,0,0,1,1,1->3,0,0,,4,11,1
15,97,3,3,"1,2,3",1P:1;2MS:2;3MP:2;3MS:1,2,1,two_verbs,1,1,1,1,1,1,0,0,,1,0,,6,13,1
15,98,2,2,2,2MS:3,0,0,,0,1,0,0,0,0,1,1,3->2,0,0,prayer,3,11,1
15,99,2,2,"2,3",2MS:3;3MS:1,1,1,two_verbs,0,1,1,0,1,0,0,0,,1,0,,4,9,1
16,1,3,3,"2,3",2MP:2;3MP:2;3MS:4,1,1,two_verbs,0,1,1,0,1,0,0,0,,2,0,,8,16,1
16,2,3,3,"1,2,3",1S:2;2MP:4;3MS:5,2,1,two_verbs,1,1,1,1,1,1,0,0,,1,0,oneness,11,28,1
16,3,3,3,3,3MP:2;3MS:2,0,0,,0,0,1,0,0,0,0,0,,0,0,creation,4,14,1
16,4,3,3,3,3MS:2,0,0,,0,0,1,0,0,0,0,0,,0,0,creation,2,10,1
16,5,3,3,"2,3",2MP:3;3FS:3;3MS:1,1,1,two_verbs,0,1,1,0,1,0,0,0,,1,0,creation,7,17,1
16,6,2,2,"2,3",2MP:5;3FS:1,1,0,,0,1,1,0,1,0,1,1,3->2,0,0,,6,13,1
16,7,2,2,"2,3",2MP:4;3FS:1;3MS:1,1,1,two_verbs,0,1,1,0,1,0,0,0,,1,0,mercy,6,22,1
16,8,2,2,"2,3",2MP:4;3FS:1;3MS:1,1,1,two_verbs,0,1,1,0,1,0,0,0,,2,0,creation,6,21,1
16,9,3,3,"2,3",2MP:1;3FS:1;3MS:2,1,0,,0,1,1,0,1,0,1,1,2->3,0,0,,4,17,1
16,10,3,3,"2,3",2MP:3;3MS:5,1,1,two_verbs,0,1,1,0,1,0,0,0,,1,0,creation,8,20,1
16,11,3,3,"2,3",2MP:1;3MP:2;3MS:2,1,1,verb_plus_indep_pron,0,1,1,0,1,0,0,0,,0,0,,5,30,1
16,12,3,3,"2,3",2MP:1;3MP:2;3MS:2,1,1,verb_plus_indep_pron,0,1,1,0,1,0,0,0,,0,0,"revelation,creation",5,31,1
16,13,3,3,"2,3",2MP:1;3MP:2;3MS:2,1,1,verb_plus_indep_pron,0,1,1,0,1,0,0,0,,0,0,creation,5,20,1
16,14,2,2,"2,3",2MP:11;2MS:1;3FS:1;3MS:6,1,1,two_verbs,0,1,1,0,1,0,1,1,3->2,1,0,,19,41,1
16,15,2,2,"2,3",2MP:4;3FS:1;3MS:1,1,1,two_verbs,0,1,1,0,1,0,0,0,,1,0,creation,6,18,1
16,16,3,3,3,3MP:3,0,0,,0,0,1,0,0,0,1,1,2->3,0,0,creation,3,9,1
16,17,3,3,"2,3",2MP:2;3MS:2,1,1,two_verbs,0,1,1,0,1,0,0,0,,1,0,creation,4,13,1
16,18,2,2,"2,3",2MP:4;3FS:1,1,0,,0,1,1,0,1,0,1,1,3->2,0,0,mercy,5,15,1
16,19,2,2,"2,3",2MP:4;3MS:1,1,1,two_verbs,0,1,1,0,1,0,0,0,,1,0,,5,10,1
16,20,3,3,3,3MP:7,0,0,,0,0,1,0,0,0,1,1,2->3,0,0,creation,7,15,1
16,21,3,3,3,3MP:4,0,0,,0,0,1,0,0,0,0,0,,0,0,,4,10,1
16,22,3,3,"2,3",2MP:1;3MP:4,1,0,,0,1,1,0,1,0,0,0,,0,0,oneness,5,18,1
16,23,3,3,3,3MP:4;3MS:3,0,0,,0,0,1,0,0,0,0,0,,0,0,,7,18,1
16,24,3,3,"2,3",2MP:1;3MP:3;3MS:2,1,0,,0,1,1,0,1,0,0,0,,0,1,revelation,6,14,1
16,25,3,3,3,3MP:8;3MS:1,0,0,,0,0,1,0,0,0,0,0,,0,0,judgment,9,24,1
16,26,3,3,3,3MP:7;3MS:4,0,0,,0,0,1,0,0,0,0,0,,0,0,judgment,11,33,1
16,27,3,3,"1,2,3",1S:1;2MP:4;3MP:4;3MS:3,2,1,two_verbs,1,1,1,1,1,1,0,0,,2,1,"oneness,judgment",12,35,1
16,28,3,3,"1,2,3",1P:3;2MP:4;3FS:1;3MP:4,2,1,two_verbs,1,1,1,1,1,1,0,0,,2,0,,12,29,1
16,29,2,2,"2,3",2MP:2;3FS:1;3MS:1,1,1,two_verbs,0,1,1,0,1,0,1,1,3->2,1,0,judgment,4,14,1
16,30,3,3,"2,3",2MP:1;3MP:6;3MS:3,1,0,,0,1,1,0,1,0,1,1,2->3,0,1,revelation,10,34,1
16,31,3,3,3,3FS:4;3MP:5;3MS:1,0,0,,0,0,1,0,0,0,0,0,,0,0,judgment,10,24,1
16,32,2,2,"2,3",2MP:7;3FS:1;3MP:3,1,1,two_verbs,0,1,1,0,1,0,1,1,3->2,1,1,judgment,11,21,1
16,33,3,3,"2,3",2MS:1;3FS:1;3MP:10;3MS:3,1,0,,0,1,1,0,1,0,1,1,2->3,0,0,,15,34,1
16,34,3,3,3,3MP:8;3MS:3,0,0,,0,0,1,0,0,0,0,0,,0,0,,11,18,1
16,35,3,3,"1,3",1P:6;3MP:3;3MS:5,1,1,two_verbs,1,0,1,0,0,1,0,0,,2,0,"oneness,law",14,47,1
16,36,2,2,"1,2,3",1P:2;2MP:8;3FS:1;3MP:2;3MS:3,2,1,two_verbs,1,1,1,1,1,1,1,1,3->2,4,0,"revelation,creation",16,47,1
16,37,3,3,"2,3",2MS:1;3MP:2;3MS:2,1,1,two_verbs,0,1,1,0,1,0,1,1,2->3,1,0,,5,18,1
16,38,3,3,3,3MP:5;3MS:3,0,0,,0,0,1,0,0,0,0,0,,0,0,judgment,8,26,1
16,39,3,3,3,3MP:8;3MS:3,0,0,,0,0,1,0,0,0,0,0,,0,0,,11,20,1
16,40,1,1,"1,2,3",1P:4;2MS:1;3MS:3,2,1,two_verbs,1,1,1,1,1,1,1,1,3->1,2,0,,8,17,1
16,41,3,3,"1,3",1P:1;3MP:9,1,1,two_verbs,1,0,1,0,0,1,1,1,1->3,2,0,judgment,10,30,1
16,42,3,3,3,3MP:5,0,0,,0,0,1,0,0,0,0,0,,0,0,,5,9,1
16,43,2,2,"1,2,3",1P:3;2MP:6;2MS:1;3MP:1,2,1,two_verbs,1,1,1,1,1,1,1,1,3->2,1,0,revelation,11,24,1
16,44,3,3,"1,2,3",1P:2;2MS:2;3MP:4;3MS:1,2,1,two_verbs,1,1,1,1,1,1,1,1,2->3,2,0,revelation,9,27,1
16,45,3,3,3,3MP:6;3MS:3,0,0,,0,0,1,0,0,0,0,0,,0,0,"judgment,creation",9,25,1
16,46,3,3,3,3MP:3;3MS:1,0,0,,0,0,1,0,0,0,0,0,,0,0,,4,11,1
16,47,3,3,"2,3",2MP:1;3MP:1;3MS:1,1,0,,0,1,1,0,1,0,0,0,,0,0,mercy,3,12,1
16,48,3,3,3,3MP:3;3MS:3,0,0,,0,0,1,0,0,0,0,0,,0,0,creation,6,26,1
16,49,3,3,3,3MP:3;3MS:1,0,0,,0,0,1,0,0,0,0,0,,0,0,creation,4,23,1
16,50,3,3,3,3MP:8,0,0,,0,0,1,0,0,0,0,0,,0,0,,8,13,1
16,51,2,2,"1,2,3",1S:2;2MP:4;3MS:2,2,1,two_verbs,1,1,1,1,1,1,1,1,3->2,1,1,oneness,8,19,1
16,52,2,2,"2,3",2MP:2;3MS:2,1,1,verb_plus_indep_pron,0,1,1,0,1,0,0,0,,0,0,creation,4,22,1
16,53,2,2,"2,3",2MP:4;3MS:2,1,1,two_verbs,0,1,1,0,1,0,0,0,,1,0,,6,20,1
16,54,3,3,"2,3",2MP:2;3MP:3;3MS:1,1,0,,0,1,1,0,1,0,1,1,2->3,0,0,oneness,6,16,1
16,55,2,2,"1,2,3",1P:2;2MP:4;3MP:3,2,1,two_verbs,1,1,1,1,1,1,1,1,3->2,2,0,,9,15,1
16,56,2,2,"1,2,3",1P:2;2MP:5;3MP:5,2,1,two_verbs,1,1,1,1,1,1,0,0,,2,0,,12,25,1
16,57,3,3,3,3MP:5;3MS:1,0,0,,0,0,1,0,0,0,1,1,2->3,0,0,,6,15,1
16,58,3,3,3,3MP:1;3MS:4,0,0,,0,0,1,0,0,0,0,0,,0,0,,5,15,1
16,59,3,3,3,3MP:2;3MS:8,0,0,,0,0,1,0,0,0,0,0,,0,0,,10,26,1
16,60,3,3,3,3MP:2;3MS:1,0,0,,0,0,1,0,0,0,0,0,,0,0,,3,24,1
16,61,3,3,3,3FS:1;3MP:7;3MS:4,0,0,,0,0,1,0,0,0,0,0,,0,0,"judgment,creation",12,35,1
16,62,3,3,3,3FS:1;3MP:8,0,0,,0,0,1,0,0,0,0,0,,0,0,judgment,9,30,1
16,63,3,3,"1,2,3",1P:2;2MS:1;3MP:4;3MS:2,2,1,two_verbs,1,1,1,1,1,1,0,0,,1,0,judgment,9,30,1
16,64,3,3,"1,2,3",1P:2;2MS:2;3MP:5;3MS:1,2,1,two_verbs,1,1,1,1,1,1,0,0,,2,0,"mercy,revelation",10,26,1
16,65,3,3,3,3FS:1;3MP:2;3MS:3,0,0,,0,0,1,0,0,0,0,0,,0,0,"revelation,creation",6,25,1
16,66,2,2,"1,2,3",1P:1;2MP:2;3MS:1,2,1,verb_plus_indep_pron,1,1,1,1,1,1,1,1,3->2,0,0,,4,27,1
16,67,3,3,"2,3",2MP:2;3MP:2;3MS:1,1,1,two_verbs,0,1,1,0,1,0,1,1,2->3,1,0,,5,25,1
16,68,3,3,"2,3",2FS:2;2MS:1;3MP:2;3MS:1,1,1,two_verbs,0,1,1,0,1,0,0,0,,2,0,,6,23,1
16,69,3,3,"2,3",2FS:5;3FS:1;3MP:2;3MS:3,1,1,two_verbs,0,1,1,0,1,0,0,0,,1,0,,11,37,1
16,70,3,3,"2,3",2MP:3;3MS:4,1,0,,0,1,1,0,1,0,0,0,,0,0,creation,7,27,1
16,71,3,3,"2,3",2MP:1;3FS:1;3MP:7;3MS:2,1,0,,0,1,1,0,1,0,0,0,,0,0,,11,36,1
16,72,3,3,"2,3",2MP:5;3MP:5;3MS:3,1,1,verb_plus_indep_pron,0,1,1,0,1,0,0,0,,0,0,,13,39,1
16,73,3,3,3,3MP:5;3MS:1,0,0,,0,0,1,0,0,0,0,0,,0,0,creation,6,23,1
16,74,2,2,"2,3",2MP:5;3MS:1,1,1,two_verbs,0,1,1,0,1,0,1,1,3->2,2,0,,6,16,1
16,75,3,3,"1,3",1P:3;3MP:5;3MS:6,1,1,two_verbs,1,0,1,0,0,1,1,1,2->3,2,0,,14,39,1
16,76,3,3,3,3MD:1;3MS:11,0,0,,0,0,1,0,0,0,0,0,,0,0,,12,40,1
16,77,3,3,3,3MS:1,0,0,,0,0,1,0,0,0,0,0,,0,0,"judgment,creation",1,28,0
16,78,2,2,"2,3",2MP:8;3MS:2,1,1,two_verbs,0,1,1,0,1,0,1,1,3->2,3,0,,10,28,1
16,79,3,3,3,3FP:1;3MP:4;3MS:1,0,0,,0,0,1,0,0,0,1,1,2->3,0,0,"revelation,creation",6,26,1
16,80,2,2,"2,3",2MP:7;3FS:4;3MS:2,1,1,two_verbs,0,1,1,0,1,0,1,1,3->2,1,0,judgment,13,43,1
16,81,3,3,"2,3",2MP:10;3FS:2;3MS:6,1,1,two_verbs,0,1,1,0,1,0,1,1,2->3,1,0,creation,18,43,1
16,82,3,3,"2,3",2MS:1;3MP:2,1,0,,0,1,1,0,1,0,0,0,,0,0,,3,13,1
16,83,3,3,3,3FS:1;3MP:5,0,0,,0,0,1,0,0,0,0,0,,0,0,,6,13,1
16,84,3,3,"1,3",1P:1;3MP:5;3MS:1,1,1,two_verbs,1,0,1,0,0,1,0,0,,1,0,"judgment,law",7,19,1
16,85,3,3,3,3MP:6;3MS:2,0,0,,0,0,1,0,0,0,0,0,,0,0,judgment,8,18,1
16,86,3,3,"1,2,3",1P:5;2MP:1;2MS:1;3MP:8;3MS:1,2,1,two_verbs,1,1,1,1,1,1,0,0,,2,1,oneness,16,33,1
16,87,3,3,3,3MP:7;3MS:1,0,0,,0,0,1,0,0,0,0,0,,0,0,,8,17,1
16,88,3,3,"1,3",1P:2;3MP:9,1,1,two_verbs,1,0,1,0,0,1,0,0,,2,0,judgment,11,22,1
16,89,1,1,"1,2,3",1P:5;2MS:2;3MP:2,2,1,verb_plus_indep_pron,1,1,1,1,1,1,1,1,3->1,0,0,"judgment,mercy,revelation,law",9,40,1
16,90,3,3,"2,3",2MP:4;3MS:3,1,1,two_verbs,0,1,1,0,1,0,1,1,1->3,1,0,,7,31,1
16,91,2,2,"2,3",2MP:11;3FS:1;3MS:1,1,1,two_verbs,0,1,1,0,1,0,1,1,3->2,2,0,law,13,32,1
16,92,2,2,"2,3",2MP:12;3FS:4;3MS:5,1,1,two_verbs,0,1,1,0,1,0,0,0,,4,0,judgment,21,50,1
16,93,3,3,"2,3",2MP:6;3MS:6,1,1,two_verbs,0,1,1,0,1,0,1,1,2->3,1,0,,12,28,1
16,94,2,2,"2,3",2MP:9;3FS:2,1,1,two_verbs,0,1,1,0,1,0,1,1,3->2,2,0,judgment,11,32,1
16,95,2,2,"2,3",2MP:7;3MS:1,1,1,verb_plus_indep_pron,0,1,1,0,1,0,0,0,,0,0,,8,22,1
16,96,3,3,"1,2,3",1P:1;2MP:1;3MP:7;3MS:1,2,1,two_verbs,1,1,1,1,1,1,1,1,2->3,2,0,judgment,10,25,1
16,97,3,3,"1,3",1P:2;3MP:6;3MS:3,1,1,two_verbs,1,0,1,0,0,1,0,0,,2,0,judgment,11,31,1
16,98,2,2,2,2MS:3,0,0,,0,1,0,0,0,0,1,1,3->2,0,0,"mercy,revelation",3,15,1
16,99,3,3,3,3MP:5;3MS:3,0,0,,0,0,1,0,0,0,1,1,2->3,0,0,,8,16,1
16,100,3,3,3,3MP:3;3MS:3,0,0,,0,0,1,0,0,0,0,0,,0,0,,6,15,1
16,101,3,3,"1,2,3",1P:2;2MS:1;3MP:5;3MS:1,2,1,two_verbs,1,1,1,1,1,1,0,0,,1,0,,9,25,1
16,102,3,3,"2,3",2MS:2;3MP:2;3MS:3,1,1,two_verbs,0,1,1,0,1,0,0,0,,1,0,,7,24,1
16,103,3,3,"1,3",1P:1;3MP:5;3MS:3,1,1,two_verbs,1,0,1,0,0,1,0,0,,1,0,,9,25,1
16,104,3,3,3,3MP:4;3MS:1,0,0,,0,0,1,0,0,0,0,0,,0,0,judgment,5,17,1
16,105,3,3,3,3MP:3;3MS:1,0,0,,0,0,1,0,0,0,0,0,,0,0,,4,17,1
16,106,3,3,3,3MP:2;3MS:5,0,0,,0,0,1,0,0,0,0,0,,0,0,judgment,7,37,1
16,107,3,3,3,3MP:3;3MS:1,0,0,,0,0,1,0,0,0,0,0,,0,0,,4,22,1
16,108,3,3,3,3MP:4;3MS:1,0,0,,0,0,1,0,0,0,0,0,,0,0,,5,18,1
16,109,3,3,3,3MP:2,0,0,,0,0,1,0,0,0,0,0,,0,0,,2,10,0
16,110,3,3,"2,3",2MS:2;3FS:1;3MP:8,1,0,,0,1,1,0,1,0,0,0,,0,0,mercy,11,28,1
16,111,3,3,3,3FS:5;3MP:3,0,0,,0,0,1,0,0,0,0,0,,0,0,,8,19,1
16,112,3,3,3,3FS:5;3MP:4;3MS:3,0,0,,0,0,1,0,0,0,0,0,,0,0,,12,37,1
16,113,3,3,3,3MP:6;3MS:3,0,0,,0,0,1,0,0,0,0,0,,0,0,"judgment,revelation",9,20,1
16,114,2,2,"2,3",2MP:9;3MS:2,1,1,two_verbs,0,1,1,0,1,0,1,1,3->2,2,0,law,11,21,1
16,115,3,3,"2,3",2MP:1;3MS:4,1,0,,0,1,1,0,1,0,1,1,2->3,0,0,"mercy,law",5,35,1
16,116,3,3,"2,3",2MP:5;3FS:1;3MP:4,1,1,two_verbs,0,1,1,0,1,0,0,0,,3,0,law,10,34,1
16,117,3,3,3,3MP:1,0,0,,0,0,1,0,0,0,0,0,,0,0,judgment,1,7,0
16,118,3,3,"1,2,3",1P:6;2MS:1;3MP:8,2,1,two_verbs,1,1,1,1,1,1,0,0,,2,0,,15,27,1
16,119,3,3,"2,3",2MS:2;3FS:1;3MP:6,1,0,,0,1,1,0,1,0,0,0,,0,0,mercy,9,30,1
16,120,3,3,3,3MS:2,0,0,,0,0,1,0,0,0,0,0,,0,0,prophets,2,14,1
16,121,3,3,3,3MS:5,0,0,,0,0,1,0,0,0,0,0,,0,0,,5,12,1
16,122,1,1,"1,3",1P:2;3MS:2,1,0,,1,0,1,0,0,1,1,1,3->1,0,0,,4,18,1
16,123,2,2,"1,2,3",1P:2;2MS:2;3MS:1,2,1,two_verbs,1,1,1,1,1,1,1,1,1->2,2,0,"revelation,prophets",5,16,1
16,124,3,3,"2,3",2MS:1;3MP:7;3MS:4,1,0,,0,1,1,0,1,0,1,1,2->3,0,0,judgment,12,30,1
16,125,3,3,"2,3",2MS:4;3FS:1;3MP:1;3MS:4,1,1,two_verbs,0,1,1,0,1,0,0,0,,1,0,,10,37,1
16,126,2,2,"2,3",2MP:8;3MS:2,1,1,verb_plus_indep_pron,0,1,1,0,1,0,1,1,3->2,0,0,,10,25,1
16,127,3,3,"2,3",2MS:3;3FS:1;3MP:3,1,1,two_verbs,0,1,1,0,1,0,1,1,2->3,3,0,,7,23,1
16,128,3,3,3,3MP:3,0,0,,0,0,1,0,0,0,0,0,,0,0,,3,10,1
17,1,3,3,"1,3",1P:4;3MS:6,1,1,two_verbs,1,0,1,0,0,1,0,0,,1,0,revelation,10,35,1
17,2,1,1,"1,2,3",1P:4;1S:1;2MP:2;3MS:1,2,1,two_verbs,1,1,1,1,1,1,1,1,3->1,1,0,"revelation,prophets",8,22,1
17,3,1,1,"1,3",1P:2;3MS:2,1,1,two_verbs,1,0,1,0,0,1,0,0,,1,0,prophets,4,11,1
17,4,2,2,"1,2",1P:2;2MP:2,1,1,two_verbs,1,1,0,1,0,0,1,1,1->2,1,0,"revelation,creation,prophets",4,22,1
17,5,3,3,"1,2,3",1P:3;2MP:1;3MD:1;3MP:2;3MS:2,2,1,two_verbs,1,1,1,1,1,1,1,1,2->3,2,0,,9,26,1
17,6,1,1,"1,2,3",1P:6;2MP:3;3MP:1,2,1,verb_plus_indep_pron,1,1,1,1,1,1,1,1,3->1,0,0,,10,23,1
17,7,3,3,"2,3",2MP:8;3FS:1;3MP:10;3MS:2,1,1,two_verbs,0,1,1,0,1,0,1,1,1->3,1,1,,21,47,1
17,8,1,1,"1,2,3",1P:4;2MP:4;3MS:2,2,1,two_verbs,1,1,1,1,1,1,1,1,3->1,2,1,"judgment,mercy",10,20,1
17,9,3,3,3,3FS:1;3MP:3;3MS:2,0,0,,0,0,1,0,0,0,1,1,1->3,0,0,judgment,6,23,1
17,10,3,3,"1,3",1P:2;3MP:3,1,1,two_verbs,1,0,1,0,0,1,0,0,,1,0,judgment,5,15,1
17,11,3,3,3,3MS:3,0,0,,0,0,1,0,0,0,0,0,,0,0,,3,17,1
17,12,1,1,"1,2,3",1P:8;2MP:5;3MS:1,2,1,two_verbs,1,1,1,1,1,1,1,1,3->1,2,0,revelation,14,46,1
17,13,3,3,"1,3",1P:3;3MS:6,1,1,two_verbs,1,0,1,0,0,1,1,1,1->3,1,0,judgment,9,22,1
17,14,2,2,"2,3",2MS:4;3MS:1,1,1,two_verbs,0,1,1,0,1,0,1,1,3->2,1,1,,5,12,1
17,15,3,3,"1,3",1P:3;3FS:2;3MS:5,1,1,two_verbs,1,0,1,0,0,1,1,1,2->3,1,0,revelation,10,32,1
17,16,1,1,"1,3",1P:7;3FS:4;3MP:2;3MS:1,1,1,two_verbs,1,0,1,0,0,1,1,1,3->1,2,0,,14,27,1
17,17,1,1,"1,2,3",1P:2;2MS:1;3MS:2,2,1,two_verbs,1,1,1,1,1,1,0,0,,1,0,prophets,5,21,1
17,18,1,1,"1,3",1P:6;3FS:2;3MS:5,1,1,two_verbs,1,0,1,0,0,1,0,0,,2,0,judgment,13,26,1
17,19,3,3,3,3FS:2;3MP:1;3MS:4,0,0,,0,0,1,0,0,0,1,1,1->3,0,0,,7,20,1
17,20,2,2,"1,2,3",1P:1;2MS:2;3MS:1,2,1,two_verbs,1,1,1,1,1,1,1,1,3->2,1,0,,4,16,1
17,21,1,1,"1,2,3",1P:2;2MS:1;3MP:1,2,1,two_verbs,1,1,1,1,1,1,1,1,2->1,1,0,,4,17,1
17,22,2,2,2,2MS:2,0,0,,0,1,0,0,0,0,1,1,1->2,0,0,,2,10,1
17,23,2,2,"2,3",2MP:2;2MS:5;3D:3;3MD:2;3MS:3,1,1,two_verbs,0,1,1,0,1,0,0,0,,3,0,oneness,15,43,1
17,24,2,2,"1,2,3",1S:2;2MS:3;3D:2;3MD:2,2,1,two_verbs,1,1,1,1,1,1,0,0,,1,0,mercy,9,22,1
17,25,2,2,"2,3",2MP:4;3MS:2,1,1,two_verbs,0,1,1,0,1,0,0,0,,1,0,mercy,6,20,1
17,26,2,2,"2,3",2MS:2;3MS:1,1,0,,0,1,1,0,1,0,0,0,,0,0,,3,18,1
17,27,3,3,3,3MP:2;3MS:2,0,0,,0,0,1,0,0,0,1,1,2->3,0,0,,4,16,1
17,28,2,2,"2,3",2MS:4;3FS:1;3MP:2,1,1,verb_plus_indep_pron,0,1,1,0,1,0,1,1,3->2,0,0,mercy,7,19,1
17,29,2,2,"2,3",2MS:5;3FS:1,1,0,,0,1,1,0,1,0,0,0,,0,0,,6,20,1
17,30,3,3,"2,3",2MS:1;3MS:6,1,0,,0,1,1,0,1,0,1,1,2->3,0,0,,7,19,1
17,31,2,2,"1,2,3",1P:2;2MP:4;3MP:2;3MS:1,2,1,two_verbs,1,1,1,1,1,1,1,1,3->2,2,0,,9,19,1
17,32,3,3,"2,3",2MP:2;3MS:3,1,1,two_verbs,0,1,1,0,1,0,1,1,2->3,1,0,law,5,13,1
17,33,3,3,"1,2,3",1P:2;2MP:2;3MS:6,2,1,two_verbs,1,1,1,1,1,1,0,0,,3,0,law,10,35,1
17,34,2,2,"2,3",2MP:4;3FS:1;3MS:3,1,1,two_verbs,0,1,1,0,1,0,1,1,3->2,3,0,,8,27,1
17,35,2,2,2,2MP:6,0,0,,0,1,0,0,0,0,0,0,,0,0,,6,21,1
17,36,3,3,"2,3",2MS:2;3MS:4,1,1,two_verbs,0,1,1,0,1,0,1,1,2->3,1,0,,6,25,1
17,37,2,2,2,2MS:4,0,0,,0,1,0,0,0,0,1,1,3->2,0,0,creation,4,19,1
17,38,3,3,"2,3",2MS:1;3MS:2,1,0,,0,1,1,0,1,0,1,1,2->3,0,0,,3,9,1
17,39,2,2,"2,3",2MS:4;3MS:1,1,1,two_verbs,0,1,1,0,1,0,1,1,3->2,1,0,"judgment,revelation",5,24,1
17,40,2,2,"2,3",2MP:5;3MS:2,1,1,two_verbs,0,1,1,0,1,0,0,0,,1,0,,7,22,1
17,41,3,3,"1,3",1P:2;3MP:3;3MS:1,1,1,two_verbs,1,0,1,0,0,1,1,1,2->3,1,0,,6,18,1
17,42,3,3,"2,3",2MS:1;3MP:4;3MS:2,1,1,two_verbs,0,1,1,0,1,0,0,0,,1,0,,7,19,1
17,43,3,3,3,3MP:2;3MS:2,0,0,,0,0,1,0,0,0,0,0,,0,0,,4,10,1
17,44,3,3,"2,3",2MP:2;3FP:1;3FS:1;3MP:1;3MS:5,1,1,two_verbs,0,1,1,0,1,0,0,0,,2,0,"mercy,creation",10,35,1
17,45,2,2,"1,2,3",1P:2;2MS:3;3MP:2,2,1,two_verbs,1,1,1,1,1,1,1,1,3->2,2,0,revelation,7,21,1
17,46,3,3,"1,2,3",1P:2;2MS:3;3MP:7;3MS:2,2,1,two_verbs,1,1,1,1,1,1,1,1,2->3,3,0,,14,33,1
17,47,3,3,"1,2,3",1P:1;2MP:2;2MS:1;3MP:5;3MS:2,2,1,two_verbs,1,1,1,1,1,1,0,0,,1,0,,11,27,1
17,48,3,3,"2,3",2MS:2;3MP:6,1,1,two_verbs,0,1,1,0,1,0,0,0,,1,0,,8,16,1
17,49,1,1,"1,3",1P:3;3MP:2,1,1,two_verbs,1,0,1,0,0,1,1,1,3->1,1,0,,5,17,1
17,50,2,2,2,2MP:2;2MS:1,0,0,,0,1,0,0,0,0,1,1,1->2,0,0,,3,6,1
17,51,3,3,"1,2,3",1P:1;2MP:2;2MS:3;3MP:7;3MS:6,2,1,two_verbs,1,1,1,1,1,1,1,1,2->3,4,1,,19,39,1
17,52,2,2,"2,3",2MP:7;3MS:2,1,1,two_verbs,0,1,1,0,1,0,1,1,3->2,1,0,,9,17,1
17,53,3,3,"1,2,3",1S:1;2MS:1;3FS:1;3MP:3;3MS:2,2,1,two_verbs,1,1,1,1,1,1,1,1,2->3,1,0,,8,25,1
17,54,3,3,"1,2,3",1P:2;2MP:4;2MS:1;3MP:1;3MS:4,2,1,two_verbs,1,1,1,1,1,1,0,0,,1,0,mercy,12,22,1
17,55,1,1,"1,2",1P:4;2MS:1,1,0,,1,1,0,1,0,0,1,1,3->1,0,0,"revelation,creation,prophets",5,27,1
17,56,2,2,"2,3",2MP:5;2MS:1;3MP:2;3MS:1,1,1,two_verbs,0,1,1,0,1,0,1,1,1->2,1,0,,9,21,1
17,57,3,3,"2,3",2MS:1;3MP:10;3MS:3,1,0,,0,1,1,0,1,0,1,1,2->3,0,0,"judgment,mercy",14,30,1
17,58,3,3,"1,3",1P:1;3FS:2;3MS:1,1,1,verb_plus_indep_pron,1,0,1,0,0,1,0,0,,0,0,judgment,4,23,1
17,59,3,3,"1,3",1P:5;3FS:2;3MP:2;3MS:2,1,1,two_verbs,1,0,1,0,0,1,0,0,,5,0,"revelation,prophets",11,36,1
17,60,1,1,"1,2,3",1P:7;2MS:3;3MP:2;3MS:2,2,1,two_verbs,1,1,1,1,1,1,1,1,3->1,3,0,,14,46,1
17,61,2,2,"1,2,3",1P:2;1S:1;2MP:2;2MS:2;3MP:2;3MS:1,2,1,two_verbs,1,1,1,1,1,1,1,1,1->2,4,1,"creation,prayer",10,24,1
17,62,2,2,"1,2,3",1S:3;2MS:7;3MS:2,2,1,two_verbs,1,1,1,1,1,1,0,0,,2,1,judgment,12,27,1
17,63,3,3,"2,3",2MP:1;2MS:2;3MP:1;3MS:2,1,1,two_verbs,0,1,1,0,1,0,1,1,2->3,2,1,judgment,6,15,1
17,64,2,2,"2,3",2MS:9;3MP:5;3MS:1,1,1,two_verbs,0,1,1,0,1,0,1,1,3->2,1,0,,15,40,1
17,65,3,3,"1,2,3",1S:1;2MS:2;3MP:1;3MS:2,2,1,verb_plus_indep_pron,1,1,1,1,1,1,1,1,2->3,0,0,,6,15,1
17,66,2,2,"2,3",2MP:5;3MS:4,1,1,two_verbs,0,1,1,0,1,0,1,1,3->2,2,0,mercy,9,23,1
17,67,3,3,"2,3",2MP:6;3MS:5,1,1,two_verbs,0,1,1,0,1,0,1,1,2->3,4,0,,11,29,1
17,68,2,2,"2,3",2MP:7;3MS:2,1,1,two_verbs,0,1,1,0,1,0,1,1,3->2,2,0,,9,23,1
17,69,2,2,"1,2,3",1P:1;2MP:10;3MS:5,2,1,two_verbs,1,1,1,1,1,1,0,0,,2,0,,16,36,1
17,70,1,1,"1,3",1P:10;3MP:3,1,0,,1,0,1,0,0,1,1,1,2->1,0,0,creation,13,35,1
17,71,3,3,"1,3",1P:1;3MP:6;3MS:3,1,1,two_verbs,1,0,1,0,0,1,1,1,1->3,1,0,,10,26,1
17,72,3,3,3,3MS:2,0,0,,0,0,1,0,0,0,0,0,,0,0,,2,15,1
17,73,3,3,"1,2,3",1P:3;2MS:4;3MP:6;3MS:1,2,1,two_verbs,1,1,1,1,1,1,0,0,,3,0,revelation,14,27,1
17,74,2,2,"1,2,3",1P:2;2MS:4;3MP:1,2,1,two_verbs,1,1,1,1,1,1,1,1,3->2,1,0,,7,15,1
17,75,2,2,"1,2",1P:3;2MS:3,1,1,two_verbs,1,1,0,1,0,0,0,0,,1,0,judgment,6,20,1
17,76,3,3,"2,3",2MS:3;3FS:1;3MP:8,1,0,,0,1,1,0,1,0,1,1,2->3,0,0,,12,26,1
17,77,1,1,"1,2",1P:4;2MS:2,1,1,two_verbs,1,1,0,1,0,0,1,1,3->1,1,0,,6,17,1
17,78,2,2,"2,3",2MS:1;3MS:1,1,1,two_verbs,0,1,1,0,1,0,1,1,1->2,1,0,"creation,prayer",2,21,1
17,79,2,2,"2,3",2MS:4;3MS:3,1,1,two_verbs,0,1,1,0,1,0,0,0,,1,0,judgment,7,19,1
17,80,2,2,"1,2",1S:4;2MS:5,1,1,verb_plus_indep_pron,1,1,0,1,0,0,0,0,,0,0,,9,22,1
17,81,3,3,"2,3",2MS:1;3MS:3,1,1,two_verbs,0,1,1,0,1,0,1,1,2->3,1,0,,4,14,1
17,82,3,3,"1,3",1P:1;3MS:2,1,1,two_verbs,1,0,1,0,0,1,0,0,,1,0,"mercy,revelation",3,20,1
17,83,3,3,"1,3",1P:2;3MS:6,1,1,two_verbs,1,0,1,0,0,1,0,0,,1,0,,8,21,1
17,84,3,3,"2,3",2MP:1;2MS:1;3MS:3,1,1,two_verbs,0,1,1,0,1,0,0,0,,1,0,,5,15,1
17,85,2,2,"1,2,3",1S:1;2MP:2;2MS:2;3MP:2,2,1,two_verbs,1,1,1,1,1,1,1,1,3->2,1,0,,7,23,1
17,86,1,1,"1,2,3",1P:6;2MS:3;3MS:1,2,1,two_verbs,1,1,1,1,1,1,1,1,2->1,1,0,revelation,10,24,1
17,87,3,3,"2,3",2MS:2;3MS:2,1,0,,0,1,1,0,1,0,1,1,1->3,0,0,mercy,4,12,1
17,88,3,3,"2,3",2MS:1;3FS:1;3MP:5;3MS:2,1,1,two_verbs,0,1,1,0,1,0,0,0,,1,0,,9,32,1
17,89,1,1,"1,3",1P:2;3MS:1,1,1,two_verbs,1,0,1,0,0,1,1,1,3->1,1,0,mercy,3,22,1
17,90,2,2,"1,2,3",1P:2;2MS:2;3MP:2,2,1,two_verbs,1,1,1,1,1,1,1,1,1->2,2,0,,6,15,1
17,91,2,2,"2,3",2MS:3;3FS:1,1,0,,0,1,1,0,1,0,0,0,,0,0,,4,16,1
17,92,2,2,"1,2",1P:1;2MS:4,1,0,,1,1,0,1,0,0,0,0,,0,0,,5,19,1
17,93,1,1,"1,2,3",1P:3;1S:3;2MS:5;3MS:2,2,1,two_verbs,1,1,1,1,1,1,1,1,2->1,6,0,"revelation,creation",13,35,1
17,94,3,3,3,3MP:5;3MS:3,0,0,,0,0,1,0,0,0,1,1,1->3,0,1,revelation,8,22,1
17,95,3,3,"1,2,3",1P:2;2MS:1;3MP:3;3MS:1,2,1,two_verbs,1,1,1,1,1,1,0,0,,2,0,"revelation,creation",7,20,1
17,96,3,3,"1,2,3",1S:1;2MP:1;2MS:1;3MS:4,2,1,two_verbs,1,1,1,1,1,1,0,0,,1,0,law,7,18,1
17,97,3,3,"1,2,3",1P:3;2MS:1;3FS:1;3MP:5;3MS:4,2,1,two_verbs,1,1,1,1,1,1,0,0,,4,0,judgment,14,44,1
17,98,3,3,"1,3",1P:4;3MP:6,1,1,two_verbs,1,0,1,0,0,1,0,0,,1,1,judgment,10,28,1
17,99,3,3,3,3MP:4;3MS:5,0,0,,0,0,1,0,0,0,0,0,,0,0,creation,9,35,1
17,100,2,2,"1,2,3",1S:1;2MP:5;2MS:1;3MS:1,2,1,two_verbs,1,1,1,1,1,1,1,1,3->2,1,0,mercy,8,21,1
17,101,1,1,"1,2,3",1P:2;1S:2;2MS:2;3MP:1;3MS:3,2,1,two_verbs,1,1,1,1,1,1,1,1,2->1,3,1,"revelation,prophets",10,29,1
17,102,2,2,"1,2,3",1S:2;2MS:3;3MS:2,2,1,two_verbs,1,1,1,1,1,1,1,1,1->2,3,1,"revelation,creation,prophets",7,25,1
17,103,3,3,"1,3",1P:2;3MP:1;3MS:4,1,1,two_verbs,1,0,1,0,0,1,1,1,2->3,1,0,,7,17,1
17,104,1,1,"1,2,3",1P:4;2MP:3;3MS:2,2,1,two_verbs,1,1,1,1,1,1,1,1,3->1,3,1,prophets,9,24,1
17,105,1,1,"1,2,3",1P:4;2MS:1;3MS:2,2,1,two_verbs,1,1,1,1,1,1,0,0,,2,0,revelation,7,21,1
17,106,1,1,"1,2,3",1P:4;2MS:1;3MS:3,2,1,two_verbs,1,1,1,1,1,1,0,0,,2,0,revelation,8,18,1
17,107,3,3,"2,3",2MP:4;2MS:1;3MP:5;3MS:3,1,1,two_verbs,0,1,1,0,1,0,1,1,1->3,1,0,,13,28,1
17,108,3,3,"1,3",1P:2;3MP:2;3MS:1,1,0,,1,0,1,0,0,1,0,0,,0,0,,5,13,1
17,109,3,3,3,3MP:5;3MS:1,0,0,,0,0,1,0,0,0,0,0,,0,0,,6,12,1
17,110,2,2,"2,3",2MP:6;2MS:5;3FS:1;3MS:1,1,1,verb_plus_indep_pron,0,1,1,0,1,0,1,1,3->2,0,0,"mercy,revelation,prayer",13,36,1
17,111,3,3,"2,3",2MS:2;3MS:6,1,1,two_verbs,0,1,1,0,1,0,1,1,2->3,2,0,,8,32,1
18,1,3,3,3,3MS:4,0,0,,0,0,1,0,0,0,0,0,,0,0,revelation,4,17,1
18,2,3,3,3,3MP:3;3MS:3,0,0,,0,0,1,0,0,0,0,0,,0,0,judgment,6,22,1
18,3,3,3,3,3MS:1,0,0,,0,0,1,0,0,0,0,0,,0,0,,1,4,0
18,4,3,3,3,3MP:2;3MS:2,0,0,,0,0,1,0,0,0,0,0,,0,0,,4,8,1
18,5,3,3,3,3FS:2;3MP:5;3MS:1,0,0,,0,0,1,0,0,0,0,0,,0,0,,8,23,1
18,6,3,3,"2,3",2MS:2;3MP:3,1,0,,0,1,1,0,1,0,0,0,,0,0,,5,18,1
18,7,1,1,"1,3",1P:4;3FS:1;3MP:2,1,1,verb_plus_indep_pron,1,0,1,0,0,1,1,1,3->1,0,0,creation,7,18,1
18,8,1,1,"1,3",1P:1;3FS:1,1,0,,1,0,1,0,0,1,0,0,,0,0,,2,10,0
18,9,2,2,"1,2,3",1P:1;2MS:2;3MP:2,2,1,two_verbs,1,1,1,1,1,1,1,1,1->2,1,0,revelation,5,16,1
18,10,2,2,"1,2,3",1P:4;2MS:3;3MP:2;3MS:1,2,1,two_verbs,1,1,1,1,1,1,0,0,,1,1,mercy,10,26,1
18,11,1,1,"1,3",1P:2;3MP:1,1,0,,1,0,1,0,0,1,1,1,2->1,0,0,,3,11,1
18,12,1,1,"1,3",1P:3;3MP:3,1,1,two_verbs,1,0,1,0,0,1,0,0,,1,0,,6,15,1
18,13,3,3,"1,2,3",1P:4;2MS:1;3MP:6,2,1,two_verbs,1,1,1,1,1,1,1,1,1->3,2,0,,11,22,1
18,14,1,1,"1,3",1P:6;3MP:5;3MS:1,1,1,two_verbs,1,0,1,0,0,1,1,1,3->1,2,1,creation,12,32,1
18,15,3,3,"1,3",1P:1;3MP:5;3MS:2,1,0,,1,0,1,0,0,1,1,1,1->3,0,0,,8,26,1
18,16,2,2,"2,3",2MP:8;3MP:3;3MS:3,1,1,two_verbs,0,1,1,0,1,0,1,1,3->2,3,1,mercy,14,33,1
18,17,3,3,"2,3",2MS:2;3FS:4;3MP:3;3MS:5,1,1,two_verbs,0,1,1,0,1,0,1,1,2->3,2,0,"revelation,creation",14,48,1
18,18,2,2,"1,2,3",1P:1;2MS:7;3MP:7;3MS:1,2,1,two_verbs,1,1,1,1,1,1,1,1,3->2,2,0,,16,44,1
18,19,3,3,"1,2,3",1P:4;2MP:11;3MP:9;3MS:6,2,1,two_verbs,1,1,1,1,1,1,1,1,2->3,7,1,,30,71,1
18,20,3,3,"2,3",2MP:5;3MP:8,1,1,two_verbs,0,1,1,0,1,0,0,0,,1,0,,13,23,1
18,21,3,3,"1,2,3",1P:3;2MP:2;3FS:1;3MP:16;3MS:1,2,1,two_verbs,1,1,1,1,1,1,0,0,,4,1,judgment,23,55,1
18,22,3,3,"1,2,3",1S:1;2MS:3;3MP:17;3MS:1,2,1,two_verbs,1,1,1,1,1,1,0,0,,3,1,,22,57,1
18,23,2,2,"1,2",1S:1;2MS:1,1,0,,1,1,0,1,0,0,1,1,3->2,0,0,,2,11,1
18,24,2,2,"1,2,3",1S:2;2MS:5;3MS:3,2,1,two_verbs,1,1,1,1,1,1,0,0,,2,0,,10,24,1
18,25,3,3,3,3MP:5,0,0,,0,0,1,0,0,0,1,1,2->3,0,0,,5,13,1
18,26,3,3,"2,3",2MS:3;3MP:3;3MS:5,1,1,two_verbs,0,1,1,0,1,0,0,0,,3,0,creation,11,35,1
18,27,2,2,"2,3",2MS:4;3MS:3,1,1,two_verbs,0,1,1,0,1,0,1,1,3->2,2,0,"oneness,revelation",7,22,1
18,28,3,3,"1,2,3",1P:3;2MS:5;3FS:1;3MP:6;3MS:6,2,1,two_verbs,1,1,1,1,1,1,1,1,2->3,4,0,,21,53,1
18,29,3,3,"1,2,3",1P:3;2MP:1;2MS:1;3FS:2;3MP:5;3MS:7,2,1,two_verbs,1,1,1,1,1,1,0,0,,3,0,judgment,19,52,1
18,30,3,3,"1,3",1P:2;3MP:4;3MS:1,1,1,two_verbs,1,0,1,0,0,1,0,0,,2,0,judgment,7,17,1
18,31,3,3,3,3FS:4;3MP:6;3MS:1,0,0,,0,0,1,0,0,0,0,0,,0,0,judgment,11,40,1
18,32,1,1,"1,2,3",1P:6;2MS:1;3D:2;3MD:1;3MP:1,2,1,two_verbs,1,1,1,1,1,1,1,1,3->1,1,0,,11,26,1
18,33,3,3,"1,3",1P:2;3FS:3;3MD:1;3MS:1,1,1,two_verbs,1,0,1,0,0,1,1,1,1->3,1,0,,7,18,1
18,34,3,3,"1,2,3",1S:1;2MS:1;3MS:7,2,1,verb_plus_indep_pron,1,1,1,1,1,1,0,0,,0,1,,9,22,1
18,35,3,3,"1,3",1S:1;3FS:1;3MS:5,1,1,two_verbs,1,0,1,0,0,1,0,0,,2,1,,7,17,1
18,36,1,1,"1,3",1S:5;3FS:1,1,0,,1,0,1,0,0,1,1,1,3->1,0,0,judgment,6,21,1
18,37,3,3,"2,3",2MS:4;3MS:8,1,1,two_verbs,0,1,1,0,1,0,1,1,1->3,2,1,creation,12,25,1
18,38,1,1,"1,3",1P:1;1S:3;3MS:1,1,1,verb_plus_indep_pron,1,0,1,0,0,1,1,1,3->1,0,0,,5,13,1
18,39,2,2,"1,2,3",1S:2;2MS:7;3MS:1,2,1,two_verbs,1,1,1,1,1,1,1,1,1->2,2,0,,10,27,1
18,40,3,3,"1,2,3",1S:2;2MS:1;3FS:2;3MS:3,2,0,,1,1,1,1,1,1,1,1,2->3,0,0,creation,8,23,1
18,41,3,3,"2,3",2MS:1;3FS:1;3MS:2,1,1,two_verbs,0,1,1,0,1,0,0,0,,1,0,creation,4,11,1
18,42,3,3,"1,3",1S:3;3FS:3;3MS:7,1,1,two_verbs,1,0,1,0,0,1,0,0,,1,1,,13,32,1
18,43,3,3,3,3FS:1;3MP:2;3MS:3,0,0,,0,0,1,0,0,0,0,0,,0,0,,6,16,1
18,44,3,3,3,3MS:1,0,0,,0,0,1,0,0,0,0,0,,0,0,judgment,1,13,0
18,45,3,3,"1,2,3",1P:2;2MS:1;3FS:1;3MP:1;3MS:6,2,1,two_verbs,1,1,1,1,1,1,0,0,,2,0,"revelation,creation",11,38,1
18,46,2,2,2,2MS:1,0,0,,0,1,0,0,0,0,1,1,3->2,0,0,judgment,1,23,0
18,47,1,1,"1,2,3",1P:4;2MS:1;3MP:2,2,1,two_verbs,1,1,1,1,1,1,1,1,2->1,2,0,creation,7,20,1
18,48,2,2,"1,2,3",1P:4;2MP:6;2MS:1;3MP:2,2,1,two_verbs,1,1,1,1,1,1,1,1,1->2,4,1,creation,13,28,1
18,49,3,3,"1,2,3",1P:1;2MS:2;3FS:1;3MP:6;3MS:5,2,1,two_verbs,1,1,1,1,1,1,1,1,2->3,2,1,revelation,15,45,1
18,50,3,3,"1,2,3",1P:2;1S:1;2MP:5;3MP:3;3MS:6,2,1,two_verbs,1,1,1,1,1,1,0,0,,4,1,prayer,17,48,1
18,51,1,1,"1,3",1S:4;3MP:2,1,0,,1,0,1,0,0,1,1,1,3->1,0,0,"creation,law",6,23,1
18,52,3,3,"1,2,3",1P:2;1S:1;2MP:4;3MP:7;3MS:1,2,1,two_verbs,1,1,1,1,1,1,1,1,1->3,3,1,oneness,15,26,1
18,53,3,3,3,3FS:2;3MP:5;3MS:1,0,0,,0,0,1,0,0,0,0,0,,0,0,judgment,8,20,1
18,54,1,1,"1,3",1P:2;3MS:1,1,1,two_verbs,1,0,1,0,0,1,1,1,3->1,1,0,mercy,3,22,1
18,55,3,3,3,3FS:1;3MP:8;3MS:3,0,0,,0,0,1,0,0,0,1,1,1->3,0,0,judgment,12,31,1
18,56,3,3,"1,3",1P:1;1S:1;3MP:8;3MS:2,1,1,two_verbs,1,0,1,0,0,1,0,0,,1,0,,12,34,1
18,57,3,3,"1,2,3",1P:3;2MS:1;3FS:2;3MP:7;3MS:6,2,1,two_verbs,1,1,1,1,1,1,0,0,,4,0,,19,50,1
18,58,3,3,"2,3",2MS:1;3MP:7;3MS:3,1,0,,0,1,1,0,1,0,0,0,,0,0,"judgment,mercy",11,32,1
18,59,1,1,"1,3",1P:4;3MP:4,1,1,two_verbs,1,0,1,0,0,1,1,1,3->1,2,0,,8,17,1
18,60,1,1,"1,3",1S:3;3MS:2,1,1,two_verbs,1,0,1,0,0,1,0,0,,1,1,prophets,5,17,1
18,61,3,3,3,3D:1;3MD:5;3MS:2,0,0,,0,0,1,0,0,0,1,1,1->3,0,0,,8,19,1
18,62,1,1,"1,2,3",1P:5;2MS:1;3MD:2;3MS:2,2,1,two_verbs,1,1,1,1,1,1,1,1,3->1,2,1,prophets,10,21,1
18,63,1,1,"1,2,3",1P:2;1S:5;2MS:2;3MS:6,2,1,two_verbs,1,1,1,1,1,1,0,0,,5,1,,15,36,1
18,64,3,3,"1,3",1P:3;3MD:3;3MS:1,1,1,two_verbs,1,0,1,0,0,1,1,1,1->3,2,1,prophets,7,13,1
18,65,1,1,"1,3",1P:7;3MD:2;3MS:2,1,1,two_verbs,1,0,1,0,0,1,1,1,3->1,1,0,mercy,11,22,1
18,66,2,2,"1,2,3",1S:2;2MS:4;3MS:2,2,1,two_verbs,1,1,1,1,1,1,1,1,1->2,2,1,prophets,8,16,1
18,67,2,2,"1,2,3",1S:1;2MS:2;3MS:1,2,1,two_verbs,1,1,1,1,1,1,0,0,,1,1,,4,8,1
18,68,2,2,"2,3",2MS:2;3MS:1,1,1,verb_plus_indep_pron,0,1,1,0,1,0,0,0,,0,0,,3,10,1
18,69,3,3,"1,2,3",1S:2;2MS:2;3MS:2,2,1,two_verbs,1,1,1,1,1,1,1,1,2->3,3,1,prophets,6,14,1
18,70,2,2,"1,2,3",1S:3;2MS:4;3MS:2,2,1,two_verbs,1,1,1,1,1,1,1,1,3->2,2,1,,9,19,1
18,71,3,3,"2,3",2MS:5;3FS:3;3MD:4;3MS:2,1,1,two_verbs,0,1,1,0,1,0,1,1,2->3,1,1,prophets,14,27,1
18,72,2,2,"1,2,3",1S:2;2MS:2;3MS:1,2,1,two_verbs,1,1,1,1,1,1,1,1,3->2,2,1,,5,11,1
18,73,1,1,"1,2,3",1S:5;2MS:2;3MS:1,2,1,two_verbs,1,1,1,1,1,1,1,1,2->1,3,1,prophets,8,16,1
18,74,3,3,"2,3",2MS:4;3MD:4;3MS:3,1,1,two_verbs,0,1,1,0,1,0,1,1,1->3,1,1,prophets,11,26,1
18,75,2,2,"1,2,3",1S:2;2MS:3;3MS:1,2,1,two_verbs,1,1,1,1,1,1,1,1,3->2,2,1,,6,13,1
18,76,2,2,"1,2,3",1S:4;2MS:4;3FS:1;3MS:1,2,1,two_verbs,1,1,1,1,1,1,0,0,,2,1,prophets,10,20,1
18,77,3,3,"2,3",2MS:4;3D:1;3FS:2;3MD:8;3MP:4;3MS:6,1,1,two_verbs,0,1,1,0,1,0,1,1,2->3,1,1,prophets,25,42,1
18,78,2,2,"1,2,3",1S:2;2MS:3;3MS:2,2,1,two_verbs,1,1,1,1,1,1,1,1,3->2,2,1,,7,19,1
18,79,3,3,"1,3",1S:3;3FS:2;3MP:3;3MS:2,1,1,two_verbs,1,0,1,0,0,1,1,1,2->3,2,0,,10,27,1
18,80,3,3,"1,3",1P:2;3D:1;3MS:3,1,1,two_verbs,1,0,1,0,0,1,0,0,,2,0,,6,18,1
18,81,3,3,"1,3",1P:2;3D:2;3MS:2,1,1,two_verbs,1,0,1,0,0,1,0,0,,1,0,mercy,6,15,1
18,82,3,3,"1,2,3",1S:3;2MS:3;3D:1;3MD:7;3MS:7,2,1,two_verbs,1,1,1,1,1,1,0,0,,2,0,mercy,21,58,1
18,83,2,2,"1,2,3",1S:1;2MP:1;2MS:2;3MP:2;3MS:1,2,1,two_verbs,1,1,1,1,1,1,1,1,3->2,2,0,revelation,7,16,1
18,84,1,1,"1,3",1P:5;3MS:2,1,1,verb_plus_indep_pron,1,0,1,0,0,1,1,1,2->1,0,0,creation,7,17,1
18,85,3,3,3,3MS:1,0,0,,0,0,1,0,0,0,1,1,1->3,0,0,,1,3,1
18,86,3,3,"1,2,3",1P:2;2MS:2;3FS:3;3MP:1;3MS:3,2,1,two_verbs,1,1,1,1,1,1,0,0,,2,1,creation,11,33,1
18,87,3,3,"1,3",1P:1;3MS:7,1,1,two_verbs,1,0,1,0,0,1,0,0,,2,1,judgment,8,18,1
18,88,3,3,"1,3",1P:2;3MS:4,1,1,two_verbs,1,0,1,0,0,1,0,0,,1,0,judgment,6,22,1
18,89,3,3,3,3MS:1,0,0,,0,0,1,0,0,0,0,0,,0,0,,1,3,1
18,90,3,3,"1,3",1P:1;3FS:3;3MP:1;3MS:2,1,1,two_verbs,1,0,1,0,0,1,0,0,,1,0,creation,7,19,1
18,91,1,1,"1,3",1P:2;3MS:1,1,0,,1,0,1,0,0,1,1,1,3->1,0,0,,3,11,1
18,92,3,3,3,3MS:1,0,0,,0,0,1,0,0,0,1,1,1->3,0,0,,1,3,1
18,93,3,3,3,3MD:1;3MP:4;3MS:2,0,0,,0,0,1,0,0,0,0,0,,0,0,,7,17,1
18,94,3,3,"1,2,3",1P:2;2MS:2;3MP:3,2,1,two_verbs,1,1,1,1,1,1,0,0,,2,1,,7,29,1
18,95,3,3,"1,2,3",1S:4;2MP:3;3MP:1;3MS:3,2,1,two_verbs,1,1,1,1,1,1,0,0,,2,1,,11,22,1
18,96,3,3,"1,2,3",1S:3;2MP:6;3MS:6,2,1,two_verbs,1,1,1,1,1,1,0,0,,5,1,judgment,15,28,1
18,97,3,3,3,3MP:6;3MS:2,0,0,,0,0,1,0,0,0,0,0,,0,0,,8,15,1
18,98,3,3,"1,3",1S:3;3MS:5,1,0,,1,0,1,0,0,1,0,0,,0,1,mercy,8,21,1
18,99,1,1,"1,3",1P:4;3MP:2;3MS:2,1,1,two_verbs,1,0,1,0,0,1,1,1,3->1,2,0,,8,19,1
18,100,1,1,1,1P:2,0,0,,1,0,0,0,0,0,0,0,,0,0,judgment,2,9,1
18,101,3,3,"1,3",1S:1;3FS:1;3MP:5,1,0,,1,0,1,0,0,1,1,1,1->3,0,0,,7,16,1
18,102,3,3,"1,3",1P:3;1S:2;3MP:4;3MS:1,1,1,two_verbs,1,0,1,0,0,1,0,0,,1,0,judgment,10,24,1
18,103,2,2,"1,2",1P:1;2MP:1;2MS:1,1,1,two_verbs,1,1,0,1,0,0,1,1,3->2,1,0,,3,8,1
18,104,3,3,3,3MP:7;3MS:1,0,0,,0,0,1,0,0,0,1,1,2->3,0,0,,8,18,1
18,105,3,3,"1,3",1P:1;3FS:1;3MP:5;3MS:1,1,1,two_verbs,1,0,1,0,0,1,0,0,,1,0,judgment,8,24,1
18,106,3,3,"1,3",1S:2;3MP:5,1,0,,1,0,1,0,0,1,0,0,,0,0,"judgment,revelation",7,17,1
18,107,3,3,3,3FS:1;3MP:5,0,0,,0,0,1,0,0,0,0,0,,0,0,judgment,6,16,1
18,108,3,3,3,3FS:2;3MP:2,0,0,,0,0,1,0,0,0,0,0,,0,0,,4,9,1
18,109,3,3,"1,2,3",1P:2;1S:2;2MS:1;3FS:1;3MS:3,2,1,two_verbs,1,1,1,1,1,1,0,0,,2,0,,9,28,1
18,110,3,3,"1,2,3",1S:2;2MP:2;2MS:1;3MS:7,2,1,two_verbs,1,1,1,1,1,1,0,0,,1,0,"oneness,revelation",12,36,1
19,1,,3,,,0,0,,0,0,0,0,0,0,0,0,,0,0,,0,1,0
19,2,2,2,"2,3",2MS:1;3MS:1,1,0,,0,1,1,0,1,0,1,0,3->2,0,0,mercy,2,7,0
19,3,3,3,3,3MS:2,0,0,,0,0,1,0,0,0,1,1,2->3,0,0,,2,6,1
19,4,1,1,"1,2,3",1S:5;2MS:1;3MS:3,2,1,two_verbs,1,1,1,1,1,1,1,1,3->1,1,1,,9,24,1
19,5,1,1,"1,2,3",1S:6;2MS:2;3FS:1,2,1,two_verbs,1,1,1,1,1,1,0,0,,2,0,,9,23,1
19,6,3,3,"1,2,3",1S:2;2MS:1;3MS:3,2,1,two_verbs,1,1,1,1,1,1,1,1,1->3,1,0,law,6,13,1
19,7,1,1,"1,2,3",1P:3;2MS:1;3MS:2,2,1,verb_plus_indep_pron,1,1,1,1,1,1,1,1,3->1,0,0,,6,18,1
19,8,1,1,"1,3",1S:5;3FS:1;3MS:2,1,1,two_verbs,1,0,1,0,0,1,0,0,,1,1,,8,21,1
19,9,3,3,"1,2,3",1S:3;2MS:3;3MS:3,2,1,two_verbs,1,1,1,1,1,1,1,1,1->3,2,1,creation,9,21,1
19,10,2,2,"1,2,3",1S:2;2MS:3;3MS:2,2,1,two_verbs,1,1,1,1,1,1,1,1,3->2,3,1,,7,18,1
19,11,3,3,"2,3",2MP:2;3MP:1;3MS:3,1,1,two_verbs,0,1,1,0,1,0,1,1,2->3,1,0,prayer,6,18,1
19,12,1,1,"1,2,3",1P:2;2MS:1;3MS:1,2,1,two_verbs,1,1,1,1,1,1,1,1,3->1,1,1,revelation,4,14,1
19,13,3,3,"1,3",1P:1;3MS:1,1,0,,1,0,1,0,0,1,1,1,1->3,0,0,,2,10,1
19,14,3,3,3,3MS:2,0,0,,0,0,1,0,0,0,0,0,,0,0,,2,10,1
19,15,3,3,3,3MS:4,0,0,,0,0,1,0,0,0,0,0,,0,0,,4,13,1
19,16,3,3,"2,3",2MS:1;3FS:2,1,1,two_verbs,0,1,1,0,1,0,0,0,,1,0,revelation,3,13,1
19,17,3,3,"1,3",1P:3;3FS:3;3MP:1;3MS:1,1,1,two_verbs,1,0,1,0,0,1,0,0,,2,0,,8,19,1
19,18,2,2,"1,2,3",1S:2;2MS:3;3FS:1,2,1,two_verbs,1,1,1,1,1,1,1,1,3->2,2,1,mercy,6,13,1
19,19,1,1,"1,2,3",1S:2;2FS:2;3MS:1,2,1,two_verbs,1,1,1,1,1,1,1,1,2->1,1,1,revelation,5,13,1
19,20,3,3,"1,3",1S:3;3FS:1;3MS:2,1,1,two_verbs,1,0,1,0,0,1,1,1,1->3,1,1,,6,15,1
19,21,3,3,"1,2,3",1P:2;1S:1;2FS:1;3MS:5,2,1,two_verbs,1,1,1,1,1,1,0,0,,2,1,mercy,9,26,1
19,22,3,3,3,3FS:2;3MS:2,0,0,,0,0,1,0,0,0,0,0,,0,0,,4,9,1
19,23,1,1,"1,3",1S:5;3FS:2;3MS:1,1,1,two_verbs,1,0,1,0,0,1,1,1,3->1,1,1,,8,22,1
19,24,3,3,"2,3",2FS:3;3FS:2;3MS:2,1,1,two_verbs,0,1,1,0,1,0,1,1,1->3,2,0,,7,16,1
19,25,2,2,"2,3",2FS:4;3FS:1,1,1,two_verbs,0,1,1,0,1,0,1,1,3->2,1,0,,5,14,1
19,26,2,2,"1,2",1S:4;2FS:9,1,1,two_verbs,1,1,0,1,0,0,0,0,,1,0,mercy,13,35,1
19,27,3,3,"2,3",2FS:2;3FS:3;3MP:2;3MS:2,1,1,two_verbs,0,1,1,0,1,0,1,1,2->3,1,1,,9,18,1
19,28,3,3,"2,3",2FS:2;3FS:1;3MS:1,1,0,,0,1,1,0,1,0,0,0,,0,0,,4,15,1
19,29,3,3,"1,3",1P:1;3FS:1;3MP:2;3MS:2,1,1,two_verbs,1,0,1,0,0,1,0,0,,2,1,,6,14,1
19,30,3,3,"1,3",1S:3;3MS:3,1,0,,1,0,1,0,0,1,0,0,,0,1,"revelation,prophets",6,13,1
19,31,1,1,"1,3",1S:6;3MS:2,1,1,two_verbs,1,0,1,0,0,1,1,1,3->1,3,0,"law,prayer",8,21,1
19,32,1,1,"1,3",1S:2;3MS:1,1,0,,1,0,1,0,0,1,0,0,,0,0,,3,11,1
19,33,1,1,1,1S:5,0,0,,1,0,0,0,0,0,0,0,,0,0,,5,15,1
19,34,3,3,3,3MP:2;3MS:1,0,0,,0,0,1,0,0,0,1,1,1->3,0,0,prophets,3,12,1
19,35,3,3,"2,3",2MS:1;3MS:7,1,1,two_verbs,0,1,1,0,1,0,0,0,,2,0,,8,22,1
19,36,2,2,"1,2,3",1S:1;2MP:3;3MS:1,2,0,,1,1,1,1,1,1,1,1,3->2,0,1,prophets,5,15,1
19,37,3,3,3,3MP:3;3MS:1,0,0,,0,0,1,0,0,0,1,1,2->3,0,0,prophets,4,17,1
19,38,2,2,"1,2,3",1P:1;2MS:2;3MP:3,2,1,two_verbs,1,1,1,1,1,1,1,1,3->2,1,0,,6,17,1
19,39,3,3,"2,3",2MS:1;3MP:5;3MS:1,1,1,two_verbs,0,1,1,0,1,0,1,1,2->3,1,0,judgment,7,19,1
19,40,1,1,"1,3",1P:4;3FS:1;3MP:2,1,1,two_verbs,1,0,1,0,0,1,1,1,3->1,1,0,"creation,law",7,15,1
19,41,3,3,"2,3",2MS:1;3MS:2,1,1,two_verbs,0,1,1,0,1,0,1,1,1->3,1,0,"revelation,prophets",3,11,1
19,42,3,3,"1,2,3",1S:1;2MS:2;3MS:5,2,1,two_verbs,1,1,1,1,1,1,0,0,,2,1,,8,23,1
19,43,1,1,"1,2,3",1S:5;2MS:3;3MS:2,2,1,two_verbs,1,1,1,1,1,1,1,1,3->1,2,0,,10,22,1
19,44,2,2,"1,2,3",1S:1;2MS:1;3MS:1,2,1,two_verbs,1,1,1,1,1,1,1,1,1->2,1,0,mercy,3,15,1
19,45,1,1,"1,2,3",1S:3;2MS:2;3MS:1,2,1,two_verbs,1,1,1,1,1,1,1,1,2->1,2,0,"judgment,mercy",6,19,1
19,46,2,2,"1,2,3",1S:3;2MS:4;3MS:1,2,1,two_verbs,1,1,1,1,1,1,1,1,1->2,3,1,prophets,8,21,1
19,47,3,3,"1,2,3",1S:3;2MS:2;3MS:3,2,1,two_verbs,1,1,1,1,1,1,1,1,2->3,2,1,prophets,8,16,1
19,48,1,1,"1,2,3",1S:5;2MP:3;3MS:1,2,1,two_verbs,1,1,1,1,1,1,1,1,3->1,4,0,,9,23,1
19,49,3,3,"1,3",1P:4;3MP:3;3MS:2,1,1,two_verbs,1,0,1,0,0,1,1,1,1->3,1,0,,9,23,1
19,50,1,1,"1,3",1P:5;3MP:2,1,1,verb_plus_indep_pron,1,0,1,0,0,1,1,1,3->1,0,0,mercy,7,16,1
19,51,3,3,"2,3",2MS:1;3MS:3,1,1,two_verbs,0,1,1,0,1,0,1,1,1->3,1,0,"revelation,prophets",4,14,1
19,52,1,1,"1,3",1P:4;3MS:2,1,0,,1,0,1,0,0,1,1,1,3->1,0,0,,6,15,1
19,53,1,1,"1,3",1P:3;3MS:2,1,1,verb_plus_indep_pron,1,0,1,0,0,1,0,0,,0,0,mercy,5,12,1
19,54,3,3,"2,3",2MS:1;3MS:3,1,1,two_verbs,0,1,1,0,1,0,1,1,1->3,1,0,revelation,4,16,1
19,55,3,3,3,3MS:5,0,0,,0,0,1,0,0,0,0,0,,0,0,"law,prayer",5,17,1
19,56,3,3,"2,3",2MS:1;3MS:2,1,1,two_verbs,0,1,1,0,1,0,0,0,,1,0,revelation,3,11,1
19,57,1,1,"1,3",1P:2;3MS:1,1,0,,1,0,1,0,0,1,1,1,3->1,0,0,,3,6,1
19,58,1,1,"1,3",1P:6;3FS:1;3MP:4;3MS:1,1,1,two_verbs,1,0,1,0,0,1,0,0,,2,0,"mercy,prophets",12,45,1
19,59,3,3,3,3MP:7;3MS:1,0,0,,0,0,1,0,0,0,1,1,1->3,0,0,prayer,8,20,1
19,60,3,3,3,3MP:4;3MS:3,0,0,,0,0,1,0,0,0,0,0,,0,0,judgment,7,19,1
19,61,3,3,3,3MS:5,0,0,,0,0,1,0,0,0,0,0,,0,0,mercy,5,17,1
19,62,3,3,3,3FS:2;3MP:4,0,0,,0,0,1,0,0,0,0,0,,0,0,,6,18,1
19,63,1,1,"1,3",1P:2;3MS:1,1,1,two_verbs,1,0,1,0,0,1,1,1,3->1,1,0,judgment,3,11,1
19,64,1,1,"1,2,3",1P:3;2MS:2;3MS:2,2,1,two_verbs,1,1,1,1,1,1,0,0,,1,1,,7,28,1
19,65,2,2,"2,3",2MS:3;3D:1;3MS:3,1,1,verb_plus_indep_pron,0,1,1,0,1,0,1,1,1->2,0,0,creation,7,23,1
19,66,1,1,"1,3",1S:3;3MS:1,1,1,two_verbs,1,0,1,0,0,1,1,1,2->1,1,0,,4,13,1
19,67,3,3,"1,3",1P:3;3MS:3,1,1,two_verbs,1,0,1,0,0,1,1,1,1->3,2,0,creation,6,17,1
19,68,1,1,"1,2,3",1P:2;2MS:1;3MP:2,2,0,,1,1,1,1,1,1,1,1,3->1,0,0,judgment,5,19,1
19,69,1,1,"1,3",1P:1;3MP:1,1,0,,1,0,1,0,0,1,0,0,,0,0,mercy,2,14,1
19,70,3,3,"1,3",1P:1;3FS:1;3MP:1,1,0,,1,0,1,0,0,1,1,1,1->3,0,0,,3,11,0
19,71,3,3,"2,3",2MP:1;2MS:1;3FS:1;3MS:1,1,0,,0,1,1,0,1,0,0,0,,0,0,,4,13,1
19,72,1,1,"1,3",1P:2;3FS:1;3MP:2,1,1,two_verbs,1,0,1,0,0,1,1,1,3->1,2,0,,5,12,1
19,73,3,3,"1,3",1P:1;3FS:1;3MP:5;3MS:1,1,0,,1,0,1,0,0,1,1,1,1->3,0,0,,8,24,1
19,74,1,1,"1,3",1P:2;3MP:2,1,1,verb_plus_indep_pron,1,0,1,0,0,1,1,1,3->1,0,0,,4,13,1
19,75,3,3,"2,3",2MS:1;3MP:6;3MS:4,1,1,two_verbs,0,1,1,0,1,0,1,1,1->3,1,0,"judgment,mercy",11,39,1
19,76,3,3,"2,3",2MS:1;3MP:2;3MS:1,1,0,,0,1,1,0,1,0,0,0,,0,0,judgment,4,20,1
19,77,3,3,"1,2,3",1P:1;1S:1;2MS:2;3MS:2,2,1,two_verbs,1,1,1,1,1,1,0,0,,2,1,,6,17,1
19,78,3,3,3,3MS:2,0,0,,0,0,1,0,0,0,0,0,,0,0,mercy,2,10,1
19,79,1,1,"1,3",1P:2;3MS:2,1,1,two_verbs,1,0,1,0,0,1,1,1,3->1,2,0,judgment,4,13,1
19,80,3,3,"1,3",1P:2;3MS:3,1,1,two_verbs,1,0,1,0,0,1,1,1,1->3,1,0,law,5,9,1
19,81,3,3,3,3MP:5,0,0,,0,0,1,0,0,0,0,0,,0,0,,5,13,1
19,82,3,3,3,3MP:6,0,0,,0,0,1,0,0,0,0,0,,0,0,judgment,6,13,1
19,83,1,1,"1,2,3",1P:3;2MS:1;3FS:1;3MP:1,2,1,two_verbs,1,1,1,1,1,1,1,1,3->1,2,0,,6,15,1
19,84,2,2,"1,2,3",1P:1;2MS:1;3MP:2,2,1,two_verbs,1,1,1,1,1,1,1,1,1->2,1,0,,4,11,1
19,85,1,1,1,1P:1,0,0,,1,0,0,0,0,0,1,1,2->1,0,0,mercy,1,8,1
19,86,1,1,1,1P:1,0,0,,1,0,0,0,0,0,0,0,,0,0,judgment,1,7,1
19,87,3,3,3,3MP:2;3MS:1,0,0,,0,0,1,0,0,0,1,1,1->3,0,0,mercy,3,12,1
19,88,3,3,3,3MP:2;3MS:1,0,0,,0,0,1,0,0,0,0,0,,0,0,mercy,3,7,1
19,89,2,2,2,2MP:2,0,0,,0,1,0,0,0,0,1,1,3->2,0,0,,2,6,1
19,90,3,3,3,3FP:2;3FS:3;3MS:1,0,0,,0,0,1,0,0,0,1,1,2->3,0,0,creation,6,16,1
19,91,3,3,3,3MP:2,0,0,,0,0,1,0,0,0,0,0,,0,0,mercy,2,7,1
19,92,3,3,3,3MS:2,0,0,,0,0,1,0,0,0,0,0,,0,0,mercy,2,9,1
19,93,,3,,,0,0,,0,0,0,0,0,0,0,0,,0,0,"mercy,creation",0,14,0
19,94,3,3,3,3MP:2;3MS:2,0,0,,0,0,1,0,0,0,0,0,,0,0,,4,8,1
19,95,3,3,3,3MP:1;3MS:1,0,0,,0,0,1,0,0,0,0,0,,0,0,judgment,2,9,0
19,96,3,3,3,3MP:5;3MS:1,0,0,,0,0,1,0,0,0,0,0,,0,0,mercy,6,16,1
19,97,2,2,"1,2,3",1P:2;2MS:3;3MS:3,2,1,two_verbs,1,1,1,1,1,1,1,1,3->2,1,0,,8,21,1
19,98,2,2,"1,2,3",1P:2;2MS:2;3MP:3,2,1,two_verbs,1,1,1,1,1,1,0,0,,1,0,,7,19,1
20,1,,3,,,0,0,,0,0,0,0,0,0,0,0,,0,0,,0,1,0
20,2,2,2,"1,2",1P:2;2MS:2,1,1,two_verbs,1,1,0,1,0,0,1,1,3->2,1,0,revelation,4,9,1
20,3,3,3,3,3MS:1,0,0,,0,0,1,0,0,0,1,1,2->3,0,0,,1,5,1
20,4,3,3,3,3MS:1,0,0,,0,0,1,0,0,0,0,0,,0,0,"revelation,creation",1,11,1
20,5,3,3,3,3MS:1,0,0,,0,0,1,0,0,0,0,0,,0,0,mercy,1,6,1
20,6,3,3,3,3D:1;3MS:1,0,0,,0,0,1,0,0,0,0,0,,0,0,creation,2,20,0
20,7,3,3,"2,3",2MS:1;3MS:2,1,1,two_verbs,0,1,1,0,1,0,0,0,,1,0,,3,14,1
20,8,3,3,3,3MS:2,0,0,,0,0,1,0,0,0,0,0,,0,0,oneness,2,11,0
20,9,3,3,"2,3",2MS:1;3MS:1,1,0,,0,1,1,0,1,0,0,0,,0,0,prophets,2,6,1
20,10,1,1,"1,2,3",1S:6;2MP:3;3FS:1;3MS:3,2,1,two_verbs,1,1,1,1,1,1,1,1,3->1,2,1,judgment,13,29,1
20,11,3,3,3,3FS:1;3MS:2,0,0,,0,0,1,0,0,0,1,1,1->3,0,0,prophets,3,7,1
20,12,2,2,"1,2",1S:2;2MS:4,1,1,verb_plus_indep_pron,1,1,0,1,0,0,1,1,3->2,0,0,,6,17,1
20,13,1,1,"1,2,3",1S:3;2MS:2;3MS:1,2,1,two_verbs,1,1,1,1,1,1,1,1,2->1,2,0,revelation,6,10,1
20,14,1,1,"1,2",1S:5;2MS:2,1,1,verb_plus_indep_pron,1,1,0,1,0,0,0,0,,0,0,"oneness,prayer",7,18,1
20,15,3,3,"1,3",1S:2;3FS:3,1,1,two_verbs,1,0,1,0,0,1,1,1,1->3,1,0,judgment,5,14,1
20,16,3,3,"2,3",2MS:2;3FS:2;3MS:4,1,1,two_verbs,0,1,1,0,1,0,0,0,,1,0,,8,18,1
20,17,2,2,2,2MS:1,0,0,,0,1,0,0,0,0,1,1,3->2,0,0,prophets,1,8,0
20,18,1,1,"1,3",1S:5;3FS:4;3MS:1,1,1,two_verbs,1,0,1,0,0,1,1,1,2->1,1,1,,10,21,1
20,19,3,3,"2,3",2MS:1;3FS:1;3MS:1,1,1,two_verbs,0,1,1,0,1,0,1,1,1->3,1,1,prophets,3,5,1
20,20,3,3,3,3FS:3;3MS:1,0,0,,0,0,1,0,0,0,0,0,,0,0,,4,8,1
20,21,3,3,"1,2,3",1P:1;2MS:2;3FS:3;3MS:1,2,1,two_verbs,1,1,1,1,1,1,0,0,,2,1,,7,13,1
20,22,2,2,"2,3",2MS:3;3FS:1,1,1,two_verbs,0,1,1,0,1,0,1,1,3->2,1,0,,4,14,1
20,23,1,1,"1,2",1P:2;2MS:1,1,0,,1,1,0,1,0,0,1,1,2->1,0,0,revelation,3,8,1
20,24,3,3,"2,3",2MS:1;3MS:2,1,1,two_verbs,0,1,1,0,1,0,1,1,1->3,1,0,prophets,3,6,1
20,25,1,1,"1,2,3",1S:3;2MS:1;3MS:1,2,1,two_verbs,1,1,1,1,1,1,1,1,3->1,1,1,prophets,5,8,1
20,26,2,2,"1,2",1S:2;2MS:1,1,1,verb_plus_indep_pron,1,1,0,1,0,0,1,1,1->2,0,0,,3,6,1
20,27,2,2,"1,2",1S:1;2MS:1,1,0,,1,1,0,1,0,0,0,0,,0,0,,2,6,1
20,28,3,3,"1,3",1S:1;3MP:2,1,0,,1,0,1,0,0,1,1,1,2->3,0,0,,3,4,1
20,29,2,2,"1,2",1S:2;2MS:1,1,1,verb_plus_indep_pron,1,1,0,1,0,0,1,1,3->2,0,0,,3,8,1
20,30,1,1,1,1S:1,0,0,,1,0,0,0,0,0,1,1,2->1,0,0,,1,3,0
20,31,2,2,"1,2,3",1S:1;2MS:1;3MS:1,2,1,verb_plus_indep_pron,1,1,1,1,1,1,1,1,1->2,0,0,,3,5,1
20,32,2,2,"1,2,3",1S:1;2MS:1;3MS:1,2,0,,1,1,1,1,1,1,0,0,,0,0,,3,6,1
20,33,1,1,"1,2",1P:1;2MS:1,1,0,,1,1,0,1,0,0,1,1,2->1,0,0,,2,4,1
20,34,1,1,"1,2",1P:1;2MS:1,1,0,,1,1,0,1,0,0,0,0,,0,0,,2,4,1
20,35,2,2,"1,2",1P:1;2MS:3,1,1,verb_plus_indep_pron,1,1,0,1,0,0,1,1,1->2,0,0,,4,7,1
20,36,2,2,"2,3",2MS:3;3MS:1,1,1,two_verbs,0,1,1,0,1,0,0,0,,1,1,prophets,4,8,1
20,37,1,1,"1,2",1P:2;2MS:1,1,0,,1,1,0,1,0,0,1,1,2->1,0,0,,3,9,1
20,38,1,1,"1,2,3",1P:2;2MS:1;3MS:1,2,1,two_verbs,1,1,1,1,1,1,0,0,,1,0,,4,8,1
20,39,2,2,"1,2,3",1S:5;2FS:4;2MS:2;3MS:7,2,1,two_verbs,1,1,1,1,1,1,1,1,1->2,3,0,,18,46,1
20,40,2,2,"1,2,3",1P:6;1S:1;2MP:1;2MS:11;3FS:5;3MS:2,2,1,two_verbs,1,1,1,1,1,1,0,0,,7,1,prophets,26,57,1
20,41,1,1,"1,2",1S:3;2MS:1,1,0,,1,1,0,1,0,0,1,1,2->1,0,0,,4,7,1
20,42,2,2,"1,2",1S:2;2D:2;2MS:3,1,0,,1,1,0,1,0,0,1,1,1->2,0,0,revelation,7,15,1
20,43,2,2,"2,3",2MD:2;3MS:2,1,1,two_verbs,0,1,1,0,1,0,0,0,,1,0,prophets,4,7,1
20,44,3,3,"2,3",2D:2;3MS:4,1,1,two_verbs,0,1,1,0,1,0,1,1,2->3,1,0,mercy,6,12,1
20,45,3,3,"1,3",1P:4;3MD:2;3MS:2,1,1,two_verbs,1,0,1,0,0,1,0,0,,2,1,judgment,8,14,1
20,46,1,1,"1,2,3",1S:3;2D:3;3MS:1,2,1,two_verbs,1,1,1,1,1,1,1,1,3->1,2,1,,7,11,1
20,47,2,2,"1,2,3",1P:4;2D:2;2MD:2;2MS:5;3MP:1;3MS:2,2,1,two_verbs,1,1,1,1,1,1,1,1,1->2,2,0,"judgment,prophets",16,39,1
20,48,3,3,"1,3",1P:2;3MS:3,1,0,,1,0,1,0,0,1,1,1,2->3,0,0,"judgment,revelation",5,14,1
20,49,3,3,"2,3",2D:1;3MS:1,1,0,,0,1,1,0,1,0,0,0,,0,1,prophets,2,7,1
20,50,3,3,"1,3",1P:1;3MS:4,1,0,,1,0,1,0,0,1,0,0,,0,1,,5,11,1
20,51,3,3,3,3MS:1,0,0,,0,0,1,0,0,0,0,0,,0,1,prophets,1,8,1
20,52,3,3,"1,3",1S:2;3FS:1;3MS:3,1,0,,1,0,1,0,0,1,0,0,,0,1,prophets,6,15,1
20,53,3,3,"1,2,3",1P:2;2MP:2;3FS:1;3MS:4,2,1,two_verbs,1,1,1,1,1,1,0,0,,1,0,"revelation,creation",9,29,1
20,54,2,2,2,2MP:5,0,0,,0,1,0,0,0,0,1,1,3->2,0,0,revelation,5,16,1
20,55,1,1,"1,2,3",1P:4;2MP:3;3FS:3,2,0,,1,1,1,1,1,1,1,1,2->1,0,0,creation,10,17,1
20,56,3,3,"1,3",1P:3;3FS:1;3MS:3,1,1,two_verbs,1,0,1,0,0,1,1,1,1->3,1,0,"revelation,prophets",7,14,1
20,57,2,2,"1,2,3",1P:3;2MS:4;3MS:1,2,1,two_verbs,1,1,1,1,1,1,1,1,3->2,1,1,prophets,8,16,1
20,58,1,1,"1,2,3",1P:4;2MS:4;3MS:2,2,1,two_verbs,1,1,1,1,1,1,1,1,2->1,2,0,,10,26,1
20,59,3,3,"2,3",2MP:1;3MS:2,1,0,,0,1,1,0,1,0,1,1,1->3,0,1,"judgment,prophets",3,12,1
20,60,3,3,3,3MS:4,0,0,,0,0,1,0,0,0,0,0,,0,0,prophets,4,9,1
20,61,3,3,"2,3",2MP:4;3MP:1;3MS:4,1,1,two_verbs,0,1,1,0,1,0,0,0,,2,1,"judgment,prophets",9,22,1
20,62,3,3,3,3MP:6,0,0,,0,0,1,0,0,0,0,0,,0,0,,6,12,1
20,63,3,3,"2,3",2MP:3;3MD:7;3MP:2,1,0,,0,1,1,0,1,0,0,0,,0,1,,12,26,1
20,64,2,2,"2,3",2MP:5;3MS:2,1,1,two_verbs,0,1,1,0,1,0,1,1,3->2,1,0,,7,16,1
20,65,3,3,"1,2,3",1P:1;2MS:1;3MP:2;3MS:1,2,1,two_verbs,1,1,1,1,1,1,1,1,2->3,3,1,prophets,5,14,1
20,66,3,3,"2,3",2MP:2;3FS:2;3MP:3;3MS:3,1,1,two_verbs,0,1,1,0,1,0,0,0,,2,1,,10,20,1
20,67,3,3,3,3MS:2,0,0,,0,0,1,0,0,0,0,0,,0,0,prophets,2,7,1
20,68,2,2,"1,2",1P:2;2MS:3,1,1,two_verbs,1,1,0,1,0,0,1,1,3->2,1,1,,5,9,1
20,69,3,3,"2,3",2MS:2;3FS:1;3MP:4;3MS:2,1,1,two_verbs,0,1,1,0,1,0,1,1,2->3,1,0,,9,23,1
20,70,3,3,"1,3",1P:2;3MP:2;3MS:1,1,1,two_verbs,1,0,1,0,0,1,0,0,,1,1,prophets,5,14,1
20,71,2,2,"1,2,3",1P:1;1S:3;2MP:9;3MS:4,2,1,two_verbs,1,1,1,1,1,1,1,1,3->2,5,1,"judgment,prophets",17,50,1
20,72,3,3,"1,2,3",1P:3;2MS:4;3MP:2;3MS:2,2,1,two_verbs,1,1,1,1,1,1,1,1,2->3,3,1,creation,11,29,1
20,73,1,1,"1,2,3",1P:7;2MS:2;3MS:2,2,1,two_verbs,1,1,1,1,1,1,1,1,3->1,2,0,mercy,11,28,1
20,74,3,3,3,3FS:1;3MS:6,0,0,,0,0,1,0,0,0,1,1,1->3,0,0,judgment,7,19,1
20,75,3,3,3,3MP:1;3MS:3,0,0,,0,0,1,0,0,0,0,0,,0,0,,4,17,1
20,76,3,3,3,3FS:3;3MS:1,0,0,,0,0,1,0,0,0,0,0,,0,0,judgment,4,16,1
20,77,2,2,"1,2,3",1P:2;1S:1;2MS:4;3MP:1,2,1,two_verbs,1,1,1,1,1,1,1,1,3->2,1,0,prophets,8,27,1
20,78,3,3,3,3MP:3;3MS:4,0,0,,0,0,1,0,0,0,1,1,2->3,0,0,prophets,7,16,1
20,79,3,3,3,3MS:3,0,0,,0,0,1,0,0,0,0,0,,0,0,prophets,3,8,1
20,80,1,1,"1,2",1P:6;2MP:4,1,0,,1,1,0,1,0,0,1,1,3->1,0,0,"revelation,prophets",10,29,1
20,81,2,2,"1,2,3",1P:2;1S:2;2MP:6;3MS:5,2,1,two_verbs,1,1,1,1,1,1,1,1,1->2,3,0,,15,30,1
20,82,3,3,"1,3",1S:1;3MS:4,1,0,,1,0,1,0,0,1,1,1,2->3,0,0,,5,15,1
20,83,2,2,"2,3",2MS:2;3MS:1,1,0,,0,1,1,0,1,0,1,1,3->2,0,1,prophets,3,9,1
20,84,1,1,"1,2,3",1S:4;2MS:2;3MP:1;3MS:1,2,1,two_verbs,1,1,1,1,1,1,1,1,2->1,2,1,,8,15,1
20,85,3,3,"1,2,3",1P:3;2MS:2;3MP:1;3MS:2,2,1,two_verbs,1,1,1,1,1,1,1,1,1->3,2,1,,8,17,1
20,86,2,2,"1,2,3",1S:2;2MP:9;3MS:6,2,1,two_verbs,1,1,1,1,1,1,1,1,3->2,3,1,prophets,17,43,1
20,87,1,1,"1,2,3",1P:8;2MS:1;3FS:1;3MP:2;3MS:1,2,1,two_verbs,1,1,1,1,1,1,1,1,2->1,2,1,"judgment,prophets",13,30,1
20,88,3,3,"2,3",2MP:1;3MP:3;3MS:3,1,0,,0,1,1,0,1,0,1,1,1->3,0,1,prophets,7,20,1
20,89,3,3,3,3MP:4;3MS:2,0,0,,0,0,1,0,0,0,0,0,,0,0,,6,20,1
20,90,2,2,"1,2,3",1S:3;2MP:7;3MP:1;3MS:2,2,1,two_verbs,1,1,1,1,1,1,1,1,3->2,1,0,"mercy,prophets",13,33,1
20,91,3,3,"1,3",1P:2;3MP:2;3MS:2,1,1,two_verbs,1,0,1,0,0,1,1,1,2->3,2,1,prophets,6,12,1
20,92,3,3,"2,3",2MS:3;3MP:3;3MS:2,1,1,two_verbs,0,1,1,0,1,0,0,0,,2,1,prophets,8,12,1
20,93,2,2,"1,2",1S:2;2MS:3,1,0,,1,1,0,1,0,0,1,1,3->2,0,0,,5,10,1
20,94,2,2,"1,2,3",1S:7;2MS:5;3MS:1,2,1,two_verbs,1,1,1,1,1,1,0,0,,3,1,prophets,13,31,1
20,95,3,3,"2,3",2MS:1;3MS:1,1,0,,0,1,1,0,1,0,1,1,2->3,0,1,prophets,2,7,1
20,96,1,1,"1,3",1S:8;3FS:2;3MP:2;3MS:2,1,1,two_verbs,1,0,1,0,0,1,1,1,3->1,4,1,revelation,14,30,1
20,97,2,2,"1,2,3",1P:2;2MS:9;3MS:5,2,1,two_verbs,1,1,1,1,1,1,1,1,1->2,2,1,prophets,16,46,1
20,98,3,3,"2,3",2MP:1;3MS:2,1,0,,0,1,1,0,1,0,1,1,2->3,0,0,oneness,3,14,1
20,99,1,1,"1,2,3",1P:4;2MS:2;3MS:1,2,1,two_verbs,1,1,1,1,1,1,1,1,3->1,2,0,,7,19,1
20,100,3,3,3,3MS:4,0,0,,0,0,1,0,0,0,1,1,1->3,0,0,judgment,4,12,1
20,101,3,3,3,3MP:1;3MS:2,0,0,,0,0,1,0,0,0,0,0,,0,0,judgment,3,11,1
20,102,1,1,"1,3",1P:1;3MS:1,1,1,two_verbs,1,0,1,0,0,1,1,1,3->1,1,0,,2,11,1
20,103,3,3,"2,3",2MP:2;3MP:3,1,1,two_verbs,0,1,1,0,1,0,1,1,1->3,1,0,,5,9,1
20,104,3,3,"1,2,3",1P:1;2MP:2;3MP:3;3MS:1,2,1,two_verbs,1,1,1,1,1,1,0,0,,1,1,,7,16,1
20,105,3,3,"1,2,3",1S:1;2MS:2;3FS:1;3MP:2;3MS:1,2,1,two_verbs,1,1,1,1,1,1,0,0,,2,0,,7,14,1
20,106,3,3,3,3FS:1;3MS:1,0,0,,0,0,1,0,0,0,0,0,,0,0,creation,2,5,1
20,107,2,2,"2,3",2MS:1;3FS:1,1,0,,0,1,1,0,1,0,1,1,3->2,0,0,,2,8,1
20,108,3,3,"2,3",2MS:1;3FS:1;3MP:2;3MS:1,1,1,two_verbs,0,1,1,0,1,0,1,1,2->3,1,0,mercy,5,21,1
20,109,3,3,3,3FS:1;3MS:4,0,0,,0,0,1,0,0,0,0,0,,0,0,mercy,5,17,1
20,110,3,3,3,3MP:4;3MS:2,0,0,,0,0,1,0,0,0,0,0,,0,0,,6,16,1
20,111,3,3,3,3FS:1;3MS:2,0,0,,0,0,1,0,0,0,0,0,,0,0,,3,15,1
20,112,3,3,3,3MS:3,0,0,,0,0,1,0,0,0,0,0,,0,0,,3,16,1
20,113,3,3,"1,3",1P:4;3MP:4;3MS:3,1,1,two_verbs,1,0,1,0,0,1,0,0,,1,0,,11,25,1
20,114,2,2,"1,2,3",1S:2;2MS:4;3MS:3,2,1,two_verbs,1,1,1,1,1,1,1,1,3->2,3,0,revelation,9,28,1
20,115,1,1,"1,3",1P:3;3MS:2,1,1,two_verbs,1,0,1,0,0,1,1,1,2->1,2,0,,5,17,1
20,116,3,3,"1,2,3",1P:2;2MP:2;3MP:2;3MS:1,2,1,two_verbs,1,1,1,1,1,1,1,1,1->3,2,1,prayer,7,17,1
20,117,2,2,"1,2,3",1P:2;2D:1;2MS:3;3MS:1,2,1,two_verbs,1,1,1,1,1,1,1,1,3->2,2,1,judgment,7,24,1
20,118,2,2,"2,3",2MS:3;3FS:1,1,0,,0,1,1,0,1,0,0,0,,0,0,,4,11,1
20,119,2,2,"2,3",2MS:3;3FS:1,1,0,,0,1,1,0,1,0,0,0,,0,0,creation,4,10,1
20,120,3,3,"1,2,3",1S:1;2MS:1;3MS:4,2,1,two_verbs,1,1,1,1,1,1,1,1,2->3,2,1,,6,20,1
20,121,3,3,3,3D:2;3FS:2;3MD:7;3MS:3,0,0,,0,0,1,0,0,0,0,0,,0,0,judgment,14,29,1
20,122,3,3,3,3MS:6,0,0,,0,0,1,0,0,0,0,0,,0,0,,6,11,1
20,123,3,3,"1,2,3",1S:2;2MD:2;2MP:2;3FS:1;3MS:5,2,1,two_verbs,1,1,1,1,1,1,0,0,,2,1,judgment,12,31,1
20,124,3,3,"1,3",1P:1;1S:1;3MS:3,1,1,two_verbs,1,0,1,0,0,1,0,0,,1,0,judgment,5,19,1
20,125,1,1,"1,2,3",1S:4;2MS:2;3MS:1,2,1,two_verbs,1,1,1,1,1,1,1,1,3->1,2,1,,7,14,1
20,126,2,2,"1,2,3",1P:1;2MS:4;3FS:2;3MS:1,2,1,two_verbs,1,1,1,1,1,1,1,1,1->2,1,1,revelation,8,17,1
20,127,3,3,"1,3",1P:1;3MS:3,1,1,two_verbs,1,0,1,0,0,1,1,1,2->3,1,0,"judgment,revelation",4,21,1
20,128,3,3,"1,3",1P:2;3MP:5;3MS:1,1,1,two_verbs,1,0,1,0,0,1,0,0,,2,0,revelation,8,28,1
20,129,3,3,"2,3",2MS:1;3FS:1;3MS:1,1,0,,0,1,1,0,1,0,0,0,,0,0,judgment,3,13,1
20,130,2,2,"2,3",2MS:6;3FS:1;3MP:2,1,1,two_verbs,0,1,1,0,1,0,1,1,3->2,2,0,creation,9,34,1
20,131,3,3,"1,2,3",1P:3;2MS:2;3FS:1;3MP:2;3MS:2,2,1,two_verbs,1,1,1,1,1,1,1,1,2->3,1,0,,10,32,1
20,132,2,2,"1,2,3",1P:3;2MS:5;3FS:1,2,1,two_verbs,1,1,1,1,1,1,1,1,3->2,1,0,prayer,9,24,1
20,133,3,3,"1,3",1P:1;3FS:1;3MP:3;3MS:2,1,0,,1,0,1,0,0,1,1,1,2->3,0,0,,7,23,1
20,134,1,1,"1,2,3",1P:8;2MS:3;3MP:3;3MS:1,2,1,two_verbs,1,1,1,1,1,1,1,1,3->1,3,1,"judgment,revelation",15,33,1
20,135,2,2,"2,3",2MP:4;2MS:1;3MS:1,1,1,two_verbs,0,1,1,0,1,0,1,1,1->2,1,0,,6,19,1
21,1,3,3,3,3MP:2;3MS:1,0,0,,0,0,1,0,0,0,0,0,,0,0,,3,11,1
21,2,3,3,3,3MP:7;3MS:2,0,0,,0,0,1,0,0,0,0,0,,0,0,,9,17,1
21,3,2,2,"2,3",2MP:6;3MP:5,1,1,two_verbs,0,1,1,0,1,0,1,1,3->2,1,0,,11,27,1
21,4,3,3,"1,3",1S:1;3MS:3,1,0,,1,0,1,0,0,1,1,1,2->3,0,1,creation,4,18,1
21,5,3,3,"1,3",1P:1;3MP:2;3MS:5,1,0,,1,0,1,0,0,1,0,0,,0,0,revelation,8,22,1
21,6,3,3,"1,3",1P:2;3FS:2;3MP:4,1,1,two_verbs,1,0,1,0,0,1,0,0,,2,0,,8,14,1
21,7,2,2,"1,2,3",1P:3;2MP:6;2MS:1;3MP:1,2,1,two_verbs,1,1,1,1,1,1,1,1,3->2,1,0,revelation,11,23,1
21,8,3,3,"1,3",1P:2;3MP:5,1,1,two_verbs,1,0,1,0,0,1,1,1,2->3,1,0,creation,7,16,1
21,9,1,1,"1,3",1P:7;3MP:2,1,0,,1,0,1,0,0,1,1,1,3->1,0,0,,9,18,1
21,10,2,2,"1,2,3",1P:2;2MP:4;3MS:1,2,1,two_verbs,1,1,1,1,1,1,1,1,1->2,1,0,revelation,7,16,1
21,11,1,1,"1,3",1P:4;3FS:2,1,1,two_verbs,1,0,1,0,0,1,1,1,2->1,2,0,,6,15,1
21,12,3,3,"1,3",1P:1;3FS:1;3MP:5,1,0,,1,0,1,0,0,1,1,1,1->3,0,0,judgment,7,12,1
21,13,2,2,"2,3",2MP:10;3MS:1,1,0,,0,1,1,0,1,0,1,1,3->2,0,1,,11,19,1
21,14,1,1,"1,3",1P:4;3MP:2,1,1,two_verbs,1,0,1,0,0,1,1,1,2->1,1,1,,6,10,1
21,15,3,3,"1,3",1P:2;3FS:1;3MP:2,1,1,two_verbs,1,0,1,0,0,1,1,1,1->3,1,0,judgment,5,12,1
21,16,1,1,"1,3",1P:2;3D:1,1,0,,1,0,1,0,0,1,1,1,3->1,0,0,creation,3,14,1
21,17,1,1,"1,3",1P:8;3MS:1,1,0,,1,0,1,0,0,1,0,0,,0,0,,9,17,1
21,18,2,2,"1,2,3",1P:1;2MP:3;3MS:3,2,1,two_verbs,1,1,1,1,1,1,1,1,1->2,2,0,,7,24,1
21,19,3,3,3,3MP:4;3MS:3,0,0,,0,0,1,0,0,0,1,1,2->3,0,0,creation,7,24,1
21,20,3,3,3,3MP:4,0,0,,0,0,1,0,0,0,0,0,,0,0,,4,10,1
21,21,3,3,3,3MP:5,0,0,,0,0,1,0,0,0,0,0,,0,0,"judgment,creation",5,10,1
21,22,3,3,3,3D:1;3FD:2;3MP:2;3MS:1,0,0,,0,0,1,0,0,0,0,0,,0,0,creation,6,20,1
21,23,3,3,3,3MP:3;3MS:2,0,0,,0,0,1,0,0,0,0,0,,0,0,,5,9,1
21,24,3,3,"1,2,3",1S:2;2MP:3;2MS:1;3MP:6;3MS:1,2,1,two_verbs,1,1,1,1,1,1,0,0,,2,0,,13,33,1
21,25,1,1,"1,2,3",1P:3;1S:2;2MP:2;2MS:1;3MS:2,2,1,two_verbs,1,1,1,1,1,1,1,1,3->1,1,0,"oneness,revelation",10,23,1
21,26,3,3,3,3MP:2;3MS:2,0,0,,0,0,1,0,0,0,1,1,1->3,0,0,mercy,4,12,1
21,27,3,3,3,3MP:5;3MS:2,0,0,,0,0,1,0,0,0,0,0,,0,0,,7,14,1
21,28,3,3,3,3MP:5;3MS:3,0,0,,0,0,1,0,0,0,0,0,,0,0,,8,23,1
21,29,1,1,"1,3",1P:2;1S:1;3MP:1;3MS:3,1,1,two_verbs,1,0,1,0,0,1,1,1,3->1,1,0,judgment,7,21,1
21,30,3,3,"1,3",1P:4;3D:1;3FD:2;3MP:4;3MS:1,1,1,two_verbs,1,0,1,0,0,1,1,1,1->3,2,0,creation,12,34,1
21,31,3,3,"1,3",1P:4;3FS:2;3MP:4,1,1,two_verbs,1,0,1,0,0,1,0,0,,3,0,creation,10,22,1
21,32,1,1,"1,3",1P:2;3FS:1;3MP:1,1,1,verb_plus_indep_pron,1,0,1,0,0,1,1,1,3->1,0,0,"revelation,creation",4,13,1
21,33,3,3,3,3MP:2;3MS:2,0,0,,0,0,1,0,0,0,1,1,1->3,0,0,creation,4,20,1
21,34,2,2,"1,2,3",1P:2;2MS:3;3MP:1,2,1,two_verbs,1,1,1,1,1,1,1,1,3->2,1,0,creation,6,20,1
21,35,2,2,"1,2",1P:2;2MP:3,1,1,two_verbs,1,1,0,1,0,0,0,0,,1,0,,5,20,1
21,36,3,3,"2,3",2MP:1;2MS:2;3MP:6;3MS:2,1,0,,0,1,1,0,1,0,1,1,2->3,0,0,mercy,11,27,1
21,37,2,2,"1,2,3",1S:3;2MP:3;3MS:1,2,1,two_verbs,1,1,1,1,1,1,1,1,3->2,2,0,"revelation,creation",7,15,1
21,38,2,2,"2,3",2MP:2;3MP:2,1,1,two_verbs,0,1,1,0,1,0,0,0,,1,0,,4,11,1
21,39,3,3,3,3MP:9;3MS:1,0,0,,0,0,1,0,0,0,1,1,2->3,0,0,judgment,10,24,1
21,40,3,3,3,3FS:3;3MP:7,0,0,,0,0,1,0,0,0,0,0,,0,0,,10,18,1
21,41,3,3,"2,3",2MS:1;3MP:7;3MS:3,1,0,,0,1,1,0,1,0,0,0,,0,0,,11,24,1
21,42,3,3,"2,3",2MP:1;2MS:1;3MP:2;3MS:1,1,1,two_verbs,0,1,1,0,1,0,0,0,,1,0,mercy,5,20,1
21,43,3,3,"1,3",1P:2;3FS:1;3MP:8,1,0,,1,0,1,0,0,1,0,0,,0,0,,11,22,1
21,44,3,3,"1,3",1P:5;3FS:2;3MP:5;3MS:1,1,1,two_verbs,1,0,1,0,0,1,0,0,,2,0,,13,33,1
21,45,3,3,"1,2,3",1S:1;2MP:1;2MS:1;3MP:2;3MS:1,2,1,two_verbs,1,1,1,1,1,1,0,0,,2,0,revelation,6,19,1
21,46,1,1,"1,2,3",1P:4;2MS:1;3FS:1;3MP:2,2,1,two_verbs,1,1,1,1,1,1,1,1,3->1,1,0,judgment,8,21,1
21,47,3,3,"1,3",1P:4;3FS:2;3MS:2,1,1,two_verbs,1,0,1,0,0,1,1,1,1->3,3,0,judgment,8,31,1
21,48,1,1,1,1P:2,0,0,,1,0,0,0,0,0,1,1,3->1,0,0,prophets,2,17,1
21,49,3,3,3,3MP:4,0,0,,0,0,1,0,0,0,1,1,1->3,0,0,judgment,4,14,1
21,50,1,1,"1,2,3",1P:2;2MP:1;3MS:2,2,1,verb_plus_indep_pron,1,1,1,1,1,1,1,1,3->1,0,0,revelation,5,13,1
21,51,1,1,"1,3",1P:4;3MS:2,1,1,verb_plus_indep_pron,1,0,1,0,0,1,0,0,,0,0,prophets,6,16,1
21,52,3,3,"2,3",2MP:1;3FS:1;3MS:3,1,1,verb_plus_indep_pron,0,1,1,0,1,0,1,1,1->3,0,1,,5,17,1
21,53,1,1,"1,3",1P:3;3FS:1;3MP:2,1,1,two_verbs,1,0,1,0,0,1,1,1,3->1,1,1,,6,9,1
21,54,2,2,"2,3",2MP:4;3MS:1,1,1,two_verbs,0,1,1,0,1,0,1,1,1->2,1,1,,5,12,1
21,55,2,2,"1,2,3",1P:1;2MS:3;3MP:2,2,1,two_verbs,1,1,1,1,1,1,0,0,,1,1,,6,14,1
21,56,3,3,"1,2,3",1S:1;2MP:1;3FP:1;3MS:2,2,1,verb_plus_indep_pron,1,1,1,1,1,1,1,1,2->3,0,1,creation,5,20,1
21,57,2,2,"1,2",1S:1;2MP:3,1,1,two_verbs,1,1,0,1,0,0,1,1,3->2,1,0,,4,13,1
21,58,3,3,3,3MP:5;3MS:2,0,0,,0,0,1,0,0,0,1,1,2->3,0,0,,7,14,1
21,59,3,3,"1,3",1P:1;3MP:2;3MS:2,1,0,,1,0,1,0,0,1,0,0,,0,1,,5,14,1
21,60,3,3,"1,3",1P:2;3MP:3;3MS:3,1,1,two_verbs,1,0,1,0,0,1,0,0,,2,1,prophets,8,11,1
21,61,3,3,"2,3",2MP:2;3MP:5;3MS:1,1,1,two_verbs,0,1,1,0,1,0,0,0,,2,1,,8,15,1
21,62,2,2,"1,2,3",1P:1;2MS:3;3MP:2,2,1,two_verbs,1,1,1,1,1,1,1,1,3->2,1,1,prophets,6,12,1
21,63,3,3,"2,3",2MP:2;3MP:6;3MS:3,1,1,two_verbs,0,1,1,0,1,0,1,1,2->3,2,1,,11,16,1
21,64,3,3,"2,3",2MP:2;3MP:5,1,1,verb_plus_indep_pron,0,1,1,0,1,0,0,0,,0,1,,7,14,1
21,65,3,3,"2,3",2MS:2;3MP:5,1,1,two_verbs,0,1,1,0,1,0,0,0,,2,0,,7,14,1
21,66,3,3,"2,3",2MP:4;3MS:3,1,1,two_verbs,0,1,1,0,1,0,0,0,,2,1,,7,17,1
21,67,2,2,2,2MP:5,0,0,,0,1,0,0,0,0,1,1,3->2,0,0,,5,16,1
21,68,2,2,"2,3",2MP:7;3MP:2;3MS:1,1,1,two_verbs,0,1,1,0,1,0,0,0,,1,1,,10,14,1
21,69,2,2,"1,2",1P:2;2FS:2,1,1,two_verbs,1,1,0,1,0,0,0,0,,1,1,"judgment,prophets",4,11,1
21,70,3,3,"1,3",1P:2;3MP:3;3MS:1,1,1,two_verbs,1,0,1,0,0,1,1,1,2->3,1,0,,6,12,1
21,71,1,1,"1,3",1P:4;3FS:1;3MS:1,1,0,,1,0,1,0,0,1,1,1,3->1,0,0,prophets,6,17,1
21,72,1,1,"1,3",1P:4;3MS:1,1,1,verb_plus_indep_pron,1,0,1,0,0,1,0,0,,0,0,,5,14,1
21,73,1,1,"1,3",1P:6;3MP:6,1,1,two_verbs,1,0,1,0,0,1,0,0,,3,0,"law,prayer",12,32,1
21,74,3,3,"1,3",1P:4;3FS:2;3MP:3;3MS:2,1,1,two_verbs,1,0,1,0,0,1,1,1,1->3,1,0,prophets,11,27,1
21,75,1,1,"1,3",1P:3;3MS:2,1,0,,1,0,1,0,0,1,1,1,3->1,0,0,mercy,5,12,1
21,76,1,1,"1,3",1P:4;3MS:4,1,1,two_verbs,1,0,1,0,0,1,0,0,,1,0,prophets,8,23,1
21,77,3,3,"1,3",1P:5;3MP:6;3MS:1,1,1,two_verbs,1,0,1,0,0,1,1,1,1->3,2,0,revelation,12,24,1
21,78,3,3,"1,3",1P:2;3FS:1;3MD:2;3MP:1;3MS:1,1,1,two_verbs,1,0,1,0,0,1,0,0,,1,0,"law,prophets",7,24,1
21,79,1,1,"1,3",1P:8;3FP:2;3FS:1,1,1,two_verbs,1,0,1,0,0,1,1,1,3->1,2,0,prophets,11,28,1
21,80,2,2,"1,2,3",1P:2;2MP:4;2MS:1;3MS:1,2,1,two_verbs,1,1,1,1,1,1,1,1,1->2,1,0,,8,18,1
21,81,1,1,"1,3",1P:4;3FS:2;3MS:1,1,1,two_verbs,1,0,1,0,0,1,1,1,2->1,1,0,prophets,7,25,1
21,82,3,3,"1,3",1P:2;3MP:5;3MS:1,1,1,two_verbs,1,0,1,0,0,1,1,1,1->3,1,0,,8,21,1
21,83,3,3,"1,2,3",1S:2;2MS:1;3MS:3,2,1,verb_plus_indep_pron,1,1,1,1,1,1,0,0,,0,0,"mercy,prophets",6,17,1
21,84,1,1,"1,3",1P:7;3MP:2;3MS:4,1,1,verb_plus_indep_pron,1,0,1,0,0,1,1,1,3->1,0,0,mercy,13,33,1
21,85,,3,,,0,0,,0,0,0,0,0,0,1,1,1->3,0,0,,0,12,0
21,86,1,1,"1,3",1P:3;3MP:2,1,0,,1,0,1,0,0,1,1,1,3->1,0,0,mercy,5,12,1
21,87,3,3,"1,2,3",1P:1;1S:3;2MS:2;3MS:4,2,1,two_verbs,1,1,1,1,1,1,1,1,1->3,3,0,oneness,10,33,1
21,88,1,1,"1,3",1P:5;3MS:2,1,1,verb_plus_indep_pron,1,0,1,0,0,1,1,1,3->1,0,0,,7,18,1
21,89,3,3,"1,2,3",1S:2;2MS:1;3FS:1;3MS:2,2,1,verb_plus_indep_pron,1,1,1,1,1,1,1,1,1->3,0,0,,6,17,1
21,90,3,3,"1,3",1P:8;3MP:9;3MS:4,1,1,two_verbs,1,0,1,0,0,1,0,0,,1,0,,21,40,1
21,91,1,1,"1,3",1P:5;3FS:5,1,1,two_verbs,1,0,1,0,0,1,1,1,3->1,1,0,,10,24,1
21,92,2,2,"1,2",1S:2;2MP:4,1,1,verb_plus_indep_pron,1,1,0,1,0,0,1,1,1->2,0,0,,6,14,1
21,93,3,3,"1,3",1P:1;3MP:4,1,0,,1,0,1,0,0,1,1,1,2->3,0,0,,5,11,1
21,94,3,3,"1,3",1P:1;3MS:4,1,0,,1,0,1,0,0,1,0,0,,0,0,,5,21,1
21,95,3,3,"1,3",1P:2;3FS:1;3MP:3,1,1,two_verbs,1,0,1,0,0,1,0,0,,1,0,,6,12,1
21,96,3,3,3,3FS:1;3MP:3,0,0,,0,0,1,0,0,0,0,0,,0,0,,4,13,1
21,97,1,1,"1,3",1P:5;3FS:1;3MP:2;3MS:1,1,1,two_verbs,1,0,1,0,0,1,1,1,3->1,1,0,,9,28,1
21,98,2,2,"2,3",2MP:4;3FS:1,1,1,verb_plus_indep_pron,0,1,1,0,1,0,1,1,1->2,0,0,judgment,5,15,1
21,99,3,3,3,3FS:2;3MP:2;3MS:1,0,0,,0,0,1,0,0,0,1,1,2->3,0,0,,5,13,1
21,100,3,3,3,3FS:2;3MP:4,0,0,,0,0,1,0,0,0,0,0,,0,0,,6,12,1
21,101,3,3,"1,3",1P:1;3FS:2;3MP:1,1,0,,1,0,1,0,0,1,0,0,,0,0,judgment,4,13,1
21,102,3,3,3,3FS:2;3MP:4,0,0,,0,0,1,0,0,0,0,0,,0,0,,6,13,1
21,103,2,2,"2,3",2MP:5;2MS:1;3MP:2;3MS:1,1,1,two_verbs,0,1,1,0,1,0,1,1,3->2,1,0,,9,20,1
21,104,1,1,"1,3",1P:8;3MS:1,1,0,,1,0,1,0,0,1,1,1,2->1,0,0,,9,27,1
21,105,1,1,"1,3",1P:2;1S:1;3FS:1;3MS:1,1,1,two_verbs,1,0,1,0,0,1,0,0,,1,0,"judgment,revelation",5,21,1
21,106,,3,,,0,0,,0,0,0,0,0,0,1,1,1->3,0,0,,0,8,0
21,107,1,1,"1,2",1P:2;2MS:1,1,0,,1,1,0,1,0,0,1,1,3->1,0,0,mercy,3,10,1
21,108,2,2,"1,2,3",1S:1;2MP:2;2MS:1;3MS:1,2,1,two_verbs,1,1,1,1,1,1,1,1,1->2,1,0,"oneness,revelation",5,16,1
21,109,2,2,"1,2,3",1S:3;2MP:3;2MS:1;3MP:2,2,1,two_verbs,1,1,1,1,1,1,0,0,,3,0,,9,21,1
21,110,3,3,"2,3",2MP:2;3MS:3,1,1,two_verbs,0,1,1,0,1,0,1,1,2->3,1,0,,5,13,1
21,111,1,1,"1,2,3",1S:1;2MP:1;3MS:1,2,1,verb_plus_indep_pron,1,1,1,1,1,1,1,1,3->1,0,0,,3,12,1
21,112,2,2,"1,2,3",1P:1;1S:1;2MP:2;2MS:1;3MS:1,2,1,two_verbs,1,1,1,1,1,1,1,1,1->2,1,1,mercy,6,18,1
22,1,2,2,2,2MP:3,0,0,,0,1,0,0,0,0,0,0,,0,0,judgment,3,14,1
22,2,3,3,"2,3",2MP:2;2MS:1;3FS:5;3MP:1,1,1,two_verbs,0,1,1,0,1,0,1,1,2->3,2,0,judgment,9,32,1
22,3,3,3,3,3MS:2,0,0,,0,0,1,0,0,0,0,0,,0,0,,2,16,1
22,4,3,3,3,3MS:10,0,0,,0,0,1,0,0,0,0,0,,0,0,judgment,10,20,1
22,5,1,1,"1,2,3",1P:9;2MP:10;2MS:1;3FS:4;3MS:3,2,1,two_verbs,1,1,1,1,1,1,1,1,3->1,6,0,"mercy,revelation,creation",27,100,1
22,6,3,3,3,3MS:4,0,0,,0,0,1,0,0,0,1,1,1->3,0,0,,4,20,1
22,7,3,3,3,3FS:1;3MS:1,0,0,,0,0,1,0,0,0,0,0,,0,0,judgment,2,17,1
22,8,3,3,3,3MS:1,0,0,,0,0,1,0,0,0,0,0,,0,0,revelation,1,18,1
22,9,3,3,"1,3",1P:1;3MS:4,1,1,two_verbs,1,0,1,0,0,1,0,0,,1,1,judgment,5,23,1
22,10,3,3,"2,3",2MS:1;3FS:1;3MS:1,1,0,,0,1,1,0,1,0,0,0,,0,0,,3,15,1
22,11,3,3,3,3FS:1;3MS:10,0,0,,0,0,1,0,0,0,0,0,,0,0,,11,38,1
22,12,3,3,3,3MS:6,0,0,,0,0,1,0,0,0,0,0,,0,0,,6,19,1
22,13,3,3,3,3MS:5,0,0,,0,0,1,0,0,0,0,0,,0,0,,5,18,1
22,14,3,3,3,3FS:2;3MP:4;3MS:3,0,0,,0,0,1,0,0,0,0,0,,0,0,,9,23,1
22,15,3,3,3,3MS:10,0,0,,0,0,1,0,0,0,0,0,,0,0,,10,35,1
22,16,3,3,"1,3",1P:2;3MS:3,1,1,two_verbs,1,0,1,0,0,1,0,0,,1,0,,5,14,1
22,17,3,3,3,3MP:7;3MS:1,0,0,,0,0,1,0,0,0,0,0,,0,0,"judgment,law",8,35,1
22,18,3,3,"2,3",2MS:1;3MS:8,1,1,two_verbs,0,1,1,0,1,0,0,0,,1,0,"judgment,creation",9,62,1
22,19,3,3,3,3FS:1;3MP:7;3MS:1,0,0,,0,0,1,0,0,0,0,0,,0,0,judgment,9,24,1
22,20,3,3,3,3MP:1;3MS:2,0,0,,0,0,1,0,0,0,0,0,,0,0,,3,10,1
22,21,3,3,3,3MP:1,0,0,,0,0,1,0,0,0,0,0,,0,0,,1,6,0
22,22,3,3,"2,3",2MP:2;3FS:2;3MP:6,1,1,two_verbs,0,1,1,0,1,0,0,0,,1,1,judgment,10,20,1
22,23,3,3,3,3FS:4;3MP:7;3MS:1,0,0,,0,0,1,0,0,0,0,0,,0,0,,12,34,1
22,24,3,3,3,3MP:4,0,0,,0,0,1,0,0,0,0,0,,0,0,,4,16,1
22,25,3,3,"1,3",1P:3;3MP:4;3MS:5,1,1,two_verbs,1,0,1,0,0,1,0,0,,3,0,judgment,12,44,1
22,26,1,1,"1,2",1P:2;1S:2;2MS:2,1,1,two_verbs,1,1,0,1,0,0,1,1,3->1,1,0,"prayer,prophets",6,30,1
22,27,3,3,"2,3",2MS:2;3FP:2;3MP:2,1,1,two_verbs,0,1,1,0,1,0,1,1,1->3,1,0,prayer,6,22,1
22,28,3,3,"2,3",2MP:4;3FS:1;3MP:6;3MS:1,1,1,two_verbs,0,1,1,0,1,0,0,0,,1,0,law,12,34,1
22,29,3,3,3,3MP:8,0,0,,0,0,1,0,0,0,0,0,,0,0,,8,21,1
22,30,3,3,"2,3",2MP:6;3FS:1;3MS:5,1,1,two_verbs,0,1,1,0,1,0,0,0,,1,0,,12,39,1
22,31,3,3,3,3FS:2;3MS:5,0,0,,0,0,1,0,0,0,0,0,,0,0,"oneness,creation",7,33,1
22,32,3,3,3,3FS:1;3MS:1,0,0,,0,0,1,0,0,0,0,0,,0,0,,2,13,1
22,33,3,3,"2,3",2MP:1;3FS:2,1,0,,0,1,1,0,1,0,0,0,,0,0,,3,16,0
22,34,3,3,"1,2,3",1P:2;2MP:3;2MS:1;3MP:3;3MS:2,2,1,two_verbs,1,1,1,1,1,1,0,0,,2,0,oneness,11,34,1
22,35,3,3,"1,3",1P:2;3FS:1;3MP:5;3MS:2,1,1,two_verbs,1,0,1,0,0,1,0,0,,2,0,prayer,10,27,1
22,36,2,2,"1,2,3",1P:4;2MP:12;3FS:7,2,1,two_verbs,1,1,1,1,1,1,1,1,3->2,5,0,,23,53,1
22,37,3,3,"2,3",2MP:5;2MS:1;3FS:3;3MS:5,1,1,two_verbs,0,1,1,0,1,0,1,1,2->3,3,0,,14,35,1
22,38,3,3,3,3MP:2;3MS:2,0,0,,0,0,1,0,0,0,0,0,,0,0,,4,14,1
22,39,3,3,3,3MP:6;3MS:1,0,0,,0,0,1,0,0,0,0,0,,0,0,,7,18,1
22,40,3,3,"1,3",1P:1;3FS:2;3MP:6;3MS:4,1,0,,1,0,1,0,0,1,0,0,,0,0,,13,54,1
22,41,3,3,"1,3",1P:2;3MP:9,1,1,two_verbs,1,0,1,0,0,1,0,0,,1,0,"law,prayer",11,35,1
22,42,3,3,"2,3",2MS:1;3FS:1;3MP:3,1,0,,0,1,1,0,1,0,0,0,,0,0,prophets,5,16,1
22,43,,3,,,0,0,,0,0,0,0,0,0,0,0,,0,0,prophets,0,6,0
22,44,1,1,"1,3",1S:5;3MP:1;3MS:2,1,1,two_verbs,1,0,1,0,0,1,1,1,3->1,2,0,prophets,8,21,1
22,45,3,3,"1,3",1P:2;3FS:4,1,1,verb_plus_indep_pron,1,0,1,0,0,1,1,1,1->3,0,0,,6,22,1
22,46,3,3,3,3FS:6;3MP:7,0,0,,0,0,1,0,0,0,0,0,,0,0,creation,13,39,1
22,47,3,3,"2,3",2MP:2;2MS:2;3MP:2;3MS:2,1,1,two_verbs,0,1,1,0,1,0,0,0,,1,0,judgment,8,26,1
22,48,1,1,"1,3",1S:5;3FS:3,1,1,verb_plus_indep_pron,1,0,1,0,0,1,1,1,3->1,0,0,,8,20,1
22,49,2,2,"1,2",1S:1;2MP:1;2MS:1,1,1,verb_plus_indep_pron,1,1,0,1,0,0,1,1,1->2,0,0,revelation,3,12,1
22,50,3,3,3,3MP:5,0,0,,0,0,1,0,0,0,1,1,2->3,0,0,,5,15,1
22,51,3,3,"1,3",1P:1;3MP:2,1,0,,1,0,1,0,0,1,0,0,,0,0,,3,12,1
22,52,3,3,"1,2,3",1P:2;2MS:1;3MS:7,2,1,two_verbs,1,1,1,1,1,1,0,0,,1,0,revelation,10,37,1
22,53,3,3,3,3MP:2;3MS:2,0,0,,0,0,1,0,0,0,0,0,,0,0,,4,26,1
22,54,3,3,"2,3",2MS:1;3FS:1;3MP:7;3MS:4,1,0,,0,1,1,0,1,0,0,0,,0,0,,13,37,1
22,55,3,3,3,3FS:1;3MP:4;3MS:3,0,0,,0,0,1,0,0,0,0,0,,0,0,judgment,8,22,1
22,56,3,3,3,3MP:5;3MS:1,0,0,,0,0,1,0,0,0,0,0,,0,0,,6,21,1
22,57,3,3,"1,3",1P:1;3MP:5,1,0,,1,0,1,0,0,1,0,0,,0,0,"judgment,revelation",6,16,1
22,58,3,3,3,3MP:7;3MS:2,0,0,,0,0,1,0,0,0,0,0,,0,0,,9,28,1
22,59,3,3,3,3MP:3;3MS:2,0,0,,0,0,1,0,0,0,0,0,,0,0,,5,14,1
22,60,3,3,3,3MS:7,0,0,,0,0,1,0,0,0,0,0,,0,0,mercy,7,24,1
22,61,3,3,3,3MS:2,0,0,,0,0,1,0,0,0,0,0,,0,0,,2,22,1
22,62,3,3,3,3MP:2;3MS:4,0,0,,0,0,1,0,0,0,0,0,,0,0,oneness,6,26,1
22,63,3,3,"2,3",2MS:1;3FS:1;3MS:1,1,1,two_verbs,0,1,1,0,1,0,0,0,,1,0,"revelation,creation",3,19,1
22,64,3,3,3,3MS:2,0,0,,0,0,1,0,0,0,0,0,,0,0,creation,2,20,0
22,65,3,3,"2,3",2MP:1;2MS:1;3FS:2;3MS:4,1,1,two_verbs,0,1,1,0,1,0,0,0,,1,0,"mercy,creation",8,43,1
22,66,3,3,"2,3",2MP:3;3MS:4,1,0,,0,1,1,0,1,0,0,0,,0,0,,7,16,1
22,67,2,2,"1,2,3",1P:2;2MS:4;3MP:1;3MS:2,2,1,two_verbs,1,1,1,1,1,1,1,1,3->2,2,0,,9,28,1
22,68,2,2,"2,3",2MP:2;2MS:2;3MP:2,1,1,two_verbs,0,1,1,0,1,0,0,0,,1,0,,6,13,1
22,69,2,2,"2,3",2MP:5;3MS:2,1,1,two_verbs,0,1,1,0,1,0,0,0,,1,0,judgment,7,15,1
22,70,2,2,"2,3",2MS:1;3MS:1,1,1,two_verbs,0,1,1,0,1,0,0,0,,1,0,creation,2,22,1
22,71,3,3,3,3MP:3;3MS:4,0,0,,0,0,1,0,0,0,1,1,2->3,0,0,revelation,7,27,1
22,72,3,3,"1,2,3",1P:2;1S:1;2MP:1;2MS:2;3FS:2;3MP:12;3MS:2,2,1,two_verbs,1,1,1,1,1,1,0,0,,5,0,"judgment,revelation",22,49,1
22,73,3,3,"2,3",2MP:4;3MP:7;3MS:7,1,1,two_verbs,0,1,1,0,1,0,0,0,,2,0,creation,18,47,1
22,74,3,3,3,3MP:2;3MS:1,0,0,,0,0,1,0,0,0,0,0,,0,0,,3,12,1
22,75,3,3,3,3MS:1,0,0,,0,0,1,0,0,0,0,0,,0,0,,1,14,1
22,76,3,3,3,3FS:1;3MP:2;3MS:1,0,0,,0,0,1,0,0,0,0,0,,0,0,,4,15,1
22,77,2,2,"2,3",2MP:12;3MP:2,1,1,two_verbs,0,1,1,0,1,0,1,1,3->2,1,0,prayer,14,24,1
22,78,2,2,"2,3",2MP:16;3MS:10,1,1,two_verbs,0,1,1,0,1,0,0,0,,3,0,"revelation,law,prayer,prophets",26,75,1
23,1,3,3,3,3MS:1,0,0,,0,0,1,0,0,0,0,0,,0,0,,1,4,1
23,2,3,3,3,3MP:2,0,0,,0,0,1,0,0,0,0,0,,0,0,prayer,2,6,0
23,3,3,3,3,3MP:1,0,0,,0,0,1,0,0,0,0,0,,0,0,,1,7,0
23,4,3,3,3,3MP:1,0,0,,0,0,1,0,0,0,0,0,,0,0,law,1,7,0
23,5,3,3,3,3MP:2,0,0,,0,0,1,0,0,0,0,0,,0,0,,2,7,0
23,6,3,3,3,3FS:1;3MP:3,0,0,,0,0,1,0,0,0,0,0,,0,0,,4,14,1
23,7,3,3,3,3MP:1;3MS:1,0,0,,0,0,1,0,0,0,0,0,,0,0,,2,10,1
23,8,3,3,3,3MP:3,0,0,,0,0,1,0,0,0,0,0,,0,0,,3,10,0
23,9,3,3,3,3MP:4,0,0,,0,0,1,0,0,0,0,0,,0,0,,4,8,1
23,10,3,3,3,3MP:1,0,0,,0,0,1,0,0,0,0,0,,0,0,,1,4,0
23,11,3,3,3,3FS:1;3MP:3,0,0,,0,0,1,0,0,0,0,0,,0,0,law,4,9,1
23,12,1,1,1,1P:2,0,0,,1,0,0,0,0,0,1,1,3->1,0,0,creation,2,11,1
23,13,1,1,"1,3",1P:2;3MS:1,1,0,,1,0,1,0,0,1,0,0,,0,0,,3,8,1
23,14,1,1,"1,3",1P:10;3MS:2,1,1,two_verbs,1,0,1,0,0,1,0,0,,1,0,,12,36,1
23,15,2,2,2,2MP:1,0,0,,0,1,0,0,0,0,1,1,1->2,0,0,,1,7,0
23,16,2,2,2,2MP:3,0,0,,0,1,0,0,0,0,0,0,,0,0,judgment,3,8,1
23,17,1,1,"1,2",1P:4;2MP:1,1,0,,1,1,0,1,0,0,1,1,2->1,0,0,creation,5,17,1
23,18,1,1,"1,3",1P:5;3MS:2,1,1,verb_plus_indep_pron,1,0,1,0,0,1,0,0,,0,0,"revelation,creation",7,25,1
23,19,2,2,"1,2,3",1P:2;2MP:4;3FS:2;3MS:1,2,1,two_verbs,1,1,1,1,1,1,1,1,1->2,1,0,,9,23,1
23,20,3,3,3,3FS:2,0,0,,0,0,1,0,0,0,1,1,2->3,0,0,,2,15,1
23,21,2,2,"1,2,3",1P:1;2MP:5;3FS:3,2,1,two_verbs,1,1,1,1,1,1,1,1,3->2,1,0,,9,28,1
23,22,2,2,"2,3",2MP:2;3FS:1,1,0,,0,1,1,0,1,0,0,0,,0,0,,3,9,1
23,23,2,2,"1,2,3",1P:2;1S:1;2MP:5;3MS:3,2,1,two_verbs,1,1,1,1,1,1,0,0,,2,1,"oneness,prophets",11,29,1
23,24,3,3,"1,2,3",1P:3;2MP:2;3MP:2;3MS:6,2,1,two_verbs,1,1,1,1,1,1,1,1,2->3,1,1,revelation,13,38,1
23,25,2,2,"2,3",2MP:2;3MS:3,1,1,verb_plus_indep_pron,0,1,1,0,1,0,1,1,3->2,0,0,,5,14,1
23,26,3,3,"1,2,3",1S:3;2MS:1;3MP:2;3MS:1,2,1,two_verbs,1,1,1,1,1,1,1,1,2->3,2,1,prophets,7,10,1
23,27,3,3,"1,2,3",1P:5;1S:1;2MS:3;3FS:2;3MP:4;3MS:5,2,1,two_verbs,1,1,1,1,1,1,0,0,,4,0,,20,55,1
23,28,2,2,"1,2,3",1P:1;2MS:5;3MS:1,2,1,two_verbs,1,1,1,1,1,1,1,1,3->2,1,0,,7,26,1
23,29,2,2,"1,2",1S:2;2MS:3,1,0,,1,1,0,1,0,0,0,0,,0,0,,5,13,1
23,30,1,1,1,1P:2,0,0,,1,0,0,0,0,0,1,1,2->1,0,0,revelation,2,11,1
23,31,1,1,"1,3",1P:2;3MP:1,1,0,,1,0,1,0,0,1,0,0,,0,0,,3,8,1
23,32,2,2,"1,2,3",1P:2;2MP:5;3MP:2;3MS:1,2,1,two_verbs,1,1,1,1,1,1,1,1,1->2,1,0,"oneness,revelation",10,24,1
23,33,3,3,"1,2,3",1P:2;2MP:5;3MP:5;3MS:5,2,1,two_verbs,1,1,1,1,1,1,1,1,2->3,5,1,,17,45,1
23,34,2,2,2,2MP:4,0,0,,0,1,0,0,0,0,1,1,3->2,0,0,,4,13,1
23,35,2,2,"2,3",2MP:7;3MS:1,1,1,two_verbs,0,1,1,0,1,0,0,0,,1,0,,8,17,1
23,36,2,2,2,2MP:2,0,0,,0,1,0,0,0,0,0,0,,0,0,,2,6,1
23,37,1,1,"1,3",1P:4;3FS:1,1,1,verb_plus_indep_pron,1,0,1,0,0,1,1,1,2->1,0,0,,5,15,1
23,38,3,3,"1,3",1P:1;3MS:3,1,1,verb_plus_indep_pron,1,0,1,0,0,1,1,1,1->3,0,0,,4,15,1
23,39,3,3,"1,2,3",1S:3;2MS:1;3MP:2;3MS:1,2,1,two_verbs,1,1,1,1,1,1,0,0,,2,1,,7,10,1
23,40,3,3,3,3MP:1;3MS:1,0,0,,0,0,1,0,0,0,0,0,,0,1,,2,8,1
23,41,3,3,"1,3",1P:2;3FS:1;3MP:2,1,1,two_verbs,1,0,1,0,0,1,0,0,,1,0,,5,20,1
23,42,1,1,"1,3",1P:2;3MP:1,1,0,,1,0,1,0,0,1,1,1,3->1,0,0,,3,8,1
23,43,3,3,3,3FS:2;3MP:2,0,0,,0,0,1,0,0,0,1,1,1->3,0,0,,4,10,1
23,44,3,3,"1,3",1P:7;3FS:1;3MP:6;3MS:2,1,1,two_verbs,1,0,1,0,0,1,0,0,,3,0,revelation,16,33,1
23,45,1,1,"1,3",1P:3;3MS:1,1,0,,1,0,1,0,0,1,1,1,3->1,0,0,"revelation,prophets",4,14,1
23,46,3,3,3,3MP:4;3MS:1,0,0,,0,0,1,0,0,0,1,1,1->3,0,0,prophets,5,13,1
23,47,1,1,"1,3",1P:3;3D:1;3MP:2,1,1,two_verbs,1,0,1,0,0,1,1,1,3->1,1,1,,6,15,1
23,48,3,3,3,3D:1;3MP:4,0,0,,0,0,1,0,0,0,1,1,1->3,0,0,,5,10,1
23,49,3,3,"1,3",1P:2;3MP:3,1,1,two_verbs,1,0,1,0,0,1,0,0,,1,0,"revelation,prophets",5,12,1
23,50,1,1,"1,3",1P:4;3D:1;3MS:1,1,0,,1,0,1,0,0,1,1,1,3->1,0,0,,6,19,1
23,51,2,2,"1,2",1S:1;2MP:6,1,0,,1,1,0,1,0,0,1,1,1->2,0,1,,7,20,1
23,52,2,2,"1,2",1S:2;2MP:4,1,1,verb_plus_indep_pron,1,1,0,1,0,0,0,0,,0,0,,6,15,1
23,53,3,3,3,3MP:5,0,0,,0,0,1,0,0,0,1,1,2->3,0,0,,5,15,1
23,54,2,2,"2,3",2MS:1;3MP:2,1,0,,0,1,1,0,1,0,1,1,3->2,0,0,,3,8,1
23,55,3,3,"1,3",1P:1;3MP:3;3MS:1,1,1,two_verbs,1,0,1,0,0,1,1,1,2->3,1,0,,5,13,1
23,56,3,3,"1,3",1P:1;3MP:3,1,1,two_verbs,1,0,1,0,0,1,0,0,,1,0,,4,10,1
23,57,3,3,3,3MP:2,0,0,,0,0,1,0,0,0,0,0,,0,0,,2,8,0
23,58,3,3,3,3MP:4,0,0,,0,0,1,0,0,0,0,0,,0,0,revelation,4,9,1
23,59,3,3,3,3MP:4,0,0,,0,0,1,0,0,0,0,0,,0,0,,4,9,1
23,60,3,3,3,3MP:7,0,0,,0,0,1,0,0,0,0,0,,0,0,,7,17,1
23,61,3,3,3,3FS:1;3MP:3,0,0,,0,0,1,0,0,0,0,0,,0,0,,4,11,1
23,62,3,3,"1,3",1P:2;3FS:1;3MP:3;3MS:1,1,1,two_verbs,1,0,1,0,0,1,0,0,,1,0,,7,20,1
23,63,3,3,3,3FS:1;3MP:3,0,0,,0,0,1,0,0,0,0,0,,0,0,,4,18,0
23,64,3,3,"1,3",1P:2;3MP:4,1,1,two_verbs,1,0,1,0,0,1,0,0,,1,0,judgment,6,13,1
23,65,2,2,"1,2",1P:1;2MP:5,1,0,,1,1,0,1,0,0,1,1,3->2,0,0,,6,12,1
23,66,2,2,"1,2,3",1S:1;2MP:6;3FS:2,2,1,two_verbs,1,1,1,1,1,1,0,0,,1,0,,9,15,1
23,67,2,2,"2,3",2MP:2;3MS:1,1,1,verb_plus_indep_pron,0,1,1,0,1,0,0,0,,0,0,,3,6,1
23,68,3,3,3,3MP:4;3MS:2,0,0,,0,0,1,0,0,0,1,1,2->3,0,0,,6,17,1
23,69,3,3,3,3MP:4;3MS:1,0,0,,0,0,1,0,0,0,0,0,,0,0,revelation,5,11,1
23,70,3,3,3,3MP:4;3MS:2,0,0,,0,0,1,0,0,0,0,0,,0,0,,6,19,1
23,71,3,3,"1,3",1P:2;3FP:1;3FS:1;3MP:5;3MS:1,1,1,two_verbs,1,0,1,0,0,1,0,0,,1,0,creation,10,31,1
23,72,2,2,"2,3",2MS:2;3MP:1;3MS:1,1,1,verb_plus_indep_pron,0,1,1,0,1,0,1,1,3->2,0,0,judgment,4,14,1
23,73,2,2,"2,3",2MS:2;3MP:1,1,0,,0,1,1,0,1,0,0,0,,0,0,,3,9,1
23,74,3,3,3,3MP:2,0,0,,0,0,1,0,0,0,1,1,2->3,0,0,,2,14,1
23,75,3,3,"1,3",1P:4;3MP:7,1,1,two_verbs,1,0,1,0,0,1,0,0,,1,0,mercy,11,21,1
23,76,3,3,"1,3",1P:2;3MP:6,1,1,two_verbs,1,0,1,0,0,1,0,0,,1,0,,8,20,1
23,77,1,1,"1,3",1P:2;3MP:2;3MS:1,1,1,verb_plus_indep_pron,1,0,1,0,0,1,1,1,3->1,0,0,judgment,5,15,1
23,78,2,2,"2,3",2MP:3;3MS:2,1,1,two_verbs,0,1,1,0,1,0,1,1,1->2,1,0,,5,18,1
23,79,2,2,"2,3",2MP:3;3MS:3,1,1,two_verbs,0,1,1,0,1,0,0,0,,1,0,creation,6,13,1
23,80,3,3,"2,3",2MP:2;3MS:4,1,1,two_verbs,0,1,1,0,1,0,1,1,2->3,1,0,,6,20,1
23,81,3,3,3,3MP:2;3MS:1,0,0,,0,0,1,0,0,0,0,0,,0,1,,3,8,1
23,82,1,1,"1,3",1P:5;3MP:2,1,1,two_verbs,1,0,1,0,0,1,1,1,3->1,1,1,,7,17,1
23,83,1,1,1,1P:4,0,0,,1,0,0,0,0,0,0,0,,0,0,,4,17,1
23,84,2,2,"2,3",2MP:4;2MS:1;3FS:1,1,0,,0,1,1,0,1,0,1,1,1->2,0,0,creation,6,14,1
23,85,2,2,"2,3",2MP:2;2MS:1;3MP:2,1,1,two_verbs,0,1,1,0,1,0,0,0,,1,1,,5,11,1
23,86,2,2,2,2MS:1,0,0,,0,1,0,0,0,0,0,0,,0,0,creation,1,13,1
23,87,2,2,"2,3",2MP:2;2MS:1;3MP:2,1,1,two_verbs,0,1,1,0,1,0,0,0,,1,1,,5,11,1
23,88,2,2,"2,3",2MP:4;2MS:1;3MS:5,1,1,two_verbs,0,1,1,0,1,0,0,0,,2,0,,10,21,1
23,89,2,2,"2,3",2MP:2;2MS:1;3MP:2,1,1,two_verbs,0,1,1,0,1,0,0,0,,1,1,,5,10,1
23,90,1,1,"1,3",1P:2;3MP:2,1,0,,1,0,1,0,0,1,1,1,2->1,0,0,,4,12,1
23,91,3,3,3,3MP:3;3MS:6,0,0,,0,0,1,0,0,0,1,1,1->3,0,0,creation,9,33,1
23,92,3,3,3,3MP:2;3MS:1,0,0,,0,0,1,0,0,0,0,0,,0,0,,3,12,1
23,93,2,2,"1,2,3",1S:2;2MS:2;3MP:2,2,1,two_verbs,1,1,1,1,1,1,1,1,3->2,1,0,,6,10,1
23,94,2,2,"1,2",1S:2;2MS:1,1,0,,1,1,0,1,0,0,0,0,,0,0,,3,11,1
23,95,1,1,"1,2,3",1P:3;2MS:1;3MP:1,2,0,,1,1,1,1,1,1,1,1,2->1,0,0,,5,12,1
23,96,3,3,"1,2,3",1P:1;2MS:1;3FS:1;3MP:2,2,1,two_verbs,1,1,1,1,1,1,1,1,1->3,1,0,,5,13,1
23,97,2,2,"1,2",1S:2;2MS:2,1,1,two_verbs,1,1,0,1,0,0,1,1,3->2,1,0,,4,11,1
23,98,1,1,"1,2,3",1S:3;2MS:1;3MP:2,2,1,two_verbs,1,1,1,1,1,1,1,1,2->1,1,0,,6,10,1
23,99,3,3,"1,2,3",1S:2;2MP:2;3MP:1;3MS:2,2,1,two_verbs,1,1,1,1,1,1,1,1,1->3,1,0,,7,13,1
23,100,3,3,"1,3",1S:4;3FS:2;3MP:3;3MS:1,1,1,two_verbs,1,0,1,0,0,1,0,0,,1,0,,10,24,1
23,101,3,3,3,3MP:3;3MS:1,0,0,,0,0,1,0,0,0,0,0,,0,0,,4,16,1
23,102,3,3,3,3FS:1;3MP:1;3MS:1,0,0,,0,0,1,0,0,0,0,0,,0,0,,3,10,1
23,103,3,3,3,3FS:1;3MP:3;3MS:1,0,0,,0,0,1,0,0,0,0,0,,0,0,judgment,5,15,1
23,104,3,3,3,3FS:2;3MP:2,0,0,,0,0,1,0,0,0,0,0,,0,0,judgment,4,10,1
23,105,2,2,"1,2,3",1S:1;2MP:5;3FS:3,2,1,two_verbs,1,1,1,1,1,1,1,1,3->2,1,1,,9,15,1
23,106,1,1,"1,3",1P:5;3FS:1;3MP:2,1,1,two_verbs,1,0,1,0,0,1,1,1,2->1,1,1,,8,14,1
23,107,1,1,"1,2,3",1P:5;2MS:1;3FS:1,2,1,two_verbs,1,1,1,1,1,1,0,0,,1,0,,7,14,1
23,108,2,2,"1,2,3",1S:1;2MP:4;3FS:1;3MS:1,2,1,two_verbs,1,1,1,1,1,1,1,1,1->2,1,1,,7,10,1
23,109,1,1,"1,2,3",1P:5;1S:1;2MS:3;3MP:2;3MS:2,2,1,two_verbs,1,1,1,1,1,1,1,1,2->1,2,1,mercy,13,25,1
23,110,2,2,"1,2,3",1S:1;2MP:7;3MP:4,2,1,two_verbs,1,1,1,1,1,1,1,1,1->2,2,0,,12,18,1
23,111,3,3,"1,3",1S:3;3MP:5,1,1,two_verbs,1,0,1,0,0,1,1,1,2->3,1,0,,8,16,1
23,112,2,2,"2,3",2MP:2;3MS:1,1,1,two_verbs,0,1,1,0,1,0,1,1,3->2,1,1,creation,3,9,1
23,113,1,1,"1,2,3",1P:2;2MS:1;3MP:2,2,1,two_verbs,1,1,1,1,1,1,1,1,2->1,2,1,,5,12,1
23,114,2,2,"2,3",2MP:7;3MS:1,1,1,two_verbs,0,1,1,0,1,0,1,1,1->2,1,1,,8,13,1
23,115,2,2,"1,2",1P:3;2MP:6,1,1,two_verbs,1,1,0,1,0,0,0,0,,2,0,creation,9,18,1
23,116,3,3,3,3MS:2,0,0,,0,0,1,0,0,0,1,1,2->3,0,0,oneness,2,16,1
23,117,3,3,3,3MS:7,0,0,,0,0,1,0,0,0,0,0,,0,0,,7,27,1
23,118,2,2,"1,2",1S:1;2MS:4,1,0,,1,1,0,1,0,0,1,1,3->2,0,0,mercy,5,12,1
24,1,1,1,"1,2,3",1P:6;2MP:3;3FS:3,2,1,two_verbs,1,1,1,1,1,1,0,0,,1,0,revelation,12,19,1
24,2,2,2,"2,3",2MP:7;3D:2;3FS:1;3MD:1;3MS:1,1,1,two_verbs,0,1,1,0,1,0,1,1,1->2,3,0,"judgment,law",12,45,1
24,3,3,3,3,3FS:1;3MS:3,0,0,,0,0,1,0,0,0,1,1,2->3,0,0,law,4,24,1
24,4,3,3,"2,3",2MP:4;3MP:7,1,1,two_verbs,0,1,1,0,1,0,0,0,,1,0,,11,32,1
24,5,3,3,3,3MP:4,0,0,,0,0,1,0,0,0,0,0,,0,0,mercy,4,15,1
24,6,3,3,3,3MP:6;3MS:2,0,0,,0,0,1,0,0,0,0,0,,0,0,law,8,29,1
24,7,3,3,3,3MS:2,0,0,,0,0,1,0,0,0,0,0,,0,0,,2,13,1
24,8,3,3,3,3FS:2;3MS:2,0,0,,0,0,1,0,0,0,0,0,,0,0,judgment,4,18,1
24,9,3,3,3,3FS:1;3MS:1,0,0,,0,0,1,0,0,0,0,0,,0,0,,2,13,1
24,10,2,2,"2,3",2MP:1;3MS:1,1,0,,0,1,1,0,1,0,1,1,3->2,0,0,mercy,2,14,0
24,11,3,3,"2,3",2MP:5;3MP:4;3MS:6,1,1,two_verbs,0,1,1,0,1,0,1,1,2->3,2,0,judgment,15,43,1
24,12,3,3,"2,3",2MP:2;3MP:3;3MS:2,1,1,two_verbs,0,1,1,0,1,0,0,0,,1,0,,7,21,1
24,13,3,3,3,3MP:5;3MS:1,0,0,,0,0,1,0,0,0,0,0,,0,0,,6,23,1
24,14,2,2,"2,3",2MP:4;3MS:3,1,1,two_verbs,0,1,1,0,1,0,1,1,3->2,1,0,"judgment,mercy",7,26,1
24,15,2,2,"2,3",2MP:9;3MS:5,1,1,two_verbs,0,1,1,0,1,0,0,0,,2,1,,14,30,1
24,16,2,2,"1,2,3",1P:2;2MP:4;2MS:1;3MS:2,2,1,two_verbs,1,1,1,1,1,1,0,0,,2,0,,9,21,1
24,17,2,2,"2,3",2MP:5;3MS:2,1,1,two_verbs,0,1,1,0,1,0,0,0,,1,0,,7,14,1
24,18,3,3,"2,3",2MP:1;3MS:1,1,1,verb_plus_indep_pron,0,1,1,0,1,0,1,1,2->3,0,0,,2,11,1
24,19,3,3,"2,3",2MP:3;3FS:1;3MP:5;3MS:1,1,1,two_verbs,0,1,1,0,1,0,0,0,,1,0,judgment,10,30,1
24,20,2,2,"2,3",2MP:1;3MS:1,1,0,,0,1,1,0,1,0,1,1,3->2,0,0,mercy,2,14,0
24,21,3,3,"2,3",2MP:4;3MP:2;3MS:7,1,1,two_verbs,0,1,1,0,1,0,1,1,2->3,2,0,mercy,13,53,1
24,22,3,3,"2,3",2MP:4;3MP:6;3MS:2,1,1,two_verbs,0,1,1,0,1,0,0,0,,2,0,mercy,12,47,1
24,23,3,3,3,3MP:5,0,0,,0,0,1,0,0,0,0,0,,0,0,judgment,5,23,1
24,24,3,3,3,3FS:1;3MP:8,0,0,,0,0,1,0,0,0,0,0,,0,0,law,9,18,1
24,25,3,3,3,3MP:4;3MS:2,0,0,,0,0,1,0,0,0,0,0,,0,0,judgment,6,18,1
24,26,3,3,3,3MP:3,0,0,,0,0,1,0,0,0,0,0,,0,0,,3,35,1
24,27,2,2,"2,3",2MP:11;3FS:1;3MP:2,1,1,two_verbs,0,1,1,0,1,0,1,1,3->2,1,0,,14,29,1
24,28,2,2,"2,3",2MP:13;3FS:2;3MS:3,1,1,two_verbs,0,1,1,0,1,0,0,0,,2,1,,18,38,1
24,29,2,2,"2,3",2MP:8;3FS:1;3MS:2,1,1,two_verbs,0,1,1,0,1,0,0,0,,3,0,,11,25,1
24,30,3,3,"2,3",2MS:1;3MP:9,1,1,two_verbs,0,1,1,0,1,0,1,1,2->3,1,0,,10,25,1
24,31,3,3,"2,3",2MP:5;2MS:1;3FP:32;3FS:2;3MP:2;3MS:2,1,1,two_verbs,0,1,1,0,1,0,0,0,,2,0,,44,128,1
24,32,3,3,"2,3",2MP:5;3MP:3;3MS:2,1,1,two_verbs,0,1,1,0,1,0,0,0,,1,0,,10,30,1
24,33,3,3,"2,3",2MP:13;3FP:4;3FS:1;3MP:8;3MS:5,1,1,two_verbs,0,1,1,0,1,0,0,0,,6,0,"mercy,law",31,80,1
24,34,1,1,"1,2,3",1P:2;2MP:2;3MP:2,2,1,two_verbs,1,1,1,1,1,1,1,1,3->1,1,0,revelation,6,23,1
24,35,3,3,3,3FS:4;3MS:9,0,0,,0,0,1,0,0,0,1,1,1->3,0,0,"judgment,creation",13,69,1
24,36,3,3,3,3FS:3;3MS:5,0,0,,0,0,1,0,0,0,0,0,,0,0,,8,23,1
24,37,3,3,3,3FS:2;3MP:3;3MS:1,0,0,,0,0,1,0,0,0,0,0,,0,0,"law,prayer",6,30,1
24,38,3,3,3,3MP:4;3MS:5,0,0,,0,0,1,0,0,0,0,0,,0,0,judgment,9,22,1
24,39,3,3,3,3MP:3;3MS:11,0,0,,0,0,1,0,0,0,0,0,,0,0,,14,38,1
24,40,3,3,3,3FS:2;3MS:11,0,0,,0,0,1,0,0,0,0,0,,0,0,,13,44,1
24,41,3,3,"2,3",2MS:1;3MP:2;3MS:5,1,1,two_verbs,0,1,1,0,1,0,0,0,,1,0,"creation,prayer",8,34,1
24,42,,3,,,0,0,,0,0,0,0,0,0,0,0,,0,0,creation,0,14,0
24,43,3,3,"2,3",2MS:2;3FS:1;3MS:17,1,1,two_verbs,0,1,1,0,1,0,0,0,,3,0,creation,20,54,1
24,44,3,3,3,3MS:1,0,0,,0,0,1,0,0,0,0,0,,0,0,,1,16,1
24,45,3,3,3,3MP:3;3MS:7,0,0,,0,0,1,0,0,0,0,0,,0,0,creation,10,39,1
24,46,3,3,"1,3",1P:2;3MS:2,1,1,two_verbs,1,0,1,0,0,1,0,0,,1,0,revelation,4,14,1
24,47,1,1,"1,3",1P:4;3MP:3;3MS:1,1,1,two_verbs,1,0,1,0,0,1,1,1,3->1,2,0,revelation,8,28,1
24,48,3,3,3,3MP:4;3MS:2,0,0,,0,0,1,0,0,0,1,1,1->3,0,0,revelation,6,18,1
24,49,3,3,3,3MP:3;3MS:2,0,0,,0,0,1,0,0,0,0,0,,0,0,,5,12,1
24,50,3,3,3,3MP:7;3MS:2,0,0,,0,0,1,0,0,0,0,0,,0,0,revelation,9,24,1
24,51,3,3,"1,3",1P:4;3MP:6;3MS:3,1,1,two_verbs,1,0,1,0,0,1,0,0,,1,0,revelation,13,31,1
24,52,3,3,3,3MP:1;3MS:5,0,0,,0,0,1,0,0,0,0,0,,0,0,revelation,6,18,1
24,53,2,2,"2,3",2MP:4;2MS:3;3MP:5,1,1,two_verbs,0,1,1,0,1,0,1,1,3->2,3,0,,12,29,1
24,54,2,2,"2,3",2MP:13;2MS:1;3MS:3,1,1,two_verbs,0,1,1,0,1,0,0,0,,2,0,revelation,17,43,1
24,55,3,3,"1,2,3",1S:2;2MP:1;3MP:16;3MS:7,2,1,verb_plus_indep_pron,1,1,1,1,1,1,1,1,2->3,0,0,creation,26,67,1
24,56,2,2,2,2MP:9,0,0,,0,1,0,0,0,0,1,1,3->2,0,0,"mercy,revelation,law,prayer",9,19,1
24,57,3,3,"2,3",2MS:1;3MP:3;3MS:1,1,1,two_verbs,0,1,1,0,1,0,1,1,2->3,1,0,"judgment,creation",5,20,1
24,58,3,3,"2,3",2MP:11;3FP:1;3FS:1;3MP:5;3MS:3,1,1,two_verbs,0,1,1,0,1,0,0,0,,2,0,prayer,21,76,1
24,59,3,3,"2,3",2MP:2;3MP:3;3MS:4,1,1,verb_plus_indep_pron,0,1,1,0,1,0,0,0,,0,0,,9,32,1
24,60,3,3,3,3FP:7;3MP:2;3MS:1,0,0,,0,0,1,0,0,0,0,0,,0,0,,10,36,1
24,61,2,2,"2,3",2MP:27;3MS:4,1,1,two_verbs,0,1,1,0,1,0,1,1,3->2,5,0,,31,108,1
24,62,3,3,"2,3",2MS:6;3MP:17;3MS:4,1,1,two_verbs,0,1,1,0,1,0,1,1,2->3,1,0,"mercy,revelation,law",27,68,1
24,63,3,3,"2,3",2MP:5;3FS:1;3MP:6;3MS:4,1,1,two_verbs,0,1,1,0,1,0,0,0,,1,0,"judgment,revelation",16,40,1
24,64,3,3,"2,3",2MP:1;3MP:5;3MS:4,1,1,verb_plus_indep_pron,0,1,1,0,1,0,0,0,,0,0,creation,10,36,1
25,1,3,3,3,3MS:4,0,0,,0,0,1,0,0,0,0,0,,0,0,revelation,4,14,1
25,2,3,3,3,3MS:7,0,0,,0,0,1,0,0,0,0,0,,0,0,creation,7,30,1
25,3,3,3,3,3MP:12;3MS:1,0,0,,0,0,1,0,0,0,0,0,,0,0,creation,13,37,1
25,4,3,3,3,3MP:4;3MS:6,0,0,,0,0,1,0,0,0,0,0,,0,0,,10,25,1
25,5,3,3,3,3FS:3;3MP:2;3MS:2,0,0,,0,0,1,0,0,0,0,0,,0,0,,7,16,1
25,6,3,3,"2,3",2MS:1;3MS:5,1,1,two_verbs,0,1,1,0,1,0,0,0,,1,0,"mercy,revelation,creation",6,18,1
25,7,3,3,3,3MP:2;3MS:6,0,0,,0,0,1,0,0,0,0,0,,0,0,revelation,8,25,1
25,8,3,3,"2,3",2MP:2;3FS:2;3MS:5,1,1,two_verbs,0,1,1,0,1,0,0,0,,1,0,,9,23,1
25,9,3,3,"2,3",2MS:2;3MP:6,1,1,two_verbs,0,1,1,0,1,0,0,0,,1,0,,8,16,1
25,10,3,3,"2,3",2MS:2;3FS:2;3MS:4,1,1,verb_plus_indep_pron,0,1,1,0,1,0,0,0,,0,0,,8,22,1
25,11,3,3,"1,3",1P:2;3MP:2;3MS:1,1,1,two_verbs,1,0,1,0,0,1,0,0,,2,0,judgment,5,16,1
25,12,3,3,3,3FS:2;3MP:3,0,0,,0,0,1,0,0,0,0,0,,0,0,,5,13,1
25,13,3,3,3,3FS:1;3MP:4,0,0,,0,0,1,0,0,0,0,0,,0,0,,5,13,1
25,14,2,2,2,2MP:4,0,0,,0,1,0,0,0,0,1,1,3->2,0,0,,4,12,1
25,15,3,3,"2,3",2MS:1;3FS:1;3MP:1;3MS:1,1,1,two_verbs,0,1,1,0,1,0,1,1,2->3,1,0,judgment,4,18,1
25,16,3,3,"2,3",2MS:1;3FS:1;3MP:3;3MS:1,1,0,,0,1,1,0,1,0,0,0,,0,0,,6,14,1
25,17,3,3,"1,2,3",1S:1;2MP:3;3MP:6;3MS:2,2,1,two_verbs,1,1,1,1,1,1,0,0,,2,1,,12,26,1
25,18,3,3,"1,2,3",1P:2;2MS:4;3MP:8;3MS:2,2,1,two_verbs,1,1,1,1,1,1,0,0,,3,1,,16,34,1
25,19,2,2,"1,2,3",1P:1;2MP:6;3MP:2;3MS:2,2,1,two_verbs,1,1,1,1,1,1,1,1,3->2,3,0,judgment,11,26,1
25,20,3,3,"1,2,3",1P:4;2MP:3;2MS:2;3MP:5;3MS:1,2,1,two_verbs,1,1,1,1,1,1,1,1,2->3,4,0,,15,39,1
25,21,3,3,"1,3",1P:4;3MP:7;3MS:2,1,1,two_verbs,1,0,1,0,0,1,0,0,,2,0,revelation,13,30,1
25,22,3,3,3,3MP:4,0,0,,0,0,1,0,0,0,0,0,,0,1,,4,16,1
25,23,1,1,"1,3",1P:4;3MP:2;3MS:1,1,1,two_verbs,1,0,1,0,0,1,1,1,3->1,2,0,,7,15,1
25,24,,3,,,0,0,,0,0,0,0,0,0,1,1,1->3,0,0,judgment,0,9,0
25,25,3,3,3,3FS:1;3MS:1,0,0,,0,0,1,0,0,0,0,0,,0,0,revelation,2,13,1
25,26,3,3,3,3MS:1,0,0,,0,0,1,0,0,0,0,0,,0,0,mercy,1,15,1
25,27,3,3,"1,3",1S:3;3MS:3,1,1,two_verbs,1,0,1,0,0,1,0,0,,1,1,revelation,6,18,1
25,28,1,1,1,1S:2,0,0,,1,0,0,0,0,0,1,1,3->1,0,0,,2,8,1
25,29,3,3,"1,3",1S:2;3MS:3,1,0,,1,0,1,0,0,1,1,1,1->3,0,0,,5,19,1
25,30,3,3,"1,3",1S:2;3MP:2;3MS:1,1,0,,1,0,1,0,0,1,0,0,,0,1,revelation,5,16,1
25,31,1,1,"1,2,3",1P:2;2MS:1;3MS:1,2,1,two_verbs,1,1,1,1,1,1,1,1,3->1,1,0,,4,20,1
25,32,3,3,"1,2,3",1P:3;2MS:1;3MP:2;3MS:5,2,1,two_verbs,1,1,1,1,1,1,1,1,1->3,1,0,revelation,11,26,1
25,33,1,1,"1,2,3",1P:2;2MS:2;3MP:2,2,1,two_verbs,1,1,1,1,1,1,1,1,3->1,1,0,,6,17,1
25,34,3,3,3,3MP:3,0,0,,0,0,1,0,0,0,1,1,1->3,0,0,judgment,3,14,1
25,35,1,1,"1,3",1P:4;3MS:2,1,0,,1,0,1,0,0,1,1,1,3->1,0,0,"revelation,prophets",6,17,1
25,36,1,1,"1,2,3",1P:5;2MD:2;3MP:3,2,1,two_verbs,1,1,1,1,1,1,0,0,,3,1,revelation,10,19,1
25,37,1,1,"1,3",1P:6;3MP:4,1,1,two_verbs,1,0,1,0,0,1,0,0,,1,0,"judgment,prophets",10,27,1
25,38,,3,,,0,0,,0,0,0,0,0,0,1,1,1->3,0,0,prophets,0,13,0
25,39,1,1,"1,3",1P:4;3MS:1,1,1,verb_plus_indep_pron,1,0,1,0,0,1,1,1,3->1,0,0,,5,13,1
25,40,3,3,3,3FS:2;3MP:10,0,0,,0,0,1,0,0,0,1,1,1->3,0,0,,12,28,1
25,41,3,3,"2,3",2MS:2;3MP:4;3MS:1,1,0,,0,1,1,0,1,0,0,0,,0,0,revelation,7,17,1
25,42,3,3,"1,3",1P:4;3FS:1;3MP:4;3MS:2,1,1,two_verbs,1,0,1,0,0,1,0,0,,2,0,judgment,11,26,1
25,43,2,2,"2,3",2MS:4;3MS:4,1,1,two_verbs,0,1,1,0,1,0,1,1,3->2,2,0,,8,16,1
25,44,3,3,"2,3",2MS:1;3MP:7,1,1,two_verbs,0,1,1,0,1,0,1,1,2->3,1,0,,8,20,1
25,45,3,3,"1,2,3",1P:2;2MS:1;3FS:1;3MS:5,2,1,two_verbs,1,1,1,1,1,1,0,0,,1,0,creation,9,25,1
25,46,1,1,"1,3",1P:3;3MS:1,1,0,,1,0,1,0,0,1,1,1,3->1,0,0,,4,8,1
25,47,3,3,"2,3",2MP:1;3MS:3,1,1,verb_plus_indep_pron,0,1,1,0,1,0,1,1,1->3,0,0,,4,18,1
25,48,3,3,"1,3",1P:2;3MS:3,1,1,two_verbs,1,0,1,0,0,1,0,0,,1,0,"mercy,revelation,creation",5,19,1
25,49,1,1,"1,3",1P:4;3MS:2,1,1,verb_plus_indep_pron,1,0,1,0,0,1,1,1,3->1,0,0,creation,6,17,1
25,50,3,3,"1,3",1P:2;3MP:3;3MS:2,1,1,two_verbs,1,0,1,0,0,1,1,1,1->3,1,0,,7,18,1
25,51,1,1,1,1P:4,0,0,,1,0,0,0,0,0,1,1,3->1,0,0,revelation,4,11,1
25,52,3,3,"2,3",2MS:1;3FS:1;3MP:1;3MS:1,1,1,two_verbs,0,1,1,0,1,0,1,1,1->3,1,0,,4,12,1
25,53,3,3,3,3D:1;3MS:3,0,0,,0,0,1,0,0,0,0,0,,0,0,,4,21,1
25,54,3,3,"2,3",2MS:1;3MS:5,1,0,,0,1,1,0,1,0,0,0,,0,0,creation,6,19,1
25,55,3,3,3,3MP:4;3MS:4,0,0,,0,0,1,0,0,0,0,0,,0,0,,8,22,1
25,56,1,1,"1,2",1P:2;2MS:1,1,0,,1,1,0,1,0,0,1,1,3->1,0,0,revelation,3,9,1
25,57,3,3,"1,2,3",1S:1;2MP:1;2MS:1;3MS:4,2,1,two_verbs,1,1,1,1,1,1,1,1,1->3,2,0,,7,17,1
25,58,3,3,"2,3",2MS:2;3MS:5,1,1,two_verbs,0,1,1,0,1,0,0,0,,3,0,,7,22,1
25,59,3,3,"2,3",2MS:1;3D:1;3MS:3,1,1,two_verbs,0,1,1,0,1,0,0,0,,1,0,"mercy,creation",5,26,1
25,60,3,3,"1,2,3",1P:2;2MP:2;2MS:1;3MP:4;3MS:2,2,1,two_verbs,1,1,1,1,1,1,0,0,,5,1,"mercy,prayer",11,26,1
25,61,3,3,3,3FS:1;3MS:3,0,0,,0,0,1,0,0,0,0,0,,0,0,creation,4,15,1
25,62,3,3,3,3MS:5,0,0,,0,0,1,0,0,0,0,0,,0,0,,5,18,1
25,63,3,3,3,3MP:5;3MS:1,0,0,,0,0,1,0,0,0,0,0,,0,0,"mercy,creation",6,20,1
25,64,3,3,3,3MP:3,0,0,,0,0,1,0,0,0,0,0,,0,0,prayer,3,10,1
25,65,3,3,"1,2,3",1P:2;2MS:1;3FS:1;3MP:2;3MS:1,2,1,two_verbs,1,1,1,1,1,1,0,0,,2,0,judgment,7,16,1
25,66,3,3,3,3FS:2,0,0,,0,0,1,0,0,0,0,0,,0,0,,2,6,1
25,67,3,3,3,3MP:6;3MS:1,0,0,,0,0,1,0,0,0,0,0,,0,0,,7,17,1
25,68,3,3,3,3MP:6;3MS:3,0,0,,0,0,1,0,0,0,0,0,,0,0,law,9,32,1
25,69,3,3,3,3MS:4,0,0,,0,0,1,0,0,0,0,0,,0,0,judgment,4,13,1
25,70,3,3,3,3MP:1;3MS:5,0,0,,0,0,1,0,0,0,0,0,,0,0,mercy,6,21,1
25,71,3,3,3,3MS:4,0,0,,0,0,1,0,0,0,0,0,,0,0,,4,13,1
25,72,3,3,3,3MP:6,0,0,,0,0,1,0,0,0,0,0,,0,0,,6,17,1
25,73,3,3,3,3FS:1;3MP:5,0,0,,0,0,1,0,0,0,0,0,,0,0,,6,17,1
25,74,1,1,"1,2,3",1P:5;2MS:2;3MP:2,2,1,two_verbs,1,1,1,1,1,1,1,1,3->1,1,0,,9,24,1
25,75,3,3,3,3FS:1;3MP:6,0,0,,0,0,1,0,0,0,1,1,1->3,0,0,,7,17,1
25,76,3,3,3,3FS:2,0,0,,0,0,1,0,0,0,0,0,,0,0,,2,7,1
25,77,2,2,"1,2,3",1S:1;2MP:4;2MS:1;3MS:2,2,1,two_verbs,1,1,1,1,1,1,1,1,3->2,3,0,,8,18,1
26,1,,3,,,0,0,,0,0,0,0,0,0,0,0,,0,0,,0,1,0
26,2,,3,,,0,0,,0,0,0,0,0,0,0,0,,0,0,revelation,0,6,0
26,3,3,3,"2,3",2MS:2;3MP:2,1,0,,0,1,1,0,1,0,0,0,,0,0,,4,10,1
26,4,3,3,"1,3",1P:2;3FS:2;3MP:2,1,1,two_verbs,1,0,1,0,0,1,0,0,,1,0,"revelation,creation",6,16,1
26,5,3,3,3,3MP:3;3MS:2,0,0,,0,0,1,0,0,0,0,0,,0,0,"mercy,revelation",5,16,1
26,6,3,3,3,3MP:7;3MS:2,0,0,,0,0,1,0,0,0,0,0,,0,0,,9,16,1
26,7,3,3,"1,3",1P:2;3FS:1;3MP:2,1,1,two_verbs,1,0,1,0,0,1,0,0,,1,0,"mercy,creation",5,17,1
26,8,3,3,3,3MP:1;3MS:1,0,0,,0,0,1,0,0,0,0,0,,0,0,,2,11,1
26,9,2,2,"2,3",2MS:1;3MS:1,1,0,,0,1,1,0,1,0,1,1,3->2,0,0,mercy,2,10,0
26,10,2,2,"2,3",2MS:2;3MS:1,1,1,two_verbs,0,1,1,0,1,0,0,0,,1,0,prophets,3,12,1
26,11,3,3,3,3MP:2,0,0,,0,0,1,0,0,0,1,1,2->3,0,0,prophets,2,6,1
26,12,1,1,"1,3",1S:4;3MP:2;3MS:1,1,1,two_verbs,1,0,1,0,0,1,1,1,3->1,2,1,,7,10,1
26,13,3,3,"1,2,3",1S:2;2MS:1;3MS:2,2,1,two_verbs,1,1,1,1,1,1,1,1,1->3,1,0,,5,13,1
26,14,1,1,"1,3",1S:3;3MP:3,1,1,two_verbs,1,0,1,0,0,1,1,1,3->1,1,0,,6,12,1
26,15,2,2,"1,2,3",1P:2;2MD:2;2MP:1;3MS:1,2,1,two_verbs,1,1,1,1,1,1,1,1,1->2,1,1,revelation,6,13,1
26,16,2,2,"1,2",1P:1;2D:2;2MD:2,1,0,,1,1,0,1,0,0,0,0,,0,0,prophets,5,13,1
26,17,2,2,"1,2",1P:1;2MS:1,1,0,,1,1,0,1,0,0,0,0,,0,0,prophets,2,6,1
26,18,2,2,"1,2,3",1P:3;2MS:4;3MS:1,2,1,two_verbs,1,1,1,1,1,1,0,0,,2,1,prophets,8,17,1
26,19,2,2,2,2MS:6,0,0,,0,1,0,0,0,0,0,0,,0,0,,6,13,1
26,20,1,1,"1,3",1S:3;3FS:1;3MS:1,1,1,two_verbs,1,0,1,0,0,1,1,1,2->1,1,1,prophets,5,10,1
26,21,1,1,"1,2,3",1S:7;2MP:2;3MS:2,2,1,two_verbs,1,1,1,1,1,1,0,0,,1,0,,11,22,1
26,22,2,2,"1,2,3",1S:1;2MS:3;3FS:1,2,0,,1,1,1,1,1,1,1,1,1->2,0,0,prophets,5,12,1
26,23,3,3,3,3MS:1,0,0,,0,0,1,0,0,0,1,1,2->3,0,0,prophets,1,7,1
26,24,2,2,"2,3",2MP:2;3D:1;3MS:1,1,1,two_verbs,0,1,1,0,1,0,1,1,3->2,1,1,"creation,prophets",4,15,1
26,25,2,2,"2,3",2MP:2;3MS:2,1,1,two_verbs,0,1,1,0,1,0,0,0,,1,1,prophets,4,9,1
26,26,2,2,"2,3",2MP:2;3MS:1,1,0,,0,1,1,0,1,0,0,0,,0,1,prophets,3,9,1
26,27,3,3,"2,3",2MP:2;3MS:2,1,0,,0,1,1,0,1,0,1,1,2->3,0,1,"revelation,prophets",4,10,1
26,28,2,2,"2,3",2MP:4;3D:1;3MS:1,1,1,two_verbs,0,1,1,0,1,0,1,1,3->2,1,1,prophets,6,16,1
26,29,2,2,"1,2,3",1S:2;2MS:3;3MS:1,2,1,two_verbs,1,1,1,1,1,1,0,0,,2,1,prophets,6,15,1
26,30,1,1,"1,2,3",1S:2;2MS:1;3MS:1,2,1,two_verbs,1,1,1,1,1,1,1,1,2->1,1,1,prophets,4,10,1
26,31,2,2,"2,3",2MS:3;3MS:2,1,1,two_verbs,0,1,1,0,1,0,1,1,1->2,1,1,prophets,5,11,1
26,32,3,3,3,3FS:1;3MS:2,0,0,,0,0,1,0,0,0,1,1,2->3,0,0,prophets,3,9,1
26,33,3,3,3,3FS:1;3MS:2,0,0,,0,0,1,0,0,0,0,0,,0,0,,3,11,1
26,34,3,3,3,3MS:2,0,0,,0,0,1,0,0,0,0,0,,0,1,prophets,2,11,1
26,35,2,2,"2,3",2MP:4;3MS:3,1,1,two_verbs,0,1,1,0,1,0,1,1,3->2,1,0,,7,14,1
26,36,3,3,"2,3",2MS:2;3MP:2;3MS:2,1,1,two_verbs,0,1,1,0,1,0,1,1,2->3,1,1,,6,13,1
26,37,3,3,"2,3",2MS:1;3MP:2,1,0,,0,1,1,0,1,0,0,0,,0,0,,3,7,1
26,38,3,3,3,3MS:1,0,0,,0,0,1,0,0,0,0,0,,0,0,,1,8,1
26,39,3,3,"2,3",2MP:1;3MS:1,1,1,verb_plus_indep_pron,0,1,1,0,1,0,0,0,,0,1,,2,8,1
26,40,3,3,"1,3",1P:2;3MP:3,1,1,two_verbs,1,0,1,0,0,1,0,0,,1,0,,5,11,1
26,41,1,1,"1,3",1P:4;3MP:2;3MS:1,1,1,two_verbs,1,0,1,0,0,1,1,1,3->1,1,1,"judgment,prophets",7,21,1
26,42,3,3,"2,3",2MP:1;3MS:1,1,0,,0,1,1,0,1,0,1,1,1->3,0,1,,2,10,1
26,43,2,2,"2,3",2MP:3;3MP:1;3MS:1,1,1,two_verbs,0,1,1,0,1,0,1,1,3->2,1,1,prophets,5,9,1
26,44,3,3,"1,3",1P:2;3MP:6,1,1,verb_plus_indep_pron,1,0,1,0,0,1,1,1,2->3,0,1,prophets,8,20,1
26,45,3,3,3,3FS:2;3MP:2;3MS:2,0,0,,0,0,1,0,0,0,0,0,,0,0,prophets,6,12,1
26,46,3,3,3,3MS:1,0,0,,0,0,1,0,0,0,0,0,,0,0,,1,5,1
26,47,1,1,"1,3",1P:2;3MP:2,1,1,two_verbs,1,0,1,0,0,1,1,1,3->1,1,1,,4,8,1
26,48,,3,,,0,0,,0,0,0,0,0,0,1,1,1->3,0,0,prophets,0,4,0
26,49,2,2,"1,2,3",1S:3;2MP:10;3MS:4,2,1,two_verbs,1,1,1,1,1,1,1,1,3->2,5,1,prophets,17,41,1
26,50,3,3,"1,3",1P:2;3MP:2,1,0,,1,0,1,0,0,1,1,1,2->3,0,1,,4,10,1
26,51,1,1,"1,3",1P:7;3MS:1,1,1,two_verbs,1,0,1,0,0,1,1,1,3->1,2,0,mercy,8,17,1
26,52,1,1,"1,2",1P:2;1S:1;2MP:1;2MS:1,1,1,two_verbs,1,1,0,1,0,0,0,0,,1,0,prophets,5,13,1
26,53,3,3,3,3MS:1,0,0,,0,0,1,0,0,0,1,1,1->3,0,0,prophets,1,7,1
26,54,,3,,,0,0,,0,0,0,0,0,0,0,0,,0,1,,0,5,0
26,55,1,1,"1,3",1P:1;3MP:1,1,0,,1,0,1,0,0,1,1,0,3->1,0,0,,2,7,0
26,56,1,1,1,1P:1,0,0,,1,0,0,0,0,0,0,0,,0,0,,1,6,0
26,57,1,1,"1,3",1P:2;3MP:1,1,0,,1,0,1,0,0,1,0,0,,0,0,,3,8,1
26,58,,3,,,0,0,,0,0,0,0,0,0,1,1,1->3,0,0,,0,5,0
26,59,1,1,"1,3",1P:2;3FS:1,1,0,,1,0,1,0,0,1,1,1,3->1,0,0,"law,prophets",3,8,1
26,60,3,3,3,3MP:3,0,0,,0,0,1,0,0,0,1,1,1->3,0,0,,3,5,1
26,61,2,2,"1,2,3",1P:1;2MS:1;3MS:1,2,1,two_verbs,1,1,1,1,1,1,1,1,3->2,1,1,prophets,3,12,1
26,62,3,3,"1,3",1S:3;3MS:2,1,0,,1,0,1,0,0,1,1,1,2->3,0,1,prophets,5,10,1
26,63,3,3,"1,2,3",1P:2;2MS:2;3MS:2,2,1,two_verbs,1,1,1,1,1,1,0,0,,2,0,prophets,6,23,1
26,64,1,1,1,1P:2,0,0,,1,0,0,0,0,0,1,1,3->1,0,0,,2,6,1
26,65,1,1,"1,3",1P:2;3MS:1,1,0,,1,0,1,0,0,1,0,0,,0,0,prophets,3,9,1
26,66,1,1,1,1P:2,0,0,,1,0,0,0,0,0,0,0,,0,0,,2,5,1
26,67,3,3,3,3MP:1;3MS:1,0,0,,0,0,1,0,0,0,1,1,1->3,0,0,,2,11,1
26,68,2,2,"2,3",2MS:1;3MS:1,1,0,,0,1,1,0,1,0,1,1,3->2,0,0,mercy,2,10,0
26,69,2,2,"2,3",2MS:1;3MP:1,1,0,,0,1,1,0,1,0,0,0,,0,0,"revelation,prophets",2,6,1
26,70,3,3,"2,3",2MP:2;3MS:3,1,1,two_verbs,0,1,1,0,1,0,1,1,2->3,1,1,,5,11,1
26,71,1,1,"1,3",1P:2;3FS:1;3MP:2,1,1,two_verbs,1,0,1,0,0,1,1,1,3->1,1,1,,5,9,1
26,72,3,3,"2,3",2MP:3;3MP:2;3MS:1,1,1,two_verbs,0,1,1,0,1,0,1,1,1->3,1,1,,6,8,1
26,73,3,3,"2,3",2MP:1;3MP:4,1,0,,0,1,1,0,1,0,0,0,,0,0,,5,7,1
26,74,3,3,"1,3",1P:3;3MP:4,1,1,two_verbs,1,0,1,0,0,1,0,0,,2,1,,7,11,1
26,75,2,2,"2,3",2MP:6;3MS:1,1,1,two_verbs,0,1,1,0,1,0,1,1,3->2,1,1,,7,10,1
26,76,2,2,2,2MP:2,0,0,,0,1,0,0,0,0,0,0,,0,0,,2,6,0
26,77,1,1,"1,3",1S:1;3MP:1,1,0,,1,0,1,0,0,1,1,0,2->1,0,0,,2,10,0
26,78,3,3,"1,3",1S:2;3MS:3,1,0,,1,0,1,0,0,1,1,1,1->3,0,0,creation,5,7,1
26,79,3,3,"1,3",1S:2;3MS:3,1,0,,1,0,1,0,0,1,0,0,,0,0,,5,8,1
26,80,1,1,"1,3",1S:3;3MS:2,1,1,two_verbs,1,0,1,0,0,1,1,1,3->1,1,0,,5,8,1
26,81,3,3,"1,3",1S:2;3MS:2,1,0,,1,0,1,0,0,1,1,1,1->3,0,0,,4,7,1
26,82,1,1,"1,3",1S:3;3MS:1,1,1,two_verbs,1,0,1,0,0,1,1,1,3->1,1,0,"judgment,mercy",4,12,1
26,83,2,2,"1,2",1S:3;2MS:2,1,1,verb_plus_indep_pron,1,1,0,1,0,0,1,1,1->2,0,1,,5,12,1
26,84,2,2,"1,2",1S:1;2MS:1,1,1,verb_plus_indep_pron,1,1,0,1,0,0,0,0,,0,0,,2,9,1
26,85,2,2,"1,2",1S:1;2MS:1,1,0,,1,1,0,1,0,0,0,0,,0,0,,2,8,1
26,86,3,3,"2,3",2MS:1;3MS:2,1,1,two_verbs,0,1,1,0,1,0,1,1,2->3,1,0,mercy,3,10,1
26,87,3,3,"1,3",1S:1;3FS:1;3MP:2,1,0,,1,0,1,0,0,1,0,0,,0,0,,4,7,1
26,88,3,3,3,3MS:1,0,0,,0,0,1,0,0,0,0,0,,0,0,,1,7,1
26,89,3,3,3,3MS:1,0,0,,0,0,1,0,0,0,0,0,,0,0,,1,7,1
26,90,3,3,3,3FS:1,0,0,,0,0,1,0,0,0,0,0,,0,0,judgment,1,7,1
26,91,3,3,3,3FS:1,0,0,,0,0,1,0,0,0,0,0,,0,0,,1,7,1
26,92,2,2,"2,3",2MP:4;3MP:1;3MS:1,1,1,two_verbs,0,1,1,0,1,0,1,1,3->2,1,1,,6,10,1
26,93,3,3,"2,3",2MP:1;3MP:4,1,0,,0,1,1,0,1,0,1,1,2->3,0,0,,5,10,1
26,94,3,3,3,3FS:1;3MP:3,0,0,,0,0,1,0,0,0,0,0,,0,0,,4,9,1
26,95,,3,,,0,0,,0,0,0,0,0,0,0,0,,0,0,,0,4,0
26,96,3,3,3,3FS:1;3MP:5,0,0,,0,0,1,0,0,0,0,0,,0,1,,6,8,1
26,97,1,1,1,1P:2,0,0,,1,0,0,0,0,0,1,1,3->1,0,0,,2,9,1
26,98,1,1,"1,2",1P:1;2MP:1,1,0,,1,1,0,1,0,0,0,0,,0,0,,2,7,1
26,99,3,3,"1,3",1P:1;3MS:1,1,0,,1,0,1,0,0,1,1,1,1->3,0,0,,2,7,1
26,100,1,1,1,1P:1,0,0,,1,0,0,0,0,0,1,1,3->1,0,0,,1,6,0
26,101,,3,,,0,0,,0,0,0,0,0,0,1,0,1->3,0,0,,0,4,0
26,102,1,1,1,1P:2,0,0,,1,0,0,0,0,0,1,1,3->1,0,0,,2,11,1
26,103,3,3,3,3MP:1;3MS:1,0,0,,0,0,1,0,0,0,1,1,1->3,0,0,,2,11,1
26,104,2,2,"2,3",2MS:1;3MS:1,1,0,,0,1,1,0,1,0,1,1,3->2,0,0,mercy,2,10,0
26,105,3,3,3,3FS:1,0,0,,0,0,1,0,0,0,1,1,2->3,0,0,prophets,1,5,1
26,106,3,3,"2,3",2MP:2;3MP:2;3MS:1,1,1,two_verbs,0,1,1,0,1,0,0,0,,1,1,prophets,5,11,1
26,107,2,2,"1,2",1S:1;2MP:1,1,0,,1,1,0,1,0,0,1,1,3->2,0,0,revelation,2,6,0
26,108,2,2,"1,2",1S:1;2MP:4,1,0,,1,1,0,1,0,0,0,0,,0,0,,5,8,1
26,109,1,1,"1,2,3",1S:2;2MP:1;3MS:1,2,0,,1,1,1,1,1,1,1,1,2->1,0,0,,4,16,1
26,110,2,2,"1,2",1S:1;2MP:4,1,0,,1,1,0,1,0,0,1,1,1->2,0,0,,5,8,1
26,111,3,3,"1,2,3",1P:1;2MS:2;3MP:2;3MS:1,2,1,two_verbs,1,1,1,1,1,1,1,1,2->3,2,1,,6,11,1
26,112,3,3,"1,3",1S:1;3MP:4;3MS:1,1,0,,1,0,1,0,0,1,0,0,,0,1,,6,11,1
26,113,2,2,"1,2,3",1S:1;2MP:2;3MP:1,2,0,,1,1,1,1,1,1,1,1,3->2,0,0,,4,10,1
26,114,1,1,1,1S:1,0,0,,1,0,0,0,0,0,1,1,2->1,0,0,,1,7,0
26,115,1,1,1,1S:1,0,0,,1,0,0,0,0,0,0,0,,0,0,revelation,1,5,0
26,116,2,2,"2,3",2MS:2;3MP:2,1,1,two_verbs,0,1,1,0,1,0,1,1,1->2,1,1,prophets,4,14,1
26,117,3,3,"1,3",1S:3;3MP:2;3MS:1,1,0,,1,0,1,0,0,1,1,1,2->3,0,1,,6,9,1
26,118,2,2,"1,2,3",1S:3;2MS:2;3MP:1,2,0,,1,1,1,1,1,1,1,1,3->2,0,0,,6,18,1
26,119,1,1,"1,3",1P:2;3MS:2,1,0,,1,0,1,0,0,1,1,1,2->1,0,0,,4,13,1
26,120,1,1,1,1P:2,0,0,,1,0,0,0,0,0,0,0,,0,0,,2,6,1
26,121,3,3,3,3MP:1;3MS:1,0,0,,0,0,1,0,0,0,1,1,1->3,0,0,,2,11,1
26,122,2,2,"2,3",2MS:1;3MS:1,1,0,,0,1,1,0,1,0,1,1,3->2,0,0,mercy,2,10,0
26,123,3,3,3,3FS:1,0,0,,0,0,1,0,0,0,1,1,2->3,0,0,prophets,1,4,1
26,124,3,3,"2,3",2MP:2;3MP:2;3MS:1,1,1,two_verbs,0,1,1,0,1,0,0,0,,1,1,prophets,5,11,1
26,125,2,2,"1,2",1S:1;2MP:1,1,0,,1,1,0,1,0,0,1,1,3->2,0,0,revelation,2,6,0
26,126,2,2,"1,2",1S:1;2MP:4,1,0,,1,1,0,1,0,0,0,0,,0,0,,5,8,1
26,127,1,1,"1,2,3",1S:2;2MP:1;3MS:1,2,0,,1,1,1,1,1,1,1,1,2->1,0,0,,4,16,1
26,128,2,2,2,2MP:4,0,0,,0,1,0,0,0,0,1,1,1->2,0,0,,4,9,1
26,129,2,2,2,2MP:5,0,0,,0,1,0,0,0,0,0,0,,0,0,,5,8,1
26,130,2,2,2,2MP:4,0,0,,0,1,0,0,0,0,0,0,,0,0,,4,7,1
26,131,2,2,"1,2",1S:1;2MP:4,1,0,,1,1,0,1,0,0,0,0,,0,0,,5,8,1
26,132,2,2,"2,3",2MP:5;3MS:1,1,1,two_verbs,0,1,1,0,1,0,0,0,,2,0,,6,10,1
26,133,3,3,"2,3",2MP:1;3MS:1,1,0,,0,1,1,0,1,0,1,1,2->3,0,0,,2,6,1
26,134,,3,,,0,0,,0,0,0,0,0,0,0,0,,0,0,,0,4,0
26,135,1,1,"1,2",1S:2;2MP:1,1,0,,1,1,0,1,0,0,1,1,3->1,0,0,judgment,3,8,1
26,136,2,2,"1,2,3",1P:1;2MS:3;3MP:2,2,1,two_verbs,1,1,1,1,1,1,1,1,1->2,1,1,,6,14,1
26,137,,3,,,0,0,,0,0,0,0,0,0,1,1,2->3,0,0,,0,6,0
26,138,1,1,1,1P:1,0,0,,1,0,0,0,0,0,1,0,3->1,0,0,,1,5,0
26,139,3,3,"1,3",1P:2;3MP:4;3MS:2,1,1,two_verbs,1,0,1,0,0,1,1,1,1->3,2,0,,8,19,1
26,140,2,2,"2,3",2MS:1;3MS:1,1,0,,0,1,1,0,1,0,1,1,3->2,0,0,mercy,2,10,0
26,141,3,3,3,3FS:1,0,0,,0,0,1,0,0,0,1,1,2->3,0,0,prophets,1,4,1
26,142,3,3,"2,3",2MP:2;3MP:2;3MS:1,1,1,two_verbs,0,1,1,0,1,0,0,0,,1,1,prophets,5,11,1
26,143,2,2,"1,2",1S:1;2MP:1,1,0,,1,1,0,1,0,0,1,1,3->2,0,0,revelation,2,6,0
26,144,2,2,"1,2",1S:1;2MP:4,1,0,,1,1,0,1,0,0,0,0,,0,0,,5,8,1
26,145,1,1,"1,2,3",1S:2;2MP:1;3MS:1,2,0,,1,1,1,1,1,1,1,1,2->1,0,0,,4,16,1
26,146,2,2,2,2MP:2,0,0,,0,1,0,0,0,0,1,1,1->2,0,0,,2,8,1
26,147,,3,,,0,0,,0,0,0,0,0,0,1,1,2->3,0,0,,0,4,0
26,148,3,3,3,3FS:1,0,0,,0,0,1,0,0,0,0,0,,0,0,,1,7,0
26,149,2,2,2,2MP:2,0,0,,0,1,0,0,0,0,1,1,3->2,0,0,,2,8,1
26,150,2,2,"1,2",1S:1;2MP:4,1,0,,1,1,0,1,0,0,0,0,,0,0,,5,8,1
26,151,2,2,2,2MP:2,0,0,,0,1,0,0,0,0,0,0,,0,0,,2,7,1
26,152,3,3,3,3MP:4,0,0,,0,0,1,0,0,0,1,1,2->3,0,0,,4,10,1
26,153,3,3,"2,3",2MS:1;3MP:2,1,1,verb_plus_indep_pron,0,1,1,0,1,0,0,0,,0,1,,3,8,1
26,154,2,2,"1,2",1P:1;2MS:4,1,0,,1,1,0,1,0,0,1,1,3->2,0,0,,5,16,1
26,155,3,3,"2,3",2MP:1;3FS:1;3MS:1,1,1,verb_plus_indep_pron,0,1,1,0,1,0,1,1,2->3,0,1,,3,12,1
26,156,2,2,"2,3",2MP:3;3FS:1;3MS:1,1,1,two_verbs,0,1,1,0,1,0,1,1,3->2,1,0,judgment,5,13,1
26,157,3,3,3,3FS:1;3MP:4,0,0,,0,0,1,0,0,0,1,1,2->3,0,0,,5,8,1
26,158,3,3,3,3MP:2;3MS:2,0,0,,0,0,1,0,0,0,0,0,,0,0,judgment,4,16,1
26,159,2,2,"2,3",2MS:1;3MS:1,1,0,,0,1,1,0,1,0,1,1,3->2,0,0,mercy,2,10,0
26,160,3,3,3,3FS:1,0,0,,0,0,1,0,0,0,1,1,2->3,0,0,prophets,1,5,1
26,161,3,3,"2,3",2MP:2;3MP:2;3MS:1,1,1,two_verbs,0,1,1,0,1,0,0,0,,1,1,prophets,5,11,1
26,162,2,2,"1,2",1S:1;2MP:1,1,0,,1,1,0,1,0,0,1,1,3->2,0,0,revelation,2,6,0
26,163,2,2,"1,2",1S:1;2MP:4,1,0,,1,1,0,1,0,0,0,0,,0,0,,5,8,1
26,164,1,1,"1,2,3",1S:2;2MP:1;3MS:1,2,0,,1,1,1,1,1,1,1,1,2->1,0,0,,4,16,1
26,165,2,2,2,2MP:2,0,0,,0,1,0,0,0,0,1,1,1->2,0,0,,2,8,1
26,166,2,2,"2,3",2MP:6;3MS:1,1,1,two_verbs,0,1,1,0,1,0,0,0,,1,0,creation,7,16,1
26,167,2,2,"2,3",2MS:2;3MP:2,1,1,two_verbs,0,1,1,0,1,0,0,0,,1,1,prophets,4,14,1
26,168,3,3,"1,2,3",1S:1;2MP:1;3MS:1,2,0,,1,1,1,1,1,1,1,1,2->3,0,1,,3,9,1
26,169,1,1,"1,2,3",1S:3;2MS:1;3MP:2,2,1,two_verbs,1,1,1,1,1,1,1,1,3->1,1,0,,6,11,1
26,170,1,1,"1,3",1P:2;3MS:2,1,0,,1,0,1,0,0,1,0,0,,0,0,,4,8,1
26,171,,3,,,0,0,,0,0,0,0,0,0,1,1,1->3,0,0,,0,5,0
26,172,1,1,1,1P:2,0,0,,1,0,0,0,0,0,1,1,3->1,0,0,,2,5,1
26,173,1,1,"1,3",1P:2;3MP:1;3MS:1,1,1,two_verbs,1,0,1,0,0,1,0,0,,1,0,,4,11,1
26,174,3,3,3,3MP:1;3MS:1,0,0,,0,0,1,0,0,0,1,1,1->3,0,0,,2,11,1
26,175,2,2,"2,3",2MS:1;3MS:1,1,0,,0,1,1,0,1,0,1,1,3->2,0,0,mercy,2,10,0
26,176,3,3,3,3MS:1,0,0,,0,0,1,0,0,0,1,1,2->3,0,0,,1,6,1
26,177,2,2,"2,3",2MP:2;3MP:1;3MS:1,1,1,two_verbs,0,1,1,0,1,0,1,1,3->2,1,1,,4,9,1
26,178,2,2,"1,2",1S:1;2MP:1,1,0,,1,1,0,1,0,0,0,0,,0,0,revelation,2,6,0
26,179,2,2,"1,2",1S:1;2MP:4,1,0,,1,1,0,1,0,0,0,0,,0,0,,5,8,1
26,180,1,1,"1,2,3",1S:2;2MP:1;3MS:1,2,0,,1,1,1,1,1,1,1,1,2->1,0,0,,4,16,1
26,181,2,2,2,2MP:4,0,0,,0,1,0,0,0,0,1,1,1->2,0,0,,4,11,1
26,182,2,2,2,2MP:2,0,0,,0,1,0,0,0,0,0,0,,0,0,,2,8,1
26,183,2,2,"2,3",2MP:4;3MP:1,1,0,,0,1,1,0,1,0,0,0,,0,0,creation,5,16,1
26,184,2,2,"2,3",2MP:3;3MS:1,1,1,two_verbs,0,1,1,0,1,0,0,0,,1,0,creation,4,11,1
26,185,3,3,"2,3",2MS:1;3MP:2,1,1,verb_plus_indep_pron,0,1,1,0,1,0,1,1,2->3,0,1,,3,8,1
26,186,1,1,"1,2",1P:2;2MS:2,1,1,verb_plus_indep_pron,1,1,0,1,0,0,1,1,3->1,0,0,,4,15,1
26,187,2,2,"1,2",1P:1;2MS:3,1,0,,1,1,0,1,0,0,1,1,1->2,0,0,creation,4,14,1
26,188,2,2,"1,2,3",1S:1;2MP:2;3MS:1,2,1,two_verbs,1,1,1,1,1,1,0,0,,1,1,,4,8,1
26,189,3,3,3,3MP:3;3MS:4,0,0,,0,0,1,0,0,0,1,1,2->3,0,0,judgment,7,17,1
26,190,3,3,3,3MP:1;3MS:1,0,0,,0,0,1,0,0,0,0,0,,0,0,,2,11,1
26,191,2,2,"2,3",2MS:1;3MS:1,1,0,,0,1,1,0,1,0,1,1,3->2,0,0,mercy,2,10,0
26,192,3,3,3,3MS:1,0,0,,0,0,1,0,0,0,1,0,2->3,0,0,revelation,1,8,0
26,193,3,3,3,3MS:2,0,0,,0,0,1,0,0,0,0,0,,0,0,,2,7,1
26,194,2,2,2,2MS:2,0,0,,0,1,0,0,0,0,1,1,3->2,0,0,,2,8,1
26,195,,3,,,0,0,,0,0,0,0,0,0,1,1,2->3,0,0,,0,4,0
26,196,3,3,3,3MS:1,0,0,,0,0,1,0,0,0,0,0,,0,0,,1,8,0
26,197,3,3,3,3MP:1;3MS:3,0,0,,0,0,1,0,0,0,0,0,,0,0,prophets,4,13,1
26,198,1,1,"1,3",1P:2;3MS:1,1,0,,1,0,1,0,0,1,1,1,3->1,0,0,revelation,3,9,1
26,199,3,3,3,3MP:3;3MS:3,0,0,,0,0,1,0,0,0,1,1,1->3,0,0,,6,11,1
26,200,1,1,"1,3",1P:2;3MS:1,1,0,,1,0,1,0,0,1,1,1,3->1,0,0,,3,9,1
26,201,3,3,3,3MP:4;3MS:1,0,0,,0,0,1,0,0,0,1,1,1->3,0,0,judgment,5,12,1
26,202,3,3,3,3MP:4;3MS:1,0,0,,0,0,1,0,0,0,0,0,,0,0,,5,9,1
26,203,3,3,"1,3",1P:1;3MP:2,1,1,verb_plus_indep_pron,1,0,1,0,0,1,0,0,,0,1,,3,6,1
26,204,3,3,"1,3",1P:1;3MP:2,1,0,,1,0,1,0,0,1,0,0,,0,0,judgment,3,7,1
26,205,2,2,"1,2,3",1P:2;2MS:2;3MP:1,2,1,two_verbs,1,1,1,1,1,1,1,1,3->2,1,0,,5,9,1
26,206,3,3,3,3MP:5;3MS:1,0,0,,0,0,1,0,0,0,1,1,2->3,0,0,,6,8,1
26,207,3,3,3,3MP:5;3MS:1,0,0,,0,0,1,0,0,0,0,0,,0,0,,6,9,1
26,208,1,1,"1,3",1P:2;3FS:1,1,1,verb_plus_indep_pron,1,0,1,0,0,1,1,1,3->1,0,0,,3,10,1
26,209,1,1,1,1P:2,0,0,,1,0,0,0,0,0,0,0,,0,0,,2,6,1
26,210,3,3,3,3FS:1;3MS:1,0,0,,0,0,1,0,0,0,1,1,1->3,0,0,revelation,2,7,1
26,211,3,3,3,3MP:3;3MS:1,0,0,,0,0,1,0,0,0,0,0,,0,0,,4,9,1
26,212,3,3,3,3MP:1,0,0,,0,0,1,0,0,0,0,0,,0,0,,1,7,0
26,213,2,2,"2,3",2MS:1;3FS:1,1,1,two_verbs,0,1,1,0,1,0,1,1,3->2,1,0,,2,12,1
26,214,2,2,2,2MS:2,0,0,,0,1,0,0,0,0,0,0,,0,0,,2,6,1
26,215,2,2,"2,3",2MS:3;3MS:1,1,1,two_verbs,0,1,1,0,1,0,0,0,,1,0,,4,11,1
26,216,2,2,"1,2,3",1S:1;2MP:2;2MS:2;3MP:2,2,1,two_verbs,1,1,1,1,1,1,0,0,,1,0,,7,14,1
26,217,2,2,2,2MS:1,0,0,,0,1,0,0,0,0,0,0,,0,0,mercy,1,7,1
26,218,2,2,"2,3",2MS:2;3MS:1,1,1,two_verbs,0,1,1,0,1,0,0,0,,1,0,,3,5,1
26,219,2,2,2,2MS:1,0,0,,0,1,0,0,0,0,0,0,,0,0,prayer,1,6,0
26,220,3,3,3,3MS:2,0,0,,0,0,1,0,0,0,1,0,2->3,0,0,,2,7,0
26,221,1,1,"1,2,3",1S:1;2MP:1;3FS:1,2,1,two_verbs,1,1,1,1,1,1,1,1,3->1,1,0,,3,8,1
26,222,3,3,3,3FS:1,0,0,,0,0,1,0,0,0,1,1,1->3,0,0,,1,5,1
26,223,3,3,3,3MP:3,0,0,,0,0,1,0,0,0,0,0,,0,0,,3,8,1
26,224,3,3,3,3MP:1;3MS:1,0,0,,0,0,1,0,0,0,0,0,,0,0,,2,7,1
26,225,3,3,"2,3",2MS:1;3MP:3,1,1,two_verbs,0,1,1,0,1,0,0,0,,1,0,,4,10,1
26,226,3,3,3,3MP:5,0,0,,0,0,1,0,0,0,0,0,,0,0,,5,9,1
26,227,3,3,3,3MP:14;3MS:1,0,0,,0,0,1,0,0,0,0,0,,0,0,mercy,15,32,1
27,1,,3,,,0,0,,0,0,0,0,0,0,0,0,,0,0,revelation,0,8,0
27,2,,3,,,0,0,,0,0,0,0,0,0,0,0,,0,0,,0,6,0
27,3,3,3,3,3MP:8,0,0,,0,0,1,0,0,0,0,0,,0,0,"law,prayer",8,18,1
27,4,3,3,"1,3",1P:2;3MP:7,1,1,two_verbs,1,0,1,0,0,1,0,0,,2,0,,9,18,1
27,5,3,3,3,3MP:3,0,0,,0,0,1,0,0,0,0,0,,0,0,judgment,3,15,0
27,6,2,2,2,2MS:2,0,0,,0,1,0,0,0,0,1,1,3->2,0,0,,2,11,1
27,7,1,1,"1,2,3",1S:5;2MP:5;3FS:1;3MS:2,2,1,two_verbs,1,1,1,1,1,1,1,1,2->1,2,1,"judgment,prophets",13,28,1
27,8,3,3,3,3FS:2;3MS:3,0,0,,0,0,1,0,0,0,1,1,1->3,0,0,judgment,5,21,1
27,9,1,1,"1,3",1S:1;3MS:1,1,0,,1,0,1,0,0,1,1,1,3->1,0,0,prophets,2,10,0
27,10,3,3,"1,2,3",1S:2;2MS:3;3FS:3;3MS:4,2,1,two_verbs,1,1,1,1,1,1,1,1,1->3,3,1,prophets,12,29,1
27,11,3,3,"1,3",1S:1;3MS:2,1,0,,1,0,1,0,0,1,0,0,,0,0,mercy,3,13,1
27,12,3,3,"2,3",2MS:3;3FS:1;3MP:3;3MS:1,1,1,two_verbs,0,1,1,0,1,0,0,0,,1,0,"revelation,prophets",8,26,1
27,13,3,3,"1,3",1P:1;3FS:1;3MP:3,1,0,,1,0,1,0,0,1,0,0,,0,1,revelation,5,12,1
27,14,3,3,"2,3",2MS:1;3FS:3;3MP:3;3MS:1,1,1,two_verbs,0,1,1,0,1,0,0,0,,2,0,,8,20,1
27,15,3,3,"1,3",1P:3;3MD:2;3MS:2,1,1,two_verbs,1,0,1,0,0,1,0,0,,1,1,prophets,7,26,1
27,16,1,1,"1,3",1P:4;3MS:3,1,1,two_verbs,1,0,1,0,0,1,1,1,3->1,1,1,prophets,7,29,1
27,17,3,3,3,3MP:3;3MS:2,0,0,,0,0,1,0,0,0,1,1,1->3,0,0,prophets,5,19,1
27,18,3,3,"2,3",2MP:4;3FS:1;3MP:5;3MS:2,1,1,two_verbs,0,1,1,0,1,0,0,0,,2,1,prophets,12,31,1
27,19,2,2,"1,2,3",1S:7;2MS:8;3FS:1;3MS:3,2,1,two_verbs,1,1,1,1,1,1,1,1,3->2,5,1,"mercy,prophets",19,42,1
27,20,3,3,"1,3",1S:2;3MS:3,1,1,two_verbs,1,0,1,0,0,1,1,1,2->3,2,1,,5,18,1
27,21,1,1,"1,3",1S:3;3MS:3,1,1,two_verbs,1,0,1,0,0,1,1,1,3->1,1,0,judgment,6,19,1
27,22,1,1,"1,2,3",1S:4;2MS:2;3MS:3,2,1,two_verbs,1,1,1,1,1,1,0,0,,3,1,,9,23,1
27,23,3,3,"1,3",1S:3;3FS:3;3MP:1,1,1,two_verbs,1,0,1,0,0,1,1,1,1->3,1,0,,7,17,1
27,24,3,3,"1,3",1S:2;3FS:2;3MP:8;3MS:2,1,1,two_verbs,1,0,1,0,0,1,0,0,,1,0,creation,14,33,1
27,25,3,3,"2,3",2MP:4;3MP:2;3MS:2,1,1,two_verbs,0,1,1,0,1,0,0,0,,1,0,"creation,prayer",8,25,1
27,26,3,3,3,3MS:1,0,0,,0,0,1,0,0,0,0,0,,0,0,oneness,1,10,0
27,27,2,2,"1,2,3",1P:1;2MS:4;3MS:1,2,1,two_verbs,1,1,1,1,1,1,1,1,3->2,2,1,prophets,6,12,1
27,28,2,2,"2,3",2MS:4;3MP:4;3MS:1,1,1,two_verbs,0,1,1,0,1,0,0,0,,1,0,,9,18,1
27,29,3,3,"1,3",1S:2;3FS:1;3MS:1,1,0,,1,0,1,0,0,1,1,1,2->3,0,1,,4,12,1
27,30,3,3,3,3MS:2,0,0,,0,0,1,0,0,0,0,0,,0,0,"mercy,prophets",2,14,0
27,31,2,2,"1,2",1S:2;2MP:4,1,0,,1,1,0,1,0,0,1,1,3->2,0,0,,6,11,1
27,32,2,2,"1,2,3",1S:5;2MP:4;3FS:1,2,1,two_verbs,1,1,1,1,1,1,0,0,,3,1,law,10,20,1
27,33,2,2,"1,2,3",1P:1;2FS:4;3MP:2,2,1,two_verbs,1,1,1,1,1,1,0,0,,1,1,,7,19,1
27,34,3,3,3,3FS:3;3MP:8,0,0,,0,0,1,0,0,0,1,1,2->3,0,1,,11,23,1
27,35,3,3,"1,3",1S:1;3MP:1;3MS:1,1,0,,1,0,1,0,0,1,0,0,,0,0,,3,15,1
27,36,2,2,"1,2,3",1S:2;2MP:7;3MS:4,2,1,two_verbs,1,1,1,1,1,1,1,1,3->2,3,1,prophets,13,28,1
27,37,3,3,"1,2,3",1P:2;2MS:1;3FS:2;3MP:5,2,1,two_verbs,1,1,1,1,1,1,1,1,2->3,1,0,,10,27,1
27,38,3,3,"1,2,3",1S:2;2MP:1;3FS:1;3MP:2;3MS:2,2,0,,1,1,1,1,1,1,0,0,,0,1,prophets,8,18,1
27,39,2,2,"1,2,3",1S:3;2MS:3;3MS:3,2,1,two_verbs,1,1,1,1,1,1,1,1,3->2,2,1,,9,24,1
27,40,3,3,"1,2,3",1S:7;2MS:3;3MS:13,2,1,two_verbs,1,1,1,1,1,1,1,1,2->3,4,1,"revelation,prophets",23,59,1
27,41,3,3,"1,2,3",1P:1;2MP:2;3FS:4;3MP:2;3MS:1,2,1,two_verbs,1,1,1,1,1,1,0,0,,3,1,,10,17,1
27,42,3,3,"1,2,3",1P:4;2FS:1;3FS:3;3MS:3,2,1,two_verbs,1,1,1,1,1,1,0,0,,1,1,prophets,11,24,1
27,43,3,3,3,3FS:5;3MS:1,0,0,,0,0,1,0,0,0,0,0,,0,0,,6,15,1
27,44,3,3,"1,2,3",1S:7;2FS:2;3FS:6;3MS:5,2,1,two_verbs,1,1,1,1,1,1,0,0,,3,1,prophets,20,45,1
27,45,3,3,"1,2,3",1P:2;2MP:2;3MP:4,2,1,two_verbs,1,1,1,1,1,1,0,0,,2,0,prophets,8,20,1
27,46,2,2,"1,2,3",1S:1;2MP:7;3MS:1,2,1,two_verbs,1,1,1,1,1,1,1,1,3->2,1,1,mercy,9,22,1
27,47,2,2,"1,2,3",1P:2;2MP:4;2MS:2;3MP:2;3MS:1,2,1,two_verbs,1,1,1,1,1,1,0,0,,3,1,,11,21,1
27,48,3,3,3,3MP:4;3MS:1,0,0,,0,0,1,0,0,0,1,1,2->3,0,0,,5,16,1
27,49,1,1,"1,2,3",1P:5;2MP:2;3MP:2;3MS:4,2,1,two_verbs,1,1,1,1,1,1,1,1,3->1,2,1,law,13,31,1
27,50,3,3,"1,3",1P:2;3MP:5,1,1,two_verbs,1,0,1,0,0,1,1,1,1->3,2,0,,7,13,1
27,51,3,3,"1,2,3",1P:3;2MS:1;3MP:3;3MS:1,2,1,two_verbs,1,1,1,1,1,1,0,0,,2,0,,8,16,1
27,52,3,3,3,3MP:5,0,0,,0,0,1,0,0,0,0,0,,0,0,,5,18,1
27,53,3,3,"1,3",1P:2;3MP:6,1,1,two_verbs,1,0,1,0,0,1,0,0,,1,0,,8,11,1
27,54,2,2,"2,3",2MP:5;3MS:2,1,1,two_verbs,0,1,1,0,1,0,1,1,3->2,1,1,prophets,7,16,1
27,55,2,2,2,2MP:6,0,0,,0,1,0,0,0,0,0,0,,0,0,,6,18,1
27,56,3,3,"2,3",2MP:3;3MP:5;3MS:2,1,1,two_verbs,0,1,1,0,1,0,1,1,2->3,2,1,prophets,10,22,1
27,57,1,1,"1,3",1P:4;3FS:1;3MS:3,1,0,,1,0,1,0,0,1,1,1,3->1,0,0,,8,16,1
27,58,1,1,"1,3",1P:2;3MP:1;3MS:1,1,1,two_verbs,1,0,1,0,0,1,0,0,,1,0,,4,11,1
27,59,3,3,"2,3",2MS:1;3MP:2;3MS:2,1,1,two_verbs,0,1,1,0,1,0,1,1,1->3,1,0,,5,18,1
27,60,3,3,"1,2,3",1P:2;2MP:4;3FS:1;3MP:3;3MS:4,2,1,two_verbs,1,1,1,1,1,1,0,0,,4,0,"revelation,creation",14,42,1
27,61,3,3,3,3FS:2;3MP:3;3MS:4,0,0,,0,0,1,0,0,0,0,0,,0,0,creation,9,32,1
27,62,3,3,"2,3",2MP:3;3MS:5,1,1,two_verbs,0,1,1,0,1,0,0,0,,1,0,creation,8,26,1
27,63,3,3,"2,3",2MP:1;3MP:2;3MS:4,1,0,,0,1,1,0,1,0,0,0,,0,0,mercy,7,31,1
27,64,2,2,"2,3",2MP:6;2MS:1;3MS:4,1,1,two_verbs,0,1,1,0,1,0,1,1,3->2,1,0,creation,11,31,1
27,65,3,3,"2,3",2MS:1;3MP:4;3MS:1,1,1,two_verbs,0,1,1,0,1,0,1,1,2->3,1,0,creation,6,21,1
27,66,3,3,3,3FS:2;3MP:3;3MS:1,0,0,,0,0,1,0,0,0,0,0,,0,0,,6,18,1
27,67,1,1,"1,3",1P:4;3MP:2;3MS:1,1,1,two_verbs,1,0,1,0,0,1,1,1,3->1,1,0,,7,18,1
27,68,1,1,1,1P:4,0,0,,1,0,0,0,0,0,0,0,,0,0,,4,17,1
27,69,2,2,"2,3",2MP:4;2MS:1;3MS:1,1,1,two_verbs,0,1,1,0,1,0,1,1,1->2,1,0,,6,14,1
27,70,3,3,"2,3",2MS:1;3FS:1;3MP:3,1,1,two_verbs,0,1,1,0,1,0,1,1,2->3,2,0,,5,14,1
27,71,2,2,"2,3",2MP:2;3MP:2,1,1,two_verbs,0,1,1,0,1,0,1,1,3->2,1,0,,4,11,1
27,72,2,2,"2,3",2MP:3;2MS:1;3MS:3,1,1,two_verbs,0,1,1,0,1,0,0,0,,2,0,,7,11,1
27,73,3,3,"2,3",2MS:1;3MP:3,1,0,,0,1,1,0,1,0,1,1,2->3,0,0,,4,17,1
27,74,3,3,"2,3",2MS:1;3FS:1;3MP:3;3MS:1,1,0,,0,1,1,0,1,0,0,0,,0,0,,6,14,1
27,75,,3,,,0,0,,0,0,0,0,0,0,0,0,,0,0,creation,0,14,0
27,76,3,3,3,3MP:3;3MS:2,0,0,,0,0,1,0,0,0,0,0,,0,0,prophets,5,15,1
27,77,3,3,3,3MS:1,0,0,,0,0,1,0,0,0,0,0,,0,0,mercy,1,10,0
27,78,3,3,"2,3",2MS:1;3MP:1;3MS:3,1,0,,0,1,1,0,1,0,0,0,,0,0,,5,15,1
27,79,2,2,2,2MS:2,0,0,,0,1,0,0,0,0,1,1,3->2,0,0,,2,11,1
27,80,3,3,"2,3",2MS:2;3FS:1;3MP:2,1,1,two_verbs,0,1,1,0,1,0,1,1,2->3,2,0,,5,17,1
27,81,3,3,"1,2,3",1P:1;2MS:2;3MP:2;3MS:1,2,1,two_verbs,1,1,1,1,1,1,0,0,,1,0,,6,21,1
27,82,3,3,"1,3",1P:3;3FS:1;3MP:7;3MS:1,1,1,two_verbs,1,0,1,0,0,1,0,0,,2,0,creation,12,28,1
27,83,3,3,"1,3",1P:2;3MP:3;3MS:1,1,1,two_verbs,1,0,1,0,0,1,0,0,,1,0,revelation,6,17,1
27,84,2,2,"1,2,3",1S:1;2MP:8;3FS:1;3MP:2;3MS:1,2,1,two_verbs,1,1,1,1,1,1,1,1,3->2,1,1,revelation,13,23,1
27,85,3,3,3,3MP:6;3MS:1,0,0,,0,0,1,0,0,0,1,1,2->3,0,0,,7,15,1
27,86,3,3,"1,3",1P:3;3MP:6;3MS:1,1,1,two_verbs,1,0,1,0,0,1,0,0,,2,0,revelation,10,28,1
27,87,3,3,3,3MP:2;3MS:4,0,0,,0,0,1,0,0,0,0,0,,0,0,creation,6,27,1
27,88,3,3,"2,3",2MP:2;2MS:1;3FS:4;3MS:2,1,1,two_verbs,0,1,1,0,1,0,0,0,,2,0,,9,26,1
27,89,3,3,3,3FS:1;3MP:1;3MS:2,0,0,,0,0,1,0,0,0,0,0,,0,0,,4,17,1
27,90,2,2,"2,3",2MP:6;3FS:1;3MP:1;3MS:1,1,1,two_verbs,0,1,1,0,1,0,1,1,3->2,1,1,judgment,9,22,1
27,91,1,1,"1,3",1S:6;3FS:1;3MS:2,1,1,two_verbs,1,0,1,0,0,1,1,1,2->1,2,0,,9,26,1
27,92,3,3,"1,2,3",1S:2;2MS:1;3MS:4,2,1,two_verbs,1,1,1,1,1,1,1,1,1->3,2,0,revelation,7,26,1
27,93,2,2,"2,3",2MP:5;2MS:2;3FS:1;3MS:2,1,1,two_verbs,0,1,1,0,1,0,1,1,3->2,2,0,revelation,10,25,1
28,1,,3,,,0,0,,0,0,0,0,0,0,0,0,,0,0,,0,1,0
28,2,,3,,,0,0,,0,0,0,0,0,0,0,0,,0,0,revelation,0,6,0
28,3,3,3,"1,2,3",1P:1;2MS:1;3MP:2,2,1,two_verbs,1,1,1,1,1,1,0,0,,1,0,"revelation,prophets",4,15,1
28,4,3,3,3,3FS:1;3MP:3;3MS:7,0,0,,0,0,1,0,0,0,0,0,,0,0,prophets,11,28,1
28,5,1,1,"1,3",1P:4;3MP:4,1,1,two_verbs,1,0,1,0,0,1,1,1,3->1,2,0,,8,20,1
28,6,3,3,"1,3",1P:2;3MD:1;3MP:6,1,1,two_verbs,1,0,1,0,0,1,1,1,1->3,1,0,prophets,9,22,1
28,7,2,2,"1,2,3",1P:3;2FS:9;3MS:5,2,1,two_verbs,1,1,1,1,1,1,1,1,3->2,1,0,prophets,17,41,1
28,8,3,3,3,3MD:1;3MP:3;3MS:3,0,0,,0,0,1,0,0,0,1,1,2->3,0,0,prophets,7,22,1
28,9,3,3,"1,2,3",1P:2;1S:1;2MP:2;2MS:1;3FS:1;3MP:3;3MS:4,2,1,two_verbs,1,1,1,1,1,1,0,0,,4,1,prophets,14,28,1
28,10,3,3,"1,3",1P:2;3FS:4;3MS:2,1,1,two_verbs,1,0,1,0,0,1,0,0,,2,0,"prayer,prophets",8,24,1
28,11,3,3,"2,3",2FS:2;3FS:2;3MP:3;3MS:3,1,1,two_verbs,0,1,1,0,1,0,0,0,,2,1,,10,19,1
28,12,3,3,"1,2,3",1P:2;1S:1;2MP:2;3FS:1;3MP:3;3MS:3,2,1,two_verbs,1,1,1,1,1,1,0,0,,3,1,,12,27,1
28,13,3,3,"1,3",1P:2;3FS:4;3MP:3;3MS:2,1,1,two_verbs,1,0,1,0,0,1,0,0,,1,0,,11,28,1
28,14,3,3,"1,3",1P:3;3MS:4,1,1,two_verbs,1,0,1,0,0,1,0,0,,1,0,judgment,7,19,1
28,15,3,3,3,3FS:2;3MD:2;3MS:14,0,0,,0,0,1,0,0,0,0,0,,0,1,prophets,18,57,1
28,16,1,1,"1,2,3",1S:6;2MS:1;3MS:5,2,1,two_verbs,1,1,1,1,1,1,1,1,3->1,3,1,mercy,12,24,1
28,17,1,1,"1,2,3",1S:3;2MS:2;3MS:1,2,1,two_verbs,1,1,1,1,1,1,0,0,,2,1,,6,16,1
28,18,3,3,"2,3",2MS:1;3MS:8,1,0,,0,1,1,0,1,0,1,1,1->3,0,1,prophets,9,26,1
28,19,2,2,"1,2,3",1S:1;2MS:7;3D:1;3FS:1;3MS:4,2,1,two_verbs,1,1,1,1,1,1,1,1,3->2,3,1,prophets,14,45,1
28,20,3,3,"1,2,3",1S:1;2MS:4;3MP:4;3MS:3,2,1,two_verbs,1,1,1,1,1,1,1,1,2->3,1,1,prophets,12,31,1
28,21,3,3,"1,2,3",1S:2;2MS:1;3FS:1;3MS:3,2,1,two_verbs,1,1,1,1,1,1,0,0,,1,1,,7,16,1
28,22,3,3,"1,3",1S:2;3MS:4,1,0,,1,0,1,0,0,1,0,0,,0,1,,6,15,1
28,23,3,3,"1,2,3",1P:2;2D:2;2MD:1;3FD:2;3MP:3;3MS:6,2,1,two_verbs,1,1,1,1,1,1,0,0,,4,1,,16,39,1
28,24,3,3,"1,2,3",1S:3;2MS:2;3D:1;3MS:3,2,1,two_verbs,1,1,1,1,1,1,0,0,,1,1,revelation,9,24,1
28,25,3,3,"1,2,3",1P:1;1S:1;2MS:7;3FS:3;3MD:1;3MS:8,2,1,two_verbs,1,1,1,1,1,1,0,0,,3,1,judgment,21,43,1
28,26,2,2,"1,2,3",1S:1;2MS:3;3FS:1;3MD:1;3MS:1,2,1,two_verbs,1,1,1,1,1,1,1,1,3->2,1,1,,7,17,1
28,27,1,1,"1,2,3",1S:8;2MS:7;3MS:2,2,1,two_verbs,1,1,1,1,1,1,1,1,2->1,5,1,,17,42,1
28,28,1,1,"1,2,3",1P:1;1S:4;2MS:1;3MS:1,2,1,two_verbs,1,1,1,1,1,1,0,0,,1,1,"law,prophets",7,24,1
28,29,3,3,"1,2,3",1S:5;2MP:6;3FS:1;3MS:6,2,1,two_verbs,1,1,1,1,1,1,1,1,1->3,3,1,"judgment,prophets",18,45,1
28,30,3,3,"1,3",1S:2;3FS:1;3MS:2,1,1,verb_plus_indep_pron,1,0,1,0,0,1,0,0,,0,0,prophets,5,29,1
28,31,3,3,"2,3",2MS:5;3FS:3;3MS:3,1,1,two_verbs,0,1,1,0,1,0,0,0,,2,1,prophets,11,29,1
28,32,2,2,"2,3",2MS:7;3FS:1;3MP:3;3MS:1,1,1,two_verbs,0,1,1,0,1,0,1,1,3->2,3,0,prophets,12,37,1
28,33,1,1,"1,3",1S:6;3MP:3;3MS:1,1,1,two_verbs,1,0,1,0,0,1,1,1,2->1,2,1,,10,16,1
28,34,1,1,"1,2,3",1S:7;2MS:1;3MP:2;3MS:3,2,1,two_verbs,1,1,1,1,1,1,0,0,,3,0,,13,24,1
28,35,3,3,"1,2,3",1P:3;2D:4;2MS:2;3MP:2;3MS:2,2,1,two_verbs,1,1,1,1,1,1,1,1,1->3,2,1,revelation,13,29,1
28,36,3,3,"1,3",1P:4;3MP:3;3MS:1,1,1,two_verbs,1,0,1,0,0,1,0,0,,1,1,"revelation,prophets",8,27,1
28,37,3,3,"1,3",1S:1;3FS:1;3MS:6,1,0,,1,0,1,0,0,1,0,0,,0,1,prophets,8,29,1
28,38,1,1,"1,2,3",1S:9;2MP:1;2MS:2;3MS:2,2,1,two_verbs,1,1,1,1,1,1,1,1,3->1,3,1,"judgment,prophets",14,45,1
28,39,3,3,"1,3",1P:1;3MP:5;3MS:3,1,0,,1,0,1,0,0,1,1,1,1->3,0,0,,9,23,1
28,40,1,1,"1,2,3",1P:4;2MS:1;3MP:1;3MS:3,2,1,two_verbs,1,1,1,1,1,1,1,1,3->1,2,0,,9,21,1
28,41,3,3,"1,3",1P:2;3MP:5,1,1,two_verbs,1,0,1,0,0,1,1,1,1->3,1,0,judgment,7,17,1
28,42,1,1,"1,3",1P:2;3MP:2,1,1,verb_plus_indep_pron,1,0,1,0,0,1,1,1,3->1,0,0,judgment,4,17,1
28,43,1,1,"1,3",1P:4;3MP:3,1,1,two_verbs,1,0,1,0,0,1,0,0,,1,0,"mercy,revelation,prophets",7,29,1
28,44,2,2,"1,2",1P:2;2MS:4,1,1,two_verbs,1,1,0,1,0,0,1,1,1->2,2,0,"revelation,prophets",6,22,1
28,45,1,1,"1,2,3",1P:7;2MS:2;3FS:1;3MP:2;3MS:1,2,1,two_verbs,1,1,1,1,1,1,1,1,2->1,4,0,prophets,13,31,1
28,46,2,2,"1,2,3",1P:2;2MS:5;3MP:4;3MS:1,2,1,two_verbs,1,1,1,1,1,1,1,1,1->2,3,0,"mercy,revelation,prophets",12,32,1
28,47,3,3,"1,2,3",1P:4;2MS:3;3FS:2;3MP:4,2,1,two_verbs,1,1,1,1,1,1,1,1,2->3,2,0,revelation,13,31,1
28,48,3,3,"1,3",1P:2;3MD:2;3MP:9;3MS:4,1,0,,1,0,1,0,0,1,0,0,,0,1,prophets,17,41,1
28,49,2,2,"1,2,3",1S:1;2MP:4;2MS:1;3D:1;3MS:2,2,1,two_verbs,1,1,1,1,1,1,1,1,3->2,2,0,revelation,9,19,1
28,50,3,3,"2,3",2MS:2;3MP:5;3MS:3,1,1,two_verbs,0,1,1,0,1,0,1,1,2->3,2,0,,10,36,1
28,51,3,3,"1,3",1P:2;3MP:4,1,1,two_verbs,1,0,1,0,0,1,0,0,,1,0,,6,13,1
28,52,3,3,"1,3",1P:2;3MP:4;3MS:2,1,1,two_verbs,1,0,1,0,0,1,0,0,,1,0,revelation,8,14,1
28,53,3,3,"1,3",1P:6;3MP:3;3MS:4,1,1,two_verbs,1,0,1,0,0,1,0,0,,1,0,,13,26,1
28,54,3,3,"1,3",1P:2;3MP:10,1,1,two_verbs,1,0,1,0,0,1,0,0,,2,0,judgment,12,26,1
28,55,3,3,"1,2,3",1P:3;2MP:3;3MP:6;3MS:1,2,1,two_verbs,1,1,1,1,1,1,0,0,,1,0,,13,29,1
28,56,3,3,"2,3",2MS:3;3FS:1;3MS:3,1,1,two_verbs,0,1,1,0,1,0,0,0,,2,0,,7,19,1
28,57,3,3,"1,2,3",1P:5;2MS:1;3MP:6;3MS:2,2,1,two_verbs,1,1,1,1,1,1,0,0,,2,0,,14,38,1
28,58,1,1,"1,3",1P:5;3FS:3;3MP:2,1,1,two_verbs,1,0,1,0,0,1,1,1,3->1,2,0,,10,26,1
28,59,3,3,"1,2,3",1P:3;2MS:1;3FS:2;3MP:1;3MS:3,2,1,two_verbs,1,1,1,1,1,1,1,1,1->3,1,0,revelation,10,31,1
28,60,2,2,"2,3",2MP:4;3FS:1,1,0,,0,1,1,0,1,0,1,1,3->2,0,0,,5,27,1
28,61,1,1,"1,3",1P:4;3MS:5,1,1,verb_plus_indep_pron,1,0,1,0,0,1,1,1,2->1,0,0,judgment,9,30,1
28,62,2,2,"1,2,3",1S:1;2MP:4;3MP:1;3MS:2,2,1,two_verbs,1,1,1,1,1,1,1,1,1->2,1,0,oneness,8,14,1
28,63,1,1,"1,2,3",1P:10;2MS:1;3MP:6;3MS:2,2,1,two_verbs,1,1,1,1,1,1,1,1,2->1,2,1,,19,30,1
28,64,3,3,"2,3",2MP:3;3MP:13;3MS:1,1,1,two_verbs,0,1,1,0,1,0,1,1,1->3,2,1,"oneness,judgment",17,28,1
28,65,3,3,"2,3",2MP:2;3MP:1;3MS:2,1,1,two_verbs,0,1,1,0,1,0,0,0,,1,0,,5,11,1
28,66,3,3,3,3FS:1;3MP:4,0,0,,0,0,1,0,0,0,0,0,,0,0,,5,12,1
28,67,3,3,3,3MS:5,0,0,,0,0,1,0,0,0,0,0,,0,0,,5,16,1
28,68,3,3,"2,3",2MS:1;3MP:3;3MS:5,1,0,,0,1,1,0,1,0,0,0,,0,0,,9,22,1
28,69,3,3,"2,3",2MS:1;3FS:1;3MP:3;3MS:1,1,0,,0,1,1,0,1,0,0,0,,0,0,,6,12,1
28,70,3,3,"2,3",2MP:2;3MS:5,1,1,verb_plus_indep_pron,0,1,1,0,1,0,0,0,,0,0,oneness,7,27,1
28,71,2,2,"2,3",2MP:6;2MS:1;3MS:2,1,1,two_verbs,0,1,1,0,1,0,1,1,3->2,2,0,judgment,9,29,1
28,72,2,2,"2,3",2MP:8;2MS:1;3MS:3,1,1,two_verbs,0,1,1,0,1,0,0,0,,2,0,judgment,12,33,1
28,73,2,2,"2,3",2MP:8;3MS:4,1,1,two_verbs,0,1,1,0,1,0,0,0,,1,0,mercy,12,29,1
28,74,2,2,"1,2,3",1S:1;2MP:4;3MP:1;3MS:2,2,1,two_verbs,1,1,1,1,1,1,0,0,,1,0,oneness,8,14,1
28,75,3,3,"1,2,3",1P:4;2MP:3;3MP:7;3MS:1,2,1,two_verbs,1,1,1,1,1,1,1,1,2->3,2,0,law,15,31,1
28,76,3,3,"1,3",1P:2;3FS:2;3MP:1;3MS:8,1,1,two_verbs,1,0,1,0,0,1,0,0,,2,1,prophets,13,43,1
28,77,2,2,"2,3",2MS:7;3MS:3,1,1,two_verbs,0,1,1,0,1,0,1,1,3->2,5,0,,10,41,1
28,78,3,3,"1,3",1S:3;3MP:1;3MS:8,1,1,two_verbs,1,0,1,0,0,1,1,1,2->3,2,1,,12,41,1
28,79,3,3,"1,3",1P:1;3MP:2;3MS:6,1,1,verb_plus_indep_pron,1,0,1,0,0,1,0,0,,0,1,,9,30,1
28,80,3,3,"2,3",2MP:1;3FS:1;3MP:2;3MS:4,1,0,,0,1,1,0,1,0,0,0,,0,1,judgment,8,25,1
28,81,3,3,"1,3",1P:2;3MP:2;3MS:6,1,1,two_verbs,1,0,1,0,0,1,0,0,,1,0,creation,10,30,1
28,82,3,3,"1,3",1P:2;3MP:4;3MS:10,1,1,verb_plus_indep_pron,1,0,1,0,0,1,0,0,,0,0,,16,41,1
28,83,3,3,"1,3",1P:1;3FS:1;3MP:2,1,1,two_verbs,1,0,1,0,0,1,0,0,,1,0,creation,4,25,1
28,84,3,3,3,3FS:1;3MP:6;3MS:4,0,0,,0,0,1,0,0,0,0,0,,0,0,judgment,11,31,1
28,85,3,3,"1,2,3",1S:1;2MS:3;3MS:3,2,1,two_verbs,1,1,1,1,1,1,0,0,,2,0,,7,27,1
28,86,3,3,"2,3",2MS:4;3FS:2;3MS:1,1,1,two_verbs,0,1,1,0,1,0,0,0,,1,0,"mercy,revelation",7,24,1
28,87,3,3,"2,3",2MS:4;3FS:2;3MP:1,1,1,two_verbs,0,1,1,0,1,0,0,0,,2,0,revelation,7,25,1
28,88,3,3,"2,3",2MP:2;3FS:1;3MS:4,1,1,two_verbs,0,1,1,0,1,0,0,0,,1,0,oneness,7,26,1
29,1,,3,,,0,0,,0,0,0,0,0,0,0,0,,0,0,,0,1,0
29,2,3,3,"1,3",1P:2;3MP:7;3MS:1,1,1,two_verbs,1,0,1,0,0,1,0,0,,2,0,,10,17,1
29,3,3,3,"1,3",1P:2;3MP:3;3MS:2,1,1,two_verbs,1,0,1,0,0,1,0,0,,1,0,,7,23,1
29,4,3,3,"1,3",1P:1;3MP:6;3MS:2,1,0,,1,0,1,0,0,1,0,0,,0,0,,9,15,1
29,5,3,3,3,3MS:3,0,0,,0,0,1,0,0,0,0,0,,0,0,,3,17,1
29,6,3,3,3,3MS:3,0,0,,0,0,1,0,0,0,0,0,,0,0,,3,17,1
29,7,3,3,"1,3",1P:2;3MP:11,1,1,two_verbs,1,0,1,0,0,1,0,0,,2,0,judgment,13,27,1
29,8,2,2,"1,2,3",1P:2;1S:3;2MP:6;2MS:3;3D:1;3FS:1;3MD:2;3MS:3,2,1,two_verbs,1,1,1,1,1,1,1,1,3->2,5,0,,21,42,1
29,9,3,3,"1,3",1P:1;3MP:5,1,1,two_verbs,1,0,1,0,0,1,1,1,2->3,1,0,judgment,6,16,1
29,10,3,3,"1,2,3",1P:5;2MP:1;2MS:1;3MP:1;3MS:5,2,1,two_verbs,1,1,1,1,1,1,0,0,,4,0,judgment,13,51,1
29,11,3,3,3,3MP:2;3MS:2,0,0,,0,0,1,0,0,0,0,0,,0,0,,4,14,1
29,12,3,3,"1,2,3",1P:2;2MP:3;3MP:7;3MS:1,2,1,two_verbs,1,1,1,1,1,1,0,0,,2,0,,13,32,1
29,13,3,3,3,3MP:8,0,0,,0,0,1,0,0,0,0,0,,0,0,judgment,8,24,1
29,14,3,3,"1,3",1P:2;3MP:3;3MS:3,1,1,two_verbs,1,0,1,0,0,1,0,0,,1,0,prophets,8,26,1
29,15,1,1,"1,3",1P:4;3FS:1;3MS:1,1,0,,1,0,1,0,0,1,1,1,3->1,0,0,,6,16,1
29,16,2,2,"2,3",2MP:9;3MS:3,1,1,two_verbs,0,1,1,0,1,0,1,1,1->2,1,1,prophets,12,23,1
29,17,2,2,"2,3",2MP:15;3MP:2;3MS:3,1,1,two_verbs,0,1,1,0,1,0,0,0,,2,0,,20,45,1
29,18,2,2,"2,3",2MP:3;3MS:1,1,1,two_verbs,0,1,1,0,1,0,0,0,,1,0,revelation,4,21,1
29,19,3,3,3,3MP:2;3MS:3,0,0,,0,0,1,0,0,0,1,1,2->3,0,0,,5,18,1
29,20,2,2,"2,3",2MP:4;2MS:1;3MS:2,1,1,two_verbs,0,1,1,0,1,0,1,1,3->2,1,0,,7,26,1
29,21,3,3,"2,3",2MP:2;3MS:5,1,1,two_verbs,0,1,1,0,1,0,1,1,2->3,1,0,mercy,7,12,1
29,22,2,2,2,2MP:2,0,0,,0,1,0,0,0,0,1,1,3->2,0,0,creation,2,25,0
29,23,3,3,"1,3",1S:1;3MP:5;3MS:1,1,0,,1,0,1,0,0,1,1,1,2->3,0,0,"judgment,mercy,revelation",7,22,1
29,24,3,3,"2,3",2MP:4;3MP:4;3MS:6,1,1,two_verbs,0,1,1,0,1,0,0,0,,2,1,"judgment,revelation,prophets",14,33,1
29,25,2,2,"2,3",2MP:7;3MS:3,1,1,two_verbs,0,1,1,0,1,0,1,1,3->2,2,1,"judgment,prophets",10,43,1
29,26,3,3,"1,3",1S:2;3MS:5,1,0,,1,0,1,0,0,1,1,1,2->3,0,1,prophets,7,20,1
29,27,1,1,"1,3",1P:6;3MS:5,1,1,verb_plus_indep_pron,1,0,1,0,0,1,1,1,3->1,0,0,"judgment,revelation",11,38,1
29,28,3,3,"2,3",2MP:4;3FS:1;3MS:3,1,1,two_verbs,0,1,1,0,1,0,1,1,1->3,2,1,prophets,8,24,1
29,29,2,2,"1,2,3",1P:1;2MP:8;2MS:3;3MP:2;3MS:2,2,1,two_verbs,1,1,1,1,1,1,1,1,3->2,2,1,judgment,16,42,1
29,30,2,2,"1,2,3",1S:2;2MS:1;3MS:1,2,1,two_verbs,1,1,1,1,1,1,0,0,,1,1,,4,10,1
29,31,3,3,"1,3",1P:2;3FS:2;3MP:4,1,0,,1,0,1,0,0,1,1,1,2->3,0,1,prophets,8,24,1
29,32,3,3,"1,3",1P:2;3FS:3;3MP:2;3MS:4,1,1,two_verbs,1,0,1,0,0,1,0,0,,2,1,prophets,11,27,1
29,33,3,3,"1,2,3",1P:2;2MS:5;3FS:2;3MP:4;3MS:2,2,1,two_verbs,1,1,1,1,1,1,0,0,,2,1,prophets,15,37,1
29,34,3,3,"1,3",1P:1;3MP:4,1,0,,1,0,1,0,0,1,0,0,,0,0,"judgment,creation",5,18,1
29,35,3,3,"1,3",1P:2;3FS:1;3MP:2,1,1,two_verbs,1,0,1,0,0,1,0,0,,1,0,,5,13,1
29,36,2,2,"1,2,3",1S:1;2MP:6;3MP:1;3MS:1,2,1,two_verbs,1,1,1,1,1,1,1,1,3->2,1,1,creation,9,29,1
29,37,3,3,3,3FS:1;3MP:6;3MS:1,0,0,,0,0,1,0,0,0,1,1,2->3,0,0,,8,16,1
29,38,3,3,"2,3",2MP:1;3MP:6;3MS:3,1,1,verb_plus_indep_pron,0,1,1,0,1,0,0,0,,0,0,prophets,10,30,1
29,39,3,3,3,3MP:5;3MS:1,0,0,,0,0,1,0,0,0,0,0,,0,0,"judgment,prophets",6,26,1
29,40,3,3,"1,3",1P:8;3FS:1;3MP:10;3MS:6,1,1,two_verbs,1,0,1,0,0,1,0,0,,3,0,creation,25,55,1
29,41,3,3,3,3FS:1;3MP:6,0,0,,0,0,1,0,0,0,0,0,,0,0,,7,28,1
29,42,3,3,3,3MP:2;3MS:3,0,0,,0,0,1,0,0,0,0,0,,0,0,oneness,5,17,1
29,43,3,3,"1,3",1P:1;3FS:2;3MS:1,1,1,two_verbs,1,0,1,0,0,1,0,0,,1,0,,4,16,1
29,44,3,3,3,3MS:1,0,0,,0,0,1,0,0,0,0,0,,0,0,creation,1,18,1
29,45,2,2,"2,3",2MP:2;2MS:3;3FS:1;3MS:2,1,1,two_verbs,0,1,1,0,1,0,1,1,3->2,4,0,"revelation,prayer",8,33,1
29,46,3,3,"1,2,3",1P:5;2MP:6;3FS:1;3MP:3;3MS:3,2,1,two_verbs,1,1,1,1,1,1,1,1,2->3,4,0,revelation,18,44,1
29,47,3,3,"1,2,3",1P:5;2MS:1;3MP:3;3MS:4,2,1,two_verbs,1,1,1,1,1,1,0,0,,1,0,revelation,13,36,1
29,48,2,2,"2,3",2MS:4;3FS:1;3MS:3,1,1,two_verbs,0,1,1,0,1,0,1,1,3->2,3,0,revelation,8,22,1
29,49,3,3,"1,3",1P:1;3MP:2;3MS:2,1,0,,1,0,1,0,0,1,1,1,2->3,0,0,,5,20,1
29,50,3,3,"1,2,3",1S:1;2MS:1;3MP:2;3MS:3,2,1,two_verbs,1,1,1,1,1,1,0,0,,1,0,revelation,7,24,1
29,51,3,3,"1,2,3",1P:3;2MS:1;3MP:4;3MS:2,2,1,two_verbs,1,1,1,1,1,1,0,0,,2,0,"mercy,revelation",10,27,1
29,52,3,3,"1,2,3",1S:1;2MP:1;2MS:1;3MP:5;3MS:2,2,1,two_verbs,1,1,1,1,1,1,0,0,,1,0,"creation,law",10,34,1
29,53,3,3,"2,3",2MS:1;3MP:7;3MS:2,1,0,,0,1,1,0,1,0,0,0,,0,0,judgment,10,27,1
29,54,3,3,"2,3",2MS:1;3MP:2,1,0,,0,1,1,0,1,0,0,0,,0,0,judgment,3,14,1
29,55,2,2,"2,3",2MP:6;3MP:3;3MS:2,1,1,two_verbs,0,1,1,0,1,0,1,1,3->2,1,1,judgment,11,22,1
29,56,1,1,"1,2,3",1S:4;2MP:2;3MP:2,2,1,two_verbs,1,1,1,1,1,1,1,1,2->1,1,0,creation,8,16,1
29,57,2,2,"1,2",1P:1;2MP:2,1,0,,1,1,0,1,0,0,1,1,1->2,0,0,,3,10,1
29,58,3,3,"1,3",1P:1;3FS:3;3MP:5;3MS:1,1,1,two_verbs,1,0,1,0,0,1,1,1,2->3,2,0,judgment,10,30,1
29,59,3,3,3,3MP:5,0,0,,0,0,1,0,0,0,0,0,,0,0,,5,9,1
29,60,3,3,"2,3",2MP:1;3FS:3;3MS:2,1,1,verb_plus_indep_pron,0,1,1,0,1,0,0,0,,0,0,,6,19,1
29,61,3,3,"2,3",2MS:2;3MP:4;3MS:2,1,1,two_verbs,0,1,1,0,1,0,0,0,,1,0,creation,8,28,1
29,62,3,3,3,3MS:5,0,0,,0,0,1,0,0,0,0,0,,0,0,,5,20,1
29,63,3,3,"2,3",2MS:3;3FS:1;3MP:5;3MS:3,1,1,two_verbs,0,1,1,0,1,0,0,0,,3,0,creation,12,37,1
29,64,3,3,3,3FS:1;3MP:4,0,0,,0,0,1,0,0,0,0,0,,0,0,,5,26,1
29,65,3,3,3,3MP:8;3MS:2,0,0,,0,0,1,0,0,0,0,0,,0,0,,10,26,1
29,66,3,3,"1,3",1P:2;3MP:7,1,1,two_verbs,1,0,1,0,0,1,0,0,,2,0,,9,16,1
29,67,3,3,"1,3",1P:3;3MP:7;3MS:1,1,1,two_verbs,1,0,1,0,0,1,0,0,,2,0,,11,31,1
29,68,3,3,3,3MS:5,0,0,,0,0,1,0,0,0,0,0,,0,0,judgment,5,25,1
29,69,1,1,"1,3",1P:3;3MP:3,1,1,two_verbs,1,0,1,0,0,1,1,1,3->1,1,0,,6,19,1
30,1,,3,,,0,0,,0,0,0,0,0,0,0,0,,0,0,,0,1,0
30,2,3,3,3,3FS:1,0,0,,0,0,1,0,0,0,0,0,,0,0,,1,3,1
30,3,3,3,3,3MP:4,0,0,,0,0,1,0,0,0,0,0,,0,0,,4,13,1
30,4,3,3,3,3MS:1,0,0,,0,0,1,0,0,0,0,0,,0,0,,1,17,1
30,5,3,3,3,3MS:3,0,0,,0,0,1,0,0,0,0,0,,0,0,mercy,3,12,1
30,6,3,3,3,3MP:2;3MS:2,0,0,,0,0,1,0,0,0,0,0,,0,0,,4,15,1
30,7,3,3,3,3MP:4,0,0,,0,0,1,0,0,0,0,0,,0,0,,4,15,1
30,8,3,3,3,3D:1;3MP:4;3MS:1,0,0,,0,0,1,0,0,0,0,0,,0,0,creation,6,39,1
30,9,3,3,3,3FS:3;3MP:22;3MS:3,0,0,,0,0,1,0,0,0,0,0,,0,0,creation,28,62,1
30,10,3,3,3,3FS:1;3MP:8;3MS:1,0,0,,0,0,1,0,0,0,0,0,,0,0,revelation,10,21,1
30,11,3,3,"2,3",2MP:2;3MS:4,1,1,two_verbs,0,1,1,0,1,0,0,0,,1,0,,6,12,1
30,12,3,3,3,3FS:1;3MS:1,0,0,,0,0,1,0,0,0,0,0,,0,0,judgment,2,8,1
30,13,3,3,3,3MP:5;3MS:1,0,0,,0,0,1,0,0,0,0,0,,0,0,oneness,6,16,1
30,14,3,3,3,3FS:1;3MP:2,0,0,,0,0,1,0,0,0,0,0,,0,0,judgment,3,8,1
30,15,3,3,3,3MP:7,0,0,,0,0,1,0,0,0,0,0,,0,0,judgment,7,16,1
30,16,3,3,"1,3",1P:1;3MP:4,1,0,,1,0,1,0,0,1,0,0,,0,0,judgment,5,21,1
30,17,2,2,2,2MP:4,0,0,,0,1,0,0,0,0,1,1,3->2,0,0,,4,10,1
30,18,2,2,"2,3",2MP:2;3MS:1,1,1,verb_plus_indep_pron,0,1,1,0,1,0,0,0,,0,0,creation,3,17,1
30,19,3,3,"2,3",2MP:2;3FS:1;3MS:3,1,1,two_verbs,0,1,1,0,1,0,1,1,2->3,1,0,creation,6,25,1
30,20,2,2,"2,3",2MP:4;3MS:2,1,1,two_verbs,0,1,1,0,1,0,1,1,3->2,1,0,"revelation,creation",6,15,1
30,21,3,3,"2,3",2MP:5;3FS:1;3MP:2;3MS:3,1,1,two_verbs,0,1,1,0,1,0,1,1,2->3,2,0,"mercy,revelation,creation",11,33,1
30,22,2,2,"2,3",2MP:2;3MS:1,1,0,,0,1,1,0,1,0,1,1,3->2,0,0,"revelation,creation",3,25,0
30,23,3,3,"2,3",2MP:2;3MP:2;3MS:2,1,0,,0,1,1,0,1,0,1,1,2->3,0,0,revelation,6,27,1
30,24,3,3,"2,3",2MP:1;3FS:1;3MP:2;3MS:5,1,0,,0,1,1,0,1,0,0,0,,0,0,"revelation,creation",9,35,1
30,25,3,3,"2,3",2MP:4;3FS:1;3MS:3,1,1,two_verbs,0,1,1,0,1,0,0,0,,1,0,"revelation,creation",8,26,1
30,26,3,3,3,3MS:2,0,0,,0,0,1,0,0,0,0,0,,0,0,creation,2,14,0
30,27,3,3,3,3MS:8,0,0,,0,0,1,0,0,0,0,0,,0,0,creation,8,33,1
30,28,2,2,"1,2,3",1P:3;2MP:10;3FS:1;3MP:3;3MS:2,2,1,two_verbs,1,1,1,1,1,1,1,1,3->2,4,0,oneness,19,44,1
30,29,3,3,3,3MP:4;3MS:3,0,0,,0,0,1,0,0,0,1,1,2->3,0,0,,7,22,1
30,30,3,3,"2,3",2MS:2;3FS:1;3MP:2;3MS:1,1,1,two_verbs,0,1,1,0,1,0,0,0,,1,0,creation,6,34,1
30,31,2,2,"2,3",2MP:6;3MS:2,1,0,,0,1,1,0,1,0,1,1,3->2,0,0,prayer,8,19,1
30,32,3,3,3,3MP:6,0,0,,0,0,1,0,0,0,1,1,2->3,0,0,,6,17,1
30,33,3,3,3,3MP:8;3MS:4,0,0,,0,0,1,0,0,0,0,0,,0,0,mercy,12,29,1
30,34,2,2,"1,2,3",1P:2;2MP:4;3MP:3,2,1,two_verbs,1,1,1,1,1,1,1,1,3->2,2,0,,9,15,1
30,35,3,3,"1,3",1P:2;3MP:5;3MS:3,1,1,two_verbs,1,0,1,0,0,1,1,1,2->3,1,0,revelation,10,17,1
30,36,3,3,"1,3",1P:2;3FS:3;3MP:7,1,1,two_verbs,1,0,1,0,0,1,0,0,,1,0,mercy,12,25,1
30,37,3,3,3,3MP:4;3MS:3,0,0,,0,0,1,0,0,0,0,0,,0,0,revelation,7,24,1
30,38,3,3,"2,3",2MS:1;3MP:3;3MS:1,1,1,two_verbs,0,1,1,0,1,0,0,0,,1,0,,5,27,1
30,39,2,2,"2,3",2MP:6;3MP:1;3MS:2,1,1,two_verbs,0,1,1,0,1,0,1,1,3->2,2,0,law,9,32,1
30,40,3,3,"2,3",2MP:5;3MP:2;3MS:7,1,0,,0,1,1,0,1,0,1,1,2->3,0,0,"oneness,creation",14,31,1
30,41,3,3,3,3FS:1;3MP:6;3MS:2,0,0,,0,0,1,0,0,0,0,0,,0,0,,9,26,1
30,42,2,2,"2,3",2MP:4;2MS:1;3MP:1;3MS:2,1,1,two_verbs,0,1,1,0,1,0,1,1,3->2,1,0,,8,19,1
30,43,3,3,"2,3",2MS:2;3MP:2;3MS:2,1,1,two_verbs,0,1,1,0,1,0,1,1,2->3,1,0,,6,23,1
30,44,3,3,3,3MP:3;3MS:4,0,0,,0,0,1,0,0,0,0,0,,0,0,,7,17,1
30,45,3,3,3,3MP:4;3MS:4,0,0,,0,0,1,0,0,0,0,0,,0,0,judgment,8,19,1
30,46,3,3,"2,3",2MP:6;3FS:1;3MS:6,1,1,two_verbs,0,1,1,0,1,0,0,0,,1,0,"mercy,revelation",13,36,1
30,47,3,3,"1,2,3",1P:5;2MS:1;3MP:6;3MS:1,2,1,two_verbs,1,1,1,1,1,1,0,0,,3,0,,13,34,1
30,48,3,3,"2,3",2MS:1;3FS:1;3MP:3;3MS:12,1,1,two_verbs,0,1,1,0,1,0,0,0,,2,0,creation,17,42,1
30,49,3,3,3,3MP:3;3MS:2,0,0,,0,0,1,0,0,0,0,0,,0,0,revelation,5,15,1
30,50,3,3,"2,3",2MS:1;3FS:1;3MS:2,1,1,two_verbs,0,1,1,0,1,0,0,0,,1,0,"mercy,creation",4,25,1
30,51,3,3,"1,3",1P:2;3MP:6;3MS:2,1,1,two_verbs,1,0,1,0,0,1,0,0,,1,0,,10,19,1
30,52,2,2,"2,3",2MS:3;3MP:2,1,1,two_verbs,0,1,1,0,1,0,1,1,3->2,1,0,,5,18,1
30,53,3,3,"1,2,3",1P:1;2MS:2;3MP:2;3MS:1,2,1,two_verbs,1,1,1,1,1,1,1,1,2->3,1,0,,6,21,1
30,54,3,3,"2,3",2MP:1;3MS:6,1,0,,0,1,1,0,1,0,0,0,,0,0,creation,7,29,1
30,55,3,3,3,3FS:1;3MP:6;3MS:1,0,0,,0,0,1,0,0,0,0,0,,0,0,judgment,8,19,1
30,56,2,2,"2,3",2MP:7;3MP:2;3MS:1,1,1,two_verbs,0,1,1,0,1,0,1,1,3->2,1,1,judgment,10,34,1
30,57,3,3,3,3MP:6;3MS:1,0,0,,0,0,1,0,0,0,1,1,2->3,0,0,,7,14,1
30,58,3,3,"1,2,3",1P:2;2MP:1;2MS:2;3MP:3;3MS:1,2,1,two_verbs,1,1,1,1,1,1,0,0,,2,0,mercy,9,33,1
30,59,3,3,3,3MP:2;3MS:1,0,0,,0,0,1,0,0,0,0,0,,0,0,,3,10,1
30,60,3,3,"2,3",2MS:2;3MP:2;3MS:1,1,1,two_verbs,0,1,1,0,1,0,0,0,,1,0,,5,15,1
31,1,,3,,,0,0,,0,0,0,0,0,0,0,0,,0,0,,0,1,0
31,2,,3,,,0,0,,0,0,0,0,0,0,0,0,,0,0,revelation,0,6,0
31,3,,3,,,0,0,,0,0,0,0,0,0,0,0,,0,0,mercy,0,6,0
31,4,3,3,3,3MP:8,0,0,,0,0,1,0,0,0,0,0,,0,0,"law,prayer",8,18,1
31,5,3,3,3,3MP:2,0,0,,0,0,1,0,0,0,0,0,,0,0,,2,11,0
31,6,3,3,3,3FS:1;3MP:1;3MS:3,0,0,,0,0,1,0,0,0,0,0,,0,0,judgment,5,26,1
31,7,3,3,"1,2,3",1P:1;2MS:1;3FS:2;3MS:5,2,1,two_verbs,1,1,1,1,1,1,0,0,,1,0,judgment,9,25,1
31,8,3,3,3,3MP:5,0,0,,0,0,1,0,0,0,0,0,,0,0,,5,14,1
31,9,3,3,3,3FS:1;3MS:1,0,0,,0,0,1,0,0,0,0,0,,0,0,,2,12,0
31,10,3,3,"1,2,3",1P:4;2MP:3;3FS:4;3MS:3,2,1,two_verbs,1,1,1,1,1,1,0,0,,3,0,"mercy,revelation,creation",14,42,1
31,11,2,2,"1,2,3",1S:1;2MP:2;3MS:2,2,1,two_verbs,1,1,1,1,1,1,1,1,3->2,1,0,"oneness,creation",5,19,1
31,12,3,3,"1,2,3",1P:2;2MS:1;3MS:4,2,1,two_verbs,1,1,1,1,1,1,1,1,2->3,2,1,,7,30,1
31,13,3,3,"1,2,3",1S:1;2MS:1;3MS:5,2,1,two_verbs,1,1,1,1,1,1,0,0,,1,1,,7,24,1
31,14,3,3,"1,2,3",1P:2;1S:2;2MS:2;3FS:1;3MS:4,2,1,two_verbs,1,1,1,1,1,1,0,0,,2,0,,11,32,1
31,15,2,2,"1,2,3",1S:4;2MP:6;2MS:5;3D:2;3FS:1;3MD:2;3MS:3,2,1,two_verbs,1,1,1,1,1,1,1,1,3->2,6,0,,23,49,1
31,16,3,3,"1,3",1S:1;3FS:4;3MS:1,1,0,,1,0,1,0,0,1,1,1,2->3,0,1,creation,6,31,1
31,17,2,2,"1,2,3",1S:1;2MS:5;3MS:1,2,1,two_verbs,1,1,1,1,1,1,1,1,3->2,1,0,prayer,7,28,1
31,18,2,2,"2,3",2MS:3;3MS:1,1,1,two_verbs,0,1,1,0,1,0,0,0,,1,0,creation,4,22,1
31,19,2,2,2,2MS:4,0,0,,0,1,0,0,0,0,0,0,,0,0,,4,18,1
31,20,3,3,"2,3",2MP:4;3MS:4,1,1,two_verbs,0,1,1,0,1,0,1,1,2->3,1,0,"revelation,creation",8,45,1
31,21,3,3,"1,2,3",1P:4;2MP:2;3MP:4;3MS:5,2,1,two_verbs,1,1,1,1,1,1,0,0,,4,1,"judgment,revelation",15,33,1
31,22,3,3,3,3MS:4,0,0,,0,0,1,0,0,0,0,0,,0,0,,4,24,1
31,23,3,3,"1,2,3",1P:2;2MS:1;3MP:4;3MS:3,2,1,two_verbs,1,1,1,1,1,1,0,0,,2,0,,10,27,1
31,24,1,1,"1,3",1P:2;3MP:2,1,0,,1,0,1,0,0,1,1,1,3->1,0,0,judgment,4,9,1
31,25,3,3,"2,3",2MS:3;3MP:5;3MS:1,1,1,two_verbs,0,1,1,0,1,0,1,1,1->3,3,0,creation,9,28,1
31,26,3,3,3,3MS:1,0,0,,0,0,1,0,0,0,0,0,,0,0,creation,1,16,0
31,27,3,3,3,3FS:1;3MS:3,0,0,,0,0,1,0,0,0,0,0,,0,0,creation,4,28,1
31,28,2,2,2,2MP:2,0,0,,0,1,0,0,0,0,1,1,3->2,0,0,,2,15,0
31,29,3,3,"2,3",2MP:2;2MS:1;3MS:4,1,1,two_verbs,0,1,1,0,1,0,1,1,2->3,2,0,creation,7,38,1
31,30,3,3,3,3MP:2;3MS:3,0,0,,0,0,1,0,0,0,0,0,,0,0,oneness,5,25,1
31,31,3,3,"2,3",2MP:1;2MS:1;3FS:1;3MS:2,1,1,two_verbs,0,1,1,0,1,0,0,0,,1,0,revelation,5,28,1
31,32,3,3,"1,3",1P:1;3MP:5;3MS:4,1,0,,1,0,1,0,0,1,0,0,,0,0,revelation,10,37,1
31,33,2,2,"2,3",2MP:7;3FS:1;3MS:5,1,1,two_verbs,0,1,1,0,1,0,1,1,3->2,1,0,,13,49,1
31,34,3,3,3,3FS:4;3MS:3,0,0,,0,0,1,0,0,0,1,1,2->3,0,0,judgment,7,36,1
32,1,,3,,,0,0,,0,0,0,0,0,0,0,0,,0,0,,0,1,0
32,2,3,3,3,3MS:1,0,0,,0,0,1,0,0,0,0,0,,0,0,revelation,1,11,0
32,3,3,3,"2,3",2MS:3;3MP:6;3MS:4,1,1,two_verbs,0,1,1,0,1,0,0,0,,2,0,revelation,13,27,1
32,4,3,3,"2,3",2MP:3;3D:1;3MS:3,1,1,two_verbs,0,1,1,0,1,0,0,0,,1,0,creation,7,36,1
32,5,3,3,"2,3",2MP:2;3MS:5,1,1,two_verbs,0,1,1,0,1,0,0,0,,1,0,creation,7,24,1
32,6,,3,,,0,0,,0,0,0,0,0,0,0,0,,0,0,mercy,0,11,0
32,7,3,3,3,3MS:4,0,0,,0,0,1,0,0,0,0,0,,0,0,creation,4,13,1
32,8,3,3,3,3MS:2,0,0,,0,0,1,0,0,0,0,0,,0,0,,2,9,1
32,9,3,3,"2,3",2MP:3;3MS:6,1,1,two_verbs,0,1,1,0,1,0,0,0,,1,0,creation,9,26,1
32,10,3,3,"1,3",1P:3;3MP:4,1,1,two_verbs,1,0,1,0,0,1,0,0,,1,0,creation,7,24,1
32,11,2,2,"2,3",2MP:5;2MS:1;3MS:2,1,1,two_verbs,0,1,1,0,1,0,1,1,3->2,2,0,,8,16,1
32,12,1,1,"1,2,3",1P:8;2MS:2;3MP:2,2,1,two_verbs,1,1,1,1,1,1,1,1,2->1,3,0,,12,27,1
32,13,1,1,"1,3",1P:4;1S:2;3FS:1;3MS:1,1,1,two_verbs,1,0,1,0,0,1,0,0,,2,0,judgment,8,29,1
32,14,2,2,"1,2",1P:3;2MP:12,1,1,two_verbs,1,1,0,1,0,0,1,1,1->2,2,0,judgment,15,28,1
32,15,3,3,"1,3",1P:1;3FS:1;3MP:10;3MS:1,1,0,,1,0,1,0,0,1,1,1,2->3,0,0,,13,27,1
32,16,3,3,"1,3",1P:2;3FS:1;3MP:7,1,1,two_verbs,1,0,1,0,0,1,0,0,,2,0,,10,21,1
32,17,3,3,3,3FS:1;3MP:5;3MS:1,0,0,,0,0,1,0,0,0,0,0,,0,0,judgment,7,18,1
32,18,3,3,3,3MP:2;3MS:2,0,0,,0,0,1,0,0,0,0,0,,0,0,,4,12,1
32,19,3,3,3,3MP:9,0,0,,0,0,1,0,0,0,0,0,,0,0,,9,22,1
32,20,3,3,"2,3",2MP:6;3FS:2;3MP:10;3MS:2,1,1,two_verbs,0,1,1,0,1,0,0,0,,1,1,judgment,20,38,1
32,21,3,3,"1,3",1P:1;3MP:4,1,1,two_verbs,1,0,1,0,0,1,0,0,,1,0,judgment,5,19,1
32,22,3,3,"1,3",1P:1;3FS:1;3MS:3,1,0,,1,0,1,0,0,1,0,0,,0,0,,5,20,1
32,23,1,1,"1,2,3",1P:4;2MS:1;3MS:2,2,1,two_verbs,1,1,1,1,1,1,1,1,3->1,2,0,"revelation,prophets",7,24,1
32,24,3,3,"1,3",1P:4;3MP:9,1,1,two_verbs,1,0,1,0,0,1,1,1,1->3,1,0,revelation,13,22,1
32,25,3,3,"2,3",2MS:1;3MP:5;3MS:3,1,0,,0,1,1,0,1,0,0,0,,0,0,judgment,9,18,1
32,26,3,3,"1,3",1P:2;3MP:7;3MS:1,1,1,two_verbs,1,0,1,0,0,1,0,0,,2,0,revelation,10,30,1
32,27,3,3,"1,3",1P:3;3FS:1;3MP:6;3MS:2,1,1,two_verbs,1,0,1,0,0,1,0,0,,2,0,,12,33,1
32,28,2,2,"2,3",2MP:2;3MP:2,1,1,two_verbs,0,1,1,0,1,0,1,1,3->2,1,0,,4,11,1
32,29,3,3,"2,3",2MS:1;3MP:6;3MS:1,1,1,two_verbs,0,1,1,0,1,0,1,1,2->3,1,0,judgment,8,16,1
32,30,2,2,"2,3",2MS:2;3MP:2,1,0,,0,1,1,0,1,0,1,1,3->2,0,0,,4,9,1
33,1,2,2,"2,3",2MS:2;3MS:1,1,1,two_verbs,0,1,1,0,1,0,0,0,,1,0,,3,19,1
33,2,2,2,"2,3",2MP:2;2MS:3;3MS:2,1,1,two_verbs,0,1,1,0,1,0,0,0,,2,0,revelation,7,17,1
33,3,2,2,"2,3",2MS:1;3MS:1,1,1,two_verbs,0,1,1,0,1,0,0,0,,1,0,,2,9,1
33,4,3,3,"2,3",2MP:8;3FP:1;3MS:7,1,1,two_verbs,0,1,1,0,1,0,1,1,2->3,2,0,law,16,45,1
33,5,2,2,"2,3",2MP:10;3FS:1;3MP:3;3MS:4,1,1,two_verbs,0,1,1,0,1,0,1,1,3->2,3,0,mercy,18,48,1
33,6,3,3,"2,3",2MP:3;3MP:3;3MS:2,1,1,two_verbs,0,1,1,0,1,0,1,1,2->3,1,0,"oneness,revelation",8,46,1
33,7,1,1,"1,2,3",1P:4;2MS:1;3MP:2,2,0,,1,1,1,1,1,1,1,1,3->1,0,0,prophets,7,30,1
33,8,3,3,3,3MP:1;3MS:2,0,0,,0,0,1,0,0,0,1,1,1->3,0,0,judgment,3,14,1
33,9,2,2,"1,2,3",1P:2;2MP:8;3FS:2;3MP:3;3MS:1,2,1,two_verbs,1,1,1,1,1,1,1,1,3->2,6,0,,16,35,1
33,10,3,3,"2,3",2MP:5;3FS:2;3MP:2,1,1,two_verbs,0,1,1,0,1,0,1,1,2->3,1,0,,9,30,1
33,11,3,3,3,3MP:2;3MS:1,0,0,,0,0,1,0,0,0,0,0,,0,0,,3,9,1
33,12,3,3,"1,3",1P:1;3MP:1;3MS:3,1,0,,1,0,1,0,0,1,0,0,,0,1,revelation,5,20,1
33,13,3,3,"1,2,3",1P:1;2MP:3;3FS:2;3MP:6;3MS:1,2,1,two_verbs,1,1,1,1,1,1,0,0,,2,1,,13,39,1
33,14,3,3,3,3FS:4;3MP:7,0,0,,0,0,1,0,0,0,0,0,,0,0,,11,25,1
33,15,3,3,3,3MP:6;3MS:1,0,0,,0,0,1,0,0,0,0,0,,0,0,,7,20,1
33,16,2,2,"2,3",2MP:5;2MS:1;3MS:1,1,1,two_verbs,0,1,1,0,1,0,1,1,3->2,2,0,,7,22,1
33,17,3,3,"2,3",2MP:3;2MS:1;3MP:3;3MS:3,1,1,two_verbs,0,1,1,0,1,0,1,1,2->3,1,0,mercy,10,31,1
33,18,3,3,"1,2,3",1P:1;2MP:2;3MP:3;3MS:1,2,1,two_verbs,1,1,1,1,1,1,0,0,,2,0,,7,25,1
33,19,3,3,"2,3",2MP:2;2MS:3;3FS:1;3MP:9;3MS:6,1,1,two_verbs,0,1,1,0,1,0,0,0,,2,0,,21,56,1
33,20,3,3,"2,3",2MP:2;3MP:13;3MS:1,1,0,,0,1,1,0,1,0,0,0,,0,0,,16,37,1
33,21,3,3,"2,3",2MP:1;3MS:4,1,1,verb_plus_indep_pron,0,1,1,0,1,0,0,0,,0,0,revelation,5,24,1
33,22,3,3,"1,3",1P:1;3MP:3;3MS:6,1,0,,1,0,1,0,0,1,0,0,,0,1,revelation,10,31,1
33,23,3,3,3,3MP:8;3MS:4,0,0,,0,0,1,0,0,0,0,0,,0,0,,12,29,1
33,24,3,3,3,3MP:2;3MS:5,0,0,,0,0,1,0,0,0,0,0,,0,0,"judgment,mercy",7,23,1
33,25,3,3,3,3MP:5;3MS:3,0,0,,0,0,1,0,0,0,0,0,,0,0,,8,25,1
33,26,3,3,"2,3",2MP:4;3MP:5;3MS:2,1,1,two_verbs,0,1,1,0,1,0,0,0,,1,0,revelation,11,27,1
33,27,3,3,"2,3",2MP:3;3FS:1;3MP:3;3MS:2,1,1,two_verbs,0,1,1,0,1,0,0,0,,2,0,law,9,24,1
33,28,2,2,"1,2,3",1S:2;2FP:8;2MS:2;3FS:1,2,1,two_verbs,1,1,1,1,1,1,1,1,3->2,1,0,,13,30,1
33,29,2,2,"2,3",2FP:5;3MS:2,1,1,two_verbs,0,1,1,0,1,0,0,0,,1,0,"judgment,revelation",7,26,1
33,30,3,3,"2,3",2FP:1;3FS:1;3MS:3,1,0,,0,1,1,0,1,0,1,1,2->3,0,0,judgment,5,23,1
33,31,3,3,"1,2,3",1P:3;2FP:1;3FS:4;3MS:2,2,1,two_verbs,1,1,1,1,1,1,0,0,,1,0,"judgment,revelation",10,25,1
33,32,2,2,"2,3",2FP:8;3MS:2,1,1,two_verbs,0,1,1,0,1,0,1,1,3->2,2,0,,10,33,1
33,33,2,2,"2,3",2FP:11;2MP:2;3MS:4,1,1,two_verbs,0,1,1,0,1,0,0,0,,1,0,"revelation,law,prayer",17,49,1
33,34,2,2,"2,3",2FP:3;3MS:2,1,1,two_verbs,0,1,1,0,1,0,0,0,,1,0,,5,19,1
33,35,3,3,3,3MP:2;3MS:1,0,0,,0,0,1,0,0,0,1,1,2->3,0,0,judgment,3,72,1
33,36,3,3,3,3MP:2;3MS:7,0,0,,0,0,1,0,0,0,0,0,,0,0,revelation,9,36,1
33,37,3,3,"1,2,3",1P:2;2MS:11;3FP:1;3FS:3;3MP:3;3MS:8,2,1,two_verbs,1,1,1,1,1,1,0,0,,7,1,,28,75,1
33,38,3,3,3,3MP:2;3MS:4,0,0,,0,0,1,0,0,0,0,0,,0,0,,6,27,1
33,39,3,3,3,3MP:6;3MS:2,0,0,,0,0,1,0,0,0,0,0,,0,0,,8,21,1
33,40,3,3,"2,3",2MP:1;3MS:2,1,0,,0,1,1,0,1,0,0,0,,0,0,revelation,3,23,1
33,41,2,2,"2,3",2MP:2;3MP:2,1,1,two_verbs,0,1,1,0,1,0,1,1,3->2,1,0,,4,10,1
33,42,2,2,"2,3",2MP:2;3MS:1,1,0,,0,1,1,0,1,0,0,0,,0,0,,3,7,1
33,43,3,3,"2,3",2MP:2;3MS:5,1,0,,0,1,1,0,1,0,1,1,2->3,0,0,mercy,7,23,1
33,44,3,3,3,3MP:4;3MS:2,0,0,,0,0,1,0,0,0,0,0,,0,0,judgment,6,13,1
33,45,1,1,"1,2",1P:3;2MS:1,1,0,,1,1,0,1,0,0,1,1,3->1,0,0,"revelation,law",4,14,1
33,46,3,3,3,3MS:1,0,0,,0,0,1,0,0,0,1,1,1->3,0,0,,1,10,0
33,47,2,2,"2,3",2MS:1;3MP:1,1,1,verb_plus_indep_pron,0,1,1,0,1,0,1,1,3->2,0,0,,2,12,1
33,48,2,2,"2,3",2FS:1;2MS:2;3MP:1;3MS:1,1,1,two_verbs,0,1,1,0,1,0,0,0,,1,0,,5,21,1
33,49,2,2,"2,3",2MP:13;3FP:5;3FS:1;3MP:2,1,1,two_verbs,0,1,1,0,1,0,0,0,,1,0,law,21,41,1
33,50,3,3,"1,2,3",1P:7;2MS:13;3FP:3;3FS:5;3MP:3;3MS:5,2,1,two_verbs,1,1,1,1,1,1,1,1,2->3,4,0,"mercy,law",36,100,1
33,51,2,2,"2,3",2MP:1;2MS:12;3FP:8;3FS:1;3MS:2,1,1,two_verbs,0,1,1,0,1,0,1,1,3->2,3,0,,24,56,1
33,52,3,3,"2,3",2MS:4;3FP:2;3FS:1;3MS:3,1,1,two_verbs,0,1,1,0,1,0,1,1,2->3,2,0,law,10,34,1
33,53,2,2,"2,3",2MP:22;3FP:3;3MP:2;3MS:10,1,1,two_verbs,0,1,1,0,1,0,1,1,3->2,8,0,"revelation,law",37,107,1
33,54,2,2,"2,3",2MP:4;3MS:2,1,1,two_verbs,0,1,1,0,1,0,0,0,,1,0,,6,16,1
33,55,3,3,"2,3",2FP:2;3FP:8;3FS:1;3MS:1,1,1,two_verbs,0,1,1,0,1,0,1,1,2->3,2,0,law,12,46,1
33,56,3,3,"2,3",2MP:4;3MP:4;3MS:2,1,1,two_verbs,0,1,1,0,1,0,0,0,,1,0,,10,23,1
33,57,3,3,3,3MP:4;3MS:3,0,0,,0,0,1,0,0,0,0,0,,0,0,"judgment,revelation",7,23,1
33,58,3,3,3,3MP:6,0,0,,0,0,1,0,0,0,0,0,,0,0,,6,22,1
33,59,3,3,"2,3",2MS:3;3FP:8;3MS:1,1,1,two_verbs,0,1,1,0,1,0,0,0,,1,0,mercy,12,36,1
33,60,3,3,"1,2,3",1P:1;2MS:2;3FS:1;3MP:4;3MS:1,2,1,two_verbs,1,1,1,1,1,1,0,0,,2,0,,9,33,1
33,61,3,3,3,3MP:6,0,0,,0,0,1,0,0,0,0,0,,0,0,,6,11,1
33,62,3,3,"2,3",2MS:1;3MP:2,1,1,two_verbs,0,1,1,0,1,0,0,0,,1,0,,3,15,1
33,63,3,3,"2,3",2MS:3;3FS:2;3MS:2,1,1,two_verbs,0,1,1,0,1,0,0,0,,2,0,judgment,7,23,1
33,64,3,3,3,3MP:1;3MS:2,0,0,,0,0,1,0,0,0,0,0,,0,0,,3,10,1
33,65,3,3,3,3FS:1;3MP:2,0,0,,0,0,1,0,0,0,0,0,,0,0,,3,11,1
33,66,1,1,"1,3",1P:5;3FS:1;3MP:3,1,1,two_verbs,1,0,1,0,0,1,1,1,3->1,1,1,"judgment,revelation",9,20,1
33,67,1,1,"1,3",1P:7;3MP:4,1,1,two_verbs,1,0,1,0,0,1,0,0,,2,1,,11,20,1
33,68,2,2,"1,2,3",1P:1;2MS:2;3MP:2,2,0,,1,1,1,1,1,1,1,1,1->2,0,0,judgment,5,13,1
33,69,3,3,"2,3",2MP:2;3MP:6;3MS:3,1,1,two_verbs,0,1,1,0,1,0,1,1,2->3,2,1,prophets,11,26,1
33,70,2,2,"2,3",2MP:4;3MP:2,1,1,two_verbs,0,1,1,0,1,0,1,1,3->2,1,0,,6,13,1
33,71,3,3,"2,3",2MP:4;3MS:5,1,1,verb_plus_indep_pron,0,1,1,0,1,0,1,1,2->3,0,0,"mercy,revelation",9,23,1
33,72,3,3,"1,3",1P:3;3FP:6;3FS:3;3MS:3,1,1,two_verbs,1,0,1,0,0,1,0,0,,1,0,creation,15,37,1
33,73,3,3,3,3MS:3,0,0,,0,0,1,0,0,0,0,0,,0,0,mercy,3,28,1
34,1,3,3,3,3MS:3,0,0,,0,0,1,0,0,0,0,0,,0,0,creation,3,30,0
34,2,3,3,3,3FS:2;3MS:6,0,0,,0,0,1,0,0,0,0,0,,0,0,"mercy,creation",8,28,1
34,3,3,3,"1,2,3",1P:1;1S:1;2MP:1;2MS:1;3FS:2;3MP:2;3MS:3,2,1,two_verbs,1,1,1,1,1,1,0,0,,2,0,"judgment,creation",11,48,1
34,4,3,3,3,3MP:5;3MS:1,0,0,,0,0,1,0,0,0,0,0,,0,0,judgment,6,17,1
34,5,3,3,"1,3",1P:1;3MP:3,1,0,,1,0,1,0,0,1,0,0,,0,0,judgment,4,15,1
34,6,3,3,"2,3",2MS:2;3MP:2;3MS:4,1,0,,0,1,1,0,1,0,0,0,,0,0,revelation,8,25,1
34,7,3,3,"1,2,3",1P:1;2MP:5;3MP:2;3MS:2,2,1,two_verbs,1,1,1,1,1,1,0,0,,3,0,,10,23,1
34,8,3,3,3,3MP:2;3MS:2,0,0,,0,0,1,0,0,0,0,0,,0,0,judgment,4,25,1
34,9,3,3,"1,3",1P:3;3MP:6,1,1,two_verbs,1,0,1,0,0,1,0,0,,1,0,creation,9,44,1
34,10,1,1,"1,2,3",1P:5;2FS:2;3MS:2,2,1,two_verbs,1,1,1,1,1,1,1,1,3->1,2,1,prophets,9,25,1
34,11,2,2,"1,2",1S:1;2MP:4;2MS:2,1,0,,1,1,0,1,0,0,1,1,1->2,0,0,,7,19,1
34,12,3,3,"1,3",1P:4;3FS:2;3MP:1;3MS:6,1,1,two_verbs,1,0,1,0,0,1,1,1,2->3,2,0,"judgment,prophets",13,47,1
34,13,3,3,"1,2,3",1S:1;2MP:2;3MP:2;3MS:2,2,1,two_verbs,1,1,1,1,1,1,0,0,,1,1,prophets,7,30,1
34,14,3,3,"1,3",1P:2;3FS:2;3MP:7;3MS:5,1,1,two_verbs,1,0,1,0,0,1,0,0,,1,0,"judgment,creation,prophets",16,43,1
34,15,2,2,"2,3",2MP:5;3MP:1;3MS:2,1,1,two_verbs,0,1,1,0,1,0,1,1,3->2,1,0,mercy,8,30,1
34,16,1,1,"1,3",1P:4;3MP:5,1,1,two_verbs,1,0,1,0,0,1,1,1,2->1,1,0,,9,29,1
34,17,1,1,"1,3",1P:3;3MP:3,1,1,two_verbs,1,0,1,0,0,1,0,0,,2,0,,6,14,1
34,18,1,1,"1,2,3",1P:6;2MP:2;3FS:3;3MP:1,2,1,two_verbs,1,1,1,1,1,1,0,0,,1,0,,12,31,1
34,19,3,3,"1,2,3",1P:6;2MS:1;3MP:7,2,1,two_verbs,1,1,1,1,1,1,1,1,1->3,3,1,revelation,14,34,1
34,20,3,3,3,3MP:3;3MS:3,0,0,,0,0,1,0,0,0,0,0,,0,0,,6,18,1
34,21,3,3,"1,2,3",1P:1;2MS:1;3FS:1;3MP:1;3MS:4,2,1,two_verbs,1,1,1,1,1,1,0,0,,2,0,,8,31,1
34,22,2,2,"2,3",2MP:4;2MS:1;3D:1;3MP:4;3MS:1,1,1,two_verbs,0,1,1,0,1,0,1,1,3->2,1,0,creation,11,38,1
34,23,3,3,"2,3",2MP:1;3FS:1;3MP:5;3MS:6,1,0,,0,1,1,0,1,0,1,1,2->3,0,1,,13,35,1
34,24,2,2,"1,2,3",1P:1;2MP:2;2MS:2;3MS:1,2,1,two_verbs,1,1,1,1,1,1,1,1,3->2,2,0,creation,6,24,1
34,25,2,2,"1,2",1P:3;2MP:4;2MS:1,1,1,two_verbs,1,1,0,1,0,0,0,0,,2,0,,8,15,1
34,26,3,3,"1,2,3",1P:3;2MS:1;3MS:3,2,1,two_verbs,1,1,1,1,1,1,1,1,2->3,1,0,,7,19,1
34,27,2,2,"1,2,3",1S:1;2MP:4;2MS:1;3MS:2,2,1,verb_plus_indep_pron,1,1,1,1,1,1,1,1,3->2,0,0,oneness,8,18,1
34,28,1,1,"1,2,3",1P:2;2MS:1;3MP:2,2,1,two_verbs,1,1,1,1,1,1,1,1,2->1,1,0,revelation,5,21,1
34,29,2,2,"2,3",2MP:2;3MP:2,1,1,two_verbs,0,1,1,0,1,0,1,1,1->2,1,0,,4,11,1
34,30,2,2,"2,3",2MP:5;2MS:1;3MS:1,1,0,,0,1,1,0,1,0,0,0,,0,0,judgment,7,15,1
34,31,3,3,"1,2,3",1P:3;2MP:1;2MS:1;3MP:8;3MS:4,2,1,two_verbs,1,1,1,1,1,1,1,1,2->3,4,1,,17,49,1
34,32,3,3,"1,2,3",1P:3;2MP:4;3MP:4;3MS:2,2,1,two_verbs,1,1,1,1,1,1,0,0,,3,1,,13,24,1
34,33,3,3,"1,2,3",1P:5;2MP:2;3MP:16;3MS:2,2,1,two_verbs,1,1,1,1,1,1,0,0,,5,1,judgment,25,58,1
34,34,1,1,"1,2,3",1P:3;2MP:2;3FS:1;3MS:2,2,1,two_verbs,1,1,1,1,1,1,1,1,3->1,2,1,revelation,8,21,1
34,35,3,3,"1,3",1P:2;3MP:2,1,1,verb_plus_indep_pron,1,0,1,0,0,1,1,1,1->3,0,1,,4,13,1
34,36,3,3,"1,2,3",1S:1;2MS:1;3MP:2;3MS:3,2,1,two_verbs,1,1,1,1,1,1,0,0,,1,0,,7,20,1
34,37,3,3,"1,2,3",1P:1;2MP:3;3FS:1;3MP:4;3MS:2,2,0,,1,1,1,1,1,1,0,0,,0,0,judgment,11,38,1
34,38,3,3,"1,3",1P:1;3MP:2,1,0,,1,0,1,0,0,1,0,0,,0,0,judgment,3,13,1
34,39,3,3,"1,2,3",1S:1;2MP:2;2MS:1;3MS:9,2,1,two_verbs,1,1,1,1,1,1,0,0,,3,0,,13,32,1
34,40,3,3,"2,3",2MP:1;3MP:5;3MS:2,1,1,verb_plus_indep_pron,0,1,1,0,1,0,0,0,,0,0,,8,17,1
34,41,3,3,"1,2,3",1P:1;2MS:2;3MP:9,2,1,verb_plus_indep_pron,1,1,1,1,1,1,0,0,,0,1,,12,22,1
34,42,2,2,"1,2,3",1P:1;2MP:7;3FS:1;3MP:2;3MS:1,2,1,two_verbs,1,1,1,1,1,1,1,1,3->2,3,1,judgment,12,31,1
34,43,3,3,"1,2,3",1P:1;2MP:2;3FS:1;3MP:8;3MS:6,2,0,,1,1,1,1,1,1,1,1,2->3,0,0,,18,48,1
34,44,1,1,"1,2,3",1P:4;2MS:1;3FS:1;3MP:4,2,1,two_verbs,1,1,1,1,1,1,1,1,3->1,2,0,revelation,10,20,1
34,45,3,3,"1,3",1P:2;1S:2;3MP:6;3MS:2,1,1,two_verbs,1,0,1,0,0,1,1,1,1->3,2,0,,12,25,1
34,46,2,2,"1,2,3",1S:1;2MP:7;2MS:1;3MS:1,2,1,two_verbs,1,1,1,1,1,1,1,1,3->2,2,0,"judgment,revelation",10,34,1
34,47,2,2,"1,2,3",1S:3;2MP:2;2MS:1;3MS:2,2,1,two_verbs,1,1,1,1,1,1,0,0,,1,0,law,8,23,1
34,48,2,2,"1,2,3",1S:1;2MS:1;3MS:1,2,1,two_verbs,1,1,1,1,1,1,0,0,,1,0,,3,11,1
34,49,3,3,"2,3",2MS:1;3MS:3,1,1,two_verbs,0,1,1,0,1,0,1,1,2->3,1,0,,4,12,1
34,50,1,1,"1,2,3",1S:8;2MS:1;3MS:2,2,1,two_verbs,1,1,1,1,1,1,1,1,3->1,2,0,,11,27,1
34,51,3,3,"2,3",2MS:1;3MP:4,1,1,two_verbs,0,1,1,0,1,0,1,1,1->3,1,0,,5,15,1
34,52,3,3,"1,3",1P:2;3MP:3;3MS:1,1,1,two_verbs,1,0,1,0,0,1,0,0,,1,0,,6,16,1
34,53,3,3,3,3MP:4;3MS:1,0,0,,0,0,1,0,0,0,0,0,,0,0,,5,17,1
34,54,3,3,3,3MP:7;3MS:2,0,0,,0,0,1,0,0,0,0,0,,0,0,mercy,9,24,1
35,1,3,3,3,3MS:2,0,0,,0,0,1,0,0,0,0,0,,0,0,creation,2,33,1
35,2,3,3,3,3FS:1;3MS:5,0,0,,0,0,1,0,0,0,0,0,,0,0,mercy,6,30,1
35,3,2,2,"2,3",2MP:6;3MS:2,1,1,two_verbs,0,1,1,0,1,0,1,1,3->2,2,0,"oneness,creation",8,31,1
35,4,3,3,"2,3",2MS:2;3FS:2;3MP:2,1,0,,0,1,1,0,1,0,1,1,2->3,0,0,,6,18,1
35,5,3,3,"2,3",2MP:2;3FS:1;3MS:1,1,0,,0,1,1,0,1,0,0,0,,0,0,,4,26,1
35,6,3,3,"2,3",2MP:3;3MP:2;3MS:3,1,1,two_verbs,0,1,1,0,1,0,0,0,,1,0,,8,23,1
35,7,3,3,3,3MP:8,0,0,,0,0,1,0,0,0,0,0,,0,0,judgment,8,22,1
35,8,3,3,"2,3",2MS:1;3FS:1;3MP:3;3MS:9,1,0,,0,1,1,0,1,0,0,0,,0,0,,14,38,1
35,9,3,3,"1,3",1P:4;3FS:2;3MS:3,1,1,two_verbs,1,0,1,0,0,1,0,0,,1,0,creation,9,30,1
35,10,3,3,3,3MP:3;3MS:8,0,0,,0,0,1,0,0,0,0,0,,0,0,judgment,11,40,1
35,11,3,3,"2,3",2MP:2;3FS:2;3MS:6,1,0,,0,1,1,0,1,0,0,0,,0,0,creation,10,44,1
35,12,2,2,"2,3",2MP:11;2MS:1;3FS:1;3MS:4,1,1,two_verbs,0,1,1,0,1,0,1,1,3->2,1,0,,17,47,1
35,13,3,3,"2,3",2MP:3;3MP:2;3MS:6,1,1,two_verbs,0,1,1,0,1,0,1,1,2->3,2,0,"oneness,creation",11,45,1
35,14,3,3,"2,3",2MP:5;2MS:1;3MP:9;3MS:1,1,1,two_verbs,0,1,1,0,1,0,0,0,,1,0,judgment,16,33,1
35,15,2,2,"2,3",2MP:1;3MS:1,1,0,,0,1,1,0,1,0,1,1,3->2,0,0,,2,16,0
35,16,3,3,"2,3",2MP:1;3MS:3,1,0,,0,1,1,0,1,0,1,1,2->3,0,0,,4,9,1
35,17,,3,,,0,0,,0,0,0,0,0,0,0,0,,0,0,,0,7,0
35,18,3,3,"2,3",2MS:1;3FS:3;3MP:5;3MS:6,1,1,two_verbs,0,1,1,0,1,0,0,0,,2,0,prayer,15,54,1
35,19,3,3,3,3MS:1,0,0,,0,0,1,0,0,0,0,0,,0,0,,1,8,1
35,20,,3,,,0,0,,0,0,0,0,0,0,0,0,,0,0,,0,8,0
35,21,,3,,,0,0,,0,0,0,0,0,0,0,0,,0,0,,0,8,0
35,22,3,3,"2,3",2MS:1;3MS:3,1,1,verb_plus_indep_pron,0,1,1,0,1,0,0,0,,0,0,,4,23,1
35,23,2,2,2,2MS:1,0,0,,0,1,0,0,0,0,1,1,3->2,0,0,revelation,1,4,0
35,24,1,1,"1,2,3",1P:3;2MS:1;3FS:1;3MS:1,2,1,two_verbs,1,1,1,1,1,1,1,1,2->1,1,0,revelation,6,20,1
35,25,3,3,"2,3",2MS:1;3FS:1;3MP:5;3MS:1,1,0,,0,1,1,0,1,0,1,1,1->3,0,0,revelation,8,29,1
35,26,3,3,"1,3",1S:3;3MP:2;3MS:1,1,1,two_verbs,1,0,1,0,0,1,0,0,,1,0,,6,11,1
35,27,3,3,"1,2,3",1P:2;2MS:1;3FS:2;3MS:2,2,1,two_verbs,1,1,1,1,1,1,0,0,,2,0,creation,7,33,1
35,28,3,3,3,3MS:3,0,0,,0,0,1,0,0,0,0,0,,0,0,mercy,3,28,1
35,29,3,3,"1,3",1P:2;3FS:1;3MP:9,1,1,two_verbs,1,0,1,0,0,1,0,0,,2,0,"revelation,prayer",12,27,1
35,30,3,3,3,3MP:3;3MS:4,0,0,,0,0,1,0,0,0,0,0,,0,0,mercy,7,15,1
35,31,1,1,"1,2,3",1P:2;2MS:1;3MS:3,2,1,verb_plus_indep_pron,1,1,1,1,1,1,1,1,3->1,0,0,revelation,6,26,1
35,32,1,1,"1,3",1P:5;3MP:3;3MS:2,1,1,verb_plus_indep_pron,1,0,1,0,0,1,0,0,,0,0,"revelation,law",10,38,1
35,33,3,3,3,3FS:3;3MP:5,0,0,,0,0,1,0,0,0,1,1,1->3,0,0,,8,21,1
35,34,3,3,"1,3",1P:2;3MP:2;3MS:1,1,0,,1,0,1,0,0,1,0,0,,0,1,mercy,5,19,1
35,35,3,3,"1,3",1P:3;3FS:2;3MS:4,1,0,,1,0,1,0,0,1,0,0,,0,0,,9,22,1
35,36,3,3,"1,3",1P:1;3FS:1;3MP:7;3MS:2,1,1,two_verbs,1,0,1,0,0,1,0,0,,1,0,judgment,11,28,1
35,37,3,3,"1,2,3",1P:7;2MP:4;2MS:1;3FS:1;3MP:3;3MS:4,2,1,two_verbs,1,1,1,1,1,1,0,0,,4,0,"judgment,revelation",20,43,1
35,38,3,3,3,3MS:1,0,0,,0,0,1,0,0,0,0,0,,0,0,creation,1,16,0
35,39,3,3,"2,3",2MP:1;3MP:3;3MS:7,1,0,,0,1,1,0,1,0,0,0,,0,0,creation,11,37,1
35,40,2,2,"1,2,3",1P:2;1S:1;2MP:7;2MS:1;3MP:6;3MS:2,2,1,two_verbs,1,1,1,1,1,1,1,1,3->2,3,0,"oneness,revelation,creation",19,49,1
35,41,3,3,"2,3",2D:2;3D:1;3FD:2;3MS:5,1,1,two_verbs,0,1,1,0,1,0,1,1,2->3,2,0,"mercy,creation",10,29,1
35,42,3,3,3,3MP:7;3MS:3,0,0,,0,0,1,0,0,0,0,0,,0,0,revelation,10,31,1
35,43,3,3,"2,3",2MS:2;3MP:2;3MS:2,1,1,two_verbs,0,1,1,0,1,0,0,0,,1,0,,6,41,1
35,44,3,3,3,3MP:8;3MS:6,0,0,,0,0,1,0,0,0,0,0,,0,0,creation,14,47,1
35,45,3,3,3,3FS:1;3MP:4;3MS:6,0,0,,0,0,1,0,0,0,0,0,,0,0,creation,11,37,1
36,1,,3,,,0,0,,0,0,0,0,0,0,0,0,,0,0,,0,1,0
36,2,,3,,,0,0,,0,0,0,0,0,0,0,0,,0,0,,0,5,0
36,3,2,2,2,2MS:1,0,0,,0,1,0,0,0,0,1,0,3->2,0,0,,1,6,0
36,4,,3,,,0,0,,0,0,0,0,0,0,1,0,2->3,0,0,,0,3,0
36,5,,3,,,0,0,,0,0,0,0,0,0,0,0,,0,0,"mercy,revelation",0,5,0
36,6,3,3,"2,3",2MS:1;3MP:2;3MS:1,1,1,two_verbs,0,1,1,0,1,0,0,0,,1,0,,4,10,1
36,7,3,3,3,3MP:4;3MS:1,0,0,,0,0,1,0,0,0,0,0,,0,0,,5,13,1
36,8,1,1,"1,3",1P:3;3FS:1;3MP:2,1,1,verb_plus_indep_pron,1,0,1,0,0,1,1,1,3->1,0,0,,6,16,1
36,9,3,3,"1,3",1P:4;3MP:6,1,1,two_verbs,1,0,1,0,0,1,1,1,1->3,1,0,,10,22,1
36,10,3,3,"2,3",2MS:2;3FS:1;3MP:5,1,1,two_verbs,0,1,1,0,1,0,0,0,,1,0,,8,15,1
36,11,3,3,"2,3",2MS:2;3MS:3,1,1,two_verbs,0,1,1,0,1,0,0,0,,2,0,"judgment,mercy",5,22,1
36,12,1,1,"1,3",1P:6;3MP:3;3MS:1,1,1,two_verbs,1,0,1,0,0,1,1,1,3->1,2,0,,10,23,1
36,13,3,3,"2,3",2MS:1;3FS:1;3MP:1;3MS:1,1,1,two_verbs,0,1,1,0,1,0,1,1,1->3,1,0,,4,13,1
36,14,3,3,"1,2,3",1P:5;2MP:1;3D:1;3MP:5,2,1,two_verbs,1,1,1,1,1,1,0,0,,3,1,,12,23,1
36,15,2,2,"1,2,3",1P:1;2MP:4;3MP:2;3MS:1,2,1,two_verbs,1,1,1,1,1,1,1,1,3->2,1,1,"mercy,revelation",8,20,1
36,16,3,3,"1,2,3",1P:2;2MP:1;3MP:2;3MS:1,2,0,,1,1,1,1,1,1,1,1,2->3,0,1,,6,11,1
36,17,1,1,1,1P:1,0,0,,1,0,0,0,0,0,1,1,3->1,0,0,,1,9,0
36,18,1,1,"1,2,3",1P:5;2MP:5;3MP:2;3MS:1,2,1,two_verbs,1,1,1,1,1,1,0,0,,4,1,judgment,13,26,1
36,19,2,2,"2,3",2MP:5;3MP:2,1,1,two_verbs,0,1,1,0,1,0,1,1,1->2,1,1,,7,14,1
36,20,3,3,"1,2,3",1S:1;2MP:2;3MS:3,2,1,two_verbs,1,1,1,1,1,1,1,1,2->3,1,1,,6,16,1
36,21,2,2,"2,3",2MP:3;3MP:1;3MS:1,1,1,two_verbs,0,1,1,0,1,0,1,1,3->2,1,0,,5,10,1
36,22,1,1,"1,2,3",1S:3;2MP:2;3MS:2,2,1,two_verbs,1,1,1,1,1,1,1,1,2->1,2,0,creation,7,14,1
36,23,3,3,"1,3",1S:4;3FS:1;3MP:3;3MS:2,1,1,two_verbs,1,0,1,0,0,1,1,1,1->3,1,0,"oneness,mercy",10,25,1
36,24,1,1,1,1S:1,0,0,,1,0,0,0,0,0,1,1,3->1,0,0,,1,7,0
36,25,1,1,"1,2",1S:4;2MP:3,1,1,two_verbs,1,1,0,1,0,0,0,0,,1,0,,7,11,1
36,26,3,3,"1,2,3",1S:1;2MS:1;3MP:2;3MS:2,2,1,two_verbs,1,1,1,1,1,1,1,1,1->3,2,1,judgment,6,11,1
36,27,3,3,"1,3",1S:3;3MS:2,1,1,verb_plus_indep_pron,1,0,1,0,0,1,0,0,,0,0,,5,13,1
36,28,1,1,"1,3",1P:4;3MS:2,1,0,,1,0,1,0,0,1,1,1,3->1,0,0,revelation,6,20,1
36,29,3,3,3,3FS:1;3MP:1,0,0,,0,0,1,0,0,0,1,1,1->3,0,0,,2,9,1
36,30,3,3,3,3MP:5;3MS:2,0,0,,0,0,1,0,0,0,0,0,,0,0,revelation,7,17,1
36,31,3,3,"1,3",1P:2;3MP:7,1,1,two_verbs,1,0,1,0,0,1,0,0,,2,0,,9,19,1
36,32,1,1,1,1P:1,0,0,,1,0,0,0,0,0,1,1,3->1,0,0,,1,8,0
36,33,3,3,"1,3",1P:4;3FS:2;3MP:3;3MS:1,1,1,two_verbs,1,0,1,0,0,1,1,1,1->3,1,0,creation,10,22,1
36,34,1,1,"1,3",1P:4;3FS:2,1,0,,1,0,1,0,0,1,1,1,3->1,0,0,,6,18,1
36,35,3,3,3,3FS:1;3MP:5;3MS:2,0,0,,0,0,1,0,0,0,1,1,1->3,0,0,,8,17,1
36,36,3,3,3,3FS:2;3MP:3;3MS:1,0,0,,0,0,1,0,0,0,0,0,,0,0,creation,6,22,1
36,37,3,3,"1,3",1P:1;3MP:2;3MS:1,1,1,verb_plus_indep_pron,1,0,1,0,0,1,0,0,,0,0,,4,15,1
36,38,3,3,3,3FS:2,0,0,,0,0,1,0,0,0,0,0,,0,0,creation,2,14,1
36,39,1,1,"1,3",1P:2;3MS:2,1,1,two_verbs,1,0,1,0,0,1,1,1,3->1,1,0,creation,4,14,1
36,40,3,3,3,3FS:2;3MP:2;3MS:1,0,0,,0,0,1,0,0,0,1,1,1->3,0,0,creation,5,23,1
36,41,1,1,"1,3",1P:3;3MP:2,1,1,verb_plus_indep_pron,1,0,1,0,0,1,1,1,3->1,0,0,,5,15,1
36,42,3,3,"1,3",1P:2;3MP:3;3MS:1,1,1,two_verbs,1,0,1,0,0,1,1,1,1->3,1,0,creation,6,11,1
36,43,3,3,"1,3",1P:2;3MP:5,1,1,two_verbs,1,0,1,0,0,1,0,0,,1,0,,7,15,1
36,44,1,1,1,1P:1,0,0,,1,0,0,0,0,0,1,1,3->1,0,0,mercy,1,8,0
36,45,2,2,"2,3",2MP:7;3MP:1;3MS:1,1,1,two_verbs,0,1,1,0,1,0,1,1,1->2,1,1,mercy,9,19,1
36,46,3,3,3,3FS:2;3MP:4,0,0,,0,0,1,0,0,0,1,1,2->3,0,0,revelation,6,16,1
36,47,3,3,"1,2,3",1P:1;2MP:4;3MP:5;3MS:6,2,1,two_verbs,1,1,1,1,1,1,0,0,,4,1,,16,34,1
36,48,2,2,"2,3",2MP:2;3MP:2,1,1,two_verbs,0,1,1,0,1,0,1,1,3->2,1,0,,4,11,1
36,49,3,3,3,3FS:1;3MP:6,0,0,,0,0,1,0,0,0,1,1,2->3,0,0,,7,12,1
36,50,3,3,3,3MP:5,0,0,,0,0,1,0,0,0,0,0,,0,0,,5,12,1
36,51,3,3,3,3MP:4;3MS:1,0,0,,0,0,1,0,0,0,0,0,,0,0,,5,16,1
36,52,3,3,"1,3",1P:3;3MP:2;3MS:3,1,0,,1,0,1,0,0,1,0,0,,0,1,mercy,8,20,1
36,53,3,3,"1,3",1P:1;3FS:1;3MP:1,1,0,,1,0,1,0,0,1,0,0,,0,0,,3,12,1
36,54,2,2,"2,3",2MP:6;3FS:1,1,1,two_verbs,0,1,1,0,1,0,1,1,3->2,1,0,,7,17,1
36,55,,3,,,0,0,,0,0,0,0,0,0,1,1,2->3,0,0,judgment,0,9,0
36,56,3,3,3,3MP:2,0,0,,0,0,1,0,0,0,0,0,,0,0,,2,10,0
36,57,3,3,3,3FS:1;3MP:4,0,0,,0,0,1,0,0,0,0,0,,0,0,,5,11,1
36,58,,3,,,0,0,,0,0,0,0,0,0,0,0,,0,0,mercy,0,5,0
36,59,2,2,2,2MP:2,0,0,,0,1,0,0,0,0,1,1,3->2,0,1,,2,8,1
36,60,2,2,"1,2,3",1S:1;2MP:4;3MS:1,2,1,two_verbs,1,1,1,1,1,1,0,0,,1,0,,6,20,1
36,61,2,2,"1,2",1S:1;2MP:2,1,0,,1,1,0,1,0,0,0,0,,0,0,,3,8,1
36,62,2,2,"2,3",2MP:5;3MS:1,1,1,two_verbs,0,1,1,0,1,0,0,0,,1,0,,6,15,1
36,63,2,2,2,2MP:4,0,0,,0,1,0,0,0,0,0,0,,0,0,,4,7,1
36,64,2,2,"2,3",2MP:6;3FS:1,1,0,,0,1,1,0,1,0,0,0,,0,0,,7,11,1
36,65,3,3,"1,3",1P:2;3FS:2;3MP:7,1,1,two_verbs,1,0,1,0,0,1,1,1,2->3,1,0,,11,21,1
36,66,3,3,"1,3",1P:3;3MP:5,1,1,two_verbs,1,0,1,0,0,1,0,0,,1,0,,8,18,1
36,67,3,3,"1,3",1P:3;3MP:6,1,1,two_verbs,1,0,1,0,0,1,0,0,,1,0,,9,19,1
36,68,3,3,"1,3",1P:2;3MP:2;3MS:2,1,1,two_verbs,1,0,1,0,0,1,0,0,,1,0,,6,14,1
36,69,3,3,"1,3",1P:2;3MS:4,1,1,two_verbs,1,0,1,0,0,1,0,0,,1,0,,6,19,1
36,70,3,3,3,3MS:3,0,0,,0,0,1,0,0,0,0,0,,0,0,,3,12,1
36,71,3,3,"1,3",1P:4;3FS:2;3MP:4,1,1,two_verbs,1,0,1,0,0,1,0,0,,2,0,creation,10,22,1
36,72,3,3,"1,3",1P:2;3FS:3;3MP:4,1,1,two_verbs,1,0,1,0,0,1,0,0,,1,0,,9,16,1
36,73,3,3,3,3FS:1;3MP:3,0,0,,0,0,1,0,0,0,0,0,,0,0,,4,13,1
36,74,3,3,3,3MP:5,0,0,,0,0,1,0,0,0,0,0,,0,0,,5,11,1
36,75,3,3,3,3MP:5,0,0,,0,0,1,0,0,0,0,0,,0,0,,5,11,1
36,76,3,3,"1,2,3",1P:2;2MS:1;3MP:5;3MS:1,2,1,two_verbs,1,1,1,1,1,1,0,0,,2,0,,9,16,1
36,77,1,1,"1,3",1P:3;3MS:3,1,1,two_verbs,1,0,1,0,0,1,1,1,3->1,1,0,creation,6,18,1
36,78,3,3,"1,3",1P:1;3FS:1;3MS:5,1,1,verb_plus_indep_pron,1,0,1,0,0,1,1,1,1->3,0,0,,7,17,1
36,79,3,3,"2,3",2MS:1;3FS:2;3MS:3,1,1,two_verbs,0,1,1,0,1,0,0,0,,1,0,,6,14,1
36,80,2,2,"2,3",2MP:4;3MS:2,1,1,two_verbs,0,1,1,0,1,0,1,1,3->2,1,0,judgment,6,17,1
36,81,3,3,3,3MP:1;3MS:4,0,0,,0,0,1,0,0,0,1,1,2->3,0,0,creation,5,24,1
36,82,3,3,"2,3",2MS:1;3MS:5,1,1,two_verbs,0,1,1,0,1,0,0,0,,2,0,,6,14,1
36,83,2,2,"2,3",2MP:2;3MS:2,1,0,,0,1,1,0,1,0,1,1,3->2,0,0,,4,14,1
37,1,,3,,,0,0,,0,0,0,0,0,0,0,0,,0,0,,0,4,0
37,2,,3,,,0,0,,0,0,0,0,0,0,0,0,,0,0,,0,4,0
37,3,,3,,,0,0,,0,0,0,0,0,0,0,0,,0,0,revelation,0,4,0
37,4,2,2,2,2MP:1,0,0,,0,1,0,0,0,0,1,0,3->2,0,0,,1,5,0
37,5,3,3,3,3D:1,0,0,,0,0,1,0,0,0,1,0,2->3,0,0,creation,1,14,0
37,6,1,1,1,1P:3,0,0,,1,0,0,0,0,0,1,1,3->1,0,0,creation,3,12,1
37,7,,3,,,0,0,,0,0,0,0,0,0,1,1,1->3,0,0,,0,6,0
37,8,3,3,3,3MP:4,0,0,,0,0,1,0,0,0,0,0,,0,0,,4,14,1
37,9,3,3,3,3MP:1,0,0,,0,0,1,0,0,0,0,0,,0,0,judgment,1,6,0
37,10,3,3,3,3MS:3,0,0,,0,0,1,0,0,0,0,0,,0,0,,3,10,1
37,11,1,1,"1,2,3",1P:5;2MS:1;3MP:3,2,1,two_verbs,1,1,1,1,1,1,1,1,3->1,1,0,creation,9,19,1
37,12,2,2,"2,3",2MS:2;3MP:2,1,1,two_verbs,0,1,1,0,1,0,1,1,1->2,1,0,,4,6,1
37,13,3,3,3,3MP:4,0,0,,0,0,1,0,0,0,1,1,2->3,0,0,,4,7,1
37,14,3,3,3,3MP:4,0,0,,0,0,1,0,0,0,0,0,,0,0,,4,7,1
37,15,3,3,3,3MP:2,0,0,,0,0,1,0,0,0,0,0,,0,0,,2,8,1
37,16,1,1,1,1P:5,0,0,,1,0,0,0,0,0,1,1,3->1,0,0,,5,15,1
37,17,1,1,1,1P:1,0,0,,1,0,0,0,0,0,0,0,,0,0,,1,6,0
37,18,2,2,2,2MP:1;2MS:1,0,0,,0,1,0,0,0,0,1,1,1->2,0,0,,2,5,1
37,19,3,3,3,3FS:1;3MP:3,0,0,,0,0,1,0,0,0,1,1,2->3,0,0,,4,11,1
37,20,3,3,"1,3",1P:1;3MP:2,1,0,,1,0,1,0,0,1,0,0,,0,1,judgment,3,10,1
37,21,2,2,"2,3",2MP:4;3MS:1,1,1,verb_plus_indep_pron,0,1,1,0,1,0,1,1,3->2,0,0,judgment,5,11,1
37,22,3,3,"2,3",2MP:2;3MP:7,1,1,two_verbs,0,1,1,0,1,0,1,1,2->3,1,0,,9,14,1
37,23,2,2,"2,3",2MP:2;3MP:1,1,0,,0,1,1,0,1,0,1,1,3->2,0,0,,3,11,1
37,24,2,2,"2,3",2MP:2;3MP:2,1,0,,0,1,1,0,1,0,0,0,,0,0,,4,7,1
37,25,2,2,2,2MP:3,0,0,,0,1,0,0,0,0,0,0,,0,0,,3,6,1
37,26,3,3,3,3MP:1,0,0,,0,0,1,0,0,0,1,1,2->3,0,0,,1,5,0
37,27,3,3,3,3MP:3;3MS:1,0,0,,0,0,1,0,0,0,0,0,,0,0,,4,8,1
37,28,2,2,"1,2,3",1P:1;2MP:5;3MP:2,2,1,two_verbs,1,1,1,1,1,1,1,1,3->2,1,1,,8,12,1
37,29,2,2,"2,3",2MP:2;3MP:2,1,1,two_verbs,0,1,1,0,1,0,0,0,,1,1,,4,7,1
37,30,2,2,"1,2,3",1P:1;2MP:3;3MS:1,2,1,two_verbs,1,1,1,1,1,1,0,0,,1,0,,5,14,1
37,31,1,1,"1,3",1P:3;3MS:1,1,0,,1,0,1,0,0,1,1,1,2->1,0,0,judgment,4,11,1
37,32,1,1,"1,2",1P:5;2MP:1,1,0,,1,1,0,1,0,0,0,0,,0,0,,6,9,1
37,33,3,3,3,3MP:1,0,0,,0,0,1,0,0,0,1,1,1->3,0,0,judgment,1,8,0
37,34,1,1,1,1P:2,0,0,,1,0,0,0,0,0,1,1,3->1,0,0,,2,8,1
37,35,3,3,3,3MP:6;3MS:1,0,0,,0,0,1,0,0,0,1,1,1->3,0,1,oneness,7,14,1
37,36,3,3,"1,3",1P:2;3MP:2,1,0,,1,0,1,0,0,1,0,0,,0,0,,4,13,1
37,37,3,3,3,3MS:2,0,0,,0,0,1,0,0,0,0,0,,0,0,,2,9,1
37,38,2,2,2,2MP:1,0,0,,0,1,0,0,0,0,1,1,3->2,0,0,judgment,1,8,0
37,39,2,2,2,2MP:6,0,0,,0,1,0,0,0,0,0,0,,0,0,,6,10,1
37,40,,3,,,0,0,,0,0,0,0,0,0,1,1,2->3,0,0,,0,5,0
37,41,3,3,3,3MP:1,0,0,,0,0,1,0,0,0,0,0,,0,0,,1,5,0
37,42,3,3,3,3MP:1,0,0,,0,0,1,0,0,0,0,0,,0,0,,1,4,0
37,43,,3,,,0,0,,0,0,0,0,0,0,0,0,,0,0,,0,4,0
37,44,,3,,,0,0,,0,0,0,0,0,0,0,0,,0,0,,0,3,0
37,45,3,3,3,3MP:1;3MS:1,0,0,,0,0,1,0,0,0,0,0,,0,0,,2,7,1
37,46,,3,,,0,0,,0,0,0,0,0,0,0,0,,0,0,,0,5,0
37,47,3,3,3,3FS:2;3MP:3,0,0,,0,0,1,0,0,0,0,0,,0,0,,5,11,1
37,48,3,3,3,3MP:1,0,0,,0,0,1,0,0,0,0,0,,0,0,,1,7,0
37,49,3,3,3,3FP:1,0,0,,0,0,1,0,0,0,0,0,,0,0,,1,4,0
37,50,3,3,3,3MP:3;3MS:1,0,0,,0,0,1,0,0,0,0,0,,0,0,,4,8,1
37,51,3,3,"1,3",1S:2;3MP:1;3MS:2,1,1,verb_plus_indep_pron,1,0,1,0,0,1,0,0,,0,1,creation,5,10,1
37,52,3,3,"2,3",2MS:1;3MS:1,1,0,,0,1,1,0,1,0,0,0,,0,0,,2,8,1
37,53,1,1,1,1P:5,0,0,,1,0,0,0,0,0,1,1,3->1,0,0,,5,15,1
37,54,3,3,"2,3",2MP:1;3MS:1,1,1,verb_plus_indep_pron,0,1,1,0,1,0,1,1,1->3,0,1,,2,4,1
37,55,3,3,3,3MS:3,0,0,,0,0,1,0,0,0,0,0,,0,0,,3,9,1
37,56,3,3,"1,2,3",1S:1;2MS:2;3FS:1;3MS:1,2,1,two_verbs,1,1,1,1,1,1,0,0,,2,1,,5,9,1
37,57,1,1,1,1S:3,0,0,,1,0,0,0,0,0,1,1,3->1,0,0,judgment,3,11,1
37,58,1,1,1,1P:1,0,0,,1,0,0,0,0,0,0,0,,0,0,,1,6,0
37,59,1,1,1,1P:2,0,0,,1,0,0,0,0,0,0,0,,0,0,,2,10,0
37,60,3,3,3,3MS:1,0,0,,0,0,1,0,0,0,1,0,1->3,0,0,,1,8,0
37,61,3,3,3,3MS:1,0,0,,0,0,1,0,0,0,0,0,,0,0,creation,1,8,1
37,62,,3,,,0,0,,0,0,0,0,0,0,0,0,,0,0,judgment,0,8,0
37,63,1,1,"1,3",1P:3;3FS:1,1,0,,1,0,1,0,0,1,1,1,3->1,0,0,judgment,4,9,1
37,64,3,3,3,3FS:2,0,0,,0,0,1,0,0,0,1,1,1->3,0,0,,2,8,1
37,65,3,3,3,3FS:1;3MS:1,0,0,,0,0,1,0,0,0,0,0,,0,0,,2,7,0
37,66,3,3,3,3FS:2;3MP:1,0,0,,0,0,1,0,0,0,0,0,,0,0,,3,13,0
37,67,3,3,3,3FS:1;3MP:1,0,0,,0,0,1,0,0,0,0,0,,0,0,,2,10,0
37,68,3,3,3,3MP:1,0,0,,0,0,1,0,0,0,0,0,,0,0,,1,8,0
37,69,3,3,3,3MP:4,0,0,,0,0,1,0,0,0,0,0,,0,0,,4,7,1
37,70,3,3,3,3MP:4,0,0,,0,0,1,0,0,0,0,0,,0,0,,4,7,1
37,71,3,3,3,3MP:1;3MS:1,0,0,,0,0,1,0,0,0,0,0,,0,0,,2,9,1
37,72,1,1,"1,3",1P:2;3MP:1,1,0,,1,0,1,0,0,1,1,1,3->1,0,0,,3,8,1
37,73,2,2,"2,3",2MS:1;3MS:1,1,1,two_verbs,0,1,1,0,1,0,1,1,1->2,1,0,,2,7,1
37,74,,3,,,0,0,,0,0,0,0,0,0,1,1,2->3,0,0,,0,5,0
37,75,3,3,"1,3",1P:1;3MS:2,1,0,,1,0,1,0,0,1,0,0,,0,0,prophets,3,11,1
37,76,1,1,"1,3",1P:2;3MS:2,1,0,,1,0,1,0,0,1,1,1,3->1,0,0,,4,12,1
37,77,1,1,"1,3",1P:2;3MP:1;3MS:1,1,1,verb_plus_indep_pron,1,0,1,0,0,1,0,0,,0,0,creation,4,8,1
37,78,1,1,"1,3",1P:2;3MS:1,1,0,,1,0,1,0,0,1,0,0,,0,0,,3,8,1
37,79,,3,,,0,0,,0,0,0,0,0,0,1,1,1->3,0,0,prophets,0,6,0
37,80,1,1,1,1P:2,0,0,,1,0,0,0,0,0,1,1,3->1,0,0,judgment,2,7,1
37,81,1,1,"1,3",1P:1;3MS:1,1,0,,1,0,1,0,0,1,0,0,,0,0,,2,7,0
37,82,1,1,1,1P:2,0,0,,1,0,0,0,0,0,0,0,,0,0,,2,5,1
37,83,3,3,3,3MS:1,0,0,,0,0,1,0,0,0,1,1,1->3,0,0,"mercy,prophets",1,7,0
37,84,3,3,3,3MS:2,0,0,,0,0,1,0,0,0,0,0,,0,0,,2,7,1
37,85,3,3,"2,3",2MP:2;3MS:3,1,1,two_verbs,0,1,1,0,1,0,0,0,,1,1,,5,11,1
37,86,2,2,2,2MP:2,0,0,,0,1,0,0,0,0,1,1,3->2,0,0,,2,7,1
37,87,2,2,2,2MP:1,0,0,,0,1,0,0,0,0,0,0,,0,0,,1,8,0
37,88,3,3,3,3MS:1,0,0,,0,0,1,0,0,0,1,1,2->3,0,0,creation,1,6,1
37,89,3,3,"1,3",1S:1;3MS:1,1,0,,1,0,1,0,0,1,0,0,,0,1,,2,5,1
37,90,3,3,3,3MP:2;3MS:1,0,0,,0,0,1,0,0,0,0,0,,0,0,,3,6,1
37,91,3,3,"2,3",2MP:2;3MP:1;3MS:2,1,1,two_verbs,0,1,1,0,1,0,0,0,,1,1,,5,11,1
37,92,2,2,2,2MP:3,0,0,,0,1,0,0,0,0,1,1,3->2,0,0,,3,6,1
37,93,3,3,3,3MP:1;3MS:1,0,0,,0,0,1,0,0,0,1,1,2->3,0,0,,2,8,1
37,94,3,3,3,3MP:4;3MS:1,0,0,,0,0,1,0,0,0,0,0,,0,0,,5,7,1
37,95,2,2,"2,3",2MP:4;3MS:1,1,1,two_verbs,0,1,1,0,1,0,1,1,3->2,1,1,,5,7,1
37,96,2,2,"2,3",2MP:3;3MS:1,1,1,two_verbs,0,1,1,0,1,0,0,0,,1,0,creation,4,8,1
37,97,2,2,"2,3",2MP:4;3MP:2;3MS:2,1,1,two_verbs,0,1,1,0,1,0,0,0,,1,1,judgment,8,14,1
37,98,3,3,"1,3",1P:2;3MP:3;3MS:1,1,1,two_verbs,1,0,1,0,0,1,1,1,2->3,1,0,,6,12,1
37,99,3,3,"1,3",1S:3;3MS:2,1,0,,1,0,1,0,0,1,0,0,,0,1,,5,11,1
37,100,2,2,"1,2",1S:2;2MS:1,1,1,verb_plus_indep_pron,1,1,0,1,0,0,1,1,3->2,0,0,,3,8,1
37,101,1,1,"1,3",1P:2;3MS:1,1,0,,1,0,1,0,0,1,1,1,2->1,0,0,,3,7,1
37,102,2,2,"1,2,3",1S:7;2MS:6;3MS:5,2,1,two_verbs,1,1,1,1,1,1,1,1,1->2,5,1,,18,41,1
37,103,3,3,3,3MD:2;3MS:2,0,0,,0,0,1,0,0,0,1,1,2->3,0,0,,4,10,1
37,104,1,1,"1,3",1P:2;3MS:1,1,0,,1,0,1,0,0,1,1,1,3->1,0,0,prophets,3,7,1
37,105,2,2,"1,2",1P:2;2MS:2,1,1,two_verbs,1,1,0,1,0,0,1,1,1->2,1,0,judgment,4,12,1
37,106,3,3,3,3MS:1,0,0,,0,0,1,0,0,0,1,1,2->3,0,0,,1,8,0
37,107,1,1,"1,3",1P:2;3MS:1,1,0,,1,0,1,0,0,1,1,1,3->1,0,0,,3,7,1
37,108,1,1,"1,3",1P:2;3MS:1,1,0,,1,0,1,0,0,1,0,0,,0,0,,3,8,1
37,109,,3,,,0,0,,0,0,0,0,0,0,1,1,1->3,0,0,prophets,0,3,0
37,110,1,1,1,1P:1,0,0,,1,0,0,0,0,0,1,1,3->1,0,0,judgment,1,5,1
37,111,1,1,"1,3",1P:1;3MS:1,1,0,,1,0,1,0,0,1,0,0,,0,0,,2,7,0
37,112,1,1,"1,3",1P:2;3MS:1,1,0,,1,0,1,0,0,1,0,0,,0,0,,3,10,1
37,113,1,1,"1,3",1P:2;3MD:1;3MS:2,1,0,,1,0,1,0,0,1,0,0,,0,0,,5,19,1
37,114,1,1,1,1P:2,0,0,,1,0,0,0,0,0,0,0,,0,0,prophets,2,9,1
37,115,1,1,"1,3",1P:2;3D:2,1,0,,1,0,1,0,0,1,0,0,,0,0,,4,12,1
37,116,3,3,"1,3",1P:2;3MP:4,1,1,two_verbs,1,0,1,0,0,1,1,1,1->3,1,0,,6,10,1
37,117,1,1,"1,3",1P:2;3D:1,1,0,,1,0,1,0,0,1,1,1,3->1,0,0,revelation,3,8,1
37,118,1,1,"1,3",1P:2;3D:1,1,0,,1,0,1,0,0,1,0,0,,0,0,,3,8,1
37,119,1,1,"1,3",1P:2;3D:1,1,0,,1,0,1,0,0,1,0,0,,0,0,,3,8,1
37,120,,3,,,0,0,,0,0,0,0,0,0,1,1,1->3,0,0,prophets,0,5,0
37,121,1,1,1,1P:2,0,0,,1,0,0,0,0,0,1,1,3->1,0,0,judgment,2,7,1
37,122,1,1,"1,3",1P:1;3MD:1,1,0,,1,0,1,0,0,1,0,0,,0,0,,2,7,0
37,123,,3,,,0,0,,0,0,0,0,0,0,1,0,1->3,0,0,,0,7,0
37,124,2,2,"2,3",2MP:2;3MS:2,1,1,two_verbs,0,1,1,0,1,0,1,1,3->2,1,1,,4,9,1
37,125,2,2,2,2MP:4,0,0,,0,1,0,0,0,0,0,0,,0,0,,4,10,1
37,126,2,2,2,2MP:2,0,0,,0,1,0,0,0,0,0,0,,0,0,,2,9,0
37,127,3,3,3,3MP:3;3MS:1,0,0,,0,0,1,0,0,0,1,1,2->3,0,0,judgment,4,9,1
37,128,,3,,,0,0,,0,0,0,0,0,0,0,0,,0,0,,0,5,0
37,129,1,1,"1,3",1P:2;3MS:1,1,0,,1,0,1,0,0,1,1,1,3->1,0,0,,3,8,1
37,130,,3,,,0,0,,0,0,0,0,0,0,1,1,1->3,0,0,,0,3,0
37,131,1,1,1,1P:2,0,0,,1,0,0,0,0,0,1,1,3->1,0,0,judgment,2,7,1
37,132,1,1,"1,3",1P:1;3MS:1,1,0,,1,0,1,0,0,1,0,0,,0,0,,2,7,0
37,133,,3,,,0,0,,0,0,0,0,0,0,1,0,1->3,0,0,prophets,0,7,0
37,134,1,1,"1,3",1P:2;3MS:2,1,0,,1,0,1,0,0,1,1,1,3->1,0,0,,4,8,1
37,135,,3,,,0,0,,0,0,0,0,0,0,1,1,1->3,0,0,,0,5,0
37,136,1,1,1,1P:2,0,0,,1,0,0,0,0,0,1,1,3->1,0,0,,2,5,1
37,137,2,2,"2,3",2MP:3;3MP:1,1,0,,0,1,1,0,1,0,1,1,1->2,0,0,,4,9,1
37,138,2,2,2,2MP:2,0,0,,0,1,0,0,0,0,0,0,,0,0,,2,9,1
37,139,,3,,,0,0,,0,0,0,0,0,0,1,1,2->3,0,0,prophets,0,7,0
37,140,3,3,3,3MS:1,0,0,,0,0,1,0,0,0,0,0,,0,0,,1,7,1
37,141,3,3,3,3MS:2,0,0,,0,0,1,0,0,0,0,0,,0,0,,2,7,1
37,142,3,3,3,3MS:3,0,0,,0,0,1,0,0,0,0,0,,0,0,,3,8,1
37,143,3,3,3,3MS:2,0,0,,0,0,1,0,0,0,0,0,,0,0,,2,8,1
37,144,3,3,3,3MP:2;3MS:2,0,0,,0,0,1,0,0,0,0,0,,0,0,,4,9,1
37,145,1,1,"1,3",1P:2;3MS:2,1,1,verb_plus_indep_pron,1,0,1,0,0,1,1,1,3->1,0,0,,4,10,1
37,146,1,1,"1,3",1P:2;3MS:1,1,0,,1,0,1,0,0,1,0,0,,0,0,,3,8,1
37,147,3,3,"1,3",1P:2;3MP:2;3MS:1,1,1,two_verbs,1,0,1,0,0,1,1,1,1->3,1,0,,5,10,1
37,148,3,3,"1,3",1P:2;3MP:3,1,1,two_verbs,1,0,1,0,0,1,0,0,,1,0,,5,9,1
37,149,2,2,"2,3",2MS:2;3MP:2,1,1,verb_plus_indep_pron,0,1,1,0,1,0,1,1,3->2,0,0,,4,14,1
37,150,1,1,"1,3",1P:2;3MP:1,1,1,verb_plus_indep_pron,1,0,1,0,0,1,1,1,2->1,0,0,creation,3,9,1
37,151,3,3,3,3MP:4,0,0,,0,0,1,0,0,0,1,1,1->3,0,0,,4,9,1
37,152,3,3,3,3MP:1;3MS:1,0,0,,0,0,1,0,0,0,0,0,,0,0,,2,7,1
37,153,3,3,3,3MS:1,0,0,,0,0,1,0,0,0,0,0,,0,0,,1,7,1
37,154,2,2,2,2MP:3,0,0,,0,1,0,0,0,0,1,1,3->2,0,0,,3,6,1
37,155,2,2,2,2MP:2,0,0,,0,1,0,0,0,0,0,0,,0,0,,2,5,1
37,156,2,2,2,2MP:1,0,0,,0,1,0,0,0,0,0,0,,0,0,,1,5,0
37,157,2,2,2,2MP:5,0,0,,0,1,0,0,0,0,0,0,,0,0,revelation,5,10,1
37,158,3,3,3,3FS:1;3MP:3;3MS:1,0,0,,0,0,1,0,0,0,1,1,2->3,0,0,judgment,5,20,1
37,159,3,3,3,3MP:2,0,0,,0,0,1,0,0,0,0,0,,0,0,,2,6,1
37,160,,3,,,0,0,,0,0,0,0,0,0,0,0,,0,0,,0,5,0
37,161,2,2,2,2MP:3,0,0,,0,1,0,0,0,0,1,1,3->2,0,0,,3,7,1
37,162,2,2,"2,3",2MP:1;3MS:1,1,0,,0,1,1,0,1,0,0,0,,0,0,,2,6,0
37,163,3,3,3,3MS:1,0,0,,0,0,1,0,0,0,1,0,2->3,0,0,,1,6,0
37,164,1,1,"1,3",1P:1;3MS:1,1,0,,1,0,1,0,0,1,1,0,3->1,0,0,,2,9,0
37,165,1,1,1,1P:2,0,0,,1,0,0,0,0,0,0,0,,0,0,prayer,2,7,0
37,166,1,1,1,1P:2,0,0,,1,0,0,0,0,0,0,0,,0,0,,2,7,0
37,167,3,3,3,3MP:4,0,0,,0,0,1,0,0,0,1,1,1->3,0,0,,4,7,1
37,168,1,1,1,1P:1,0,0,,1,0,0,0,0,0,1,1,3->1,0,0,,1,8,0
37,169,1,1,1,1P:2,0,0,,1,0,0,0,0,0,0,0,,0,0,,2,7,1
37,170,3,3,3,3MP:4;3MS:1,0,0,,0,0,1,0,0,0,1,1,1->3,0,0,,5,9,1
37,171,1,1,"1,3",1P:2;3FS:1,1,0,,1,0,1,0,0,1,1,1,3->1,0,0,,3,11,1
37,172,3,3,3,3MP:2,0,0,,0,0,1,0,0,0,1,1,1->3,0,0,,2,6,0
37,173,1,1,"1,3",1P:1;3MP:1,1,0,,1,0,1,0,0,1,1,0,3->1,0,0,,2,8,0
37,174,2,2,"2,3",2MS:1;3MP:1,1,0,,0,1,1,0,1,0,1,1,1->2,0,0,,2,6,1
37,175,3,3,"2,3",2MS:1;3MP:3,1,1,two_verbs,0,1,1,0,1,0,1,1,2->3,1,0,,4,7,1
37,176,3,3,"1,3",1P:1;3MP:2,1,0,,1,0,1,0,0,1,0,0,,0,0,judgment,3,7,1
37,177,3,3,3,3MP:1;3MS:2,0,0,,0,0,1,0,0,0,0,0,,0,0,,3,11,1
37,178,2,2,"2,3",2MS:1;3MP:1,1,0,,0,1,1,0,1,0,1,1,3->2,0,0,,2,6,1
37,179,3,3,"2,3",2MS:1;3MP:2,1,1,two_verbs,0,1,1,0,1,0,1,1,2->3,1,0,,3,6,1
37,180,3,3,"2,3",2MS:1;3MP:2,1,0,,0,1,1,0,1,0,0,0,,0,0,,3,10,1
37,181,,3,,,0,0,,0,0,0,0,0,0,0,0,,0,0,,0,5,0
37,182,,3,,,0,0,,0,0,0,0,0,0,0,0,,0,0,,0,8,0
38,1,,3,,,0,0,,0,0,0,0,0,0,0,0,,0,0,,0,7,0
38,2,3,3,3,3MP:2,0,0,,0,0,1,0,0,0,0,0,,0,0,,2,8,1
38,3,3,3,"1,3",1P:2;3MP:3;3MS:1,1,1,two_verbs,1,0,1,0,0,1,0,0,,1,0,,6,15,1
38,4,3,3,3,3MP:4;3MS:2,0,0,,0,0,1,0,0,0,0,0,,0,0,revelation,6,16,1
38,5,3,3,3,3MS:1,0,0,,0,0,1,0,0,0,0,0,,0,0,oneness,1,11,1
38,6,2,2,"2,3",2MP:5;3MP:1;3MS:2,1,1,two_verbs,0,1,1,0,1,0,1,1,3->2,2,0,,8,20,1
38,7,1,1,1,1P:2,0,0,,1,0,0,0,0,0,1,1,2->1,0,0,,2,14,1
38,8,3,3,"1,3",1P:1;1S:2;3MP:3;3MS:2,1,0,,1,0,1,0,0,1,1,1,1->3,0,0,"judgment,revelation",8,22,1
38,9,2,2,"2,3",2MS:1;3MP:1,1,0,,0,1,1,0,1,0,1,1,3->2,0,0,mercy,2,11,0
38,10,3,3,3,3D:1;3MP:3,0,0,,0,0,1,0,0,0,1,1,2->3,0,0,creation,4,20,1
38,11,,3,,,0,0,,0,0,0,0,0,0,0,0,,0,0,,0,7,0
38,12,3,3,3,3FS:1;3MP:1,0,0,,0,0,1,0,0,0,0,0,,0,0,prophets,2,12,1
38,13,,3,,,0,0,,0,0,0,0,0,0,0,0,,0,0,prophets,0,12,0
38,14,3,3,"1,3",1S:1;3MS:2,1,0,,1,0,1,0,0,1,0,0,,0,0,,3,10,1
38,15,3,3,3,3FS:1;3MS:1,0,0,,0,0,1,0,0,0,0,0,,0,0,,2,12,1
38,16,1,1,"1,2,3",1P:3;2MS:1;3MP:2,2,1,two_verbs,1,1,1,1,1,1,1,1,3->1,1,0,judgment,6,14,1
38,17,2,2,"1,2,3",1P:1;2MS:2;3MP:2;3MS:1,2,1,two_verbs,1,1,1,1,1,1,1,1,1->2,2,0,prophets,6,16,1
38,18,1,1,"1,3",1P:3;3FP:2;3MS:1,1,1,two_verbs,1,0,1,0,0,1,1,1,2->1,1,0,,6,16,1
38,19,3,3,3,3MS:1,0,0,,0,0,1,0,0,0,1,1,1->3,0,0,,1,8,0
38,20,1,1,"1,3",1P:4;3MS:2,1,0,,1,0,1,0,0,1,1,1,3->1,0,0,,6,15,1
38,21,3,3,"2,3",2MS:1;3MP:2;3MS:1,1,0,,0,1,1,0,1,0,1,1,1->3,0,0,prayer,4,12,1
38,22,3,3,"1,2,3",1P:3;2MS:3;3FS:1;3MP:5;3MS:2,2,1,two_verbs,1,1,1,1,1,1,0,0,,5,1,prophets,14,36,1
38,23,3,3,"1,2,3",1S:4;2MS:1;3FS:1;3MS:3,2,1,two_verbs,1,1,1,1,1,1,0,0,,2,1,,9,26,1
38,24,3,3,"1,2,3",1P:2;2MS:2;3MP:6;3MS:10,2,1,two_verbs,1,1,1,1,1,1,0,0,,2,1,"oneness,prophets",20,54,1
38,25,1,1,"1,3",1P:3;3MS:2,1,1,verb_plus_indep_pron,1,0,1,0,0,1,1,1,3->1,0,0,,5,17,1
38,26,3,3,"1,2,3",1P:3;2MS:4;3MP:5;3MS:1,2,1,two_verbs,1,1,1,1,1,1,1,1,1->3,2,1,"judgment,creation,prophets",13,48,1
38,27,3,3,"1,3",1P:2;3D:1;3MP:4,1,1,two_verbs,1,0,1,0,0,1,0,0,,1,0,"judgment,creation",7,28,1
38,28,3,3,"1,3",1P:2;3MP:4,1,1,two_verbs,1,0,1,0,0,1,0,0,,2,0,,6,23,1
38,29,3,3,"1,2,3",1P:2;2MS:1;3MP:2;3MS:3,2,1,two_verbs,1,1,1,1,1,1,0,0,,1,0,revelation,8,18,1
38,30,1,1,"1,3",1P:2;3MS:2,1,1,two_verbs,1,0,1,0,0,1,1,1,3->1,1,0,prophets,4,12,1
38,31,3,3,3,3MS:2,0,0,,0,0,1,0,0,0,1,1,1->3,0,0,,2,11,1
38,32,1,1,"1,3",1S:4;3FS:1;3MS:1,1,1,two_verbs,1,0,1,0,0,1,1,1,3->1,2,1,creation,6,18,1
38,33,2,2,"1,2,3",1S:1;2MP:2;3FS:1;3MS:1,2,1,two_verbs,1,1,1,1,1,1,1,1,1->2,1,1,,5,14,1
38,34,1,1,"1,3",1P:4;3MS:2,1,1,two_verbs,1,0,1,0,0,1,1,1,2->1,1,0,prophets,6,15,1
38,35,2,2,"1,2,3",1S:4;2MS:4;3MS:2,2,1,two_verbs,1,1,1,1,1,1,1,1,1->2,2,1,mercy,10,23,1
38,36,3,3,"1,3",1P:2;3FS:1;3MS:3,1,1,two_verbs,1,0,1,0,0,1,1,1,2->3,1,0,,6,14,1
38,37,,3,,,0,0,,0,0,0,0,0,0,0,0,,0,0,,0,7,0
38,38,,3,,,0,0,,0,0,0,0,0,0,0,0,,0,0,,0,6,0
38,39,2,2,"1,2",1P:1;2MS:2,1,0,,1,1,0,1,0,0,1,1,3->2,0,1,,3,10,1
38,40,1,1,"1,3",1P:1;3MS:1,1,0,,1,0,1,0,0,1,1,1,2->1,0,0,,2,11,0
38,41,3,3,"1,2,3",1P:1;1S:2;2MS:1;3MS:3,2,1,two_verbs,1,1,1,1,1,1,1,1,1->3,1,0,"judgment,prophets",7,19,1
38,42,2,2,2,2MS:2,0,0,,0,1,0,0,0,0,1,1,3->2,0,0,,2,9,1
38,43,1,1,"1,3",1P:3;3MP:2;3MS:2,1,1,verb_plus_indep_pron,1,0,1,0,0,1,1,1,2->1,0,0,mercy,7,21,1
38,44,2,2,"1,2,3",1P:3;2MS:4;3MS:4,2,1,two_verbs,1,1,1,1,1,1,1,1,1->2,2,1,,11,25,1
38,45,2,2,"1,2",1P:1;2MS:1,1,0,,1,1,0,1,0,0,0,0,,0,0,prophets,2,15,1
38,46,1,1,"1,3",1P:3;3MP:1,1,0,,1,0,1,0,0,1,1,1,2->1,0,0,,4,10,1
38,47,1,1,"1,3",1P:1;3MP:1,1,0,,1,0,1,0,0,1,0,0,,0,0,,2,11,0
38,48,2,2,2,2MS:1,0,0,,0,1,0,0,0,0,1,1,1->2,0,0,,1,15,1
38,49,,3,,,0,0,,0,0,0,0,0,0,1,1,2->3,0,0,,0,10,0
38,50,3,3,3,3MP:1,0,0,,0,0,1,0,0,0,0,0,,0,0,,1,7,0
38,51,3,3,3,3FS:2;3MP:2,0,0,,0,0,1,0,0,0,0,0,,0,0,,4,12,1
38,52,3,3,3,3MP:1,0,0,,0,0,1,0,0,0,0,0,,0,0,,1,7,0
38,53,2,2,2,2MP:2,0,0,,0,1,0,0,0,0,1,1,3->2,0,0,judgment,2,8,1
38,54,1,1,"1,3",1P:1;3MS:1,1,0,,1,0,1,0,0,1,1,1,2->1,0,0,,2,10,0
38,55,,3,,,0,0,,0,0,0,0,0,0,1,0,1->3,0,0,,0,9,0
38,56,3,3,3,3FS:1;3MP:2;3MS:1,0,0,,0,0,1,0,0,0,0,0,,0,0,judgment,4,8,1
38,57,3,3,3,3MP:2;3MS:1,0,0,,0,0,1,0,0,0,0,0,,0,0,,3,9,1
38,58,3,3,3,3MS:1,0,0,,0,0,1,0,0,0,0,0,,0,0,,1,6,0
38,59,3,3,"2,3",2MP:1;3MP:2,1,0,,0,1,1,0,1,0,0,0,,0,1,judgment,3,14,0
38,60,2,2,"1,2,3",1P:1;2MP:5;3MP:2;3MS:2,2,1,two_verbs,1,1,1,1,1,1,1,1,3->2,2,1,,10,18,1
38,61,3,3,"1,2,3",1P:2;2MS:1;3MP:2;3MS:2,2,1,two_verbs,1,1,1,1,1,1,1,1,2->3,1,1,judgment,7,17,1
38,62,1,1,"1,3",1P:5;3MP:3,1,1,two_verbs,1,0,1,0,0,1,1,1,3->1,1,1,,8,16,1
38,63,3,3,"1,3",1P:2;3FS:1;3MP:2,1,1,two_verbs,1,0,1,0,0,1,1,1,1->3,1,0,,5,11,1
38,64,,3,,,0,0,,0,0,0,0,0,0,0,0,,0,0,judgment,0,8,0
38,65,2,2,"1,2",1S:1;2MS:1,1,1,verb_plus_indep_pron,1,1,0,1,0,0,1,1,3->2,0,0,revelation,2,15,1
38,66,3,3,3,3D:1,0,0,,0,0,1,0,0,0,1,1,2->3,0,0,creation,1,14,0
38,67,2,2,"2,3",2MS:1;3MS:1,1,1,verb_plus_indep_pron,0,1,1,0,1,0,1,1,3->2,0,0,,2,4,1
38,68,2,2,"2,3",2MP:1;3MS:1,1,0,,0,1,1,0,1,0,0,0,,0,0,,2,4,0
38,69,3,3,"1,3",1S:1;3MP:2;3MS:1,1,1,verb_plus_indep_pron,1,0,1,0,0,1,1,1,2->3,0,0,,4,14,1
38,70,1,1,"1,3",1S:2;3MS:1,1,1,verb_plus_indep_pron,1,0,1,0,0,1,1,1,3->1,0,0,revelation,3,10,1
38,71,3,3,"1,2,3",1S:1;2MS:1;3MS:1,2,0,,1,1,1,1,1,1,1,1,1->3,0,1,creation,3,13,1
38,72,1,1,"1,2,3",1S:5;2MP:2;3MS:3,2,1,two_verbs,1,1,1,1,1,1,1,1,3->1,1,0,creation,10,19,1
38,73,3,3,3,3MP:1;3MS:1,0,0,,0,0,1,0,0,0,1,1,1->3,0,0,,2,7,1
38,74,3,3,3,3MS:2,0,0,,0,0,1,0,0,0,0,0,,0,0,,2,8,1
38,75,2,2,"1,2,3",1S:3;2MS:6;3MS:2,2,1,two_verbs,1,1,1,1,1,1,1,1,3->2,3,1,creation,11,24,1
38,76,2,2,"1,2,3",1S:2;2MS:4;3MS:3,2,1,two_verbs,1,1,1,1,1,1,0,0,,1,1,"judgment,creation",9,16,1
38,77,2,2,"2,3",2MS:2;3FS:1;3MS:1,1,1,two_verbs,0,1,1,0,1,0,0,0,,1,1,judgment,4,9,1
38,78,2,2,"1,2",1S:1;2MS:1,1,0,,1,1,0,1,0,0,0,0,,0,0,judgment,2,10,0
38,79,3,3,"1,2,3",1S:2;2MS:1;3MP:2;3MS:1,2,1,two_verbs,1,1,1,1,1,1,1,1,2->3,2,1,,6,10,1
38,80,3,3,"2,3",2MS:1;3MS:1,1,0,,0,1,1,0,1,0,0,0,,0,1,,2,7,1
38,81,,3,,,0,0,,0,0,0,0,0,0,0,0,,0,0,judgment,0,6,0
38,82,3,3,"1,2,3",1S:1;2MS:1;3MP:1;3MS:1,2,1,two_verbs,1,1,1,1,1,1,0,0,,1,1,,4,10,1
38,83,2,2,"2,3",2MS:1;3MP:1,1,0,,0,1,1,0,1,0,1,1,3->2,0,0,,2,7,0
38,84,1,1,"1,3",1S:1;3MS:1,1,1,two_verbs,1,0,1,0,0,1,1,1,2->1,1,1,,2,8,1
38,85,3,3,"1,2,3",1S:1;2MS:2;3MP:1;3MS:1,2,1,two_verbs,1,1,1,1,1,1,1,1,1->3,1,0,judgment,5,14,1
38,86,2,2,"1,2,3",1S:2;2MP:1;2MS:1;3MS:1,2,1,two_verbs,1,1,1,1,1,1,1,1,3->2,1,0,,5,14,1
38,87,3,3,3,3MS:1,0,0,,0,0,1,0,0,0,1,1,2->3,0,0,,1,7,0
38,88,2,2,"2,3",2MP:1;3MS:1,1,0,,0,1,1,0,1,0,1,1,3->2,0,0,,2,8,1
39,1,,3,,,0,0,,0,0,0,0,0,0,0,0,,0,0,revelation,0,9,0
39,2,1,1,"1,2,3",1P:3;2MS:2;3MS:1,2,1,two_verbs,1,1,1,1,1,1,1,1,3->1,1,0,revelation,6,19,1
39,3,3,3,"1,3",1P:2;3MP:9;3MS:5,1,1,two_verbs,1,0,1,0,0,1,1,1,1->3,2,0,,16,46,1
39,4,3,3,3,3MS:7,0,0,,0,0,1,0,0,0,0,0,,0,0,,7,21,1
39,5,3,3,3,3MS:6,0,0,,0,0,1,0,0,0,0,0,,0,0,creation,6,40,1
39,6,3,3,"2,3",2MP:7;3FS:2;3MS:6,1,1,two_verbs,0,1,1,0,1,0,0,0,,1,0,"oneness,creation",15,49,1
39,7,2,2,"2,3",2MP:13;3FS:1;3MS:6,1,1,two_verbs,0,1,1,0,1,0,1,1,3->2,4,0,,20,53,1
39,8,3,3,"2,3",2MS:4;3MS:14,1,1,two_verbs,0,1,1,0,1,0,1,1,2->3,1,0,judgment,18,49,1
39,9,3,3,"2,3",2MS:1;3MP:4;3MS:6,1,1,two_verbs,0,1,1,0,1,0,0,0,,2,0,"mercy,prayer",11,35,1
39,10,3,3,"1,2,3",1S:1;2MP:3;2MS:1;3MP:5;3MS:1,2,1,two_verbs,1,1,1,1,1,1,0,0,,3,0,"judgment,creation",11,34,1
39,11,1,1,"1,2,3",1S:4;2MS:1;3MS:1,2,1,two_verbs,1,1,1,1,1,1,1,1,3->1,1,0,,6,13,1
39,12,1,1,1,1S:3,0,0,,1,0,0,0,0,0,0,0,,0,0,,3,9,1
39,13,1,1,"1,2",1S:5;2MS:1,1,1,two_verbs,1,1,0,1,0,0,0,0,,1,0,judgment,6,12,1
39,14,1,1,"1,2,3",1S:2;2MS:1;3MS:1,2,1,two_verbs,1,1,1,1,1,1,0,0,,1,0,,4,8,1
39,15,2,2,"2,3",2MP:4;2MS:1;3MP:4;3MS:2,1,1,two_verbs,0,1,1,0,1,0,1,1,1->2,1,0,judgment,11,31,1
39,16,3,3,"1,2,3",1S:2;2MP:2;3MP:3;3MS:3,2,1,two_verbs,1,1,1,1,1,1,1,1,2->3,1,0,judgment,10,28,1
39,17,3,3,"1,2,3",1S:1;2MS:1;3FS:1;3MP:7,2,1,two_verbs,1,1,1,1,1,1,0,0,,1,0,,10,23,1
39,18,3,3,3,3MP:6;3MS:2,0,0,,0,0,1,0,0,0,0,0,,0,0,,8,21,1
39,19,3,3,"2,3",2MS:1;3FS:1;3MS:2,1,1,verb_plus_indep_pron,0,1,1,0,1,0,0,0,,0,0,judgment,4,17,1
39,20,3,3,3,3FS:3;3MP:4;3MS:1,0,0,,0,0,1,0,0,0,0,0,,0,0,,8,27,1
39,21,3,3,"2,3",2MS:2;3MS:10,1,1,two_verbs,0,1,1,0,1,0,0,0,,3,0,creation,12,44,1
39,22,3,3,3,3MP:1;3MS:4,0,0,,0,0,1,0,0,0,0,0,,0,0,,5,31,1
39,23,3,3,3,3FS:2;3MP:5;3MS:7,0,0,,0,0,1,0,0,0,0,0,,0,0,revelation,14,45,1
39,24,2,2,"2,3",2MP:6;3MS:3,1,1,two_verbs,0,1,1,0,1,0,1,1,3->2,1,1,judgment,9,25,1
39,25,3,3,3,3MP:4;3MS:2,0,0,,0,0,1,0,0,0,1,1,2->3,0,0,judgment,6,15,1
39,26,3,3,3,3MP:5;3MS:1,0,0,,0,0,1,0,0,0,0,0,,0,0,judgment,6,22,1
39,27,3,3,"1,3",1P:2;3MP:3,1,1,two_verbs,1,0,1,0,0,1,0,0,,1,0,mercy,5,19,1
39,28,3,3,3,3MP:3,0,0,,0,0,1,0,0,0,0,0,,0,0,,3,9,1
39,29,3,3,3,3MD:2;3MP:3;3MS:2,0,0,,0,0,1,0,0,0,0,0,,0,0,oneness,7,27,1
39,30,2,2,"2,3",2MS:1;3MP:1,1,0,,0,1,1,0,1,0,1,1,3->2,0,0,,2,7,0
39,31,2,2,2,2MP:4,0,0,,0,1,0,0,0,0,0,0,,0,0,judgment,4,11,1
39,32,3,3,3,3MS:5,0,0,,0,0,1,0,0,0,1,1,2->3,0,0,judgment,5,24,1
39,33,3,3,3,3MP:1;3MS:3,0,0,,0,0,1,0,0,0,0,0,,0,0,,4,14,1
39,34,3,3,3,3MP:4,0,0,,0,0,1,0,0,0,0,0,,0,0,judgment,4,12,1
39,35,3,3,3,3MP:9;3MS:2,0,0,,0,0,1,0,0,0,0,0,,0,0,judgment,11,21,1
39,36,3,3,"2,3",2MS:1;3MP:2;3MS:5,1,0,,0,1,1,0,1,0,0,0,,0,0,oneness,8,26,1
39,37,3,3,3,3MS:3,0,0,,0,0,1,0,0,0,0,0,,0,0,,3,17,1
39,38,3,3,"1,2,3",1S:3;2MP:4;2MS:4;3FP:2;3MP:2;3MS:7,2,1,two_verbs,1,1,1,1,1,1,0,0,,5,0,"mercy,creation",22,58,1
39,39,2,2,"1,2",1S:2;2MP:5;2MS:1,1,0,,1,1,0,1,0,0,1,1,3->2,0,0,,8,16,1
39,40,3,3,3,3MS:6,0,0,,0,0,1,0,0,0,1,1,2->3,0,0,judgment,6,12,1
39,41,3,3,"1,2,3",1P:3;2MS:2;3FS:1;3MP:1;3MS:4,2,1,two_verbs,1,1,1,1,1,1,0,0,,1,0,revelation,11,37,1
39,42,3,3,3,3FS:4;3MP:2;3MS:4,0,0,,0,0,1,0,0,0,0,0,,0,0,revelation,10,38,1
39,43,3,3,"2,3",2MS:1;3MP:8,1,1,two_verbs,0,1,1,0,1,0,0,0,,2,0,,9,21,1
39,44,2,2,"2,3",2MP:2;2MS:1;3MS:2,1,1,verb_plus_indep_pron,0,1,1,0,1,0,1,1,3->2,0,0,creation,5,19,1
39,45,3,3,3,3FS:1;3MP:5;3MS:4,0,0,,0,0,1,0,0,0,1,1,2->3,0,0,oneness,10,26,1
39,46,3,3,"2,3",2MS:3;3FS:1;3MP:4;3MS:1,1,1,two_verbs,0,1,1,0,1,0,0,0,,1,0,creation,9,28,1
39,47,3,3,3,3MP:9;3MS:4,0,0,,0,0,1,0,0,0,0,0,,0,0,"judgment,creation",13,41,1
39,48,3,3,3,3MP:8;3MS:3,0,0,,0,0,1,0,0,0,0,0,,0,0,,11,19,1
39,49,3,3,"1,3",1P:4;1S:2;3FS:1;3MP:3;3MS:5,1,1,two_verbs,1,0,1,0,0,1,0,0,,4,0,,15,34,1
39,50,3,3,3,3FS:1;3MP:6;3MS:2,0,0,,0,0,1,0,0,0,0,0,,0,1,,9,17,1
39,51,3,3,3,3MP:9;3MS:2,0,0,,0,0,1,0,0,0,0,0,,0,0,,11,25,1
39,52,3,3,3,3MP:4;3MS:3,0,0,,0,0,1,0,0,0,0,0,,0,0,revelation,7,24,1
39,53,3,3,"1,2,3",1S:1;2MP:2;2MS:1;3MP:3;3MS:3,2,1,two_verbs,1,1,1,1,1,1,0,0,,3,0,mercy,10,29,1
39,54,2,2,"2,3",2MP:8;3MS:2,1,1,two_verbs,0,1,1,0,1,0,1,1,3->2,2,0,judgment,10,22,1
39,55,2,2,"2,3",2MP:8;3MS:2,1,1,two_verbs,0,1,1,0,1,0,0,0,,2,0,"judgment,revelation",10,24,1
39,56,1,1,"1,3",1S:4;3FS:1,1,1,two_verbs,1,0,1,0,0,1,1,1,2->1,1,0,,5,20,1
39,57,1,1,"1,3",1S:3;3FS:1;3MS:1,1,1,two_verbs,1,0,1,0,0,1,0,0,,1,0,,5,13,1
39,58,3,3,"1,3",1S:2;3FS:2,1,1,two_verbs,1,0,1,0,0,1,1,1,1->3,1,0,judgment,4,16,1
39,59,2,2,"1,2,3",1S:1;2MS:7;3FS:2,2,1,two_verbs,1,1,1,1,1,1,1,1,3->2,1,0,,10,20,1
39,60,3,3,"2,3",2MS:1;3MP:3;3MS:1,1,1,two_verbs,0,1,1,0,1,0,1,1,2->3,1,0,judgment,5,21,1
39,61,3,3,3,3MP:7;3MS:2,0,0,,0,0,1,0,0,0,0,0,,0,0,,9,19,1
39,62,3,3,3,3MS:1,0,0,,0,0,1,0,0,0,0,0,,0,0,,1,10,0
39,63,3,3,3,3MP:3;3MS:1,0,0,,0,0,1,0,0,0,0,0,,0,0,creation,4,19,1
39,64,2,2,"1,2",1S:2;2MP:2;2MS:1,1,1,two_verbs,1,1,0,1,0,0,1,1,3->2,1,0,,5,12,1
39,65,2,2,"2,3",2MS:6;3MS:2,1,1,two_verbs,0,1,1,0,1,0,0,0,,3,0,revelation,8,28,1
39,66,2,2,2,2MS:2,0,0,,0,1,0,0,0,0,0,0,,0,0,,2,9,1
39,67,3,3,3,3MP:4;3MS:5,0,0,,0,0,1,0,0,0,1,1,2->3,0,0,"judgment,creation",9,32,1
39,68,3,3,3,3MP:3;3MS:5,0,0,,0,0,1,0,0,0,0,0,,0,0,creation,8,31,1
39,69,3,3,3,3FS:2;3MP:4;3MS:3,0,0,,0,0,1,0,0,0,0,0,,0,0,creation,9,32,1
39,70,3,3,3,3FS:2;3MP:2;3MS:1,0,0,,0,0,1,0,0,0,0,0,,0,0,,5,13,1
39,71,3,3,"2,3",2MP:6;3FS:5;3MP:11;3MS:3,1,0,,0,1,1,0,1,0,0,0,,0,1,judgment,25,56,1
39,72,3,3,"2,3",2MP:2;3FS:1;3MS:2,1,1,two_verbs,0,1,1,0,1,0,0,0,,2,1,judgment,5,13,1
39,73,3,3,"2,3",2MP:5;3FS:5;3MP:6;3MS:2,1,1,two_verbs,0,1,1,0,1,0,0,0,,1,0,judgment,18,36,1
39,74,3,3,"1,3",1P:4;3MP:2;3MS:4,1,1,two_verbs,1,0,1,0,0,1,0,0,,2,1,"judgment,creation,law",10,28,1
39,75,3,3,"2,3",2MS:1;3MP:4;3MS:2,1,1,two_verbs,0,1,1,0,1,0,0,0,,1,1,,7,31,1
40,1,,3,,,0,0,,0,0,0,0,0,0,0,0,,0,0,,0,1,0
40,2,,3,,,0,0,,0,0,0,0,0,0,0,0,,0,0,revelation,0,9,0
40,3,3,3,3,3MS:2,0,0,,0,0,1,0,0,0,0,0,,0,0,"oneness,judgment",2,21,0
40,4,3,3,"2,3",2MS:1;3MP:3;3MS:2,1,0,,0,1,1,0,1,0,0,0,,0,0,revelation,6,18,1
40,5,3,3,"1,3",1S:3;3FS:2;3MP:10;3MS:3,1,1,two_verbs,1,0,1,0,0,1,0,0,,2,0,"revelation,prophets",18,44,1
40,6,3,3,"2,3",2MS:1;3FS:1;3MP:3,1,0,,0,1,1,0,1,0,0,0,,0,0,judgment,5,16,1
40,7,3,3,"1,2,3",1P:1;2MS:5;3MP:16;3MS:2,2,1,two_verbs,1,1,1,1,1,1,0,0,,3,0,"judgment,mercy",24,53,1
40,8,2,2,"1,2,3",1P:1;2MS:5;3MP:5;3MS:1,2,1,two_verbs,1,1,1,1,1,1,1,1,3->2,1,0,,12,30,1
40,9,2,2,"2,3",2MS:4;3MP:1;3MS:2,1,1,verb_plus_indep_pron,0,1,1,0,1,0,0,0,,0,0,mercy,7,23,1
40,10,2,2,"2,3",2MP:6;3MP:4,1,1,two_verbs,0,1,1,0,1,0,0,0,,1,0,judgment,10,24,1
40,11,1,1,"1,2,3",1P:6;2MS:4;3MP:2,2,1,two_verbs,1,1,1,1,1,1,1,1,2->1,2,1,,12,25,1
40,12,3,3,"2,3",2MP:4;3MS:5,1,1,two_verbs,0,1,1,0,1,0,1,1,1->3,3,0,,9,27,1
40,13,3,3,"2,3",2MP:2;3MS:6,1,1,verb_plus_indep_pron,0,1,1,0,1,0,0,0,,0,0,"revelation,creation",8,20,1
40,14,2,2,"2,3",2MP:2;3MS:2,1,1,two_verbs,0,1,1,0,1,0,1,1,3->2,1,0,,4,14,1
40,15,3,3,3,3MS:5,0,0,,0,0,1,0,0,0,1,1,2->3,0,0,judgment,5,23,1
40,16,3,3,3,3MP:2;3MS:1,0,0,,0,0,1,0,0,0,0,0,,0,0,,3,22,1
40,17,3,3,3,3FS:2,0,0,,0,0,1,0,0,0,0,0,,0,0,,2,17,1
40,18,3,3,"2,3",2MS:1;3MP:1;3MS:1,1,1,two_verbs,0,1,1,0,1,0,0,0,,1,0,,3,23,1
40,19,3,3,3,3FS:1;3MS:1,0,0,,0,0,1,0,0,0,0,0,,0,0,,2,9,1
40,20,3,3,3,3MP:4;3MS:3,0,0,,0,0,1,0,0,0,0,0,,0,0,,7,25,1
40,21,3,3,3,3MP:14;3MS:3,0,0,,0,0,1,0,0,0,0,0,,0,0,,17,48,1
40,22,3,3,3,3FS:2;3MP:6;3MS:2,0,0,,0,0,1,0,0,0,0,0,,0,0,judgment,10,25,1
40,23,1,1,1,1P:3,0,0,,1,0,0,0,0,0,1,1,3->1,0,0,"revelation,prophets",3,12,1
40,24,3,3,3,3MP:2,0,0,,0,0,1,0,0,0,1,1,1->3,0,1,prophets,2,11,1
40,25,3,3,"1,2,3",1P:1;2MP:4;3MP:6;3MS:2,2,1,two_verbs,1,1,1,1,1,1,0,0,,3,1,,13,33,1
40,26,3,3,"1,2,3",1S:4;2MP:3;3MS:5,2,1,two_verbs,1,1,1,1,1,1,0,0,,5,1,prophets,12,28,1
40,27,1,1,"1,2,3",1S:4;2MP:1;3MS:2,2,1,two_verbs,1,1,1,1,1,1,1,1,3->1,2,1,"judgment,prophets",7,22,1
40,28,3,3,"1,2,3",1S:1;2MP:6;3MS:13,2,1,two_verbs,1,1,1,1,1,1,1,1,1->3,2,1,prophets,20,56,1
40,29,1,1,"1,2,3",1P:2;1S:4;2MP:3;3MS:3,2,1,two_verbs,1,1,1,1,1,1,1,1,3->1,1,1,"judgment,prophets",12,39,1
40,30,1,1,"1,2,3",1S:3;2MP:1;3MS:2,2,1,two_verbs,1,1,1,1,1,1,0,0,,1,1,judgment,6,16,1
40,31,3,3,3,3MP:1;3MS:1,0,0,,0,0,1,0,0,0,1,1,1->3,0,0,prophets,2,21,1
40,32,1,1,"1,2",1S:3;2MP:1,1,0,,1,1,0,1,0,0,1,1,3->1,0,0,judgment,4,12,1
40,33,2,2,"2,3",2MP:3;3MS:2,1,1,two_verbs,0,1,1,0,1,0,1,1,1->2,1,0,,5,21,1
40,34,3,3,"2,3",2MP:6;3MS:8,1,1,two_verbs,0,1,1,0,1,0,1,1,2->3,4,1,"revelation,prophets",14,43,1
40,35,3,3,3,3MP:5;3MS:3,0,0,,0,0,1,0,0,0,0,0,,0,0,revelation,8,29,1
40,36,1,1,"1,2,3",1S:3;2MS:1;3MS:1,2,1,two_verbs,1,1,1,1,1,1,1,1,3->1,2,1,prophets,5,14,1
40,37,3,3,"1,3",1S:3;3MS:4,1,1,two_verbs,1,0,1,0,0,1,1,1,1->3,1,0,"creation,prophets",7,36,1
40,38,2,2,"1,2,3",1S:3;2MP:3;3MS:2,2,1,two_verbs,1,1,1,1,1,1,1,1,3->2,2,1,,8,15,1
40,39,1,1,"1,3",1S:1;3FS:1,1,0,,1,0,1,0,0,1,1,1,2->1,0,0,,2,19,0
40,40,3,3,3,3FS:2;3MP:4;3MS:4,0,0,,0,0,1,0,0,0,1,1,1->3,0,0,judgment,10,33,1
40,41,1,1,"1,2",1S:4;2MP:3,1,1,two_verbs,1,1,0,1,0,0,1,1,3->1,1,0,judgment,7,19,1
40,42,1,1,"1,2,3",1S:6;2MP:3;3MS:3,2,1,two_verbs,1,1,1,1,1,1,0,0,,3,0,,12,27,1
40,43,3,3,"1,2,3",1P:1;1S:1;2MP:2;3MP:1;3MS:3,2,1,two_verbs,1,1,1,1,1,1,1,1,1->3,1,0,judgment,8,35,1
40,44,1,1,"1,2",1S:3;2MP:3,1,1,two_verbs,1,1,0,1,0,0,1,1,3->1,1,0,,6,20,1
40,45,3,3,3,3MP:2;3MS:3,0,0,,0,0,1,0,0,0,1,1,1->3,0,0,"judgment,prophets",5,16,1
40,46,3,3,"2,3",2MP:2;3FS:2;3MP:2,1,1,two_verbs,0,1,1,0,1,0,0,0,,1,1,"judgment,prophets",6,21,1
40,47,3,3,"1,2,3",1P:4;2MP:2;3MP:4;3MS:1,2,1,two_verbs,1,1,1,1,1,1,0,0,,1,1,judgment,11,32,1
40,48,3,3,"1,3",1P:1;3FS:1;3MP:2;3MS:2,1,0,,1,0,1,0,0,1,0,0,,0,1,,6,16,1
40,49,2,2,"1,2,3",1P:1;2MP:3;3MS:2,2,1,two_verbs,1,1,1,1,1,1,1,1,3->2,2,1,judgment,6,20,1
40,50,3,3,"2,3",2MP:4;3FS:2;3MP:6,1,1,two_verbs,0,1,1,0,1,0,1,1,2->3,1,1,,12,29,1
40,51,3,3,"1,3",1P:3;3MP:2;3MS:1,1,1,two_verbs,1,0,1,0,0,1,0,0,,1,0,,6,20,1
40,52,3,3,3,3MP:3;3MS:1,0,0,,0,0,1,0,0,0,0,0,,0,0,,4,18,1
40,53,1,1,1,1P:4,0,0,,1,0,0,0,0,0,1,1,3->1,0,0,"revelation,law,prophets",4,15,1
40,54,,3,,,0,0,,0,0,0,0,0,0,1,1,1->3,0,0,,0,7,0
40,55,2,2,2,2MS:5,0,0,,0,1,0,0,0,0,1,1,3->2,0,0,,5,23,1
40,56,3,3,"2,3",2MS:1;3MP:5;3MS:4,1,1,two_verbs,0,1,1,0,1,0,1,1,2->3,1,0,revelation,10,34,1
40,57,3,3,3,3MP:2,0,0,,0,0,1,0,0,0,0,0,,0,0,creation,2,20,1
40,58,3,3,"2,3",2MP:2;3MP:4;3MS:1,1,1,two_verbs,0,1,1,0,1,0,0,0,,1,0,,7,25,1
40,59,3,3,3,3FS:1;3MP:2,0,0,,0,0,1,0,0,0,0,0,,0,0,judgment,3,17,1
40,60,3,3,"1,2,3",1S:3;2MP:4;3MP:4;3MS:1,2,1,two_verbs,1,1,1,1,1,1,0,0,,3,0,judgment,12,22,1
40,61,3,3,"2,3",2MP:3;3MP:2;3MS:2,1,1,two_verbs,0,1,1,0,1,0,0,0,,2,0,,7,32,1
40,62,2,2,"2,3",2MP:3;3MS:1,1,1,verb_plus_indep_pron,0,1,1,0,1,0,1,1,3->2,0,0,oneness,4,15,1
40,63,3,3,3,3MP:4;3MS:1,0,0,,0,0,1,0,0,0,1,1,2->3,0,0,revelation,5,11,1
40,64,3,3,"2,3",2MP:5;3MS:5,1,1,verb_plus_indep_pron,0,1,1,0,1,0,0,0,,0,0,creation,10,35,1
40,65,3,3,"2,3",2MP:2;3MS:4,1,1,verb_plus_indep_pron,0,1,1,0,1,0,0,0,,0,0,oneness,6,23,1
40,66,1,1,"1,2,3",1S:9;2MP:2;2MS:1;3MS:1,2,1,two_verbs,1,1,1,1,1,1,1,1,3->1,4,0,law,13,30,1
40,67,2,2,"2,3",2MP:13;3MS:4,1,1,two_verbs,0,1,1,0,1,0,1,1,1->2,3,0,creation,17,45,1
40,68,3,3,"2,3",2MS:1;3MS:7,1,1,two_verbs,0,1,1,0,1,0,1,1,2->3,2,0,,8,18,1
40,69,3,3,"2,3",2MS:1;3MP:4,1,1,two_verbs,0,1,1,0,1,0,0,0,,1,0,revelation,5,13,1
40,70,3,3,"1,3",1P:3;3MP:4;3MS:1,1,1,two_verbs,1,0,1,0,0,1,0,0,,2,0,revelation,8,19,1
40,71,3,3,3,3MP:3,0,0,,0,0,1,0,0,0,0,0,,0,0,,3,11,1
40,72,3,3,3,3MP:2,0,0,,0,0,1,0,0,0,0,0,,0,0,judgment,2,9,1
40,73,2,2,"2,3",2MP:4;3MP:1;3MS:1,1,1,two_verbs,0,1,1,0,1,0,1,1,3->2,1,1,,6,10,1
40,74,3,3,"1,3",1P:3;3MP:4;3MS:1,1,1,two_verbs,1,0,1,0,0,1,1,1,2->3,2,1,,8,22,1
40,75,2,2,2,2MP:8,0,0,,0,1,0,0,0,0,1,1,3->2,0,1,creation,8,21,1
40,76,2,2,"2,3",2MP:2;3FS:1;3MS:1,1,1,two_verbs,0,1,1,0,1,0,0,0,,1,0,judgment,4,12,1
40,77,1,1,"1,2,3",1P:4;2MS:3;3MP:3,2,1,two_verbs,1,1,1,1,1,1,1,1,2->1,2,0,,10,24,1
40,78,3,3,"1,2,3",1P:5;2MS:3;3MP:2;3MS:5,2,1,two_verbs,1,1,1,1,1,1,1,1,1->3,1,0,revelation,15,51,1
40,79,2,2,"2,3",2MP:5;3FS:2;3MS:1,1,1,two_verbs,0,1,1,0,1,0,1,1,3->2,1,0,,8,17,1
40,80,2,2,"2,3",2MP:6;3FS:3,1,0,,0,1,1,0,1,0,0,0,,0,0,,9,25,1
40,81,2,2,"2,3",2MP:3;3MS:2,1,1,two_verbs,0,1,1,0,1,0,0,0,,1,0,revelation,5,11,1
40,82,3,3,3,3MP:13;3MS:2,0,0,,0,0,1,0,0,0,1,1,2->3,0,0,,15,41,1
40,83,3,3,3,3FS:1;3MP:10;3MS:2,0,0,,0,0,1,0,0,0,0,0,,0,0,,13,29,1
40,84,1,1,"1,3",1P:7;3MP:4;3MS:2,1,1,two_verbs,1,0,1,0,0,1,1,1,3->1,1,1,judgment,13,24,1
40,85,3,3,"1,3",1P:1;3FS:1;3MP:4;3MS:4,1,0,,1,0,1,0,0,1,1,1,1->3,0,0,judgment,10,25,1
41,1,,3,,,0,0,,0,0,0,0,0,0,0,0,,0,0,,0,1,0
41,2,,3,,,0,0,,0,0,0,0,0,0,0,0,,0,0,"mercy,revelation",0,6,0
41,3,3,3,3,3FS:1;3MP:2;3MS:1,0,0,,0,0,1,0,0,0,0,0,,0,0,revelation,4,10,1
41,4,3,3,3,3MP:4;3MS:1,0,0,,0,0,1,0,0,0,0,0,,0,0,revelation,5,12,1
41,5,2,2,"1,2,3",1P:5;2MS:3;3MP:2;3MS:1,2,1,two_verbs,1,1,1,1,1,1,1,1,3->2,1,0,,11,31,1
41,6,2,2,"1,2,3",1S:2;2MP:6;2MS:1;3MS:3,2,1,two_verbs,1,1,1,1,1,1,0,0,,2,0,"oneness,revelation",12,30,1
41,7,3,3,3,3MP:4,0,0,,0,0,1,0,0,0,1,1,2->3,0,0,law,4,13,1
41,8,3,3,3,3MP:5,0,0,,0,0,1,0,0,0,0,0,,0,0,judgment,5,14,1
41,9,2,2,"2,3",2MP:5;2MS:1;3MS:2,1,1,two_verbs,0,1,1,0,1,0,1,1,3->2,2,0,creation,8,24,1
41,10,3,3,3,3FS:5;3MS:3,0,0,,0,0,1,0,0,0,1,1,2->3,0,0,creation,8,25,1
41,11,3,3,"1,2,3",1P:2;2MD:2;3FD:2;3FS:2;3MS:2,2,1,two_verbs,1,1,1,1,1,1,0,0,,3,1,creation,10,26,1
41,12,3,3,"1,3",1P:2;3FP:1;3FS:1;3MS:2,1,1,two_verbs,1,0,1,0,0,1,0,0,,1,0,creation,6,31,1
41,13,2,2,"1,2,3",1S:2;2MP:1;2MS:1;3MP:2,2,1,two_verbs,1,1,1,1,1,1,1,1,3->2,2,0,prophets,6,15,1
41,14,3,3,"1,2,3",1P:2;2MP:4;3FS:1;3MP:5;3MS:3,2,1,two_verbs,1,1,1,1,1,1,1,1,2->3,3,1,revelation,15,38,1
41,15,3,3,"1,3",1P:2;3MP:12;3MS:2,1,0,,1,0,1,0,0,1,0,0,,0,1,"revelation,creation,prophets",16,44,1
41,16,3,3,"1,3",1P:3;3MP:5,1,1,two_verbs,1,0,1,0,0,1,0,0,,1,0,judgment,8,32,1
41,17,3,3,"1,3",1P:2;3FS:1;3MP:8,1,1,two_verbs,1,0,1,0,0,1,0,0,,1,0,"judgment,prophets",11,29,1
41,18,3,3,"1,3",1P:2;3MP:6,1,1,two_verbs,1,0,1,0,0,1,0,0,,1,0,,8,11,1
41,19,3,3,3,3MP:3;3MS:1,0,0,,0,0,1,0,0,0,0,0,,0,0,judgment,4,12,1
41,20,3,3,3,3FS:1;3MP:10;3MS:1,0,0,,0,0,1,0,0,0,0,0,,0,0,,12,23,1
41,21,3,3,"1,2,3",1P:2;2MP:5;3MP:5;3MS:5,2,1,two_verbs,1,1,1,1,1,1,0,0,,3,1,creation,17,32,1
41,22,2,2,"2,3",2MP:12;3MS:2,1,1,two_verbs,0,1,1,0,1,0,1,1,3->2,4,0,,14,33,1
41,23,2,2,"2,3",2MP:7;3MS:1,1,1,two_verbs,0,1,1,0,1,0,0,0,,2,0,,8,18,1
41,24,3,3,3,3MP:6,0,0,,0,0,1,0,0,0,1,1,2->3,0,0,judgment,6,20,1
41,25,3,3,"1,3",1P:2;3FS:1;3MP:11;3MS:1,1,1,two_verbs,1,0,1,0,0,1,0,0,,1,0,,15,43,1
41,26,2,2,"2,3",2MP:7;3MP:2;3MS:2,1,1,two_verbs,0,1,1,0,1,0,1,1,3->2,1,0,,11,21,1
41,27,3,3,"1,3",1P:2;3MP:7,1,1,two_verbs,1,0,1,0,0,1,1,1,2->3,3,0,judgment,9,20,1
41,28,3,3,"1,3",1P:1;3FS:1;3MP:5,1,0,,1,0,1,0,0,1,0,0,,0,0,judgment,7,23,1
41,29,3,3,"1,2,3",1P:5;2MS:1;3D:1;3MD:4;3MP:2;3MS:1,2,1,two_verbs,1,1,1,1,1,1,0,0,,4,0,,14,30,1
41,30,2,2,"1,2,3",1P:1;2MP:10;3FS:1;3MP:5,2,1,two_verbs,1,1,1,1,1,1,1,1,3->2,1,1,judgment,17,34,1
41,31,2,2,"1,2,3",1P:1;2MP:6;3FS:3,2,1,two_verbs,1,1,1,1,1,1,0,0,,1,0,,10,29,1
41,32,,3,,,0,0,,0,0,0,0,0,0,1,1,2->3,0,0,mercy,0,4,0
41,33,3,3,"1,3",1S:1;3MS:3,1,0,,1,0,1,0,0,1,0,0,,0,0,,4,19,1
41,34,3,3,"2,3",2MS:2;3FS:2;3MS:2,1,1,two_verbs,0,1,1,0,1,0,0,0,,1,0,,6,27,1
41,35,3,3,3,3FS:2;3MP:2;3MS:2,0,0,,0,0,1,0,0,0,0,0,,0,0,,6,16,1
41,36,3,3,"2,3",2MS:2;3MS:3,1,1,two_verbs,0,1,1,0,1,0,0,0,,1,0,,5,20,1
41,37,2,2,"2,3",2MP:8;3FP:1;3MS:3,1,1,two_verbs,0,1,1,0,1,0,1,1,3->2,2,0,"revelation,creation,prayer",12,40,1
41,38,3,3,"2,3",2MS:1;3MP:7;3MS:1,1,0,,0,1,1,0,1,0,1,1,2->3,0,0,,9,24,1
41,39,3,3,"1,2,3",1P:2;2MS:1;3FS:5;3MS:3,2,1,two_verbs,1,1,1,1,1,1,0,0,,2,0,"revelation,creation",11,35,1
41,40,3,3,"1,2,3",1P:2;2MP:6;3MP:4;3MS:3,2,1,two_verbs,1,1,1,1,1,1,0,0,,1,0,judgment,15,39,1
41,41,3,3,3,3MP:3;3MS:2,0,0,,0,0,1,0,0,0,0,0,,0,0,revelation,5,16,1
41,42,3,3,3,3MS:4,0,0,,0,0,1,0,0,0,0,0,,0,0,revelation,4,18,1
41,43,3,3,"2,3",2MS:3;3MS:2,1,1,verb_plus_indep_pron,0,1,1,0,1,0,0,0,,0,1,,5,24,1
41,44,3,3,"1,2,3",1P:2;2MS:1;3FS:1;3MP:10;3MS:4,2,1,two_verbs,1,1,1,1,1,1,0,0,,3,1,revelation,18,47,1
41,45,3,3,"1,2,3",1P:2;2MS:1;3FS:1;3MP:2;3MS:4,2,1,two_verbs,1,1,1,1,1,1,0,0,,1,0,"revelation,prophets",10,32,1
41,46,3,3,"2,3",2MS:1;3FS:1;3MS:3,1,0,,0,1,1,0,1,0,0,0,,0,0,,5,22,1
41,47,3,3,"1,2,3",1P:3;1S:1;2MS:1;3FS:4;3MP:3;3MS:4,2,1,two_verbs,1,1,1,1,1,1,0,0,,1,1,"oneness,judgment,law",16,43,1
41,48,3,3,3,3MP:8;3MS:1,0,0,,0,0,1,0,0,0,0,0,,0,0,,9,19,1
41,49,3,3,3,3MS:3,0,0,,0,0,1,0,0,0,0,0,,0,0,,3,17,1
41,50,1,1,"1,3",1P:5;1S:6;3FS:1;3MP:5;3MS:4,1,1,two_verbs,1,0,1,0,0,1,1,1,3->1,4,0,"judgment,mercy",21,61,1
41,51,3,3,"1,3",1P:2;3MS:5,1,1,two_verbs,1,0,1,0,0,1,1,1,1->3,1,0,,7,23,1
41,52,2,2,"2,3",2MP:4;2MS:1;3MS:3,1,1,two_verbs,0,1,1,0,1,0,1,1,3->2,2,0,,8,22,1
41,53,3,3,"1,2,3",1P:2;2MS:1;3MP:3;3MS:4,2,1,two_verbs,1,1,1,1,1,1,1,1,2->3,1,0,"revelation,law",10,33,1
41,54,3,3,3,3MP:2;3MS:1,0,0,,0,0,1,0,0,0,0,0,,0,0,,3,16,0
42,1,,3,,,0,0,,0,0,0,0,0,0,0,0,,0,0,,0,1,0
42,2,,3,,,0,0,,0,0,0,0,0,0,0,0,,0,0,,0,1,0
42,3,2,2,"2,3",2MS:2;3MS:1,1,0,,0,1,1,0,1,0,1,1,3->2,0,0,revelation,3,16,1
42,4,3,3,3,3MS:2,0,0,,0,0,1,0,0,0,1,1,2->3,0,0,creation,2,17,0
42,5,3,3,3,3FP:3;3FS:1;3MP:5;3MS:1,0,0,,0,0,1,0,0,0,0,0,,0,0,"mercy,creation",10,33,1
42,6,3,3,"2,3",2MS:1;3MP:4;3MS:1,1,1,verb_plus_indep_pron,0,1,1,0,1,0,0,0,,0,0,oneness,6,19,1
42,7,3,3,"1,2,3",1P:2;2MS:2;3FS:2;3MS:1,2,1,two_verbs,1,1,1,1,1,1,0,0,,2,0,"judgment,revelation",7,36,1
42,8,3,3,3,3MP:2;3MS:5,0,0,,0,0,1,0,0,0,0,0,,0,0,mercy,7,28,1
42,9,3,3,3,3MP:2;3MS:5,0,0,,0,0,1,0,0,0,0,0,,0,0,,7,23,1
42,10,1,1,"1,2,3",1S:4;2MP:2;3MS:4,2,1,two_verbs,1,1,1,1,1,1,1,1,3->1,1,0,,10,25,1
42,11,3,3,"2,3",2MP:3;3MS:6,1,1,verb_plus_indep_pron,0,1,1,0,1,0,1,1,1->3,0,0,creation,9,33,1
42,12,3,3,3,3MS:5,0,0,,0,0,1,0,0,0,0,0,,0,0,creation,5,22,1
42,13,3,3,"1,2,3",1P:4;2MP:5;2MS:2;3MP:1;3MS:13,2,1,two_verbs,1,1,1,1,1,1,0,0,,5,0,"revelation,prophets",25,60,1
42,14,3,3,"2,3",2MS:1;3FS:1;3MP:8;3MS:3,1,0,,0,1,1,0,1,0,0,0,,0,0,revelation,13,45,1
42,15,2,2,"1,2,3",1P:5;1S:5;2MP:5;2MS:6;3MP:1;3MS:3,2,1,two_verbs,1,1,1,1,1,1,1,1,3->2,4,0,revelation,25,64,1
42,16,3,3,3,3MP:6;3MS:2,0,0,,0,0,1,0,0,0,1,1,2->3,0,0,judgment,8,27,1
42,17,3,3,"2,3",2MS:1;3MS:2,1,0,,0,1,1,0,1,0,0,0,,0,0,"judgment,revelation",3,19,1
42,18,3,3,3,3FS:4;3MP:8;3MS:1,0,0,,0,0,1,0,0,0,0,0,,0,0,judgment,13,35,1
42,19,3,3,3,3MS:4,0,0,,0,0,1,0,0,0,0,0,,0,0,,4,14,1
42,20,3,3,"1,3",1P:2;3FS:1;3MS:8,1,1,two_verbs,1,0,1,0,0,1,0,0,,3,0,,11,32,1
42,21,3,3,3,3MP:6;3MS:3,0,0,,0,0,1,0,0,0,0,0,,0,0,judgment,9,34,1
42,22,3,3,"2,3",2MS:1;3MP:11;3MS:2,1,1,two_verbs,0,1,1,0,1,0,0,0,,1,0,judgment,14,40,1
42,23,3,3,"1,2,3",1P:1;1S:1;2MP:1;2MS:1;3FS:1;3MP:4;3MS:5,2,1,two_verbs,1,1,1,1,1,1,0,0,,4,0,mercy,14,41,1
42,24,3,3,"2,3",2MS:1;3MP:2;3MS:7,1,0,,0,1,1,0,1,0,0,0,,0,0,,10,34,1
42,25,3,3,"2,3",2MP:2;3MS:5,1,1,two_verbs,0,1,1,0,1,0,0,0,,1,0,,7,19,1
42,26,3,3,3,3MP:6;3MS:3,0,0,,0,0,1,0,0,0,0,0,,0,0,judgment,9,23,1
42,27,3,3,3,3MP:2;3MS:6,0,0,,0,0,1,0,0,0,0,0,,0,0,creation,8,29,1
42,28,3,3,3,3MP:2;3MS:5,0,0,,0,0,1,0,0,0,0,0,,0,0,mercy,7,21,1
42,29,3,3,3,3D:1;3MP:1;3MS:4,0,0,,0,0,1,0,0,0,0,0,,0,0,"revelation,creation",6,25,1
42,30,3,3,"2,3",2MP:2;3FS:1;3MS:2,1,0,,0,1,1,0,1,0,0,0,,0,0,,5,16,1
42,31,2,2,2,2MP:2,0,0,,0,1,0,0,0,0,1,1,3->2,0,0,creation,2,20,0
42,32,3,3,3,3MS:1,0,0,,0,0,1,0,0,0,1,0,2->3,0,0,revelation,1,12,0
42,33,3,3,3,3FP:2;3MS:3,0,0,,0,0,1,0,0,0,0,0,,0,0,revelation,5,21,1
42,34,3,3,3,3FP:1;3MP:2;3MS:2,0,0,,0,0,1,0,0,0,0,0,,0,0,,5,11,1
42,35,3,3,"1,3",1P:1;3MP:3;3MS:1,1,0,,1,0,1,0,0,1,0,0,,0,0,revelation,5,13,1
42,36,3,3,"2,3",2MP:2;3MP:5,1,1,two_verbs,0,1,1,0,1,0,0,0,,1,0,,7,29,1
42,37,3,3,3,3MP:7,0,0,,0,0,1,0,0,0,0,0,,0,0,mercy,7,18,1
42,38,3,3,"1,3",1P:2;3MP:10,1,1,two_verbs,1,0,1,0,0,1,0,0,,2,0,prayer,12,26,1
42,39,3,3,3,3MP:4;3MS:1,0,0,,0,0,1,0,0,0,0,0,,0,0,,5,10,1
42,40,3,3,3,3FS:1;3MS:5,0,0,,0,0,1,0,0,0,0,0,,0,0,judgment,6,22,1
42,41,3,3,3,3MP:1;3MS:2,0,0,,0,0,1,0,0,0,0,0,,0,0,,3,14,1
42,42,3,3,3,3MP:5,0,0,,0,0,1,0,0,0,0,0,,0,0,"judgment,creation",5,25,1
42,43,3,3,3,3MS:2,0,0,,0,0,1,0,0,0,0,0,,0,0,,2,13,1
42,44,3,3,"2,3",2MS:1;3MP:4;3MS:3,1,1,two_verbs,0,1,1,0,1,0,0,0,,2,0,judgment,8,29,1
42,45,3,3,"2,3",2MS:1;3FS:1;3MP:11;3MS:1,1,1,two_verbs,0,1,1,0,1,0,0,0,,1,1,judgment,14,42,1
42,46,3,3,3,3MP:4;3MS:3,0,0,,0,0,1,0,0,0,0,0,,0,0,,7,23,1
42,47,2,2,"2,3",2MP:5;3MS:2,1,1,two_verbs,0,1,1,0,1,0,1,1,3->2,1,0,,7,28,1
42,48,3,3,"1,2,3",1P:6;2MS:2;3FS:3;3MP:5;3MS:1,2,1,two_verbs,1,1,1,1,1,1,1,1,2->3,2,0,mercy,17,47,1
42,49,3,3,3,3MS:6,0,0,,0,0,1,0,0,0,0,0,,0,0,creation,6,23,1
42,50,3,3,3,3MP:1;3MS:4,0,0,,0,0,1,0,0,0,0,0,,0,0,,5,15,1
42,51,3,3,"1,3",1S:1;3MS:8,1,0,,1,0,1,0,0,1,0,0,,0,0,revelation,9,30,1
42,52,1,1,"1,2,3",1P:8;2MS:6;3MS:2,2,1,two_verbs,1,1,1,1,1,1,1,1,3->1,3,0,revelation,16,44,1
42,53,3,3,3,3FS:1;3MS:1,0,0,,0,0,1,0,0,0,1,1,1->3,0,0,creation,2,20,1
43,1,,3,,,0,0,,0,0,0,0,0,0,0,0,,0,0,,0,1,0
43,2,,3,,,0,0,,0,0,0,0,0,0,0,0,,0,0,revelation,0,5,0
43,3,2,2,"1,2,3",1P:3;2MP:3;3MS:1,2,1,two_verbs,1,1,1,1,1,1,1,1,3->2,1,0,,7,11,1
43,4,1,1,"1,3",1P:1;3MS:1,1,0,,1,0,1,0,0,1,1,1,2->1,0,0,revelation,2,12,0
43,5,2,2,"1,2",1P:1;2MP:3,1,1,two_verbs,1,1,0,1,0,0,1,1,1->2,1,0,,4,13,1
43,6,1,1,1,1P:2,0,0,,1,0,0,0,0,0,1,1,2->1,0,0,,2,9,1
43,7,3,3,3,3MP:5;3MS:2,0,0,,0,0,1,0,0,0,1,1,1->3,0,0,,7,13,1
43,8,1,1,"1,3",1P:2;3MP:1;3MS:1,1,1,two_verbs,1,0,1,0,0,1,1,1,3->1,1,0,,4,12,1
43,9,3,3,"2,3",2MS:2;3FP:1;3MP:2;3MS:2,1,1,two_verbs,0,1,1,0,1,0,1,1,1->3,1,0,creation,7,22,1
43,10,2,2,"2,3",2MP:5;3FS:1;3MS:2,1,1,two_verbs,0,1,1,0,1,0,1,1,3->2,1,0,creation,8,18,1
43,11,2,2,"1,2,3",1P:2;2MP:2;3MS:2,2,1,two_verbs,1,1,1,1,1,1,0,0,,2,0,creation,6,20,1
43,12,3,3,"2,3",2MP:3;3FS:1;3MS:2,1,1,two_verbs,0,1,1,0,1,0,1,1,2->3,1,0,creation,6,20,1
43,13,2,2,"1,2,3",1P:3;2MP:9;3MS:4,2,1,two_verbs,1,1,1,1,1,1,1,1,3->2,2,0,,16,33,1
43,14,1,1,1,1P:2,0,0,,1,0,0,0,0,0,1,1,2->1,0,0,,2,8,0
43,15,3,3,3,3MP:2;3MS:2,0,0,,0,0,1,0,0,0,1,1,1->3,0,0,,4,15,1
43,16,3,3,"2,3",2MP:1;3MS:3,1,0,,0,1,1,0,1,0,0,0,,0,0,creation,4,12,1
43,17,3,3,3,3MP:1;3MS:5,0,0,,0,0,1,0,0,0,0,0,,0,0,mercy,6,19,1
43,18,3,3,3,3MS:2,0,0,,0,0,1,0,0,0,0,0,,0,0,,2,14,1
43,19,3,3,3,3FS:1;3MP:9,0,0,,0,0,1,0,0,0,0,0,,0,0,"mercy,law",10,23,1
43,20,3,3,"1,3",1P:2;3MP:7;3MS:1,1,1,two_verbs,1,0,1,0,0,1,0,0,,2,1,mercy,10,23,1
43,21,3,3,"1,3",1P:2;3MP:2;3MS:2,1,1,verb_plus_indep_pron,1,0,1,0,0,1,0,0,,0,0,revelation,6,13,1
43,22,1,1,"1,3",1P:5;3MP:3,1,1,two_verbs,1,0,1,0,0,1,1,1,3->1,1,0,,8,18,1
43,23,1,1,"1,2,3",1P:7;2MS:1;3FS:1;3MP:1;3MS:1,2,1,two_verbs,1,1,1,1,1,1,0,0,,2,1,revelation,11,32,1
43,24,2,2,"1,2,3",1P:1;1S:2;2MP:6;3MP:2;3MS:3,2,1,two_verbs,1,1,1,1,1,1,1,1,1->2,4,1,revelation,14,28,1
43,25,1,1,"1,2,3",1P:2;2MS:1;3MP:1;3MS:1,2,1,two_verbs,1,1,1,1,1,1,1,1,2->1,2,0,,5,12,1
43,26,3,3,"1,2,3",1S:1;2MP:2;3MS:3,2,1,two_verbs,1,1,1,1,1,1,1,1,1->3,1,1,prophets,6,17,1
43,27,3,3,"1,3",1S:2;3MS:3,1,0,,1,0,1,0,0,1,0,0,,0,0,creation,5,10,1
43,28,3,3,3,3FS:1;3MP:3;3MS:2,0,0,,0,0,1,0,0,0,0,0,,0,0,,6,12,1
43,29,3,3,"1,3",1S:2;3MP:2;3MS:1,1,1,two_verbs,1,0,1,0,0,1,0,0,,1,0,revelation,5,15,1
43,30,3,3,"1,3",1P:1;3MP:3;3MS:2,1,0,,1,0,1,0,0,1,0,0,,0,1,,6,16,1
43,31,3,3,3,3MP:2;3MS:1,0,0,,0,0,1,0,0,0,0,0,,0,1,revelation,3,14,1
43,32,3,3,"1,2,3",1P:5;2MS:2;3MP:9;3MS:1,2,1,two_verbs,1,1,1,1,1,1,0,0,,2,0,mercy,17,42,1
43,33,3,3,"1,3",1P:2;3FS:1;3MP:3;3MS:2,1,1,two_verbs,1,0,1,0,0,1,0,0,,2,0,mercy,8,29,1
43,34,3,3,3,3FS:1;3MP:3,0,0,,0,0,1,0,0,0,0,0,,0,0,,4,11,1
43,35,2,2,2,2MS:1,0,0,,0,1,0,0,0,0,1,1,3->2,0,0,,1,21,0
43,36,3,3,"1,3",1P:1;3MS:4,1,1,two_verbs,1,0,1,0,0,1,1,1,2->3,1,0,mercy,5,16,1
43,37,3,3,3,3MP:7,0,0,,0,0,1,0,0,0,0,0,,0,0,,7,16,1
43,38,3,3,"1,2,3",1P:1;1S:1;2MS:1;3MS:3,2,0,,1,1,1,1,1,1,0,0,,0,0,,6,19,1
43,39,2,2,"2,3",2MP:4;3MS:1,1,1,two_verbs,0,1,1,0,1,0,1,1,3->2,1,0,judgment,5,15,1
43,40,2,2,"2,3",2MS:3;3MS:1,1,1,two_verbs,0,1,1,0,1,0,0,0,,1,0,,4,16,1
43,41,1,1,"1,2,3",1P:2;2MS:1;3MP:1,2,1,verb_plus_indep_pron,1,1,1,1,1,1,1,1,2->1,0,0,,4,12,1
43,42,1,1,"1,2,3",1P:4;2MS:1;3MP:2,2,0,,1,1,1,1,1,1,0,0,,0,0,,7,14,1
43,43,2,2,"2,3",2MS:3;3MS:1,1,1,two_verbs,0,1,1,0,1,0,1,1,1->2,1,0,revelation,4,12,1
43,44,2,2,"2,3",2MP:2;2MS:2;3MS:1,1,0,,0,1,1,0,1,0,0,0,,0,0,,5,15,1
43,45,1,1,"1,2,3",1P:5;2MS:2;3MP:2,2,1,two_verbs,1,1,1,1,1,1,1,1,2->1,2,0,mercy,9,21,1
43,46,1,1,"1,3",1P:3;1S:1;3MS:2,1,1,two_verbs,1,0,1,0,0,1,0,0,,1,1,"revelation,prophets",6,22,1
43,47,3,3,"1,3",1P:1;3FS:1;3MP:4;3MS:1,1,0,,1,0,1,0,0,1,1,1,1->3,0,0,revelation,7,13,1
43,48,3,3,"1,3",1P:3;3FS:2;3MP:5,1,1,two_verbs,1,0,1,0,0,1,0,0,,1,0,,10,23,1
43,49,3,3,"1,2,3",1P:2;2MS:3;3MP:2;3MS:1,2,1,two_verbs,1,1,1,1,1,1,0,0,,2,1,prophets,8,21,1
43,50,3,3,"1,3",1P:2;3MP:4,1,1,two_verbs,1,0,1,0,0,1,0,0,,1,0,,6,12,1
43,51,3,3,"1,2,3",1S:3;2MP:2;3FS:1;3MS:4,2,1,two_verbs,1,1,1,1,1,1,0,0,,1,1,prophets,10,29,1
43,52,3,3,"1,3",1S:1;3MS:3,1,1,verb_plus_indep_pron,1,0,1,0,0,1,0,0,,0,0,,4,12,1
43,53,3,3,3,3MS:4,0,0,,0,0,1,0,0,0,0,0,,0,0,,4,15,1
43,54,3,3,3,3MP:5;3MS:3,0,0,,0,0,1,0,0,0,0,0,,0,0,,8,14,1
43,55,1,1,"1,3",1P:5;3MP:4,1,1,two_verbs,1,0,1,0,0,1,1,1,3->1,1,0,,9,14,1
43,56,1,1,"1,3",1P:2;3MP:1,1,0,,1,0,1,0,0,1,0,0,,0,0,,3,10,1
43,57,3,3,"2,3",2MS:1;3MP:2;3MS:2,1,0,,0,1,1,0,1,0,1,1,1->3,0,0,,5,13,1
43,58,3,3,"1,2,3",1P:1;2MS:1;3MP:5;3MS:2,2,1,verb_plus_indep_pron,1,1,1,1,1,1,0,0,,0,1,,9,21,1
43,59,1,1,"1,3",1P:4;3MS:3,1,1,verb_plus_indep_pron,1,0,1,0,0,1,1,1,3->1,0,0,prophets,7,16,1
43,60,1,1,"1,2,3",1P:3;2MP:1;3MP:2,2,1,two_verbs,1,1,1,1,1,1,0,0,,1,0,creation,6,14,1
43,61,2,2,"1,2,3",1S:1;2MP:3;3FS:1;3MS:1,2,1,verb_plus_indep_pron,1,1,1,1,1,1,1,1,1->2,0,0,"judgment,prophets",6,21,1
43,62,3,3,"2,3",2MP:2;3MS:2,1,1,verb_plus_indep_pron,0,1,1,0,1,0,1,1,2->3,0,0,,4,13,1
43,63,2,2,"1,2,3",1S:4;2MP:8;3MS:3,2,1,two_verbs,1,1,1,1,1,1,1,1,3->2,2,1,prophets,15,34,1
43,64,2,2,"1,2,3",1S:1;2MP:3;3MS:2,2,1,verb_plus_indep_pron,1,1,1,1,1,1,0,0,,0,0,,6,15,1
43,65,3,3,3,3MP:3;3MS:1,0,0,,0,0,1,0,0,0,1,1,2->3,0,0,judgment,4,17,1
43,66,3,3,3,3FS:1;3MP:6,0,0,,0,0,1,0,0,0,0,0,,0,0,judgment,7,15,1
43,67,3,3,3,3MP:1,0,0,,0,0,1,0,0,0,0,0,,0,0,,1,11,0
43,68,2,2,"1,2",1S:1;2MP:4,1,0,,1,1,0,1,0,0,1,1,3->2,0,1,,5,14,1
43,69,3,3,"1,3",1P:1;3MP:4,1,0,,1,0,1,0,0,1,1,1,2->3,0,0,,5,10,1
43,70,2,2,2,2MP:6,0,0,,0,1,0,0,0,0,1,1,3->2,0,0,judgment,6,10,1
43,71,3,3,"2,3",2MP:1;3FS:4;3MP:1;3MS:2,1,1,verb_plus_indep_pron,0,1,1,0,1,0,1,1,2->3,0,0,,8,26,1
43,72,2,2,"2,3",2MP:6;3FS:1,1,0,,0,1,1,0,1,0,1,1,3->2,0,0,"judgment,law",7,14,1
43,73,2,2,"2,3",2MP:3;3FS:2,1,0,,0,1,1,0,1,0,0,0,,0,0,,5,10,1
43,74,,3,,,0,0,,0,0,0,0,0,0,1,1,2->3,0,0,judgment,0,7,0
43,75,3,3,3,3MP:2;3MS:2,0,0,,0,0,1,0,0,0,0,0,,0,0,,4,9,1
43,76,3,3,"1,3",1P:2;3MP:4,1,1,two_verbs,1,0,1,0,0,1,0,0,,1,0,,6,12,1
43,77,3,3,"1,2,3",1P:1;2MP:1;2MS:1;3MP:2;3MS:2,2,0,,1,1,1,1,1,1,0,0,,0,1,,7,15,1
43,78,1,1,"1,2",1P:2;2MP:2,1,0,,1,1,0,1,0,0,1,1,3->1,0,0,,4,16,1
43,79,3,3,"1,3",1P:1;3MP:2,1,0,,1,0,1,0,0,1,1,1,1->3,0,0,,3,8,1
43,80,3,3,"1,3",1P:3;3MP:7,1,1,two_verbs,1,0,1,0,0,1,0,0,,2,0,,10,20,1
43,81,2,2,"1,2,3",1S:1;2MS:1;3MS:1,2,1,two_verbs,1,1,1,1,1,1,1,1,3->2,1,0,mercy,3,12,1
43,82,3,3,3,3MP:2,0,0,,0,0,1,0,0,0,1,1,2->3,0,0,creation,2,14,1
43,83,3,3,"2,3",2MS:1;3MP:10,1,1,two_verbs,0,1,1,0,1,0,0,0,,1,0,,11,16,1
43,84,3,3,3,3MS:2,0,0,,0,0,1,0,0,0,0,0,,0,0,creation,2,18,0
43,85,3,3,"2,3",2MP:2;3D:1;3MS:4,1,1,two_verbs,0,1,1,0,1,0,0,0,,1,0,"judgment,creation",7,26,1
43,86,3,3,3,3MP:5;3MS:3,0,0,,0,0,1,0,0,0,0,0,,0,0,,8,21,1
43,87,3,3,"2,3",2MS:2;3MP:5;3MS:1,1,1,two_verbs,0,1,1,0,1,0,0,0,,1,0,creation,8,17,1
43,88,3,3,"1,3",1S:1;3MP:2;3MS:1,1,0,,1,0,1,0,0,1,0,0,,0,0,,4,12,1
43,89,2,2,"2,3",2MS:2;3MP:3,1,1,two_verbs,0,1,1,0,1,0,1,1,3->2,1,0,,5,11,1
44,1,,3,,,0,0,,0,0,0,0,0,0,0,0,,0,0,,0,1,0
44,2,,3,,,0,0,,0,0,0,0,0,0,0,0,,0,0,revelation,0,5,0
44,3,1,1,"1,3",1P:6;3MS:1,1,0,,1,0,1,0,0,1,1,1,3->1,0,0,,7,13,1
44,4,3,3,3,3FS:1;3MS:1,0,0,,0,0,1,0,0,0,1,1,1->3,0,0,,2,6,1
44,5,1,1,1,1P:4,0,0,,1,0,0,0,0,0,1,1,3->1,0,0,revelation,4,9,1
44,6,3,3,"2,3",2MS:1;3MS:2,1,0,,0,1,1,0,1,0,1,1,1->3,0,0,mercy,3,11,0
44,7,2,2,"2,3",2MP:2;3D:1,1,0,,0,1,1,0,1,0,1,1,3->2,0,0,creation,3,14,1
44,8,3,3,"2,3",2MP:2;3MS:3,1,0,,0,1,1,0,1,0,1,1,2->3,0,0,oneness,5,15,1
44,9,3,3,3,3MP:3,0,0,,0,0,1,0,0,0,0,0,,0,0,,3,6,1
44,10,2,2,"2,3",2MS:1;3FS:1,1,1,two_verbs,0,1,1,0,1,0,1,1,3->2,1,0,creation,2,9,1
44,11,3,3,3,3MS:1,0,0,,0,0,1,0,0,0,1,1,2->3,0,0,judgment,1,6,1
44,12,1,1,"1,2",1P:3;2MS:1,1,0,,1,1,0,1,0,0,1,1,3->1,0,1,judgment,4,10,1
44,13,3,3,3,3MP:2;3MS:1,0,0,,0,0,1,0,0,0,1,1,1->3,0,0,revelation,3,11,1
44,14,3,3,3,3MP:4;3MS:1,0,0,,0,0,1,0,0,0,0,0,,0,1,,5,10,1
44,15,2,2,"1,2",1P:1;2MP:1,1,0,,1,1,0,1,0,0,1,1,3->2,0,0,judgment,2,9,0
44,16,1,1,1,1P:2,0,0,,1,0,0,0,0,0,1,1,2->1,0,0,,2,9,1
44,17,3,3,"1,3",1P:2;3MP:2;3MS:1,1,1,two_verbs,1,0,1,0,0,1,1,1,1->3,1,0,"revelation,prophets",5,14,1
44,18,2,2,"1,2",1S:2;2MP:3,1,0,,1,1,0,1,0,0,1,1,3->2,0,0,revelation,5,13,1
44,19,2,2,"1,2",1S:2;2MP:3,1,1,two_verbs,1,1,0,1,0,0,0,0,,1,0,,5,14,1
44,20,1,1,"1,2",1S:5;2MP:3,1,1,two_verbs,1,1,0,1,0,0,1,1,2->1,1,0,,8,15,1
44,21,2,2,"1,2",1S:2;2MP:4,1,1,verb_plus_indep_pron,1,1,0,1,0,0,1,1,1->2,0,0,,6,11,1
44,22,3,3,3,3MS:2,0,0,,0,0,1,0,0,0,1,1,2->3,0,0,,2,8,1
44,23,2,2,"1,2",1S:1;2MP:1;2MS:1,1,0,,1,1,0,1,0,0,1,1,3->2,0,1,,3,9,1
44,24,2,2,"2,3",2MS:1;3MP:1,1,0,,0,1,1,0,1,0,0,0,,0,0,,2,9,1
44,25,3,3,3,3MP:2,0,0,,0,0,1,0,0,0,1,1,2->3,0,0,,2,7,1
44,26,,3,,,0,0,,0,0,0,0,0,0,0,0,,0,0,,0,5,0
44,27,3,3,3,3FS:1;3MP:2,0,0,,0,0,1,0,0,0,0,0,,0,0,,3,7,1
44,28,1,1,"1,3",1P:2;3FS:1,1,0,,1,0,1,0,0,1,1,1,3->1,0,0,law,3,8,1
44,29,3,3,3,3FS:1;3MP:3,0,0,,0,0,1,0,0,0,1,1,1->3,0,0,creation,4,15,1
44,30,1,1,1,1P:2,0,0,,1,0,0,0,0,0,1,1,3->1,0,0,"judgment,prophets",2,12,1
44,31,3,3,3,3MS:2,0,0,,0,0,1,0,0,0,1,1,1->3,0,0,prophets,2,9,1
44,32,1,1,"1,3",1P:2;3MP:1,1,0,,1,0,1,0,0,1,1,1,3->1,0,0,,3,11,1
44,33,1,1,"1,3",1P:2;3MP:1;3MS:1,1,0,,1,0,1,0,0,1,0,0,,0,0,revelation,4,12,1
44,34,3,3,3,3MP:2,0,0,,0,0,1,0,0,0,1,1,1->3,0,0,,2,5,1
44,35,1,1,"1,3",1P:2;3FS:1,1,0,,1,0,1,0,0,1,1,1,3->1,0,0,,3,12,0
44,36,2,2,"1,2",1P:1;2MP:4,1,0,,1,1,0,1,0,0,1,1,1->2,0,0,,5,10,1
44,37,3,3,"1,3",1P:2;3MP:6,1,1,two_verbs,1,0,1,0,0,1,1,1,2->3,1,0,,8,19,1
44,38,1,1,"1,3",1P:2;3D:1,1,0,,1,0,1,0,0,1,1,1,3->1,0,0,creation,3,14,1
44,39,3,3,"1,3",1P:2;3D:1;3MP:3,1,1,two_verbs,1,0,1,0,0,1,1,1,1->3,1,0,creation,6,15,1
44,40,3,3,3,3MP:1,0,0,,0,0,1,0,0,0,0,0,,0,0,judgment,1,7,0
44,41,3,3,3,3MP:3;3MS:1,0,0,,0,0,1,0,0,0,0,0,,0,0,,4,12,1
44,42,3,3,3,3MS:3,0,0,,0,0,1,0,0,0,0,0,,0,0,mercy,3,11,1
44,43,,3,,,0,0,,0,0,0,0,0,0,0,0,,0,0,,0,4,0
44,44,,3,,,0,0,,0,0,0,0,0,0,0,0,,0,0,,0,3,0
44,45,3,3,3,3MS:1,0,0,,0,0,1,0,0,0,0,0,,0,0,,1,7,1
44,46,,3,,,0,0,,0,0,0,0,0,0,0,0,,0,0,,0,4,0
44,47,2,2,"2,3",2MP:4;3MS:2,1,0,,0,1,1,0,1,0,1,1,3->2,0,0,,6,11,1
44,48,2,2,"2,3",2MP:2;3MS:1,1,0,,0,1,1,0,1,0,0,0,,0,0,judgment,3,10,1
44,49,2,2,2,2MS:3,0,0,,0,1,0,0,0,0,0,0,,0,1,,3,8,1
44,50,2,2,"2,3",2MP:4;3MS:1,1,1,verb_plus_indep_pron,0,1,1,0,1,0,0,0,,0,0,,5,9,1
44,51,,3,,,0,0,,0,0,0,0,0,0,1,1,2->3,0,0,,0,6,0
44,52,,3,,,0,0,,0,0,0,0,0,0,0,0,,0,0,,0,4,0
44,53,3,3,3,3MP:2,0,0,,0,0,1,0,0,0,0,0,,0,0,,2,7,1
44,54,1,1,"1,3",1P:2;3MP:1,1,0,,1,0,1,0,0,1,1,1,3->1,0,0,,3,9,1
44,55,3,3,3,3FS:1;3MP:2,0,0,,0,0,1,0,0,0,1,1,1->3,0,0,mercy,3,8,1
44,56,3,3,3,3FS:1;3MP:3;3MS:1,0,0,,0,0,1,0,0,0,0,0,,0,0,judgment,5,18,1
44,57,2,2,"2,3",2MS:1;3MS:1,1,0,,0,1,1,0,1,0,1,1,3->2,0,0,,2,10,0
44,58,3,3,"1,2,3",1P:2;2MS:1;3MP:3;3MS:1,2,1,two_verbs,1,1,1,1,1,1,1,1,2->3,1,0,,7,13,1
44,59,2,2,"2,3",2MS:1;3MP:1,1,0,,0,1,1,0,1,0,1,1,3->2,0,0,,2,5,1
45,1,,3,,,0,0,,0,0,0,0,0,0,0,0,,0,0,,0,1,0
45,2,,3,,,0,0,,0,0,0,0,0,0,0,0,,0,0,revelation,0,9,0
45,3,,3,,,0,0,,0,0,0,0,0,0,0,0,,0,0,"revelation,creation",0,12,0
45,4,3,3,"2,3",2MP:1;3MP:2;3MS:1,1,0,,0,1,1,0,1,0,0,0,,0,0,revelation,4,14,1
45,5,3,3,3,3FS:1;3MP:2;3MS:3,0,0,,0,0,1,0,0,0,0,0,,0,0,"revelation,creation",6,34,1
45,6,3,3,"1,2,3",1P:1;2MS:1;3FS:1;3MP:2;3MS:1,2,1,two_verbs,1,1,1,1,1,1,0,0,,1,0,revelation,6,21,1
45,7,,3,,,0,0,,0,0,0,0,0,0,0,0,,0,0,,0,5,0
45,8,3,3,"2,3",2MS:1;3FS:2;3MS:5,1,1,two_verbs,0,1,1,0,1,0,0,0,,1,0,judgment,8,20,1
45,9,3,3,"1,3",1P:1;3FS:1;3MP:1;3MS:2,1,0,,1,0,1,0,0,1,0,0,,0,0,judgment,5,15,1
45,10,3,3,3,3MP:7;3MS:1,0,0,,0,0,1,0,0,0,0,0,,0,0,judgment,8,27,1
45,11,3,3,3,3MP:4,0,0,,0,0,1,0,0,0,0,0,,0,0,judgment,4,16,1
45,12,2,2,"2,3",2MP:6;3FS:1;3MS:4,1,1,two_verbs,0,1,1,0,1,0,1,1,3->2,1,0,,11,28,1
45,13,3,3,"2,3",2MP:1;3MP:2;3MS:2,1,1,verb_plus_indep_pron,0,1,1,0,1,0,1,1,2->3,0,0,"revelation,creation",5,25,1
45,14,3,3,"2,3",2MS:1;3MP:10;3MS:1,1,1,two_verbs,0,1,1,0,1,0,0,0,,1,0,"judgment,mercy",12,23,1
45,15,3,3,"2,3",2MP:3;3FS:1;3MS:3,1,1,two_verbs,0,1,1,0,1,0,0,0,,1,0,,7,19,1
45,16,1,1,"1,3",1P:6;3MP:2,1,0,,1,0,1,0,0,1,1,1,3->1,0,0,"revelation,prophets",8,29,1
45,17,3,3,"1,2,3",1P:2;2MS:1;3MP:10;3MS:3,2,1,two_verbs,1,1,1,1,1,1,1,1,1->3,1,0,judgment,16,40,1
45,18,2,2,"1,2,3",1P:2;2MS:3;3FS:1;3MP:2,2,1,two_verbs,1,1,1,1,1,1,1,1,3->2,2,0,,8,20,1
45,19,3,3,"2,3",2MS:1;3MP:4,1,0,,0,1,1,0,1,0,1,1,2->3,0,0,,5,23,1
45,20,3,3,3,3MP:2,0,0,,0,0,1,0,0,0,0,0,,0,0,mercy,2,13,1
45,21,3,3,"1,3",1P:1;3MP:11;3MS:2,1,1,two_verbs,1,0,1,0,0,1,0,0,,2,0,,14,29,1
45,22,3,3,3,3FS:2;3MP:3;3MS:1,0,0,,0,0,1,0,0,0,0,0,,0,0,creation,6,24,1
45,23,3,3,"2,3",2MP:2;2MS:2;3MS:12,1,1,two_verbs,0,1,1,0,1,0,0,0,,2,0,,16,42,1
45,24,3,3,"1,3",1P:4;3FS:1;3MP:6;3MS:1,1,1,two_verbs,1,0,1,0,0,1,0,0,,2,0,,12,33,1
45,25,3,3,"1,2,3",1P:2;2MP:4;3FS:1;3MP:4;3MS:1,2,1,two_verbs,1,1,1,1,1,1,0,0,,1,0,,12,25,1
45,26,3,3,"2,3",2MP:3;2MS:1;3MP:2;3MS:4,1,1,two_verbs,0,1,1,0,1,0,0,0,,1,0,judgment,10,26,1
45,27,3,3,3,3FS:1;3MS:1,0,0,,0,0,1,0,0,0,0,0,,0,0,"judgment,creation",2,18,1
45,28,2,2,"2,3",2MP:6;2MS:1;3FS:2,1,1,two_verbs,0,1,1,0,1,0,1,1,3->2,2,0,,9,20,1
45,29,2,2,"1,2,3",1P:5;2MP:5;3MS:1,2,1,two_verbs,1,1,1,1,1,1,0,0,,2,0,,11,19,1
45,30,3,3,3,3MP:6;3MS:3,0,0,,0,0,1,0,0,0,1,1,2->3,0,0,mercy,9,24,1
45,31,2,2,"1,2,3",1S:1;2MP:5;3FS:2;3MP:2,2,1,two_verbs,1,1,1,1,1,1,1,1,3->2,1,1,,10,22,1
45,32,1,1,"1,2,3",1P:3;2MP:2;3FS:1;3MS:1,2,1,two_verbs,1,1,1,1,1,1,1,1,2->1,2,1,judgment,7,30,1
45,33,3,3,3,3MP:8;3MS:3,0,0,,0,0,1,0,0,0,1,1,1->3,0,0,,11,19,1
45,34,2,2,"1,2,3",1P:1;2MP:6;3MS:1,2,1,two_verbs,1,1,1,1,1,1,1,1,3->2,2,1,judgment,8,25,1
45,35,3,3,"2,3",2MP:4;3FS:2;3MP:5,1,1,two_verbs,0,1,1,0,1,0,1,1,2->3,1,0,,11,29,1
45,36,,3,,,0,0,,0,0,0,0,0,0,0,0,,0,0,creation,0,15,0
45,37,3,3,3,3MS:2,0,0,,0,0,1,0,0,0,0,0,,0,0,creation,2,17,0
46,1,,3,,,0,0,,0,0,0,0,0,0,0,0,,0,0,,0,1,0
46,2,,3,,,0,0,,0,0,0,0,0,0,0,0,,0,0,revelation,0,9,0
46,3,3,3,"1,3",1P:2;3D:1;3MP:4,1,1,two_verbs,1,0,1,0,0,1,0,0,,1,0,creation,7,28,1
46,4,2,2,"1,2,3",1S:2;2MP:10;2MS:1;3MP:3,2,1,two_verbs,1,1,1,1,1,1,1,1,3->2,2,0,"revelation,creation",16,42,1
46,5,3,3,3,3MP:2;3MS:3,0,0,,0,0,1,0,0,0,1,1,2->3,0,0,judgment,5,24,1
46,6,3,3,3,3MP:6;3MS:1,0,0,,0,0,1,0,0,0,0,0,,0,0,,7,17,1
46,7,3,3,"1,3",1P:1;3FS:1;3MP:4;3MS:2,1,0,,1,0,1,0,0,1,0,0,,0,0,,8,21,1
46,8,3,3,"1,2,3",1S:4;2MP:5;2MS:1;3MP:2;3MS:8,2,1,two_verbs,1,1,1,1,1,1,0,0,,4,0,"mercy,law",20,42,1
46,9,1,1,"1,2,3",1S:7;2MP:1;2MS:1;3MS:2,2,1,two_verbs,1,1,1,1,1,1,1,1,3->1,4,0,revelation,11,32,1
46,10,2,2,"2,3",2MP:6;2MS:1;3MS:6,1,1,two_verbs,0,1,1,0,1,0,1,1,1->2,5,0,"law,prophets",13,36,1
46,11,3,3,"1,3",1P:1;3MP:10;3MS:4,1,0,,1,0,1,0,0,1,1,1,2->3,0,1,,15,32,1
46,12,3,3,3,3MP:2;3MS:2,0,0,,0,0,1,0,0,0,0,0,,0,0,"mercy,revelation,prophets",4,25,1
46,13,3,3,"1,3",1P:1;3MP:8,1,0,,1,0,1,0,0,1,0,0,,0,1,,9,20,1
46,14,3,3,3,3FS:1;3MP:4,0,0,,0,0,1,0,0,0,0,0,,0,0,judgment,5,14,1
46,15,1,1,"1,2,3",1P:2;1S:12;2MS:7;3FS:2;3MS:11,2,1,two_verbs,1,1,1,1,1,1,1,1,3->1,7,0,,34,78,1
46,16,3,3,"1,3",1P:2;3MP:8,1,1,two_verbs,1,0,1,0,0,1,1,1,1->3,3,0,judgment,10,26,1
46,17,3,3,"1,2,3",1S:3;2D:1;2MS:2;3D:1;3FD:2;3FS:1;3MD:2;3MS:3,2,1,two_verbs,1,1,1,1,1,1,0,0,,4,0,creation,15,43,1
46,18,3,3,3,3FS:1;3MP:5;3MS:1,0,0,,0,0,1,0,0,0,0,0,,0,0,,7,25,1
46,19,3,3,3,3MP:7;3MS:1,0,0,,0,0,1,0,0,0,0,0,,0,0,judgment,8,19,1
46,20,2,2,"2,3",2MP:16;3FS:1;3MP:2;3MS:1,1,1,two_verbs,0,1,1,0,1,0,1,1,3->2,1,1,"judgment,creation",20,51,1
46,21,3,3,"1,2,3",1S:2;2MP:3;2MS:1;3FS:1;3MS:4,2,1,two_verbs,1,1,1,1,1,1,1,1,2->3,3,0,"judgment,prophets",11,38,1
46,22,2,2,"1,2,3",1P:5;2MS:7;3MP:2,2,1,two_verbs,1,1,1,1,1,1,1,1,3->2,1,1,,14,25,1
46,23,1,1,"1,2,3",1S:5;2MP:4;3MS:2,2,1,two_verbs,1,1,1,1,1,1,1,1,2->1,2,1,,11,23,1
46,24,3,3,"1,2,3",1P:1;2MP:2;3FS:1;3MP:5;3MS:3,2,1,two_verbs,1,1,1,1,1,1,1,1,1->3,1,1,judgment,12,27,1
46,25,3,3,"1,3",1P:1;3FS:2;3MP:3;3MS:1,1,1,two_verbs,1,0,1,0,0,1,0,0,,1,0,judgment,7,22,1
46,26,3,3,"1,2,3",1P:6;2MP:1;3MP:15;3MS:4,2,1,two_verbs,1,1,1,1,1,1,0,0,,1,0,"judgment,revelation",26,60,1
46,27,1,1,"1,2,3",1P:4;2MP:1;3MP:3,2,1,two_verbs,1,1,1,1,1,1,1,1,3->1,1,0,revelation,8,20,1
46,28,3,3,3,3MP:11;3MS:1,0,0,,0,0,1,0,0,0,1,1,1->3,0,0,,12,27,1
46,29,3,3,"1,2,3",1P:2;2MP:2;2MS:1;3MP:9;3MS:2,2,1,two_verbs,1,1,1,1,1,1,0,0,,3,1,,16,32,1
46,30,3,3,"1,3",1P:4;3MP:2;3MS:3,1,1,two_verbs,1,0,1,0,0,1,0,0,,2,1,"revelation,prophets",9,28,1
46,31,2,2,"1,2,3",1P:1;2MP:7;3MS:3,2,1,two_verbs,1,1,1,1,1,1,1,1,3->2,1,0,"judgment,mercy,revelation",11,24,1
46,32,3,3,3,3MS:5,0,0,,0,0,1,0,0,0,1,1,2->3,0,0,creation,5,25,1
46,33,3,3,3,3FP:1;3MP:2;3MS:4,0,0,,0,0,1,0,0,0,0,0,,0,0,creation,7,34,1
46,34,3,3,"1,2,3",1P:1;2MP:6;3MP:4;3MS:3,2,1,two_verbs,1,1,1,1,1,1,0,0,,1,1,judgment,14,33,1
46,35,3,3,"2,3",2MS:2;3MP:8;3MS:2,1,1,two_verbs,0,1,1,0,1,0,0,0,,3,0,judgment,12,40,1
47,1,3,3,3,3MP:5;3MS:1,0,0,,0,0,1,0,0,0,0,0,,0,0,,6,12,1
47,2,3,3,3,3MP:10;3MS:4,0,0,,0,0,1,0,0,0,0,0,,0,0,revelation,14,33,1
47,3,3,3,3,3MP:10;3MS:1,0,0,,0,0,1,0,0,0,0,0,,0,0,,11,31,1
47,4,3,3,"2,3",2MP:7;3FS:2;3MP:7;3MS:4,1,1,two_verbs,0,1,1,0,1,0,0,0,,3,0,,20,63,1
47,5,3,3,3,3MP:2;3MS:2,0,0,,0,0,1,0,0,0,0,0,,0,0,,4,7,1
47,6,3,3,3,3FS:1;3MP:2;3MS:2,0,0,,0,0,1,0,0,0,0,0,,0,0,judgment,5,9,1
47,7,3,3,"2,3",2MP:4;3MP:2;3MS:2,1,1,two_verbs,0,1,1,0,1,0,0,0,,2,0,,8,15,1
47,8,3,3,3,3MP:4;3MS:1,0,0,,0,0,1,0,0,0,0,0,,0,0,,5,12,1
47,9,3,3,3,3MP:4;3MS:2,0,0,,0,0,1,0,0,0,0,0,,0,0,revelation,6,13,1
47,10,3,3,3,3FS:1;3MP:6;3MS:2,0,0,,0,0,1,0,0,0,0,0,,0,0,,9,28,1
47,11,3,3,3,3MP:3,0,0,,0,0,1,0,0,0,0,0,,0,0,,3,16,1
47,12,3,3,3,3FS:3;3MP:11;3MS:1,0,0,,0,0,1,0,0,0,0,0,,0,0,judgment,15,38,1
47,13,3,3,"1,2,3",1P:2;2MS:2;3FS:2;3MP:2,2,1,two_verbs,1,1,1,1,1,1,0,0,,1,0,,8,21,1
47,14,3,3,3,3MP:3;3MS:5,0,0,,0,0,1,0,0,0,0,0,,0,0,,8,22,1
47,15,3,3,3,3FS:2;3MP:5;3MS:5,0,0,,0,0,1,0,0,0,0,0,,0,0,judgment,12,65,1
47,16,3,3,"2,3",2MS:2;3MP:11;3MS:3,1,0,,0,1,1,0,1,0,0,0,,0,1,,16,37,1
47,17,3,3,3,3MP:5;3MS:2,0,0,,0,0,1,0,0,0,0,0,,0,0,,7,12,1
47,18,3,3,3,3FS:3;3MP:6;3MS:1,0,0,,0,0,1,0,0,0,0,0,,0,0,judgment,10,25,1
47,19,2,2,"2,3",2MP:2;2MS:3;3MS:2,1,1,two_verbs,0,1,1,0,1,0,1,1,3->2,1,0,oneness,7,28,1
47,20,3,3,"2,3",2MS:3;3FS:3;3MP:6;3MS:3,1,1,two_verbs,0,1,1,0,1,0,1,1,2->3,2,0,revelation,15,42,1
47,21,3,3,3,3MP:3;3MS:2,0,0,,0,0,1,0,0,0,0,0,,0,0,,5,19,1
47,22,2,2,2,2MP:9,0,0,,0,1,0,0,0,0,1,1,3->2,0,0,creation,9,18,1
47,23,3,3,3,3MP:3;3MS:3,0,0,,0,0,1,0,0,0,1,1,2->3,0,0,,6,12,1
47,24,3,3,3,3FS:1;3MP:2,0,0,,0,0,1,0,0,0,0,0,,0,0,,3,12,1
47,25,3,3,3,3MP:6;3MS:3,0,0,,0,0,1,0,0,0,0,0,,0,0,,9,24,1
47,26,3,3,"1,2,3",1P:1;2MP:1;3MP:6;3MS:2,2,1,two_verbs,1,1,1,1,1,1,0,0,,2,1,revelation,10,25,1
47,27,3,3,3,3FS:1;3MP:5,0,0,,0,0,1,0,0,0,0,0,,0,0,,6,14,1
47,28,3,3,3,3MP:6;3MS:3,0,0,,0,0,1,0,0,0,0,0,,0,0,,9,18,1
47,29,3,3,3,3MP:2;3MS:2,0,0,,0,0,1,0,0,0,0,0,,0,0,,4,13,1
47,30,2,2,"1,2,3",1P:3;2MP:1;2MS:4;3MP:4;3MS:1,2,1,two_verbs,1,1,1,1,1,1,1,1,3->2,2,0,,13,30,1
47,31,1,1,"1,2",1P:3;2MP:3,1,0,,1,1,0,1,0,0,1,1,2->1,0,0,,6,18,1
47,32,3,3,3,3MP:10;3MS:2,0,0,,0,0,1,0,0,0,1,1,1->3,0,0,revelation,12,33,1
47,33,2,2,"2,3",2MP:7;3MP:2,1,1,two_verbs,0,1,1,0,1,0,1,1,3->2,1,0,revelation,9,19,1
47,34,3,3,3,3MP:8;3MS:1,0,0,,0,0,1,0,0,0,1,1,2->3,0,0,mercy,9,22,1
47,35,2,2,"2,3",2MP:8;3MS:1,1,1,two_verbs,0,1,1,0,1,0,1,1,3->2,1,0,judgment,9,24,1
47,36,2,2,"2,3",2MP:8;3MS:2,1,1,two_verbs,0,1,1,0,1,0,0,0,,1,0,,10,26,1
47,37,3,3,"2,3",2MP:5;3FS:1;3MS:3,1,1,two_verbs,0,1,1,0,1,0,1,1,2->3,2,0,,9,13,1
47,38,2,2,"2,3",2MP:11;3MP:2;3MS:5,1,1,two_verbs,0,1,1,0,1,0,1,1,3->2,3,0,,18,48,1
48,1,1,1,"1,2",1P:3;2MS:1,1,1,verb_plus_indep_pron,1,1,0,1,0,0,0,0,,0,0,,4,8,1
48,2,3,3,"2,3",2MS:4;3MS:6,1,1,verb_plus_indep_pron,0,1,1,0,1,0,1,1,1->3,0,0,mercy,10,24,1
48,3,3,3,"2,3",2MS:1;3MS:1,1,0,,0,1,1,0,1,0,0,0,,0,0,,2,6,1
48,4,3,3,3,3MP:3;3MS:3,0,0,,0,0,1,0,0,0,0,0,,0,0,"revelation,creation",6,30,1
48,5,3,3,3,3FS:3;3MP:2;3MS:3,0,0,,0,0,1,0,0,0,0,0,,0,0,,8,30,1
48,6,3,3,3,3FS:1;3MP:4;3MS:4,0,0,,0,0,1,0,0,0,0,0,,0,0,judgment,9,41,1
48,7,3,3,3,3MS:1,0,0,,0,0,1,0,0,0,0,0,,0,0,creation,1,14,1
48,8,1,1,"1,2",1P:3;2MS:1,1,0,,1,1,0,1,0,0,1,1,3->1,0,0,"revelation,law",4,10,1
48,9,2,2,"2,3",2MP:8;3MS:4,1,0,,0,1,1,0,1,0,1,1,1->2,0,0,revelation,12,23,1
48,10,3,3,"2,3",2MS:1;3MP:5;3MS:8,1,0,,0,1,1,0,1,0,1,1,2->3,0,0,judgment,14,40,1
48,11,3,3,"1,2,3",1P:4;2MP:5;2MS:3;3FS:1;3MP:4;3MS:6,2,1,two_verbs,1,1,1,1,1,1,0,0,,5,1,,23,57,1
48,12,2,2,"2,3",2MP:7;3MP:1;3MS:2,1,1,two_verbs,0,1,1,0,1,0,1,1,3->2,2,0,revelation,10,32,1
48,13,1,1,"1,3",1P:3;3MS:2,1,1,two_verbs,1,0,1,0,0,1,1,1,2->1,1,0,revelation,5,18,1
48,14,3,3,3,3MS:5,0,0,,0,0,1,0,0,0,1,1,1->3,0,0,"mercy,creation",5,22,1
48,15,3,3,"1,2,3",1P:4;2MP:11;2MS:1;3FS:1;3MP:10;3MS:2,2,1,two_verbs,1,1,1,1,1,1,0,0,,7,1,,29,52,1
48,16,2,2,"2,3",2MP:12;2MS:1;3MP:3;3MS:2,1,1,two_verbs,0,1,1,0,1,0,1,1,3->2,5,0,judgment,18,44,1
48,17,3,3,3,3FS:2;3MS:8,0,0,,0,0,1,0,0,0,1,1,2->3,0,0,"judgment,revelation",10,40,1
48,18,3,3,"2,3",2MS:1;3MP:5;3MS:4,1,0,,0,1,1,0,1,0,0,0,,0,0,revelation,10,31,1
48,19,3,3,3,3FS:1;3MP:2;3MS:1,0,0,,0,0,1,0,0,0,0,0,,0,0,,4,11,1
48,20,3,3,"2,3",2MP:6;3FS:2;3MS:4,1,1,two_verbs,0,1,1,0,1,0,0,0,,2,0,,12,32,1
48,21,3,3,"2,3",2MP:2;3FS:2;3MS:2,1,1,two_verbs,0,1,1,0,1,0,0,0,,1,0,,6,19,1
48,22,3,3,"2,3",2MP:1;3MP:6;3MS:1,1,0,,0,1,1,0,1,0,0,0,,0,0,,8,20,1
48,23,2,2,"2,3",2MS:1;3FS:1,1,1,two_verbs,0,1,1,0,1,0,1,1,3->2,1,0,,2,14,1
48,24,3,3,"2,3",2MP:5;3MP:3;3MS:4,1,1,two_verbs,0,1,1,0,1,0,1,1,2->3,1,0,,12,31,1
48,25,3,3,"1,2,3",1P:2;2MP:8;2MS:1;3MP:11;3MS:5,2,1,two_verbs,1,1,1,1,1,1,0,0,,5,0,"judgment,mercy",27,66,1
48,26,3,3,3,3FS:2;3MP:6;3MS:6,0,0,,0,0,1,0,0,0,0,0,,0,0,revelation,14,47,1
48,27,2,2,"2,3",2MP:6;3MS:5,1,1,two_verbs,0,1,1,0,1,0,1,1,3->2,6,0,revelation,11,43,1
48,28,3,3,3,3MS:7,0,0,,0,0,1,0,0,0,1,1,2->3,0,0,"revelation,law",7,25,1
48,29,3,3,"2,3",2MS:1;3MP:14;3MS:11,1,1,two_verbs,0,1,1,0,1,0,0,0,,1,0,"judgment,mercy,revelation,prayer",26,86,1
49,1,2,2,"2,3",2MP:4;3MP:2;3MS:1,1,1,two_verbs,0,1,1,0,1,0,0,0,,1,0,revelation,7,22,1
49,2,2,2,"2,3",2MP:10;3FS:1;3MP:2;3MS:1,1,1,two_verbs,0,1,1,0,1,0,0,0,,3,0,,14,38,1
49,3,3,3,3,3MP:5;3MS:1,0,0,,0,0,1,0,0,0,1,1,2->3,0,0,"judgment,revelation",6,24,1
49,4,3,3,"2,3",2MS:1;3MP:5,1,0,,0,1,1,0,1,0,0,0,,0,0,,6,14,1
49,5,3,3,"2,3",2MS:1;3MP:5;3MS:1,1,1,two_verbs,0,1,1,0,1,0,0,0,,2,0,mercy,7,19,1
49,6,2,2,"2,3",2MP:9;3MP:2;3MS:1,1,1,two_verbs,0,1,1,0,1,0,1,1,3->2,1,0,,12,28,1
49,7,2,2,"2,3",2MP:9;3MP:1;3MS:5,1,1,two_verbs,0,1,1,0,1,0,0,0,,3,0,revelation,15,49,1
49,8,,3,,,0,0,,0,0,0,0,0,0,1,1,2->3,0,0,,0,9,0
49,9,3,3,"2,3",2MP:8;3D:2;3FS:4;3MD:1;3MP:2;3MS:1,1,1,two_verbs,0,1,1,0,1,0,0,0,,6,0,,18,50,1
49,10,2,2,2,2MP:8,0,0,,0,1,0,0,0,0,1,1,3->2,0,0,mercy,8,19,1
49,11,3,3,"2,3",2MP:5;3FP:3;3MP:6;3MS:5,1,1,two_verbs,0,1,1,0,1,0,1,1,2->3,2,0,,19,59,1
49,12,2,2,"2,3",2MP:10;3MP:2;3MS:5,1,1,two_verbs,0,1,1,0,1,0,1,1,3->2,3,0,mercy,17,48,1
49,13,2,2,"1,2",1P:5;2MP:6,1,1,two_verbs,1,1,0,1,0,0,0,0,,1,0,creation,11,34,1
49,14,2,2,"1,2,3",1P:4;2MP:9;2MS:1;3FS:1;3MS:3,2,1,two_verbs,1,1,1,1,1,1,0,0,,6,0,"mercy,revelation",18,42,1
49,15,3,3,3,3MP:9;3MS:1,0,0,,0,0,1,0,0,0,1,1,2->3,0,0,revelation,10,32,1
49,16,2,2,"2,3",2MP:3;2MS:1;3MS:1,1,1,two_verbs,0,1,1,0,1,0,1,1,3->2,1,0,creation,5,26,1
49,17,2,2,"1,2,3",1S:1;2MP:7;2MS:2;3MP:4;3MS:2,2,1,two_verbs,1,1,1,1,1,1,0,0,,3,0,,16,30,1
49,18,2,2,"2,3",2MP:2;3MS:1,1,1,two_verbs,0,1,1,0,1,0,0,0,,1,0,creation,3,16,1
50,1,,3,,,0,0,,0,0,0,0,0,0,0,0,,0,0,,0,6,0
50,2,3,3,3,3MP:4;3MS:2,0,0,,0,0,1,0,0,0,0,0,,0,0,revelation,6,16,1
50,3,1,1,1,1P:4,0,0,,1,0,0,0,0,0,1,1,3->1,0,0,,4,11,1
50,4,1,1,"1,3",1P:3;3FS:1;3MP:1,1,1,two_verbs,1,0,1,0,0,1,0,0,,1,0,creation,5,14,1
50,5,3,3,3,3MP:4;3MS:1,0,0,,0,0,1,0,0,0,1,1,1->3,0,0,,5,14,1
50,6,3,3,"1,3",1P:4;3FS:3;3MP:3,1,1,two_verbs,1,0,1,0,0,1,0,0,,1,0,,10,24,1
50,7,1,1,"1,3",1P:6;3FS:3,1,0,,1,0,1,0,0,1,1,1,3->1,0,0,"mercy,creation",9,21,1
50,8,,3,,,0,0,,0,0,0,0,0,0,1,1,1->3,0,0,,0,7,0
50,9,1,1,"1,3",1P:4;3MS:1,1,1,verb_plus_indep_pron,1,0,1,0,0,1,1,1,3->1,0,0,"revelation,creation",5,18,1
50,10,3,3,3,3FS:1,0,0,,0,0,1,0,0,0,1,1,1->3,0,0,,1,8,0
50,11,1,1,"1,3",1P:2;3MS:1,1,1,verb_plus_indep_pron,1,0,1,0,0,1,1,1,3->1,0,0,,3,15,1
50,12,3,3,3,3FS:1;3MP:1,0,0,,0,0,1,0,0,0,1,1,1->3,0,0,prophets,2,11,1
50,13,,3,,,0,0,,0,0,0,0,0,0,0,0,,0,0,prophets,0,7,0
50,14,3,3,3,3MS:2,0,0,,0,0,1,0,0,0,0,0,,0,0,,2,14,1
50,15,1,1,"1,3",1P:2;3MP:1,1,1,verb_plus_indep_pron,1,0,1,0,0,1,1,1,3->1,0,0,,3,16,1
50,16,1,1,"1,3",1P:4;3FS:1;3MS:3,1,1,two_verbs,1,0,1,0,0,1,0,0,,1,0,creation,8,24,1
50,17,3,3,3,3MS:1,0,0,,0,0,1,0,0,0,1,1,1->3,0,0,,1,12,1
50,18,3,3,3,3MS:2,0,0,,0,0,1,0,0,0,0,0,,0,0,,2,9,1
50,19,2,2,"2,3",2MS:3;3FS:1;3MS:1,1,1,two_verbs,0,1,1,0,1,0,1,1,3->2,1,0,,5,15,1
50,20,3,3,3,3MS:1,0,0,,0,0,1,0,0,0,1,1,2->3,0,0,judgment,1,9,1
50,21,3,3,3,3FS:2,0,0,,0,0,1,0,0,0,0,0,,0,0,law,2,9,1
50,22,2,2,"1,2",1P:2;2MS:5,1,1,two_verbs,1,1,0,1,0,0,1,1,3->2,1,1,,7,21,1
50,23,3,3,"1,3",1S:1;3MS:2,1,0,,1,0,1,0,0,1,1,1,2->3,0,1,,3,9,1
50,24,2,2,2,2MD:2,0,0,,0,1,0,0,0,0,1,1,3->2,0,1,judgment,2,7,1
50,25,,3,,,0,0,,0,0,0,0,0,0,1,1,2->3,0,0,,0,6,0
50,26,2,2,"2,3",2MD:2;3MS:2,1,1,two_verbs,0,1,1,0,1,0,1,1,3->2,1,0,judgment,4,15,1
50,27,3,3,"1,3",1P:1;1S:2;3MS:4,1,1,two_verbs,1,0,1,0,0,1,1,1,2->3,2,1,,7,15,1
50,28,2,2,"1,2,3",1S:3;2MP:3;3MS:1,2,1,two_verbs,1,1,1,1,1,1,1,1,3->2,2,1,,7,15,1
50,29,1,1,"1,3",1S:2;3MS:1,1,1,verb_plus_indep_pron,1,0,1,0,0,1,1,1,2->1,0,0,,3,14,1
50,30,2,2,"1,2,3",1P:1;2FS:2;3FS:1,2,1,two_verbs,1,1,1,1,1,1,1,1,1->2,2,1,judgment,4,12,1
50,31,3,3,3,3FS:1,0,0,,0,0,1,0,0,0,1,1,2->3,0,0,judgment,1,9,1
50,32,2,2,2,2MP:2,0,0,,0,1,0,0,0,0,1,1,3->2,0,1,,2,8,1
50,33,3,3,3,3MS:2,0,0,,0,0,1,0,0,0,1,1,2->3,0,0,mercy,2,12,1
50,34,2,2,"2,3",2MP:2;3FS:1,1,0,,0,1,1,0,1,0,1,1,3->2,0,0,judgment,3,9,1
50,35,3,3,"1,3",1P:1;3FS:1;3MP:3,1,0,,1,0,1,0,0,1,1,1,2->3,0,0,,5,11,1
50,36,3,3,"1,3",1P:2;3MP:5,1,1,two_verbs,1,0,1,0,0,1,0,0,,1,0,,7,22,1
50,37,3,3,3,3MS:4,0,0,,0,0,1,0,0,0,0,0,,0,0,,4,18,1
50,38,1,1,"1,3",1P:3;3D:1;3MS:1,1,1,two_verbs,1,0,1,0,0,1,1,1,3->1,1,0,creation,5,23,1
50,39,2,2,"2,3",2MS:3;3MP:2,1,1,two_verbs,0,1,1,0,1,0,1,1,1->2,2,0,creation,5,20,1
50,40,2,2,"2,3",2MS:1;3MS:1,1,0,,0,1,1,0,1,0,0,0,,0,0,,2,11,1
50,41,2,2,"2,3",2MS:1;3MS:1,1,1,two_verbs,0,1,1,0,1,0,0,0,,1,0,,2,9,1
50,42,3,3,3,3MP:2,0,0,,0,0,1,0,0,0,1,1,2->3,0,0,judgment,2,12,1
50,43,1,1,1,1P:5,0,0,,1,0,0,0,0,0,1,1,3->1,0,0,,5,11,1
50,44,3,3,"1,3",1P:1;3FS:1;3MP:1,1,0,,1,0,1,0,0,1,1,1,1->3,0,0,creation,3,12,1
50,45,3,3,"1,2,3",1P:1;1S:1;2MS:2;3MP:3;3MS:1,2,1,two_verbs,1,1,1,1,1,1,0,0,,2,0,,8,22,1
51,1,,3,,,0,0,,0,0,0,0,0,0,0,0,,0,0,,0,4,0
51,2,,3,,,0,0,,0,0,0,0,0,0,0,0,,0,0,,0,4,0
51,3,,3,,,0,0,,0,0,0,0,0,0,0,0,,0,0,,0,4,0
51,4,,3,,,0,0,,0,0,0,0,0,0,0,0,,0,0,,0,4,0
51,5,2,2,2,2MP:2,0,0,,0,1,0,0,0,0,1,1,3->2,0,0,,2,6,1
51,6,,3,,,0,0,,0,0,0,0,0,0,1,1,2->3,0,0,judgment,0,6,0
51,7,,3,,,0,0,,0,0,0,0,0,0,0,0,,0,0,,0,6,0
51,8,2,2,2,2MP:1,0,0,,0,1,0,0,0,0,1,0,3->2,0,0,,1,6,0
51,9,3,3,3,3MS:3,0,0,,0,0,1,0,0,0,1,1,2->3,0,0,,3,5,1
51,10,3,3,3,3MS:1,0,0,,0,0,1,0,0,0,0,0,,0,0,,1,3,1
51,11,3,3,3,3MP:1,0,0,,0,0,1,0,0,0,0,0,,0,0,,1,5,0
51,12,3,3,3,3MP:2,0,0,,0,0,1,0,0,0,0,0,,0,0,judgment,2,6,1
51,13,3,3,3,3MP:3,0,0,,0,0,1,0,0,0,0,0,,0,0,judgment,3,7,1
51,14,2,2,"2,3",2MP:7;3MS:1,1,1,verb_plus_indep_pron,0,1,1,0,1,0,1,1,3->2,0,0,judgment,8,12,1
51,15,,3,,,0,0,,0,0,0,0,0,0,1,1,2->3,0,0,,0,7,0
51,16,3,3,3,3MP:5;3MS:1,0,0,,0,0,1,0,0,0,0,0,,0,0,,6,13,1
51,17,3,3,3,3MP:4,0,0,,0,0,1,0,0,0,0,0,,0,0,,4,9,1
51,18,3,3,3,3MP:3,0,0,,0,0,1,0,0,0,0,0,,0,0,,3,7,1
51,19,3,3,3,3MP:1,0,0,,0,0,1,0,0,0,0,0,,0,0,,1,11,0
51,20,,3,,,0,0,,0,0,0,0,0,0,0,0,,0,0,"revelation,creation",0,8,0
51,21,2,2,2,2MP:3,0,0,,0,1,0,0,0,0,1,1,3->2,0,0,,3,9,1
51,22,2,2,2,2MP:3,0,0,,0,1,0,0,0,0,0,0,,0,0,,3,10,1
51,23,2,2,"2,3",2MP:3;3MS:1,1,0,,0,1,1,0,1,0,0,0,,0,0,creation,4,18,1
51,24,3,3,"2,3",2MS:1;3MS:1,1,0,,0,1,1,0,1,0,1,1,2->3,0,0,prophets,2,8,1
51,25,3,3,3,3MP:4;3MS:2,0,0,,0,0,1,0,0,0,0,0,,0,1,,6,13,1
51,26,3,3,3,3MS:3,0,0,,0,0,1,0,0,0,0,0,,0,0,,3,10,1
51,27,3,3,"2,3",2MP:2;3MP:1;3MS:3,1,1,two_verbs,0,1,1,0,1,0,0,0,,1,1,,6,10,1
51,28,3,3,"2,3",2MS:1;3MP:5;3MS:2,1,1,two_verbs,0,1,1,0,1,0,0,0,,2,1,,8,16,1
51,29,3,3,3,3FS:4;3MS:1,0,0,,0,0,1,0,0,0,0,0,,0,1,,5,14,1
51,30,3,3,"2,3",2FS:1;3MP:2;3MS:3,1,0,,0,1,1,0,1,0,0,0,,0,1,,6,14,1
51,31,3,3,"2,3",2MP:1;3MS:1,1,0,,0,1,1,0,1,0,0,0,,0,1,prophets,2,8,1
51,32,1,1,"1,3",1P:3;3MP:2,1,1,two_verbs,1,0,1,0,0,1,1,1,3->1,1,1,,5,9,1
51,33,1,1,"1,3",1P:1;3MP:1,1,0,,1,0,1,0,0,1,0,0,,0,0,revelation,2,7,1
51,34,2,2,2,2MS:1,0,0,,0,1,0,0,0,0,1,1,1->2,0,0,,1,7,0
51,35,1,1,"1,3",1P:2;3FS:1;3MS:1,1,1,two_verbs,1,0,1,0,0,1,1,1,2->1,1,0,,4,10,1
51,36,1,1,"1,3",1P:2;3FS:1,1,0,,1,0,1,0,0,1,0,0,,0,0,,3,11,1
51,37,3,3,"1,3",1P:2;3FS:1;3MP:2,1,1,two_verbs,1,0,1,0,0,1,1,1,1->3,1,0,judgment,5,14,1
51,38,1,1,"1,3",1P:2;3MS:1,1,0,,1,0,1,0,0,1,1,1,3->1,0,0,prophets,3,12,1
51,39,3,3,3,3MS:3,0,0,,0,0,1,0,0,0,1,1,1->3,0,1,,3,10,1
51,40,1,1,"1,3",1P:4;3MP:1;3MS:3,1,1,verb_plus_indep_pron,1,0,1,0,0,1,1,1,3->1,0,0,,8,17,1
51,41,1,1,"1,3",1P:2;3MP:1,1,0,,1,0,1,0,0,1,0,0,,0,0,prophets,3,12,1
51,42,3,3,3,3FS:3;3MS:2,0,0,,0,0,1,0,0,0,1,1,1->3,0,0,,5,13,1
51,43,2,2,"2,3",2MP:2;3MP:1;3MS:1,1,1,two_verbs,0,1,1,0,1,0,1,1,3->2,1,1,prophets,4,11,1
51,44,3,3,3,3FS:1;3MP:7,0,0,,0,0,1,0,0,0,1,1,2->3,0,0,,8,16,1
51,45,3,3,3,3MP:4,0,0,,0,0,1,0,0,0,0,0,,0,0,,4,11,1
51,46,3,3,3,3MP:3,0,0,,0,0,1,0,0,0,0,0,,0,0,prophets,3,11,1
51,47,1,1,"1,3",1P:3;3FS:1,1,0,,1,0,1,0,0,1,1,1,3->1,0,0,,4,13,1
51,48,1,1,"1,3",1P:2;3FS:1;3MS:1,1,1,two_verbs,1,0,1,0,0,1,0,0,,1,0,creation,4,10,1
51,49,2,2,"1,2",1P:2;2MP:3,1,1,two_verbs,1,1,0,1,0,0,1,1,1->2,1,0,creation,5,11,1
51,50,2,2,"1,2,3",1S:1;2MP:3;3MS:1,2,0,,1,1,1,1,1,1,0,0,,0,0,revelation,5,13,1
51,51,2,2,"1,2,3",1S:1;2MP:3;3MS:1,2,0,,1,1,1,1,1,1,0,0,,0,0,revelation,5,16,1
51,52,3,3,3,3MP:3;3MS:1,0,0,,0,0,1,0,0,0,1,1,2->3,0,1,revelation,4,16,1
51,53,3,3,3,3MP:3;3MS:1,0,0,,0,0,1,0,0,0,0,0,,0,0,,4,9,1
51,54,2,2,"2,3",2MS:2;3MP:1,1,0,,0,1,1,0,1,0,1,1,3->2,0,0,,3,9,1
51,55,2,2,"2,3",2MS:1;3FS:1,1,1,two_verbs,0,1,1,0,1,0,0,0,,1,0,,2,9,1
51,56,1,1,"1,3",1S:3;3MP:2,1,1,two_verbs,1,0,1,0,0,1,1,1,2->1,1,0,creation,5,14,1
51,57,1,1,"1,3",1S:3;3MP:3,1,1,two_verbs,1,0,1,0,0,1,0,0,,1,0,,6,13,1
51,58,3,3,3,3MS:1,0,0,,0,0,1,0,0,0,1,1,1->3,0,0,,1,10,0
51,59,3,3,"1,3",1S:1;3MP:5,1,0,,1,0,1,0,0,1,0,0,,0,0,judgment,6,16,1
51,60,3,3,3,3MP:5,0,0,,0,0,1,0,0,0,0,0,,0,0,,5,12,1
52,1,,3,,,0,0,,0,0,0,0,0,0,0,0,,0,0,,0,3,0
52,2,,3,,,0,0,,0,0,0,0,0,0,0,0,,0,0,revelation,0,3,0
52,3,,3,,,0,0,,0,0,0,0,0,0,0,0,,0,0,,0,3,0
52,4,,3,,,0,0,,0,0,0,0,0,0,0,0,,0,0,,0,5,0
52,5,,3,,,0,0,,0,0,0,0,0,0,0,0,,0,0,,0,5,0
52,6,,3,,,0,0,,0,0,0,0,0,0,0,0,,0,0,judgment,0,5,0
52,7,2,2,2,2MS:1,0,0,,0,1,0,0,0,0,1,0,3->2,0,0,judgment,1,6,0
52,8,3,3,3,3MS:1,0,0,,0,0,1,0,0,0,1,0,2->3,0,0,,1,5,0
52,9,3,3,3,3FS:1,0,0,,0,0,1,0,0,0,0,0,,0,0,,1,5,1
52,10,3,3,3,3FS:1,0,0,,0,0,1,0,0,0,0,0,,0,0,,1,5,1
52,11,,3,,,0,0,,0,0,0,0,0,0,0,0,,0,0,,0,6,0
52,12,3,3,3,3MP:3,0,0,,0,0,1,0,0,0,0,0,,0,0,,3,6,1
52,13,3,3,3,3MP:2,0,0,,0,0,1,0,0,0,0,0,,0,1,judgment,2,7,1
52,14,2,2,"2,3",2MP:4;3FS:1,1,1,verb_plus_indep_pron,0,1,1,0,1,0,1,1,3->2,0,0,judgment,5,10,1
52,15,2,2,2,2MP:3,0,0,,0,1,0,0,0,0,0,0,,0,0,,3,9,1
52,16,2,2,"2,3",2MP:13;3FS:1,1,0,,0,1,1,0,1,0,0,0,,0,0,,14,22,1
52,17,,3,,,0,0,,0,0,0,0,0,0,1,1,2->3,0,0,,0,7,0
52,18,3,3,3,3MP:4;3MS:2,0,0,,0,0,1,0,0,0,0,0,,0,0,judgment,6,15,1
52,19,2,2,2,2MP:8,0,0,,0,1,0,0,0,0,1,1,3->2,0,0,,8,12,1
52,20,1,1,"1,3",1P:2;3MP:1,1,0,,1,0,1,0,0,1,1,1,2->1,0,0,,3,11,1
52,21,3,3,"1,3",1P:4;3FS:1;3MP:8;3MS:1,1,1,two_verbs,1,0,1,0,0,1,1,1,1->3,2,0,,14,33,1
52,22,3,3,"1,3",1P:2;3MP:3,1,1,two_verbs,1,0,1,0,0,1,0,0,,1,0,,5,12,1
52,23,3,3,3,3FS:2;3MP:2,0,0,,0,0,1,0,0,0,0,0,,0,0,,4,12,1
52,24,3,3,3,3MP:3;3MS:1,0,0,,0,0,1,0,0,0,0,0,,0,0,,4,11,1
52,25,3,3,3,3MP:3;3MS:1,0,0,,0,0,1,0,0,0,0,0,,0,0,,4,8,1
52,26,1,1,"1,3",1P:4;3MP:2,1,1,two_verbs,1,0,1,0,0,1,1,1,3->1,1,1,,6,11,1
52,27,3,3,"1,3",1P:2;3MS:2,1,0,,1,0,1,0,0,1,1,1,1->3,0,0,judgment,4,11,1
52,28,1,1,"1,3",1P:4;3MS:3,1,1,verb_plus_indep_pron,1,0,1,0,0,1,1,1,3->1,0,0,mercy,7,15,1
52,29,2,2,2,2MS:3,0,0,,0,1,0,0,0,0,1,1,1->2,0,0,,3,14,1
52,30,3,3,"1,3",1P:1;3MP:2;3MS:1,1,1,two_verbs,1,0,1,0,0,1,1,1,2->3,1,0,,4,10,1
52,31,2,2,"1,2",1S:1;2MP:3;2MS:1,1,0,,1,1,0,1,0,0,1,1,3->2,0,0,,5,11,1
52,32,3,3,3,3FS:1;3MP:3,0,0,,0,0,1,0,0,0,1,1,2->3,0,0,,4,11,1
52,33,3,3,3,3MP:4;3MS:2,0,0,,0,0,1,0,0,0,0,0,,0,0,,6,9,1
52,34,3,3,3,3MP:4;3MS:1,0,0,,0,0,1,0,0,0,0,0,,0,0,,5,12,1
52,35,3,3,3,3MP:3,0,0,,0,0,1,0,0,0,0,0,,0,0,creation,3,10,1
52,36,3,3,3,3MP:4,0,0,,0,0,1,0,0,0,0,0,,0,0,creation,4,12,1
52,37,3,3,"2,3",2MS:1;3MP:2,1,0,,0,1,1,0,1,0,0,0,,0,0,,3,10,0
52,38,3,3,3,3MP:4;3MS:2,0,0,,0,0,1,0,0,0,0,0,,0,0,,6,16,1
52,39,2,2,"2,3",2MP:1;3MS:1,1,0,,0,1,1,0,1,0,1,1,3->2,0,0,,2,10,0
52,40,2,2,"2,3",2MS:1;3MP:2,1,1,verb_plus_indep_pron,0,1,1,0,1,0,0,0,,0,0,law,3,9,1
52,41,3,3,3,3MP:4,0,0,,0,0,1,0,0,0,1,1,2->3,0,0,,4,9,1
52,42,3,3,3,3MP:5,0,0,,0,0,1,0,0,0,0,0,,0,0,,5,11,1
52,43,3,3,3,3MP:3,0,0,,0,0,1,0,0,0,0,0,,0,0,,3,12,1
52,44,3,3,3,3MP:4,0,0,,0,0,1,0,0,0,0,0,,0,0,creation,4,13,1
52,45,3,3,"2,3",2MS:1;3MP:6;3MS:1,1,1,two_verbs,0,1,1,0,1,0,0,0,,1,0,,8,13,1
52,46,3,3,3,3MP:5;3MS:1,0,0,,0,0,1,0,0,0,0,0,,0,0,,6,13,1
52,47,3,3,3,3MP:5,0,0,,0,0,1,0,0,0,0,0,,0,0,judgment,5,16,1
52,48,2,2,"1,2",1P:1;2MS:6,1,0,,1,1,0,1,0,0,1,1,3->2,0,0,,7,20,1
52,49,2,2,"2,3",2MS:1;3MS:1,1,0,,0,1,1,0,1,0,0,0,,0,0,creation,2,11,1
53,1,3,3,3,3MS:1,0,0,,0,0,1,0,0,0,0,0,,0,0,,1,5,1
53,2,3,3,"2,3",2MP:1;3MS:2,1,0,,0,1,1,0,1,0,0,0,,0,0,,3,7,1
53,3,3,3,3,3MS:1,0,0,,0,0,1,0,0,0,0,0,,0,0,,1,6,1
53,4,3,3,3,3MS:2,0,0,,0,0,1,0,0,0,0,0,,0,0,revelation,2,5,1
53,5,3,3,3,3MS:2,0,0,,0,0,1,0,0,0,0,0,,0,0,,2,5,1
53,6,3,3,3,3MS:1,0,0,,0,0,1,0,0,0,0,0,,0,0,,1,4,1
53,7,3,3,3,3MS:1,0,0,,0,0,1,0,0,0,0,0,,0,0,,1,7,0
53,8,3,3,3,3MS:2,0,0,,0,0,1,0,0,0,0,0,,0,0,,2,4,1
53,9,3,3,3,3MS:1,0,0,,0,0,1,0,0,0,0,0,,0,0,prayer,1,6,1
53,10,3,3,3,3MS:3,0,0,,0,0,1,0,0,0,0,0,,0,0,revelation,3,7,1
53,11,3,3,3,3MS:2,0,0,,0,0,1,0,0,0,0,0,,0,0,,2,6,1
53,12,2,2,"2,3",2MP:2;3MS:2,1,1,two_verbs,0,1,1,0,1,0,1,1,3->2,1,0,,4,8,1
53,13,3,3,3,3MS:2,0,0,,0,0,1,0,0,0,1,1,2->3,0,0,,2,7,1
53,14,,3,,,0,0,,0,0,0,0,0,0,0,0,,0,0,,0,4,0
53,15,3,3,3,3FS:1,0,0,,0,0,1,0,0,0,0,0,,0,0,,1,5,0
53,16,3,3,3,3MS:2,0,0,,0,0,1,0,0,0,0,0,,0,0,,2,6,1
53,17,3,3,3,3MS:2,0,0,,0,0,1,0,0,0,0,0,,0,0,,2,7,1
53,18,3,3,3,3MS:2,0,0,,0,0,1,0,0,0,0,0,,0,0,revelation,2,9,1
53,19,2,2,2,2MP:2,0,0,,0,1,0,0,0,0,1,1,3->2,0,0,,2,7,1
53,20,,3,,,0,0,,0,0,0,0,0,0,1,1,2->3,0,0,,0,6,0
53,21,2,2,"2,3",2MP:1;3MS:1,1,0,,0,1,1,0,1,0,1,0,3->2,0,0,,2,10,0
53,22,,3,,,0,0,,0,0,0,0,0,0,1,0,2->3,0,0,,0,4,0
53,23,3,3,"2,3",2MP:4;3FS:4;3MP:4;3MS:2,1,1,two_verbs,0,1,1,0,1,0,0,0,,1,0,revelation,14,39,1
53,24,3,3,3,3MS:1,0,0,,0,0,1,0,0,0,0,0,,0,0,,1,6,1
53,25,,3,,,0,0,,0,0,0,0,0,0,0,0,,0,0,,0,8,0
53,26,3,3,3,3FS:1;3MP:1;3MS:3,0,0,,0,0,1,0,0,0,0,0,,0,0,creation,5,23,1
53,27,3,3,3,3MP:4,0,0,,0,0,1,0,0,0,0,0,,0,0,,4,16,1
53,28,3,3,3,3MP:3;3MS:2,0,0,,0,0,1,0,0,0,0,0,,0,0,,5,24,1
53,29,3,3,"1,2,3",1P:1;2MS:1;3MS:2,2,1,two_verbs,1,1,1,1,1,1,0,0,,1,0,,4,16,1
53,30,3,3,"2,3",2MS:1;3MP:1;3MS:5,1,0,,0,1,1,0,1,0,0,0,,0,0,,7,23,1
53,31,3,3,3,3MP:6;3MS:2,0,0,,0,0,1,0,0,0,0,0,,0,0,"judgment,creation",8,29,1
53,32,2,2,"2,3",2MP:7;2MS:1;3MP:2;3MS:4,1,1,two_verbs,0,1,1,0,1,0,1,1,3->2,2,0,creation,14,47,1
53,33,2,2,"2,3",2MS:2;3MS:1,1,1,two_verbs,0,1,1,0,1,0,0,0,,1,0,,3,6,1
53,34,3,3,3,3MS:2,0,0,,0,0,1,0,0,0,1,1,2->3,0,0,,2,5,1
53,35,3,3,3,3MS:3,0,0,,0,0,1,0,0,0,0,0,,0,0,,3,9,1
53,36,3,3,3,3MS:1,0,0,,0,0,1,0,0,0,0,0,,0,0,prophets,1,8,1
53,37,3,3,3,3MS:1,0,0,,0,0,1,0,0,0,0,0,,0,0,prophets,1,4,1
53,38,3,3,3,3FS:1,0,0,,0,0,1,0,0,0,0,0,,0,0,,1,6,1
53,39,3,3,3,3MS:2,0,0,,0,0,1,0,0,0,0,0,,0,0,,2,9,1
53,40,3,3,3,3MS:2,0,0,,0,0,1,0,0,0,0,0,,0,0,,2,6,1
53,41,3,3,3,3MS:2,0,0,,0,0,1,0,0,0,0,0,,0,0,judgment,2,7,1
53,42,2,2,2,2MS:1,0,0,,0,1,0,0,0,0,1,1,3->2,0,0,,1,7,0
53,43,3,3,3,3MS:4,0,0,,0,0,1,0,0,0,1,1,2->3,0,0,,4,7,1
53,44,3,3,3,3MS:4,0,0,,0,0,1,0,0,0,0,0,,0,0,,4,7,1
53,45,3,3,3,3MS:2,0,0,,0,0,1,0,0,0,0,0,,0,0,,2,11,1
53,46,3,3,3,3FS:1,0,0,,0,0,1,0,0,0,0,0,,0,0,,1,4,1
53,47,3,3,3,3MS:1,0,0,,0,0,1,0,0,0,0,0,,0,0,,1,8,0
53,48,3,3,3,3MS:3,0,0,,0,0,1,0,0,0,0,0,,0,0,,3,7,1
53,49,3,3,3,3MS:2,0,0,,0,0,1,0,0,0,0,0,,0,0,,2,7,0
53,50,3,3,3,3MS:2,0,0,,0,0,1,0,0,0,0,0,,0,0,prophets,2,7,1
53,51,3,3,3,3MS:1,0,0,,0,0,1,0,0,0,0,0,,0,0,prophets,1,5,1
53,52,3,3,3,3MP:4,0,0,,0,0,1,0,0,0,0,0,,0,0,prophets,4,13,1
53,53,3,3,3,3MS:1,0,0,,0,0,1,0,0,0,0,0,,0,0,,1,4,1
53,54,3,3,3,3FS:1;3MS:2,0,0,,0,0,1,0,0,0,0,0,,0,0,,3,5,1
53,55,2,2,2,2MS:2,0,0,,0,1,0,0,0,0,1,1,3->2,0,0,,2,7,1
53,56,,3,,,0,0,,0,0,0,0,0,0,1,1,2->3,0,0,revelation,0,7,0
53,57,3,3,3,3FS:1,0,0,,0,0,1,0,0,0,0,0,,0,0,,1,3,1
53,58,3,3,3,3FS:1;3MS:1,0,0,,0,0,1,0,0,0,0,0,,0,0,,2,7,1
53,59,2,2,2,2MP:2,0,0,,0,1,0,0,0,0,1,1,3->2,0,0,,2,8,1
53,60,2,2,2,2MP:4,0,0,,0,1,0,0,0,0,0,0,,0,0,,4,7,1
53,61,2,2,2,2MP:1,0,0,,0,1,0,0,0,0,0,0,,0,0,,1,3,0
53,62,2,2,2,2MP:4,0,0,,0,1,0,0,0,0,0,0,,0,0,prayer,4,8,1
54,1,3,3,3,3FS:1;3MS:1,0,0,,0,0,1,0,0,0,0,0,,0,0,"judgment,creation",2,7,1
54,2,3,3,3,3MP:6,0,0,,0,0,1,0,0,0,0,0,,0,0,,6,12,1
54,3,3,3,3,3MP:5,0,0,,0,0,1,0,0,0,0,0,,0,0,,5,12,1
54,4,3,3,3,3MP:1;3MS:2,0,0,,0,0,1,0,0,0,0,0,,0,0,,3,12,1
54,5,3,3,3,3FS:1,0,0,,0,0,1,0,0,0,0,0,,0,0,,1,7,1
54,6,3,3,"2,3",2MS:1;3MP:1;3MS:1,1,1,two_verbs,0,1,1,0,1,0,0,0,,1,0,,3,11,1
54,7,3,3,3,3MP:4,0,0,,0,0,1,0,0,0,0,0,,0,0,,4,12,1
54,8,3,3,3,3MS:1,0,0,,0,0,1,0,0,0,0,0,,0,1,,1,10,1
54,9,3,3,"1,3",1P:1;3FS:1;3MP:5;3MS:1,1,0,,1,0,1,0,0,1,0,0,,0,1,prophets,8,16,1
54,10,3,3,"1,2,3",1S:1;2MS:1;3MS:2,2,1,two_verbs,1,1,1,1,1,1,0,0,,1,0,,4,9,1
54,11,1,1,1,1P:2,0,0,,1,0,0,0,0,0,1,1,3->1,0,0,,2,9,1
54,12,3,3,"1,3",1P:2;3MS:2,1,1,two_verbs,1,0,1,0,0,1,1,1,1->3,1,0,creation,4,14,1
54,13,1,1,"1,3",1P:2;3MS:1,1,0,,1,0,1,0,0,1,1,1,3->1,0,0,,3,9,1
54,14,3,3,"1,3",1P:1;3FS:1;3MS:2,1,0,,1,0,1,0,0,1,1,1,1->3,0,0,judgment,4,9,1
54,15,1,1,"1,3",1P:2;3FS:1,1,0,,1,0,1,0,0,1,1,1,3->1,0,0,,3,11,1
54,16,3,3,"1,3",1S:1;3MS:1,1,0,,1,0,1,0,0,1,1,1,1->3,0,0,judgment,2,7,1
54,17,1,1,1,1P:2,0,0,,1,0,0,0,0,0,1,1,3->1,0,0,,2,14,1
54,18,3,3,"1,3",1S:1;3FS:1;3MS:1,1,0,,1,0,1,0,0,1,1,1,1->3,0,0,"judgment,prophets",3,9,1
54,19,1,1,"1,3",1P:3;3MP:1,1,0,,1,0,1,0,0,1,1,1,3->1,0,0,judgment,4,12,1
54,20,3,3,3,3FS:1;3MP:1,0,0,,0,0,1,0,0,0,1,1,1->3,0,0,,2,8,1
54,21,3,3,"1,3",1S:1;3MS:1,1,0,,1,0,1,0,0,1,0,0,,0,0,judgment,2,7,1
54,22,1,1,1,1P:2,0,0,,1,0,0,0,0,0,1,1,3->1,0,0,,2,14,1
54,23,3,3,3,3FS:1,0,0,,0,0,1,0,0,0,1,1,1->3,0,0,prophets,1,5,1
54,24,1,1,"1,3",1P:3;3MP:2;3MS:1,1,1,two_verbs,1,0,1,0,0,1,1,1,3->1,1,1,,6,18,1
54,25,3,3,"1,3",1P:1;3MS:3,1,0,,1,0,1,0,0,1,1,1,1->3,0,0,revelation,4,13,1
54,26,3,3,3,3MP:2,0,0,,0,0,1,0,0,0,0,0,,0,0,,2,9,1
54,27,2,2,"1,2,3",1P:1;2MS:2;3MP:2,2,1,verb_plus_indep_pron,1,1,1,1,1,1,1,1,3->2,0,0,,5,13,1
54,28,2,2,"2,3",2MS:1;3MP:2,1,0,,0,1,1,0,1,0,0,0,,0,0,judgment,3,12,1
54,29,3,3,3,3MP:3;3MS:2,0,0,,0,0,1,0,0,0,1,1,2->3,0,0,,5,9,1
54,30,3,3,"1,3",1S:1;3MS:1,1,0,,1,0,1,0,0,1,0,0,,0,0,judgment,2,7,1
54,31,1,1,"1,3",1P:3;3MP:3,1,1,two_verbs,1,0,1,0,0,1,1,1,3->1,1,0,creation,6,15,1
54,32,1,1,1,1P:2,0,0,,1,0,0,0,0,0,0,0,,0,0,,2,14,1
54,33,3,3,3,3FS:1,0,0,,0,0,1,0,0,0,1,1,1->3,0,0,prophets,1,6,1
54,34,1,1,"1,3",1P:5;3MP:2,1,0,,1,0,1,0,0,1,1,1,3->1,0,0,prophets,7,15,1
54,35,1,1,"1,3",1P:2;3MS:1,1,1,two_verbs,1,0,1,0,0,1,0,0,,1,0,judgment,3,9,1
54,36,3,3,"1,3",1P:1;3MP:3;3MS:1,1,0,,1,0,1,0,0,1,1,1,1->3,0,0,,5,13,1
54,37,3,3,"1,2,3",1P:2;1S:1;2MP:2;3MP:3;3MS:2,2,1,two_verbs,1,1,1,1,1,1,0,0,,2,0,judgment,10,21,1
54,38,3,3,3,3MP:1;3MS:1,0,0,,0,0,1,0,0,0,0,0,,0,0,judgment,2,8,1
54,39,2,2,"1,2",1S:1;2MP:2,1,0,,1,1,0,1,0,0,1,1,3->2,0,0,judgment,3,7,1
54,40,1,1,1,1P:2,0,0,,1,0,0,0,0,0,1,1,2->1,0,0,,2,14,1
54,41,3,3,3,3MS:1,0,0,,0,0,1,0,0,0,1,1,1->3,0,0,prophets,1,8,1
54,42,3,3,"1,3",1P:3;3FS:1;3MP:3,1,1,two_verbs,1,0,1,0,0,1,0,0,,1,0,revelation,7,14,1
54,43,2,2,2,2MP:2,0,0,,0,1,0,0,0,0,1,1,3->2,0,0,revelation,2,13,0
54,44,3,3,"1,3",1P:1;3MP:2,1,1,verb_plus_indep_pron,1,0,1,0,0,1,1,1,2->3,0,0,,3,6,1
54,45,3,3,3,3MP:2;3MS:1,0,0,,0,0,1,0,0,0,0,0,,0,0,,3,9,1
54,46,3,3,3,3MP:1,0,0,,0,0,1,0,0,0,0,0,,0,0,judgment,1,11,0
54,47,,3,,,0,0,,0,0,0,0,0,0,0,0,,0,0,,0,7,0
54,48,3,3,"2,3",2MP:2;3MP:3,1,1,two_verbs,0,1,1,0,1,0,0,0,,1,1,judgment,5,13,1
54,49,1,1,"1,3",1P:3;3MS:1,1,0,,1,0,1,0,0,1,1,1,3->1,0,0,creation,4,9,1
54,50,1,1,1,1P:1,0,0,,1,0,0,0,0,0,0,0,,0,0,,1,11,0
54,51,1,1,"1,2",1P:2;2MP:1,1,0,,1,1,0,1,0,0,0,0,,0,0,,3,11,1
54,52,3,3,3,3MP:2;3MS:1,0,0,,0,0,1,0,0,0,1,1,1->3,0,0,,3,9,1
54,53,,3,,,0,0,,0,0,0,0,0,0,0,0,,0,0,,0,6,0
54,54,,3,,,0,0,,0,0,0,0,0,0,0,0,,0,0,,0,7,0
54,55,,3,,,0,0,,0,0,0,0,0,0,0,0,,0,0,,0,6,0
55,1,,3,,,0,0,,0,0,0,0,0,0,0,0,,0,0,mercy,0,2,0
55,2,3,3,3,3MS:1,0,0,,0,0,1,0,0,0,0,0,,0,0,,1,3,1
55,3,3,3,3,3MS:1,0,0,,0,0,1,0,0,0,0,0,,0,0,creation,1,3,1
55,4,3,3,3,3MS:2,0,0,,0,0,1,0,0,0,0,0,,0,0,,2,4,1
55,5,,3,,,0,0,,0,0,0,0,0,0,0,0,,0,0,creation,0,7,0
55,6,3,3,3,3MD:2,0,0,,0,0,1,0,0,0,0,0,,0,0,"creation,prayer",2,8,1
55,7,3,3,3,3FS:1;3MS:2,0,0,,0,0,1,0,0,0,0,0,,0,0,,3,9,1
55,8,2,2,2,2MP:2,0,0,,0,1,0,0,0,0,1,1,3->2,0,0,,2,7,1
55,9,2,2,2,2MP:4,0,0,,0,1,0,0,0,0,0,0,,0,0,,4,14,1
55,10,3,3,3,3FS:1;3MS:1,0,0,,0,0,1,0,0,0,1,1,2->3,0,0,creation,2,8,1
55,11,3,3,3,3FS:1,0,0,,0,0,1,0,0,0,0,0,,0,0,,1,9,0
55,12,,3,,,0,0,,0,0,0,0,0,0,0,0,,0,0,,0,9,0
55,13,2,2,2,2D:3,0,0,,0,1,0,0,0,0,1,1,3->2,0,0,,3,8,1
55,14,3,3,3,3MS:1,0,0,,0,0,1,0,0,0,1,1,2->3,0,0,creation,1,8,1
55,15,3,3,3,3MS:1,0,0,,0,0,1,0,0,0,0,0,,0,0,"judgment,creation",1,8,1
55,16,2,2,2,2D:3,0,0,,0,1,0,0,0,0,1,1,3->2,0,0,,3,8,1
55,17,,3,,,0,0,,0,0,0,0,0,0,1,1,2->3,0,0,,0,7,0
55,18,2,2,2,2D:3,0,0,,0,1,0,0,0,0,1,1,3->2,0,0,,3,8,1
55,19,3,3,3,3MD:2;3MS:1,0,0,,0,0,1,0,0,0,1,1,2->3,0,0,,3,5,1
55,20,3,3,3,3D:1;3MD:2,0,0,,0,0,1,0,0,0,0,0,,0,0,,3,6,1
55,21,2,2,2,2D:3,0,0,,0,1,0,0,0,0,1,1,3->2,0,0,,3,8,1
55,22,3,3,3,3D:1;3MS:1,0,0,,0,0,1,0,0,0,1,1,2->3,0,0,,2,8,1
55,23,2,2,2,2D:3,0,0,,0,1,0,0,0,0,1,1,3->2,0,0,,3,8,1
55,24,3,3,3,3MS:1,0,0,,0,0,1,0,0,0,1,1,2->3,0,0,,1,13,0
55,25,2,2,2,2D:3,0,0,,0,1,0,0,0,0,1,1,3->2,0,0,,3,8,1
55,26,3,3,3,3FS:1,0,0,,0,0,1,0,0,0,1,1,2->3,0,0,creation,1,5,0
55,27,3,3,"2,3",2MS:1;3MS:1,1,0,,0,1,1,0,1,0,0,0,,0,0,,2,11,1
55,28,2,2,2,2D:3,0,0,,0,1,0,0,0,0,1,1,3->2,0,0,,3,8,1
55,29,3,3,3,3MS:3,0,0,,0,0,1,0,0,0,1,1,2->3,0,0,creation,3,14,1
55,30,2,2,2,2D:3,0,0,,0,1,0,0,0,0,1,1,3->2,0,0,,3,8,1
55,31,1,1,"1,2",1P:1;2MP:1,1,1,verb_plus_indep_pron,1,1,0,1,0,0,1,1,2->1,0,0,,2,7,1
55,32,2,2,2,2D:3,0,0,,0,1,0,0,0,0,1,1,1->2,0,0,,3,8,1
55,33,2,2,2,2MP:8,0,0,,0,1,0,0,0,0,0,0,,0,0,creation,8,29,1
55,34,2,2,2,2D:3,0,0,,0,1,0,0,0,0,0,0,,0,0,,3,8,1
55,35,2,2,"2,3",2D:3;3MS:1,1,1,two_verbs,0,1,1,0,1,0,0,0,,1,0,judgment,4,12,1
55,36,2,2,2,2D:3,0,0,,0,1,0,0,0,0,0,0,,0,0,,3,8,1
55,37,3,3,3,3FS:2,0,0,,0,0,1,0,0,0,1,1,2->3,0,0,,2,11,1
55,38,2,2,2,2D:3,0,0,,0,1,0,0,0,0,1,1,3->2,0,0,,3,8,1
55,39,3,3,3,3MS:2,0,0,,0,0,1,0,0,0,1,1,2->3,0,0,,2,11,1
55,40,2,2,2,2D:3,0,0,,0,1,0,0,0,0,1,1,3->2,0,0,,3,8,1
55,41,3,3,3,3MP:1;3MS:2,0,0,,0,0,1,0,0,0,1,1,2->3,0,0,,3,14,1
55,42,2,2,2,2D:3,0,0,,0,1,0,0,0,0,1,1,3->2,0,0,,3,8,1
55,43,3,3,3,3FS:1;3MS:1,0,0,,0,0,1,0,0,0,1,1,2->3,0,0,judgment,2,8,1
55,44,3,3,3,3FS:1;3MP:2,0,0,,0,0,1,0,0,0,0,0,,0,0,,3,8,1
55,45,2,2,2,2D:3,0,0,,0,1,0,0,0,0,1,1,3->2,0,0,,3,8,1
55,46,3,3,3,3MS:2,0,0,,0,0,1,0,0,0,1,1,2->3,0,0,,2,8,1
55,47,2,2,2,2D:3,0,0,,0,1,0,0,0,0,1,1,3->2,0,0,,3,8,1
55,48,,3,,,0,0,,0,0,0,0,0,0,1,1,2->3,0,0,,0,2,0
55,49,2,2,2,2D:3,0,0,,0,1,0,0,0,0,1,1,3->2,0,0,,3,8,1
55,50,2,2,"2,3",2FD:2;3D:1,1,0,,0,1,1,0,1,0,0,0,,0,0,,3,5,1
55,51,2,2,2,2D:3,0,0,,0,1,0,0,0,0,0,0,,0,0,,3,8,1
55,52,3,3,3,3D:1,0,0,,0,0,1,0,0,0,1,1,2->3,0,0,,1,6,0
55,53,2,2,2,2D:3,0,0,,0,1,0,0,0,0,1,1,3->2,0,0,,3,8,1
55,54,3,3,3,3FS:1,0,0,,0,0,1,0,0,0,1,1,2->3,0,0,,1,12,0
55,55,2,2,2,2D:3,0,0,,0,1,0,0,0,0,1,1,3->2,0,0,,3,8,1
55,56,3,3,3,3FP:2;3MP:1;3MS:1,0,0,,0,0,1,0,0,0,1,1,2->3,0,0,,4,14,1
55,57,2,2,2,2D:3,0,0,,0,1,0,0,0,0,1,1,3->2,0,0,,3,8,1
55,58,3,3,3,3FP:1,0,0,,0,0,1,0,0,0,1,1,2->3,0,0,,1,7,0
55,59,2,2,2,2D:3,0,0,,0,1,0,0,0,0,1,1,3->2,0,0,,3,8,1
55,60,,3,,,0,0,,0,0,0,0,0,0,1,1,2->3,0,0,judgment,0,7,0
55,61,2,2,2,2D:3,0,0,,0,1,0,0,0,0,1,1,3->2,0,0,,3,8,1
55,62,3,3,3,3MD:1,0,0,,0,0,1,0,0,0,1,1,2->3,0,0,,1,5,0
55,63,2,2,2,2D:3,0,0,,0,1,0,0,0,0,1,1,3->2,0,0,,3,8,1
55,64,,3,,,0,0,,0,0,0,0,0,0,1,1,2->3,0,0,,0,1,0
55,65,2,2,2,2D:3,0,0,,0,1,0,0,0,0,1,1,3->2,0,0,,3,8,1
55,66,3,3,3,3D:1,0,0,,0,0,1,0,0,0,1,1,2->3,0,0,,1,4,0
55,67,2,2,2,2D:3,0,0,,0,1,0,0,0,0,1,1,3->2,0,0,,3,8,1
55,68,3,3,3,3D:1,0,0,,0,0,1,0,0,0,1,1,2->3,0,0,,1,7,0
55,69,2,2,2,2D:3,0,0,,0,1,0,0,0,0,1,1,3->2,0,0,,3,8,1
55,70,3,3,3,3FP:1,0,0,,0,0,1,0,0,0,1,1,2->3,0,0,,1,4,0
55,71,2,2,2,2D:3,0,0,,0,1,0,0,0,0,1,1,3->2,0,0,,3,8,1
55,72,,3,,,0,0,,0,0,0,0,0,0,1,1,2->3,0,0,,0,5,0
55,73,2,2,2,2D:3,0,0,,0,1,0,0,0,0,1,1,3->2,0,0,,3,8,1
55,74,3,3,3,3FP:1;3MP:1;3MS:1,0,0,,0,0,1,0,0,0,1,1,2->3,0,0,,3,9,1
55,75,2,2,2,2D:3,0,0,,0,1,0,0,0,0,1,1,3->2,0,0,,3,8,1
55,76,,3,,,0,0,,0,0,0,0,0,0,1,1,2->3,0,0,,0,7,0
55,77,2,2,2,2D:3,0,0,,0,1,0,0,0,0,1,1,3->2,0,0,,3,8,1
55,78,3,3,"2,3",2MS:1;3MS:1,1,0,,0,1,1,0,1,0,1,1,2->3,0,0,,2,10,1
56,1,3,3,3,3FS:1,0,0,,0,0,1,0,0,0,0,0,,0,0,,1,4,1
56,2,3,3,3,3FS:1;3MS:1,0,0,,0,0,1,0,0,0,0,0,,0,0,,2,5,1
56,3,,3,,,0,0,,0,0,0,0,0,0,0,0,,0,0,,0,2,0
56,4,3,3,3,3FS:1,0,0,,0,0,1,0,0,0,0,0,,0,0,creation,1,5,1
56,5,3,3,3,3FS:1,0,0,,0,0,1,0,0,0,0,0,,0,0,,1,5,1
56,6,3,3,3,3FS:1,0,0,,0,0,1,0,0,0,0,0,,0,0,,1,4,1
56,7,2,2,2,2MP:2,0,0,,0,1,0,0,0,0,1,1,3->2,0,0,,2,5,1
56,8,,3,,,0,0,,0,0,0,0,0,0,1,1,2->3,0,0,,0,8,0
56,9,,3,,,0,0,,0,0,0,0,0,0,0,0,,0,0,,0,8,0
56,10,,3,,,0,0,,0,0,0,0,0,0,0,0,,0,0,,0,5,0
56,11,,3,,,0,0,,0,0,0,0,0,0,0,0,,0,0,,0,3,0
56,12,,3,,,0,0,,0,0,0,0,0,0,0,0,,0,0,,0,4,0
56,13,,3,,,0,0,,0,0,0,0,0,0,0,0,,0,0,,0,4,0
56,14,,3,,,0,0,,0,0,0,0,0,0,0,0,,0,0,,0,5,0
56,15,,3,,,0,0,,0,0,0,0,0,0,0,0,,0,0,,0,3,0
56,16,3,3,3,3FS:1,0,0,,0,0,1,0,0,0,0,0,,0,0,,1,4,0
56,17,3,3,3,3MP:1;3MS:1,0,0,,0,0,1,0,0,0,0,0,,0,0,,2,5,1
56,18,,3,,,0,0,,0,0,0,0,0,0,0,0,,0,0,,0,8,0
56,19,3,3,3,3FS:1;3MP:4,0,0,,0,0,1,0,0,0,0,0,,0,0,,5,9,1
56,20,3,3,3,3MP:2,0,0,,0,0,1,0,0,0,0,0,,0,0,,2,6,1
56,21,3,3,3,3MP:2,0,0,,0,0,1,0,0,0,0,0,,0,0,,2,7,1
56,22,,3,,,0,0,,0,0,0,0,0,0,0,0,,0,0,,0,3,0
56,23,,3,,,0,0,,0,0,0,0,0,0,0,0,,0,0,,0,6,0
56,24,3,3,3,3MP:4,0,0,,0,0,1,0,0,0,0,0,,0,0,judgment,4,7,1
56,25,3,3,3,3FS:1;3MP:2,0,0,,0,0,1,0,0,0,0,0,,0,0,,3,9,1
56,26,,3,,,0,0,,0,0,0,0,0,0,0,0,,0,0,,0,4,0
56,27,,3,,,0,0,,0,0,0,0,0,0,0,0,,0,0,,0,8,0
56,28,,3,,,0,0,,0,0,0,0,0,0,0,0,,0,0,,0,3,0
56,29,,3,,,0,0,,0,0,0,0,0,0,0,0,,0,0,,0,3,0
56,30,,3,,,0,0,,0,0,0,0,0,0,0,0,,0,0,,0,3,0
56,31,,3,,,0,0,,0,0,0,0,0,0,0,0,,0,0,,0,3,0
56,32,,3,,,0,0,,0,0,0,0,0,0,0,0,,0,0,,0,3,0
56,33,,3,,,0,0,,0,0,0,0,0,0,0,0,,0,0,law,0,5,0
56,34,,3,,,0,0,,0,0,0,0,0,0,0,0,,0,0,,0,3,0
56,35,1,1,"1,3",1P:3;3FP:1,1,0,,1,0,1,0,0,1,1,1,3->1,0,0,judgment,4,6,1
56,36,1,1,"1,3",1P:2;3FP:1,1,0,,1,0,1,0,0,1,0,0,,0,0,,3,5,1
56,37,,3,,,0,0,,0,0,0,0,0,0,1,1,1->3,0,0,,0,2,0
56,38,,3,,,0,0,,0,0,0,0,0,0,0,0,,0,0,,0,4,0
56,39,,3,,,0,0,,0,0,0,0,0,0,0,0,,0,0,,0,4,0
56,40,,3,,,0,0,,0,0,0,0,0,0,0,0,,0,0,,0,5,0
56,41,,3,,,0,0,,0,0,0,0,0,0,0,0,,0,0,,0,8,0
56,42,,3,,,0,0,,0,0,0,0,0,0,0,0,,0,0,judgment,0,4,0
56,43,,3,,,0,0,,0,0,0,0,0,0,0,0,,0,0,,0,4,0
56,44,,3,,,0,0,,0,0,0,0,0,0,0,0,,0,0,,0,5,0
56,45,3,3,3,3MP:3,0,0,,0,0,1,0,0,0,0,0,,0,0,,3,7,1
56,46,3,3,3,3MP:4,0,0,,0,0,1,0,0,0,0,0,,0,0,,4,10,1
56,47,1,1,"1,3",1P:5;3MP:4,1,1,two_verbs,1,0,1,0,0,1,1,1,3->1,1,0,,9,20,1
56,48,1,1,1,1P:1,0,0,,1,0,0,0,0,0,0,0,,0,0,,1,6,0
56,49,2,2,2,2MS:1,0,0,,0,1,0,0,0,0,1,1,1->2,0,0,,1,7,1
56,50,,3,,,0,0,,0,0,0,0,0,0,1,1,2->3,0,0,,0,6,0
56,51,2,2,2,2MP:1,0,0,,0,1,0,0,0,0,1,0,3->2,0,0,,1,8,0
56,52,,3,,,0,0,,0,0,0,0,0,0,1,0,2->3,0,0,,0,6,0
56,53,3,3,3,3FS:1,0,0,,0,0,1,0,0,0,0,0,,0,0,,1,6,0
56,54,3,3,3,3MS:1,0,0,,0,0,1,0,0,0,0,0,,0,0,,1,7,0
56,55,,3,,,0,0,,0,0,0,0,0,0,0,0,,0,0,,0,5,0
56,56,3,3,3,3MP:1,0,0,,0,0,1,0,0,0,0,0,,0,0,judgment,1,6,0
56,57,2,2,"1,2",1P:3;2MP:3,1,1,two_verbs,1,1,0,1,0,0,1,1,3->2,1,0,creation,6,8,1
56,58,2,2,2,2MP:4,0,0,,0,1,0,0,0,0,0,0,,0,0,,4,7,1
56,59,2,2,"1,2,3",1P:1;2MP:3;3MS:1,2,1,verb_plus_indep_pron,1,1,1,1,1,1,0,0,,0,0,,5,9,1
56,60,1,1,"1,2",1P:4;2MP:1,1,0,,1,1,0,1,0,0,1,1,2->1,0,0,,5,12,1
56,61,2,2,"1,2",1P:2;2MP:4,1,1,two_verbs,1,1,0,1,0,0,1,1,1->2,1,0,,6,13,1
56,62,2,2,2,2MP:4,0,0,,0,1,0,0,0,0,0,0,,0,0,,4,13,1
56,63,2,2,2,2MP:4,0,0,,0,1,0,0,0,0,0,0,,0,0,,4,7,1
56,64,2,2,"1,2,3",1P:1;2MP:3;3MS:1,2,1,verb_plus_indep_pron,1,1,1,1,1,1,0,0,,0,0,,5,9,1
56,65,2,2,"1,2,3",1P:3;2MP:4;3MS:1,2,1,two_verbs,1,1,1,1,1,1,0,0,,1,0,,8,12,1
56,66,1,1,1,1P:1,0,0,,1,0,0,0,0,0,1,1,2->1,0,0,law,1,4,0
56,67,1,1,1,1P:1,0,0,,1,0,0,0,0,0,0,0,,0,0,,1,3,0
56,68,2,2,2,2MP:4,0,0,,0,1,0,0,0,0,1,1,1->2,0,0,,4,9,1
56,69,2,2,"1,2,3",1P:1;2MP:3;3MS:1,2,1,verb_plus_indep_pron,1,1,1,1,1,1,0,0,,0,0,,5,12,1
56,70,1,1,"1,2,3",1P:3;2MP:2;3MS:1,2,1,two_verbs,1,1,1,1,1,1,1,1,2->1,1,0,,6,10,1
56,71,2,2,2,2MP:4,0,0,,0,1,0,0,0,0,1,1,1->2,0,0,judgment,4,9,1
56,72,2,2,"1,2,3",1P:1;2MP:3;3FS:1,2,1,verb_plus_indep_pron,1,1,1,1,1,1,0,0,,0,0,,5,10,1
56,73,1,1,"1,3",1P:3;3FS:1,1,0,,1,0,1,0,0,1,1,1,2->1,0,0,,4,10,1
56,74,2,2,2,2MS:2,0,0,,0,1,0,0,0,0,1,1,1->2,0,0,,2,8,1
56,75,1,1,1,1S:1,0,0,,1,0,0,0,0,0,1,1,2->1,0,0,creation,1,7,1
56,76,2,2,"2,3",2MP:2;3MS:1,1,0,,0,1,1,0,1,0,1,1,1->2,0,0,,3,9,1
56,77,3,3,3,3MS:1,0,0,,0,0,1,0,0,0,1,1,2->3,0,0,,1,5,0
56,78,,3,,,0,0,,0,0,0,0,0,0,0,0,,0,0,,0,3,0
56,79,3,3,3,3MS:2,0,0,,0,0,1,0,0,0,0,0,,0,0,,2,6,1
56,80,,3,,,0,0,,0,0,0,0,0,0,0,0,,0,0,revelation,0,5,0
56,81,2,2,2,2MP:1,0,0,,0,1,0,0,0,0,1,0,3->2,0,0,,1,8,0
56,82,2,2,2,2MP:6,0,0,,0,1,0,0,0,0,0,0,,0,0,,6,9,1
56,83,3,3,3,3FS:1,0,0,,0,0,1,0,0,0,1,1,2->3,0,0,,1,6,1
56,84,2,2,2,2MP:3,0,0,,0,1,0,0,0,0,1,1,3->2,0,0,,3,5,1
56,85,2,2,"1,2,3",1P:1;2MP:3;3MS:1,2,1,verb_plus_indep_pron,1,1,1,1,1,1,0,0,,0,0,,5,12,1
56,86,2,2,2,2MP:2,0,0,,0,1,0,0,0,0,0,0,,0,0,,2,7,1
56,87,2,2,"2,3",2MP:4;3FS:1,1,0,,0,1,1,0,1,0,0,0,,0,0,,5,7,1
56,88,3,3,3,3MS:1,0,0,,0,0,1,0,0,0,1,1,2->3,0,0,,1,7,1
56,89,,3,,,0,0,,0,0,0,0,0,0,0,0,,0,0,,0,7,0
56,90,3,3,3,3MS:1,0,0,,0,0,1,0,0,0,0,0,,0,0,,1,8,1
56,91,2,2,2,2MS:1,0,0,,0,1,0,0,0,0,1,1,3->2,0,1,,1,8,0
56,92,3,3,3,3MS:1,0,0,,0,0,1,0,0,0,1,1,2->3,0,0,,1,9,1
56,93,,3,,,0,0,,0,0,0,0,0,0,0,0,,0,0,,0,4,0
56,94,,3,,,0,0,,0,0,0,0,0,0,0,0,,0,0,,0,3,0
56,95,3,3,3,3MS:1,0,0,,0,0,1,0,0,0,0,0,,0,0,,1,7,0
56,96,2,2,2,2MS:2,0,0,,0,1,0,0,0,0,1,1,3->2,0,0,,2,8,1
57,1,3,3,3,3MS:2,0,0,,0,0,1,0,0,0,0,0,,0,0,creation,2,16,1
57,2,3,3,3,3MS:4,0,0,,0,0,1,0,0,0,0,0,,0,0,creation,4,17,1
57,3,3,3,3,3MS:2,0,0,,0,0,1,0,0,0,0,0,,0,0,,2,18,0
57,4,3,3,"2,3",2MP:5;3FS:2;3MS:9,1,1,two_verbs,0,1,1,0,1,0,0,0,,1,0,creation,16,53,1
57,5,3,3,3,3FS:1;3MS:1,0,0,,0,0,1,0,0,0,0,0,,0,0,creation,2,14,1
57,6,3,3,3,3MS:3,0,0,,0,0,1,0,0,0,0,0,,0,0,,3,20,1
57,7,3,3,"2,3",2MP:6;3MP:5;3MS:3,1,1,two_verbs,0,1,1,0,1,0,0,0,,1,0,"judgment,revelation",14,30,1
57,8,2,2,"2,3",2MP:10;3MS:2,1,1,two_verbs,0,1,1,0,1,0,1,1,3->2,4,0,revelation,12,29,1
57,9,3,3,"2,3",2MP:2;3MS:4,1,1,verb_plus_indep_pron,0,1,1,0,1,0,1,1,2->3,0,0,mercy,6,25,1
57,10,3,3,"2,3",2MP:6;3MP:4;3MS:4,1,1,two_verbs,0,1,1,0,1,0,0,0,,2,0,"judgment,creation",14,57,1
57,11,3,3,3,3MS:5,0,0,,0,0,1,0,0,0,0,0,,0,0,judgment,5,17,1
57,12,3,3,"2,3",2MP:1;2MS:1;3FS:3;3MP:3;3MS:2,1,1,two_verbs,0,1,1,0,1,0,0,0,,1,1,,10,37,1
57,13,3,3,"1,2,3",1P:2;2MP:8;3MP:3;3MS:8,2,1,two_verbs,1,1,1,1,1,1,0,0,,5,1,"judgment,mercy",21,50,1
57,14,2,2,"1,2,3",1P:1;2MP:11;3FS:1;3MP:5;3MS:2,2,1,two_verbs,1,1,1,1,1,1,1,1,3->2,4,1,,20,40,1
57,15,3,3,"2,3",2MP:3;3FS:1;3MP:2;3MS:2,1,0,,0,1,1,0,1,0,1,1,2->3,0,0,judgment,8,25,1
57,16,3,3,3,3FS:2;3MP:10;3MS:3,0,0,,0,0,1,0,0,0,0,0,,0,0,revelation,15,47,1
57,17,2,2,"1,2,3",1P:2;2MP:6;3FS:1;3MS:1,2,1,two_verbs,1,1,1,1,1,1,1,1,3->2,3,0,"revelation,creation",10,21,1
57,18,3,3,3,3MP:4;3MS:1,0,0,,0,0,1,0,0,0,1,1,2->3,0,0,judgment,5,20,1
57,19,3,3,"1,3",1P:1;3MP:11;3MS:1,1,0,,1,0,1,0,0,1,0,0,,0,0,judgment,13,40,1
57,20,3,3,"2,3",2MP:3;2MS:1;3MS:5,1,1,two_verbs,0,1,1,0,1,0,0,0,,3,0,judgment,9,64,1
57,21,3,3,"2,3",2MP:3;3FS:2;3MP:2;3MS:4,1,1,two_verbs,0,1,1,0,1,0,0,0,,1,0,creation,11,42,1
57,22,3,3,"1,2,3",1P:1;2MP:1;3FS:1;3MS:1,2,1,two_verbs,1,1,1,1,1,1,0,0,,1,0,creation,4,25,1
57,23,2,2,"2,3",2MP:6;3MS:3,1,1,two_verbs,0,1,1,0,1,0,1,1,3->2,3,0,,9,23,1
57,24,3,3,3,3MP:4;3MS:2,0,0,,0,0,1,0,0,0,1,1,2->3,0,0,,6,22,1
57,25,1,1,"1,3",1P:7;3MP:1;3MS:6,1,1,two_verbs,1,0,1,0,0,1,1,1,3->1,3,0,revelation,14,57,1
57,26,1,1,"1,3",1P:4;3MD:1;3MP:2,1,0,,1,0,1,0,0,1,0,0,,0,0,"revelation,prophets",7,28,1
57,27,3,3,"1,3",1P:13;3FS:4;3MP:13;3MS:2,1,1,two_verbs,1,0,1,0,0,1,1,1,1->3,5,0,"judgment,mercy,prophets",32,72,1
57,28,2,2,"2,3",2MP:9;3MP:2;3MS:6,1,1,two_verbs,0,1,1,0,1,0,1,1,3->2,4,0,"mercy,revelation",17,37,1
57,29,3,3,3,3MP:2;3MS:4,0,0,,0,0,1,0,0,0,1,1,2->3,0,0,revelation,6,33,1
58,1,3,3,"2,3",2D:1;2MS:2;3FS:2;3MS:2,1,1,two_verbs,0,1,1,0,1,0,0,0,,2,0,,7,23,1
58,2,3,3,"2,3",2MP:1;3FP:3;3MP:9,1,0,,0,1,1,0,1,0,0,0,,0,0,mercy,13,38,1
58,3,3,3,"2,3",2MP:4;3MD:2;3MP:7;3MS:1,1,1,two_verbs,0,1,1,0,1,0,0,0,,1,1,,14,34,1
58,4,3,3,"2,3",2MP:2;3MD:2;3MS:3,1,1,two_verbs,0,1,1,0,1,0,0,0,,1,0,"judgment,revelation,prayer",7,40,1
58,5,3,3,"1,3",1P:2;3MP:5;3MS:2,1,1,two_verbs,1,0,1,0,0,1,0,0,,1,0,"judgment,revelation",9,29,1
58,6,3,3,3,3MP:6;3MS:5,0,0,,0,0,1,0,0,0,0,0,,0,0,"judgment,law",11,25,1
58,7,3,3,"2,3",2MS:1;3MP:8;3MS:6,1,1,two_verbs,0,1,1,0,1,0,0,0,,1,0,"judgment,creation",15,63,1
58,8,3,3,"1,2,3",1P:2;2MS:4;3FS:1;3MP:18;3MS:5,2,1,two_verbs,1,1,1,1,1,1,0,0,,3,0,"judgment,revelation,law",30,71,1
58,9,2,2,"2,3",2MP:10;3MP:2;3MS:1,1,1,two_verbs,0,1,1,0,1,0,1,1,3->2,1,0,revelation,13,40,1
58,10,3,3,3,3MP:3;3MS:3,0,0,,0,0,1,0,0,0,1,1,2->3,0,0,,6,30,1
58,11,2,2,"2,3",2MP:13;3MP:6;3MS:4,1,1,two_verbs,0,1,1,0,1,0,1,1,3->2,5,0,,23,50,1
58,12,2,2,"2,3",2MP:8;3MP:2,1,1,two_verbs,0,1,1,0,1,0,0,0,,1,0,"mercy,revelation",10,34,1
58,13,2,2,"2,3",2MP:16;3MS:2,1,1,two_verbs,0,1,1,0,1,0,0,0,,2,0,"revelation,law,prayer",18,45,1
58,14,3,3,"2,3",2MP:1;2MS:1;3MP:10;3MS:1,1,1,two_verbs,0,1,1,0,1,0,1,1,2->3,1,0,,13,30,1
58,15,3,3,3,3MP:6;3MS:2,0,0,,0,0,1,0,0,0,0,0,,0,0,judgment,8,14,1
58,16,3,3,3,3MP:6,0,0,,0,0,1,0,0,0,0,0,,0,0,judgment,6,16,1
58,17,3,3,3,3FS:2;3MP:4,0,0,,0,0,1,0,0,0,0,0,,0,0,judgment,6,21,1
58,18,3,3,"2,3",2MP:1;3MP:10;3MS:2,1,1,verb_plus_indep_pron,0,1,1,0,1,0,0,0,,0,0,judgment,13,29,1
58,19,3,3,3,3MP:3;3MS:2,0,0,,0,0,1,0,0,0,0,0,,0,0,,5,22,1
58,20,3,3,3,3MP:2;3MS:1,0,0,,0,0,1,0,0,0,0,0,,0,0,revelation,3,12,1
58,21,1,1,"1,3",1S:3;3MS:1,1,1,two_verbs,1,0,1,0,0,1,1,1,3->1,1,0,,4,13,1
58,22,3,3,"2,3",2MS:1;3FS:3;3MP:17;3MS:8,1,1,two_verbs,0,1,1,0,1,0,1,1,1->3,1,0,revelation,29,81,1
59,1,3,3,3,3MS:2,0,0,,0,0,1,0,0,0,0,0,,0,0,creation,2,18,1
59,2,3,3,"2,3",2MP:4;3MP:18;3MS:4,1,1,two_verbs,0,1,1,0,1,0,0,0,,3,0,revelation,26,68,1
59,3,3,3,3,3MP:3;3MS:2,0,0,,0,0,1,0,0,0,0,0,,0,0,judgment,5,24,1
59,4,3,3,3,3MP:3;3MS:2,0,0,,0,0,1,0,0,0,0,0,,0,0,revelation,5,20,1
59,5,2,2,"2,3",2MP:4;3FS:2;3MS:1,1,1,two_verbs,0,1,1,0,1,0,1,1,3->2,1,0,,7,22,1
59,6,3,3,"2,3",2MP:2;3MP:1;3MS:6,1,1,two_verbs,0,1,1,0,1,0,1,1,2->3,2,0,revelation,9,35,1
59,7,2,2,"2,3",2MP:9;3MS:7,1,1,two_verbs,0,1,1,0,1,0,1,1,3->2,3,0,"revelation,law",16,69,1
59,8,3,3,3,3MP:9;3MS:1,0,0,,0,0,1,0,0,0,1,1,2->3,0,0,revelation,10,32,1
59,9,3,3,"2,3",2MP:2;3MP:14;3MS:4,1,1,two_verbs,0,1,1,0,1,0,0,0,,1,0,,20,53,1
59,10,3,3,"1,2,3",1P:6;2MS:3;3MP:9,2,1,two_verbs,1,1,1,1,1,1,0,0,,4,0,mercy,18,42,1
59,11,3,3,"1,2,3",1P:3;2MP:7;2MS:1;3MP:8;3MS:1,2,1,two_verbs,1,1,1,1,1,1,0,0,,6,0,revelation,20,50,1
59,12,3,3,3,3MP:16,0,0,,0,0,1,0,0,0,0,0,,0,0,,16,33,1
59,13,3,3,"2,3",2MP:1;3MP:4,1,1,verb_plus_indep_pron,0,1,1,0,1,0,0,0,,0,0,,5,17,1
59,14,3,3,"2,3",2MP:1;2MS:1;3MP:9,1,1,two_verbs,0,1,1,0,1,0,0,0,,2,0,,11,33,1
59,15,3,3,3,3MP:5,0,0,,0,0,1,0,0,0,0,0,,0,0,judgment,5,17,1
59,16,3,3,"1,2,3",1S:3;2MS:2;3MS:3,2,1,two_verbs,1,1,1,1,1,1,0,0,,3,0,,8,26,1
59,17,3,3,3,3D:2;3FS:1;3MS:1,0,0,,0,0,1,0,0,0,0,0,,0,0,judgment,4,17,1
59,18,2,2,"2,3",2MP:6;3FS:2;3MP:2,1,1,two_verbs,0,1,1,0,1,0,1,1,3->2,3,0,,10,27,1
59,19,3,3,"2,3",2MP:2;3MP:5;3MS:1,1,1,two_verbs,0,1,1,0,1,0,1,1,2->3,1,0,,8,18,1
59,20,3,3,3,3MP:1;3MS:1,0,0,,0,0,1,0,0,0,0,0,,0,0,judgment,2,15,1
59,21,3,3,"1,2,3",1P:3;2MS:2;3FS:1;3MP:3;3MS:1,2,1,two_verbs,1,1,1,1,1,1,0,0,,3,0,revelation,10,30,1
59,22,3,3,3,3MS:3,0,0,,0,0,1,0,0,0,0,0,,0,0,"oneness,mercy",3,18,0
59,23,3,3,3,3MP:2;3MS:2,0,0,,0,0,1,0,0,0,0,0,,0,0,oneness,4,29,1
59,24,3,3,3,3MS:5,0,0,,0,0,1,0,0,0,0,0,,0,0,creation,5,30,1
60,1,2,2,"1,2,3",1S:4;2MP:21;3MP:8;3MS:4,2,1,two_verbs,1,1,1,1,1,1,0,0,,4,0,,37,88,1
60,2,3,3,"2,3",2MP:5;3MP:10,1,1,two_verbs,0,1,1,0,1,0,1,1,2->3,1,0,,15,28,1
60,3,2,2,"2,3",2MP:6;2MS:1;3MS:1,1,1,two_verbs,0,1,1,0,1,0,1,1,3->2,2,0,judgment,8,22,1
60,4,1,1,"1,2,3",1P:9;1S:2;2MP:8;2MS:5;3FS:1;3MP:3;3MS:4,2,1,two_verbs,1,1,1,1,1,1,1,1,2->1,5,1,prophets,32,91,1
60,5,2,2,"1,2,3",1P:4;2MS:4;3MP:2,2,1,two_verbs,1,1,1,1,1,1,1,1,1->2,2,0,"judgment,mercy",10,23,1
60,6,3,3,"2,3",2MP:1;3MP:1;3MS:5,1,1,verb_plus_indep_pron,0,1,1,0,1,0,1,1,2->3,0,0,,7,30,1
60,7,3,3,"2,3",2MP:3;3MP:1;3MS:2,1,1,two_verbs,0,1,1,0,1,0,0,0,,1,0,mercy,6,21,1
60,8,3,3,"2,3",2MP:8;3MP:6;3MS:2,1,1,two_verbs,0,1,1,0,1,0,0,0,,2,0,,16,35,1
60,9,3,3,"2,3",2MP:7;3MP:9;3MS:2,1,1,two_verbs,0,1,1,0,1,0,0,0,,2,0,,18,39,1
60,10,3,3,"2,3",2MP:21;3FP:9;3MP:13;3MS:2,1,1,two_verbs,0,1,1,0,1,0,0,0,,6,0,law,45,99,1
60,11,2,2,"2,3",2MP:9;3FS:1;3MP:3;3MS:2,1,1,two_verbs,0,1,1,0,1,0,1,1,3->2,3,0,,15,34,1
60,12,3,3,"2,3",2MS:5;3FP:21;3MS:2,1,1,two_verbs,0,1,1,0,1,0,1,1,2->3,1,0,"mercy,law",28,68,1
60,13,3,3,"2,3",2MP:2;3MP:5;3MS:2,1,1,two_verbs,0,1,1,0,1,0,0,0,,2,0,judgment,9,28,1
61,1,3,3,3,3MS:2,0,0,,0,0,1,0,0,0,0,0,,0,0,creation,2,18,1
61,2,2,2,"2,3",2MP:4;3MP:2,1,1,two_verbs,0,1,1,0,1,0,1,1,3->2,1,0,,6,13,1
61,3,2,2,"2,3",2MP:4;3MS:1,1,1,two_verbs,0,1,1,0,1,0,0,0,,1,0,,5,11,1
61,4,3,3,3,3MP:3;3MS:2,0,0,,0,0,1,0,0,0,1,1,2->3,0,0,,5,14,1
61,5,3,3,"1,2,3",1S:3;2MP:5;3MP:3;3MS:4,2,1,two_verbs,1,1,1,1,1,1,0,0,,2,1,"revelation,prophets",15,41,1
61,6,3,3,"1,2,3",1S:3;2MP:1;3MP:3;3MS:4,2,0,,1,1,1,1,1,1,0,0,,0,1,"revelation,prophets",11,47,1
61,7,3,3,3,3MS:4,0,0,,0,0,1,0,0,0,0,0,,0,0,,4,24,1
61,8,3,3,3,3MP:5;3MS:2,0,0,,0,0,1,0,0,0,0,0,,0,0,,7,20,1
61,9,3,3,3,3MS:7,0,0,,0,0,1,0,0,0,0,0,,0,0,revelation,7,25,1
61,10,3,3,"1,2,3",1S:1;2MP:2;3FS:1;3MP:2,2,1,two_verbs,1,1,1,1,1,1,0,0,,2,0,judgment,6,15,1
61,11,2,2,"2,3",2MP:11;3MS:1,1,0,,0,1,1,0,1,0,1,1,3->2,0,0,revelation,12,28,1
61,12,3,3,"2,3",2MP:3;3FS:2;3MS:2,1,1,verb_plus_indep_pron,0,1,1,0,1,0,1,1,2->3,0,0,mercy,7,26,1
61,13,2,2,"2,3",2MP:2;2MS:1;3FS:1,1,0,,0,1,1,0,1,0,1,1,3->2,0,0,,4,15,1
61,14,3,3,"1,2,3",1P:3;1S:1;2MP:2;3FS:2;3MP:7;3MS:2,2,1,two_verbs,1,1,1,1,1,1,1,1,2->3,4,1,prophets,17,51,1
62,1,3,3,3,3MS:1,0,0,,0,0,1,0,0,0,0,0,,0,0,creation,1,20,1
62,2,3,3,3,3MP:6;3MS:6,0,0,,0,0,1,0,0,0,0,0,,0,0,revelation,12,35,1
62,3,3,3,3,3MP:4;3MS:1,0,0,,0,0,1,0,0,0,0,0,,0,0,,5,15,1
62,4,3,3,3,3MS:3,0,0,,0,0,1,0,0,0,0,0,,0,0,,3,14,1
62,5,3,3,3,3FS:1;3MP:6;3MS:3,0,0,,0,0,1,0,0,0,0,0,,0,0,revelation,10,35,1
62,6,2,2,"2,3",2MP:7;2MS:1;3MP:2,1,1,two_verbs,0,1,1,0,1,0,1,1,3->2,2,0,,10,27,1
62,7,3,3,3,3FS:1;3MP:3;3MS:1,0,0,,0,0,1,0,0,0,1,1,2->3,0,0,,5,17,1
62,8,2,2,"2,3",2MP:10;2MS:1;3MS:3,1,1,two_verbs,0,1,1,0,1,0,1,1,3->2,2,0,,14,33,1
62,9,2,2,"2,3",2MP:9;3MP:2;3MS:1,1,1,two_verbs,0,1,1,0,1,0,0,0,,1,0,"judgment,prayer",12,34,1
62,10,2,2,"2,3",2MP:9;3FS:1,1,1,two_verbs,0,1,1,0,1,0,0,0,,1,0,prayer,10,26,1
62,11,3,3,"2,3",2MS:2;3FS:1;3MP:6,1,1,two_verbs,0,1,1,0,1,0,1,1,2->3,1,0,,9,33,1
63,1,3,3,"1,2,3",1P:1;2MS:3;3MP:2;3MS:4,2,1,two_verbs,1,1,1,1,1,1,0,0,,2,0,revelation,10,29,1
63,2,3,3,3,3MP:10;3MS:1,0,0,,0,0,1,0,0,0,0,0,,0,0,,11,19,1
63,3,3,3,3,3MP:9;3MS:1,0,0,,0,0,1,0,0,0,0,0,,0,0,,10,19,1
63,4,3,3,"2,3",2MS:6;3MP:14;3MS:1,1,1,two_verbs,0,1,1,0,1,0,0,0,,5,0,,21,39,1
63,5,3,3,"2,3",2MP:3;2MS:2;3MP:8;3MS:2,1,1,two_verbs,0,1,1,0,1,0,0,0,,4,1,revelation,15,25,1
63,6,3,3,"2,3",2MS:3;3MP:4;3MS:2,1,1,two_verbs,0,1,1,0,1,0,0,0,,1,0,mercy,9,26,1
63,7,3,3,"2,3",2MP:2;3MP:7,1,1,two_verbs,0,1,1,0,1,0,0,0,,2,0,"revelation,creation",9,31,1
63,8,3,3,"1,3",1P:2;3FS:1;3MP:4;3MS:2,1,1,two_verbs,1,0,1,0,0,1,0,0,,2,0,revelation,9,38,1
63,9,3,3,"2,3",2MP:3;2MS:1;3MP:3;3MS:1,1,1,two_verbs,0,1,1,0,1,0,0,0,,2,0,,8,26,1
63,10,1,1,"1,2,3",1P:2;1S:4;2MP:4;2MS:2;3MS:2,2,1,two_verbs,1,1,1,1,1,1,1,1,3->1,4,0,,14,34,1
63,11,3,3,"2,3",2MP:2;3FS:1;3MS:2,1,1,two_verbs,0,1,1,0,1,0,1,1,1->3,1,0,,5,16,1
64,1,3,3,3,3MS:4,0,0,,0,0,1,0,0,0,0,0,,0,0,creation,4,27,1
64,2,2,2,"2,3",2MP:5;3MS:2,1,1,two_verbs,0,1,1,0,1,0,1,1,3->2,1,0,creation,7,19,1
64,3,3,3,"2,3",2MP:2;3MS:4,1,0,,0,1,1,0,1,0,1,1,2->3,0,0,creation,6,21,1
64,4,2,2,"2,3",2MP:4;3MS:2,1,1,two_verbs,0,1,1,0,1,0,1,1,3->2,1,0,creation,6,24,1
64,5,3,3,"2,3",2MP:1;3MP:6;3MS:1,1,0,,0,1,1,0,1,0,1,1,2->3,0,0,judgment,8,21,1
64,6,3,3,"1,3",1P:1;3FS:2;3MP:10;3MS:2,1,0,,1,0,1,0,0,1,0,0,,0,1,,15,33,1
64,7,2,2,"1,2,3",1S:1;2MP:4;2MS:1;3MP:4;3MS:1,2,1,two_verbs,1,1,1,1,1,1,1,1,3->2,1,0,,11,29,1
64,8,2,2,"1,2,3",1P:2;2MP:4;3MS:1,2,1,two_verbs,1,1,1,1,1,1,0,0,,2,0,revelation,7,21,1
64,9,3,3,"2,3",2MP:1;3FS:3;3MS:8,1,0,,0,1,1,0,1,0,1,1,2->3,0,0,judgment,12,43,1
64,10,3,3,"1,3",1P:1;3FS:1;3MP:4;3MS:1,1,0,,1,0,1,0,0,1,0,0,,0,0,judgment,7,21,1
64,11,3,3,3,3MS:4,0,0,,0,0,1,0,0,0,0,0,,0,0,,4,22,1
64,12,2,2,"1,2",1P:1;2MP:6,1,0,,1,1,0,1,0,0,1,1,3->2,0,0,revelation,7,23,1
64,13,3,3,3,3MS:2,0,0,,0,0,1,0,0,0,1,1,2->3,0,0,oneness,2,13,1
64,14,2,2,"2,3",2MP:11;3MP:3,1,1,two_verbs,0,1,1,0,1,0,1,1,3->2,1,0,mercy,14,34,1
64,15,2,2,"2,3",2MP:2;3MS:1,1,0,,0,1,1,0,1,0,0,0,,0,0,judgment,3,14,0
64,16,2,2,"2,3",2MP:11;3MP:1;3MS:2,1,1,two_verbs,0,1,1,0,1,0,0,0,,1,0,,14,31,1
64,17,2,2,"2,3",2MP:4;3MS:3,1,1,two_verbs,0,1,1,0,1,0,0,0,,1,0,mercy,7,18,1
64,18,,3,,,0,0,,0,0,0,0,0,0,1,1,2->3,0,0,,0,10,0
65,1,2,2,"2,3",2MP:11;2MS:1;3FP:8;3MS:4,1,1,two_verbs,0,1,1,0,1,0,0,0,,3,0,law,24,67,1
65,2,3,3,"2,3",2MP:9;3FP:5;3MS:7,1,1,two_verbs,0,1,1,0,1,0,1,1,2->3,2,0,law,21,54,1
65,3,3,3,3,3MS:8,0,0,,0,0,1,0,0,0,0,0,,0,0,,8,28,1
65,4,3,3,"2,3",2MP:3;3FP:9;3MS:4,1,1,two_verbs,0,1,1,0,1,0,0,0,,2,0,,16,45,1
65,5,3,3,"2,3",2MP:1;3MS:8,1,0,,0,1,1,0,1,0,0,0,,0,0,"judgment,revelation",9,21,1
65,6,2,2,"2,3",2MP:19;3FP:13;3FS:1;3MS:1,1,1,two_verbs,0,1,1,0,1,0,1,1,3->2,5,0,,34,65,1
65,7,3,3,"1,3",1S:1;3FS:1;3MS:10,1,1,two_verbs,1,0,1,0,0,1,1,1,2->3,2,0,,12,36,1
65,8,1,1,"1,3",1P:4;3FS:4;3MS:1,1,1,two_verbs,1,0,1,0,0,1,1,1,3->1,1,0,judgment,9,24,1
65,9,3,3,3,3FS:3;3MS:1,0,0,,0,0,1,0,0,0,1,1,1->3,0,0,,4,11,1
65,10,3,3,"2,3",2MP:3;3MP:3;3MS:2,1,1,two_verbs,0,1,1,0,1,0,0,0,,2,0,"judgment,revelation",8,23,1
65,11,3,3,"2,3",2MP:1;3FS:3;3MP:4;3MS:8,1,0,,0,1,1,0,1,0,0,0,,0,0,revelation,16,50,1
65,12,3,3,"2,3",2MP:2;3FP:2;3MS:3,1,1,two_verbs,0,1,1,0,1,0,0,0,,2,0,creation,7,34,1
66,1,2,2,"2,3",2MS:4;3MS:1,1,1,two_verbs,0,1,1,0,1,0,0,0,,2,0,"mercy,law",5,20,1
66,2,2,2,"2,3",2MP:3;3MS:2,1,1,verb_plus_indep_pron,0,1,1,0,1,0,0,0,,0,0,,5,18,1
66,3,3,3,"1,2,3",1S:1;2MS:1;3FS:3;3MS:14,2,0,,1,1,1,1,1,1,1,1,2->3,0,1,,19,46,1
66,4,2,2,"2,3",2D:2;2FD:2;2MD:1;3FS:1;3MS:3,1,1,two_verbs,0,1,1,0,1,0,1,1,3->2,2,0,,9,34,1
66,5,3,3,"2,3",2FP:2;3MS:5,1,0,,0,1,1,0,1,0,1,1,2->3,0,0,,7,22,1
66,6,3,3,"2,3",2MP:4;3FS:2;3MP:9;3MS:1,1,1,two_verbs,0,1,1,0,1,0,0,0,,2,0,judgment,16,38,1
66,7,2,2,"2,3",2MP:8;3MP:2,1,1,two_verbs,0,1,1,0,1,0,1,1,3->2,1,0,,10,19,1
66,8,3,3,"1,2,3",1P:4;2MP:6;2MS:3;3FS:2;3MP:9;3MS:6,2,1,two_verbs,1,1,1,1,1,1,1,1,2->3,3,1,mercy,30,71,1
66,9,2,2,"2,3",2MS:2;3MP:2;3MS:1,1,1,two_verbs,0,1,1,0,1,0,1,1,3->2,1,0,judgment,5,22,1
66,10,3,3,"1,2,3",1P:1;2MD:2;3D:2;3FD:4;3MD:2;3MP:2;3MS:2,2,1,two_verbs,1,1,1,1,1,1,1,1,2->3,1,1,"judgment,prophets",15,42,1
66,11,3,3,"1,2,3",1S:4;2MS:4;3FS:1;3MP:2;3MS:2,2,1,two_verbs,1,1,1,1,1,1,0,0,,1,1,"judgment,prophets",13,39,1
66,12,3,3,"1,3",1P:3;3FS:5;3MS:2,1,1,two_verbs,1,0,1,0,0,1,0,0,,2,0,,10,30,1
67,1,3,3,3,3MS:3,0,0,,0,0,1,0,0,0,0,0,,0,0,,3,13,1
67,2,3,3,"2,3",2MP:2;3MS:3,1,0,,0,1,1,0,1,0,0,0,,0,0,"mercy,creation",5,20,1
67,3,2,2,"2,3",2MS:3;3MS:1,1,1,two_verbs,0,1,1,0,1,0,1,1,3->2,1,0,"mercy,creation",4,21,1
67,4,2,2,"2,3",2MS:2;3MS:2,1,1,two_verbs,0,1,1,0,1,0,0,0,,1,0,,4,14,1
67,5,1,1,"1,3",1P:6;3FS:1;3MP:1,1,1,verb_plus_indep_pron,1,0,1,0,0,1,1,1,2->1,0,0,"judgment,creation",8,27,1
67,6,3,3,3,3MP:3;3MS:1,0,0,,0,0,1,0,0,0,1,1,1->3,0,0,judgment,4,14,1
67,7,3,3,3,3FS:4;3MP:4,0,0,,0,0,1,0,0,0,0,0,,0,0,,8,13,1
67,8,3,3,"2,3",2MP:1;3FS:4;3MP:1;3MS:3,1,0,,0,1,1,0,1,0,0,0,,0,0,revelation,9,19,1
67,9,1,1,"1,2,3",1P:5;2MP:1;3MP:2;3MS:2,2,1,two_verbs,1,1,1,1,1,1,1,1,3->1,2,1,revelation,10,24,1
67,10,1,1,"1,3",1P:6;3MP:2,1,1,two_verbs,1,0,1,0,0,1,0,0,,1,1,,8,16,1
67,11,3,3,3,3MP:3,0,0,,0,0,1,0,0,0,1,1,1->3,0,0,,3,12,1
67,12,3,3,3,3MP:4,0,0,,0,0,1,0,0,0,0,0,,0,0,judgment,4,15,1
67,13,2,2,"2,3",2MP:5;3MS:2,1,1,verb_plus_indep_pron,0,1,1,0,1,0,1,1,3->2,0,0,,7,17,1
67,14,3,3,3,3MS:3,0,0,,0,0,1,0,0,0,1,1,2->3,0,0,creation,3,11,1
67,15,2,2,"2,3",2MP:5;3FS:1;3MS:4,1,1,two_verbs,0,1,1,0,1,0,1,1,3->2,1,0,creation,10,25,1
67,16,3,3,"2,3",2MP:3;3FS:2;3MS:1,1,1,two_verbs,0,1,1,0,1,0,1,1,2->3,1,0,creation,6,17,1
67,17,2,2,"1,2,3",1S:1;2MP:5;3MS:1,2,1,two_verbs,1,1,1,1,1,1,1,1,3->2,2,0,,7,19,1
67,18,3,3,"1,3",1S:1;3MP:1;3MS:2,1,0,,1,0,1,0,0,1,1,1,2->3,0,0,,4,13,1
67,19,3,3,3,3FP:3;3MP:3;3MS:2,0,0,,0,0,1,0,0,0,0,0,,0,0,mercy,8,26,1
67,20,3,3,"2,3",2MP:2;3MS:2,1,1,verb_plus_indep_pron,0,1,1,0,1,0,0,0,,0,0,mercy,4,20,1
67,21,3,3,"2,3",2MP:1;3MP:2;3MS:3,1,0,,0,1,1,0,1,0,0,0,,0,0,,6,17,1
67,22,3,3,3,3MS:3,0,0,,0,0,1,0,0,0,0,0,,0,0,,3,16,1
67,23,2,2,"2,3",2MP:4;2MS:1;3MS:3,1,1,two_verbs,0,1,1,0,1,0,1,1,3->2,2,0,,8,21,1
67,24,2,2,"2,3",2MP:3;2MS:1;3MS:3,1,1,two_verbs,0,1,1,0,1,0,0,0,,2,0,creation,7,13,1
67,25,2,2,"2,3",2MP:2;3MP:2,1,1,two_verbs,0,1,1,0,1,0,0,0,,1,0,,4,11,1
67,26,2,2,"1,2",1S:1;2MS:1,1,1,verb_plus_indep_pron,1,1,0,1,0,0,0,0,,0,0,revelation,2,13,1
67,27,3,3,"2,3",2MP:4;3FS:1;3MP:4;3MS:3,1,1,two_verbs,0,1,1,0,1,0,1,1,2->3,1,1,,12,21,1
67,28,3,3,"1,2,3",1P:1;1S:2;2MP:2;2MS:1;3MS:3,2,1,two_verbs,1,1,1,1,1,1,0,0,,1,0,"judgment,mercy",9,23,1
67,29,1,1,"1,2,3",1P:4;2MP:2;2MS:1;3MS:4,2,1,two_verbs,1,1,1,1,1,1,1,1,3->1,2,0,mercy,11,22,1
67,30,2,2,"2,3",2MP:4;2MS:1;3MS:2,1,1,two_verbs,0,1,1,0,1,0,1,1,1->2,1,0,creation,7,16,1
68,1,3,3,3,3MP:2,0,0,,0,0,1,0,0,0,0,0,,0,0,,2,8,1
68,2,2,2,2,2MS:2,0,0,,0,1,0,0,0,0,1,1,3->2,0,0,,2,8,0
68,3,2,2,2,2MS:1,0,0,,0,1,0,0,0,0,0,0,,0,0,judgment,1,8,0
68,4,2,2,2,2MS:1,0,0,,0,1,0,0,0,0,0,0,,0,0,,1,7,0
68,5,3,3,"2,3",2MS:1;3MP:2,1,1,two_verbs,0,1,1,0,1,0,1,1,2->3,1,0,,3,6,1
68,6,2,2,2,2MP:1,0,0,,0,1,0,0,0,0,1,1,3->2,0,0,,1,5,0
68,7,3,3,"2,3",2MS:1;3MS:4,1,0,,0,1,1,0,1,0,1,1,2->3,0,0,,5,17,1
68,8,2,2,2,2MS:1,0,0,,0,1,0,0,0,0,1,1,3->2,0,0,,1,5,1
68,9,3,3,"2,3",2MS:1;3MP:4,1,1,two_verbs,0,1,1,0,1,0,1,1,2->3,2,0,,5,7,1
68,10,2,2,2,2MS:1,0,0,,0,1,0,0,0,0,1,1,3->2,0,0,,1,6,1
68,11,,3,,,0,0,,0,0,0,0,0,0,1,1,2->3,0,0,,0,4,0
68,12,,3,,,0,0,,0,0,0,0,0,0,0,0,,0,0,,0,6,0
68,13,,3,,,0,0,,0,0,0,0,0,0,0,0,,0,0,,0,4,0
68,14,3,3,3,3MS:1,0,0,,0,0,1,0,0,0,0,0,,0,0,,1,6,1
68,15,3,3,"1,3",1P:1;3FS:1;3MS:2,1,0,,1,0,1,0,0,1,0,0,,0,0,,4,10,1
68,16,1,1,"1,3",1P:1;3MS:1,1,0,,1,0,1,0,0,1,1,1,3->1,0,0,,2,6,1
68,17,1,1,"1,3",1P:5;3FS:1;3MP:4,1,1,two_verbs,1,0,1,0,0,1,0,0,,1,0,,10,20,1
68,18,3,3,3,3MP:2,0,0,,0,0,1,0,0,0,1,1,1->3,0,0,,2,4,1
68,19,3,3,"2,3",2MS:1;3FS:1;3MP:1;3MS:1,1,0,,0,1,1,0,1,0,0,0,,0,0,,4,11,1
68,20,3,3,3,3FS:1,0,0,,0,0,1,0,0,0,0,0,,0,0,,1,5,1
68,21,3,3,3,3MP:2,0,0,,0,0,1,0,0,0,0,0,,0,0,,2,4,1
68,22,2,2,2,2MP:5,0,0,,0,1,0,0,0,0,1,1,3->2,0,0,,5,10,1
68,23,3,3,3,3MP:5,0,0,,0,0,1,0,0,0,1,1,2->3,0,0,,5,7,1
68,24,3,3,"2,3",2MP:1;3FS:1;3MS:1,1,0,,0,1,1,0,1,0,0,0,,0,0,,3,10,1
68,25,3,3,3,3MP:2,0,0,,0,0,1,0,0,0,0,0,,0,0,,2,6,1
68,26,3,3,"1,3",1P:1;3FS:1;3MP:4,1,0,,1,0,1,0,0,1,0,0,,0,1,,6,11,1
68,27,1,1,1,1P:1,0,0,,1,0,0,0,0,0,1,1,3->1,0,0,,1,3,0
68,28,2,2,"1,2,3",1S:1;2MP:3;3MP:1;3MS:1,2,1,two_verbs,1,1,1,1,1,1,1,1,1->2,2,1,,6,11,1
68,29,1,1,"1,3",1P:4;3MP:2,1,1,two_verbs,1,0,1,0,0,1,1,1,2->1,1,1,,6,10,1
68,30,3,3,3,3MP:3;3MS:1,0,0,,0,0,1,0,0,0,1,1,1->3,0,0,,4,8,1
68,31,1,1,"1,3",1P:4;3MP:2,1,1,two_verbs,1,0,1,0,0,1,1,1,3->1,1,1,,6,10,1
68,32,3,3,"1,3",1P:4;3FS:1;3MS:2,1,0,,1,0,1,0,0,1,1,1,1->3,0,0,,7,15,1
68,33,3,3,3,3MP:4,0,0,,0,0,1,0,0,0,0,0,,0,0,judgment,4,15,1
68,34,3,3,3,3MP:1,0,0,,0,0,1,0,0,0,0,0,,0,0,,1,10,0
68,35,1,1,1,1P:1,0,0,,1,0,0,0,0,0,1,1,3->1,0,0,,1,8,1
68,36,2,2,2,2MP:3,0,0,,0,1,0,0,0,0,1,1,1->2,0,0,,3,6,1
68,37,2,2,"2,3",2MP:3;3MS:1,1,0,,0,1,1,0,1,0,0,0,,0,0,revelation,4,8,1
68,38,2,2,"2,3",2MP:3;3MS:1,1,0,,0,1,1,0,1,0,0,0,,0,0,,4,9,1
68,39,2,2,"1,2",1P:1;2MP:4,1,0,,1,1,0,1,0,0,0,0,,0,0,judgment,5,18,1
68,40,2,2,"2,3",2MS:1;3MP:2,1,0,,0,1,1,0,1,0,0,0,,0,0,,3,7,1
68,41,3,3,3,3MP:6,0,0,,0,0,1,0,0,0,1,1,2->3,0,0,oneness,6,15,1
68,42,3,3,3,3MP:4;3MS:1,0,0,,0,0,1,0,0,0,0,0,,0,0,,5,14,1
68,43,3,3,3,3FS:1;3MP:7,0,0,,0,0,1,0,0,0,0,0,,0,0,,8,18,1
68,44,3,3,"1,2,3",1P:1;1S:1;2MS:1;3MP:3;3MS:1,2,1,two_verbs,1,1,1,1,1,1,0,0,,3,0,judgment,7,18,1
68,45,1,1,"1,3",1S:2;3MP:1,1,1,verb_plus_indep_pron,1,0,1,0,0,1,1,1,3->1,0,0,,3,8,1
68,46,2,2,"2,3",2MS:1;3MP:2,1,1,verb_plus_indep_pron,0,1,1,0,1,0,1,1,1->2,0,0,law,3,9,1
68,47,3,3,3,3MP:4,0,0,,0,0,1,0,0,0,1,1,2->3,0,0,,4,9,1
68,48,2,2,"2,3",2MS:3;3MS:2,1,1,two_verbs,0,1,1,0,1,0,1,1,3->2,1,0,,5,18,1
68,49,3,3,3,3MS:5,0,0,,0,0,1,0,0,0,1,1,2->3,0,0,,5,16,1
68,50,3,3,3,3MS:5,0,0,,0,0,1,0,0,0,0,0,,0,0,,5,11,1
68,51,3,3,"2,3",2MS:1;3MP:9;3MS:2,1,0,,0,1,1,0,1,0,0,0,,0,0,,12,25,1
68,52,3,3,3,3MS:1,0,0,,0,0,1,0,0,0,0,0,,0,0,,1,8,0
69,1,,3,,,0,0,,0,0,0,0,0,0,0,0,,0,0,,0,2,0
69,2,,3,,,0,0,,0,0,0,0,0,0,0,0,,0,0,,0,3,0
69,3,3,3,"2,3",2MS:1;3MS:1,1,0,,0,1,1,0,1,0,0,0,,0,0,,2,7,1
69,4,3,3,3,3FS:1,0,0,,0,0,1,0,0,0,0,0,,0,0,prophets,1,7,1
69,5,3,3,3,3MP:2,0,0,,0,0,1,0,0,0,0,0,,0,0,prophets,2,9,1
69,6,3,3,3,3MP:2,0,0,,0,0,1,0,0,0,0,0,,0,0,prophets,2,10,1
69,7,3,3,"2,3",2MS:1;3FS:2;3MP:2;3MS:1,1,1,two_verbs,0,1,1,0,1,0,0,0,,1,0,,6,22,1
69,8,2,2,"2,3",2MS:1;3MP:1,1,1,verb_plus_indep_pron,0,1,1,0,1,0,1,1,3->2,0,0,,2,7,1
69,9,3,3,3,3MS:2,0,0,,0,0,1,0,0,0,1,1,2->3,0,0,prophets,2,13,1
69,10,3,3,3,3MP:4;3MS:1,0,0,,0,0,1,0,0,0,0,0,,0,0,revelation,5,11,1
69,11,1,1,"1,2,3",1P:3;2MP:1;3MS:1,2,1,two_verbs,1,1,1,1,1,1,1,1,3->1,1,0,,5,12,1
69,12,3,3,"1,2,3",1P:1;2MP:1;3FS:3,2,1,two_verbs,1,1,1,1,1,1,1,1,1->3,1,0,,5,11,1
69,13,3,3,3,3MS:1,0,0,,0,0,1,0,0,0,0,0,,0,0,,1,8,1
69,14,3,3,3,3FD:2;3FS:1,0,0,,0,0,1,0,0,0,0,0,,0,0,creation,3,12,1
69,15,3,3,3,3FS:1,0,0,,0,0,1,0,0,0,0,0,,0,0,,1,5,1
69,16,3,3,3,3FS:2,0,0,,0,0,1,0,0,0,0,0,,0,0,,2,8,1
69,17,3,3,"2,3",2MS:1;3FS:1;3MP:1;3MS:1,1,0,,0,1,1,0,1,0,0,0,,0,0,,4,15,1
69,18,2,2,2,2MP:3;2MS:1,0,0,,0,1,0,0,0,0,1,1,3->2,0,0,,4,8,1
69,19,3,3,"1,2,3",1S:1;2MP:2;3MS:4,2,1,two_verbs,1,1,1,1,1,1,1,1,2->3,1,1,,7,16,1
69,20,1,1,1,1S:5,0,0,,1,0,0,0,0,0,1,1,3->1,0,0,,5,9,1
69,21,3,3,3,3MS:1,0,0,,0,0,1,0,0,0,1,1,1->3,0,0,,1,5,0
69,22,,3,,,0,0,,0,0,0,0,0,0,0,0,,0,0,,0,3,0
69,23,3,3,3,3FS:1,0,0,,0,0,1,0,0,0,0,0,,0,0,,1,3,0
69,24,2,2,2,2MP:6,0,0,,0,1,0,0,0,0,1,1,3->2,0,0,,6,15,1
69,25,3,3,"1,3",1S:1;3FS:1;3MS:5,1,0,,1,0,1,0,0,1,1,1,2->3,0,1,,7,18,1
69,26,1,1,1,1S:2,0,0,,1,0,0,0,0,0,1,1,3->1,0,0,,2,6,1
69,27,3,3,3,3FS:2,0,0,,0,0,1,0,0,0,1,1,1->3,0,0,,2,6,1
69,28,1,1,"1,3",1S:2;3MS:1,1,0,,1,0,1,0,0,1,1,1,3->1,0,0,,3,6,1
69,29,1,1,"1,3",1S:2;3MS:1,1,0,,1,0,1,0,0,1,0,0,,0,0,,3,5,1
69,30,2,2,"2,3",2MP:4;3MS:2,1,0,,0,1,1,0,1,0,1,1,1->2,0,1,,6,7,1
69,31,2,2,"2,3",2MP:2;3MS:1,1,0,,0,1,1,0,1,0,0,0,,0,0,,3,6,1
69,32,2,2,"2,3",2MP:2;3FS:1;3MS:1,1,0,,0,1,1,0,1,0,0,0,,0,0,,4,11,1
69,33,3,3,3,3MS:3,0,0,,0,0,1,0,0,0,1,1,2->3,0,0,,3,9,1
69,34,3,3,3,3MS:1,0,0,,0,0,1,0,0,0,0,0,,0,0,,1,7,1
69,35,3,3,3,3MS:2,0,0,,0,0,1,0,0,0,0,0,,0,0,,2,9,1
69,36,,3,,,0,0,,0,0,0,0,0,0,0,0,,0,0,,0,6,0
69,37,3,3,3,3MS:2,0,0,,0,0,1,0,0,0,0,0,,0,0,,2,6,1
69,38,2,2,"1,2",1S:1;2MP:2,1,1,two_verbs,1,1,0,1,0,0,1,1,3->2,1,0,,3,7,1
69,39,2,2,2,2MP:2,0,0,,0,1,0,0,0,0,0,0,,0,0,,2,5,1
69,40,3,3,3,3MS:1,0,0,,0,0,1,0,0,0,1,1,2->3,0,0,revelation,1,6,0
69,41,2,2,"2,3",2MP:2;3MS:1,1,1,verb_plus_indep_pron,0,1,1,0,1,0,1,1,3->2,0,0,,3,10,1
69,42,2,2,2,2MP:2,0,0,,0,1,0,0,0,0,0,0,,0,0,,2,9,1
69,43,,3,,,0,0,,0,0,0,0,0,0,1,1,2->3,0,0,revelation,0,5,0
69,44,3,3,"1,3",1P:1;3MS:1,1,0,,1,0,1,0,0,1,0,0,,0,0,,2,8,1
69,45,1,1,"1,3",1P:2;3MS:1,1,0,,1,0,1,0,0,1,1,1,3->1,0,0,,3,8,1
69,46,1,1,"1,3",1P:2;3MS:1,1,0,,1,0,1,0,0,1,0,0,,0,0,,3,8,1
69,47,2,2,"2,3",2MP:1;3MS:1,1,0,,0,1,1,0,1,0,1,1,1->2,0,0,,2,9,0
69,48,3,3,3,3MS:1,0,0,,0,0,1,0,0,0,1,0,2->3,0,0,,1,8,0
69,49,1,1,"1,2",1P:2;2MP:1,1,0,,1,1,0,1,0,0,1,1,3->1,0,0,,3,9,1
69,50,3,3,3,3MS:1,0,0,,0,0,1,0,0,0,1,1,1->3,0,0,,1,8,0
69,51,3,3,3,3MS:1,0,0,,0,0,1,0,0,0,0,0,,0,0,,1,7,0
69,52,2,2,2,2MS:2,0,0,,0,1,0,0,0,0,1,1,3->2,0,0,,2,8,1
70,1,3,3,3,3MS:1,0,0,,0,0,1,0,0,0,0,0,,0,0,judgment,1,5,1
70,2,3,3,3,3MS:2,0,0,,0,0,1,0,0,0,0,0,,0,0,,2,7,1
70,3,,3,,,0,0,,0,0,0,0,0,0,0,0,,0,0,,0,5,0
70,4,3,3,3,3FS:1;3MS:3,0,0,,0,0,1,0,0,0,0,0,,0,0,,4,16,1
70,5,2,2,2,2MS:1,0,0,,0,1,0,0,0,0,1,1,3->2,0,0,,1,4,1
70,6,3,3,3,3MP:3;3MS:1,0,0,,0,0,1,0,0,0,1,1,2->3,0,0,,4,6,1
70,7,1,1,"1,3",1P:1;3MS:1,1,0,,1,0,1,0,0,1,1,1,3->1,0,0,,2,4,1
70,8,3,3,3,3FS:1,0,0,,0,0,1,0,0,0,1,1,1->3,0,0,creation,1,7,1
70,9,3,3,3,3FS:1,0,0,,0,0,1,0,0,0,0,0,,0,0,,1,7,1
70,10,3,3,3,3MS:1,0,0,,0,0,1,0,0,0,0,0,,0,0,,1,5,1
70,11,3,3,3,3MP:3;3MS:3,0,0,,0,0,1,0,0,0,0,0,,0,0,judgment,6,14,1
70,12,3,3,3,3MS:2,0,0,,0,0,1,0,0,0,0,0,,0,0,,2,6,0
70,13,3,3,3,3FS:1;3MS:2,0,0,,0,0,1,0,0,0,0,0,,0,0,,3,6,1
70,14,3,3,3,3MS:2,0,0,,0,0,1,0,0,0,0,0,,0,0,creation,2,9,1
70,15,3,3,3,3FS:1,0,0,,0,0,1,0,0,0,0,0,,0,0,judgment,1,4,0
70,16,,3,,,0,0,,0,0,0,0,0,0,0,0,,0,0,,0,4,0
70,17,3,3,3,3FS:1;3MS:2,0,0,,0,0,1,0,0,0,0,0,,0,0,,3,5,1
70,18,3,3,3,3MS:2,0,0,,0,0,1,0,0,0,0,0,,0,0,,2,4,1
70,19,3,3,3,3MS:1,0,0,,0,0,1,0,0,0,0,0,,0,0,creation,1,5,1
70,20,3,3,3,3MS:2,0,0,,0,0,1,0,0,0,0,0,,0,0,,2,6,1
70,21,3,3,3,3MS:2,0,0,,0,0,1,0,0,0,0,0,,0,0,,2,7,1
70,22,,3,,,0,0,,0,0,0,0,0,0,0,0,,0,0,prayer,0,3,0
70,23,3,3,3,3MP:2,0,0,,0,0,1,0,0,0,0,0,,0,0,prayer,2,6,0
70,24,3,3,3,3MP:1,0,0,,0,0,1,0,0,0,0,0,,0,0,,1,7,0
70,25,,3,,,0,0,,0,0,0,0,0,0,0,0,,0,0,,0,6,0
70,26,3,3,3,3MP:2,0,0,,0,0,1,0,0,0,0,0,,0,0,judgment,2,8,1
70,27,3,3,3,3MP:2,0,0,,0,0,1,0,0,0,0,0,,0,0,judgment,2,8,0
70,28,3,3,3,3MP:1,0,0,,0,0,1,0,0,0,0,0,,0,0,judgment,1,6,0
70,29,3,3,3,3MP:2,0,0,,0,0,1,0,0,0,0,0,,0,0,,2,7,0
70,30,3,3,3,3FS:1;3MP:3,0,0,,0,0,1,0,0,0,0,0,,0,0,,4,14,1
70,31,3,3,3,3MP:1;3MS:1,0,0,,0,0,1,0,0,0,0,0,,0,0,,2,10,1
70,32,3,3,3,3MP:3,0,0,,0,0,1,0,0,0,0,0,,0,0,,3,10,0
70,33,3,3,3,3MP:2,0,0,,0,0,1,0,0,0,0,0,,0,0,,2,7,0
70,34,3,3,3,3MP:4,0,0,,0,0,1,0,0,0,0,0,,0,0,prayer,4,8,1
70,35,,3,,,0,0,,0,0,0,0,0,0,0,0,,0,0,,0,4,0
70,36,3,3,"2,3",2MS:1;3MP:2,1,0,,0,1,1,0,1,0,0,0,,0,0,,3,9,1
70,37,,3,,,0,0,,0,0,0,0,0,0,0,0,,0,0,,0,8,0
70,38,3,3,3,3MP:1;3MS:2,0,0,,0,0,1,0,0,0,0,0,,0,0,,3,10,1
70,39,1,1,"1,3",1P:3;3MP:3,1,1,two_verbs,1,0,1,0,0,1,1,1,3->1,1,0,creation,6,10,1
70,40,1,1,1,1P:1;1S:1,0,0,,1,0,0,0,0,0,0,0,,0,0,,2,14,1
70,41,1,1,"1,3",1P:2;3MP:1,1,0,,1,0,1,0,0,1,0,0,,0,0,,3,11,1
70,42,3,3,"2,3",2MS:1;3MP:10,1,1,two_verbs,0,1,1,0,1,0,1,1,1->3,1,0,,11,16,1
70,43,3,3,3,3MP:5,0,0,,0,0,1,0,0,0,0,0,,0,0,oneness,5,13,1
70,44,3,3,3,3FS:1;3MP:6,0,0,,0,0,1,0,0,0,0,0,,0,0,,7,14,1
71,1,1,1,"1,2,3",1P:3;2MS:2;3MP:1;3MS:2,2,1,two_verbs,1,1,1,1,1,1,0,0,,2,0,"judgment,prophets",8,19,1
71,2,1,1,"1,2,3",1S:2;2MP:1;3MS:1,2,1,verb_plus_indep_pron,1,1,1,1,1,1,0,0,,0,1,revelation,4,10,1
71,3,2,2,"1,2,3",1S:1;2MP:6;3MS:1,2,0,,1,1,1,1,1,1,1,1,1->2,0,0,,8,12,1
71,4,2,2,"2,3",2MP:7;3MS:4,1,1,two_verbs,0,1,1,0,1,0,0,0,,1,0,mercy,11,24,1
71,5,1,1,"1,3",1S:5;3MS:1,1,1,two_verbs,1,0,1,0,0,1,1,1,2->1,1,1,,6,12,1
71,6,3,3,"1,3",1S:1;3MP:1;3MS:1,1,0,,1,0,1,0,0,1,1,1,1->3,0,0,,3,8,1
71,7,3,3,"1,2,3",1S:3;2MS:1;3MP:13,2,1,two_verbs,1,1,1,1,1,1,0,0,,2,0,mercy,17,30,1
71,8,1,1,"1,3",1S:3;3MP:1,1,0,,1,0,1,0,0,1,1,1,3->1,0,0,,4,7,1
71,9,1,1,"1,3",1S:5;3MP:2,1,1,verb_plus_indep_pron,1,0,1,0,0,1,0,0,,0,0,,7,13,1
71,10,2,2,"1,2,3",1S:2;2MP:3;3MS:2,2,1,two_verbs,1,1,1,1,1,1,1,1,1->2,2,1,,7,11,1
71,11,3,3,"2,3",2MP:1;3MS:1,1,0,,0,1,1,0,1,0,1,1,2->3,0,0,creation,2,6,1
71,12,3,3,"2,3",2MP:3;3MS:3,1,1,verb_plus_indep_pron,0,1,1,0,1,0,0,0,,0,0,,6,17,1
71,13,2,2,2,2MP:3,0,0,,0,1,0,0,0,0,1,1,3->2,0,0,,3,9,1
71,14,3,3,"2,3",2MP:1;3MS:1,1,0,,0,1,1,0,1,0,1,1,2->3,0,0,creation,2,5,1
71,15,2,2,"2,3",2MP:2;3MS:1,1,1,two_verbs,0,1,1,0,1,0,1,1,3->2,1,0,creation,3,10,1
71,16,3,3,3,3FP:1;3MS:2,0,0,,0,0,1,0,0,0,1,1,2->3,0,0,creation,3,12,1
71,17,3,3,"2,3",2MP:1;3MS:1,1,0,,0,1,1,0,1,0,0,0,,0,0,creation,2,8,1
71,18,3,3,"2,3",2MP:2;3FS:1;3MS:2,1,0,,0,1,1,0,1,0,0,0,,0,0,,5,9,1
71,19,3,3,"2,3",2MP:1;3MS:1,1,1,verb_plus_indep_pron,0,1,1,0,1,0,0,0,,0,0,creation,2,8,1
71,20,2,2,"2,3",2MP:2;3FS:1,1,0,,0,1,1,0,1,0,1,1,3->2,0,0,,3,7,1
71,21,3,3,"1,3",1S:2;3MP:5;3MS:5,1,0,,1,0,1,0,0,1,1,1,2->3,0,1,prophets,12,23,1
71,22,3,3,3,3MP:2,0,0,,0,0,1,0,0,0,0,0,,0,0,,2,5,1
71,23,2,2,"2,3",2MP:3;3MP:2,1,1,two_verbs,0,1,1,0,1,0,1,1,3->2,1,1,,5,23,1
71,24,3,3,"2,3",2MS:1;3MP:2,1,1,two_verbs,0,1,1,0,1,0,1,1,2->3,1,0,,3,12,1
71,25,3,3,3,3MP:8,0,0,,0,0,1,0,0,0,0,0,,0,0,judgment,8,20,1
71,26,2,2,"1,2,3",1S:1;2MS:1;3MS:1,2,1,two_verbs,1,1,1,1,1,1,1,1,3->2,1,1,"creation,prophets",3,14,1
71,27,3,3,"2,3",2MS:3;3MP:5,1,1,two_verbs,0,1,1,0,1,0,1,1,2->3,1,0,,8,16,1
71,28,2,2,"1,2,3",1S:4;2MS:2;3MS:1,2,1,two_verbs,1,1,1,1,1,1,1,1,3->2,2,0,mercy,7,30,1
72,1,3,3,"1,2,3",1P:3;1S:1;2MS:1;3MP:2;3MS:3,2,1,two_verbs,1,1,1,1,1,1,0,0,,2,1,revelation,10,20,1
72,2,1,1,"1,3",1P:4;3MS:2,1,1,two_verbs,1,0,1,0,0,1,1,1,3->1,1,0,,6,16,1
72,3,3,3,"1,3",1P:1;3MS:3,1,0,,1,0,1,0,0,1,1,1,1->3,0,0,,4,13,1
72,4,3,3,"1,3",1P:1;3MS:3,1,0,,1,0,1,0,0,1,0,0,,0,0,,4,10,1
72,5,1,1,"1,3",1P:3;3FS:1,1,1,two_verbs,1,0,1,0,0,1,1,1,3->1,1,0,,4,16,1
72,6,3,3,3,3MP:5;3MS:2,0,0,,0,0,1,0,0,0,1,1,1->3,0,0,,7,20,1
72,7,3,3,"2,3",2MP:2;3MP:3;3MS:1,1,1,two_verbs,0,1,1,0,1,0,0,0,,2,0,revelation,6,14,1
72,8,1,1,"1,3",1P:5;3FS:2,1,1,two_verbs,1,0,1,0,0,1,1,1,3->1,1,0,,7,16,1
72,9,1,1,"1,3",1P:4;3FS:1;3MS:3,1,1,two_verbs,1,0,1,0,0,1,0,0,,1,0,,8,22,1
72,10,3,3,"1,3",1P:2;3MP:2;3MS:2,1,1,two_verbs,1,0,1,0,0,1,1,1,1->3,1,0,creation,6,20,1
72,11,1,1,1,1P:5,0,0,,1,0,0,0,0,0,1,1,3->1,0,0,,5,16,1
72,12,1,1,"1,3",1P:5;3MS:1,1,0,,1,0,1,0,0,1,0,0,,0,0,creation,6,17,1
72,13,1,1,"1,3",1P:5;3MS:4,1,1,two_verbs,1,0,1,0,0,1,0,0,,1,0,,9,25,1
72,14,3,3,"1,3",1P:3;3MP:2;3MS:1,1,0,,1,0,1,0,0,1,1,1,1->3,0,0,,6,20,1
72,15,3,3,3,3MP:2,0,0,,0,0,1,0,0,0,0,0,,0,0,judgment,2,10,1
72,16,3,3,"1,3",1P:2;3MP:3,1,1,two_verbs,1,0,1,0,0,1,0,0,,1,0,revelation,5,14,1
72,17,3,3,"1,3",1P:1;3MP:1;3MS:5,1,1,two_verbs,1,0,1,0,0,1,0,0,,1,0,judgment,7,16,1
72,18,2,2,2,2MP:2,0,0,,0,1,0,0,0,0,1,1,3->2,0,0,revelation,2,13,1
72,19,3,3,3,3MP:4;3MS:5,0,0,,0,0,1,0,0,0,1,1,2->3,0,0,,9,16,1
72,20,1,1,"1,2,3",1S:3;2MS:1;3MS:1,2,1,two_verbs,1,1,1,1,1,1,1,1,3->1,1,0,,5,12,1
72,21,2,2,"1,2",1S:2;2MP:1;2MS:1,1,1,two_verbs,1,1,0,1,0,0,1,1,1->2,1,0,,4,11,1
72,22,1,1,"1,2,3",1S:3;2MS:1;3MS:2,2,1,two_verbs,1,1,1,1,1,1,1,1,2->1,2,0,oneness,6,16,1
72,23,3,3,3,3FS:1;3MS:4,0,0,,0,0,1,0,0,0,1,1,1->3,0,0,"judgment,revelation",5,24,1
72,24,3,3,3,3MP:6,0,0,,0,0,1,0,0,0,0,0,,0,0,,6,17,1
72,25,2,2,"1,2,3",1S:2;2MP:2;2MS:1;3MS:2,2,1,two_verbs,1,1,1,1,1,1,1,1,3->2,3,0,,7,15,1
72,26,3,3,3,3MS:2,0,0,,0,0,1,0,0,0,1,1,2->3,0,0,,2,10,1
72,27,3,3,3,3MS:5,0,0,,0,0,1,0,0,0,0,0,,0,0,revelation,5,18,1
72,28,3,3,3,3MP:4;3MS:3,0,0,,0,0,1,0,0,0,0,0,,0,0,,7,20,1
73,1,,3,,,0,0,,0,0,0,0,0,0,0,0,,0,0,,0,4,0
73,2,2,2,2,2MS:1,0,0,,0,1,0,0,0,0,1,1,3->2,0,0,,1,5,1
73,3,2,2,"2,3",2MS:1;3MS:2,1,0,,0,1,1,0,1,0,0,0,,0,0,,3,7,1
73,4,2,2,"2,3",2MS:2;3MS:1,1,0,,0,1,1,0,1,0,0,0,,0,0,revelation,3,9,1
73,5,1,1,"1,2",1P:2;2MS:1,1,0,,1,1,0,1,0,0,1,1,2->1,0,0,,3,8,1
73,6,3,3,3,3FS:1,0,0,,0,0,1,0,0,0,1,1,1->3,0,0,,1,10,0
73,7,2,2,2,2MS:1,0,0,,0,1,0,0,0,0,1,0,3->2,0,0,,1,8,0
73,8,2,2,"2,3",2MS:3;3MS:1,1,0,,0,1,1,0,1,0,0,0,,0,0,,4,10,1
73,9,2,2,"2,3",2MS:1;3MS:2,1,1,verb_plus_indep_pron,0,1,1,0,1,0,0,0,,0,0,oneness,3,14,1
73,10,2,2,"2,3",2MS:2;3MP:3,1,1,two_verbs,0,1,1,0,1,0,0,0,,2,0,,5,11,1
73,11,2,2,"1,2,3",1S:1;2MS:2;3MP:1,2,0,,1,1,1,1,1,1,0,0,,0,0,,4,13,1
73,12,1,1,1,1P:1,0,0,,1,0,0,0,0,0,1,1,2->1,0,0,judgment,1,6,0
73,13,,3,,,0,0,,0,0,0,0,0,0,1,0,1->3,0,0,judgment,0,7,0
73,14,3,3,3,3FS:2,0,0,,0,0,1,0,0,0,0,0,,0,0,creation,2,13,1
73,15,1,1,"1,2",1P:5;2MP:2,1,0,,1,1,0,1,0,0,1,1,3->1,0,0,"revelation,law,prophets",7,17,1
73,16,1,1,"1,3",1P:2;3MS:2,1,1,two_verbs,1,0,1,0,0,1,0,0,,1,0,"revelation,prophets",4,11,1
73,17,2,2,"2,3",2MP:4;3MS:1,1,1,two_verbs,0,1,1,0,1,0,1,1,1->2,1,0,,5,12,1
73,18,3,3,3,3MS:3,0,0,,0,0,1,0,0,0,1,1,2->3,0,0,,3,9,1
73,19,3,3,3,3MS:3,0,0,,0,0,1,0,0,0,0,0,,0,0,,3,11,1
73,20,2,2,"2,3",2MP:21;2MS:4;3MP:6;3MS:14,1,1,two_verbs,0,1,1,0,1,0,1,1,3->2,9,0,"judgment,mercy,revelation,law,prayer",45,126,1
74,1,,3,,,0,0,,0,0,0,0,0,0,0,0,,0,0,,0,4,0
74,2,2,2,2,2MS:2,0,0,,0,1,0,0,0,0,1,1,3->2,0,0,,2,3,1
74,3,2,2,2,2MS:2,0,0,,0,1,0,0,0,0,0,0,,0,0,,2,5,1
74,4,2,2,2,2MS:2,0,0,,0,1,0,0,0,0,0,0,,0,0,,2,5,1
74,5,2,2,2,2MS:1,0,0,,0,1,0,0,0,0,0,0,,0,0,,1,5,1
74,6,2,2,2,2MS:2,0,0,,0,1,0,0,0,0,0,0,,0,0,,2,4,1
74,7,2,2,2,2MS:2,0,0,,0,1,0,0,0,0,0,0,,0,0,,2,6,1
74,8,3,3,3,3MS:1,0,0,,0,0,1,0,0,0,1,1,2->3,0,0,,1,6,1
74,9,,3,,,0,0,,0,0,0,0,0,0,0,0,,0,0,,0,5,0
74,10,,3,,,0,0,,0,0,0,0,0,0,0,0,,0,0,,0,5,0
74,11,1,1,"1,2",1S:3;2MS:1,1,1,two_verbs,1,1,0,1,0,0,1,1,3->1,1,0,creation,4,7,1
74,12,1,1,"1,3",1S:2;3MS:1,1,1,verb_plus_indep_pron,1,0,1,0,0,1,0,0,,0,0,,3,7,1
74,13,,3,,,0,0,,0,0,0,0,0,0,1,1,1->3,0,0,,0,3,0
74,14,1,1,"1,3",1S:2;3MS:1,1,1,verb_plus_indep_pron,1,0,1,0,0,1,1,1,3->1,0,0,,3,6,1
74,15,1,1,"1,3",1S:1;3MS:1,1,1,two_verbs,1,0,1,0,0,1,0,0,,1,0,,2,4,1
74,16,3,3,"1,3",1P:1;3MS:2,1,0,,1,0,1,0,0,1,1,1,1->3,0,0,,3,8,1
74,17,1,1,"1,3",1S:1;3MS:1,1,0,,1,0,1,0,0,1,1,1,3->1,0,0,judgment,2,4,1
74,18,3,3,3,3MS:3,0,0,,0,0,1,0,0,0,1,1,1->3,0,0,,3,5,1
74,19,3,3,3,3MS:2,0,0,,0,0,1,0,0,0,0,0,,0,0,,2,4,1
74,20,3,3,3,3MS:2,0,0,,0,0,1,0,0,0,0,0,,0,0,,2,4,1
74,21,3,3,3,3MS:1,0,0,,0,0,1,0,0,0,0,0,,0,0,,1,2,1
74,22,3,3,3,3MS:2,0,0,,0,0,1,0,0,0,0,0,,0,0,,2,4,1
74,23,3,3,3,3MS:2,0,0,,0,0,1,0,0,0,0,0,,0,0,,2,4,1
74,24,3,3,3,3MS:2,0,0,,0,0,1,0,0,0,0,0,,0,1,,2,7,1
74,25,,3,,,0,0,,0,0,0,0,0,0,0,0,,0,0,,0,6,0
74,26,1,1,"1,3",1S:1;3MS:1,1,0,,1,0,1,0,0,1,1,1,3->1,0,0,,2,4,1
74,27,3,3,"2,3",2MS:1;3MS:1,1,0,,0,1,1,0,1,0,1,1,1->3,0,0,,2,6,1
74,28,3,3,3,3FS:2,0,0,,0,0,1,0,0,0,0,0,,0,0,,2,5,1
74,29,,3,,,0,0,,0,0,0,0,0,0,0,0,,0,0,,0,4,0
74,30,3,3,3,3FS:1,0,0,,0,0,1,0,0,0,0,0,,0,0,,1,4,0
74,31,3,3,"1,2,3",1P:4;2MS:1;3FS:1;3MP:10;3MS:11,2,1,two_verbs,1,1,1,1,1,1,0,0,,1,1,"oneness,judgment,revelation",27,88,1
74,32,,3,,,0,0,,0,0,0,0,0,0,0,0,,0,0,creation,0,4,0
74,33,3,3,3,3MS:1,0,0,,0,0,1,0,0,0,0,0,,0,0,,1,5,1
74,34,3,3,3,3MS:1,0,0,,0,0,1,0,0,0,0,0,,0,0,,1,5,1
74,35,3,3,3,3FS:1,0,0,,0,0,1,0,0,0,0,0,,0,0,judgment,1,6,0
74,36,,3,,,0,0,,0,0,0,0,0,0,0,0,,0,0,,0,4,0
74,37,3,3,"2,3",2MP:1;3MS:3,1,0,,0,1,1,0,1,0,0,0,,0,0,,4,9,1
74,38,3,3,3,3FS:1,0,0,,0,0,1,0,0,0,0,0,,0,0,,1,6,1
74,39,,3,,,0,0,,0,0,0,0,0,0,0,0,,0,0,,0,4,0
74,40,3,3,3,3MP:2,0,0,,0,0,1,0,0,0,0,0,,0,0,,2,4,1
74,41,,3,,,0,0,,0,0,0,0,0,0,0,0,,0,0,,0,3,0
74,42,3,3,"2,3",2MP:1;3MS:1,1,0,,0,1,1,0,1,0,0,0,,0,0,,2,5,1
74,43,3,3,"1,3",1P:1;3MP:2,1,1,two_verbs,1,0,1,0,0,1,0,0,,1,1,,3,7,1
74,44,1,1,1,1P:2,0,0,,1,0,0,0,0,0,1,1,3->1,0,0,,2,6,1
74,45,1,1,1,1P:3,0,0,,1,0,0,0,0,0,0,0,,0,0,,3,7,1
74,46,1,1,1,1P:3,0,0,,1,0,0,0,0,0,0,0,,0,0,judgment,3,8,1
74,47,3,3,"1,3",1P:1;3MS:1,1,0,,1,0,1,0,0,1,1,1,1->3,0,0,,2,5,1
74,48,3,3,3,3FS:1;3MP:1,0,0,,0,0,1,0,0,0,0,0,,0,0,,2,7,1
74,49,3,3,3,3MP:1,0,0,,0,0,1,0,0,0,0,0,,0,0,,1,8,0
74,50,3,3,3,3MP:1,0,0,,0,0,1,0,0,0,0,0,,0,0,,1,4,0
74,51,3,3,3,3FS:1,0,0,,0,0,1,0,0,0,0,0,,0,0,,1,3,1
74,52,3,3,3,3MP:1;3MS:2,0,0,,0,0,1,0,0,0,0,0,,0,0,,3,10,1
74,53,3,3,3,3MP:2,0,0,,0,0,1,0,0,0,0,0,,0,0,,2,7,1
74,54,3,3,3,3MS:1,0,0,,0,0,1,0,0,0,0,0,,0,0,,1,4,0
74,55,3,3,3,3MS:3,0,0,,0,0,1,0,0,0,0,0,,0,0,,3,5,1
74,56,3,3,3,3MP:2;3MS:2,0,0,,0,0,1,0,0,0,0,0,,0,0,,4,16,1
75,1,1,1,1,1S:1,0,0,,1,0,0,0,0,0,0,0,,0,0,judgment,1,6,1
75,2,1,1,1,1S:1,0,0,,1,0,0,0,0,0,0,0,,0,0,,1,8,1
75,3,3,3,"1,3",1P:1;3MS:2,1,1,two_verbs,1,0,1,0,0,1,1,1,1->3,1,0,,3,9,1
75,4,1,1,"1,3",1P:1;3MS:1,1,0,,1,0,1,0,0,1,1,1,3->1,0,0,,2,7,1
75,5,3,3,3,3MS:3,0,0,,0,0,1,0,0,0,1,1,1->3,0,0,,3,8,1
75,6,3,3,3,3MS:1,0,0,,0,0,1,0,0,0,0,0,,0,0,judgment,1,5,1
75,7,3,3,3,3MS:1,0,0,,0,0,1,0,0,0,0,0,,0,0,,1,5,1
75,8,3,3,3,3MS:1,0,0,,0,0,1,0,0,0,0,0,,0,0,creation,1,4,1
75,9,3,3,3,3MS:1,0,0,,0,0,1,0,0,0,0,0,,0,0,creation,1,7,1
75,10,3,3,3,3MS:1,0,0,,0,0,1,0,0,0,0,0,,0,1,,1,7,1
75,11,,3,,,0,0,,0,0,0,0,0,0,0,0,,0,0,,0,3,0
75,12,2,2,2,2MS:1,0,0,,0,1,0,0,0,0,1,0,3->2,0,0,,1,6,0
75,13,3,3,3,3MS:3,0,0,,0,0,1,0,0,0,1,1,2->3,0,0,judgment,3,9,1
75,14,3,3,3,3MS:1,0,0,,0,0,1,0,0,0,0,0,,0,0,law,1,7,0
75,15,3,3,3,3MS:2,0,0,,0,0,1,0,0,0,0,0,,0,0,,2,5,1
75,16,2,2,"2,3",2MS:3;3MS:2,1,1,verb_plus_indep_pron,0,1,1,0,1,0,1,1,3->2,0,0,,5,10,1
75,17,3,3,"1,3",1P:1;3MS:2,1,0,,1,0,1,0,0,1,1,1,2->3,0,0,,3,8,0
75,18,1,1,"1,2,3",1P:2;2MS:1;3MS:2,2,1,two_verbs,1,1,1,1,1,1,1,1,3->1,1,0,,5,9,1
75,19,1,1,"1,3",1P:1;3MS:1,1,0,,1,0,1,0,0,1,0,0,,0,0,,2,6,0
75,20,2,2,2,2MP:2,0,0,,0,1,0,0,0,0,1,1,1->2,0,0,,2,6,1
75,21,2,2,2,2MP:2,0,0,,0,1,0,0,0,0,0,0,,0,0,,2,5,1
75,22,,3,,,0,0,,0,0,0,0,0,0,1,1,2->3,0,0,,0,3,0
75,23,3,3,3,3FS:1,0,0,,0,0,1,0,0,0,0,0,,0,0,,1,4,0
75,24,,3,,,0,0,,0,0,0,0,0,0,0,0,,0,0,,0,4,0
75,25,3,3,3,3FS:2;3MS:1,0,0,,0,0,1,0,0,0,0,0,,0,0,,3,6,1
75,26,3,3,3,3FS:1,0,0,,0,0,1,0,0,0,0,0,,0,0,,1,5,1
75,27,3,3,3,3MS:1,0,0,,0,0,1,0,0,0,0,0,,0,1,,1,4,1
75,28,3,3,3,3MS:2,0,0,,0,0,1,0,0,0,0,0,,0,0,,2,6,1
75,29,3,3,3,3FS:1,0,0,,0,0,1,0,0,0,0,0,,0,0,,1,7,1
75,30,2,2,2,2MS:1,0,0,,0,1,0,0,0,0,1,1,3->2,0,0,,1,6,0
75,31,3,3,3,3MS:2,0,0,,0,0,1,0,0,0,1,1,2->3,0,0,,2,6,1
75,32,3,3,3,3MS:2,0,0,,0,0,1,0,0,0,0,0,,0,0,,2,5,1
75,33,3,3,3,3MS:3,0,0,,0,0,1,0,0,0,0,0,,0,0,,3,6,1
75,34,2,2,2,2MS:1,0,0,,0,1,0,0,0,0,1,1,3->2,0,0,,1,5,0
75,35,2,2,2,2MS:1,0,0,,0,1,0,0,0,0,0,0,,0,0,,1,6,0
75,36,3,3,3,3MS:2,0,0,,0,0,1,0,0,0,1,1,2->3,0,0,,2,7,1
75,37,3,3,3,3MS:2,0,0,,0,0,1,0,0,0,0,0,,0,0,,2,7,1
75,38,3,3,3,3MS:3,0,0,,0,0,1,0,0,0,0,0,,0,0,creation,3,7,1
75,39,3,3,3,3MS:2,0,0,,0,0,1,0,0,0,0,0,,0,0,,2,11,1
75,40,3,3,3,3MS:2,0,0,,0,0,1,0,0,0,0,0,,0,0,,2,10,1
76,1,3,3,3,3MS:2,0,0,,0,0,1,0,0,0,0,0,,0,0,,2,13,1
76,2,1,1,"1,3",1P:6;3MS:2,1,0,,1,0,1,0,0,1,1,1,3->1,0,0,creation,8,17,1
76,3,1,1,"1,3",1P:3;3MS:1,1,0,,1,0,1,0,0,1,0,0,,0,0,,4,12,1
76,4,1,1,1,1P:3,0,0,,1,0,0,0,0,0,0,0,,0,0,,3,12,1
76,5,3,3,3,3FS:1;3MP:2;3MS:1,0,0,,0,0,1,0,0,0,1,1,1->3,0,0,,4,11,1
76,6,3,3,3,3FS:2;3MP:2;3MS:1,0,0,,0,0,1,0,0,0,0,0,,0,0,,5,10,1
76,7,3,3,3,3MP:4;3MS:2,0,0,,0,0,1,0,0,0,0,0,,0,0,,6,13,1
76,8,3,3,3,3MP:2;3MS:1,0,0,,0,0,1,0,0,0,0,0,,0,0,,3,13,1
76,9,1,1,"1,2",1P:2;2MP:2,1,0,,1,1,0,1,0,0,1,1,3->1,0,0,judgment,4,15,1
76,10,1,1,1,1P:3,0,0,,1,0,0,0,0,0,0,0,,0,0,,3,9,1
76,11,3,3,3,3MP:2;3MS:2,0,0,,0,0,1,0,0,0,1,1,1->3,0,0,,4,14,1
76,12,3,3,3,3MP:3;3MS:1,0,0,,0,0,1,0,0,0,0,0,,0,0,judgment,4,10,1
76,13,3,3,3,3FS:2;3MP:2,0,0,,0,0,1,0,0,0,0,0,,0,0,creation,4,15,1
76,14,3,3,3,3FS:3;3MP:1,0,0,,0,0,1,0,0,0,0,0,,0,0,,4,11,1
76,15,3,3,3,3FS:1;3MP:1;3MS:1,0,0,,0,0,1,0,0,0,0,0,,0,0,creation,3,12,1
76,16,3,3,3,3FS:1;3MP:2,0,0,,0,0,1,0,0,0,0,0,,0,0,,3,7,1
76,17,3,3,3,3FS:2;3MP:2;3MS:1,0,0,,0,0,1,0,0,0,0,0,,0,0,,5,10,1
76,18,3,3,3,3FS:2,0,0,,0,0,1,0,0,0,0,0,,0,0,judgment,2,5,1
76,19,2,2,"2,3",2MS:4;3MP:3;3MS:1,1,1,two_verbs,0,1,1,0,1,0,1,1,3->2,1,0,,8,15,1
76,20,2,2,2,2MS:4,0,0,,0,1,0,0,0,0,0,0,,0,0,judgment,4,11,1
76,21,3,3,3,3MP:5;3MS:1,0,0,,0,0,1,0,0,0,1,1,2->3,0,0,,6,20,1
76,22,3,3,"2,3",2MP:2;3MS:2,1,1,verb_plus_indep_pron,0,1,1,0,1,0,0,0,,0,1,judgment,4,11,1
76,23,1,1,"1,2",1P:4;2MS:1,1,0,,1,1,0,1,0,0,1,1,3->1,0,0,revelation,5,10,1
76,24,2,2,"2,3",2MS:3;3MP:1,1,0,,0,1,1,0,1,0,1,1,1->2,0,0,,4,14,1
76,25,2,2,2,2MS:2,0,0,,0,1,0,0,0,0,0,0,,0,0,prayer,2,8,1
76,26,2,2,"2,3",2MS:2;3MS:2,1,1,verb_plus_indep_pron,0,1,1,0,1,0,0,0,,0,0,prayer,4,13,1
76,27,3,3,3,3MP:5,0,0,,0,0,1,0,0,0,1,1,2->3,0,0,,5,13,1
76,28,1,1,"1,3",1P:9;3MP:3,1,0,,1,0,1,0,0,1,1,1,3->1,0,0,creation,12,18,1
76,29,3,3,3,3MS:3,0,0,,0,0,1,0,0,0,1,1,1->3,0,0,,3,11,1
76,30,3,3,"2,3",2MP:2;3MS:2,1,1,two_verbs,0,1,1,0,1,0,0,0,,1,0,,4,13,1
76,31,3,3,3,3MP:1;3MS:4,0,0,,0,0,1,0,0,0,0,0,,0,0,"judgment,mercy",5,14,1
77,1,,3,,,0,0,,0,0,0,0,0,0,0,0,,0,0,,0,4,0
77,2,,3,,,0,0,,0,0,0,0,0,0,0,0,,0,0,,0,4,0
77,3,,3,,,0,0,,0,0,0,0,0,0,0,0,,0,0,,0,4,0
77,4,,3,,,0,0,,0,0,0,0,0,0,0,0,,0,0,,0,4,0
77,5,,3,,,0,0,,0,0,0,0,0,0,0,0,,0,0,,0,4,0
77,6,,3,,,0,0,,0,0,0,0,0,0,0,0,,0,0,,0,3,0
77,7,2,2,2,2MP:2,0,0,,0,1,0,0,0,0,1,1,3->2,0,0,,2,6,1
77,8,3,3,3,3FS:1,0,0,,0,0,1,0,0,0,1,1,2->3,0,0,creation,1,5,1
77,9,3,3,3,3FS:1,0,0,,0,0,1,0,0,0,0,0,,0,0,,1,5,1
77,10,3,3,3,3FS:1,0,0,,0,0,1,0,0,0,0,0,,0,0,,1,5,1
77,11,3,3,3,3FS:1,0,0,,0,0,1,0,0,0,0,0,,0,0,,1,5,1
77,12,3,3,3,3FS:1,0,0,,0,0,1,0,0,0,0,0,,0,0,,1,4,1
77,13,,3,,,0,0,,0,0,0,0,0,0,0,0,,0,0,judgment,0,4,0
77,14,3,3,"2,3",2MS:1;3MS:1,1,0,,0,1,1,0,1,0,0,0,,0,0,judgment,2,8,1
77,15,,3,,,0,0,,0,0,0,0,0,0,0,0,,0,0,,0,5,0
77,16,1,1,1,1P:1,0,0,,1,0,0,0,0,0,1,1,3->1,0,0,,1,5,1
77,17,1,1,"1,3",1P:1;3MP:1,1,0,,1,0,1,0,0,1,0,0,,0,0,,2,5,1
77,18,1,1,1,1P:1,0,0,,1,0,0,0,0,0,0,0,,0,0,,1,6,1
77,19,,3,,,0,0,,0,0,0,0,0,0,1,1,1->3,0,0,,0,5,0
77,20,1,1,"1,2",1P:1;2MP:1,1,0,,1,1,0,1,0,0,1,1,3->1,0,0,creation,2,7,1
77,21,1,1,"1,3",1P:2;3MS:1,1,0,,1,0,1,0,0,1,0,0,,0,0,,3,7,1
77,22,,3,,,0,0,,0,0,0,0,0,0,1,1,1->3,0,0,,0,3,0
77,23,1,1,"1,3",1P:2;3MS:1,1,1,two_verbs,1,0,1,0,0,1,1,1,3->1,1,0,,3,7,1
77,24,,3,,,0,0,,0,0,0,0,0,0,1,1,1->3,0,0,,0,5,0
77,25,1,1,1,1P:1,0,0,,1,0,0,0,0,0,1,1,3->1,0,0,creation,1,6,1
77,26,,3,,,0,0,,0,0,0,0,0,0,1,1,1->3,0,0,,0,3,0
77,27,1,1,"1,2,3",1P:4;2MP:1;3FS:1,2,0,,1,1,1,1,1,1,1,1,3->1,0,0,,6,13,1
77,28,,3,,,0,0,,0,0,0,0,0,0,1,1,1->3,0,0,,0,5,0
77,29,2,2,"2,3",2MP:6;3MS:1,1,1,verb_plus_indep_pron,0,1,1,0,1,0,1,1,3->2,0,0,,7,10,1
77,30,2,2,2,2MP:2,0,0,,0,1,0,0,0,0,0,0,,0,0,,2,7,1
77,31,3,3,3,3MS:1,0,0,,0,0,1,0,0,0,1,1,2->3,0,0,,1,8,1
77,32,3,3,3,3FS:2,0,0,,0,0,1,0,0,0,0,0,,0,0,,2,8,1
77,33,3,3,3,3MS:1,0,0,,0,0,1,0,0,0,0,0,,0,0,,1,4,0
77,34,,3,,,0,0,,0,0,0,0,0,0,0,0,,0,0,,0,5,0
77,35,3,3,3,3MP:2,0,0,,0,0,1,0,0,0,0,0,,0,0,,2,5,1
77,36,3,3,3,3MP:3;3MS:1,0,0,,0,0,1,0,0,0,0,0,,0,0,,4,8,1
77,37,,3,,,0,0,,0,0,0,0,0,0,0,0,,0,0,,0,5,0
77,38,1,1,"1,2",1P:2;2MP:1,1,0,,1,1,0,1,0,0,1,1,3->1,0,0,judgment,3,10,1
77,39,2,2,"1,2,3",1S:1;2MP:3;3MS:1,2,1,two_verbs,1,1,1,1,1,1,1,1,1->2,1,0,,5,10,1
77,40,,3,,,0,0,,0,0,0,0,0,0,1,1,2->3,0,0,,0,5,0
77,41,,3,,,0,0,,0,0,0,0,0,0,0,0,,0,0,,0,7,0
77,42,3,3,3,3MP:2,0,0,,0,0,1,0,0,0,0,0,,0,0,,2,6,1
77,43,2,2,2,2MP:8,0,0,,0,1,0,0,0,0,1,1,3->2,0,0,,8,12,1
77,44,1,1,1,1P:2,0,0,,1,0,0,0,0,0,1,1,2->1,0,0,judgment,2,7,1
77,45,,3,,,0,0,,0,0,0,0,0,0,1,1,1->3,0,0,,0,5,0
77,46,2,2,2,2MP:5,0,0,,0,1,0,0,0,0,1,1,3->2,0,0,,5,9,1
77,47,,3,,,0,0,,0,0,0,0,0,0,1,1,2->3,0,0,,0,5,0
77,48,3,3,"2,3",2MP:2;3MP:3;3MS:1,1,1,two_verbs,0,1,1,0,1,0,0,0,,2,1,prayer,6,10,1
77,49,,3,,,0,0,,0,0,0,0,0,0,0,0,,0,0,,0,5,0
77,50,3,3,3,3MP:2;3MS:1,0,0,,0,0,1,0,0,0,0,0,,0,0,,3,8,1
78,1,3,3,3,3MP:2,0,0,,0,0,1,0,0,0,0,0,,0,0,,2,4,1
78,2,,3,,,0,0,,0,0,0,0,0,0,0,0,,0,0,,0,5,0
78,3,3,3,3,3MP:1;3MS:1,0,0,,0,0,1,0,0,0,0,0,,0,0,,2,5,0
78,4,3,3,3,3MP:2,0,0,,0,0,1,0,0,0,0,0,,0,0,,2,4,1
78,5,3,3,3,3MP:2,0,0,,0,0,1,0,0,0,0,0,,0,0,,2,5,1
78,6,1,1,1,1P:1,0,0,,1,0,0,0,0,0,1,1,3->1,0,0,creation,1,6,1
78,7,,3,,,0,0,,0,0,0,0,0,0,1,1,1->3,0,0,,0,4,0
78,8,1,1,"1,2",1P:2;2MP:1,1,0,,1,1,0,1,0,0,1,1,3->1,0,0,creation,3,5,1
78,9,1,1,"1,2",1P:2;2MP:1,1,0,,1,1,0,1,0,0,0,0,,0,0,,3,6,1
78,10,1,1,1,1P:2,0,0,,1,0,0,0,0,0,0,0,,0,0,,2,6,1
78,11,1,1,1,1P:2,0,0,,1,0,0,0,0,0,0,0,,0,0,,2,6,1
78,12,1,1,"1,2",1P:2;2MP:1,1,0,,1,1,0,1,0,0,0,0,,0,0,creation,3,7,1
78,13,1,1,1,1P:2,0,0,,1,0,0,0,0,0,0,0,,0,0,,2,5,1
78,14,1,1,1,1P:2,0,0,,1,0,0,0,0,0,0,0,,0,0,revelation,2,8,1
78,15,1,1,"1,3",1P:1;3MS:1,1,1,verb_plus_indep_pron,1,0,1,0,0,1,0,0,,0,0,,2,7,1
78,16,,3,,,0,0,,0,0,0,0,0,0,1,1,1->3,0,0,,0,3,0
78,17,3,3,3,3MS:1,0,0,,0,0,1,0,0,0,0,0,,0,0,judgment,1,6,1
78,18,2,2,"2,3",2MP:2;3MS:1,1,1,two_verbs,0,1,1,0,1,0,1,1,3->2,1,0,,3,9,1
78,19,3,3,3,3FS:2,0,0,,0,0,1,0,0,0,1,1,2->3,0,0,,2,7,1
78,20,3,3,3,3FS:2,0,0,,0,0,1,0,0,0,0,0,,0,0,,2,7,1
78,21,3,3,3,3FS:1,0,0,,0,0,1,0,0,0,0,0,,0,0,judgment,1,4,1
78,22,,3,,,0,0,,0,0,0,0,0,0,0,0,,0,0,,0,4,0
78,23,3,3,3,3FS:1,0,0,,0,0,1,0,0,0,0,0,,0,0,,1,4,0
78,24,3,3,3,3FS:1;3MP:2,0,0,,0,0,1,0,0,0,0,0,,0,0,,3,9,1
78,25,,3,,,0,0,,0,0,0,0,0,0,0,0,,0,0,,0,4,0
78,26,,3,,,0,0,,0,0,0,0,0,0,0,0,,0,0,judgment,0,2,0
78,27,3,3,3,3MP:5,0,0,,0,0,1,0,0,0,0,0,,0,0,,5,8,1
78,28,3,3,"1,3",1P:1;3MP:2,1,0,,1,0,1,0,0,1,0,0,,0,0,,3,7,1
78,29,1,1,"1,3",1P:2;3MS:1,1,0,,1,0,1,0,0,1,1,1,3->1,0,0,,3,7,1
78,30,2,2,"1,2",1P:1;2MP:3,1,1,two_verbs,1,1,0,1,0,0,1,1,1->2,1,0,judgment,4,9,1
78,31,,3,,,0,0,,0,0,0,0,0,0,1,1,2->3,0,0,,0,5,0
78,32,,3,,,0,0,,0,0,0,0,0,0,0,0,,0,0,,0,3,0
78,33,,3,,,0,0,,0,0,0,0,0,0,0,0,,0,0,,0,3,0
78,34,,3,,,0,0,,0,0,0,0,0,0,0,0,,0,0,,0,3,0
78,35,3,3,3,3FS:1;3MP:2,0,0,,0,0,1,0,0,0,0,0,,0,0,,3,9,1
78,36,2,2,2,2MS:1,0,0,,0,1,0,0,0,0,1,1,3->2,0,0,judgment,1,6,0
78,37,3,3,3,3D:1;3MP:2;3MS:1,0,0,,0,0,1,0,0,0,1,1,2->3,0,0,"mercy,creation",4,18,1
78,38,3,3,3,3MP:2;3MS:4,0,0,,0,0,1,0,0,0,0,0,,0,1,mercy,6,21,1
78,39,3,3,3,3MS:3,0,0,,0,0,1,0,0,0,0,0,,0,0,,3,13,1
78,40,1,1,"1,2,3",1P:3;1S:3;2MP:1;3FS:1;3MS:3,2,1,two_verbs,1,1,1,1,1,1,1,1,3->1,2,1,judgment,11,25,1
79,1,,3,,,0,0,,0,0,0,0,0,0,0,0,,0,0,,0,4,0
79,2,,3,,,0,0,,0,0,0,0,0,0,0,0,,0,0,,0,4,0
79,3,,3,,,0,0,,0,0,0,0,0,0,0,0,,0,0,,0,4,0
79,4,,3,,,0,0,,0,0,0,0,0,0,0,0,,0,0,,0,4,0
79,5,,3,,,0,0,,0,0,0,0,0,0,0,0,,0,0,,0,4,0
79,6,3,3,3,3FS:1,0,0,,0,0,1,0,0,0,0,0,,0,0,,1,4,1
79,7,3,3,3,3FS:2,0,0,,0,0,1,0,0,0,0,0,,0,0,,2,4,1
79,8,,3,,,0,0,,0,0,0,0,0,0,0,0,,0,0,,0,3,0
79,9,3,3,3,3FS:1,0,0,,0,0,1,0,0,0,0,0,,0,0,,1,3,0
79,10,3,3,"1,3",1P:1;3MP:2,1,0,,1,0,1,0,0,1,0,0,,0,0,,3,10,1
79,11,1,1,1,1P:2,0,0,,1,0,0,0,0,0,1,1,3->1,0,0,,2,6,1
79,12,3,3,3,3MP:2,0,0,,0,0,1,0,0,0,1,1,1->3,0,0,,2,6,1
79,13,3,3,3,3FS:1,0,0,,0,0,1,0,0,0,0,0,,0,0,,1,6,0
79,14,3,3,3,3MP:1,0,0,,0,0,1,0,0,0,0,0,,0,0,creation,1,6,0
79,15,3,3,"2,3",2MS:1;3MS:1,1,0,,0,1,1,0,1,0,0,0,,0,0,prophets,2,5,1
79,16,3,3,3,3MS:3,0,0,,0,0,1,0,0,0,0,0,,0,0,,3,11,1
79,17,3,3,"2,3",2MS:1;3MS:2,1,1,two_verbs,0,1,1,0,1,0,0,0,,1,0,prophets,3,6,1
79,18,2,2,2,2MS:3,0,0,,0,1,0,0,0,0,1,1,3->2,0,0,,3,8,1
79,19,2,2,"1,2",1S:1;2MS:3,1,1,two_verbs,1,1,0,1,0,0,0,0,,1,0,,4,8,1
79,20,3,3,3,3MS:2,0,0,,0,0,1,0,0,0,1,1,2->3,0,0,,2,7,1
79,21,3,3,3,3MS:2,0,0,,0,0,1,0,0,0,0,0,,0,0,prophets,2,4,1
79,22,3,3,3,3MS:2,0,0,,0,0,1,0,0,0,0,0,,0,0,,2,3,1
79,23,3,3,3,3MS:2,0,0,,0,0,1,0,0,0,0,0,,0,0,,2,4,1
79,24,3,3,"1,2,3",1S:1;2MP:1;3MS:1,2,1,verb_plus_indep_pron,1,1,1,1,1,1,0,0,,0,1,,3,7,1
79,25,3,3,3,3MS:2,0,0,,0,0,1,0,0,0,0,0,,0,0,judgment,2,10,1
79,26,3,3,3,3MS:1,0,0,,0,0,1,0,0,0,0,0,,0,0,,1,8,1
79,27,3,3,"2,3",2MP:1;3FS:1;3MS:1,1,1,verb_plus_indep_pron,0,1,1,0,1,0,0,0,,0,0,,3,9,1
79,28,3,3,3,3FS:2;3MS:2,0,0,,0,0,1,0,0,0,0,0,,0,0,,4,6,1
79,29,3,3,3,3FS:2;3MS:2,0,0,,0,0,1,0,0,0,0,0,,0,0,,4,8,1
79,30,3,3,3,3FS:1;3MS:1,0,0,,0,0,1,0,0,0,0,0,,0,0,creation,2,7,1
79,31,3,3,3,3FS:3;3MS:1,0,0,,0,0,1,0,0,0,0,0,,0,0,,4,8,1
79,32,1,1,"1,3",1S:1;3FS:1,1,0,,1,0,1,0,0,1,1,1,3->1,0,0,,2,5,1
79,33,2,2,2,2MP:2,0,0,,0,1,0,0,0,0,1,1,1->2,0,0,,2,7,0
79,34,3,3,3,3FS:1,0,0,,0,0,1,0,0,0,1,1,2->3,0,0,,1,7,1
79,35,3,3,3,3MS:2,0,0,,0,0,1,0,0,0,0,0,,0,0,,2,6,1
79,36,3,3,3,3FS:1;3MS:1,0,0,,0,0,1,0,0,0,0,0,,0,0,,2,7,1
79,37,3,3,3,3MS:1,0,0,,0,0,1,0,0,0,0,0,,0,0,,1,4,1
79,38,3,3,3,3MS:1,0,0,,0,0,1,0,0,0,0,0,,0,0,,1,6,1
79,39,3,3,3,3FS:1,0,0,,0,0,1,0,0,0,0,0,,0,0,,1,7,0
79,40,3,3,3,3MS:3,0,0,,0,0,1,0,0,0,0,0,,0,0,law,3,14,1
79,41,3,3,3,3FS:1,0,0,,0,0,1,0,0,0,0,0,,0,0,judgment,1,7,0
79,42,3,3,"2,3",2MS:1;3FS:1;3MP:2,1,0,,0,1,1,0,1,0,0,0,,0,0,judgment,4,9,1
79,43,2,2,"2,3",2MS:1;3FS:1,1,0,,0,1,1,0,1,0,1,1,3->2,0,0,,2,6,0
79,44,2,2,"2,3",2MS:1;3FS:1,1,0,,0,1,1,0,1,0,0,0,,0,0,,2,5,0
79,45,3,3,"2,3",2MS:1;3FS:1;3MS:1,1,1,verb_plus_indep_pron,0,1,1,0,1,0,1,1,2->3,0,0,revelation,3,7,1
79,46,3,3,3,3FS:2;3MP:5,0,0,,0,0,1,0,0,0,0,0,,0,0,,7,14,1
80,1,3,3,3,3MS:2,0,0,,0,0,1,0,0,0,0,0,,0,0,,2,3,1
80,2,3,3,3,3MS:2,0,0,,0,0,1,0,0,0,0,0,,0,0,,2,5,1
80,3,3,3,"2,3",2MS:1;3MS:3,1,0,,0,1,1,0,1,0,0,0,,0,0,,4,7,1
80,4,3,3,3,3FS:1;3MS:2,0,0,,0,0,1,0,0,0,0,0,,0,0,,3,7,1
80,5,3,3,3,3MS:1,0,0,,0,0,1,0,0,0,0,0,,0,0,,1,3,1
80,6,2,2,"2,3",2MS:2;3MS:1,1,1,verb_plus_indep_pron,0,1,1,0,1,0,1,1,3->2,0,0,,3,5,1
80,7,3,3,"2,3",2MS:1;3MS:1,1,0,,0,1,1,0,1,0,1,1,2->3,0,0,,2,7,1
80,8,3,3,"2,3",2MS:1;3MS:2,1,0,,0,1,1,0,1,0,0,0,,0,0,,3,6,1
80,9,3,3,3,3MS:2,0,0,,0,0,1,0,0,0,0,0,,0,0,,2,3,1
80,10,3,3,"2,3",2MS:1;3MS:2,1,1,verb_plus_indep_pron,0,1,1,0,1,0,0,0,,0,0,,3,5,1
80,11,3,3,3,3FS:1,0,0,,0,0,1,0,0,0,0,0,,0,0,,1,4,0
80,12,3,3,3,3MS:3,0,0,,0,0,1,0,0,0,0,0,,0,0,,3,5,1
80,13,,3,,,0,0,,0,0,0,0,0,0,0,0,,0,0,,0,3,0
80,14,,3,,,0,0,,0,0,0,0,0,0,0,0,,0,0,,0,2,0
80,15,,3,,,0,0,,0,0,0,0,0,0,0,0,,0,0,revelation,0,3,0
80,16,,3,,,0,0,,0,0,0,0,0,0,0,0,,0,0,,0,2,0
80,17,3,3,3,3MS:3,0,0,,0,0,1,0,0,0,0,0,,0,0,,3,6,1
80,18,3,3,3,3MS:2,0,0,,0,0,1,0,0,0,0,0,,0,0,creation,2,5,1
80,19,3,3,3,3MS:4,0,0,,0,0,1,0,0,0,0,0,,0,0,creation,4,7,1
80,20,3,3,3,3MS:2,0,0,,0,0,1,0,0,0,0,0,,0,0,,2,5,1
80,21,3,3,3,3MS:4,0,0,,0,0,1,0,0,0,0,0,,0,0,,4,6,1
80,22,3,3,3,3MS:3,0,0,,0,0,1,0,0,0,0,0,,0,0,judgment,3,5,1
80,23,3,3,3,3MS:3,0,0,,0,0,1,0,0,0,0,0,,0,0,,3,6,1
80,24,3,3,3,3MS:2,0,0,,0,0,1,0,0,0,0,0,,0,0,,2,8,1
80,25,1,1,1,1P:3,0,0,,1,0,0,0,0,0,1,1,3->1,0,0,,3,7,1
80,26,1,1,1,1P:2,0,0,,1,0,0,0,0,0,0,0,,0,0,creation,2,6,1
80,27,1,1,"1,3",1P:2;3FS:1,1,0,,1,0,1,0,0,1,0,0,,0,0,,3,6,1
80,28,,3,,,0,0,,0,0,0,0,0,0,1,1,1->3,0,0,,0,4,0
80,29,,3,,,0,0,,0,0,0,0,0,0,0,0,,0,0,,0,4,0
80,30,,3,,,0,0,,0,0,0,0,0,0,0,0,,0,0,,0,3,0
80,31,,3,,,0,0,,0,0,0,0,0,0,0,0,,0,0,,0,4,0
80,32,2,2,2,2MP:2,0,0,,0,1,0,0,0,0,1,0,3->2,0,0,,2,7,0
80,33,3,3,3,3FS:1,0,0,,0,0,1,0,0,0,1,1,2->3,0,0,,1,5,1
80,34,3,3,3,3MS:2,0,0,,0,0,1,0,0,0,0,0,,0,0,,2,7,1
80,35,3,3,3,3MS:2,0,0,,0,0,1,0,0,0,0,0,,0,0,,2,6,0
80,36,3,3,3,3MS:2,0,0,,0,0,1,0,0,0,0,0,,0,0,,2,6,0
80,37,3,3,3,3MP:1;3MS:2,0,0,,0,0,1,0,0,0,0,0,,0,0,,3,9,1
80,38,,3,,,0,0,,0,0,0,0,0,0,0,0,,0,0,,0,3,0
80,39,,3,,,0,0,,0,0,0,0,0,0,0,0,,0,0,,0,2,0
80,40,3,3,3,3FS:1,0,0,,0,0,1,0,0,0,0,0,,0,0,,1,6,0
80,41,3,3,3,3FS:2,0,0,,0,0,1,0,0,0,0,0,,0,0,,2,3,1
80,42,3,3,3,3MP:1,0,0,,0,0,1,0,0,0,0,0,,0,0,,1,6,0
81,1,3,3,3,3FS:1,0,0,,0,0,1,0,0,0,0,0,,0,0,creation,1,4,1
81,2,3,3,3,3FS:1,0,0,,0,0,1,0,0,0,0,0,,0,0,creation,1,5,1
81,3,3,3,3,3FS:1,0,0,,0,0,1,0,0,0,0,0,,0,0,,1,5,1
81,4,3,3,3,3FS:1,0,0,,0,0,1,0,0,0,0,0,,0,0,,1,5,1
81,5,3,3,3,3FS:1,0,0,,0,0,1,0,0,0,0,0,,0,0,,1,5,1
81,6,3,3,3,3FS:1,0,0,,0,0,1,0,0,0,0,0,,0,0,,1,5,1
81,7,3,3,3,3FS:1,0,0,,0,0,1,0,0,0,0,0,,0,0,,1,5,1
81,8,3,3,3,3FS:1,0,0,,0,0,1,0,0,0,0,0,,0,0,,1,5,1
81,9,3,3,3,3FS:1,0,0,,0,0,1,0,0,0,0,0,,0,0,,1,4,1
81,10,3,3,3,3FS:1,0,0,,0,0,1,0,0,0,0,0,,0,0,,1,5,1
81,11,3,3,3,3FS:1,0,0,,0,0,1,0,0,0,0,0,,0,0,creation,1,5,1
81,12,3,3,3,3FS:1,0,0,,0,0,1,0,0,0,0,0,,0,0,,1,5,1
81,13,3,3,3,3FS:1,0,0,,0,0,1,0,0,0,0,0,,0,0,judgment,1,5,1
81,14,3,3,3,3FS:2,0,0,,0,0,1,0,0,0,0,0,,0,0,,2,4,1
81,15,1,1,1,1S:1,0,0,,1,0,0,0,0,0,1,1,3->1,0,0,creation,1,6,1
81,16,,3,,,0,0,,0,0,0,0,0,0,1,1,1->3,0,0,,0,4,0
81,17,3,3,3,3MS:1,0,0,,0,0,1,0,0,0,0,0,,0,0,,1,5,1
81,18,3,3,3,3MS:1,0,0,,0,0,1,0,0,0,0,0,,0,0,,1,5,1
81,19,3,3,3,3MS:1,0,0,,0,0,1,0,0,0,0,0,,0,0,revelation,1,6,0
81,20,,3,,,0,0,,0,0,0,0,0,0,0,0,,0,0,,0,7,0
81,21,,3,,,0,0,,0,0,0,0,0,0,0,0,,0,0,creation,0,3,0
81,22,2,2,2,2MP:1,0,0,,0,1,0,0,0,0,1,0,3->2,0,0,,1,6,0
81,23,3,3,3,3MS:2,0,0,,0,0,1,0,0,0,1,1,2->3,0,0,,2,10,1
81,24,3,3,3,3MS:1,0,0,,0,0,1,0,0,0,0,0,,0,0,,1,8,0
81,25,3,3,3,3MS:1,0,0,,0,0,1,0,0,0,0,0,,0,0,creation,1,7,0
81,26,2,2,2,2MP:2,0,0,,0,1,0,0,0,0,1,1,3->2,0,0,,2,4,1
81,27,3,3,3,3MS:1,0,0,,0,0,1,0,0,0,1,1,2->3,0,0,,1,7,0
81,28,3,3,"2,3",2MP:1;3MS:2,1,0,,0,1,1,0,1,0,0,0,,0,0,,3,7,1
81,29,2,2,"2,3",2MP:2;3MS:1,1,1,two_verbs,0,1,1,0,1,0,1,1,3->2,1,0,,3,11,1
82,1,3,3,3,3FS:1,0,0,,0,0,1,0,0,0,0,0,,0,0,creation,1,4,1
82,2,3,3,3,3FS:1,0,0,,0,0,1,0,0,0,0,0,,0,0,creation,1,5,1
82,3,3,3,3,3FS:1,0,0,,0,0,1,0,0,0,0,0,,0,0,,1,5,1
82,4,3,3,3,3FS:1,0,0,,0,0,1,0,0,0,0,0,,0,0,,1,5,1
82,5,3,3,3,3FS:3,0,0,,0,0,1,0,0,0,0,0,,0,0,,3,6,1
82,6,2,2,"2,3",2MS:2;3MS:1,1,0,,0,1,1,0,1,0,1,1,3->2,0,0,,3,12,1
82,7,3,3,"2,3",2MS:3;3MS:3,1,0,,0,1,1,0,1,0,1,1,2->3,0,0,creation,6,9,1
82,8,3,3,"2,3",2MS:1;3MS:2,1,0,,0,1,1,0,1,0,0,0,,0,0,,3,7,1
82,9,2,2,2,2MP:2,0,0,,0,1,0,0,0,0,1,1,3->2,0,0,judgment,2,7,1
82,10,2,2,2,2MP:1,0,0,,0,1,0,0,0,0,0,0,,0,0,,1,6,0
82,11,,3,,,0,0,,0,0,0,0,0,0,1,0,2->3,0,0,,0,2,0
82,12,2,2,"2,3",2MP:2;3MP:2,1,1,two_verbs,0,1,1,0,1,0,1,1,3->2,1,0,,4,5,1
82,13,,3,,,0,0,,0,0,0,0,0,0,1,1,2->3,0,0,,0,6,0
82,14,,3,,,0,0,,0,0,0,0,0,0,0,0,,0,0,,0,7,0
82,15,3,3,3,3FS:1;3MP:2,0,0,,0,0,1,0,0,0,0,0,,0,0,judgment,3,6,1
82,16,3,3,3,3FS:1;3MP:1,0,0,,0,0,1,0,0,0,0,0,,0,0,,2,7,0
82,17,3,3,"2,3",2MS:1;3MS:1,1,0,,0,1,1,0,1,0,0,0,,0,0,judgment,2,8,1
82,18,3,3,"2,3",2MS:1;3MS:1,1,0,,0,1,1,0,1,0,0,0,,0,0,judgment,2,8,1
82,19,3,3,3,3FS:1,0,0,,0,0,1,0,0,0,0,0,,0,0,,1,13,1
83,1,,3,,,0,0,,0,0,0,0,0,0,0,0,,0,0,,0,4,0
83,2,3,3,3,3MP:4,0,0,,0,0,1,0,0,0,0,0,,0,0,,4,9,1
83,3,3,3,3,3MP:8,0,0,,0,0,1,0,0,0,0,0,,0,0,,8,11,1
83,4,3,3,3,3MP:1;3MS:1,0,0,,0,0,1,0,0,0,0,0,,0,0,,2,7,1
83,5,,3,,,0,0,,0,0,0,0,0,0,0,0,,0,0,,0,3,0
83,6,3,3,3,3MS:1,0,0,,0,0,1,0,0,0,0,0,,0,0,,1,8,1
83,7,,3,,,0,0,,0,0,0,0,0,0,0,0,,0,0,,0,8,0
83,8,3,3,"2,3",2MS:1;3MS:1,1,0,,0,1,1,0,1,0,0,0,,0,0,,2,6,1
83,9,,3,,,0,0,,0,0,0,0,0,0,0,0,,0,0,,0,2,0
83,10,,3,,,0,0,,0,0,0,0,0,0,0,0,,0,0,,0,5,0
83,11,3,3,3,3MP:2,0,0,,0,0,1,0,0,0,0,0,,0,0,judgment,2,7,1
83,12,3,3,3,3MS:2,0,0,,0,0,1,0,0,0,0,0,,0,0,,2,9,1
83,13,3,3,"1,3",1P:1;3FS:1;3MS:2,1,0,,1,0,1,0,0,1,0,0,,0,0,,4,10,1
83,14,3,3,3,3MP:5;3MS:1,0,0,,0,0,1,0,0,0,0,0,,0,0,,6,11,1
83,15,3,3,3,3MP:2,0,0,,0,0,1,0,0,0,0,0,,0,0,,2,9,0
83,16,3,3,3,3MP:1,0,0,,0,0,1,0,0,0,0,0,,0,0,,1,7,0
83,17,2,2,"2,3",2MP:4;3MS:2,1,1,two_verbs,0,1,1,0,1,0,1,1,3->2,1,1,,6,10,1
83,18,,3,,,0,0,,0,0,0,0,0,0,1,1,2->3,0,0,,0,8,0
83,19,3,3,"2,3",2MS:1;3MS:1,1,0,,0,1,1,0,1,0,0,0,,0,0,,2,6,1
83,20,,3,,,0,0,,0,0,0,0,0,0,0,0,,0,0,,0,2,0
83,21,3,3,3,3MS:2,0,0,,0,0,1,0,0,0,0,0,,0,0,,2,4,1
83,22,,3,,,0,0,,0,0,0,0,0,0,0,0,,0,0,,0,6,0
83,23,3,3,3,3MP:2,0,0,,0,0,1,0,0,0,0,0,,0,0,,2,5,1
83,24,2,2,"2,3",2MS:1;3MP:1,1,0,,0,1,1,0,1,0,1,1,3->2,0,0,,2,7,1
83,25,3,3,3,3MP:2,0,0,,0,0,1,0,0,0,1,1,2->3,0,0,,2,5,1
83,26,3,3,3,3MS:2,0,0,,0,0,1,0,0,0,0,0,,0,0,,2,11,1
83,27,3,3,3,3MS:1,0,0,,0,0,1,0,0,0,0,0,,0,0,,1,5,0
83,28,3,3,3,3FS:1;3MS:1,0,0,,0,0,1,0,0,0,0,0,,0,0,,2,6,1
83,29,3,3,3,3MP:8,0,0,,0,0,1,0,0,0,0,0,,0,0,,8,12,1
83,30,3,3,3,3MP:5,0,0,,0,0,1,0,0,0,0,0,,0,0,,5,8,1
83,31,3,3,3,3MP:5,0,0,,0,0,1,0,0,0,0,0,,0,0,,5,10,1
83,32,3,3,3,3MP:5,0,0,,0,0,1,0,0,0,0,0,,0,0,,5,11,1
83,33,3,3,3,3MP:3,0,0,,0,0,1,0,0,0,0,0,,0,0,,3,7,1
83,34,3,3,3,3MP:4,0,0,,0,0,1,0,0,0,0,0,,0,0,,4,11,1
83,35,3,3,3,3MP:2,0,0,,0,0,1,0,0,0,0,0,,0,0,,2,5,1
83,36,3,3,3,3MP:4;3MS:1,0,0,,0,0,1,0,0,0,0,0,,0,0,,5,9,1
84,1,3,3,3,3FS:1,0,0,,0,0,1,0,0,0,0,0,,0,0,creation,1,4,1
84,2,3,3,3,3FS:3,0,0,,0,0,1,0,0,0,0,0,,0,0,,3,7,1
84,3,3,3,3,3FS:1,0,0,,0,0,1,0,0,0,0,0,,0,0,creation,1,5,1
84,4,3,3,3,3FS:3,0,0,,0,0,1,0,0,0,0,0,,0,0,,3,7,1
84,5,3,3,3,3FS:3,0,0,,0,0,1,0,0,0,0,0,,0,0,,3,7,1
84,6,2,2,"2,3",2MS:2;3MS:1,1,0,,0,1,1,0,1,0,1,1,3->2,0,0,,3,14,0
84,7,3,3,3,3MS:3,0,0,,0,0,1,0,0,0,1,1,2->3,0,0,,3,9,1
84,8,3,3,3,3MS:1,0,0,,0,0,1,0,0,0,0,0,,0,0,,1,5,1
84,9,3,3,3,3MS:2,0,0,,0,0,1,0,0,0,0,0,,0,0,,2,6,1
84,10,3,3,3,3MS:3,0,0,,0,0,1,0,0,0,0,0,,0,0,,3,9,1
84,11,3,3,3,3MS:1,0,0,,0,0,1,0,0,0,0,0,,0,0,,1,4,1
84,12,3,3,3,3MS:1,0,0,,0,0,1,0,0,0,0,0,,0,0,,1,3,1
84,13,3,3,3,3MS:3,0,0,,0,0,1,0,0,0,0,0,,0,0,,3,7,1
84,14,3,3,3,3MS:3,0,0,,0,0,1,0,0,0,0,0,,0,0,,3,6,1
84,15,3,3,3,3MS:3,0,0,,0,0,1,0,0,0,0,0,,0,0,,3,8,1
84,16,1,1,1,1S:1,0,0,,1,0,0,0,0,0,1,1,3->1,0,0,,1,6,1
84,17,3,3,3,3MS:1,0,0,,0,0,1,0,0,0,1,1,1->3,0,0,,1,6,1
84,18,3,3,3,3MS:1,0,0,,0,0,1,0,0,0,0,0,,0,0,creation,1,5,1
84,19,2,2,2,2MP:1,0,0,,0,1,0,0,0,0,1,1,3->2,0,0,,1,6,1
84,20,3,3,3,3MP:3,0,0,,0,0,1,0,0,0,1,1,2->3,0,0,,3,7,1
84,21,3,3,3,3MP:3;3MS:1,0,0,,0,0,1,0,0,0,0,0,,0,0,prayer,4,10,1
84,22,3,3,3,3MP:4,0,0,,0,0,1,0,0,0,0,0,,0,0,,4,6,1
84,23,3,3,3,3MP:2,0,0,,0,0,1,0,0,0,0,0,,0,0,,2,7,1
84,24,2,2,"2,3",2MS:1;3MP:1,1,0,,0,1,1,0,1,0,1,1,3->2,0,0,judgment,2,6,1
84,25,3,3,3,3MP:5,0,0,,0,0,1,0,0,0,1,1,2->3,0,0,judgment,5,14,1
85,1,,3,,,0,0,,0,0,0,0,0,0,0,0,,0,0,creation,0,6,0
85,2,,3,,,0,0,,0,0,0,0,0,0,0,0,,0,0,,0,5,0
85,3,,3,,,0,0,,0,0,0,0,0,0,0,0,,0,0,law,0,4,0
85,4,3,3,3,3MS:1,0,0,,0,0,1,0,0,0,0,0,,0,0,,1,4,1
85,5,,3,,,0,0,,0,0,0,0,0,0,0,0,,0,0,judgment,0,5,0
85,6,3,3,3,3FS:1;3MP:1,0,0,,0,0,1,0,0,0,0,0,,0,0,,2,5,0
85,7,3,3,3,3MP:3,0,0,,0,0,1,0,0,0,0,0,,0,0,,3,10,1
85,8,3,3,3,3MP:5,0,0,,0,0,1,0,0,0,0,0,,0,0,,5,16,1
85,9,3,3,3,3MS:1,0,0,,0,0,1,0,0,0,0,0,,0,0,"creation,law",1,15,0
85,10,3,3,3,3MP:6,0,0,,0,0,1,0,0,0,0,0,,0,0,judgment,6,24,1
85,11,3,3,3,3FS:2;3MP:5,0,0,,0,0,1,0,0,0,0,0,,0,0,,7,23,1
85,12,2,2,2,2MS:1,0,0,,0,1,0,0,0,0,1,1,3->2,0,0,,1,6,0
85,13,3,3,3,3MS:4,0,0,,0,0,1,0,0,0,1,1,2->3,0,0,,4,6,1
85,14,3,3,3,3MS:1,0,0,,0,0,1,0,0,0,0,0,,0,0,mercy,1,6,0
85,15,,3,,,0,0,,0,0,0,0,0,0,0,0,,0,0,,0,5,0
85,16,3,3,3,3MS:1,0,0,,0,0,1,0,0,0,0,0,,0,0,,1,4,1
85,17,3,3,"2,3",2MS:1;3MS:1,1,0,,0,1,1,0,1,0,0,0,,0,0,,2,6,1
85,18,,3,,,0,0,,0,0,0,0,0,0,0,0,,0,0,prophets,0,3,0
85,19,3,3,3,3MP:2,0,0,,0,0,1,0,0,0,0,0,,0,0,,2,6,1
85,20,3,3,3,3MP:1,0,0,,0,0,1,0,0,0,0,0,,0,0,,1,6,0
85,21,3,3,3,3MS:1,0,0,,0,0,1,0,0,0,0,0,,0,0,,1,4,0
85,22,,3,,,0,0,,0,0,0,0,0,0,0,0,,0,0,,0,3,0
86,1,,3,,,0,0,,0,0,0,0,0,0,0,0,,0,0,creation,0,6,0
86,2,3,3,"2,3",2MS:1;3MS:1,1,0,,0,1,1,0,1,0,0,0,,0,0,,2,7,1
86,3,,3,,,0,0,,0,0,0,0,0,0,0,0,,0,0,,0,4,0
86,4,3,3,3,3FS:1,0,0,,0,0,1,0,0,0,0,0,,0,0,,1,7,0
86,5,3,3,3,3MS:2,0,0,,0,0,1,0,0,0,0,0,,0,0,creation,2,8,1
86,6,3,3,3,3MS:1,0,0,,0,0,1,0,0,0,0,0,,0,0,creation,1,4,1
86,7,3,3,3,3MS:1,0,0,,0,0,1,0,0,0,0,0,,0,0,,1,8,1
86,8,3,3,3,3MS:2,0,0,,0,0,1,0,0,0,0,0,,0,0,,2,7,0
86,9,3,3,3,3FS:1,0,0,,0,0,1,0,0,0,0,0,,0,0,,1,4,1
86,10,3,3,3,3MS:1,0,0,,0,0,1,0,0,0,0,0,,0,0,,1,9,0
86,11,,3,,,0,0,,0,0,0,0,0,0,0,0,,0,0,creation,0,6,0
86,12,,3,,,0,0,,0,0,0,0,0,0,0,0,,0,0,creation,0,6,0
86,13,3,3,3,3MS:1,0,0,,0,0,1,0,0,0,0,0,,0,0,,1,5,0
86,14,3,3,3,3MS:1,0,0,,0,0,1,0,0,0,0,0,,0,0,,1,6,0
86,15,3,3,3,3MP:3,0,0,,0,0,1,0,0,0,0,0,,0,0,,3,5,1
86,16,1,1,1,1S:1,0,0,,1,0,0,0,0,0,1,1,3->1,0,0,,1,3,1
86,17,2,2,"2,3",2MS:2;3MP:1,1,0,,0,1,1,0,1,0,1,1,1->2,0,0,,3,7,1
87,1,2,2,2,2MS:2,0,0,,0,1,0,0,0,0,0,0,,0,0,,2,6,1
87,2,3,3,3,3MS:2,0,0,,0,0,1,0,0,0,1,1,2->3,0,0,creation,2,4,1
87,3,3,3,3,3MS:2,0,0,,0,0,1,0,0,0,0,0,,0,0,,2,5,1
87,4,3,3,3,3MS:1,0,0,,0,0,1,0,0,0,0,0,,0,0,,1,5,1
87,5,3,3,3,3MS:2,0,0,,0,0,1,0,0,0,0,0,,0,0,,2,5,1
87,6,2,2,"1,2",1P:1;2MS:2,1,1,two_verbs,1,1,0,1,0,0,1,1,3->2,1,0,revelation,3,6,1
87,7,3,3,3,3MS:4,0,0,,0,0,1,0,0,0,1,1,2->3,0,0,,4,12,1
87,8,1,1,"1,2",1P:1;2MS:1,1,0,,1,1,0,1,0,0,1,1,3->1,0,0,,2,6,1
87,9,2,2,"2,3",2MS:1;3FS:1,1,1,two_verbs,0,1,1,0,1,0,1,1,1->2,1,0,,2,6,1
87,10,3,3,3,3MS:2,0,0,,0,0,1,0,0,0,1,1,2->3,0,0,,2,4,1
87,11,3,3,3,3FS:1;3MS:1,0,0,,0,0,1,0,0,0,0,0,,0,0,,2,5,1
87,12,3,3,3,3MS:1,0,0,,0,0,1,0,0,0,0,0,,0,0,judgment,1,6,1
87,13,3,3,3,3FS:1;3MS:2,0,0,,0,0,1,0,0,0,0,0,,0,0,,3,8,1
87,14,3,3,3,3MS:2,0,0,,0,0,1,0,0,0,0,0,,0,0,,2,4,1
87,15,3,3,3,3MS:3,0,0,,0,0,1,0,0,0,0,0,,0,0,,3,7,1
87,16,2,2,2,2MP:2,0,0,,0,1,0,0,0,0,1,1,3->2,0,0,,2,7,1
87,17,,3,,,0,0,,0,0,0,0,0,0,1,1,2->3,0,0,,0,6,0
87,18,,3,,,0,0,,0,0,0,0,0,0,0,0,,0,0,,0,8,0
87,19,,3,,,0,0,,0,0,0,0,0,0,0,0,,0,0,prophets,0,4,0
88,1,3,3,"2,3",2MS:1;3MS:1,1,0,,0,1,1,0,1,0,0,0,,0,0,,2,6,1
88,2,,3,,,0,0,,0,0,0,0,0,0,0,0,,0,0,,0,3,0
88,3,,3,,,0,0,,0,0,0,0,0,0,0,0,,0,0,,0,2,0
88,4,3,3,3,3FS:1,0,0,,0,0,1,0,0,0,0,0,,0,0,judgment,1,3,1
88,5,3,3,3,3FS:1,0,0,,0,0,1,0,0,0,0,0,,0,0,,1,4,1
88,6,3,3,3,3MP:1;3MS:1,0,0,,0,0,1,0,0,0,0,0,,0,0,,2,7,1
88,7,3,3,3,3MS:2,0,0,,0,0,1,0,0,0,0,0,,0,0,,2,7,1
88,8,,3,,,0,0,,0,0,0,0,0,0,0,0,,0,0,,0,3,0
88,9,3,3,3,3FS:1,0,0,,0,0,1,0,0,0,0,0,,0,0,,1,4,0
88,10,,3,,,0,0,,0,0,0,0,0,0,0,0,,0,0,,0,3,0
88,11,2,2,"2,3",2MS:1;3FS:1,1,0,,0,1,1,0,1,0,1,1,3->2,0,0,,2,5,1
88,12,3,3,3,3FS:1,0,0,,0,0,1,0,0,0,1,1,2->3,0,0,,1,4,0
88,13,3,3,3,3FS:1,0,0,,0,0,1,0,0,0,0,0,,0,0,,1,4,0
88,14,,3,,,0,0,,0,0,0,0,0,0,0,0,,0,0,,0,3,0
88,15,,3,,,0,0,,0,0,0,0,0,0,0,0,,0,0,,0,3,0
88,16,,3,,,0,0,,0,0,0,0,0,0,0,0,,0,0,,0,3,0
88,17,3,3,3,3FS:1;3MP:2,0,0,,0,0,1,0,0,0,0,0,,0,0,creation,3,10,1
88,18,3,3,3,3FS:1,0,0,,0,0,1,0,0,0,0,0,,0,0,creation,1,6,1
88,19,3,3,3,3FS:1,0,0,,0,0,1,0,0,0,0,0,,0,0,,1,6,1
88,20,3,3,3,3FS:1,0,0,,0,0,1,0,0,0,0,0,,0,0,creation,1,6,1
88,21,2,2,2,2MS:2,0,0,,0,1,0,0,0,0,1,1,3->2,0,0,,2,6,1
88,22,2,2,"2,3",2MS:2;3MP:1,1,0,,0,1,1,0,1,0,0,0,,0,0,,3,6,1
88,23,3,3,3,3MS:2,0,0,,0,0,1,0,0,0,1,1,2->3,0,0,,2,5,1
88,24,3,3,3,3MS:2,0,0,,0,0,1,0,0,0,0,0,,0,0,judgment,2,8,1
88,25,1,1,"1,3",1P:1;3MP:1,1,0,,1,0,1,0,0,1,1,1,3->1,0,0,,2,5,0
88,26,1,1,"1,3",1P:1;3MP:1,1,0,,1,0,1,0,0,1,0,0,,0,0,,2,6,0
89,1,,3,,,0,0,,0,0,0,0,0,0,0,0,,0,0,,0,3,0
89,2,,3,,,0,0,,0,0,0,0,0,0,0,0,,0,0,,0,3,0
89,3,,3,,,0,0,,0,0,0,0,0,0,0,0,,0,0,,0,6,0
89,4,3,3,3,3MS:1,0,0,,0,0,1,0,0,0,0,0,,0,0,,1,5,1
89,5,,3,,,0,0,,0,0,0,0,0,0,0,0,,0,0,,0,7,0
89,6,2,2,"2,3",2MS:2;3MS:1,1,1,two_verbs,0,1,1,0,1,0,1,1,3->2,1,0,prophets,3,9,1
89,7,,3,,,0,0,,0,0,0,0,0,0,1,1,2->3,0,0,,0,4,0
89,8,3,3,3,3FS:1;3MS:1,0,0,,0,0,1,0,0,0,0,0,,0,0,creation,2,8,1
89,9,3,3,3,3MP:2,0,0,,0,0,1,0,0,0,0,0,,0,0,prophets,2,10,1
89,10,,3,,,0,0,,0,0,0,0,0,0,0,0,,0,0,prophets,0,5,0
89,11,3,3,3,3MP:2,0,0,,0,0,1,0,0,0,0,0,,0,0,,2,6,1
89,12,3,3,3,3FS:1;3MP:2,0,0,,0,0,1,0,0,0,0,0,,0,0,,3,7,1
89,13,3,3,"2,3",2MS:1;3MP:1;3MS:1,1,0,,0,1,1,0,1,0,0,0,,0,0,judgment,3,8,1
89,14,2,2,2,2MS:1,0,0,,0,1,0,0,0,0,1,1,3->2,0,0,,1,7,0
89,15,3,3,"1,3",1S:2;3MS:9,1,0,,1,0,1,0,0,1,1,1,2->3,0,0,,11,22,1
89,16,3,3,"1,3",1S:2;3MS:7,1,0,,1,0,1,0,0,1,0,0,,0,0,,9,18,1
89,17,2,2,2,2MP:2,0,0,,0,1,0,0,0,0,1,1,3->2,0,0,,2,7,1
89,18,2,2,2,2MP:2,0,0,,0,1,0,0,0,0,0,0,,0,0,,2,8,1
89,19,2,2,2,2MP:2,0,0,,0,1,0,0,0,0,0,0,,0,0,,2,7,1
89,20,2,2,2,2MP:2,0,0,,0,1,0,0,0,0,0,0,,0,0,,2,7,1
89,21,3,3,3,3FS:1,0,0,,0,0,1,0,0,0,1,1,2->3,0,0,creation,1,7,1
89,22,3,3,"2,3",2MS:1;3MS:1,1,0,,0,1,1,0,1,0,0,0,,0,0,,2,9,1
89,23,3,3,3,3MS:3,0,0,,0,0,1,0,0,0,0,0,,0,0,judgment,3,15,1
89,24,1,1,"1,3",1S:4;3MS:1,1,1,two_verbs,1,0,1,0,0,1,1,1,3->1,1,1,,5,9,1
89,25,3,3,3,3MS:2,0,0,,0,0,1,0,0,0,1,1,1->3,0,0,judgment,2,7,1
89,26,3,3,3,3MS:2,0,0,,0,0,1,0,0,0,0,0,,0,0,,2,6,1
89,27,,3,,,0,0,,0,0,0,0,0,0,0,0,,0,1,,0,6,0
89,28,2,2,2,2FS:3,0,0,,0,1,0,0,0,0,1,1,3->2,0,0,,3,7,1
89,29,2,2,"1,2",1S:1;2FS:2,1,0,,1,1,0,1,0,0,0,0,,0,0,,3,6,1
89,30,2,2,"1,2",1S:1;2FS:2,1,0,,1,1,0,1,0,0,0,0,,0,0,judgment,3,5,1
90,1,1,1,1,1S:1,0,0,,1,0,0,0,0,0,0,0,,0,0,,1,6,1
90,2,2,2,2,2MS:1,0,0,,0,1,0,0,0,0,1,1,1->2,0,0,,1,7,0
90,3,3,3,3,3MS:1,0,0,,0,0,1,0,0,0,1,1,2->3,0,0,,1,5,1
90,4,1,1,1,1P:2,0,0,,1,0,0,0,0,0,1,1,3->1,0,0,creation,2,8,1
90,5,3,3,3,3MS:3,0,0,,0,0,1,0,0,0,1,1,1->3,0,0,,3,8,1
90,6,1,1,"1,3",1S:2;3MS:1,1,1,two_verbs,1,0,1,0,0,1,1,1,3->1,1,0,,3,5,1
90,7,3,3,3,3MS:3,0,0,,0,0,1,0,0,0,1,1,1->3,0,0,,3,7,1
90,8,1,1,"1,3",1P:1;3MS:1,1,1,verb_plus_indep_pron,1,0,1,0,0,1,1,1,3->1,0,0,,2,6,1
90,9,,3,,,0,0,,0,0,0,0,0,0,1,1,1->3,0,0,,0,4,0
90,10,1,1,"1,3",1P:2;3MS:1,1,0,,1,0,1,0,0,1,1,1,3->1,0,0,,3,6,1
90,11,3,3,3,3MS:1,0,0,,0,0,1,0,0,0,1,1,1->3,0,0,,1,5,1
90,12,3,3,"2,3",2MS:1;3MS:1,1,0,,0,1,1,0,1,0,0,0,,0,0,,2,7,1
90,13,,3,,,0,0,,0,0,0,0,0,0,0,0,,0,0,,0,2,0
90,14,,3,,,0,0,,0,0,0,0,0,0,0,0,,0,0,judgment,0,6,0
90,15,,3,,,0,0,,0,0,0,0,0,0,0,0,,0,0,,0,3,0
90,16,,3,,,0,0,,0,0,0,0,0,0,0,0,,0,0,,0,4,0
90,17,3,3,3,3MP:6;3MS:1,0,0,,0,0,1,0,0,0,0,0,,0,0,mercy,7,18,1
90,18,,3,,,0,0,,0,0,0,0,0,0,0,0,,0,0,,0,4,0
90,19,3,3,"1,3",1P:1;3MP:3,1,0,,1,0,1,0,0,1,0,0,,0,0,revelation,4,11,1
90,20,3,3,3,3MP:1,0,0,,0,0,1,0,0,0,0,0,,0,0,judgment,1,4,0
91,1,3,3,3,3FS:1,0,0,,0,0,1,0,0,0,0,0,,0,0,creation,1,6,0
91,2,3,3,3,3FS:1;3MS:1,0,0,,0,0,1,0,0,0,0,0,,0,0,creation,2,6,1
91,3,3,3,3,3FS:1;3MS:1,0,0,,0,0,1,0,0,0,0,0,,0,0,,2,6,1
91,4,3,3,3,3FS:1;3MS:1,0,0,,0,0,1,0,0,0,0,0,,0,0,,2,6,1
91,5,3,3,3,3FS:1;3MS:1,0,0,,0,0,1,0,0,0,0,0,,0,0,creation,2,7,1
91,6,3,3,3,3FS:1;3MS:1,0,0,,0,0,1,0,0,0,0,0,,0,0,creation,2,7,1
91,7,3,3,3,3FS:1;3MS:1,0,0,,0,0,1,0,0,0,0,0,,0,0,,2,6,1
91,8,3,3,3,3FS:3;3MS:1,0,0,,0,0,1,0,0,0,0,0,,0,0,,4,8,1
91,9,3,3,3,3FS:1;3MS:2,0,0,,0,0,1,0,0,0,0,0,,0,0,,3,5,1
91,10,3,3,3,3FS:1;3MS:2,0,0,,0,0,1,0,0,0,0,0,,0,0,,3,6,1
91,11,3,3,3,3FS:2,0,0,,0,0,1,0,0,0,0,0,,0,0,prophets,2,5,1
91,12,3,3,3,3FS:1;3MS:1,0,0,,0,0,1,0,0,0,0,0,,0,0,,2,4,1
91,13,3,3,3,3FS:1;3MP:1;3MS:1,0,0,,0,0,1,0,0,0,0,0,,0,1,"revelation,prophets",3,11,1
91,14,3,3,3,3FS:2;3MP:7;3MS:3,0,0,,0,0,1,0,0,0,0,0,,0,0,,12,20,1
91,15,3,3,3,3FS:1;3MS:1,0,0,,0,0,1,0,0,0,0,0,,0,0,,2,5,1
92,1,3,3,3,3MS:1,0,0,,0,0,1,0,0,0,0,0,,0,0,,1,5,1
92,2,3,3,3,3MS:1,0,0,,0,0,1,0,0,0,0,0,,0,0,,1,5,1
92,3,3,3,3,3MS:1,0,0,,0,0,1,0,0,0,0,0,,0,0,creation,1,8,1
92,4,2,2,2,2MP:1,0,0,,0,1,0,0,0,0,1,1,3->2,0,0,,1,5,0
92,5,3,3,3,3MS:2,0,0,,0,0,1,0,0,0,1,1,2->3,0,0,,2,6,1
92,6,3,3,3,3MS:1,0,0,,0,0,1,0,0,0,0,0,,0,0,judgment,1,5,1
92,7,1,1,"1,3",1P:1;3MS:1,1,0,,1,0,1,0,0,1,1,1,3->1,0,0,,2,7,1
92,8,3,3,3,3MS:2,0,0,,0,0,1,0,0,0,1,1,1->3,0,0,,2,6,1
92,9,3,3,3,3MS:1,0,0,,0,0,1,0,0,0,0,0,,0,0,judgment,1,5,1
92,10,1,1,"1,3",1P:1;3MS:1,1,0,,1,0,1,0,0,1,1,1,3->1,0,0,,2,7,1
92,11,3,3,3,3MS:4,0,0,,0,0,1,0,0,0,1,1,1->3,0,0,,4,9,1
92,12,1,1,1,1P:1,0,0,,1,0,0,0,0,0,1,1,3->1,0,0,,1,6,0
92,13,1,1,1,1P:1,0,0,,1,0,0,0,0,0,0,0,,0,0,,1,10,0
92,14,1,1,"1,2,3",1S:2;2MP:1;3FS:1,2,1,two_verbs,1,1,1,1,1,1,0,0,,1,0,judgment,4,6,1
92,15,3,3,3,3FS:1;3MS:1,0,0,,0,0,1,0,0,0,1,1,1->3,0,0,,2,6,1
92,16,3,3,3,3MS:2,0,0,,0,0,1,0,0,0,0,0,,0,0,,2,4,1
92,17,3,3,3,3FS:1;3MS:1,0,0,,0,0,1,0,0,0,0,0,,0,0,,2,6,1
92,18,3,3,3,3MS:3,0,0,,0,0,1,0,0,0,0,0,,0,0,,3,5,1
92,19,3,3,3,3FS:1;3MS:1,0,0,,0,0,1,0,0,0,0,0,,0,0,,2,9,1
92,20,3,3,3,3MS:1,0,0,,0,0,1,0,0,0,0,0,,0,0,,1,7,0
92,21,3,3,3,3MS:1,0,0,,0,0,1,0,0,0,0,0,,0,0,,1,4,1
93,1,,3,,,0,0,,0,0,0,0,0,0,0,0,,0,0,,0,3,0
93,2,3,3,3,3MS:1,0,0,,0,0,1,0,0,0,0,0,,0,0,,1,5,1
93,3,3,3,"2,3",2MS:2;3MS:2,1,0,,0,1,1,0,1,0,0,0,,0,0,,4,8,1
93,4,2,2,2,2MS:1,0,0,,0,1,0,0,0,0,1,1,3->2,0,0,,1,10,0
93,5,2,2,"2,3",2MS:3;3MS:1,1,1,two_verbs,0,1,1,0,1,0,0,0,,1,0,,4,9,1
93,6,3,3,"2,3",2MS:1;3MS:2,1,0,,0,1,1,0,1,0,1,1,2->3,0,0,,3,7,1
93,7,3,3,"2,3",2MS:1;3MS:2,1,0,,0,1,1,0,1,0,0,0,,0,0,,3,6,1
93,8,3,3,"2,3",2MS:1;3MS:2,1,0,,0,1,1,0,1,0,0,0,,0,0,,3,6,1
93,9,2,2,2,2MS:1,0,0,,0,1,0,0,0,0,1,1,3->2,0,0,,1,7,1
93,10,2,2,2,2MS:1,0,0,,0,1,0,0,0,0,0,0,,0,0,,1,7,1
93,11,2,2,2,2MS:2,0,0,,0,1,0,0,0,0,0,0,,0,0,,2,8,1
94,1,2,2,"1,2",1P:1;2MS:2,1,1,verb_plus_indep_pron,1,1,0,1,0,0,0,0,,0,0,,3,7,1
94,2,1,1,"1,2",1P:2;2MS:2,1,0,,1,1,0,1,0,0,1,1,2->1,0,0,,4,7,1
94,3,3,3,"2,3",2MS:1;3MS:1,1,0,,0,1,1,0,1,0,1,1,1->3,0,0,,2,4,1
94,4,1,1,"1,2",1P:2;2MS:2,1,1,verb_plus_indep_pron,1,1,0,1,0,0,1,1,3->1,0,0,,4,7,1
94,5,,3,,,0,0,,0,0,0,0,0,0,1,1,1->3,0,0,,0,6,0
94,6,,3,,,0,0,,0,0,0,0,0,0,0,0,,0,0,,0,5,0
94,7,2,2,2,2MS:3,0,0,,0,1,0,0,0,0,1,1,3->2,0,0,,3,6,1
94,8,2,2,2,2MS:2,0,0,,0,1,0,0,0,0,0,0,,0,0,,2,6,1
95,1,,3,,,0,0,,0,0,0,0,0,0,0,0,,0,0,,0,6,0
95,2,,3,,,0,0,,0,0,0,0,0,0,0,0,,0,0,,0,3,0
95,3,,3,,,0,0,,0,0,0,0,0,0,0,0,,0,0,,0,6,0
95,4,1,1,1,1P:2,0,0,,1,0,0,0,0,0,1,1,3->1,0,0,creation,2,9,1
95,5,1,1,"1,3",1P:2;3MS:1,1,0,,1,0,1,0,0,1,0,0,,0,0,,3,6,1
95,6,3,3,3,3MP:5,0,0,,0,0,1,0,0,0,1,1,1->3,0,0,judgment,5,15,1
95,7,3,3,"2,3",2MS:1;3MS:1,1,0,,0,1,1,0,1,0,0,0,,0,0,judgment,2,8,1
95,8,3,3,3,3MS:1,0,0,,0,0,1,0,0,0,0,0,,0,0,,1,7,1
96,1,2,2,"2,3",2MS:2;3MS:1,1,1,two_verbs,0,1,1,0,1,0,0,0,,1,0,"revelation,creation",3,7,1
96,2,3,3,3,3MS:1,0,0,,0,0,1,0,0,0,1,1,2->3,0,0,creation,1,5,1
96,3,2,2,2,2MS:2,0,0,,0,1,0,0,0,0,1,1,3->2,0,0,revelation,2,6,1
96,4,3,3,3,3MS:1,0,0,,0,0,1,0,0,0,1,1,2->3,0,0,,1,5,1
96,5,3,3,3,3MS:2,0,0,,0,0,1,0,0,0,0,0,,0,0,,2,6,1
96,6,3,3,3,3MS:1,0,0,,0,0,1,0,0,0,0,0,,0,0,,1,6,1
96,7,3,3,3,3MS:3,0,0,,0,0,1,0,0,0,0,0,,0,0,,3,4,1
96,8,2,2,2,2MS:1,0,0,,0,1,0,0,0,0,1,1,3->2,0,0,,1,6,0
96,9,2,2,"2,3",2MS:2;3MS:1,1,1,two_verbs,0,1,1,0,1,0,0,0,,1,0,,3,5,1
96,10,3,3,3,3MS:1,0,0,,0,0,1,0,0,0,1,1,2->3,0,0,,1,3,1
96,11,2,2,"2,3",2MS:2;3MS:1,1,1,two_verbs,0,1,1,0,1,0,1,1,3->2,1,0,,3,8,1
96,12,3,3,3,3MS:1,0,0,,0,0,1,0,0,0,1,1,2->3,0,0,,1,5,1
96,13,3,3,"2,3",2MS:2;3MS:2,1,1,two_verbs,0,1,1,0,1,0,0,0,,1,0,,4,7,1
96,14,3,3,3,3MS:2,0,0,,0,0,1,0,0,0,0,0,,0,0,,2,7,1
96,15,1,1,"1,3",1P:1;3MS:1,1,1,two_verbs,1,0,1,0,0,1,1,1,3->1,1,0,,2,11,1
96,16,,3,,,0,0,,0,0,0,0,0,0,1,1,1->3,0,0,,0,3,0
96,17,3,3,3,3MS:2,0,0,,0,0,1,0,0,0,0,0,,0,0,oneness,2,5,1
96,18,1,1,1,1P:1,0,0,,1,0,0,0,0,0,1,1,3->1,0,0,judgment,1,4,1
96,19,2,2,"2,3",2MS:3;3MS:1,1,0,,0,1,1,0,1,0,1,1,1->2,0,0,prayer,4,8,1
97,1,1,1,"1,3",1P:3;3MS:1,1,0,,1,0,1,0,0,1,0,0,,0,0,,4,9,1
97,2,3,3,"2,3",2MS:1;3MS:1,1,0,,0,1,1,0,1,0,1,1,1->3,0,0,,2,8,1
97,3,,3,,,0,0,,0,0,0,0,0,0,0,0,,0,0,,0,7,0
97,4,3,3,3,3FS:2;3MP:1,0,0,,0,0,1,0,0,0,0,0,,0,0,,3,15,1
97,5,3,3,3,3FS:1,0,0,,0,0,1,0,0,0,0,0,,0,0,,1,6,0
98,1,3,3,3,3FS:1;3MP:3;3MS:1,0,0,,0,0,1,0,0,0,0,0,,0,0,revelation,5,18,1
98,2,3,3,3,3MS:1,0,0,,0,0,1,0,0,0,0,0,,0,0,revelation,1,6,1
98,3,3,3,3,3FS:1,0,0,,0,0,1,0,0,0,0,0,,0,0,,1,4,0
98,4,3,3,3,3FS:1;3MP:3;3MS:1,0,0,,0,0,1,0,0,0,0,0,,0,0,revelation,5,16,1
98,5,3,3,3,3MP:8;3MS:1,0,0,,0,0,1,0,0,0,0,0,,0,0,"law,prayer",9,30,1
98,6,3,3,3,3FS:1;3MP:3,0,0,,0,0,1,0,0,0,0,0,,0,0,"judgment,revelation",4,22,1
98,7,3,3,3,3MP:5,0,0,,0,0,1,0,0,0,0,0,,0,0,,5,14,1
98,8,3,3,3,3FS:3;3MP:5;3MS:4,0,0,,0,0,1,0,0,0,0,0,,0,0,judgment,12,32,1
99,1,3,3,3,3FS:2,0,0,,0,0,1,0,0,0,0,0,,0,0,creation,2,6,1
99,2,3,3,3,3FS:2,0,0,,0,0,1,0,0,0,0,0,,0,0,creation,2,6,1
99,3,3,3,3,3FS:1;3MS:1,0,0,,0,0,1,0,0,0,0,0,,0,0,,2,7,1
99,4,3,3,3,3FS:2,0,0,,0,0,1,0,0,0,0,0,,0,0,,2,4,1
99,5,3,3,"2,3",2MS:1;3FS:1;3MS:1,1,0,,0,1,1,0,1,0,0,0,,0,0,,3,7,1
99,6,3,3,3,3MP:3;3MS:1,0,0,,0,0,1,0,0,0,0,0,,0,0,,4,10,1
99,7,3,3,3,3MS:3,0,0,,0,0,1,0,0,0,0,0,,0,0,,3,8,1
99,8,3,3,3,3MS:3,0,0,,0,0,1,0,0,0,0,0,,0,0,,3,8,1
100,1,,3,,,0,0,,0,0,0,0,0,0,0,0,,0,0,,0,4,0
100,2,,3,,,0,0,,0,0,0,0,0,0,0,0,,0,0,,0,4,0
100,3,,3,,,0,0,,0,0,0,0,0,0,0,0,,0,0,,0,4,0
100,4,3,3,3,3FP:2;3MS:1,0,0,,0,0,1,0,0,0,0,0,,0,0,,3,6,1
100,5,3,3,3,3FP:2;3MS:1,0,0,,0,0,1,0,0,0,0,0,,0,0,,3,6,1
100,6,3,3,3,3MS:1,0,0,,0,0,1,0,0,0,0,0,,0,0,,1,8,0
100,7,3,3,3,3MS:1,0,0,,0,0,1,0,0,0,0,0,,0,0,law,1,7,0
100,8,3,3,3,3MS:1,0,0,,0,0,1,0,0,0,0,0,,0,0,,1,9,0
100,9,3,3,3,3MS:2,0,0,,0,0,1,0,0,0,0,0,,0,0,,2,10,1
100,10,3,3,3,3MS:1,0,0,,0,0,1,0,0,0,0,0,,0,0,,1,6,1
100,11,3,3,3,3MP:2,0,0,,0,0,1,0,0,0,0,0,,0,0,,2,8,0
101,1,,3,,,0,0,,0,0,0,0,0,0,0,0,,0,0,,0,2,0
101,2,,3,,,0,0,,0,0,0,0,0,0,0,0,,0,0,,0,3,0
101,3,3,3,"2,3",2MS:1;3MS:1,1,0,,0,1,1,0,1,0,0,0,,0,0,,2,7,1
101,4,3,3,3,3MS:1,0,0,,0,0,1,0,0,0,0,0,,0,0,,1,9,1
101,5,3,3,3,3FS:1,0,0,,0,0,1,0,0,0,0,0,,0,0,,1,9,1
101,6,3,3,3,3FS:1;3MS:1,0,0,,0,0,1,0,0,0,0,0,,0,0,,2,6,1
101,7,3,3,3,3MS:1,0,0,,0,0,1,0,0,0,0,0,,0,0,,1,5,0
101,8,3,3,3,3FS:1;3MS:1,0,0,,0,0,1,0,0,0,0,0,,0,0,,2,6,1
101,9,3,3,3,3MS:1,0,0,,0,0,1,0,0,0,0,0,,0,0,,1,4,0
101,10,3,3,"2,3",2MS:1;3FS:1;3MS:1,1,0,,0,1,1,0,1,0,0,0,,0,0,,3,6,1
101,11,,3,,,0,0,,0,0,0,0,0,0,0,0,,0,0,judgment,0,2,0
102,1,3,3,"2,3",2MP:1;3MS:1,1,0,,0,1,1,0,1,0,0,0,,0,0,,2,4,1
102,2,2,2,2,2MP:2,0,0,,0,1,0,0,0,0,1,1,3->2,0,0,,2,5,1
102,3,2,2,2,2MP:2,0,0,,0,1,0,0,0,0,0,0,,0,0,,2,4,1
102,4,2,2,2,2MP:2,0,0,,0,1,0,0,0,0,0,0,,0,0,,2,5,1
102,5,2,2,2,2MP:2,0,0,,0,1,0,0,0,0,0,0,,0,0,,2,7,1
102,6,2,2,2,2MP:1,0,0,,0,1,0,0,0,0,0,0,,0,0,,1,5,1
102,7,2,2,"2,3",2MP:1;3FS:1,1,0,,0,1,1,0,1,0,0,0,,0,0,,2,8,1
102,8,2,2,2,2MP:1,0,0,,0,1,0,0,0,0,0,0,,0,0,,1,8,1
103,1,,3,,,0,0,,0,0,0,0,0,0,0,0,,0,0,,0,3,0
103,2,,3,,,0,0,,0,0,0,0,0,0,0,0,,0,0,,0,6,0
103,3,3,3,3,3MP:8,0,0,,0,0,1,0,0,0,0,0,,0,0,,8,21,1
104,1,,3,,,0,0,,0,0,0,0,0,0,0,0,,0,0,,0,5,0
104,2,3,3,3,3MS:3,0,0,,0,0,1,0,0,0,0,0,,0,0,,3,6,1
104,3,3,3,3,3MS:4,0,0,,0,0,1,0,0,0,0,0,,0,0,,4,6,1
104,4,3,3,3,3MS:1,0,0,,0,0,1,0,0,0,0,0,,0,0,,1,7,1
104,5,3,3,"2,3",2MS:1;3MS:1,1,0,,0,1,1,0,1,0,0,0,,0,0,,2,7,1
104,6,,3,,,0,0,,0,0,0,0,0,0,0,0,,0,0,judgment,0,4,0
104,7,3,3,3,3FS:1,0,0,,0,0,1,0,0,0,0,0,,0,0,,1,5,1
104,8,3,3,3,3FS:1;3MP:1,0,0,,0,0,1,0,0,0,0,0,,0,0,,2,5,0
104,9,,3,,,0,0,,0,0,0,0,0,0,0,0,,0,0,,0,3,0
105,1,2,2,"2,3",2MS:2;3MS:1,1,1,two_verbs,0,1,1,0,1,0,0,0,,1,0,,3,11,1
105,2,3,3,3,3MP:1;3MS:1,0,0,,0,0,1,0,0,0,1,1,2->3,0,0,,2,7,1
105,3,3,3,3,3MP:1;3MS:1,0,0,,0,0,1,0,0,0,0,0,,0,0,,2,6,1
105,4,3,3,3,3FS:1;3MP:1,0,0,,0,0,1,0,0,0,0,0,,0,0,,2,6,1
105,5,3,3,3,3MP:1;3MS:1,0,0,,0,0,1,0,0,0,0,0,,0,0,,2,6,1
106,1,,3,,,0,0,,0,0,0,0,0,0,0,0,,0,0,,0,3,0
106,2,3,3,3,3MP:1,0,0,,0,0,1,0,0,0,0,0,,0,0,,1,8,0
106,3,3,3,3,3MP:2,0,0,,0,0,1,0,0,0,0,0,,0,0,,2,8,1
106,4,3,3,3,3MP:2;3MS:2,0,0,,0,0,1,0,0,0,0,0,,0,0,,4,10,1
107,1,2,2,"2,3",2MS:2;3MS:1,1,1,two_verbs,0,1,1,0,1,0,0,0,,1,0,judgment,3,8,1
107,2,3,3,3,3MS:1,0,0,,0,0,1,0,0,0,1,1,2->3,0,0,,1,6,1
107,3,3,3,3,3MS:1,0,0,,0,0,1,0,0,0,0,0,,0,0,,1,7,1
107,4,,3,,,0,0,,0,0,0,0,0,0,0,0,,0,0,,0,5,0
107,5,3,3,3,3MP:2,0,0,,0,0,1,0,0,0,0,0,,0,0,prayer,2,6,0
107,6,3,3,3,3MP:3,0,0,,0,0,1,0,0,0,0,0,,0,0,,3,4,1
107,7,3,3,3,3MP:2,0,0,,0,0,1,0,0,0,0,0,,0,0,,2,5,1
108,1,1,1,"1,2",1P:3;2MS:1,1,0,,1,1,0,1,0,0,0,0,,0,0,,4,7,1
108,2,2,2,2,2MS:3,0,0,,0,1,0,0,0,0,1,1,1->2,0,0,,3,7,1
108,3,2,2,"2,3",2MS:1;3MS:1,1,0,,0,1,1,0,1,0,0,0,,0,0,,2,6,0
109,1,2,2,2,2MS:1,0,0,,0,1,0,0,0,0,0,0,,0,0,,1,5,1
109,2,2,2,"1,2",1S:1;2MP:2,1,1,two_verbs,1,1,0,1,0,0,0,0,,1,0,,3,5,1
109,3,1,1,"1,2",1S:1;2MP:1,1,1,verb_plus_indep_pron,1,1,0,1,0,0,1,1,2->1,0,0,,2,6,1
109,4,2,2,"1,2",1S:1;2MP:2,1,1,verb_plus_indep_pron,1,1,0,1,0,0,1,1,1->2,0,0,,3,7,1
109,5,1,1,"1,2",1S:1;2MP:1,1,1,verb_plus_indep_pron,1,1,0,1,0,0,1,1,2->1,0,0,,2,6,1
109,6,2,2,"1,2",1S:2;2MP:2,1,0,,1,1,0,1,0,0,1,1,1->2,0,0,,4,9,0
110,1,3,3,3,3MS:1,0,0,,0,0,1,0,0,0,0,0,,0,0,,1,7,1
110,2,2,2,"2,3",2MS:2;3MP:2,1,1,two_verbs,0,1,1,0,1,0,1,1,3->2,1,0,,4,11,1
110,3,2,2,"2,3",2MS:3;3MS:3,1,1,two_verbs,0,1,1,0,1,0,0,0,,1,0,,6,13,1
111,1,3,3,3,3FS:1;3MS:1,0,0,,0,0,1,0,0,0,0,0,,0,0,,2,6,1
111,2,3,3,3,3MS:4,0,0,,0,0,1,0,0,0,0,0,,0,0,,4,9,1
111,3,3,3,3,3MS:1,0,0,,0,0,1,0,0,0,0,0,,0,0,judgment,1,5,1
111,4,3,3,3,3MS:1,0,0,,0,0,1,0,0,0,0,0,,0,0,,1,6,0
111,5,3,3,3,3FS:1,0,0,,0,0,1,0,0,0,0,0,,0,0,,1,6,0
112,1,2,2,"2,3",2MS:1;3MS:1,1,1,verb_plus_indep_pron,0,1,1,0,1,0,0,0,,0,0,,2,4,1
112,2,,3,,,0,0,,0,0,0,0,0,0,1,1,2->3,0,0,,0,3,0
112,3,3,3,3,3MS:2,0,0,,0,0,1,0,0,0,0,0,,0,0,,2,5,1
112,4,3,3,3,3MS:2,0,0,,0,0,1,0,0,0,0,0,,0,0,,2,7,1
113,1,2,2,"1,2",1S:1;2MS:1,1,1,two_verbs,1,1,0,1,0,0,0,0,,1,0,,2,6,1
113,2,3,3,3,3MS:1,0,0,,0,0,1,0,0,0,1,1,2->3,0,0,creation,1,4,1
113,3,3,3,3,3MS:1,0,0,,0,0,1,0,0,0,0,0,,0,0,,1,6,1
113,4,,3,,,0,0,,0,0,0,0,0,0,0,0,,0,0,,0,8,0
113,5,3,3,3,3MS:1,0,0,,0,0,1,0,0,0,0,0,,0,0,,1,6,1
114,1,2,2,"1,2",1S:1;2MS:1,1,1,two_verbs,1,1,0,1,0,0,0,0,,1,0,,2,6,1
114,2,,3,,,0,0,,0,0,0,0,0,0,1,1,2->3,0,0,,0,3,0
114,3,,3,,,0,0,,0,0,0,0,0,0,0,0,,0,0,,0,3,0
114,4,,3,,,0,0,,0,0,0,0,0,0,0,0,,0,0,,0,6,0
114,5,3,3,3,3MS:1,0,0,,0,0,1,0,0,0,0,0,,0,0,,1,6,1
114,6,,3,,,0,0,,0,0,0,0,0,0,0,0,,0,0,,0,6,0
