global_idx,surah,verse,n_letters,rhyme_letter,topics,pct_emphatic,pct_resonant,pct_plosive,pct_fricative,pct_guttural,pct_labial
1,1,1,19,م,mercy,0.10526,0.57895,0.05263,0.21053,0.15789,0.21053
2,1,2,18,ن,,0.05556,0.55556,0.11111,0.11111,0.16667,0.16667
3,1,3,12,م,mercy,0.16667,0.66667,0.0,0.16667,0.16667,0.16667
4,1,4,12,ن,eschatology,0.0,0.66667,0.16667,0.0,0.0,0.25
5,1,5,19,ن,prayer,0.0,0.36842,0.36842,0.05263,0.21053,0.10526
6,1,6,19,م,,0.21053,0.36842,0.21053,0.15789,0.05263,0.10526
7,1,7,44,ن,,0.13636,0.52273,0.09091,0.18182,0.18182,0.15909
8,2,1,3,م,,0.0,0.66667,0.0,0.0,0.0,0.33333
9,2,2,27,ن,,0.07407,0.40741,0.2963,0.14815,0.07407,0.14815
10,2,3,47,ن,prayer,0.10638,0.59574,0.12766,0.14894,0.08511,0.2766
11,2,4,52,ن,prophets,0.05769,0.57692,0.23077,0.11538,0.15385,0.26923
12,2,5,33,ن,,0.0303,0.48485,0.24242,0.15152,0.27273,0.30303
13,2,6,47,ن,polytheism-rejection,0.06383,0.53191,0.19149,0.17021,0.21277,0.21277
14,2,7,53,م,punishment,0.07547,0.39623,0.11321,0.24528,0.28302,0.28302
15,2,8,47,ن,dialogue,0.04255,0.61702,0.14894,0.08511,0.12766,0.34043
16,2,9,49,ن,,0.02041,0.53061,0.10204,0.16327,0.20408,0.2449
17,2,10,51,ن,punishment,0.09804,0.45098,0.17647,0.21569,0.11765,0.33333
18,2,11,43,ن,creation|dialogue,0.11628,0.46512,0.16279,0.2093,0.13953,0.2093
19,2,12,29,ن,,0.03448,0.55172,0.13793,0.17241,0.17241,0.24138
20,2,13,77,ن,dialogue,0.02597,0.46753,0.19481,0.14286,0.20779,0.22078
21,2,14,73,ن,dialogue,0.05479,0.45205,0.19178,0.13699,0.17808,0.20548
22,2,15,34,ن,,0.02941,0.47059,0.14706,0.29412,0.26471,0.26471
23,2,16,57,ن,,0.07018,0.38596,0.24561,0.15789,0.12281,0.19298
24,2,17,72,ن,mercy|hell,0.11111,0.44444,0.18056,0.23611,0.125,0.25
25,2,18,19,ن,,0.10526,0.52632,0.15789,0.15789,0.15789,0.36842
26,2,19,86,ن,creation|polytheism-rejection|nature-imagery,0.12791,0.44186,0.19767,0.18605,0.16279,0.25581
27,2,20,102,ر,,0.11765,0.39216,0.22549,0.21569,0.21569,0.22549
28,2,21,53,ن,creation|prayer,0.07547,0.45283,0.26415,0.09434,0.09434,0.20755
29,2,22,99,ن,paradise|creation|nature-imagery,0.07071,0.42424,0.23232,0.14141,0.15152,0.20202
30,2,23,78,ن,prophets|legal,0.05128,0.44872,0.24359,0.14103,0.14103,0.24359
31,2,24,66,ن,hell|polytheism-rejection,0.07576,0.42424,0.19697,0.13636,0.12121,0.19697
32,2,25,145,ن,paradise|dialogue|nature-imagery,0.10345,0.42069,0.18621,0.2069,0.15862,0.21379
33,2,26,155,ن,dialogue|polytheism-rejection,0.09032,0.44516,0.16129,0.21935,0.14839,0.23226
34,2,27,82,ن,creation|legal,0.12195,0.4878,0.18293,0.19512,0.18293,0.20732
35,2,28,60,ن,polytheism-rejection,0.03333,0.48333,0.26667,0.16667,0.13333,0.28333
36,2,29,70,م,creation,0.04286,0.4,0.17143,0.21429,0.15714,0.24286
37,2,30,111,ن,creation|prophets|dialogue,0.06306,0.41441,0.25225,0.18018,0.18018,0.1982
38,2,31,70,ن,dialogue,0.07143,0.37143,0.3,0.14286,0.25714,0.18571
39,2,32,48,م,dialogue,0.02083,0.45833,0.20833,0.0625,0.16667,0.14583
40,2,33,101,ن,creation|dialogue,0.0495,0.42574,0.33663,0.09901,0.21782,0.29703
41,2,34,63,ن,prayer|dialogue|polytheism-rejection,0.04762,0.38095,0.31746,0.12698,0.11111,0.20635
42,2,35,80,ن,paradise|dialogue|nature-imagery,0.075,0.4,0.2375,0.1875,0.125,0.1625
43,2,36,86,ن,paradise|creation|dialogue,0.11628,0.37209,0.2093,0.19767,0.18605,0.23256
44,2,37,43,م,mercy,0.06977,0.39535,0.27907,0.16279,0.18605,0.25581
45,2,38,68,ن,dialogue,0.02941,0.44118,0.17647,0.19118,0.19118,0.26471
46,2,39,51,ن,hell|polytheism-rejection,0.05882,0.39216,0.23529,0.17647,0.15686,0.23529
47,2,40,69,ن,prayer,0.04348,0.43478,0.26087,0.11594,0.2029,0.26087
48,2,41,79,ن,polytheism-rejection,0.07595,0.4557,0.26582,0.08861,0.08861,0.27848
49,2,42,42,ن,,0.07143,0.42857,0.30952,0.07143,0.09524,0.28571
50,2,43,41,ن,prayer,0.09756,0.41463,0.17073,0.09756,0.17073,0.19512
51,2,44,55,ن,,0.05455,0.45455,0.32727,0.09091,0.10909,0.25455
52,2,45,47,ن,prayer,0.08511,0.40426,0.14894,0.17021,0.19149,0.14894
53,2,46,38,ن,,0.10526,0.57895,0.15789,0.15789,0.21053,0.23684
54,2,47,58,ن,prayer,0.05172,0.5,0.2069,0.06897,0.15517,0.15517
55,2,48,69,ن,,0.05797,0.44928,0.13043,0.21739,0.14493,0.21739
56,2,49,84,م,punishment,0.03571,0.5,0.2381,0.15476,0.14286,0.30952
57,2,50,50,ن,nature-imagery,0.16,0.48,0.28,0.14,0.16,0.26
58,2,51,53,ن,creation|prophets|prayer,0.03774,0.45283,0.20755,0.15094,0.18868,0.24528
59,2,52,30,ن,,0.03333,0.46667,0.23333,0.13333,0.13333,0.26667
60,2,53,37,ن,prophets,0.05405,0.40541,0.2973,0.10811,0.10811,0.21622
61,2,54,121,م,mercy|creation|prophets|prayer|dialogue,0.07438,0.40496,0.28926,0.14876,0.1405,0.28926
62,2,55,60,ن,prophets|dialogue|nature-imagery,0.11667,0.43333,0.23333,0.2,0.18333,0.16667
63,2,56,30,ن,,0.03333,0.46667,0.3,0.1,0.1,0.33333
64,2,57,90,ن,dialogue|nature-imagery,0.06667,0.56667,0.13333,0.11111,0.06667,0.26667
65,2,58,95,ن,mercy|dialogue,0.08421,0.38947,0.2,0.24211,0.15789,0.18947
66,2,59,77,ن,punishment|creation|dialogue,0.09091,0.49351,0.12987,0.18182,0.06494,0.20779
67,2,60,118,ن,paradise|creation|prophets|prayer|dialogue,0.13559,0.38136,0.19492,0.22034,0.11864,0.21186
68,2,61,257,ن,mercy|creation|prophets|dialogue|polytheism-rejection,0.09339,0.42023,0.23346,0.16732,0.14397,0.23735
69,2,62,108,ن,prophets,0.06481,0.52778,0.11111,0.17593,0.18519,0.25
70,2,63,70,ن,prayer|dialogue,0.11429,0.41429,0.24286,0.17143,0.12857,0.28571
71,2,64,54,ن,mercy,0.05556,0.53704,0.16667,0.18519,0.11111,0.24074
72,2,65,54,ن,dialogue,0.07407,0.44444,0.24074,0.14815,0.11111,0.22222
73,2,66,45,ن,punishment|creation,0.04444,0.46667,0.13333,0.17778,0.15556,0.22222
74,2,67,83,ن,prophets|dialogue,0.08434,0.40964,0.26506,0.16867,0.20482,0.19277
75,2,68,80,ن,prophets|dialogue,0.125,0.45,0.2125,0.1125,0.125,0.2125
76,2,69,71,ن,dialogue,0.16901,0.43662,0.19718,0.14085,0.14085,0.14085
77,2,70,62,ن,dialogue,0.06452,0.43548,0.24194,0.09677,0.16129,0.14516
78,2,71,97,ن,creation|dialogue,0.1134,0.40206,0.20619,0.21649,0.16495,0.17526
79,2,72,45,ن,,0.06667,0.4,0.28889,0.17778,0.11111,0.26667
80,2,73,57,ن,dialogue,0.10526,0.4386,0.22807,0.15789,0.15789,0.19298
81,2,74,141,ن,,0.07801,0.43972,0.20567,0.20567,0.19858,0.22695
82,2,75,77,ن,,0.07792,0.54545,0.18182,0.14286,0.18182,0.31169
83,2,76,101,ن,dialogue,0.06931,0.38614,0.24752,0.15842,0.19802,0.23762
84,2,77,36,ن,,0.02778,0.69444,0.05556,0.05556,0.16667,0.25
85,2,78,45,ن,,0.02222,0.6,0.17778,0.06667,0.17778,0.26667
86,2,79,102,ن,dialogue,0.02941,0.53922,0.21569,0.14706,0.09804,0.27451
87,2,80,91,ن,hell|dialogue,0.04396,0.43956,0.18681,0.14286,0.20879,0.16484
88,2,81,54,ن,hell,0.07407,0.2963,0.31481,0.25926,0.27778,0.2037
89,2,82,52,ن,paradise,0.03846,0.42308,0.17308,0.19231,0.21154,0.21154
90,2,83,150,ن,legal|prayer,0.06667,0.47333,0.2,0.12667,0.12,0.20667
91,2,84,71,ن,legal|dialogue,0.08451,0.43662,0.30986,0.16901,0.12676,0.25352
92,2,85,231,ن,punishment|legal|eschatology|polytheism-rejection,0.06494,0.44156,0.23377,0.16017,0.17316,0.26407
93,2,86,63,ن,punishment,0.06349,0.42857,0.12698,0.22222,0.19048,0.1746
94,2,87,138,ن,prophets|polytheism-rejection,0.0942,0.39855,0.30435,0.13043,0.08696,0.25362
95,2,88,46,ن,punishment|dialogue|polytheism-rejection,0.08696,0.52174,0.17391,0.15217,0.13043,0.30435
96,2,89,108,ن,punishment|prayer|polytheism-rejection,0.06481,0.42593,0.17593,0.16667,0.14815,0.25926
97,2,90,107,ن,punishment|polytheism-rejection,0.05607,0.38318,0.19626,0.23364,0.19626,0.24299
98,2,91,119,ن,prophets|dialogue|polytheism-rejection,0.08403,0.51261,0.23529,0.10924,0.15966,0.2605
99,2,92,51,ن,prophets|prayer,0.03922,0.41176,0.29412,0.11765,0.11765,0.27451
100,2,93,131,ن,prayer|dialogue|polytheism-rejection,0.09924,0.44275,0.24427,0.14504,0.15267,0.30534
101,2,94,67,ن,prophets|dialogue,0.08955,0.44776,0.23881,0.13433,0.13433,0.13433
102,2,95,44,ن,,0.04545,0.52273,0.25,0.09091,0.13636,0.27273
103,2,96,102,ن,punishment|polytheism-rejection,0.06863,0.48039,0.14706,0.21569,0.21569,0.23529
104,2,97,72,ن,prophets|dialogue,0.08333,0.47222,0.25,0.13889,0.13889,0.19444
105,2,98,55,ن,prophets|polytheism-rejection,0.05455,0.52727,0.2,0.12727,0.14545,0.21818
106,2,99,44,ن,polytheism-rejection,0.06818,0.40909,0.29545,0.11364,0.11364,0.18182
107,2,100,44,ن,,0.06818,0.43182,0.22727,0.18182,0.22727,0.25
108,2,101,89,ن,prophets,0.08989,0.48315,0.20225,0.14607,0.1573,0.24719
109,2,102,308,ن,prophets|dialogue|polytheism-rejection,0.06818,0.50649,0.15909,0.1526,0.13636,0.26299
110,2,103,49,ن,,0.04082,0.59184,0.14286,0.10204,0.16327,0.30612
111,2,104,65,م,punishment|prophets|dialogue|polytheism-rejection,0.09231,0.50769,0.12308,0.09231,0.10769,0.21538
112,2,105,98,م,mercy|polytheism-rejection,0.08163,0.53061,0.15306,0.17347,0.12245,0.21429
113,2,106,61,ر,,0.04918,0.47541,0.21311,0.18033,0.2623,0.14754
114,2,107,59,ر,creation,0.0678,0.61017,0.13559,0.10169,0.11864,0.23729
115,2,108,73,ل,prophets|polytheism-rejection,0.08219,0.47945,0.28767,0.12329,0.08219,0.26027
116,2,109,123,ر,mercy|polytheism-rejection,0.06504,0.41463,0.25203,0.1626,0.17886,0.21951
117,2,110,76,ر,prayer,0.07895,0.44737,0.23684,0.14474,0.15789,0.23684
118,2,111,72,ن,paradise|dialogue,0.09722,0.44444,0.26389,0.11111,0.13889,0.15278
119,2,112,58,ن,,0.03448,0.5,0.12069,0.2931,0.27586,0.27586
120,2,113,141,ن,dialogue|eschatology|polytheism-rejection,0.06383,0.48936,0.16312,0.16312,0.10638,0.1844
121,2,114,113,م,punishment|prayer,0.04425,0.43363,0.15044,0.23894,0.23009,0.21239
122,2,115,52,م,,0.05769,0.51923,0.11538,0.19231,0.17308,0.26923
123,2,116,56,ن,creation|dialogue,0.07143,0.41071,0.17857,0.19643,0.125,0.19643
124,2,117,47,ن,creation|dialogue,0.12766,0.42553,0.23404,0.14894,0.12766,0.23404
125,2,118,103,ن,dialogue,0.07767,0.51456,0.24272,0.1068,0.1068,0.20388
126,2,119,46,م,hell|prophets,0.1087,0.3913,0.23913,0.17391,0.17391,0.13043
127,2,120,112,ر,dialogue,0.0625,0.44643,0.21429,0.125,0.17857,0.16964
128,2,121,70,ن,polytheism-rejection,0.04286,0.45714,0.27143,0.17143,0.2,0.22857
129,2,122,58,ن,prayer,0.05172,0.5,0.2069,0.06897,0.15517,0.15517
130,2,123,67,ن,,0.0597,0.43284,0.13433,0.20896,0.13433,0.22388
131,2,124,83,ن,prophets|dialogue,0.08434,0.44578,0.24096,0.10843,0.13253,0.16867
132,2,125,115,د,creation|prophets|prayer|dialogue,0.06957,0.43478,0.21739,0.13043,0.16522,0.21739
133,2,126,122,ر,punishment|hell|prophets|dialogue|polytheism-rejection|nature-imagery,0.13115,0.44262,0.21311,0.16393,0.18033,0.22131
134,2,127,65,م,prophets|dialogue,0.07692,0.46154,0.24615,0.07692,0.16923,0.21538
135,2,128,76,م,mercy,0.05263,0.52632,0.21053,0.09211,0.11842,0.21053
136,2,129,81,م,prophets,0.02469,0.46914,0.19753,0.17284,0.18519,0.23457
137,2,130,74,ن,prophets,0.09459,0.47297,0.13514,0.25676,0.2027,0.2027
138,2,131,33,ن,dialogue,0.12121,0.45455,0.24242,0.15152,0.18182,0.15152
139,2,132,70,ن,prophets|dialogue,0.07143,0.48571,0.22857,0.12857,0.12857,0.28571
140,2,133,114,ن,prophets|legal|prayer|dialogue|monotheism,0.0614,0.38596,0.29825,0.15789,0.24561,0.22807
141,2,134,54,ن,,0.01852,0.42593,0.2963,0.11111,0.12963,0.25926
142,2,135,63,ن,prophets|dialogue|polytheism-rejection,0.09524,0.47619,0.20635,0.12698,0.11111,0.25397
143,2,136,135,ن,prophets|dialogue,0.05926,0.51852,0.2,0.12593,0.17037,0.2963
144,2,137,79,م,,0.03797,0.43038,0.21519,0.20253,0.16456,0.31646
145,2,138,37,ن,prayer|dialogue,0.05405,0.43243,0.13514,0.32432,0.2973,0.21622
146,2,139,63,ن,prophets|dialogue,0.06349,0.53968,0.1746,0.12698,0.1746,0.26984
147,2,140,127,ن,prophets|legal|dialogue,0.07087,0.44882,0.23622,0.13386,0.22047,0.25984
148,2,141,54,ن,,0.01852,0.42593,0.2963,0.11111,0.12963,0.25926
149,2,142,89,م,dialogue,0.11236,0.46067,0.17978,0.16854,0.13483,0.17978
150,2,143,196,م,mercy|creation|prophets|legal,0.05102,0.47449,0.19898,0.11735,0.15816,0.15816
151,2,144,146,ن,creation|prophets|prayer,0.08904,0.4589,0.21918,0.17123,0.13699,0.25342
152,2,145,130,ن,,0.04615,0.35385,0.36154,0.08462,0.19231,0.26154
153,2,146,73,ن,,0.06849,0.52055,0.19178,0.13699,0.17808,0.26027
154,2,147,27,ن,,0.11111,0.59259,0.22222,0.07407,0.03704,0.25926
155,2,148,75,ر,eschatology,0.05333,0.44,0.25333,0.13333,0.17333,0.18667
156,2,149,66,ن,prophets|prayer,0.09091,0.4697,0.19697,0.19697,0.16667,0.25758
157,2,150,138,ن,prayer,0.05072,0.5,0.18841,0.19565,0.15217,0.24638
158,2,151,87,ن,prophets,0.02299,0.55172,0.21839,0.06897,0.09195,0.28736
159,2,152,32,ن,prayer|polytheism-rejection,0.125,0.5,0.21875,0.15625,0.03125,0.25
160,2,153,53,ن,prayer|dialogue,0.09434,0.45283,0.13208,0.15094,0.15094,0.15094
161,2,154,50,ن,,0.06,0.52,0.24,0.1,0.12,0.22
162,2,155,66,ن,nature-imagery,0.09091,0.54545,0.16667,0.13636,0.07576,0.31818
163,2,156,45,ن,dialogue,0.08889,0.4,0.22222,0.17778,0.22222,0.15556
164,2,157,42,ن,mercy|paradise,0.07143,0.52381,0.2381,0.16667,0.2619,0.30952
165,2,158,89,م,,0.08989,0.44944,0.16854,0.17978,0.20225,0.22472
166,2,159,91,ن,punishment|creation,0.0,0.51648,0.17582,0.0989,0.14286,0.18681
167,2,160,57,م,mercy,0.03509,0.45614,0.24561,0.10526,0.17544,0.2807
168,2,161,64,ن,punishment|polytheism-rejection,0.03125,0.48438,0.17188,0.14062,0.20312,0.21875
169,2,162,37,ن,punishment,0.05405,0.45946,0.05405,0.27027,0.18919,0.21622
170,2,163,35,م,mercy|prayer|monotheism,0.05714,0.48571,0.17143,0.2,0.31429,0.17143
171,2,164,187,ن,mercy|creation|nature-imagery,0.08556,0.4492,0.17647,0.17647,0.13904,0.21925
172,2,165,123,ب,punishment,0.03252,0.47967,0.17073,0.17073,0.1626,0.18699
173,2,166,57,ب,punishment,0.07018,0.31579,0.31579,0.10526,0.15789,0.24561
174,2,167,96,ر,hell|dialogue,0.08333,0.48958,0.1875,0.13542,0.16667,0.21875
175,2,168,68,ن,creation|legal,0.07353,0.41176,0.22059,0.11765,0.13235,0.19118
176,2,169,50,ن,,0.04,0.48,0.2,0.1,0.18,0.26
177,2,170,89,ن,dialogue,0.03371,0.42697,0.24719,0.10112,0.20225,0.20225
178,2,171,66,ن,polytheism-rejection|nature-imagery,0.06061,0.4697,0.18182,0.13636,0.13636,0.24242
179,2,172,62,ن,prayer|dialogue,0.06452,0.45161,0.25806,0.09677,0.12903,0.19355
180,2,173,93,م,mercy|legal|nature-imagery,0.09677,0.50538,0.11828,0.21505,0.22581,0.21505
181,2,174,122,م,punishment|hell|eschatology,0.04098,0.54098,0.18852,0.12295,0.13115,0.22951
182,2,175,61,ر,mercy|punishment|hell,0.09836,0.37705,0.16393,0.19672,0.16393,0.19672
183,2,176,58,د,,0.05172,0.34483,0.2931,0.17241,0.10345,0.17241
184,2,177,266,ن,prophets|legal|prayer,0.07519,0.46241,0.21805,0.1203,0.12782,0.24812
185,2,178,163,م,mercy|punishment|legal|dialogue,0.05521,0.36196,0.2454,0.19018,0.19632,0.22699
186,2,179,39,ن,,0.10256,0.4359,0.25641,0.12821,0.12821,0.20513
187,2,180,77,ن,legal,0.12987,0.45455,0.25974,0.11688,0.15584,0.18182
188,2,181,54,م,,0.0,0.44444,0.16667,0.2037,0.24074,0.24074
189,2,182,55,م,mercy,0.07273,0.45455,0.12727,0.30909,0.23636,0.30909
190,2,183,61,ن,dialogue,0.04918,0.45902,0.27869,0.06557,0.09836,0.19672
191,2,184,123,ن,creation,0.09756,0.4878,0.19512,0.1626,0.17886,0.25203
192,2,185,185,ن,creation|prayer,0.1027,0.48108,0.17297,0.17297,0.12973,0.2
193,2,186,77,ن,prophets,0.03896,0.42857,0.27273,0.11688,0.18182,0.19481
194,2,187,286,ن,mercy|creation|prayer,0.04545,0.44406,0.23427,0.15385,0.13287,0.21678
195,2,188,87,ن,legal,0.03448,0.45977,0.28736,0.05747,0.11494,0.27586
196,2,189,120,ن,prophets|dialogue,0.06667,0.46667,0.25,0.11667,0.14167,0.23333
197,2,190,59,ن,,0.0339,0.47458,0.22034,0.10169,0.10169,0.16949
198,2,191,130,ن,eschatology|polytheism-rejection,0.08462,0.40769,0.26923,0.2,0.14615,0.23846
199,2,192,24,م,mercy,0.08333,0.45833,0.125,0.29167,0.25,0.25
200,2,193,65,ن,prayer,0.03077,0.46154,0.18462,0.13846,0.13846,0.18462
201,2,194,107,ن,,0.09346,0.41121,0.15888,0.14019,0.15888,0.19626
202,2,195,66,ن,,0.0303,0.45455,0.22727,0.18182,0.18182,0.19697
203,2,196,290,ب,punishment|nature-imagery,0.07586,0.41379,0.2069,0.21724,0.18276,0.21379
204,2,197,121,ب,paradise|creation,0.07438,0.43802,0.17355,0.19835,0.13223,0.24793
205,2,198,110,ن,prayer,0.09091,0.42727,0.20909,0.18182,0.13636,0.22727
206,2,199,49,م,mercy,0.10204,0.42857,0.08163,0.32653,0.18367,0.22449
207,2,200,97,ق,prayer|dialogue,0.09278,0.40206,0.24742,0.18557,0.12371,0.20619
208,2,201,57,ر,punishment|hell|dialogue,0.08772,0.47368,0.14035,0.21053,0.17544,0.19298
209,2,202,35,ب,,0.05714,0.42857,0.2,0.2,0.17143,0.25714
210,2,203,103,ن,prayer|eschatology,0.04854,0.47573,0.18447,0.15534,0.17476,0.24272
211,2,204,65,م,legal,0.04615,0.44615,0.15385,0.2,0.16923,0.2
212,2,205,59,د,punishment|nature-imagery,0.05085,0.40678,0.11864,0.27119,0.13559,0.16949
213,2,206,52,د,hell|dialogue,0.03846,0.28846,0.25,0.30769,0.26923,0.17308
214,2,207,49,د,mercy,0.08163,0.42857,0.16327,0.20408,0.14286,0.22449
215,2,208,67,ن,dialogue,0.02985,0.41791,0.20896,0.14925,0.14925,0.20896
216,2,209,49,م,,0.0,0.40816,0.2449,0.14286,0.16327,0.22449
217,2,210,72,ر,nature-imagery,0.11111,0.54167,0.16667,0.13889,0.19444,0.18056
218,2,211,74,ب,punishment|polytheism-rejection,0.02703,0.43243,0.27027,0.14865,0.21622,0.18919
219,2,212,93,ب,paradise|eschatology|polytheism-rejection,0.08602,0.52688,0.11828,0.19355,0.10753,0.2043
220,2,213,214,م,prophets,0.03738,0.42991,0.18692,0.20561,0.16355,0.2243
221,2,214,127,ب,paradise|prophets|dialogue,0.08661,0.48031,0.20472,0.16535,0.14961,0.20472
222,2,215,104,م,prophets|legal|dialogue,0.06731,0.53846,0.17308,0.125,0.09615,0.25962
223,2,216,93,ن,,0.05376,0.47312,0.22581,0.13978,0.19355,0.23656
224,2,217,247,ن,hell|dialogue|polytheism-rejection,0.08907,0.43725,0.24696,0.16599,0.17814,0.20243
225,2,218,72,م,mercy,0.06944,0.52778,0.15278,0.18056,0.16667,0.20833
226,2,219,123,ن,dialogue,0.06504,0.50407,0.19512,0.15447,0.13008,0.2439
227,2,220,118,م,legal|dialogue,0.05085,0.48305,0.16102,0.19492,0.21186,0.18644
228,2,221,182,ن,mercy|paradise|hell|prayer|polytheism-rejection,0.04945,0.5,0.23077,0.13187,0.19231,0.22527
229,2,222,122,ن,mercy|dialogue,0.09836,0.44262,0.20492,0.21311,0.18852,0.18852
230,2,223,81,ن,nature-imagery,0.07407,0.45679,0.24691,0.14815,0.14815,0.28395
231,2,224,66,م,,0.07576,0.48485,0.18182,0.12121,0.15152,0.21212
232,2,225,65,م,mercy,0.03077,0.46154,0.23077,0.18462,0.15385,0.27692
233,2,226,54,م,mercy,0.11111,0.46296,0.18519,0.25926,0.25926,0.22222
234,2,227,29,م,legal,0.06897,0.48276,0.13793,0.13793,0.2069,0.2069
235,2,228,177,م,creation|legal,0.0904,0.48023,0.19774,0.19209,0.20339,0.17514
236,2,229,193,ن,legal,0.04145,0.3886,0.25389,0.18653,0.19689,0.21244
237,2,230,114,ن,legal,0.07895,0.40351,0.24561,0.18421,0.21053,0.14912
238,2,231,203,م,legal|prayer,0.06404,0.4335,0.2069,0.18719,0.17241,0.24631
239,2,232,147,ن,legal,0.06803,0.46939,0.22449,0.16327,0.18367,0.22449
240,2,233,288,ر,paradise,0.07986,0.45486,0.19097,0.14931,0.14931,0.22569
241,2,234,122,ر,,0.06557,0.45902,0.18033,0.22131,0.18033,0.27049
242,2,235,200,م,mercy|legal|dialogue,0.055,0.435,0.2,0.175,0.195,0.23
243,2,236,111,ن,paradise|legal,0.12613,0.44144,0.18018,0.16216,0.18018,0.20721
244,2,237,140,ر,legal,0.12857,0.45,0.24286,0.18571,0.15,0.26429
245,2,238,44,ن,prayer,0.13636,0.43182,0.11364,0.18182,0.09091,0.20455
246,2,239,65,ن,prayer,0.04615,0.43077,0.23077,0.13846,0.12308,0.30769
247,2,240,116,م,,0.05172,0.48276,0.13793,0.22414,0.18103,0.24138
248,2,241,34,ن,paradise|legal,0.14706,0.44118,0.23529,0.05882,0.11765,0.23529
249,2,242,31,ن,,0.03226,0.48387,0.29032,0.09677,0.16129,0.12903
250,2,243,106,ن,dialogue,0.07547,0.5,0.14151,0.19811,0.15094,0.19811
251,2,244,38,م,,0.02632,0.52632,0.10526,0.13158,0.15789,0.23684
252,2,245,69,ن,,0.18841,0.37681,0.15942,0.28986,0.17391,0.14493
253,2,246,217,ن,prophets|legal|dialogue,0.06912,0.47005,0.23963,0.08756,0.12442,0.18433
254,2,247,165,م,prophets|dialogue,0.05455,0.47273,0.19394,0.15152,0.17576,0.2
255,2,248,114,ن,prophets|dialogue,0.04386,0.5,0.2807,0.14912,0.20175,0.23684
256,2,249,240,ن,dialogue,0.08333,0.4875,0.18333,0.19583,0.15417,0.25
257,2,250,77,ن,dialogue|polytheism-rejection,0.14286,0.45455,0.20779,0.1039,0.07792,0.23377
258,2,251,122,ن,creation|prophets,0.04918,0.42623,0.17213,0.20492,0.17213,0.2377
259,2,252,41,ن,prophets,0.04878,0.5122,0.2439,0.09756,0.14634,0.12195
260,2,253,208,د,prophets|polytheism-rejection,0.06731,0.46635,0.20192,0.14423,0.13942,0.24519
261,2,254,87,ن,dialogue|polytheism-rejection,0.06897,0.49425,0.14943,0.16092,0.14943,0.25287
262,2,255,189,م,creation|monotheism,0.04762,0.45503,0.13228,0.21693,0.20635,0.22222
263,2,256,102,م,polytheism-rejection,0.08824,0.43137,0.19608,0.17647,0.11765,0.20588
264,2,257,118,ن,hell|polytheism-rejection,0.08475,0.51695,0.15254,0.15254,0.16102,0.19492
265,2,258,169,ن,creation|prophets|dialogue|polytheism-rejection,0.08876,0.45562,0.23077,0.16568,0.1716,0.18935
266,2,259,249,ر,dialogue,0.08835,0.40562,0.19679,0.19277,0.19679,0.18072
267,2,260,148,م,prophets|dialogue|nature-imagery,0.09459,0.44595,0.25676,0.14189,0.18243,0.16892
268,2,261,97,م,nature-imagery,0.02062,0.4433,0.16495,0.24742,0.18557,0.23711
269,2,262,92,ن,,0.04348,0.52174,0.13043,0.19565,0.17391,0.28261
270,2,263,44,م,mercy,0.13636,0.47727,0.13636,0.27273,0.25,0.25
271,2,264,174,ن,dialogue|polytheism-rejection,0.08621,0.43678,0.20115,0.16092,0.12069,0.2069
272,2,265,123,ر,paradise|nature-imagery,0.0813,0.41463,0.23577,0.21138,0.15447,0.28455
273,2,266,148,ن,paradise|hell|nature-imagery,0.09459,0.39189,0.26351,0.19595,0.2027,0.16216
274,2,267,125,د,creation|dialogue,0.056,0.472,0.208,0.168,0.168,0.256
275,2,268,68,م,mercy,0.08824,0.45588,0.14706,0.20588,0.17647,0.25
276,2,269,65,ب,prayer,0.06154,0.44615,0.27692,0.13846,0.18462,0.2
277,2,270,57,ر,,0.12281,0.57895,0.14035,0.17544,0.14035,0.26316
278,2,271,89,ر,,0.07865,0.41573,0.25843,0.16854,0.17978,0.26966
279,2,272,112,ن,prophets,0.05357,0.5,0.20536,0.16964,0.14286,0.25893
280,2,273,134,م,,0.08955,0.43284,0.15672,0.23134,0.1791,0.20149
281,2,274,79,ن,,0.06329,0.55696,0.08861,0.20253,0.18987,0.25316
282,2,275,186,ن,hell|legal|dialogue|eschatology,0.07527,0.45161,0.1828,0.17204,0.17204,0.23118
283,2,276,45,م,punishment|polytheism-rejection,0.13333,0.44444,0.22222,0.15556,0.11111,0.17778
284,2,277,87,ن,prayer,0.05747,0.47126,0.13793,0.18391,0.2069,0.24138
285,2,278,54,ن,dialogue,0.07407,0.51852,0.2037,0.07407,0.11111,0.22222
286,2,279,72,ن,mercy|prophets,0.06944,0.52778,0.20833,0.16667,0.125,0.34722
287,2,280,52,ن,,0.13462,0.48077,0.23077,0.19231,0.19231,0.19231
288,2,281,54,ن,,0.05556,0.46296,0.18519,0.18519,0.09259,0.2963
289,2,282,551,م,legal|dialogue,0.05445,0.40653,0.2686,0.15789,0.17241,0.19419
290,2,283,138,م,legal,0.06522,0.4058,0.26812,0.16667,0.17391,0.26087
291,2,284,103,ر,mercy|punishment|creation,0.04854,0.42718,0.19417,0.2233,0.16505,0.26214
292,2,285,118,ر,mercy|prophets|dialogue,0.10169,0.50847,0.22034,0.14407,0.16949,0.23729
293,2,286,196,ن,mercy|polytheism-rejection,0.07653,0.41837,0.16837,0.14796,0.14796,0.17347
294,3,1,3,م,,0.0,0.66667,0.0,0.0,0.0,0.33333
295,3,2,24,م,monotheism,0.04167,0.5,0.125,0.16667,0.25,0.125
296,3,3,53,ل,prophets,0.07547,0.45283,0.26415,0.11321,0.11321,0.15094
297,3,4,74,م,punishment|polytheism-rejection,0.06757,0.41892,0.2027,0.18919,0.12162,0.16216
298,3,5,37,ء,creation,0.05405,0.43243,0.10811,0.24324,0.21622,0.13514
299,3,6,50,م,monotheism,0.06,0.44,0.14,0.24,0.2,0.16
300,3,7,197,ب,prophets|dialogue,0.03046,0.42132,0.24365,0.15736,0.18782,0.23858
301,3,8,54,ب,mercy,0.05556,0.38889,0.31481,0.14815,0.18519,0.18519
302,3,9,47,د,,0.04255,0.48936,0.14894,0.12766,0.14894,0.17021
303,3,10,66,ر,hell|polytheism-rejection,0.04545,0.5303,0.18182,0.13636,0.19697,0.22727
304,3,11,68,ب,punishment|polytheism-rejection,0.04412,0.38235,0.27941,0.19118,0.17647,0.26471
305,3,12,43,د,hell|eschatology|polytheism-rejection,0.06977,0.46512,0.23256,0.2093,0.13953,0.23256
306,3,13,116,ر,polytheism-rejection,0.10345,0.44828,0.24138,0.18966,0.18966,0.16379
307,3,14,125,ب,nature-imagery,0.064,0.472,0.128,0.192,0.152,0.176
308,3,15,107,د,paradise|dialogue,0.11215,0.43925,0.25234,0.15888,0.16822,0.18692
309,3,16,50,ر,mercy|punishment|hell|dialogue,0.1,0.5,0.14,0.12,0.08,0.2
310,3,17,54,ر,mercy,0.14815,0.5,0.16667,0.14815,0.05556,0.18519
311,3,18,72,م,creation|legal|monotheism,0.04167,0.40278,0.20833,0.18056,0.26389,0.15278
312,3,19,107,ب,polytheism-rejection,0.01869,0.42056,0.21495,0.14019,0.17757,0.19626
313,3,20,122,د,dialogue,0.04098,0.43443,0.27869,0.13115,0.15574,0.2541
314,3,21,88,م,punishment|prophets|polytheism-rejection,0.10227,0.52273,0.22727,0.13636,0.10227,0.21591
315,3,22,50,ن,,0.08,0.5,0.18,0.16,0.2,0.2
316,3,23,81,ن,prophets,0.07407,0.50617,0.22222,0.12346,0.1358,0.24691
317,3,24,65,ن,hell|dialogue,0.06154,0.47692,0.2,0.12308,0.12308,0.23077
318,3,25,53,ن,,0.03774,0.49057,0.16981,0.22642,0.09434,0.33962
319,3,26,92,ر,dialogue,0.04348,0.43478,0.30435,0.1087,0.13043,0.15217
320,3,27,86,ب,paradise,0.0814,0.52326,0.18605,0.15116,0.10465,0.17442
321,3,28,113,ر,polytheism-rejection,0.0531,0.53097,0.15929,0.17699,0.15044,0.20354
322,3,29,79,ر,creation|dialogue,0.08861,0.46835,0.18987,0.16456,0.1519,0.25316
323,3,30,96,د,mercy,0.05208,0.46875,0.21875,0.16667,0.16667,0.28125
324,3,31,62,م,mercy|prophets|dialogue,0.06452,0.5,0.22581,0.19355,0.16129,0.30645
325,3,32,47,ن,prophets|dialogue|polytheism-rejection,0.08511,0.48936,0.17021,0.14894,0.14894,0.19149
326,3,33,48,ن,prophets,0.08333,0.47917,0.16667,0.10417,0.22917,0.20833
327,3,34,27,م,,0.11111,0.44444,0.07407,0.25926,0.25926,0.22222
328,3,35,66,م,prophets|dialogue,0.13636,0.48485,0.27273,0.09091,0.13636,0.18182
329,3,36,109,م,mercy|prophets|dialogue,0.09174,0.44037,0.20183,0.16514,0.16514,0.18349
330,3,37,138,ب,paradise|prophets|prayer|dialogue,0.10145,0.36957,0.23913,0.19565,0.16667,0.15942
331,3,38,52,ء,dialogue,0.11538,0.38462,0.28846,0.15385,0.19231,0.11538
332,3,39,92,ن,prophets|prayer,0.09783,0.45652,0.18478,0.19565,0.1413,0.21739
333,3,40,63,ء,dialogue,0.12698,0.46032,0.25397,0.09524,0.12698,0.15873
334,3,41,80,ر,prayer|dialogue,0.1,0.375,0.275,0.1375,0.1375,0.1375
335,3,42,60,ن,prophets|dialogue,0.13333,0.38333,0.21667,0.15,0.15,0.15
336,3,43,37,ن,prophets|prayer,0.13514,0.51351,0.21622,0.02703,0.08108,0.16216
337,3,44,81,ن,prophets,0.04938,0.51852,0.25926,0.16049,0.18519,0.23457
338,3,45,91,ن,prophets|dialogue,0.07692,0.49451,0.17582,0.16484,0.15385,0.20879
339,3,46,33,ن,,0.0303,0.54545,0.09091,0.18182,0.09091,0.21212
340,3,47,79,ن,creation|dialogue,0.11392,0.48101,0.24051,0.1519,0.10127,0.17722
341,3,48,35,ل,,0.02857,0.48571,0.2,0.11429,0.17143,0.22857
342,3,49,187,ن,prophets|nature-imagery,0.07487,0.47594,0.32086,0.12834,0.19251,0.22995
343,3,50,80,ن,legal,0.1,0.4875,0.2625,0.1125,0.15,0.2625
344,3,51,34,م,prayer,0.17647,0.38235,0.26471,0.20588,0.14706,0.26471
345,3,52,86,ن,prophets|dialogue|polytheism-rejection,0.09302,0.47674,0.13953,0.18605,0.17442,0.17442
346,3,53,46,ن,prophets|legal,0.04348,0.3913,0.23913,0.1087,0.1087,0.21739
347,3,54,30,ن,polytheism-rejection,0.13333,0.63333,0.1,0.1,0.1,0.23333
348,3,55,132,ن,prophets|dialogue|eschatology|polytheism-rejection,0.06818,0.46212,0.2197,0.15909,0.12879,0.25
349,3,56,60,ن,punishment|polytheism-rejection,0.06667,0.41667,0.15,0.21667,0.15,0.23333
350,3,57,59,ن,,0.05085,0.52542,0.10169,0.16949,0.15254,0.27119
351,3,58,32,م,prophets,0.03125,0.5,0.21875,0.125,0.125,0.125
352,3,59,47,ن,creation|prophets|dialogue,0.06383,0.44681,0.23404,0.19149,0.17021,0.17021
353,3,60,25,ن,,0.12,0.56,0.24,0.08,0.04,0.24
354,3,61,114,ن,punishment|dialogue,0.00877,0.39474,0.25439,0.14035,0.17544,0.22807
355,3,62,54,م,monotheism,0.07407,0.44444,0.12963,0.24074,0.24074,0.12963
356,3,63,28,ن,,0.0,0.5,0.17857,0.17857,0.14286,0.28571
357,3,64,129,ن,legal|prayer|dialogue|polytheism-rejection,0.04651,0.4031,0.24806,0.13178,0.15504,0.22481
358,3,65,70,ن,prophets,0.04286,0.42857,0.27143,0.11429,0.18571,0.2
359,3,66,75,ن,,0.0,0.48,0.21333,0.14667,0.2,0.28
360,3,67,61,ن,prophets|polytheism-rejection,0.06557,0.54098,0.13115,0.11475,0.06557,0.21311
361,3,68,66,ن,prophets,0.01515,0.54545,0.15152,0.12121,0.15152,0.22727
362,3,69,54,ن,,0.07407,0.5,0.2037,0.16667,0.14815,0.27778
363,3,70,39,ن,legal|polytheism-rejection,0.02564,0.41026,0.33333,0.12821,0.15385,0.20513
364,3,71,52,ن,,0.05769,0.44231,0.32692,0.07692,0.11538,0.25
365,3,72,79,ن,polytheism-rejection,0.07595,0.44304,0.20253,0.1519,0.20253,0.18987
366,3,73,115,م,dialogue,0.03478,0.44348,0.27826,0.11304,0.2,0.18261
367,3,74,34,م,mercy,0.11765,0.44118,0.11765,0.29412,0.17647,0.20588
368,3,75,144,ن,dialogue,0.04861,0.5,0.25694,0.10417,0.1875,0.20139
369,3,76,36,ن,,0.05556,0.36111,0.27778,0.16667,0.19444,0.25
370,3,77,116,م,punishment|eschatology,0.06034,0.53448,0.14655,0.17241,0.18966,0.19828
371,3,78,120,ن,dialogue,0.03333,0.54167,0.18333,0.125,0.14167,0.29167
372,3,79,120,ن,prophets,0.03333,0.50833,0.25,0.075,0.075,0.25
373,3,80,67,ن,prophets|polytheism-rejection,0.0597,0.46269,0.31343,0.08955,0.16418,0.26866
374,3,81,146,ن,prophets|legal|dialogue,0.11644,0.43836,0.26712,0.15068,0.15753,0.20548
375,3,82,29,ن,,0.03448,0.37931,0.27586,0.2069,0.13793,0.31034
376,3,83,62,ن,creation,0.09677,0.51613,0.16129,0.17742,0.19355,0.22581
377,3,84,126,ن,prophets|dialogue,0.06349,0.51587,0.18254,0.13492,0.1746,0.28571
378,3,85,52,ن,,0.07692,0.53846,0.13462,0.21154,0.17308,0.21154
379,3,86,83,ن,prophets|legal|polytheism-rejection,0.07229,0.46988,0.19277,0.15663,0.14458,0.21687
380,3,87,47,ن,punishment|eschatology,0.0,0.44681,0.21277,0.14894,0.29787,0.14894
381,3,88,37,ن,punishment,0.05405,0.45946,0.05405,0.27027,0.18919,0.21622
382,3,89,43,م,mercy,0.06977,0.44186,0.18605,0.2093,0.18605,0.23256
383,3,90,62,ن,mercy|polytheism-rejection,0.06452,0.41935,0.27419,0.14516,0.12903,0.25806
384,3,91,91,ن,punishment|creation|polytheism-rejection,0.07692,0.47253,0.20879,0.17582,0.16484,0.28571
385,3,92,56,م,,0.05357,0.46429,0.21429,0.14286,0.125,0.28571
386,3,93,99,ن,creation|prophets|legal|dialogue,0.10101,0.41414,0.25253,0.14141,0.16162,0.15152
387,3,94,44,ن,,0.04545,0.40909,0.20455,0.18182,0.13636,0.25
388,3,95,47,ن,prophets|dialogue|polytheism-rejection,0.10638,0.44681,0.19149,0.17021,0.12766,0.23404
389,3,96,42,ن,prayer,0.04762,0.47619,0.2381,0.11905,0.14286,0.21429
390,3,97,99,ن,prophets|polytheism-rejection,0.0404,0.45455,0.19192,0.15152,0.18182,0.18182
391,3,98,50,ن,legal|dialogue|polytheism-rejection,0.04,0.44,0.24,0.12,0.16,0.18
392,3,99,77,ن,legal|dialogue,0.02597,0.42857,0.23377,0.14286,0.19481,0.23377
393,3,100,69,ن,dialogue,0.07246,0.46377,0.26087,0.07246,0.11594,0.2029
394,3,101,74,م,prophets|polytheism-rejection,0.10811,0.45946,0.27027,0.16216,0.12162,0.24324
395,3,102,54,ن,dialogue,0.05556,0.46296,0.24074,0.11111,0.14815,0.2037
396,3,103,157,ن,hell|prayer,0.05732,0.40127,0.26115,0.16561,0.17834,0.24204
397,3,104,70,ن,legal,0.05714,0.61429,0.17143,0.1,0.18571,0.3
398,3,105,65,م,punishment,0.04615,0.41538,0.24615,0.12308,0.13846,0.27692
399,3,106,81,ن,punishment|dialogue|polytheism-rejection,0.04938,0.40741,0.2963,0.17284,0.11111,0.35802
400,3,107,43,ن,mercy,0.04651,0.44186,0.11628,0.30233,0.2093,0.27907
401,3,108,49,ن,prophets,0.06122,0.5102,0.18367,0.10204,0.14286,0.12245
402,3,109,44,ر,creation,0.09091,0.5,0.13636,0.13636,0.13636,0.25
403,3,110,113,ن,legal,0.0708,0.53982,0.21239,0.13274,0.17699,0.25664
404,3,111,48,ن,,0.125,0.5625,0.22917,0.08333,0.08333,0.22917
405,3,112,152,ن,prophets|polytheism-rejection,0.07237,0.44079,0.23026,0.16447,0.15789,0.24342
406,3,113,59,ن,prayer,0.01695,0.45763,0.25424,0.13559,0.20339,0.16949
407,3,114,84,ن,legal,0.08333,0.61905,0.11905,0.10714,0.15476,0.2619
408,3,115,40,ن,,0.075,0.6,0.1,0.15,0.125,0.3
409,3,116,77,ن,hell|polytheism-rejection,0.03896,0.48052,0.16883,0.18182,0.22078,0.20779
410,3,117,98,ن,punishment|nature-imagery,0.10204,0.45918,0.13265,0.30612,0.17347,0.2449
411,3,118,125,ن,creation|dialogue,0.064,0.416,0.296,0.12,0.152,0.24
412,3,119,127,ر,dialogue,0.06299,0.45669,0.24409,0.12598,0.16535,0.25984
413,3,120,88,ط,,0.09091,0.40909,0.27273,0.21591,0.19318,0.23864
414,3,121,49,م,prophets|prayer,0.04082,0.4898,0.26531,0.10204,0.20408,0.22449
415,3,122,57,ن,,0.01754,0.49123,0.19298,0.15789,0.15789,0.24561
416,3,123,47,ن,,0.12766,0.44681,0.29787,0.14894,0.12766,0.21277
417,3,124,60,ن,prayer|dialogue,0.03333,0.53333,0.26667,0.13333,0.13333,0.23333
418,3,125,69,ن,,0.07246,0.46377,0.27536,0.15942,0.13043,0.34783
419,3,126,68,م,creation,0.07353,0.47059,0.20588,0.13235,0.16176,0.20588
420,3,127,43,ن,polytheism-rejection,0.13953,0.44186,0.27907,0.13953,0.11628,0.25581
421,3,128,45,ن,mercy|punishment|prophets,0.04444,0.53333,0.2,0.17778,0.22222,0.28889
422,3,129,61,م,mercy|punishment|creation,0.08197,0.52459,0.08197,0.22951,0.14754,0.27869
423,3,130,62,ن,dialogue,0.06452,0.3871,0.17742,0.16129,0.17742,0.19355
424,3,131,27,ن,hell|polytheism-rejection,0.11111,0.44444,0.25926,0.03704,0.07407,0.11111
425,3,132,29,ن,mercy|prophets,0.10345,0.58621,0.13793,0.10345,0.17241,0.24138
426,3,133,55,ن,mercy|paradise|creation,0.14545,0.43636,0.2,0.16364,0.18182,0.21818
427,3,134,71,ن,mercy,0.08451,0.50704,0.07042,0.19718,0.11268,0.15493
428,3,135,104,ن,mercy|prayer,0.05769,0.48077,0.07692,0.25,0.16346,0.29808
429,3,136,70,ن,mercy|paradise,0.07143,0.44286,0.22857,0.17143,0.22857,0.18571
430,3,137,54,ن,creation|polytheism-rejection,0.14815,0.40741,0.24074,0.2037,0.07407,0.22222
431,3,138,29,ن,,0.06897,0.48276,0.13793,0.2069,0.13793,0.2069
432,3,139,41,ن,,0.0,0.56098,0.21951,0.07317,0.17073,0.2439
433,3,140,105,ن,,0.06667,0.49524,0.17143,0.18095,0.13333,0.2
434,3,141,33,ن,punishment|polytheism-rejection,0.09091,0.57576,0.09091,0.18182,0.12121,0.21212
435,3,142,60,ن,paradise|creation,0.03333,0.5,0.18333,0.13333,0.15,0.21667
436,3,143,51,ن,,0.13725,0.54902,0.35294,0.07843,0.09804,0.29412
437,3,144,107,ن,prophets,0.11215,0.4486,0.25234,0.14019,0.14953,0.18692
438,3,145,99,ن,,0.0404,0.44444,0.24242,0.15152,0.14141,0.19192
439,3,146,88,ن,prophets,0.07955,0.47727,0.15909,0.17045,0.11364,0.28409
440,3,147,87,ن,mercy|dialogue|polytheism-rejection,0.12644,0.45977,0.18391,0.11494,0.09195,0.22989
441,3,148,50,ن,,0.02,0.42,0.14,0.26,0.2,0.2
442,3,149,64,ن,dialogue|polytheism-rejection,0.09375,0.4375,0.23438,0.10938,0.14062,0.1875
443,3,150,26,ن,,0.11538,0.61538,0.07692,0.15385,0.11538,0.23077
444,3,151,84,ن,hell|polytheism-rejection,0.09524,0.4881,0.16667,0.15476,0.08333,0.2619
445,3,152,166,ن,mercy|prophets,0.07831,0.46988,0.22289,0.16867,0.15663,0.25301
446,3,153,106,ن,prophets|prayer|nature-imagery,0.04717,0.42453,0.22642,0.15094,0.16038,0.28302
447,3,154,291,ر,dialogue,0.08247,0.49141,0.20275,0.17526,0.15464,0.22337
448,3,155,89,م,mercy,0.05618,0.44944,0.17978,0.1573,0.14607,0.22472
449,3,156,157,ر,dialogue|polytheism-rejection,0.07006,0.48408,0.16561,0.1465,0.12739,0.2293
450,3,157,53,ن,mercy,0.07547,0.58491,0.15094,0.18868,0.18868,0.30189
451,3,158,28,ن,eschatology,0.07143,0.53571,0.28571,0.10714,0.17857,0.21429
452,3,159,121,ن,mercy|prophets,0.06612,0.46281,0.1405,0.23967,0.16529,0.26446
453,3,160,75,ن,,0.05333,0.53333,0.16,0.17333,0.13333,0.22667
454,3,161,68,ن,prophets|legal|eschatology,0.02941,0.54412,0.17647,0.16176,0.10294,0.29412
455,3,162,53,ر,hell,0.09434,0.43396,0.22642,0.18868,0.18868,0.28302
456,3,163,32,ن,,0.09375,0.5,0.1875,0.125,0.15625,0.21875
457,3,164,107,ن,prophets,0.03738,0.51402,0.17757,0.16822,0.16822,0.25234
458,3,165,73,ر,dialogue,0.10959,0.38356,0.31507,0.17808,0.19178,0.19178
459,3,166,47,ن,,0.04255,0.51064,0.19149,0.08511,0.12766,0.2766
460,3,167,151,ن,dialogue|polytheism-rejection,0.06623,0.50993,0.19205,0.11921,0.13245,0.28477
461,3,168,74,ن,dialogue,0.10811,0.43243,0.25676,0.09459,0.13514,0.21622
462,3,169,54,ن,paradise,0.07407,0.44444,0.24074,0.16667,0.14815,0.2037
463,3,170,78,ن,,0.05128,0.51282,0.11538,0.26923,0.19231,0.29487
464,3,171,47,ن,,0.08511,0.55319,0.14894,0.17021,0.17021,0.21277
465,3,172,69,م,prophets,0.10145,0.44928,0.18841,0.17391,0.14493,0.21739
466,3,173,77,ل,dialogue|eschatology,0.03896,0.44156,0.14286,0.18182,0.12987,0.20779
467,3,174,64,م,,0.09375,0.48438,0.09375,0.25,0.14062,0.3125
468,3,175,54,ن,,0.01852,0.48148,0.18519,0.2037,0.18519,0.27778
469,3,176,87,م,punishment|prophets|polytheism-rejection,0.09195,0.48276,0.10345,0.22989,0.1954,0.13793
470,3,177,53,م,punishment|polytheism-rejection,0.07547,0.49057,0.15094,0.15094,0.13208,0.16981
471,3,178,74,ن,punishment|polytheism-rejection,0.02703,0.54054,0.12162,0.2027,0.16216,0.24324
472,3,179,146,م,prophets,0.05479,0.50685,0.19178,0.13014,0.15068,0.20548
473,3,180,122,ر,creation|eschatology,0.08197,0.51639,0.13115,0.20492,0.15574,0.27869
474,3,181,95,ق,punishment|hell|prophets|dialogue,0.13684,0.44211,0.24211,0.14737,0.15789,0.17895
475,3,182,37,د,,0.05405,0.45946,0.32432,0.10811,0.10811,0.21622
476,3,183,120,ن,hell|creation|prophets|dialogue,0.10833,0.45833,0.30833,0.09167,0.11667,0.15833
477,3,184,55,ر,prophets|polytheism-rejection,0.09091,0.38182,0.36364,0.10909,0.03636,0.27273
478,3,185,99,ر,paradise|hell|eschatology,0.07071,0.43434,0.18182,0.19192,0.16162,0.22222
479,3,186,108,ر,polytheism-rejection,0.06481,0.49074,0.25926,0.12037,0.09259,0.28704
480,3,187,99,ن,prophets|dialogue,0.07071,0.43434,0.21212,0.21212,0.13131,0.23232
481,3,188,86,م,punishment,0.01163,0.44186,0.17442,0.2093,0.16279,0.32558
482,3,189,38,ر,creation,0.10526,0.5,0.18421,0.13158,0.13158,0.15789
483,3,190,57,ب,creation,0.07018,0.47368,0.19298,0.12281,0.14035,0.17544
484,3,191,100,ر,punishment|hell|creation|prayer|dialogue,0.12,0.41,0.2,0.16,0.1,0.21
485,3,192,45,ر,hell,0.13333,0.48889,0.22222,0.15556,0.13333,0.15556
486,3,193,95,ر,mercy|dialogue,0.07368,0.47368,0.2,0.09474,0.11579,0.24211
487,3,194,58,د,prophets|eschatology,0.05172,0.43103,0.2069,0.10345,0.13793,0.17241
488,3,195,188,ب,paradise,0.06915,0.43617,0.21277,0.17553,0.18085,0.2234
489,3,196,29,د,polytheism-rejection,0.10345,0.44828,0.24138,0.13793,0.03448,0.17241
490,3,197,30,د,hell,0.03333,0.43333,0.23333,0.16667,0.2,0.3
491,3,198,85,ر,paradise,0.08235,0.47059,0.18824,0.15294,0.16471,0.11765
492,3,199,121,ب,,0.04132,0.49587,0.21488,0.14876,0.21488,0.17355
493,3,200,57,ن,dialogue,0.12281,0.45614,0.17544,0.12281,0.10526,0.26316
494,4,1,125,ا,creation,0.08,0.416,0.2,0.176,0.144,0.184
495,4,2,82,ا,legal,0.02439,0.42683,0.29268,0.07317,0.14634,0.28049
496,4,3,115,ا,legal,0.03478,0.38261,0.25217,0.14783,0.14783,0.25217
497,4,4,58,ا,legal,0.06897,0.39655,0.24138,0.22414,0.22414,0.17241
498,4,5,79,ا,mercy|creation,0.07595,0.4557,0.17722,0.1519,0.13924,0.29114
499,4,6,186,ا,legal|eschatology,0.03763,0.39247,0.21505,0.19355,0.17204,0.27419
500,4,7,91,ا,,0.15385,0.52747,0.21978,0.08791,0.05495,0.25275
501,4,8,70,ا,mercy|legal,0.14286,0.48571,0.14286,0.17143,0.11429,0.3
502,4,9,71,ا,,0.08451,0.47887,0.11268,0.22535,0.12676,0.22535
503,4,10,63,ا,hell|legal,0.07937,0.55556,0.15873,0.11111,0.11111,0.20635
504,4,11,271,ا,creation|legal,0.05535,0.4428,0.22509,0.21033,0.18081,0.21033
505,4,12,299,م,creation|legal,0.07358,0.49498,0.22408,0.17057,0.15385,0.2408
506,4,13,79,م,paradise|prophets,0.06329,0.44304,0.18987,0.21519,0.17722,0.13924
507,4,14,55,ن,punishment|hell|prophets,0.05455,0.43636,0.12727,0.25455,0.23636,0.18182
508,4,15,107,ا,legal,0.00935,0.41121,0.20561,0.2243,0.18692,0.21495
509,4,16,70,ا,mercy,0.05714,0.38571,0.18571,0.18571,0.2,0.21429
510,4,17,90,ا,mercy,0.02222,0.51111,0.18889,0.13333,0.17778,0.23333
511,4,18,106,ا,mercy|punishment|dialogue|polytheism-rejection,0.03774,0.4434,0.24528,0.14151,0.17925,0.18868
512,4,19,157,ا,mercy|legal|dialogue,0.06369,0.42038,0.19745,0.20382,0.21019,0.19108
513,4,20,83,ا,,0.04819,0.33735,0.3253,0.18072,0.19277,0.20482
514,4,21,49,ا,,0.12245,0.32653,0.26531,0.26531,0.20408,0.2449
515,4,22,63,ا,legal,0.03175,0.33333,0.26984,0.19048,0.1746,0.20635
516,4,23,265,ا,mercy|legal,0.04151,0.42264,0.28302,0.12453,0.17736,0.24151
517,4,24,185,ا,legal,0.05946,0.44865,0.21622,0.17297,0.17297,0.23784
518,4,25,264,م,mercy|punishment|legal,0.06439,0.44318,0.20833,0.19697,0.18561,0.24621
519,4,26,61,م,mercy|legal,0.03279,0.62295,0.19672,0.09836,0.09836,0.22951
520,4,27,60,ا,mercy,0.05,0.56667,0.18333,0.08333,0.11667,0.2
521,4,28,34,ا,creation,0.08824,0.44118,0.14706,0.23529,0.20588,0.14706
522,4,29,99,ا,mercy|legal|dialogue,0.06061,0.44444,0.29293,0.08081,0.13131,0.20202
523,4,30,53,ا,hell,0.07547,0.49057,0.07547,0.20755,0.09434,0.18868
524,4,31,56,ا,paradise|legal,0.05357,0.42857,0.32143,0.10714,0.16071,0.21429
525,4,32,108,ا,creation,0.06481,0.42593,0.2037,0.16667,0.12037,0.23148
526,4,33,88,ا,creation|legal,0.05682,0.47727,0.23864,0.10227,0.13636,0.19318
527,4,34,192,ا,,0.08854,0.39062,0.17188,0.20833,0.16667,0.22917
528,4,35,92,ا,,0.06522,0.40217,0.19565,0.20652,0.22826,0.20652
529,4,36,158,ا,legal|prayer|polytheism-rejection,0.05696,0.43671,0.21519,0.10759,0.08228,0.23418
530,4,37,78,ا,punishment|polytheism-rejection,0.03846,0.5,0.16667,0.15385,0.14103,0.23077
531,4,38,85,ا,,0.09412,0.55294,0.15294,0.11765,0.11765,0.2
532,4,39,68,ا,,0.05882,0.52941,0.11765,0.14706,0.17647,0.29412
533,4,40,55,ا,,0.10909,0.41818,0.18182,0.23636,0.21818,0.12727
534,4,41,43,ا,prophets|legal,0.0,0.27907,0.34884,0.2093,0.25581,0.16279
535,4,42,61,ا,creation|prophets|polytheism-rejection,0.08197,0.5082,0.14754,0.18033,0.09836,0.2459
536,4,43,205,ا,mercy|creation|prayer|dialogue,0.06341,0.40488,0.24878,0.13659,0.15122,0.2439
537,4,44,64,ل,,0.09375,0.51562,0.21875,0.10938,0.07812,0.17188
538,4,45,44,ا,,0.04545,0.40909,0.22727,0.13636,0.18182,0.25
539,4,46,177,ا,punishment|dialogue|polytheism-rejection,0.08475,0.52542,0.11864,0.14124,0.16384,0.23729
540,4,47,121,ا,punishment|prophets|dialogue,0.06612,0.41322,0.2314,0.12397,0.16529,0.2314
541,4,48,69,ا,mercy|polytheism-rejection,0.10145,0.44928,0.18841,0.21739,0.14493,0.2029
542,4,49,54,ا,nature-imagery,0.03704,0.53704,0.16667,0.18519,0.11111,0.18519
543,4,50,40,ا,,0.075,0.4,0.2,0.2,0.1,0.25
544,4,51,94,ا,prayer|polytheism-rejection,0.05319,0.48936,0.25532,0.09574,0.11702,0.2234
545,4,52,43,ا,punishment,0.04651,0.55814,0.13953,0.16279,0.18605,0.11628
546,4,53,37,ا,nature-imagery,0.08108,0.51351,0.18919,0.13514,0.10811,0.18919
547,4,54,80,ا,prophets,0.05,0.4,0.225,0.175,0.2,0.2
548,4,55,38,ا,hell,0.05263,0.5,0.15789,0.23684,0.21053,0.36842
549,4,56,95,ا,punishment|hell|polytheism-rejection,0.06316,0.42105,0.2,0.17895,0.12632,0.16842
550,4,57,100,ا,paradise,0.07,0.42,0.18,0.22,0.19,0.16
551,4,58,102,ا,,0.03922,0.40196,0.2549,0.12745,0.22549,0.15686
552,4,59,132,ا,prophets|dialogue,0.06061,0.51515,0.19697,0.13636,0.18939,0.20455
553,4,60,125,ا,prophets|polytheism-rejection,0.088,0.496,0.248,0.104,0.152,0.2
554,4,61,65,ا,prophets|dialogue,0.09231,0.47692,0.2,0.12308,0.13846,0.15385
555,4,62,73,ا,,0.06849,0.34247,0.31507,0.20548,0.19178,0.24658
556,4,63,65,ا,,0.09231,0.47692,0.15385,0.23077,0.23077,0.27692
557,4,64,105,ا,mercy|prophets,0.07619,0.45714,0.1619,0.20952,0.1619,0.2381
558,4,65,77,ا,prophets,0.06494,0.48052,0.19481,0.19481,0.09091,0.28571
559,4,66,107,ا,,0.05607,0.47664,0.21495,0.14019,0.17757,0.26168
560,4,67,27,ا,,0.07407,0.44444,0.22222,0.11111,0.18519,0.14815
561,4,68,21,ا,,0.19048,0.42857,0.19048,0.19048,0.09524,0.19048
562,4,69,92,ا,prophets,0.07609,0.53261,0.15217,0.15217,0.17391,0.18478
563,4,70,28,ا,,0.03571,0.46429,0.10714,0.21429,0.10714,0.21429
564,4,71,49,ا,dialogue,0.06122,0.40816,0.14286,0.20408,0.14286,0.2449
565,4,72,63,ا,dialogue,0.07937,0.44444,0.30159,0.14286,0.22222,0.22222
566,4,73,75,ا,dialogue,0.05333,0.50667,0.22667,0.17333,0.13333,0.28
567,4,74,93,ا,,0.07527,0.46237,0.1828,0.21505,0.13978,0.17204
568,4,75,139,ا,dialogue,0.07914,0.53237,0.15108,0.1223,0.09353,0.16547
569,4,76,98,ا,polytheism-rejection,0.08163,0.45918,0.20408,0.14286,0.07143,0.16327
570,4,77,204,ا,prayer|dialogue|nature-imagery,0.09314,0.44608,0.23529,0.14216,0.14706,0.16176
571,4,78,143,ا,dialogue,0.06294,0.46853,0.23776,0.18182,0.16783,0.23077
572,4,79,73,ا,prophets|legal,0.05479,0.41096,0.17808,0.26027,0.13699,0.23288
573,4,80,49,ا,prophets,0.12245,0.44898,0.16327,0.18367,0.16327,0.20408
574,4,81,101,ا,dialogue,0.07921,0.44554,0.22772,0.15842,0.15842,0.24752
575,4,82,56,ا,,0.08929,0.46429,0.21429,0.14286,0.125,0.17857
576,4,83,135,ا,mercy|prophets,0.06667,0.51111,0.17778,0.14815,0.19259,0.23704
577,4,84,87,ا,punishment|prophets|polytheism-rejection,0.04598,0.3908,0.24138,0.21839,0.13793,0.17241
578,4,85,77,ا,,0.02597,0.4026,0.12987,0.2987,0.22078,0.16883
579,4,86,57,ا,,0.01754,0.36842,0.22807,0.24561,0.26316,0.17544
580,4,87,61,ا,eschatology|monotheism,0.06557,0.4918,0.18033,0.16393,0.19672,0.18033
581,4,88,88,ا,creation|polytheism-rejection,0.05682,0.47727,0.22727,0.18182,0.125,0.22727
582,4,89,128,ا,punishment|polytheism-rejection,0.04688,0.46875,0.1875,0.20312,0.125,0.30469
583,4,90,168,ا,creation,0.08333,0.5,0.2381,0.13095,0.13095,0.2619
584,4,91,162,ا,punishment|creation|polytheism-rejection,0.05556,0.51235,0.22222,0.15432,0.15432,0.27778
585,4,92,235,ا,mercy,0.09787,0.49787,0.24681,0.1617,0.20426,0.26383
586,4,93,70,ا,punishment|hell|eschatology,0.04286,0.37143,0.18571,0.21429,0.25714,0.21429
587,4,94,170,ا,dialogue,0.05294,0.47059,0.21176,0.14706,0.12941,0.21176
588,4,95,172,ا,,0.06977,0.47093,0.16279,0.16279,0.16279,0.19186
589,4,96,37,ا,mercy,0.13514,0.48649,0.10811,0.27027,0.21622,0.27027
590,4,97,128,ا,hell|creation|dialogue,0.09375,0.40625,0.20312,0.21094,0.16406,0.22656
591,4,98,64,ا,,0.04688,0.5,0.15625,0.14062,0.10938,0.15625
592,4,99,40,ا,mercy,0.025,0.4,0.125,0.225,0.275,0.25
593,4,100,122,ا,mercy|creation|prophets,0.11475,0.46721,0.16393,0.20492,0.17213,0.19672
594,4,101,96,ا,prayer|polytheism-rejection,0.10417,0.44792,0.21875,0.16667,0.11458,0.20833
595,4,102,281,ا,punishment|prayer|polytheism-rejection|nature-imagery,0.06406,0.4306,0.22776,0.20641,0.19929,0.24199
596,4,103,106,ا,prayer,0.10377,0.37736,0.23585,0.14151,0.12264,0.21698
597,4,104,94,ا,,0.03191,0.54255,0.21277,0.08511,0.1383,0.26596
598,4,105,67,ا,prophets,0.04478,0.41791,0.26866,0.1194,0.14925,0.1194
599,4,106,30,ا,mercy,0.1,0.43333,0.1,0.26667,0.2,0.16667
600,4,107,54,ا,,0.0,0.46296,0.16667,0.16667,0.16667,0.14815
601,4,108,82,ا,,0.04878,0.54878,0.10976,0.17073,0.12195,0.26829
602,4,109,79,ا,eschatology,0.01266,0.49367,0.17722,0.13924,0.20253,0.18987
603,4,110,50,ا,mercy,0.08,0.5,0.1,0.28,0.18,0.24
604,4,111,46,ا,,0.0,0.41304,0.17391,0.21739,0.17391,0.23913
605,4,112,54,ا,,0.07407,0.38889,0.2963,0.18519,0.18519,0.2963
606,4,113,135,ا,mercy|prophets,0.06667,0.5037,0.17037,0.17778,0.17037,0.22963
607,4,114,97,ا,,0.1134,0.43299,0.20619,0.20619,0.18557,0.2268
608,4,115,81,ا,hell|prophets,0.08642,0.51852,0.18519,0.14815,0.12346,0.23457
609,4,116,67,ا,mercy|polytheism-rejection,0.10448,0.46269,0.19403,0.20896,0.13433,0.1791
610,4,117,43,ا,,0.04651,0.48837,0.23256,0.06977,0.18605,0.13953
611,4,118,36,ا,punishment|dialogue,0.11111,0.41667,0.19444,0.19444,0.16667,0.19444
612,4,119,109,ا,creation|nature-imagery,0.08257,0.55963,0.14679,0.18349,0.16514,0.21101
613,4,120,35,ا,,0.08571,0.54286,0.11429,0.14286,0.2,0.22857
614,4,121,32,ا,hell,0.03125,0.46875,0.21875,0.15625,0.25,0.25
615,4,122,95,ا,paradise,0.07368,0.42105,0.21053,0.16842,0.17895,0.14737
616,4,123,72,ا,paradise|eschatology,0.02778,0.52778,0.19444,0.11111,0.125,0.20833
617,4,124,66,ا,paradise|nature-imagery,0.07576,0.57576,0.16667,0.13636,0.15152,0.24242
618,4,125,73,ا,prophets,0.0274,0.47945,0.15068,0.24658,0.24658,0.24658
619,4,126,45,ا,creation,0.06667,0.46667,0.15556,0.17778,0.11111,0.24444
620,4,127,178,ا,prophets|legal|dialogue,0.03933,0.46629,0.2191,0.14045,0.11236,0.22472
621,4,128,126,ا,,0.0873,0.39683,0.1746,0.23016,0.22222,0.19048
622,4,129,102,ا,mercy,0.08824,0.46078,0.20588,0.15686,0.13725,0.21569
623,4,130,43,ا,legal,0.04651,0.4186,0.16279,0.18605,0.18605,0.13953
624,4,131,129,ا,creation|polytheism-rejection,0.06977,0.46512,0.1938,0.13953,0.10078,0.24806
625,4,132,40,ا,creation,0.05,0.475,0.125,0.175,0.075,0.3
626,4,133,49,ا,,0.06122,0.40816,0.26531,0.16327,0.20408,0.10204
627,4,134,62,ا,,0.06452,0.45161,0.16129,0.14516,0.1129,0.16129
628,4,135,163,ا,legal|dialogue,0.06135,0.45399,0.22699,0.11656,0.16564,0.22699
629,4,136,130,ا,prophets|dialogue|polytheism-rejection,0.06923,0.46923,0.2,0.16154,0.13077,0.21538
630,4,137,78,ا,mercy|polytheism-rejection,0.05128,0.5,0.14103,0.20513,0.10256,0.25641
631,4,138,28,ا,punishment,0.07143,0.42857,0.21429,0.14286,0.14286,0.25
632,4,139,71,ا,polytheism-rejection,0.01408,0.49296,0.16901,0.16901,0.21127,0.16901
633,4,140,137,ا,hell|polytheism-rejection,0.05109,0.38686,0.21898,0.21168,0.18978,0.20438
634,4,141,161,ا,dialogue|eschatology|polytheism-rejection,0.04969,0.55901,0.18634,0.1118,0.1118,0.22981
635,4,142,91,ا,prayer,0.07692,0.45055,0.14286,0.14286,0.15385,0.15385
636,4,143,58,ا,polytheism-rejection,0.01724,0.44828,0.24138,0.17241,0.17241,0.15517
637,4,144,85,ا,dialogue|polytheism-rejection,0.03529,0.51765,0.21176,0.08235,0.14118,0.16471
638,4,145,45,ا,hell,0.11111,0.53333,0.17778,0.13333,0.06667,0.15556
639,4,146,92,ا,mercy,0.05435,0.47826,0.18478,0.15217,0.19565,0.23913
640,4,147,48,ا,punishment,0.04167,0.4375,0.20833,0.125,0.14583,0.22917
641,4,148,53,ا,,0.0566,0.50943,0.13208,0.13208,0.15094,0.18868
642,4,149,49,ا,mercy,0.06122,0.34694,0.26531,0.18367,0.2449,0.2449
643,4,150,100,ا,prophets|dialogue|polytheism-rejection,0.11,0.56,0.2,0.16,0.11,0.25
644,4,151,43,ا,punishment|polytheism-rejection,0.06977,0.39535,0.23256,0.13953,0.18605,0.18605
645,4,152,78,ا,mercy|prophets,0.07692,0.52564,0.17949,0.19231,0.19231,0.28205
646,4,153,162,ا,mercy|creation|prophets|prayer|dialogue|nature-imagery,0.05556,0.3642,0.24691,0.18519,0.16667,0.2037
647,4,154,90,ا,dialogue,0.1,0.41111,0.18889,0.18889,0.12222,0.25556
648,4,155,103,ا,punishment|prophets|dialogue|polytheism-rejection,0.1165,0.43689,0.24272,0.18447,0.18447,0.27184
649,4,156,31,ا,punishment|prophets|dialogue|polytheism-rejection,0.12903,0.48387,0.16129,0.16129,0.16129,0.35484
650,4,157,128,ا,creation|prophets|dialogue,0.07031,0.49219,0.15625,0.1875,0.14844,0.25781
651,4,158,32,ا,,0.03125,0.40625,0.125,0.25,0.25,0.125
652,4,159,57,ا,prophets|legal|eschatology,0.03509,0.50877,0.24561,0.12281,0.19298,0.24561
653,4,160,60,ا,creation|legal,0.08333,0.45,0.18333,0.21667,0.16667,0.21667
654,4,161,73,ا,punishment|legal|polytheism-rejection,0.05479,0.42466,0.21918,0.13699,0.19178,0.23288
655,4,162,136,ا,prophets|prayer,0.05147,0.55882,0.18382,0.11029,0.15441,0.25
656,4,163,131,ا,prophets,0.0458,0.48855,0.22137,0.1145,0.19084,0.26718
657,4,164,58,ا,prophets,0.17241,0.5,0.18966,0.17241,0.08621,0.2069
658,4,165,66,ا,prophets,0.06061,0.5,0.12121,0.18182,0.13636,0.12121
659,4,166,61,ا,legal,0.0,0.40984,0.22951,0.22951,0.21311,0.16393
660,4,167,43,ا,polytheism-rejection,0.11628,0.4186,0.18605,0.16279,0.09302,0.16279
661,4,168,50,ا,mercy|polytheism-rejection,0.12,0.58,0.12,0.18,0.12,0.2
662,4,169,44,ا,hell,0.09091,0.40909,0.22727,0.15909,0.15909,0.09091
663,4,170,99,ا,creation|prophets|polytheism-rejection,0.08081,0.45455,0.20202,0.14141,0.13131,0.22222
664,4,171,216,ا,creation|prophets|dialogue|monotheism,0.05556,0.46759,0.16667,0.1713,0.16204,0.21296
665,4,172,87,ا,prayer,0.04598,0.44828,0.22989,0.18391,0.16092,0.2069
666,4,173,129,ا,punishment,0.04651,0.48837,0.13953,0.18605,0.12403,0.27907
667,4,174,50,ا,,0.08,0.48,0.26,0.08,0.12,0.2
668,4,175,73,ا,mercy,0.09589,0.43836,0.15068,0.27397,0.19178,0.27397
669,4,176,191,م,legal|dialogue,0.05236,0.4712,0.19895,0.19895,0.1466,0.16754
670,5,1,97,د,legal|dialogue|nature-imagery,0.05155,0.49485,0.20619,0.12371,0.20619,0.19588
671,5,2,242,ب,punishment|dialogue|nature-imagery,0.07851,0.45041,0.18595,0.11157,0.13636,0.19835
672,5,3,278,م,mercy|legal|polytheism-rejection|nature-imagery,0.07194,0.4964,0.18705,0.18705,0.14388,0.2554
673,5,4,137,ب,creation|prophets|legal|dialogue|nature-imagery,0.0438,0.48905,0.17518,0.13869,0.16058,0.22628
674,5,5,201,ن,creation|legal|polytheism-rejection,0.06965,0.47264,0.21393,0.1592,0.1592,0.23881
675,5,6,281,ن,creation|prayer|dialogue,0.07117,0.46263,0.25267,0.12456,0.15302,0.24555
676,5,7,86,ر,prayer|dialogue,0.09302,0.4186,0.19767,0.16279,0.16279,0.19767
677,5,8,117,ن,legal|dialogue,0.08547,0.46154,0.23932,0.09402,0.15385,0.20513
678,5,9,47,م,mercy,0.08511,0.48936,0.10638,0.19149,0.21277,0.23404
679,5,10,40,م,hell|polytheism-rejection,0.05,0.375,0.3,0.15,0.15,0.25
680,5,11,107,ن,prayer|dialogue,0.03738,0.48598,0.21495,0.13084,0.17757,0.2243
681,5,12,207,ل,paradise|prophets|prayer|dialogue|polytheism-rejection,0.10628,0.43478,0.26087,0.16908,0.15942,0.19324
682,5,13,141,ن,mercy|punishment|creation,0.08511,0.43262,0.12766,0.23404,0.20567,0.24113
683,5,14,119,ن,dialogue|eschatology,0.08403,0.43697,0.14286,0.20168,0.15966,0.2437
684,5,15,92,ن,prophets,0.06522,0.45652,0.30435,0.08696,0.08696,0.23913
685,5,16,80,م,,0.1125,0.4625,0.1875,0.2,0.1625,0.2
686,5,17,157,ر,punishment|creation|prophets|dialogue|polytheism-rejection,0.08917,0.51592,0.17834,0.1465,0.1465,0.20382
687,5,18,134,ر,mercy|punishment|creation|dialogue,0.08209,0.48507,0.20896,0.16418,0.15672,0.26119
688,5,19,107,ر,prophets|dialogue,0.11215,0.46729,0.26168,0.11215,0.1028,0.16822
689,5,20,92,ن,creation|prophets|prayer|dialogue,0.04348,0.46739,0.23913,0.09783,0.17391,0.25
690,5,21,70,ن,dialogue,0.11429,0.4,0.28571,0.11429,0.1,0.18571
691,5,22,75,ن,prophets|dialogue,0.06667,0.44,0.17333,0.17333,0.17333,0.2
692,5,23,100,ن,dialogue,0.02,0.48,0.18,0.15,0.18,0.23
693,5,24,69,ن,prophets|dialogue,0.05797,0.31884,0.24638,0.15942,0.15942,0.2029
694,5,25,52,ن,prophets|dialogue,0.11538,0.48077,0.23077,0.13462,0.09615,0.23077
695,5,26,62,ن,legal|dialogue,0.1129,0.43548,0.16129,0.22581,0.20968,0.17742
696,5,27,99,ن,dialogue,0.13131,0.43434,0.34343,0.08081,0.14141,0.20202
697,5,28,64,ن,,0.07812,0.42188,0.375,0.07812,0.15625,0.10938
698,5,29,56,ن,hell|eschatology,0.07143,0.42857,0.32143,0.14286,0.16071,0.21429
699,5,30,38,ن,,0.13158,0.31579,0.23684,0.36842,0.26316,0.18421
700,5,31,106,ن,dialogue,0.08491,0.39623,0.20755,0.24528,0.22642,0.17925
701,5,32,162,ن,prophets,0.07407,0.40741,0.24691,0.17901,0.14815,0.18519
702,5,33,140,م,punishment|creation|prophets,0.09286,0.46429,0.17857,0.20714,0.18571,0.21429
703,5,34,52,م,mercy,0.09615,0.48077,0.19231,0.13462,0.17308,0.23077
704,5,35,68,ن,dialogue,0.01471,0.44118,0.17647,0.19118,0.17647,0.20588
705,5,36,88,م,punishment|creation|eschatology|polytheism-rejection,0.05682,0.48864,0.17045,0.17045,0.17045,0.29545
706,5,37,49,م,punishment|hell,0.10204,0.57143,0.14286,0.12245,0.14286,0.26531
707,5,38,64,م,punishment|eschatology,0.09375,0.35938,0.20312,0.1875,0.14062,0.17188
708,5,39,49,م,mercy,0.08163,0.46939,0.18367,0.2449,0.2449,0.26531
709,5,40,71,ر,mercy|punishment|creation,0.07042,0.49296,0.1831,0.15493,0.1831,0.16901
710,5,41,281,م,punishment|prophets|dialogue|polytheism-rejection,0.06406,0.50178,0.17082,0.19217,0.17082,0.23132
711,5,42,113,ن,prophets|legal,0.0885,0.41593,0.25664,0.20354,0.21239,0.22124
712,5,43,68,ن,eschatology,0.01471,0.51471,0.22059,0.14706,0.16176,0.29412
713,5,44,195,ن,prophets|legal|polytheism-rejection,0.04103,0.45128,0.17436,0.17436,0.13333,0.22051
714,5,45,140,ن,,0.05714,0.44286,0.18571,0.21429,0.15,0.25714
715,5,46,117,ن,prophets,0.10256,0.49573,0.18803,0.1453,0.13675,0.23077
716,5,47,66,ن,,0.01515,0.5,0.19697,0.19697,0.19697,0.24242
717,5,48,228,ن,creation|prophets|legal,0.03509,0.42105,0.25877,0.14035,0.17105,0.23684
718,5,49,136,ن,prophets,0.05147,0.44853,0.21324,0.18382,0.19853,0.24265
719,5,50,45,ن,eschatology,0.04444,0.53333,0.17778,0.2,0.2,0.26667
720,5,51,104,ن,dialogue,0.05769,0.5,0.16346,0.15385,0.18269,0.21154
721,5,52,116,ن,dialogue|polytheism-rejection,0.09483,0.43966,0.18103,0.22414,0.18103,0.23276
722,5,53,80,ن,dialogue,0.0625,0.425,0.2375,0.1875,0.25,0.225
723,5,54,158,م,dialogue|polytheism-rejection,0.02532,0.49367,0.1519,0.1962,0.1962,0.20886
724,5,55,68,ن,prophets|prayer,0.05882,0.57353,0.11765,0.14706,0.13235,0.22059
725,5,56,48,ن,prophets,0.02083,0.5625,0.10417,0.20833,0.16667,0.27083
726,5,57,109,ن,dialogue|polytheism-rejection,0.02752,0.45872,0.22936,0.11009,0.11927,0.21101
727,5,58,54,ن,prayer,0.05556,0.38889,0.2037,0.18519,0.18519,0.2037
728,5,59,77,ن,dialogue,0.06494,0.48052,0.27273,0.1039,0.15584,0.20779
729,5,60,110,ل,punishment|creation|dialogue,0.08182,0.44545,0.21818,0.18182,0.20909,0.2
730,5,61,68,ن,dialogue|polytheism-rejection,0.07353,0.41176,0.29412,0.10294,0.14706,0.29412
731,5,62,63,ن,legal,0.04762,0.49206,0.15873,0.14286,0.14286,0.2381
732,5,63,67,ن,legal|dialogue,0.0597,0.49254,0.16418,0.14925,0.1791,0.22388
733,5,64,218,ن,mercy|punishment|hell|dialogue|eschatology|polytheism-rejection,0.07798,0.45413,0.21101,0.16055,0.14679,0.21101
734,5,65,62,م,paradise,0.03226,0.45161,0.24194,0.1129,0.19355,0.20968
735,5,66,104,ن,paradise,0.07692,0.53846,0.21154,0.15385,0.20192,0.29808
736,5,67,94,ن,prophets|polytheism-rejection,0.06383,0.48936,0.18085,0.15957,0.14894,0.18085
737,5,68,129,ن,dialogue|polytheism-rejection,0.07752,0.47287,0.24031,0.11628,0.11628,0.18605
738,5,69,92,ن,prophets,0.05435,0.53261,0.08696,0.17391,0.16304,0.25
739,5,70,89,ن,prophets|polytheism-rejection,0.1236,0.4382,0.23596,0.17978,0.13483,0.20225
740,5,71,78,ن,mercy|punishment,0.0641,0.5,0.12821,0.19231,0.14103,0.35897
741,5,72,139,ر,paradise|hell|prophets|legal|prayer|dialogue|polytheism-rejection,0.10791,0.51079,0.16547,0.15108,0.14388,0.19424
742,5,73,96,م,punishment|dialogue|monotheism|polytheism-rejection,0.05208,0.5,0.15625,0.17708,0.15625,0.19792
743,5,74,40,م,mercy,0.075,0.525,0.125,0.25,0.2,0.275
744,5,75,98,ن,prophets,0.12245,0.46939,0.21429,0.15306,0.13265,0.17347
745,5,76,58,م,prayer|dialogue,0.05172,0.53448,0.13793,0.10345,0.13793,0.22414
746,5,77,90,ل,dialogue,0.11111,0.42222,0.25556,0.13333,0.13333,0.21111
747,5,78,71,ن,punishment|prophets|polytheism-rejection,0.05634,0.49296,0.16901,0.09859,0.09859,0.22535
748,5,79,42,ن,,0.02381,0.5,0.14286,0.11905,0.14286,0.2381
749,5,80,78,ن,punishment|polytheism-rejection,0.0641,0.46154,0.17949,0.21795,0.16667,0.23077
750,5,81,70,ن,prophets,0.02857,0.54286,0.17143,0.14286,0.14286,0.27143
751,5,82,128,ن,dialogue|polytheism-rejection,0.07031,0.48438,0.22656,0.14844,0.125,0.17969
752,5,83,89,ن,prophets|legal|dialogue,0.07865,0.46067,0.16854,0.13483,0.14607,0.23596
753,5,84,63,ن,paradise,0.07937,0.52381,0.15873,0.07937,0.14286,0.20635
754,5,85,67,ن,paradise|dialogue,0.04478,0.37313,0.22388,0.20896,0.16418,0.14925
755,5,86,40,م,hell|polytheism-rejection,0.05,0.375,0.3,0.15,0.15,0.25
756,5,87,69,ن,creation|legal|dialogue,0.02899,0.44928,0.21739,0.10145,0.17391,0.15942
757,5,88,52,ن,legal,0.07692,0.48077,0.21154,0.11538,0.11538,0.25
758,5,89,205,ن,,0.06829,0.42439,0.24878,0.18537,0.17073,0.22927
759,5,90,82,ن,dialogue,0.06098,0.5,0.15854,0.14634,0.13415,0.21951
760,5,91,92,ن,prayer,0.09783,0.48913,0.17391,0.16304,0.16304,0.19565
761,5,92,72,ن,prophets,0.06944,0.5,0.13889,0.11111,0.15278,0.25
762,5,93,116,ن,,0.05172,0.44828,0.13793,0.14655,0.13793,0.25
763,5,94,104,م,punishment|dialogue,0.01923,0.46154,0.20192,0.16346,0.17308,0.21154
764,5,95,196,م,mercy|punishment|dialogue|nature-imagery,0.06122,0.43367,0.20408,0.16327,0.15816,0.22959
765,5,96,86,ن,paradise|legal|eschatology|nature-imagery,0.11628,0.47674,0.18605,0.16279,0.16279,0.2093
766,5,97,119,م,creation|nature-imagery,0.05882,0.47059,0.15966,0.13445,0.15126,0.17647
767,5,98,37,م,mercy|punishment,0.08108,0.45946,0.16216,0.16216,0.21622,0.18919
768,5,99,45,ن,prophets,0.02222,0.51111,0.17778,0.06667,0.11111,0.26667
769,5,100,73,ن,dialogue,0.05479,0.42466,0.26027,0.15068,0.13699,0.21918
770,5,101,100,م,mercy|dialogue,0.03,0.43,0.23,0.16,0.22,0.15
771,5,102,34,ن,polytheism-rejection,0.14706,0.35294,0.32353,0.20588,0.14706,0.29412
772,5,103,85,ن,polytheism-rejection,0.07059,0.49412,0.14118,0.17647,0.15294,0.21176
773,5,104,100,ن,prophets|dialogue,0.03,0.45,0.21,0.11,0.19,0.19
774,5,105,86,ن,dialogue,0.04651,0.46512,0.24419,0.11628,0.15116,0.22093
775,5,106,213,ن,legal|prayer|dialogue,0.07981,0.42254,0.22535,0.19249,0.15962,0.20657
776,5,107,128,ن,legal,0.07031,0.39844,0.17969,0.1875,0.17969,0.16406
777,5,108,99,ن,legal,0.0404,0.39394,0.22222,0.15152,0.19192,0.19192
778,5,109,59,ب,prophets|dialogue,0.05085,0.49153,0.20339,0.08475,0.13559,0.22034
779,5,110,280,ن,prophets|prayer|dialogue|polytheism-rejection|nature-imagery,0.07143,0.4,0.28571,0.16786,0.16429,0.18929
780,5,111,61,ن,prophets|legal|prayer|dialogue,0.04918,0.52459,0.21311,0.11475,0.16393,0.2623
781,5,112,86,ن,creation|prophets|prayer|dialogue,0.0814,0.48837,0.2093,0.10465,0.15116,0.15116
782,5,113,66,ن,legal|dialogue,0.10606,0.5,0.27273,0.07576,0.13636,0.16667
783,5,114,97,ن,creation|prophets|dialogue,0.09278,0.50515,0.18557,0.10309,0.15464,0.15464
784,5,115,70,ن,punishment|dialogue|polytheism-rejection,0.02857,0.4,0.21429,0.17143,0.22857,0.2
785,5,116,153,ب,prophets|dialogue,0.05229,0.47059,0.24183,0.14379,0.1634,0.18954
786,5,117,108,د,legal|prayer|dialogue,0.05556,0.4537,0.27778,0.12963,0.16667,0.22222
787,5,118,47,م,mercy|punishment,0.02128,0.34043,0.29787,0.23404,0.2766,0.21277
788,5,119,102,م,paradise|dialogue,0.11765,0.41176,0.16667,0.22549,0.17647,0.13725
789,5,120,42,ر,creation,0.09524,0.5,0.16667,0.16667,0.14286,0.21429
790,6,1,69,ن,creation|polytheism-rejection,0.10145,0.50725,0.14493,0.15942,0.10145,0.21739
791,6,2,49,ن,creation,0.10204,0.46939,0.26531,0.16327,0.14286,0.22449
792,6,3,52,ن,creation,0.07692,0.51923,0.15385,0.17308,0.11538,0.30769
793,6,4,42,ن,,0.07143,0.47619,0.21429,0.11905,0.2381,0.21429
794,6,5,53,ن,polytheism-rejection,0.03774,0.30189,0.32075,0.22642,0.18868,0.28302
795,6,6,138,ن,punishment|paradise|creation|nature-imagery,0.10145,0.50725,0.21739,0.13768,0.18116,0.22464
796,6,7,66,ن,prophets|dialogue|polytheism-rejection,0.09091,0.43939,0.21212,0.19697,0.12121,0.19697
797,6,8,53,ن,dialogue,0.11321,0.60377,0.13208,0.11321,0.09434,0.18868
798,6,9,44,ن,creation,0.02273,0.54545,0.13636,0.11364,0.13636,0.20455
799,6,10,56,ن,prophets,0.08929,0.375,0.25,0.25,0.14286,0.23214
800,6,11,41,ن,dialogue,0.17073,0.41463,0.19512,0.19512,0.07317,0.19512
801,6,12,100,ن,mercy|creation|dialogue|eschatology,0.08,0.5,0.14,0.2,0.15,0.23
802,6,13,37,م,,0.02703,0.59459,0.02703,0.16216,0.13514,0.21622
803,6,14,92,ن,creation|prophets|dialogue|polytheism-rejection,0.11957,0.53261,0.22826,0.1087,0.16304,0.20652
804,6,15,29,م,punishment|dialogue,0.13793,0.41379,0.24138,0.17241,0.24138,0.2069
805,6,16,36,ن,mercy,0.11111,0.5,0.13889,0.27778,0.13889,0.30556
806,6,17,56,ر,,0.08929,0.41071,0.21429,0.26786,0.17857,0.19643
807,6,18,32,ر,,0.125,0.40625,0.1875,0.21875,0.21875,0.28125
808,6,19,137,ن,legal|dialogue|monotheism|polytheism-rejection,0.08029,0.44526,0.29197,0.18248,0.25547,0.16788
809,6,20,68,ن,,0.04412,0.47059,0.16176,0.20588,0.19118,0.23529
810,6,21,54,ن,polytheism-rejection,0.05556,0.42593,0.2037,0.18519,0.16667,0.24074
811,6,22,57,ن,prophets|polytheism-rejection,0.07018,0.54386,0.19298,0.15789,0.12281,0.21053
812,6,23,43,ن,dialogue|polytheism-rejection,0.06977,0.48837,0.23256,0.11628,0.09302,0.2093
813,6,24,41,ن,,0.09756,0.43902,0.14634,0.21951,0.12195,0.26829
814,6,25,133,ن,dialogue|polytheism-rejection,0.06767,0.45865,0.2406,0.14286,0.19549,0.19549
815,6,26,47,ن,punishment,0.02128,0.59574,0.10638,0.19149,0.2766,0.25532
816,6,27,68,ن,hell|creation|dialogue|polytheism-rejection,0.08824,0.52941,0.20588,0.05882,0.05882,0.23529
817,6,28,60,ن,legal,0.03333,0.5,0.18333,0.11667,0.13333,0.31667
818,6,29,39,ن,dialogue|eschatology,0.02564,0.48718,0.17949,0.10256,0.15385,0.20513
819,6,30,76,ن,punishment|creation|dialogue|polytheism-rejection,0.13158,0.38158,0.25,0.14474,0.09211,0.27632
820,6,31,111,ن,dialogue|eschatology|polytheism-rejection,0.0991,0.36036,0.18018,0.23423,0.20721,0.17117
821,6,32,60,ن,,0.08333,0.51667,0.16667,0.13333,0.18333,0.15
822,6,33,66,ن,prophets|polytheism-rejection,0.04545,0.51515,0.22727,0.15152,0.13636,0.16667
823,6,34,90,ن,prophets|polytheism-rejection,0.1,0.43333,0.28889,0.12222,0.08889,0.24444
824,6,35,114,ن,creation,0.0614,0.38596,0.25439,0.17544,0.20175,0.18421
825,6,36,50,ن,eschatology,0.02,0.52,0.16,0.16,0.16,0.22
826,6,37,67,ن,dialogue,0.08955,0.53731,0.1791,0.13433,0.20896,0.13433
827,6,38,82,ن,creation|eschatology|nature-imagery,0.12195,0.45122,0.23171,0.15854,0.14634,0.2439
828,6,39,71,م,polytheism-rejection,0.09859,0.46479,0.19718,0.1831,0.11268,0.21127
829,6,40,62,ن,punishment|dialogue|eschatology,0.08065,0.35484,0.37097,0.1129,0.24194,0.1129
830,6,41,46,ن,polytheism-rejection,0.02174,0.41304,0.28261,0.17391,0.17391,0.21739
831,6,42,57,ن,punishment|prophets,0.12281,0.42105,0.26316,0.15789,0.21053,0.21053
832,6,43,63,ن,punishment|creation,0.07937,0.46032,0.20635,0.15873,0.12698,0.2381
833,6,44,79,ن,punishment,0.02532,0.32911,0.22785,0.26582,0.21519,0.3038
834,6,45,42,ن,,0.14286,0.5,0.16667,0.11905,0.09524,0.2381
835,6,46,90,ن,dialogue,0.12222,0.44444,0.25556,0.2,0.2,0.22222
836,6,47,56,ن,punishment|dialogue,0.08929,0.39286,0.30357,0.16071,0.25,0.16071
837,6,48,64,ن,prophets,0.07812,0.625,0.0625,0.21875,0.14062,0.28125
838,6,49,43,ن,punishment|polytheism-rejection,0.02326,0.39535,0.2093,0.16279,0.06977,0.27907
839,6,50,103,ن,paradise|prophets|dialogue,0.06796,0.47573,0.26214,0.09709,0.19417,0.18447
840,6,51,65,ن,eschatology,0.06154,0.55385,0.12308,0.21538,0.18462,0.23077
841,6,52,105,ن,,0.06667,0.48571,0.19048,0.18095,0.15238,0.2381
842,6,53,71,ن,dialogue|polytheism-rejection,0.05634,0.4507,0.22535,0.15493,0.19718,0.21127
843,6,54,108,م,mercy|dialogue,0.05556,0.41667,0.24074,0.2037,0.21296,0.25
844,6,55,35,ن,,0.05714,0.51429,0.25714,0.14286,0.02857,0.2
845,6,56,74,ن,legal|prayer|dialogue,0.05405,0.43243,0.32432,0.09459,0.2027,0.14865
846,6,57,77,ن,dialogue|polytheism-rejection,0.09091,0.45455,0.23377,0.16883,0.18182,0.19481
847,6,58,59,ن,dialogue,0.08475,0.54237,0.23729,0.08475,0.13559,0.22034
848,6,59,113,ن,creation|nature-imagery,0.09735,0.44248,0.19469,0.15929,0.15929,0.26549
849,6,60,95,ن,,0.05263,0.49474,0.22105,0.14737,0.12632,0.29474
850,6,61,71,ن,prophets,0.11268,0.38028,0.22535,0.23944,0.19718,0.23944
851,6,62,48,ن,eschatology,0.0625,0.4375,0.14583,0.20833,0.22917,0.1875
852,6,63,73,ن,dialogue|nature-imagery,0.09589,0.52055,0.19178,0.15068,0.13699,0.17808
853,6,64,36,ن,dialogue|polytheism-rejection,0.08333,0.55556,0.27778,0.11111,0.08333,0.22222
854,6,65,105,ن,dialogue,0.12381,0.4,0.26667,0.17143,0.17143,0.22857
855,6,66,32,ل,dialogue|polytheism-rejection,0.09375,0.4375,0.34375,0.15625,0.125,0.3125
856,6,67,21,ن,,0.09524,0.52381,0.28571,0.14286,0.09524,0.33333
857,6,68,103,ن,,0.1068,0.42718,0.17476,0.20388,0.16505,0.16505
858,6,69,47,ن,polytheism-rejection,0.06383,0.53191,0.17021,0.14894,0.12766,0.21277
859,6,70,175,ن,punishment|polytheism-rejection,0.02857,0.45143,0.2,0.18286,0.14857,0.24
860,6,71,160,ن,creation|dialogue,0.08125,0.425,0.1875,0.15,0.1875,0.11875
861,6,72,38,ن,prayer|eschatology,0.10526,0.47368,0.18421,0.21053,0.21053,0.21053
862,6,73,106,ر,creation|legal|dialogue,0.09434,0.50943,0.14151,0.19811,0.14151,0.25472
863,6,74,58,ن,prophets|dialogue|polytheism-rejection,0.12069,0.39655,0.31034,0.18966,0.24138,0.18966
864,6,75,50,ن,creation|prophets,0.1,0.6,0.2,0.08,0.06,0.26
865,6,76,54,ن,creation|dialogue,0.07407,0.42593,0.22222,0.14815,0.14815,0.18519
866,6,77,69,ن,creation|dialogue,0.13043,0.50725,0.18841,0.13043,0.10145,0.2029
867,6,78,65,ن,creation|dialogue|polytheism-rejection,0.12308,0.38462,0.24615,0.2,0.13846,0.23077
868,6,79,53,ن,creation|polytheism-rejection,0.09434,0.50943,0.16981,0.16981,0.11321,0.20755
869,6,80,92,ن,prayer|dialogue|polytheism-rejection,0.07609,0.38043,0.27174,0.18478,0.19565,0.18478
870,6,81,93,ن,polytheism-rejection,0.06452,0.45161,0.26882,0.15054,0.16129,0.23656
871,6,82,52,ن,,0.01923,0.57692,0.19231,0.13462,0.17308,0.32692
872,6,83,58,م,prophets,0.08621,0.41379,0.2931,0.12069,0.2069,0.17241
873,6,84,100,ن,prophets,0.05,0.52,0.18,0.18,0.12,0.29
874,6,85,34,ن,prophets,0.05882,0.52941,0.08824,0.17647,0.11765,0.14706
875,6,86,44,ن,prophets,0.04545,0.54545,0.06818,0.11364,0.11364,0.22727
876,6,87,56,م,,0.08929,0.44643,0.23214,0.17857,0.19643,0.28571
877,6,88,59,ن,polytheism-rejection,0.0339,0.44068,0.20339,0.16949,0.20339,0.22034
878,6,89,81,ن,prophets|polytheism-rejection,0.04938,0.38272,0.28395,0.16049,0.16049,0.24691
879,6,90,66,ن,dialogue,0.06061,0.37879,0.27273,0.16667,0.24242,0.10606
880,6,91,171,ن,prophets|dialogue,0.09357,0.44444,0.22222,0.16374,0.15205,0.22222
881,6,92,102,ن,prayer,0.08824,0.48039,0.18627,0.19608,0.16667,0.22549
882,6,93,201,ن,punishment|dialogue,0.06468,0.47761,0.21891,0.15423,0.1592,0.22886
883,6,94,128,ن,creation|dialogue|polytheism-rejection,0.10938,0.45312,0.27344,0.11719,0.13281,0.27344
884,6,95,69,ن,nature-imagery,0.04348,0.50725,0.17391,0.15942,0.14493,0.2029
885,6,96,62,م,creation,0.09677,0.41935,0.17742,0.17742,0.09677,0.14516
886,6,97,69,ن,creation|nature-imagery,0.08696,0.47826,0.21739,0.13043,0.10145,0.24638
887,6,98,59,ن,,0.10169,0.42373,0.23729,0.23729,0.13559,0.27119
888,6,99,187,ن,paradise|creation|nature-imagery,0.08021,0.45989,0.20321,0.17647,0.17647,0.2139
889,6,100,68,ن,creation,0.08824,0.45588,0.17647,0.17647,0.19118,0.23529
890,6,101,65,م,creation,0.06154,0.46154,0.24615,0.16923,0.18462,0.21538
891,6,102,53,ل,creation|prayer|monotheism,0.03774,0.41509,0.24528,0.18868,0.22642,0.18868
892,6,103,43,ر,,0.18605,0.4186,0.25581,0.16279,0.13953,0.18605
893,6,104,59,ظ,,0.11864,0.42373,0.23729,0.20339,0.16949,0.32203
894,6,105,44,ن,dialogue|polytheism-rejection,0.11364,0.59091,0.20455,0.11364,0.06818,0.25
895,6,106,44,ن,prophets|monotheism|polytheism-rejection,0.09091,0.45455,0.25,0.11364,0.25,0.18182
896,6,107,53,ل,polytheism-rejection,0.03774,0.4717,0.16981,0.15094,0.18868,0.24528
897,6,108,103,ن,creation,0.02913,0.49515,0.17476,0.15534,0.16505,0.27184
898,6,109,90,ن,dialogue,0.03333,0.42222,0.27778,0.12222,0.24444,0.16667
899,6,110,60,ن,,0.1,0.5,0.21667,0.2,0.23333,0.33333
900,6,111,100,ن,creation|eschatology,0.03,0.52,0.19,0.13,0.18,0.19
901,6,112,95,ن,creation|prophets,0.10526,0.46316,0.17895,0.18947,0.14737,0.24211
902,6,113,62,ن,polytheism-rejection,0.12903,0.5,0.19355,0.20968,0.19355,0.24194
903,6,114,105,ن,,0.04762,0.48571,0.22857,0.15238,0.14286,0.21905
904,6,115,48,م,,0.0625,0.45833,0.27083,0.08333,0.10417,0.25
905,6,116,63,ن,creation,0.12698,0.49206,0.22222,0.15873,0.20635,0.15873
906,6,117,39,ن,,0.05128,0.51282,0.23077,0.15385,0.25641,0.25641
907,6,118,40,ن,,0.025,0.475,0.225,0.15,0.175,0.225
908,6,119,116,ن,legal,0.10345,0.48276,0.23276,0.12931,0.18966,0.23276
909,6,120,59,ن,eschatology,0.10169,0.45763,0.20339,0.18644,0.08475,0.23729
910,6,121,96,ن,polytheism-rejection,0.05208,0.53125,0.21875,0.125,0.17708,0.22917
911,6,122,100,ن,creation|polytheism-rejection,0.04,0.51,0.14,0.18,0.11,0.2
912,6,123,69,ن,,0.10145,0.50725,0.2029,0.14493,0.13043,0.26087
913,6,124,118,ن,punishment|prophets|dialogue,0.0678,0.4322,0.21186,0.16949,0.17797,0.15254
914,6,125,110,ن,creation,0.11818,0.47273,0.18182,0.2,0.17273,0.09091
915,6,126,41,ن,prayer,0.21951,0.41463,0.26829,0.17073,0.04878,0.19512
916,6,127,41,ن,,0.04878,0.56098,0.12195,0.12195,0.14634,0.31707
917,6,128,151,م,hell|creation|prophets|dialogue,0.07285,0.43709,0.21854,0.13907,0.15232,0.17881
918,6,129,38,ن,,0.07895,0.44737,0.21053,0.13158,0.05263,0.26316
919,6,130,134,ن,prophets|legal|dialogue|polytheism-rejection,0.06716,0.47015,0.18657,0.16418,0.15672,0.18657
920,6,131,38,ن,punishment,0.10526,0.47368,0.23684,0.18421,0.15789,0.21053
921,6,132,37,ن,,0.05405,0.51351,0.18919,0.05405,0.10811,0.35135
922,6,133,71,ن,mercy,0.07042,0.46479,0.23944,0.21127,0.19718,0.23944
923,6,134,27,ن,,0.0,0.48148,0.33333,0.03704,0.18519,0.2963
924,6,135,75,ن,dialogue,0.06667,0.48,0.17333,0.12,0.14667,0.24
925,6,136,128,ن,creation|dialogue|polytheism-rejection|nature-imagery,0.07031,0.42969,0.14062,0.21875,0.17969,0.20312
926,6,137,96,ن,creation|polytheism-rejection,0.07292,0.54167,0.15625,0.19792,0.13542,0.25
927,6,138,117,ن,punishment|legal|dialogue|nature-imagery,0.08547,0.42735,0.1453,0.20513,0.22222,0.20513
928,6,139,95,م,punishment|legal|dialogue|nature-imagery,0.07368,0.44211,0.15789,0.25263,0.21053,0.24211
929,6,140,83,ن,legal,0.12048,0.42169,0.18072,0.19277,0.15663,0.20482
930,6,141,145,ن,mercy|paradise|nature-imagery,0.08276,0.44828,0.16552,0.22069,0.17241,0.23448
931,6,142,70,ن,,0.07143,0.47143,0.2,0.12857,0.14286,0.27143
932,6,143,106,ن,legal|dialogue,0.06604,0.51887,0.19811,0.14151,0.16038,0.15094
933,6,144,167,ن,legal|dialogue|nature-imagery,0.07784,0.49102,0.17964,0.16168,0.1497,0.16766
934,6,145,128,م,mercy|legal|dialogue|nature-imagery,0.11719,0.42969,0.21094,0.21875,0.24219,0.22656
935,6,146,122,ن,legal|nature-imagery,0.09836,0.45902,0.14754,0.20492,0.18033,0.2459
936,6,147,51,ن,mercy|punishment|prophets|dialogue|polytheism-rejection,0.11765,0.45098,0.23529,0.19608,0.15686,0.29412
937,6,148,142,ن,punishment|legal|dialogue|polytheism-rejection,0.07746,0.43662,0.24648,0.15493,0.16197,0.17606
938,6,149,36,ن,dialogue,0.02778,0.36111,0.22222,0.25,0.25,0.16667
939,6,150,118,ن,prophets|legal|dialogue|polytheism-rejection,0.0339,0.41525,0.22034,0.21186,0.21186,0.21186
940,6,151,180,ن,legal|dialogue|polytheism-rejection,0.1,0.43889,0.24444,0.12778,0.13333,0.22778
941,6,152,149,ن,legal|prayer,0.0604,0.40268,0.2349,0.16779,0.13423,0.2349
942,6,153,75,ن,,0.10667,0.36,0.29333,0.18667,0.12,0.28
943,6,154,75,ن,mercy|prophets,0.05333,0.44,0.21333,0.17333,0.17333,0.22667
944,6,155,44,ن,mercy,0.06818,0.36364,0.27273,0.15909,0.15909,0.27273
945,6,156,61,ن,dialogue,0.06557,0.42623,0.27869,0.09836,0.14754,0.16393
946,6,157,144,ن,mercy|punishment|dialogue|eschatology|polytheism-rejection,0.05556,0.41667,0.25,0.16667,0.14583,0.23611
947,6,158,138,ن,dialogue,0.10145,0.44203,0.31159,0.11594,0.18116,0.18841
948,6,159,77,ن,prophets|polytheism-rejection,0.03896,0.49351,0.16883,0.16883,0.16883,0.24675
949,6,160,64,ن,eschatology,0.03125,0.40625,0.15625,0.25,0.20312,0.20312
950,6,161,66,ن,prophets|dialogue|polytheism-rejection,0.13636,0.51515,0.21212,0.12121,0.10606,0.18182
951,6,162,39,ن,prayer|dialogue,0.07692,0.58974,0.15385,0.10256,0.10256,0.20513
952,6,163,32,ن,monotheism,0.0625,0.5625,0.21875,0.125,0.125,0.21875
953,6,164,104,ن,dialogue,0.09615,0.42308,0.26923,0.19231,0.17308,0.24038
954,6,165,86,م,mercy|punishment|creation,0.13953,0.40698,0.25581,0.17442,0.18605,0.26744
955,7,1,4,ص,,0.25,0.5,0.0,0.25,0.0,0.25
956,7,2,50,ن,prophets,0.1,0.48,0.28,0.18,0.12,0.16
957,7,3,57,ن,prayer,0.05263,0.49123,0.2807,0.05263,0.12281,0.26316
958,7,4,43,ن,punishment,0.06977,0.34884,0.30233,0.16279,0.23256,0.2093
959,7,5,46,ن,punishment|dialogue,0.04348,0.34783,0.26087,0.13043,0.19565,0.17391
960,7,6,36,ن,prophets,0.05556,0.63889,0.11111,0.19444,0.13889,0.11111
961,7,7,27,ن,,0.07407,0.48148,0.18519,0.14815,0.18519,0.25926
962,7,8,45,ن,,0.04444,0.51111,0.15556,0.24444,0.15556,0.31111
963,7,9,56,ن,,0.03571,0.46429,0.17857,0.21429,0.14286,0.28571
964,7,10,48,ن,creation,0.10417,0.47917,0.20833,0.125,0.08333,0.20833
965,7,11,73,ن,creation|prayer|dialogue,0.06849,0.45205,0.27397,0.13699,0.08219,0.19178
966,7,12,57,ن,hell|creation|prayer|dialogue,0.14035,0.45614,0.29825,0.12281,0.17544,0.12281
967,7,13,50,ن,paradise|dialogue,0.12,0.38,0.26,0.2,0.14,0.2
968,7,14,21,ن,dialogue|eschatology,0.14286,0.57143,0.19048,0.09524,0.14286,0.19048
969,7,15,16,ن,dialogue,0.1875,0.625,0.1875,0.0625,0.0625,0.125
970,7,16,36,م,dialogue,0.16667,0.41667,0.30556,0.13889,0.13889,0.19444
971,7,17,66,ن,,0.0303,0.5303,0.19697,0.18182,0.21212,0.25758
972,7,18,54,ن,paradise|hell|dialogue,0.05556,0.51852,0.24074,0.11111,0.2037,0.27778
973,7,19,70,ن,paradise|nature-imagery,0.05714,0.4,0.24286,0.2,0.11429,0.18571
974,7,20,105,ن,legal|dialogue|nature-imagery,0.04762,0.47619,0.18095,0.15238,0.14286,0.21905
975,7,21,26,ن,,0.07692,0.53846,0.11538,0.15385,0.11538,0.19231
976,7,22,130,ن,paradise|creation|legal|nature-imagery,0.1,0.40769,0.22308,0.16923,0.15385,0.22308
977,7,23,54,ن,mercy|dialogue,0.11111,0.55556,0.12963,0.14815,0.09259,0.18519
978,7,24,48,ن,creation|dialogue,0.16667,0.375,0.27083,0.14583,0.16667,0.25
979,7,25,34,ن,dialogue,0.05882,0.5,0.17647,0.20588,0.14706,0.29412
980,7,26,83,ن,prayer,0.07229,0.48193,0.22892,0.13253,0.10843,0.16867
981,7,27,138,ن,paradise|creation,0.05072,0.50725,0.19565,0.13768,0.16667,0.18116
982,7,28,94,ن,dialogue,0.05319,0.40426,0.19149,0.14894,0.21277,0.19149
983,7,29,69,ن,prophets|prayer|dialogue,0.10145,0.44928,0.33333,0.10145,0.14493,0.26087
984,7,30,78,ن,,0.08974,0.46154,0.17949,0.20513,0.19231,0.19231
985,7,31,64,ن,,0.04688,0.45312,0.21875,0.17188,0.09375,0.25
986,7,32,111,ن,paradise|legal|dialogue|eschatology,0.0991,0.4955,0.17117,0.17117,0.14414,0.15315
987,7,33,110,ن,legal|dialogue|polytheism-rejection,0.1,0.48182,0.17273,0.15455,0.14545,0.24545
988,7,34,47,ن,eschatology,0.04255,0.38298,0.29787,0.19149,0.23404,0.17021
989,7,35,74,ن,prophets,0.06757,0.51351,0.2027,0.16216,0.16216,0.24324
990,7,36,58,ن,hell|polytheism-rejection,0.05172,0.36207,0.24138,0.17241,0.17241,0.2069
991,7,37,157,ن,prophets|legal|dialogue|polytheism-rejection,0.05096,0.42038,0.2293,0.15924,0.15924,0.2293
992,7,38,161,ن,punishment|hell|dialogue,0.08075,0.3913,0.23602,0.15528,0.18634,0.18012
993,7,39,62,ن,punishment,0.06452,0.41935,0.22581,0.16129,0.1129,0.29032
994,7,40,104,ن,paradise|creation|eschatology|polytheism-rejection,0.02885,0.42308,0.24038,0.15385,0.11538,0.19231
995,7,41,42,ن,hell|eschatology,0.04762,0.52381,0.14286,0.2381,0.11905,0.28571
996,7,42,70,ن,paradise,0.02857,0.4,0.15714,0.21429,0.2,0.2
997,7,43,150,ن,paradise|creation|prophets|legal|dialogue,0.06667,0.46,0.22,0.14667,0.14667,0.18667
998,7,44,110,ن,punishment|paradise|hell|dialogue,0.09091,0.39091,0.23636,0.14545,0.18182,0.19091
999,7,45,48,ن,polytheism-rejection,0.0625,0.47917,0.14583,0.20833,0.1875,0.22917
1000,7,46,87,ن,paradise,0.05747,0.45977,0.17241,0.14943,0.18391,0.25287
1001,7,47,62,ن,hell|dialogue,0.17742,0.3871,0.22581,0.12903,0.12903,0.17742
1002,7,48,72,ن,hell|dialogue,0.08333,0.40278,0.23611,0.125,0.15278,0.26389
1003,7,49,68,ن,mercy|paradise|hell,0.02941,0.45588,0.19118,0.19118,0.22059,0.17647
1004,7,50,87,ن,paradise|hell|legal|dialogue|polytheism-rejection,0.10345,0.42529,0.17241,0.14943,0.18391,0.17241
1005,7,51,95,ن,polytheism-rejection,0.02105,0.45263,0.14737,0.17895,0.14737,0.22105
1006,7,52,45,ن,mercy,0.08889,0.44444,0.24444,0.15556,0.2,0.26667
1007,7,53,146,ن,prophets|dialogue,0.09589,0.49315,0.18493,0.18493,0.15753,0.20548
1008,7,54,145,ن,creation,0.10345,0.46207,0.15862,0.17931,0.14483,0.17241
1009,7,55,35,ن,,0.08571,0.37143,0.22857,0.17143,0.22857,0.2
1010,7,56,65,ن,mercy|creation,0.10769,0.4,0.18462,0.21538,0.2,0.23077
1011,7,57,123,ن,mercy|nature-imagery,0.08943,0.39837,0.2439,0.19512,0.13821,0.15447
1012,7,58,72,ن,,0.11111,0.41667,0.29167,0.16667,0.11111,0.16667
1013,7,59,76,م,punishment|prophets|prayer|dialogue|monotheism,0.09211,0.44737,0.19737,0.15789,0.21053,0.22368
1014,7,60,32,ن,dialogue,0.125,0.5625,0.1875,0.09375,0.09375,0.21875
1015,7,61,39,ن,prophets|dialogue,0.12821,0.61538,0.12821,0.10256,0.05128,0.20513
1016,7,62,44,ن,,0.06818,0.52273,0.20455,0.11364,0.18182,0.25
1017,7,63,59,ن,mercy,0.10169,0.52542,0.32203,0.05085,0.11864,0.27119
1018,7,64,71,ن,polytheism-rejection,0.04225,0.42254,0.21127,0.1831,0.15493,0.23944
1019,7,65,57,ن,prayer|dialogue|monotheism,0.07018,0.38596,0.24561,0.14035,0.22807,0.21053
1020,7,66,58,ن,dialogue|polytheism-rejection,0.08621,0.48276,0.17241,0.17241,0.10345,0.18966
1021,7,67,39,ن,prophets|dialogue,0.10256,0.5641,0.12821,0.15385,0.07692,0.23077
1022,7,68,30,ن,,0.1,0.46667,0.26667,0.13333,0.16667,0.2
1023,7,69,113,ن,creation|prophets|prayer,0.07965,0.42478,0.28319,0.15044,0.15929,0.24779
1024,7,70,71,ن,prayer|dialogue,0.05634,0.35211,0.33803,0.08451,0.16901,0.15493
1025,7,71,107,ن,dialogue,0.1028,0.46729,0.26168,0.13084,0.13084,0.24299
1026,7,72,66,ن,mercy|polytheism-rejection,0.06061,0.45455,0.21212,0.12121,0.13636,0.24242
1027,7,73,132,م,punishment|prayer|dialogue|monotheism,0.07576,0.38636,0.24242,0.2197,0.2197,0.2197
1028,7,74,113,ن,creation|prayer|nature-imagery,0.07965,0.38938,0.23894,0.18584,0.15044,0.23894
1029,7,75,96,ن,dialogue,0.09375,0.51042,0.1875,0.14583,0.14583,0.25
1030,7,76,37,ن,dialogue|polytheism-rejection,0.08108,0.40541,0.27027,0.13514,0.08108,0.21622
1031,7,77,66,ن,prophets|dialogue,0.12121,0.43939,0.21212,0.09091,0.15152,0.19697
1032,7,78,33,ن,punishment,0.09091,0.30303,0.21212,0.36364,0.21212,0.27273
1033,7,79,63,ن,dialogue,0.11111,0.47619,0.2381,0.15873,0.12698,0.22222
1034,7,80,53,ن,prophets|dialogue,0.07547,0.39623,0.26415,0.16981,0.18868,0.24528
1035,7,81,46,ن,,0.06522,0.52174,0.26087,0.13043,0.13043,0.26087
1036,7,82,54,ن,dialogue,0.12963,0.46296,0.2963,0.11111,0.18519,0.24074
1037,7,83,36,ن,,0.05556,0.41667,0.25,0.16667,0.25,0.13889
1038,7,84,40,ن,nature-imagery,0.2,0.475,0.2,0.125,0.125,0.225
1039,7,85,156,ن,creation|prayer|dialogue|monotheism,0.05769,0.42949,0.23718,0.16026,0.16667,0.23077
1040,7,86,107,ن,prayer,0.1028,0.41121,0.26168,0.14953,0.11215,0.24299
1041,7,87,83,ن,,0.07229,0.44578,0.21687,0.18072,0.18072,0.25301
1042,7,88,93,ن,dialogue,0.08602,0.51613,0.22581,0.08602,0.10753,0.19355
1043,7,89,159,ن,,0.05031,0.42767,0.22013,0.12579,0.15723,0.16981
1044,7,90,53,ن,dialogue|polytheism-rejection,0.07547,0.45283,0.22642,0.13208,0.15094,0.22642
1045,7,91,33,ن,punishment,0.09091,0.30303,0.21212,0.36364,0.21212,0.27273
1046,7,92,59,ن,polytheism-rejection,0.01695,0.40678,0.15254,0.20339,0.11864,0.18644
1047,7,93,64,ن,dialogue|polytheism-rejection,0.125,0.42188,0.26562,0.15625,0.10938,0.25
1048,7,94,59,ن,punishment|prophets|polytheism-rejection,0.11864,0.44068,0.18644,0.18644,0.23729,0.16949
1049,7,95,82,ن,punishment|dialogue,0.07317,0.35366,0.19512,0.23171,0.20732,0.19512
1050,7,96,85,ن,punishment|paradise|creation|prophets|polytheism-rejection,0.07059,0.43529,0.23529,0.14118,0.14118,0.25882
1051,7,97,40,ن,punishment,0.05,0.425,0.3,0.125,0.25,0.225
1052,7,98,38,ن,punishment,0.07895,0.44737,0.26316,0.15789,0.28947,0.21053
1053,7,99,44,ن,,0.09091,0.52273,0.15909,0.13636,0.15909,0.22727
1054,7,100,79,ن,creation|legal,0.07595,0.48101,0.20253,0.18987,0.21519,0.26582
1055,7,101,102,ن,prophets|polytheism-rejection,0.09804,0.41176,0.29412,0.09804,0.10784,0.21569
1056,7,102,41,ن,,0.07317,0.43902,0.26829,0.17073,0.17073,0.21951
1057,7,103,71,ن,prophets,0.07042,0.38028,0.19718,0.21127,0.15493,0.29577
1058,7,104,34,ن,prophets|dialogue,0.11765,0.61765,0.08824,0.08824,0.08824,0.26471
1059,7,105,65,ل,,0.12308,0.41538,0.32308,0.10769,0.21538,0.15385
1060,7,106,36,ن,dialogue,0.08333,0.30556,0.47222,0.11111,0.19444,0.11111
1061,7,107,24,ن,prophets,0.08333,0.25,0.20833,0.29167,0.25,0.20833
1062,7,108,26,ن,,0.11538,0.42308,0.15385,0.26923,0.19231,0.11538
1063,7,109,32,م,dialogue,0.125,0.53125,0.125,0.15625,0.1875,0.21875
1064,7,110,30,ن,,0.16667,0.53333,0.26667,0.13333,0.13333,0.23333
1065,7,111,34,ن,dialogue,0.11765,0.41176,0.20588,0.20588,0.23529,0.14706
1066,7,112,16,م,,0.0625,0.4375,0.3125,0.125,0.1875,0.1875
1067,7,113,46,ن,dialogue,0.08696,0.45652,0.19565,0.13043,0.19565,0.1087
1068,7,114,22,ن,creation|dialogue,0.13636,0.63636,0.22727,0.0,0.09091,0.27273
1069,7,115,40,ن,prophets|dialogue,0.075,0.55,0.225,0.05,0.125,0.2
1070,7,116,55,م,dialogue,0.12727,0.4,0.2,0.18182,0.18182,0.23636
1071,7,117,41,ن,prophets,0.07317,0.36585,0.26829,0.19512,0.21951,0.21951
1072,7,118,25,ن,,0.12,0.48,0.2,0.08,0.12,0.32
1073,7,119,25,ن,,0.12,0.44,0.16,0.2,0.12,0.24
1074,7,120,17,ن,prayer,0.11765,0.41176,0.23529,0.23529,0.17647,0.05882
1075,7,121,20,ن,dialogue,0.1,0.5,0.2,0.0,0.1,0.25
1076,7,122,12,ن,prophets,0.16667,0.58333,0.08333,0.16667,0.08333,0.41667
1077,7,123,77,ن,dialogue,0.07792,0.46753,0.23377,0.19481,0.19481,0.25974
1078,7,124,41,ن,,0.09756,0.4878,0.34146,0.09756,0.19512,0.21951
1079,7,125,22,ن,dialogue,0.13636,0.5,0.27273,0.0,0.09091,0.22727
1080,7,126,66,ن,,0.09091,0.4697,0.24242,0.07576,0.12121,0.24242
1081,7,127,100,ن,prophets|dialogue,0.13,0.47,0.23,0.19,0.16,0.26
1082,7,128,76,ن,creation|prophets|legal|dialogue,0.11842,0.44737,0.18421,0.15789,0.15789,0.21053
1083,7,129,88,ن,punishment|dialogue,0.09091,0.44318,0.28409,0.125,0.13636,0.22727
1084,7,130,47,ن,punishment|nature-imagery,0.12766,0.53191,0.17021,0.17021,0.12766,0.19149
1085,7,131,94,ن,prophets|dialogue,0.07447,0.42553,0.20213,0.20213,0.23404,0.20213
1086,7,132,47,ن,dialogue,0.04255,0.44681,0.23404,0.17021,0.19149,0.25532
1087,7,133,80,ن,,0.1125,0.45,0.2,0.125,0.0625,0.275
1088,7,134,90,ل,punishment|prophets|dialogue,0.07778,0.46667,0.22222,0.1,0.14444,0.16667
1089,7,135,43,ن,punishment,0.02326,0.39535,0.18605,0.25581,0.2093,0.2093
1090,7,136,60,ن,polytheism-rejection|nature-imagery,0.05,0.41667,0.2,0.18333,0.16667,0.26667
1091,7,137,139,ن,punishment|legal,0.1295,0.46763,0.17986,0.13669,0.10072,0.2446
1092,7,138,99,ن,prophets|dialogue|polytheism-rejection|nature-imagery,0.07071,0.43434,0.22222,0.13131,0.18182,0.22222
1093,7,139,36,ن,punishment|prayer,0.05556,0.47222,0.22222,0.11111,0.19444,0.30556
1094,7,140,40,ن,dialogue,0.075,0.45,0.175,0.175,0.25,0.175
1095,7,141,85,م,punishment,0.04706,0.50588,0.25882,0.12941,0.14118,0.29412
1096,7,142,109,ن,creation|prophets|dialogue,0.07339,0.47706,0.17431,0.19266,0.15596,0.24771
1097,7,143,165,ن,mercy|prophets|dialogue|nature-imagery,0.12121,0.43636,0.27273,0.12727,0.12121,0.19394
1098,7,144,65,ن,prophets|dialogue,0.07692,0.41538,0.23077,0.13846,0.06154,0.16923
1099,7,145,89,ن,dialogue,0.08989,0.39326,0.23596,0.24719,0.19101,0.22472
1100,7,146,153,ن,creation|polytheism-rejection,0.0719,0.45098,0.20915,0.18301,0.15686,0.18301
1101,7,147,63,ن,eschatology|polytheism-rejection,0.04762,0.42857,0.2381,0.12698,0.19048,0.20635
1102,7,148,89,ن,creation|prophets|prayer,0.04494,0.47191,0.1573,0.20225,0.17978,0.23596
1103,7,149,74,ن,mercy|dialogue,0.13514,0.56757,0.16216,0.13514,0.12162,0.21622
1104,7,150,172,ن,punishment|prophets|dialogue,0.08721,0.43023,0.26163,0.13372,0.18023,0.23256
1105,7,151,46,ن,mercy|prophets|dialogue,0.13043,0.5,0.21739,0.17391,0.21739,0.19565
1106,7,152,69,ن,prayer|eschatology,0.04348,0.46377,0.14493,0.23188,0.13043,0.15942
1107,7,153,59,م,mercy,0.05085,0.45763,0.20339,0.13559,0.16949,0.28814
1108,7,154,63,ن,mercy|prophets,0.06349,0.44444,0.14286,0.28571,0.22222,0.2381
1109,7,155,170,ن,mercy|punishment|prophets|dialogue,0.07647,0.40588,0.24118,0.18824,0.17647,0.2
1110,7,156,129,ن,mercy|punishment|dialogue,0.03876,0.4031,0.25581,0.20155,0.1938,0.17054
1111,7,157,222,ن,prophets|legal,0.06306,0.51351,0.15315,0.16216,0.18919,0.23423
1112,7,158,141,ن,creation|prophets|dialogue|monotheism,0.03546,0.50355,0.1844,0.14184,0.17021,0.19149
1113,7,159,32,ن,prophets,0.0625,0.53125,0.21875,0.15625,0.1875,0.375
1114,7,160,200,ن,prophets|dialogue|nature-imagery,0.095,0.43,0.185,0.18,0.15,0.22
1115,7,161,93,ن,mercy|prophets|dialogue,0.07527,0.4086,0.21505,0.23656,0.16129,0.19355
1116,7,162,73,ن,punishment|creation|dialogue,0.09589,0.53425,0.12329,0.17808,0.09589,0.23288
1117,7,163,118,ن,nature-imagery,0.05932,0.42373,0.23729,0.19492,0.16102,0.22034
1118,7,164,81,ن,punishment|dialogue,0.08642,0.4321,0.22222,0.17284,0.20988,0.2716
1119,7,165,79,ن,punishment|legal,0.03797,0.44304,0.16456,0.18987,0.11392,0.24051
1120,7,166,41,ن,legal|dialogue,0.07317,0.43902,0.14634,0.17073,0.21951,0.19512
1121,7,167,80,م,mercy|punishment|eschatology,0.0875,0.475,0.2,0.175,0.2125,0.2375
1122,7,168,77,ن,creation,0.07792,0.50649,0.15584,0.16883,0.16883,0.25974
1123,7,169,172,ن,mercy|legal|dialogue,0.09302,0.44767,0.18023,0.2093,0.20349,0.18605
1124,7,170,52,ن,prayer,0.09615,0.46154,0.19231,0.13462,0.11538,0.17308
1125,7,171,79,ن,prayer|dialogue|nature-imagery,0.10127,0.39241,0.26582,0.18987,0.17722,0.26582
1126,7,172,104,ن,creation|dialogue|eschatology,0.07692,0.41346,0.24038,0.21154,0.20192,0.23077
1127,7,173,64,ن,punishment|prayer|dialogue|polytheism-rejection,0.07812,0.42188,0.3125,0.10938,0.17188,0.28125
1128,7,174,27,ن,,0.07407,0.51852,0.18519,0.14815,0.14815,0.18519
1129,7,175,64,ن,prophets,0.01562,0.40625,0.1875,0.1875,0.1875,0.15625
1130,7,176,132,ن,creation|polytheism-rejection,0.09091,0.40152,0.2197,0.23485,0.18182,0.18182
1131,7,177,47,ن,polytheism-rejection,0.04255,0.44681,0.19149,0.17021,0.08511,0.25532
1132,7,178,42,ن,,0.04762,0.52381,0.14286,0.2381,0.19048,0.2381
1133,7,179,122,ن,hell|creation,0.06557,0.47541,0.21311,0.16393,0.19672,0.22951
1134,7,180,69,ن,eschatology,0.01449,0.44928,0.13043,0.21739,0.17391,0.21739
1135,7,181,31,ن,creation,0.06452,0.51613,0.22581,0.16129,0.22581,0.29032
1136,7,182,40,ن,polytheism-rejection,0.025,0.475,0.2,0.175,0.1,0.2
1137,7,183,18,ن,,0.0,0.66667,0.27778,0.05556,0.16667,0.22222
1138,7,184,40,ن,prophets,0.075,0.5,0.225,0.175,0.175,0.3
1139,7,185,88,ن,creation,0.09091,0.46591,0.26136,0.14773,0.17045,0.23864
1140,7,186,40,ن,,0.075,0.55,0.05,0.275,0.2,0.2
1141,7,187,153,ن,creation|prophets|dialogue|eschatology,0.05882,0.42484,0.21569,0.15033,0.20261,0.13072
1142,7,188,104,ن,dialogue,0.07692,0.51923,0.18269,0.13462,0.13462,0.19231
1143,7,189,125,ن,creation,0.048,0.416,0.176,0.24,0.176,0.192
1144,7,190,55,ن,polytheism-rejection,0.05455,0.32727,0.16364,0.2,0.2,0.16364
1145,7,191,28,ن,creation|polytheism-rejection,0.10714,0.53571,0.17857,0.17857,0.17857,0.17857
1146,7,192,33,ن,,0.15152,0.57576,0.09091,0.21212,0.12121,0.21212
1147,7,193,56,ن,,0.01786,0.42857,0.30357,0.08929,0.23214,0.28571
1148,7,194,64,ن,polytheism-rejection,0.03125,0.4375,0.28125,0.125,0.125,0.21875
1149,7,195,99,ن,prophets|dialogue,0.08081,0.45455,0.25253,0.17172,0.20202,0.25253
1150,7,196,39,ن,,0.02564,0.53846,0.12821,0.15385,0.10256,0.12821
1151,7,197,47,ن,,0.10638,0.57447,0.14894,0.17021,0.10638,0.21277
1152,7,198,52,ن,,0.09615,0.51923,0.17308,0.13462,0.17308,0.23077
1153,7,199,32,ن,,0.125,0.4375,0.125,0.1875,0.25,0.21875
1154,7,200,44,م,,0.02273,0.43182,0.13636,0.25,0.20455,0.15909
1155,7,201,50,ن,prayer,0.12,0.38,0.22,0.22,0.12,0.22
1156,7,202,31,ن,,0.09677,0.58065,0.09677,0.22581,0.16129,0.29032
1157,7,203,89,ن,mercy|prophets|dialogue,0.08989,0.44944,0.2809,0.1236,0.19101,0.26966
1158,7,204,41,ن,mercy,0.14634,0.43902,0.2439,0.14634,0.19512,0.21951
1159,7,205,69,ن,prayer,0.10145,0.46377,0.18841,0.18841,0.10145,0.23188
1160,7,206,48,ن,prayer,0.04167,0.4375,0.27083,0.16667,0.16667,0.1875
1161,8,1,89,ن,prophets|dialogue,0.06742,0.50562,0.19101,0.14607,0.1573,0.20225
1162,8,2,82,ن,,0.03659,0.47561,0.23171,0.13415,0.17073,0.20732
1163,8,3,34,ن,prayer,0.14706,0.58824,0.08824,0.17647,0.05882,0.23529
1164,8,4,47,م,mercy|paradise,0.14894,0.48936,0.25532,0.17021,0.21277,0.2766
1165,8,5,47,ن,,0.12766,0.48936,0.31915,0.08511,0.12766,0.23404
1166,8,6,51,ن,,0.07843,0.4902,0.2549,0.09804,0.09804,0.23529
1167,8,7,101,ن,prayer|polytheism-rejection,0.08911,0.41584,0.29703,0.13861,0.16832,0.15842
1168,8,8,33,ن,,0.18182,0.54545,0.24242,0.09091,0.09091,0.24242
1169,8,9,52,ن,prayer|dialogue,0.03846,0.42308,0.32692,0.17308,0.11538,0.28846
1170,8,10,67,م,creation,0.07463,0.46269,0.20896,0.14925,0.19403,0.19403
1171,8,11,99,م,creation|prayer|nature-imagery,0.08081,0.45455,0.24242,0.16162,0.16162,0.22222
1172,8,12,103,ن,prayer|polytheism-rejection,0.1068,0.43689,0.23301,0.14563,0.12621,0.26214
1173,8,13,58,ب,punishment|prophets,0.10345,0.43103,0.18966,0.22414,0.15517,0.18966
1174,8,14,30,ر,punishment|hell|polytheism-rejection,0.1,0.46667,0.16667,0.2,0.1,0.23333
1175,8,15,54,ر,dialogue|polytheism-rejection,0.05556,0.42593,0.18519,0.18519,0.12963,0.2037
1176,8,16,81,ر,hell,0.08642,0.41975,0.25926,0.20988,0.20988,0.2963
1177,8,17,86,م,prophets,0.05814,0.5814,0.17442,0.12791,0.15116,0.23256
1178,8,18,26,ن,polytheism-rejection,0.03846,0.53846,0.19231,0.15385,0.11538,0.19231
1179,8,19,97,ن,polytheism-rejection,0.03093,0.43299,0.28866,0.15464,0.19588,0.23711
1180,8,20,54,ن,prophets|dialogue,0.03704,0.51852,0.14815,0.12963,0.2037,0.22222
1181,8,21,36,ن,dialogue,0.02778,0.52778,0.11111,0.11111,0.08333,0.25
1182,8,22,39,ن,creation,0.07692,0.48718,0.17949,0.10256,0.10256,0.15385
1183,8,23,49,ن,creation,0.06122,0.59184,0.06122,0.20408,0.2449,0.34694
1184,8,24,95,ن,prophets|dialogue|eschatology,0.04211,0.51579,0.17895,0.14737,0.18947,0.2
1185,8,25,58,ب,punishment,0.08621,0.41379,0.18966,0.17241,0.12069,0.2069
1186,8,26,95,ن,prayer,0.12632,0.43158,0.27368,0.17895,0.11579,0.24211
1187,8,27,61,ن,prophets|dialogue,0.01639,0.54098,0.16393,0.09836,0.14754,0.2459
1188,8,28,48,م,,0.04167,0.47917,0.22917,0.10417,0.22917,0.27083
1189,8,29,82,م,mercy|dialogue,0.08537,0.47561,0.18293,0.15854,0.13415,0.19512
1190,8,30,74,ن,prophets|prayer|polytheism-rejection,0.10811,0.56757,0.24324,0.10811,0.09459,0.24324
1191,8,31,69,ن,dialogue,0.07246,0.4058,0.21739,0.14493,0.17391,0.10145
1192,8,32,72,م,punishment|creation|prayer|dialogue|nature-imagery,0.06944,0.38889,0.23611,0.15278,0.22222,0.18056
1193,8,33,52,ن,mercy|punishment|prophets,0.01923,0.48077,0.13462,0.23077,0.19231,0.30769
1194,8,34,93,ن,punishment,0.04301,0.50538,0.1828,0.12903,0.2043,0.22581
1195,8,35,58,ن,punishment|prayer|polytheism-rejection,0.06897,0.36207,0.2931,0.13793,0.10345,0.25862
1196,8,36,98,ن,hell|eschatology|polytheism-rejection,0.07143,0.52041,0.13265,0.23469,0.14286,0.23469
1197,8,37,81,ن,hell,0.06173,0.4321,0.17284,0.22222,0.20988,0.20988
1198,8,38,59,ن,mercy|polytheism-rejection,0.10169,0.49153,0.22034,0.18644,0.11864,0.22034
1199,8,39,66,ر,,0.04545,0.48485,0.21212,0.16667,0.15152,0.22727
1200,8,40,46,ر,,0.04348,0.6087,0.08696,0.06522,0.13043,0.30435
1201,8,41,150,ر,prophets|legal,0.05333,0.51333,0.18,0.10667,0.12,0.22667
1202,8,42,149,م,creation|prayer|polytheism-rejection,0.04027,0.49664,0.18792,0.14094,0.1745,0.22819
1203,8,43,88,ر,prophets|prayer,0.07955,0.51136,0.18182,0.17045,0.125,0.20455
1204,8,44,88,ر,creation|prayer,0.10227,0.52273,0.21591,0.11364,0.17045,0.20455
1205,8,45,61,ن,prayer|dialogue,0.04918,0.40984,0.19672,0.19672,0.14754,0.19672
1206,8,46,67,ن,prophets,0.10448,0.44776,0.14925,0.19403,0.14925,0.25373
1207,8,47,76,ط,,0.09211,0.52632,0.17105,0.11842,0.11842,0.22368
1208,8,48,140,ب,punishment|creation|prayer|dialogue,0.07857,0.46429,0.22143,0.11429,0.15714,0.17857
1209,8,49,74,م,prayer|dialogue,0.08108,0.51351,0.16216,0.2027,0.17568,0.21622
1210,8,50,67,ق,punishment|hell|dialogue|polytheism-rejection,0.1194,0.44776,0.20896,0.1791,0.13433,0.28358
1211,8,51,37,د,,0.05405,0.45946,0.32432,0.10811,0.10811,0.21622
1212,8,52,74,ب,punishment|polytheism-rejection,0.06757,0.40541,0.27027,0.18919,0.18919,0.24324
1213,8,53,68,م,,0.04412,0.48529,0.14706,0.17647,0.25,0.22059
1214,8,54,82,ن,punishment|polytheism-rejection,0.08537,0.45122,0.26829,0.15854,0.17073,0.29268
1215,8,55,38,ن,creation|polytheism-rejection,0.05263,0.5,0.15789,0.15789,0.13158,0.21053
1216,8,56,44,ن,creation,0.09091,0.5,0.15909,0.22727,0.18182,0.22727
1217,8,57,43,ن,prophets,0.09302,0.44186,0.16279,0.32558,0.18605,0.32558
1218,8,58,55,ن,,0.01818,0.43636,0.16364,0.2,0.23636,0.2
1219,8,59,35,ن,polytheism-rejection,0.05714,0.45714,0.17143,0.2,0.11429,0.22857
1220,8,60,134,ن,,0.0597,0.52985,0.19403,0.14179,0.17164,0.29851
1221,8,61,50,م,,0.0,0.5,0.12,0.18,0.22,0.18
1222,8,62,53,ن,,0.0566,0.4717,0.26415,0.16981,0.20755,0.20755
1223,8,63,76,م,creation,0.06579,0.47368,0.25,0.18421,0.18421,0.28947
1224,8,64,37,ن,prophets,0.0,0.48649,0.21622,0.10811,0.16216,0.21622
1225,8,65,115,ن,prophets|polytheism-rejection,0.07826,0.52174,0.2,0.12174,0.14783,0.23478
1226,8,66,107,ن,,0.04673,0.47664,0.19626,0.17757,0.19626,0.25234
1227,8,67,78,م,prophets,0.10256,0.48718,0.16667,0.19231,0.17949,0.10256
1228,8,68,39,م,punishment,0.05128,0.38462,0.23077,0.20513,0.12821,0.28205
1229,8,69,46,م,mercy|legal,0.08696,0.47826,0.15217,0.17391,0.15217,0.26087
1230,8,70,94,م,mercy|prophets,0.08511,0.54255,0.18085,0.15957,0.17021,0.23404
1231,8,71,54,م,,0.05556,0.51852,0.2037,0.14815,0.16667,0.24074
1232,8,72,209,ر,,0.07177,0.51196,0.18182,0.14354,0.14354,0.27751
1233,8,73,57,ر,creation|polytheism-rejection,0.10526,0.36842,0.24561,0.22807,0.17544,0.24561
1234,8,74,85,م,mercy|paradise,0.09412,0.52941,0.15294,0.17647,0.15294,0.28235
1235,8,75,95,م,legal,0.04211,0.44211,0.25263,0.12632,0.2,0.29474
1236,9,1,41,ن,creation|prophets|polytheism-rejection,0.07317,0.5122,0.14634,0.17073,0.17073,0.17073
1237,9,2,64,ن,polytheism-rejection,0.09375,0.45312,0.14062,0.23438,0.23438,0.1875
1238,9,3,135,م,mercy|punishment|prophets|polytheism-rejection,0.06667,0.51111,0.19259,0.16296,0.15556,0.24444
1239,9,4,98,ن,creation|polytheism-rejection,0.06122,0.46939,0.21429,0.16327,0.19388,0.20408
1240,9,5,133,م,mercy|prayer|polytheism-rejection,0.09774,0.42105,0.16541,0.24812,0.18045,0.25564
1241,9,6,74,ن,polytheism-rejection,0.05405,0.44595,0.24324,0.18919,0.21622,0.21622
1242,9,7,105,ن,creation|prophets|polytheism-rejection,0.05714,0.44762,0.2,0.1619,0.14286,0.18095
1243,9,8,77,ن,,0.11688,0.45455,0.23377,0.19481,0.15584,0.32468
1244,9,9,56,ن,,0.05357,0.42857,0.17857,0.16071,0.14286,0.19643
1245,9,10,39,ن,,0.05128,0.53846,0.23077,0.10256,0.17949,0.30769
1246,9,11,68,ن,mercy|prayer,0.05882,0.44118,0.20588,0.14706,0.13235,0.26471
1247,9,12,79,ن,polytheism-rejection,0.03797,0.48101,0.21519,0.1519,0.22785,0.25316
1248,9,13,93,ن,prophets,0.06452,0.46237,0.26882,0.17204,0.22581,0.26882
1249,9,14,59,ن,punishment,0.10169,0.54237,0.18644,0.20339,0.16949,0.30508
1250,9,15,45,م,mercy,0.04444,0.51111,0.15556,0.2,0.2,0.26667
1251,9,16,102,ن,creation|prophets,0.02941,0.55882,0.16667,0.12745,0.13725,0.26471
1252,9,17,83,ن,hell|legal|prayer|polytheism-rejection,0.06024,0.44578,0.20482,0.16867,0.18072,0.20482
1253,9,18,99,ن,prayer,0.0404,0.47475,0.19192,0.14141,0.19192,0.20202
1254,9,19,110,ن,creation,0.05455,0.48182,0.16364,0.15455,0.15455,0.18182
1255,9,20,80,ن,,0.0375,0.4375,0.2,0.2,0.2125,0.2625
1256,9,21,44,م,mercy|paradise,0.13636,0.54545,0.13636,0.22727,0.18182,0.34091
1257,9,22,31,م,,0.06452,0.35484,0.25806,0.19355,0.29032,0.09677
1258,9,23,97,ن,dialogue|polytheism-rejection,0.02062,0.46392,0.2268,0.12371,0.18557,0.24742
1259,9,24,170,ن,prophets|dialogue,0.07647,0.41176,0.27059,0.17647,0.17059,0.24118
1260,9,25,96,ن,creation,0.125,0.46875,0.28125,0.15625,0.125,0.23958
1261,9,26,83,ن,punishment|prophets|eschatology|polytheism-rejection,0.04819,0.48193,0.16867,0.18072,0.13253,0.18072
1262,9,27,40,م,mercy,0.05,0.5,0.15,0.2,0.175,0.25
1263,9,28,113,م,dialogue|polytheism-rejection,0.04425,0.45133,0.15929,0.21239,0.19469,0.21239
1264,9,29,123,ن,creation|prophets|legal,0.07317,0.53659,0.14634,0.13008,0.13008,0.20325
1265,9,30,107,ن,punishment|dialogue|polytheism-rejection,0.1028,0.4486,0.19626,0.17757,0.14019,0.19626
1266,9,31,102,ن,prophets|prayer|monotheism|polytheism-rejection,0.05882,0.43137,0.18627,0.16667,0.21569,0.2549
1267,9,32,64,ن,polytheism-rejection,0.09375,0.53125,0.20312,0.14062,0.1875,0.25
1268,9,33,60,ن,prophets|polytheism-rejection,0.11667,0.5,0.15,0.21667,0.16667,0.13333
1269,9,34,139,م,punishment|dialogue,0.05755,0.48201,0.16547,0.17986,0.1295,0.21583
1270,9,35,84,ن,hell|dialogue,0.04762,0.42857,0.20238,0.2381,0.14286,0.32143
1271,9,36,160,ن,creation|polytheism-rejection,0.0875,0.43125,0.18125,0.18125,0.15,0.19375
1272,9,37,134,ن,creation|legal|polytheism-rejection,0.06716,0.49254,0.10448,0.20149,0.18657,0.20896
1273,9,38,122,ل,creation|dialogue,0.08197,0.44262,0.17213,0.16393,0.16393,0.13934
1274,9,39,70,ر,punishment,0.1,0.42857,0.24286,0.14286,0.14286,0.2
1275,9,40,176,م,creation|prophets|dialogue|polytheism-rejection,0.06818,0.43182,0.15909,0.25,0.19886,0.13636
1276,9,41,71,ن,,0.04225,0.4507,0.21127,0.1831,0.11268,0.29577
1277,9,42,113,ن,punishment,0.0885,0.43363,0.20354,0.17699,0.15929,0.21239
1278,9,43,52,ن,mercy|prophets,0.03846,0.42308,0.23077,0.15385,0.13462,0.15385
1279,9,44,77,ن,,0.02597,0.51948,0.19481,0.14286,0.16883,0.23377
1280,9,45,70,ن,,0.07143,0.51429,0.22857,0.14286,0.12857,0.25714
1281,9,46,71,ن,,0.09859,0.39437,0.22535,0.14085,0.21127,0.19718
1282,9,47,86,ن,,0.03488,0.5,0.15116,0.16279,0.13953,0.30233
1283,9,48,64,ن,,0.14062,0.42188,0.26562,0.15625,0.17188,0.23438
1284,9,49,63,ن,hell|dialogue|polytheism-rejection,0.07937,0.50794,0.20635,0.1746,0.12698,0.2381
1285,9,50,65,ن,dialogue,0.12308,0.43077,0.29231,0.21538,0.18462,0.27692
1286,9,51,56,ن,dialogue,0.03571,0.55357,0.16071,0.08929,0.10714,0.21429
1287,9,52,93,ن,punishment|dialogue,0.10753,0.43011,0.29032,0.15054,0.16129,0.23656
1288,9,53,47,ن,dialogue,0.14894,0.44681,0.34043,0.08511,0.10638,0.25532
1289,9,54,95,ن,prophets|prayer|polytheism-rejection,0.07368,0.48421,0.18947,0.16842,0.17895,0.27368
1290,9,55,81,ن,punishment|polytheism-rejection,0.03704,0.41975,0.19753,0.20988,0.19753,0.24691
1291,9,56,45,ن,,0.06667,0.64444,0.15556,0.15556,0.13333,0.4
1292,9,57,44,ن,,0.02273,0.56818,0.22727,0.11364,0.20455,0.29545
1293,9,58,62,ن,,0.1129,0.46774,0.17742,0.19355,0.17742,0.25806
1294,9,59,82,ن,prophets|dialogue,0.08537,0.4878,0.12195,0.21951,0.19512,0.20732
1295,9,60,118,م,legal,0.08475,0.51695,0.13559,0.16102,0.12712,0.23729
1296,9,61,114,م,mercy|punishment|prophets|dialogue,0.04386,0.64035,0.14035,0.14912,0.15789,0.24561
1297,9,62,55,ن,prophets,0.10909,0.58182,0.16364,0.18182,0.18182,0.23636
1298,9,63,64,م,hell|prophets,0.04688,0.46875,0.125,0.23438,0.21875,0.15625
1299,9,64,73,ن,dialogue,0.09589,0.45205,0.20548,0.23288,0.19178,0.23288
1300,9,65,64,ن,prophets|dialogue,0.0625,0.48438,0.26562,0.17188,0.20312,0.20312
1301,9,66,67,ن,mercy|punishment|polytheism-rejection,0.08955,0.37313,0.31343,0.13433,0.19403,0.25373
1302,9,67,105,ن,legal,0.10476,0.52381,0.14286,0.17143,0.12381,0.29524
1303,9,68,79,م,punishment|hell|polytheism-rejection,0.06329,0.46835,0.12658,0.20253,0.16456,0.24051
1304,9,69,168,ن,polytheism-rejection,0.07143,0.3869,0.27381,0.16667,0.16667,0.25
1305,9,70,125,ن,prophets,0.064,0.488,0.24,0.16,0.152,0.304
1306,9,71,132,م,mercy|prophets|legal|prayer,0.07576,0.55303,0.15152,0.15152,0.19697,0.25
1307,9,72,107,م,paradise,0.06542,0.45794,0.20561,0.15888,0.14953,0.18692
1308,9,73,62,ر,hell|prophets|polytheism-rejection,0.08065,0.46774,0.16129,0.17742,0.16129,0.24194
1309,9,74,190,ر,mercy|punishment|creation|prophets|dialogue|polytheism-rejection,0.07368,0.51053,0.14737,0.16316,0.15263,0.27368
1310,9,75,52,ن,creation|dialogue,0.07692,0.55769,0.13462,0.17308,0.15385,0.17308
1311,9,76,37,ن,,0.08108,0.48649,0.13514,0.24324,0.18919,0.40541
1312,9,77,67,ن,,0.0597,0.43284,0.22388,0.16418,0.16418,0.35821
1313,9,78,47,ب,,0.02128,0.57447,0.10638,0.12766,0.23404,0.25532
1314,9,79,93,م,punishment,0.05376,0.55914,0.12903,0.1828,0.13978,0.22581
1315,9,80,103,ن,mercy|prophets|polytheism-rejection,0.08738,0.45631,0.15534,0.28155,0.18447,0.2233
1316,9,81,118,ن,hell|prophets|dialogue,0.09322,0.4661,0.16102,0.22034,0.16102,0.26271
1317,9,82,43,ن,eschatology,0.06977,0.4186,0.25581,0.13953,0.04651,0.23256
1318,9,83,112,ن,dialogue,0.09821,0.41071,0.25893,0.14286,0.1875,0.22321
1319,9,84,71,ن,prophets|prayer|polytheism-rejection,0.09859,0.42254,0.22535,0.16901,0.16901,0.29577
1320,9,85,74,ن,punishment|polytheism-rejection,0.04054,0.43243,0.22973,0.18919,0.2027,0.27027
1321,9,86,82,ن,prophets|dialogue,0.07317,0.46341,0.20732,0.14634,0.17073,0.20732
1322,9,87,46,ن,,0.1087,0.45652,0.17391,0.17391,0.17391,0.34783
1323,9,88,76,ن,prophets,0.02632,0.51316,0.18421,0.17105,0.21053,0.28947
1324,9,89,56,م,paradise,0.05357,0.39286,0.19643,0.21429,0.19643,0.10714
1325,9,90,80,م,punishment|prophets|polytheism-rejection,0.075,0.4875,0.1625,0.175,0.15,0.225
1326,9,91,103,م,mercy|prophets,0.08738,0.51456,0.06796,0.19417,0.14563,0.18447
1327,9,92,90,ن,dialogue,0.03333,0.45556,0.22222,0.13333,0.17778,0.21111
1328,9,93,86,ن,,0.04651,0.48837,0.16279,0.15116,0.18605,0.24419
1329,9,94,132,ن,prophets|legal|dialogue,0.06818,0.48485,0.24242,0.12121,0.16667,0.2197
1330,9,95,88,ن,hell|eschatology,0.06818,0.43182,0.21591,0.19318,0.20455,0.26136
1331,9,96,59,ن,,0.13559,0.49153,0.11864,0.20339,0.15254,0.20339
1332,9,97,69,م,prophets|polytheism-rejection,0.07246,0.43478,0.2029,0.14493,0.2029,0.18841
1333,9,98,71,م,,0.09859,0.49296,0.1831,0.14085,0.1831,0.25352
1334,9,99,113,م,mercy|prophets,0.10619,0.49558,0.16814,0.19469,0.20354,0.21239
1335,9,100,128,م,paradise,0.08594,0.4375,0.17969,0.17969,0.17969,0.17969
1336,9,101,99,م,punishment|prophets,0.07071,0.53535,0.14141,0.14141,0.17172,0.27273
1337,9,102,74,م,mercy,0.09459,0.44595,0.14865,0.21622,0.25676,0.22973
1338,9,103,65,م,paradise|prophets,0.09231,0.44615,0.18462,0.26154,0.23077,0.21538
1339,9,104,67,م,mercy,0.0597,0.43284,0.22388,0.14925,0.22388,0.20896
1340,9,105,85,ن,prophets|legal|dialogue,0.04706,0.51765,0.17647,0.12941,0.14118,0.29412
1341,9,106,54,م,mercy|punishment,0.05556,0.57407,0.16667,0.12963,0.24074,0.2963
1342,9,107,117,ن,prophets|prayer|polytheism-rejection,0.10256,0.47863,0.17949,0.17949,0.12821,0.19658
1343,9,108,86,ن,prayer,0.10465,0.44186,0.26744,0.17442,0.18605,0.22093
1344,9,109,101,ن,hell,0.09901,0.46535,0.12871,0.21782,0.15842,0.19802
1345,9,110,61,م,,0.08197,0.4918,0.21311,0.14754,0.16393,0.2459
1346,9,111,174,م,paradise|legal,0.05747,0.47126,0.1954,0.17241,0.16092,0.24713
1347,9,112,109,ن,mercy|legal|prayer,0.05505,0.50459,0.15596,0.11009,0.12844,0.23853
1348,9,113,84,م,mercy|hell|prophets|polytheism-rejection,0.05952,0.52381,0.21429,0.11905,0.13095,0.25
1349,9,114,88,م,mercy|creation|prophets,0.04545,0.40909,0.23864,0.18182,0.29545,0.21591
1350,9,115,61,م,,0.04918,0.45902,0.22951,0.14754,0.18033,0.19672
1351,9,116,61,ر,creation,0.06557,0.63934,0.11475,0.11475,0.09836,0.22951
1352,9,117,109,م,mercy|prophets|eschatology,0.09174,0.43119,0.19266,0.18349,0.18349,0.22018
1353,9,118,127,م,mercy|creation,0.07087,0.4252,0.1811,0.19685,0.19685,0.19685
1354,9,119,41,ن,dialogue,0.07317,0.46341,0.17073,0.09756,0.12195,0.17073
1355,9,120,199,ن,prophets|polytheism-rejection,0.07035,0.49749,0.15578,0.19095,0.18593,0.22111
1356,9,121,77,ن,,0.09091,0.49351,0.18182,0.16883,0.15584,0.20779
1357,9,122,102,ن,,0.09804,0.52941,0.13725,0.19608,0.14706,0.27451
1358,9,123,78,ن,dialogue|polytheism-rejection,0.05128,0.52564,0.15385,0.11538,0.11538,0.20513
1359,9,124,82,ن,dialogue,0.03659,0.43902,0.19512,0.23171,0.17073,0.2561
1360,9,125,54,ن,polytheism-rejection,0.11111,0.44444,0.18519,0.22222,0.11111,0.31481
1361,9,126,56,ن,mercy|prayer,0.07143,0.625,0.16071,0.125,0.125,0.30357
1362,9,127,79,ن,dialogue,0.16456,0.43038,0.18987,0.25316,0.18987,0.26582
1363,9,128,60,م,mercy|prophets,0.1,0.51667,0.2,0.16667,0.18333,0.23333
1364,9,129,54,م,prophets|dialogue|monotheism,0.07407,0.44444,0.18519,0.2037,0.22222,0.2037
1365,10,1,22,م,,0.04545,0.36364,0.36364,0.04545,0.09091,0.09091
1366,10,2,99,ن,dialogue|polytheism-rejection,0.10101,0.45455,0.23232,0.15152,0.17172,0.16162
1367,10,3,113,ن,creation|prayer,0.07965,0.40708,0.21239,0.18584,0.15929,0.21239
1368,10,4,126,ن,punishment|creation|polytheism-rejection,0.07143,0.46032,0.19841,0.15079,0.15873,0.22222
1369,10,5,101,ن,creation,0.09901,0.47525,0.16832,0.15842,0.12871,0.17822
1370,10,6,62,ن,creation,0.09677,0.5,0.16129,0.14516,0.1129,0.19355
1371,10,7,71,ن,,0.07042,0.47887,0.15493,0.12676,0.14085,0.16901
1372,10,8,30,ن,hell,0.03333,0.46667,0.26667,0.06667,0.13333,0.3
1373,10,9,74,م,paradise,0.05405,0.48649,0.18919,0.14865,0.18919,0.2027
1374,10,10,66,ن,,0.0303,0.42424,0.15152,0.22727,0.24242,0.22727
1375,10,11,86,ن,,0.09302,0.51163,0.13953,0.18605,0.16279,0.13953
1376,10,12,104,ن,creation,0.09615,0.43269,0.18269,0.17308,0.15385,0.17308
1377,10,13,87,ن,punishment|prophets|eschatology,0.09195,0.52874,0.24138,0.08046,0.06897,0.25287
1378,10,14,42,ن,creation,0.09524,0.47619,0.19048,0.19048,0.16667,0.2381
1379,10,15,138,م,punishment|prophets|dialogue,0.07971,0.42029,0.28986,0.11594,0.2029,0.15217
1380,10,16,65,ن,creation|dialogue,0.09231,0.41538,0.29231,0.13846,0.15385,0.24615
1381,10,17,54,ن,polytheism-rejection,0.05556,0.42593,0.22222,0.18519,0.16667,0.25926
1382,10,18,123,ن,creation|prayer|dialogue|polytheism-rejection,0.05691,0.47967,0.15447,0.14634,0.17073,0.22764
1383,10,19,71,ن,,0.05634,0.43662,0.19718,0.22535,0.14085,0.28169
1384,10,20,68,ن,dialogue,0.10294,0.57353,0.16176,0.14706,0.16176,0.22059
1385,10,21,84,ن,mercy|prophets|dialogue,0.11905,0.42857,0.2381,0.16667,0.16667,0.17857
1386,10,22,166,ن,nature-imagery,0.07831,0.46386,0.20482,0.19277,0.16867,0.21084
1387,10,23,113,ن,creation,0.04425,0.42478,0.22124,0.15929,0.18584,0.22124
1388,10,24,198,ن,creation|nature-imagery,0.07576,0.38889,0.21717,0.19192,0.19697,0.14141
1389,10,25,45,م,,0.11111,0.46667,0.2,0.13333,0.13333,0.15556
1390,10,26,72,ن,paradise,0.06944,0.41667,0.18056,0.26389,0.22222,0.16667
1391,10,27,118,ن,hell|eschatology,0.0678,0.41525,0.19492,0.22034,0.20339,0.20339
1392,10,28,89,ن,prophets|prayer|dialogue|polytheism-rejection,0.06742,0.49438,0.23596,0.13483,0.1236,0.24719
1393,10,29,46,ن,legal|prayer,0.0,0.3913,0.26087,0.15217,0.13043,0.21739
1394,10,30,63,ن,,0.06349,0.47619,0.1746,0.1746,0.12698,0.25397
1395,10,31,114,ن,creation|dialogue,0.12281,0.5614,0.19298,0.12281,0.10526,0.23684
1396,10,32,48,ن,,0.125,0.35417,0.20833,0.22917,0.125,0.20833
1397,10,33,39,ن,,0.07692,0.4359,0.28205,0.15385,0.12821,0.17949
1398,10,34,63,ن,creation|dialogue,0.07937,0.4127,0.30159,0.1746,0.20635,0.15873
1399,10,35,97,ن,dialogue,0.07216,0.43299,0.28866,0.16495,0.2268,0.13402
1400,10,36,60,ن,,0.06667,0.48333,0.16667,0.15,0.2,0.16667
1401,10,37,83,ن,,0.09639,0.49398,0.21687,0.13253,0.08434,0.18072
1402,10,38,66,ن,prophets|dialogue,0.10606,0.43939,0.25758,0.15152,0.13636,0.24242
1403,10,39,81,ن,polytheism-rejection,0.07407,0.4321,0.24691,0.17284,0.12346,0.25926
1404,10,40,45,ن,,0.02222,0.6,0.2,0.13333,0.17778,0.4
1405,10,41,60,ن,prophets|dialogue|polytheism-rejection,0.05,0.58333,0.26667,0.03333,0.16667,0.35
1406,10,42,47,ن,,0.04255,0.55319,0.19149,0.10638,0.14894,0.2766
1407,10,43,45,ن,,0.08889,0.57778,0.2,0.11111,0.13333,0.24444
1408,10,44,42,ن,,0.04762,0.52381,0.09524,0.21429,0.11905,0.14286
1409,10,45,87,ن,eschatology|polytheism-rejection,0.06897,0.47126,0.18391,0.17241,0.14943,0.21839
1410,10,46,63,ن,prophets|legal,0.04762,0.49206,0.15873,0.1746,0.19048,0.22222
1411,10,47,49,ن,prophets,0.14286,0.4898,0.20408,0.22449,0.14286,0.26531
1412,10,48,30,ن,dialogue,0.1,0.46667,0.26667,0.1,0.1,0.2
1413,10,49,81,ن,dialogue|eschatology,0.06173,0.39506,0.23457,0.18519,0.19753,0.14815
1414,10,50,53,ن,punishment|dialogue,0.07547,0.39623,0.28302,0.11321,0.18868,0.18868
1415,10,51,39,ن,,0.05128,0.35897,0.41026,0.12821,0.23077,0.25641
1416,10,52,52,ن,punishment|dialogue|eschatology,0.05769,0.44231,0.25,0.17308,0.07692,0.23077
1417,10,53,43,ن,prophets|dialogue,0.09302,0.46512,0.34884,0.13953,0.23256,0.25581
1418,10,54,84,ن,punishment|creation,0.11905,0.46429,0.20238,0.17857,0.10714,0.2619
1419,10,55,58,ن,creation,0.06897,0.48276,0.18966,0.13793,0.2069,0.17241
1420,10,56,22,ن,,0.04545,0.63636,0.18182,0.13636,0.22727,0.22727
1421,10,57,63,ن,mercy,0.09524,0.46032,0.20635,0.1746,0.15873,0.25397
1422,10,58,44,ن,mercy|dialogue,0.11364,0.47727,0.15909,0.27273,0.15909,0.34091
1423,10,59,73,ن,paradise|creation|legal|dialogue,0.09589,0.49315,0.21918,0.15068,0.19178,0.17808
1424,10,60,76,ن,eschatology,0.07895,0.51316,0.11842,0.18421,0.10526,0.17105
1425,10,61,141,ن,creation|prophets|legal,0.07801,0.48227,0.21277,0.15603,0.13475,0.26241
1426,10,62,36,ن,,0.0,0.52778,0.11111,0.19444,0.27778,0.19444
1427,10,63,21,ن,,0.04762,0.57143,0.19048,0.04762,0.04762,0.2381
1428,10,64,65,م,,0.04615,0.44615,0.13846,0.21538,0.13846,0.16923
1429,10,65,42,م,,0.02381,0.5,0.09524,0.19048,0.2381,0.16667
1430,10,66,90,ن,creation,0.06667,0.52222,0.17778,0.13333,0.16667,0.2
1431,10,67,61,ن,creation,0.06557,0.52459,0.16393,0.16393,0.11475,0.19672
1432,10,68,96,ن,creation|dialogue,0.05208,0.4375,0.15625,0.17708,0.15625,0.19792
1433,10,69,35,ن,dialogue,0.05714,0.51429,0.14286,0.17143,0.11429,0.14286
1434,10,70,59,ن,punishment|polytheism-rejection,0.05085,0.44068,0.18644,0.15254,0.10169,0.22034
1435,10,71,136,ن,prophets|dialogue|polytheism-rejection,0.09559,0.47794,0.25735,0.11765,0.15441,0.23529
1436,10,72,60,ن,,0.05,0.53333,0.28333,0.08333,0.18333,0.21667
1437,10,73,87,ن,creation|polytheism-rejection,0.06897,0.4023,0.1954,0.21839,0.14943,0.22989
1438,10,74,93,ن,prophets|polytheism-rejection,0.05376,0.39785,0.27957,0.11828,0.12903,0.30108
1439,10,75,69,ن,prophets,0.07246,0.46377,0.2029,0.13043,0.13043,0.33333
1440,10,76,38,ن,dialogue,0.07895,0.42105,0.18421,0.18421,0.18421,0.18421
1441,10,77,48,ن,prophets|dialogue,0.10417,0.4375,0.1875,0.20833,0.16667,0.1875
1442,10,78,77,ن,dialogue,0.05195,0.44156,0.28571,0.06494,0.14286,0.20779
1443,10,79,26,م,dialogue,0.11538,0.5,0.19231,0.11538,0.15385,0.23077
1444,10,80,39,ن,prophets|dialogue,0.10256,0.46154,0.20513,0.15385,0.15385,0.25641
1445,10,81,64,ن,prophets|dialogue,0.07812,0.4375,0.1875,0.20312,0.17188,0.1875
1446,10,82,33,ن,,0.12121,0.51515,0.21212,0.15152,0.15152,0.24242
1447,10,83,85,ن,prophets,0.08235,0.56471,0.10588,0.2,0.2,0.30588
1448,10,84,52,ن,prophets|dialogue,0.03846,0.53846,0.25,0.09615,0.11538,0.28846
1449,10,85,48,ن,dialogue,0.08333,0.47917,0.16667,0.10417,0.08333,0.16667
1450,10,86,26,ن,mercy|polytheism-rejection,0.11538,0.53846,0.23077,0.07692,0.03846,0.26923
1451,10,87,83,ن,prophets|prayer,0.08434,0.48193,0.26506,0.10843,0.15663,0.3253
1452,10,88,131,م,punishment|prophets|dialogue,0.0687,0.46565,0.18321,0.12977,0.14504,0.22901
1453,10,89,51,ن,dialogue,0.05882,0.39216,0.31373,0.07843,0.07843,0.19608
1454,10,90,118,ن,dialogue|monotheism|nature-imagery,0.0678,0.41525,0.27119,0.15254,0.22034,0.20339
1455,10,91,28,ن,,0.10714,0.46429,0.35714,0.10714,0.10714,0.21429
1456,10,92,61,ن,,0.01639,0.5082,0.22951,0.13115,0.11475,0.19672
1457,10,93,109,ن,eschatology,0.10092,0.44037,0.24771,0.15596,0.13761,0.26606
1458,10,94,85,ن,prophets,0.08235,0.45882,0.31765,0.10588,0.08235,0.18824
1459,10,95,44,ن,polytheism-rejection,0.02273,0.5,0.20455,0.13636,0.06818,0.20455
1460,10,96,30,ن,,0.06667,0.53333,0.26667,0.1,0.16667,0.16667
1461,10,97,33,م,punishment,0.0303,0.42424,0.24242,0.12121,0.21212,0.18182
1462,10,98,94,ن,punishment|prophets,0.03191,0.43617,0.14894,0.19149,0.19149,0.20213
1463,10,99,60,ن,creation|prophets,0.06667,0.48333,0.25,0.13333,0.16667,0.21667
1464,10,100,53,ن,,0.03774,0.49057,0.18868,0.11321,0.15094,0.13208
1465,10,101,60,ن,creation|dialogue,0.11667,0.51667,0.13333,0.11667,0.08333,0.21667
1466,10,102,64,ن,dialogue,0.125,0.5625,0.15625,0.15625,0.10938,0.21875
1467,10,103,45,ن,prophets,0.04444,0.57778,0.15556,0.11111,0.08889,0.13333
1468,10,104,100,ن,prophets|prayer|dialogue,0.02,0.5,0.26,0.1,0.14,0.2
1469,10,105,38,ن,polytheism-rejection,0.05263,0.57895,0.23684,0.10526,0.10526,0.21053
1470,10,106,55,ن,,0.05455,0.47273,0.18182,0.14545,0.12727,0.2
1471,10,107,85,م,mercy,0.10588,0.43529,0.17647,0.25882,0.17647,0.23529
1472,10,108,87,ل,dialogue,0.06897,0.43678,0.22989,0.16092,0.14943,0.2069
1473,10,109,45,ن,prophets,0.06667,0.44444,0.17778,0.17778,0.2,0.22222
1474,11,1,36,ر,,0.08333,0.38889,0.33333,0.19444,0.16667,0.19444
1475,11,2,35,ر,prophets|prayer|dialogue,0.05714,0.51429,0.22857,0.11429,0.17143,0.17143
1476,11,3,98,ر,mercy|punishment|paradise|dialogue,0.05102,0.41837,0.2449,0.18367,0.17347,0.27551
1477,11,4,28,ر,,0.10714,0.46429,0.25,0.10714,0.21429,0.14286
1478,11,5,85,ر,polytheism-rejection,0.05882,0.52941,0.12941,0.21176,0.17647,0.22353
1479,11,6,64,ن,paradise|creation,0.09375,0.40625,0.21875,0.17188,0.15625,0.23438
1480,11,7,127,ن,creation|dialogue|eschatology|polytheism-rejection,0.06299,0.48031,0.20472,0.14961,0.16535,0.22835
1481,11,8,93,ن,punishment|dialogue,0.05376,0.44086,0.19355,0.2043,0.24731,0.24731
1482,11,9,47,ر,mercy,0.06383,0.46809,0.14894,0.23404,0.23404,0.17021
1483,11,10,56,ر,dialogue,0.10714,0.39286,0.23214,0.23214,0.26786,0.16071
1484,11,11,48,ر,mercy,0.125,0.45833,0.20833,0.16667,0.1875,0.22917
1485,11,12,95,ل,dialogue,0.08421,0.44211,0.26316,0.13684,0.2,0.15789
1486,11,13,75,ن,dialogue,0.12,0.44,0.25333,0.14667,0.12,0.24
1487,11,14,64,ن,monotheism,0.0,0.5,0.20312,0.15625,0.20312,0.28125
1488,11,15,62,ن,,0.01613,0.48387,0.1129,0.22581,0.19355,0.20968
1489,11,16,65,ن,hell,0.07692,0.47692,0.15385,0.15385,0.16923,0.21538
1490,11,17,146,ن,mercy|hell|prophets|legal|polytheism-rejection,0.06164,0.47945,0.21918,0.17808,0.18493,0.27397
1491,11,18,100,ن,punishment|legal|dialogue,0.08,0.45,0.17,0.15,0.2,0.18
1492,11,19,50,ن,polytheism-rejection,0.06,0.48,0.14,0.22,0.2,0.24
1493,11,20,100,ن,punishment|creation,0.06,0.51,0.16,0.12,0.13,0.25
1494,11,21,41,ن,,0.07317,0.4878,0.14634,0.21951,0.17073,0.2439
1495,11,22,27,ن,,0.11111,0.48148,0.14815,0.25926,0.2963,0.18519
1496,11,23,67,ن,paradise,0.04478,0.40299,0.22388,0.1791,0.23881,0.22388
1497,11,24,61,ن,prayer,0.09836,0.5082,0.14754,0.16393,0.09836,0.21311
1498,11,25,35,ن,prophets|dialogue,0.11429,0.57143,0.22857,0.11429,0.14286,0.2
1499,11,26,40,م,punishment|prayer,0.0,0.425,0.25,0.1,0.25,0.2
1500,11,27,113,ن,dialogue|polytheism-rejection,0.09735,0.48673,0.18584,0.11504,0.07965,0.20354
1501,11,28,81,ن,mercy|creation|dialogue,0.07407,0.50617,0.24691,0.11111,0.20988,0.22222
1502,11,29,92,ن,dialogue,0.08696,0.5,0.23913,0.07609,0.17391,0.21739
1503,11,30,38,ن,dialogue,0.15789,0.57895,0.21053,0.13158,0.10526,0.21053
1504,11,31,123,ن,paradise,0.04878,0.52846,0.19512,0.13008,0.19512,0.17073
1505,11,32,59,ن,prophets|dialogue,0.08475,0.33898,0.35593,0.08475,0.08475,0.11864
1506,11,33,38,ن,dialogue,0.02632,0.42105,0.31579,0.10526,0.21053,0.21053
1507,11,34,66,ن,,0.09091,0.51515,0.27273,0.13636,0.22727,0.16667
1508,11,35,52,ن,prophets|dialogue,0.13462,0.5,0.26923,0.09615,0.15385,0.25
1509,11,36,58,ن,prophets,0.03448,0.5,0.27586,0.10345,0.18966,0.27586
1510,11,37,55,ن,,0.09091,0.50909,0.14545,0.16364,0.14545,0.23636
1511,11,38,73,ن,dialogue,0.10959,0.52055,0.15068,0.19178,0.16438,0.24658
1512,11,39,42,م,punishment|creation,0.02381,0.45238,0.14286,0.2619,0.2381,0.2619
1513,11,40,94,ل,creation|dialogue,0.07447,0.5,0.20213,0.12766,0.17021,0.20213
1514,11,41,48,م,mercy|prophets|dialogue,0.14583,0.45833,0.14583,0.20833,0.14583,0.27083
1515,11,42,73,ن,prophets|polytheism-rejection|nature-imagery,0.0411,0.46575,0.21918,0.10959,0.09589,0.26027
1516,11,43,86,ن,mercy|prophets|dialogue|nature-imagery,0.09302,0.54651,0.15116,0.10465,0.13953,0.23256
1517,11,44,84,ن,creation|dialogue|nature-imagery,0.13095,0.47619,0.22619,0.08333,0.13095,0.20238
1518,11,45,56,ن,prophets|dialogue,0.07143,0.44643,0.28571,0.125,0.21429,0.21429
1519,11,46,76,ن,prophets|dialogue,0.05263,0.47368,0.21053,0.18421,0.23684,0.11842
1520,11,47,63,ن,mercy|prophets|dialogue,0.07937,0.49206,0.25397,0.14286,0.20635,0.1746
1521,11,48,72,م,punishment|paradise|prophets|dialogue,0.04167,0.5,0.19444,0.125,0.16667,0.33333
1522,11,49,75,ن,prophets,0.08,0.41333,0.30667,0.12,0.17333,0.2
1523,11,50,63,ن,prayer|dialogue|monotheism,0.06349,0.42857,0.2381,0.12698,0.2381,0.22222
1524,11,51,52,ن,creation|dialogue,0.11538,0.44231,0.26923,0.09615,0.21154,0.11538
1525,11,52,82,ن,mercy|creation|dialogue|nature-imagery,0.10976,0.5,0.2439,0.10976,0.08537,0.29268
1526,11,53,61,ن,dialogue,0.04918,0.47541,0.27869,0.08197,0.14754,0.22951
1527,11,54,65,ن,legal|dialogue|polytheism-rejection,0.09231,0.38462,0.30769,0.13846,0.21538,0.15385
1528,11,55,28,ن,,0.07143,0.57143,0.17857,0.14286,0.07143,0.25
1529,11,56,65,م,creation,0.12308,0.41538,0.27692,0.13846,0.16923,0.2
1530,11,57,81,ظ,,0.11111,0.4321,0.28395,0.19753,0.17284,0.23457
1531,11,58,61,ظ,mercy|punishment,0.04918,0.5082,0.14754,0.14754,0.18033,0.2459
1532,11,59,50,د,prophets|polytheism-rejection,0.1,0.36,0.32,0.1,0.18,0.24
1533,11,60,68,د,punishment|eschatology|polytheism-rejection,0.05882,0.38235,0.23529,0.13235,0.22059,0.23529
1534,11,61,111,ب,mercy|creation|prayer|dialogue|monotheism,0.0991,0.42342,0.22523,0.1982,0.1982,0.26126
1535,11,62,83,ب,legal|prayer|dialogue,0.07229,0.38554,0.28916,0.10843,0.15663,0.19277
1536,11,63,85,ر,mercy|dialogue,0.11765,0.54118,0.2,0.16471,0.17647,0.17647
1537,11,64,70,ب,punishment|creation|dialogue,0.1,0.37143,0.22857,0.27143,0.21429,0.22857
1538,11,65,47,ب,dialogue|polytheism-rejection,0.10638,0.3617,0.23404,0.21277,0.14894,0.25532
1539,11,66,73,ز,mercy,0.06849,0.49315,0.15068,0.17808,0.17808,0.23288
1540,11,67,41,ن,punishment,0.09756,0.41463,0.12195,0.31707,0.17073,0.21951
1541,11,68,44,د,polytheism-rejection,0.04545,0.43182,0.25,0.15909,0.18182,0.27273
1542,11,69,63,ذ,prophets|dialogue,0.09524,0.36508,0.26984,0.14286,0.11111,0.19048
1543,11,70,68,ط,prophets|dialogue,0.10294,0.45588,0.22059,0.19118,0.20588,0.20588
1544,11,71,48,ب,,0.16667,0.27083,0.3125,0.25,0.25,0.25
1545,11,72,48,ب,dialogue,0.02083,0.35417,0.27083,0.16667,0.22917,0.125
1546,11,73,60,د,mercy|paradise|dialogue,0.06667,0.45,0.3,0.11667,0.21667,0.18333
1547,11,74,48,ط,prophets,0.10417,0.41667,0.22917,0.14583,0.14583,0.25
1548,11,75,22,ب,prophets,0.04545,0.54545,0.22727,0.13636,0.27273,0.27273
1549,11,76,54,د,punishment|prophets|dialogue,0.14815,0.37037,0.31481,0.16667,0.2963,0.18519
1550,11,77,48,ب,prophets|dialogue,0.14583,0.39583,0.20833,0.1875,0.14583,0.25
1551,11,78,109,د,dialogue,0.10092,0.47706,0.22936,0.15596,0.16514,0.20183
1552,11,79,43,د,dialogue,0.09302,0.48837,0.27907,0.04651,0.09302,0.2093
1553,11,80,30,د,dialogue,0.1,0.5,0.36667,0.06667,0.16667,0.2
1554,11,81,118,ب,prophets|dialogue,0.12712,0.41525,0.29661,0.15254,0.17797,0.21186
1555,11,82,57,د,creation|nature-imagery,0.08772,0.42105,0.15789,0.17544,0.19298,0.15789
1556,11,83,31,د,punishment,0.06452,0.51613,0.19355,0.12903,0.12903,0.32258
1557,11,84,110,ط,punishment|prayer|dialogue|monotheism,0.07273,0.47273,0.2,0.12727,0.18182,0.22727
1558,11,85,74,ن,creation|dialogue,0.06757,0.43243,0.17568,0.17568,0.09459,0.25676
1559,11,86,42,ظ,legal,0.07143,0.52381,0.2619,0.11905,0.16667,0.2381
1560,11,87,82,د,prayer|dialogue,0.06098,0.41463,0.30488,0.08537,0.18293,0.15854
1561,11,88,137,ب,paradise|legal|dialogue,0.09489,0.43796,0.27737,0.12409,0.21168,0.16788
1562,11,89,78,د,prophets|dialogue,0.15385,0.51282,0.28205,0.10256,0.10256,0.37179
1563,11,90,37,د,mercy,0.10811,0.48649,0.27027,0.16216,0.13514,0.35135
1564,11,91,79,ز,dialogue,0.11392,0.4557,0.18987,0.12658,0.10127,0.20253
1565,11,92,65,ط,dialogue,0.13846,0.47692,0.23077,0.13846,0.2,0.23077
1566,11,93,82,ب,punishment|dialogue,0.06098,0.47561,0.21951,0.10976,0.15854,0.29268
1567,11,94,86,ن,mercy|punishment,0.06977,0.45349,0.15116,0.2093,0.17442,0.23256
1568,11,95,37,د,,0.0,0.40541,0.2973,0.10811,0.16216,0.24324
1569,11,96,31,ن,prophets,0.09677,0.48387,0.25806,0.09677,0.06452,0.22581
1570,11,97,44,د,,0.13636,0.5,0.18182,0.13636,0.20455,0.36364
1571,11,98,46,د,hell|eschatology,0.15217,0.54348,0.21739,0.1087,0.1087,0.32609
1572,11,99,42,د,punishment|eschatology,0.07143,0.42857,0.19048,0.21429,0.19048,0.30952
1573,11,100,36,د,,0.16667,0.38889,0.27778,0.16667,0.19444,0.13889
1574,11,101,94,ب,,0.05319,0.48936,0.21277,0.17021,0.18085,0.2766
1575,11,102,44,د,punishment,0.09091,0.31818,0.29545,0.29545,0.27273,0.11364
1576,11,103,57,د,punishment|legal,0.01754,0.47368,0.15789,0.24561,0.19298,0.24561
1577,11,104,20,د,,0.05,0.45,0.3,0.1,0.3,0.2
1578,11,105,36,د,,0.02778,0.44444,0.25,0.22222,0.16667,0.25
1579,11,106,37,ق,hell,0.10811,0.43243,0.08108,0.32432,0.10811,0.24324
1580,11,107,57,د,creation,0.08772,0.40351,0.22807,0.12281,0.12281,0.19298
1581,11,108,75,ذ,paradise|creation,0.06667,0.37333,0.2,0.18667,0.14667,0.2
1582,11,109,77,ص,prophets|prayer|polytheism-rejection,0.07792,0.45455,0.25974,0.14286,0.19481,0.32468
1583,11,110,72,ب,prophets,0.08333,0.45833,0.26389,0.19444,0.11111,0.29167
1584,11,111,43,ر,polytheism-rejection,0.04651,0.55814,0.18605,0.11628,0.2093,0.30233
1585,11,112,46,ر,,0.1087,0.41304,0.30435,0.1087,0.13043,0.32609
1586,11,113,66,ن,hell,0.07576,0.57576,0.15152,0.10606,0.06061,0.24242
1587,11,114,68,ن,prayer,0.10294,0.45588,0.16176,0.20588,0.10294,0.10294
1588,11,115,29,ن,,0.13793,0.48276,0.13793,0.2069,0.17241,0.13793
1589,11,116,110,ن,creation|legal,0.09091,0.53636,0.18182,0.11818,0.1,0.26364
1590,11,117,35,ن,punishment,0.14286,0.48571,0.2,0.17143,0.14286,0.22857
1591,11,118,42,ن,creation,0.02381,0.47619,0.16667,0.19048,0.16667,0.21429
1592,11,119,61,ن,mercy|hell|creation,0.06557,0.52459,0.2623,0.13115,0.18033,0.22951
1593,11,120,69,ن,prophets,0.08696,0.4058,0.26087,0.18841,0.17391,0.21739
1594,11,121,41,ن,,0.02439,0.58537,0.14634,0.02439,0.12195,0.21951
1595,11,122,18,ن,,0.22222,0.55556,0.16667,0.11111,0.05556,0.22222
1596,11,123,73,ن,creation|prayer,0.06849,0.45205,0.20548,0.15068,0.20548,0.26027
1597,12,1,22,ن,,0.04545,0.40909,0.36364,0.0,0.04545,0.13636
1598,12,2,31,ن,,0.12903,0.45161,0.25806,0.06452,0.22581,0.09677
1599,12,3,64,ن,prophets,0.125,0.45312,0.23438,0.1875,0.1875,0.125
1600,12,4,63,ن,creation|prophets|prayer|dialogue,0.09524,0.4127,0.31746,0.15873,0.1746,0.1746
1601,12,5,63,ن,dialogue,0.09524,0.4127,0.30159,0.09524,0.11111,0.11111
1602,12,6,106,م,prophets,0.0566,0.4434,0.33019,0.08491,0.19811,0.23585
1603,12,7,30,ن,prophets,0.03333,0.43333,0.26667,0.2,0.16667,0.16667
1604,12,8,57,ن,prophets|dialogue,0.05263,0.42105,0.22807,0.19298,0.22807,0.24561
1605,12,9,59,ن,prophets,0.11864,0.44068,0.25424,0.16949,0.16949,0.27119
1606,12,10,68,ن,prophets|dialogue,0.11765,0.39706,0.27941,0.16176,0.14706,0.19118
1607,12,11,43,ن,prophets|dialogue,0.04651,0.44186,0.16279,0.11628,0.13953,0.18605
1608,12,12,34,ن,,0.08824,0.44118,0.14706,0.20588,0.26471,0.17647
1609,12,13,54,ن,dialogue,0.01852,0.40741,0.25926,0.22222,0.27778,0.18519
1610,12,14,38,ن,dialogue,0.07895,0.36842,0.23684,0.21053,0.26316,0.13158
1611,12,15,76,ن,,0.02632,0.43421,0.22368,0.19737,0.25,0.28947
1612,12,16,20,ن,,0.0,0.3,0.35,0.1,0.25,0.3
1613,12,17,80,ن,prophets|dialogue,0.0625,0.3875,0.2875,0.1125,0.125,0.2125
1614,12,18,73,ن,dialogue,0.09589,0.41096,0.24658,0.16438,0.10959,0.27397
1615,12,19,77,ن,mercy|dialogue,0.09091,0.41558,0.16883,0.20779,0.19481,0.23377
1616,12,20,42,ن,,0.04762,0.42857,0.16667,0.2619,0.16667,0.28571
1617,12,21,138,ن,prophets|dialogue,0.07246,0.47826,0.16667,0.18116,0.17391,0.18116
1618,12,22,43,ن,prophets|eschatology,0.0,0.44186,0.2093,0.2093,0.18605,0.18605
1619,12,23,91,ن,creation|dialogue,0.06593,0.41758,0.20879,0.20879,0.18681,0.1978
1620,12,24,76,ن,,0.09211,0.40789,0.21053,0.22368,0.22368,0.21053
1621,12,25,89,م,punishment|dialogue|eschatology,0.07865,0.32584,0.35955,0.1236,0.14607,0.21348
1622,12,26,68,ن,prophets|legal|dialogue,0.11765,0.39706,0.26471,0.22059,0.14706,0.17647
1623,12,27,36,ن,,0.16667,0.41667,0.33333,0.16667,0.08333,0.25
1624,12,28,43,م,dialogue,0.16279,0.44186,0.34884,0.11628,0.13953,0.16279
1625,12,29,42,ن,mercy|prophets,0.09524,0.38095,0.2381,0.2381,0.19048,0.14286
1626,12,30,73,ن,dialogue,0.08219,0.36986,0.16438,0.26027,0.16438,0.17808
1627,12,31,131,م,prophets|dialogue,0.08397,0.41985,0.27481,0.18321,0.22137,0.15267
1628,12,32,84,ن,dialogue,0.08333,0.5119,0.15476,0.20238,0.11905,0.19048
1629,12,33,68,ن,dialogue,0.07353,0.48529,0.26471,0.13235,0.20588,0.14706
1630,12,34,41,م,,0.07317,0.36585,0.17073,0.29268,0.2439,0.19512
1631,12,35,38,ن,,0.02632,0.42105,0.23684,0.15789,0.18421,0.18421
1632,12,36,115,ن,dialogue|nature-imagery,0.11304,0.45217,0.24348,0.15652,0.22609,0.13913
1633,12,37,112,ن,dialogue|polytheism-rejection,0.08929,0.46429,0.29464,0.09821,0.16964,0.22321
1634,12,38,104,ن,prophets|polytheism-rejection,0.06731,0.45192,0.21154,0.14423,0.15385,0.17308
1635,12,39,46,ر,,0.15217,0.3913,0.23913,0.17391,0.17391,0.17391
1636,12,40,127,ن,prayer,0.0315,0.44882,0.25984,0.11024,0.18898,0.18898
1637,12,41,86,ن,nature-imagery,0.13953,0.38372,0.24419,0.23256,0.16279,0.17442
1638,12,42,70,ن,creation|prophets|dialogue,0.11429,0.41429,0.2,0.24286,0.11429,0.14286
1639,12,43,105,ن,dialogue,0.09524,0.40952,0.27619,0.13333,0.18095,0.18095
1640,12,44,41,ن,dialogue,0.04878,0.43902,0.19512,0.14634,0.21951,0.21951
1641,12,45,50,ن,prayer|dialogue,0.06,0.42,0.32,0.12,0.2,0.24
1642,12,46,96,ن,prophets|dialogue,0.08333,0.36458,0.22917,0.19792,0.19792,0.17708
1643,12,47,57,ن,prophets|dialogue,0.08772,0.40351,0.24561,0.21053,0.14035,0.22807
1644,12,48,53,ن,,0.0566,0.43396,0.30189,0.13208,0.13208,0.18868
1645,12,49,39,ن,nature-imagery,0.05128,0.4359,0.12821,0.25641,0.17949,0.20513
1646,12,50,92,م,prophets|dialogue,0.08696,0.42391,0.26087,0.11957,0.16304,0.16304
1647,12,51,110,ن,prophets|dialogue,0.10909,0.4,0.19091,0.22727,0.2,0.13636
1648,12,52,47,ن,,0.0,0.51064,0.21277,0.14894,0.23404,0.10638
1649,12,53,54,م,mercy,0.12963,0.5,0.2037,0.18519,0.2037,0.27778
1650,12,54,61,ن,dialogue,0.04918,0.5082,0.22951,0.14754,0.13115,0.19672
1651,12,55,33,م,prophets|dialogue,0.12121,0.42424,0.15152,0.18182,0.24242,0.06061
1652,12,56,72,ن,mercy|prophets,0.08333,0.47222,0.19444,0.20833,0.13889,0.19444
1653,12,57,35,ن,,0.11429,0.57143,0.2,0.11429,0.17143,0.17143
1654,12,58,39,ن,prophets,0.05128,0.46154,0.12821,0.30769,0.28205,0.33333
1655,12,59,72,ن,dialogue,0.04167,0.5,0.25,0.13889,0.18056,0.22222
1656,12,60,35,ن,,0.05714,0.51429,0.31429,0.08571,0.11429,0.25714
1657,12,61,29,ن,dialogue,0.06897,0.41379,0.17241,0.13793,0.2069,0.2069
1658,12,62,74,ن,mercy|prophets|dialogue,0.08108,0.43243,0.14865,0.18919,0.24324,0.2027
1659,12,63,71,ن,dialogue|polytheism-rejection,0.05634,0.43662,0.1831,0.12676,0.1831,0.19718
1660,12,64,66,ن,mercy|dialogue,0.09091,0.45455,0.18182,0.19697,0.25758,0.19697
1661,12,65,114,ر,mercy|dialogue,0.07895,0.41228,0.22807,0.16667,0.16667,0.19298
1662,12,66,88,ل,legal|dialogue,0.07955,0.45455,0.26136,0.13636,0.18182,0.20455
1663,12,67,111,ن,dialogue,0.02703,0.4955,0.23423,0.11712,0.16216,0.25225
1664,12,68,110,ن,,0.04545,0.5,0.13636,0.19091,0.20909,0.22727
1665,12,69,62,ن,prophets|dialogue,0.01613,0.40323,0.24194,0.14516,0.22581,0.22581
1666,12,70,65,ن,dialogue,0.07692,0.38462,0.2,0.27692,0.24615,0.15385
1667,12,71,27,ن,dialogue,0.11111,0.40741,0.25926,0.11111,0.11111,0.2963
1668,12,72,44,م,dialogue,0.09091,0.43182,0.22727,0.13636,0.18182,0.27273
1669,12,73,48,ن,dialogue,0.125,0.4375,0.22917,0.125,0.08333,0.16667
1670,12,74,25,ن,dialogue|eschatology,0.04,0.32,0.32,0.16,0.12,0.2
1671,12,75,45,ن,dialogue|eschatology,0.06667,0.37778,0.22222,0.26667,0.15556,0.15556
1672,12,76,123,م,prophets,0.04065,0.38211,0.26016,0.19512,0.23577,0.17886
1673,12,77,84,ن,prophets|dialogue,0.13095,0.41667,0.22619,0.2381,0.15476,0.25
1674,12,78,63,ن,dialogue,0.04762,0.38095,0.19048,0.20635,0.20635,0.11111
1675,12,79,50,ن,dialogue,0.04,0.4,0.2,0.14,0.22,0.12
1676,12,80,139,ن,prophets|dialogue,0.08633,0.46763,0.22302,0.17986,0.17266,0.23741
1677,12,81,72,ن,legal|dialogue,0.06944,0.40278,0.23611,0.11111,0.13889,0.23611
1678,12,82,53,ن,,0.11321,0.43396,0.20755,0.13208,0.13208,0.13208
1679,12,83,70,م,dialogue,0.05714,0.47143,0.22857,0.15714,0.18571,0.21429
1680,12,84,51,م,prophets|dialogue,0.05882,0.43137,0.11765,0.23529,0.15686,0.2549
1681,12,85,49,ن,prophets|prayer|dialogue,0.08163,0.38776,0.28571,0.18367,0.12245,0.16327
1682,12,86,47,ن,dialogue,0.02128,0.51064,0.17021,0.12766,0.19149,0.21277
1683,12,87,81,ن,prophets|polytheism-rejection,0.04938,0.48148,0.1358,0.22222,0.17284,0.23457
1684,12,88,101,ن,prophets|dialogue,0.07921,0.40594,0.18812,0.18812,0.15842,0.14851
1685,12,89,39,ن,prophets|dialogue,0.02564,0.4359,0.23077,0.20513,0.23077,0.28205
1686,12,90,84,ن,prophets|dialogue,0.09524,0.46429,0.21429,0.17857,0.19048,0.14286
1687,12,91,39,ن,dialogue,0.10256,0.4359,0.25641,0.10256,0.17949,0.05128
1688,12,92,46,ن,mercy|dialogue,0.1087,0.56522,0.13043,0.15217,0.15217,0.21739
1689,12,93,56,ن,,0.08929,0.375,0.32143,0.17857,0.23214,0.25
1690,12,94,47,ن,prophets|dialogue,0.08511,0.51064,0.23404,0.14894,0.14894,0.23404
1691,12,95,27,م,dialogue,0.11111,0.44444,0.25926,0.11111,0.07407,0.11111
1692,12,96,72,ن,dialogue,0.09722,0.44444,0.25,0.11111,0.19444,0.18056
1693,12,97,39,ن,mercy|dialogue,0.07692,0.35897,0.23077,0.12821,0.12821,0.12821
1694,12,98,35,م,mercy|dialogue,0.14286,0.45714,0.17143,0.28571,0.2,0.25714
1695,12,99,55,ن,prophets|dialogue,0.05455,0.45455,0.18182,0.18182,0.21818,0.21818
1696,12,100,169,م,creation|prayer|dialogue,0.08284,0.43787,0.27219,0.14201,0.18935,0.19527
1697,12,101,105,ن,creation,0.08571,0.51429,0.21905,0.12381,0.12381,0.19048
1698,12,102,57,ن,prophets,0.03509,0.50877,0.26316,0.14035,0.22807,0.26316
1699,12,103,26,ن,,0.11538,0.53846,0.19231,0.15385,0.11538,0.26923
1700,12,104,36,ن,,0.05556,0.52778,0.19444,0.13889,0.25,0.16667
1701,12,105,49,ن,creation,0.10204,0.55102,0.10204,0.16327,0.20408,0.2449
1702,12,106,30,ن,polytheism-rejection,0.06667,0.53333,0.2,0.16667,0.2,0.3
1703,12,107,59,ن,punishment|eschatology,0.01695,0.37288,0.22034,0.23729,0.30508,0.20339
1704,12,108,67,ن,dialogue|polytheism-rejection,0.0597,0.46269,0.1791,0.16418,0.19403,0.1791
1705,12,109,123,ن,creation|prophets,0.13821,0.4878,0.19512,0.15447,0.14634,0.17886
1706,12,110,79,ن,punishment|prophets|polytheism-rejection,0.10127,0.43038,0.22785,0.16456,0.12658,0.17722
1707,12,111,94,ن,mercy,0.11702,0.45745,0.25532,0.18085,0.12766,0.20213
1708,13,1,60,ن,,0.06667,0.48333,0.28333,0.08333,0.1,0.13333
1709,13,2,115,ن,creation,0.12174,0.46957,0.2,0.13913,0.11304,0.2
1710,13,3,101,ن,creation|nature-imagery,0.07921,0.51485,0.14851,0.17822,0.11881,0.16832
1711,13,4,111,ن,paradise|nature-imagery,0.13514,0.44144,0.21622,0.15315,0.15315,0.21622
1712,13,5,112,ن,hell|creation|prophets|dialogue|polytheism-rejection,0.07143,0.36607,0.32143,0.15179,0.23214,0.21429
1713,13,6,90,ب,mercy|punishment,0.08889,0.43333,0.25556,0.18889,0.15556,0.21111
1714,13,7,56,د,dialogue|polytheism-rejection,0.08929,0.55357,0.19643,0.14286,0.16071,0.21429
1715,13,8,58,ر,,0.06897,0.41379,0.24138,0.15517,0.17241,0.18966
1716,13,9,30,ل,legal,0.03333,0.4,0.16667,0.13333,0.16667,0.16667
1717,13,10,54,ر,,0.09259,0.51852,0.18519,0.18519,0.12963,0.31481
1718,13,11,121,ل,,0.07438,0.50413,0.16529,0.19835,0.19008,0.28099
1719,13,12,42,ل,nature-imagery,0.11905,0.42857,0.16667,0.19048,0.11905,0.21429
1720,13,13,86,ل,nature-imagery,0.05814,0.44186,0.17442,0.23256,0.17442,0.24419
1721,13,14,107,ل,polytheism-rejection,0.03738,0.41121,0.21495,0.18692,0.18692,0.21495
1722,13,15,55,ل,creation|prayer,0.10909,0.45455,0.16364,0.18182,0.12727,0.23636
1723,13,16,188,ر,creation|dialogue,0.1117,0.44681,0.20213,0.18085,0.17021,0.18085
1724,13,17,182,ل,hell|creation|nature-imagery,0.07143,0.37912,0.22527,0.20879,0.14286,0.21429
1725,13,18,118,د,hell|creation,0.02542,0.44068,0.19492,0.20339,0.17797,0.26271
1726,13,19,58,ب,,0.05172,0.48276,0.2931,0.08621,0.2069,0.24138
1727,13,20,34,ق,legal,0.08824,0.52941,0.11765,0.17647,0.08824,0.20588
1728,13,21,54,ب,,0.07407,0.53704,0.11111,0.24074,0.16667,0.27778
1729,13,22,101,ر,prayer,0.11881,0.41584,0.20792,0.17822,0.18812,0.22772
1730,13,23,72,ب,paradise|dialogue,0.02778,0.47222,0.22222,0.16667,0.20833,0.25
1731,13,24,30,ر,,0.13333,0.4,0.23333,0.1,0.1,0.3
1732,13,25,94,ر,punishment|creation|legal,0.10638,0.5,0.18085,0.18085,0.19149,0.21277
1733,13,26,74,ع,paradise,0.09459,0.43243,0.16216,0.17568,0.16216,0.14865
1734,13,27,67,ب,prophets|dialogue|polytheism-rejection,0.07463,0.55224,0.1791,0.16418,0.19403,0.16418
1735,13,28,52,ب,prayer,0.11538,0.46154,0.30769,0.11538,0.13462,0.23077
1736,13,29,38,ب,,0.05263,0.47368,0.15789,0.15789,0.15789,0.28947
1737,13,30,106,ب,mercy|dialogue|monotheism|polytheism-rejection,0.06604,0.48113,0.26415,0.16038,0.20755,0.20755
1738,13,31,193,د,creation|polytheism-rejection|nature-imagery,0.0829,0.44041,0.2228,0.1399,0.18135,0.18135
1739,13,32,55,ب,punishment|prophets|polytheism-rejection,0.09091,0.36364,0.30909,0.23636,0.12727,0.23636
1740,13,33,139,د,creation|dialogue|polytheism-rejection,0.08633,0.48201,0.19424,0.17986,0.14388,0.26619
1741,13,34,53,ق,punishment,0.0566,0.43396,0.13208,0.20755,0.20755,0.20755
1742,13,35,89,ر,paradise|hell|polytheism-rejection|nature-imagery,0.10112,0.39326,0.25843,0.11236,0.13483,0.13483
1743,13,36,101,ب,prophets|prayer|dialogue|polytheism-rejection,0.05941,0.43564,0.29703,0.13861,0.23762,0.20792
1744,13,37,74,ق,,0.02703,0.44595,0.24324,0.09459,0.18919,0.22973
1745,13,38,82,ب,prophets,0.07317,0.45122,0.29268,0.12195,0.15854,0.15854
1746,13,39,32,ب,,0.0,0.40625,0.25,0.15625,0.1875,0.25
1747,13,40,58,ب,,0.03448,0.46552,0.18966,0.13793,0.17241,0.2069
1748,13,41,68,ب,,0.13235,0.44118,0.19118,0.19118,0.22059,0.19118
1749,13,42,71,ر,polytheism-rejection,0.09859,0.47887,0.21127,0.12676,0.08451,0.23944
1750,13,43,64,ب,prophets|legal|dialogue|polytheism-rejection,0.0625,0.48438,0.21875,0.14062,0.07812,0.23438
1751,14,1,72,د,prophets,0.11111,0.43056,0.22222,0.15278,0.13889,0.11111
1752,14,2,54,د,punishment|creation|polytheism-rejection,0.05556,0.5,0.11111,0.18519,0.07407,0.22222
1753,14,3,76,د,,0.03947,0.44737,0.17105,0.18421,0.19737,0.15789
1754,14,4,75,م,prophets,0.05333,0.54667,0.12,0.2,0.14667,0.21333
1755,14,5,86,ر,prophets|dialogue,0.11628,0.46512,0.26744,0.12791,0.12791,0.18605
1756,14,6,117,م,punishment|prophets|prayer|dialogue,0.05128,0.47863,0.22222,0.16239,0.16239,0.2906
1757,14,7,48,د,punishment|prayer|polytheism-rejection,0.0625,0.4375,0.375,0.14583,0.14583,0.1875
1758,14,8,50,د,creation|prophets|dialogue|polytheism-rejection,0.08,0.5,0.2,0.16,0.16,0.24
1759,14,9,157,ب,prophets|dialogue|polytheism-rejection,0.05096,0.47134,0.24204,0.14013,0.16561,0.28025
1760,14,10,143,ن,mercy|creation|prophets|prayer|dialogue,0.09091,0.44056,0.27273,0.12587,0.13287,0.22378
1761,14,11,112,ن,prophets|dialogue,0.03571,0.50893,0.20536,0.125,0.16071,0.1875
1762,14,12,78,ن,,0.03846,0.51282,0.17949,0.08974,0.10256,0.20513
1763,14,13,78,ن,punishment|prophets|dialogue|polytheism-rejection,0.10256,0.55128,0.16667,0.16667,0.14103,0.20513
1764,14,14,43,د,,0.06977,0.48837,0.18605,0.18605,0.13953,0.27907
1765,14,15,23,د,,0.04348,0.30435,0.30435,0.17391,0.13043,0.26087
1766,14,16,25,د,hell,0.12,0.48,0.24,0.16,0.16,0.24
1767,14,17,62,ظ,punishment,0.04839,0.48387,0.20968,0.16129,0.17742,0.24194
1768,14,18,90,د,polytheism-rejection|nature-imagery,0.08889,0.42222,0.2,0.17778,0.12222,0.23333
1769,14,19,56,د,creation,0.10714,0.39286,0.33929,0.16071,0.19643,0.16071
1770,14,20,18,ز,,0.0,0.38889,0.11111,0.22222,0.16667,0.16667
1771,14,21,138,ص,punishment|dialogue|eschatology,0.05797,0.43478,0.18116,0.15217,0.15942,0.18841
1772,14,22,187,م,punishment|polytheism-rejection,0.08021,0.48128,0.25668,0.11765,0.12834,0.27273
1773,14,23,83,م,paradise,0.04819,0.40964,0.20482,0.20482,0.19277,0.16867
1774,14,24,59,ء,creation|nature-imagery,0.13559,0.33898,0.25424,0.27119,0.18644,0.20339
1775,14,25,55,ن,nature-imagery,0.07273,0.45455,0.23636,0.18182,0.18182,0.12727
1776,14,26,49,ر,creation|nature-imagery,0.14286,0.38776,0.22449,0.28571,0.16327,0.20408
1777,14,27,84,ء,,0.04762,0.47619,0.11905,0.19048,0.13095,0.16667
1778,14,28,50,ر,polytheism-rejection,0.1,0.48,0.22,0.1,0.14,0.24
1779,14,29,21,ر,hell,0.19048,0.47619,0.19048,0.19048,0.14286,0.19048
1780,14,30,53,ر,hell|dialogue,0.09434,0.4717,0.20755,0.11321,0.15094,0.16981
1781,14,31,86,ل,prophets|prayer,0.09302,0.52326,0.15116,0.12791,0.12791,0.22093
1782,14,32,107,ر,paradise|creation|nature-imagery,0.1215,0.45794,0.19626,0.19626,0.14953,0.19626
1783,14,33,43,ر,creation,0.11628,0.55814,0.13953,0.16279,0.09302,0.2093
1784,14,34,61,ر,,0.04918,0.44262,0.22951,0.14754,0.18033,0.21311
1785,14,35,55,م,prophets|prayer|dialogue|polytheism-rejection,0.07273,0.41818,0.29091,0.09091,0.16364,0.21818
1786,14,36,58,م,mercy,0.10345,0.53448,0.15517,0.2069,0.17241,0.22414
1787,14,37,114,ن,prayer|nature-imagery,0.10526,0.48246,0.20175,0.16667,0.14912,0.18421
1788,14,38,61,ء,creation,0.04918,0.4918,0.11475,0.16393,0.16393,0.22951
1789,14,39,54,ء,,0.05556,0.42593,0.2037,0.14815,0.22222,0.14815
1790,14,40,39,ء,prayer,0.15385,0.48718,0.25641,0.07692,0.10256,0.20513
1791,14,41,39,ب,mercy,0.07692,0.64103,0.12821,0.10256,0.07692,0.30769
1792,14,42,60,ر,creation,0.08333,0.45,0.11667,0.23333,0.2,0.21667
1793,14,43,45,ء,eschatology,0.13333,0.44444,0.26667,0.2,0.28889,0.24444
1794,14,44,109,ل,punishment|prophets|dialogue,0.09174,0.49541,0.25688,0.10092,0.11009,0.24771
1795,14,45,64,ل,,0.04688,0.48438,0.1875,0.20312,0.07812,0.29688
1796,14,46,51,ل,nature-imagery,0.09804,0.52941,0.23529,0.11765,0.13725,0.27451
1797,14,47,42,م,prophets,0.04762,0.38095,0.14286,0.30952,0.21429,0.16667
1798,14,48,50,ر,creation,0.16,0.46,0.18,0.16,0.12,0.2
1799,14,49,32,د,,0.15625,0.5625,0.1875,0.125,0.0625,0.25
1800,14,50,31,ر,hell,0.16129,0.48387,0.16129,0.19355,0.12903,0.22581
1801,14,51,36,ب,eschatology,0.02778,0.38889,0.19444,0.25,0.13889,0.11111
1802,14,52,60,ب,monotheism,0.03333,0.5,0.16667,0.16667,0.18333,0.25
1803,15,1,25,ن,,0.12,0.44,0.4,0.0,0.08,0.16
1804,15,2,30,ن,polytheism-rejection,0.06667,0.6,0.13333,0.1,0.0,0.3
1805,15,3,39,ن,,0.02564,0.5641,0.12821,0.17949,0.17949,0.33333
1806,15,4,31,م,punishment,0.06452,0.48387,0.22581,0.09677,0.19355,0.25806
1807,15,5,27,ن,,0.07407,0.40741,0.2963,0.18519,0.22222,0.25926
1808,15,6,37,ن,dialogue,0.05405,0.51351,0.16216,0.13514,0.13514,0.10811
1809,15,7,34,ن,,0.05882,0.44118,0.32353,0.05882,0.11765,0.14706
1810,15,8,39,ن,polytheism-rejection,0.07692,0.46154,0.17949,0.12821,0.12821,0.17949
1811,15,9,29,ن,,0.06897,0.48276,0.10345,0.24138,0.17241,0.10345
1812,15,10,28,ن,prophets,0.10714,0.53571,0.25,0.10714,0.10714,0.17857
1813,15,11,33,ن,prophets,0.0303,0.48485,0.21212,0.18182,0.18182,0.24242
1814,15,12,23,ن,polytheism-rejection,0.08696,0.52174,0.26087,0.17391,0.04348,0.21739
1815,15,13,26,ن,,0.03846,0.53846,0.23077,0.15385,0.19231,0.19231
1816,15,14,39,ن,creation,0.05128,0.46154,0.12821,0.20513,0.15385,0.30769
1817,15,15,36,ن,dialogue,0.16667,0.5,0.22222,0.13889,0.11111,0.25
1818,15,16,37,ن,creation,0.10811,0.48649,0.16216,0.13514,0.08108,0.16216
1819,15,17,21,م,mercy,0.14286,0.47619,0.14286,0.2381,0.09524,0.19048
1820,15,18,29,ن,hell,0.06897,0.31034,0.27586,0.2069,0.2069,0.24138
1821,15,19,52,ن,creation|nature-imagery,0.07692,0.48077,0.19231,0.17308,0.13462,0.23077
1822,15,20,34,ن,creation,0.05882,0.5,0.14706,0.17647,0.11765,0.23529
1823,15,21,42,م,,0.04762,0.47619,0.21429,0.14286,0.2381,0.19048
1824,15,22,63,ن,creation|nature-imagery,0.06349,0.46032,0.1746,0.19048,0.1746,0.20635
1825,15,23,29,ن,legal,0.03448,0.68966,0.06897,0.13793,0.13793,0.2069
1826,15,24,42,ن,,0.09524,0.54762,0.2381,0.07143,0.09524,0.21429
1827,15,25,25,م,,0.08,0.52,0.2,0.24,0.32,0.24
1828,15,26,33,ن,creation,0.12121,0.54545,0.15152,0.18182,0.12121,0.18182
1829,15,27,28,م,hell|creation,0.10714,0.57143,0.14286,0.10714,0.07143,0.25
1830,15,28,45,ن,creation|prophets|dialogue,0.13333,0.48889,0.22222,0.17778,0.15556,0.2
1831,15,29,36,ن,creation|prayer,0.05556,0.38889,0.16667,0.33333,0.19444,0.25
1832,15,30,22,ن,prayer,0.0,0.36364,0.31818,0.18182,0.22727,0.22727
1833,15,31,27,ن,prayer,0.0,0.40741,0.33333,0.07407,0.18519,0.14815
1834,15,32,31,ن,prayer|dialogue,0.03226,0.41935,0.29032,0.06452,0.09677,0.12903
1835,15,33,39,ن,creation|prayer|dialogue,0.12821,0.48718,0.25641,0.20513,0.15385,0.17949
1836,15,34,20,م,dialogue,0.15,0.4,0.25,0.2,0.15,0.2
1837,15,35,24,ن,punishment|eschatology,0.0,0.58333,0.16667,0.04167,0.20833,0.125
1838,15,36,24,ن,dialogue|eschatology,0.16667,0.54167,0.20833,0.125,0.125,0.25
1839,15,37,17,ن,dialogue,0.17647,0.58824,0.17647,0.11765,0.05882,0.17647
1840,15,38,18,م,,0.05556,0.61111,0.16667,0.0,0.11111,0.33333
1841,15,39,46,ن,creation|dialogue,0.08696,0.54348,0.21739,0.15217,0.21739,0.21739
1842,15,40,20,ن,,0.05,0.45,0.2,0.15,0.2,0.2
1843,15,41,19,م,dialogue,0.26316,0.36842,0.21053,0.21053,0.10526,0.10526
1844,15,42,41,ن,,0.02439,0.46341,0.21951,0.09756,0.17073,0.14634
1845,15,43,20,ن,hell,0.0,0.55,0.25,0.1,0.3,0.3
1846,15,44,30,م,,0.03333,0.33333,0.33333,0.2,0.2,0.36667
1847,15,45,20,ن,paradise,0.05,0.55,0.25,0.05,0.1,0.2
1848,15,46,17,ن,,0.0,0.47059,0.17647,0.17647,0.17647,0.23529
1849,15,47,40,ن,,0.125,0.5,0.125,0.175,0.15,0.225
1850,15,48,30,ن,,0.06667,0.5,0.1,0.26667,0.16667,0.33333
1851,15,49,26,م,mercy|prophets,0.07692,0.46154,0.23077,0.11538,0.23077,0.19231
1852,15,50,22,م,punishment,0.0,0.40909,0.18182,0.13636,0.22727,0.22727
1853,15,51,18,م,prophets,0.11111,0.44444,0.22222,0.22222,0.27778,0.33333
1854,15,52,37,ن,prophets|dialogue,0.05405,0.45946,0.18919,0.13514,0.13514,0.21622
1855,15,53,28,م,dialogue,0.07143,0.46429,0.25,0.07143,0.10714,0.21429
1856,15,54,35,ن,dialogue,0.11429,0.48571,0.28571,0.11429,0.08571,0.28571
1857,15,55,32,ن,dialogue,0.15625,0.40625,0.28125,0.09375,0.03125,0.15625
1858,15,56,29,ن,mercy|dialogue,0.2069,0.55172,0.17241,0.13793,0.13793,0.2069
1859,15,57,23,ن,prophets|dialogue,0.13043,0.43478,0.21739,0.17391,0.13043,0.26087
1860,15,58,26,ن,dialogue,0.15385,0.53846,0.23077,0.03846,0.11538,0.19231
1861,15,59,24,ن,prophets,0.04167,0.54167,0.29167,0.04167,0.25,0.20833
1862,15,60,29,ن,,0.13793,0.44828,0.24138,0.10345,0.2069,0.10345
1863,15,61,20,ن,prophets,0.1,0.55,0.2,0.1,0.1,0.25
1864,15,62,16,ن,dialogue,0.1875,0.625,0.3125,0.0,0.0625,0.3125
1865,15,63,29,ن,dialogue,0.06897,0.44828,0.27586,0.06897,0.06897,0.27586
1866,15,64,23,ن,,0.13043,0.3913,0.34783,0.08696,0.13043,0.17391
1867,15,65,62,ن,,0.09677,0.41935,0.30645,0.14516,0.17742,0.27419
1868,15,66,40,ن,,0.175,0.425,0.3,0.15,0.225,0.175
1869,15,67,22,ن,,0.04545,0.45455,0.27273,0.18182,0.18182,0.18182
1870,15,68,23,ن,prophets|dialogue,0.13043,0.34783,0.21739,0.30435,0.21739,0.17391
1871,15,69,18,ن,,0.05556,0.44444,0.16667,0.16667,0.11111,0.22222
1872,15,70,23,ن,legal|dialogue,0.04348,0.56522,0.13043,0.04348,0.17391,0.17391
1873,15,71,25,ن,prophets|legal|dialogue,0.04,0.4,0.32,0.08,0.2,0.12
1874,15,72,24,ن,prophets,0.08333,0.54167,0.16667,0.20833,0.25,0.25
1875,15,73,19,ن,punishment,0.15789,0.36842,0.15789,0.42105,0.26316,0.15789
1876,15,74,41,ل,creation|nature-imagery,0.07317,0.41463,0.12195,0.21951,0.21951,0.14634
1877,15,75,21,ن,,0.0,0.57143,0.2381,0.14286,0.09524,0.19048
1878,15,76,15,م,,0.06667,0.53333,0.26667,0.13333,0.13333,0.33333
1879,15,77,19,ن,,0.0,0.63158,0.21053,0.15789,0.21053,0.15789
1880,15,78,24,ن,,0.08333,0.41667,0.25,0.16667,0.20833,0.125
1881,15,79,28,ن,,0.03571,0.53571,0.21429,0.10714,0.14286,0.39286
1882,15,80,25,ن,prophets|polytheism-rejection,0.16,0.4,0.28,0.2,0.12,0.16
1883,15,81,30,ن,,0.06667,0.43333,0.16667,0.13333,0.2,0.16667
1884,15,82,30,ن,nature-imagery,0.0,0.56667,0.23333,0.03333,0.06667,0.26667
1885,15,83,19,ن,punishment,0.10526,0.31579,0.15789,0.47368,0.31579,0.21053
1886,15,84,24,ن,,0.0,0.41667,0.16667,0.16667,0.16667,0.29167
1887,15,85,69,ل,mercy|creation|eschatology,0.08696,0.3913,0.15942,0.21739,0.17391,0.21739
1888,15,86,19,م,creation,0.10526,0.47368,0.21053,0.10526,0.21053,0.15789
1889,15,87,36,م,prophets,0.11111,0.47222,0.22222,0.08333,0.11111,0.16667
1890,15,88,63,ن,polytheism-rejection,0.01587,0.46032,0.19048,0.15873,0.19048,0.20635
1891,15,89,21,ن,dialogue,0.09524,0.61905,0.19048,0.04762,0.09524,0.14286
1892,15,90,21,ن,,0.04762,0.47619,0.19048,0.09524,0.09524,0.14286
1893,15,91,20,ن,creation,0.15,0.5,0.15,0.1,0.15,0.05
1894,15,92,19,ن,,0.05263,0.52632,0.26316,0.15789,0.21053,0.26316
1895,15,93,14,ن,,0.0,0.57143,0.07143,0.0,0.14286,0.28571
1896,15,94,27,ن,polytheism-rejection,0.18519,0.40741,0.22222,0.14815,0.18519,0.22222
1897,15,95,19,ن,,0.0,0.36842,0.26316,0.21053,0.15789,0.10526
1898,15,96,34,ن,,0.02941,0.52941,0.08824,0.20588,0.23529,0.20588
1899,15,97,28,ن,,0.21429,0.53571,0.32143,0.07143,0.07143,0.21429
1900,15,98,24,ن,prayer,0.04167,0.375,0.33333,0.20833,0.08333,0.29167
1901,15,99,22,ن,prayer,0.09091,0.36364,0.40909,0.04545,0.13636,0.13636
1902,16,1,42,ن,polytheism-rejection,0.04762,0.35714,0.21429,0.19048,0.21429,0.16667
1903,16,2,68,ن,monotheism,0.05882,0.44118,0.22059,0.14706,0.25,0.16176
1904,16,3,36,ن,creation|polytheism-rejection,0.13889,0.38889,0.19444,0.13889,0.13889,0.16667
1905,16,4,30,ن,creation,0.1,0.43333,0.16667,0.3,0.2,0.23333
1906,16,5,40,ن,creation,0.025,0.425,0.2,0.175,0.225,0.275
1907,16,6,31,ن,nature-imagery,0.06452,0.58065,0.12903,0.22581,0.16129,0.22581
1908,16,7,59,م,mercy,0.08475,0.44068,0.30508,0.15254,0.16949,0.25424
1909,16,8,48,ن,creation,0.0625,0.5625,0.125,0.14583,0.14583,0.25
1910,16,9,44,ن,,0.06818,0.43182,0.22727,0.13636,0.18182,0.18182
1911,16,10,47,ن,creation|nature-imagery,0.04255,0.51064,0.14894,0.23404,0.14894,0.25532
1912,16,11,71,ن,nature-imagery,0.05634,0.53521,0.21127,0.12676,0.11268,0.22535
1913,16,12,71,ن,creation,0.11268,0.56338,0.16901,0.14085,0.11268,0.23944
1914,16,13,49,ن,creation|prayer,0.10204,0.5102,0.20408,0.20408,0.16327,0.22449
1915,16,14,100,ن,nature-imagery,0.09,0.47,0.18,0.23,0.16,0.24
1916,16,15,49,ن,creation|nature-imagery,0.10204,0.44898,0.28571,0.12245,0.14286,0.22449
1917,16,16,22,ن,creation,0.0,0.5,0.22727,0.09091,0.13636,0.31818
1918,16,17,27,ن,creation,0.11111,0.48148,0.25926,0.18519,0.14815,0.18519
1919,16,18,39,م,mercy,0.07692,0.46154,0.12821,0.23077,0.28205,0.17949
1920,16,19,25,ن,,0.04,0.64,0.08,0.08,0.12,0.28
1921,16,20,41,ن,creation,0.04878,0.60976,0.12195,0.14634,0.14634,0.19512
1922,16,21,32,ن,eschatology,0.0625,0.5,0.1875,0.125,0.25,0.21875
1923,16,22,55,ن,monotheism,0.07273,0.49091,0.23636,0.2,0.21818,0.27273
1924,16,23,49,ن,,0.06122,0.59184,0.14286,0.10204,0.14286,0.20408
1925,16,24,40,ن,dialogue,0.125,0.475,0.225,0.125,0.125,0.175
1926,16,25,69,ن,eschatology,0.08696,0.56522,0.10145,0.17391,0.15942,0.24638
1927,16,26,86,ن,punishment,0.09302,0.45349,0.17442,0.19767,0.16279,0.24419
1928,16,27,98,ن,dialogue|eschatology|polytheism-rejection,0.06122,0.52041,0.15306,0.15306,0.12245,0.19388
1929,16,28,82,ن,dialogue,0.02439,0.4878,0.18293,0.14634,0.14634,0.2561
1930,16,29,44,ن,hell,0.02273,0.38636,0.25,0.20455,0.13636,0.29545
1931,16,30,90,ن,dialogue,0.11111,0.48889,0.15556,0.18889,0.14444,0.13333
1932,16,31,67,ن,paradise,0.04478,0.43284,0.22388,0.1791,0.16418,0.10448
1933,16,32,64,ن,paradise|dialogue,0.03125,0.5,0.21875,0.10938,0.10938,0.23438
1934,16,33,91,ن,polytheism-rejection,0.07692,0.51648,0.21978,0.16484,0.17582,0.21978
1935,16,34,43,ن,,0.04651,0.32558,0.23256,0.23256,0.2093,0.30233
1936,16,35,118,ن,prophets|legal|prayer|dialogue|polytheism-rejection,0.04237,0.49153,0.16949,0.15254,0.15254,0.19492
1937,16,36,122,ن,creation|prophets|prayer|dialogue,0.09016,0.41803,0.18852,0.19672,0.14754,0.22951
1938,16,37,46,ن,prophets,0.1087,0.52174,0.1087,0.21739,0.19565,0.15217
1939,16,38,73,ن,eschatology,0.0411,0.46575,0.19178,0.13699,0.17808,0.20548
1940,16,39,53,ن,polytheism-rejection,0.01887,0.54717,0.13208,0.18868,0.11321,0.22642
1941,16,40,37,ن,,0.08108,0.48649,0.27027,0.13514,0.18919,0.13514
1942,16,41,78,ن,,0.0641,0.51282,0.16667,0.15385,0.16667,0.23077
1943,16,42,25,ن,,0.12,0.56,0.16,0.12,0.08,0.28
1944,16,43,61,ن,,0.06557,0.4918,0.22951,0.11475,0.16393,0.18033
1945,16,44,63,ن,,0.04762,0.53968,0.20635,0.12698,0.09524,0.19048
1946,16,45,67,ن,punishment|creation,0.0597,0.44776,0.1791,0.20896,0.20896,0.1791
1947,16,46,28,ن,punishment,0.03571,0.39286,0.25,0.28571,0.25,0.35714
1948,16,47,31,م,mercy|punishment,0.09677,0.45161,0.22581,0.25806,0.29032,0.32258
1949,16,48,67,ن,creation|prayer,0.0597,0.52239,0.14925,0.16418,0.1791,0.1791
1950,16,49,58,ن,creation|prayer,0.05172,0.46552,0.18966,0.17241,0.10345,0.27586
1951,16,50,32,ن,,0.09375,0.625,0.09375,0.1875,0.15625,0.4375
1952,16,51,51,ن,dialogue|monotheism,0.03922,0.43137,0.17647,0.21569,0.21569,0.17647
1953,16,52,48,ن,creation|prayer,0.10417,0.45833,0.16667,0.1875,0.125,0.22917
1954,16,53,43,ن,,0.06977,0.48837,0.18605,0.2093,0.16279,0.30233
1955,16,54,38,ن,polytheism-rejection,0.15789,0.42105,0.23684,0.23684,0.10526,0.26316
1956,16,55,34,ن,polytheism-rejection,0.02941,0.44118,0.20588,0.17647,0.11765,0.38235
1957,16,56,57,ن,,0.07018,0.54386,0.17544,0.10526,0.10526,0.22807
1958,16,57,34,ن,,0.0,0.5,0.14706,0.20588,0.17647,0.23529
1959,16,58,37,م,,0.08108,0.35135,0.24324,0.2973,0.21622,0.27027
1960,16,59,65,ن,,0.06154,0.44615,0.21538,0.16923,0.16923,0.26154
1961,16,60,58,م,,0.01724,0.53448,0.10345,0.18966,0.18966,0.17241
1962,16,61,96,ن,creation|eschatology,0.05208,0.41667,0.21875,0.19792,0.20833,0.1875
1963,16,62,71,ن,hell,0.08451,0.53521,0.16901,0.1831,0.16901,0.22535
1964,16,63,72,م,punishment|creation|prophets|polytheism-rejection,0.05556,0.51389,0.18056,0.16667,0.18056,0.25
1965,16,64,63,ن,mercy|prophets,0.03175,0.49206,0.19048,0.15873,0.15873,0.2381
1966,16,65,61,ن,creation|nature-imagery,0.04918,0.44262,0.21311,0.19672,0.22951,0.22951
1967,16,66,69,ن,,0.08696,0.47826,0.18841,0.17391,0.13043,0.26087
1968,16,67,65,ن,paradise|nature-imagery,0.09231,0.49231,0.18462,0.18462,0.15385,0.18462
1969,16,68,54,ن,nature-imagery,0.05556,0.5,0.2037,0.11111,0.12963,0.24074
1970,16,69,93,ن,nature-imagery,0.07527,0.46237,0.21505,0.22581,0.10753,0.21505
1971,16,70,74,ر,creation,0.08108,0.54054,0.2027,0.09459,0.16216,0.2027
1972,16,71,92,ن,paradise|polytheism-rejection,0.09783,0.40217,0.16304,0.25,0.17391,0.26087
1973,16,72,98,ن,creation|polytheism-rejection,0.05102,0.47959,0.26531,0.13265,0.13265,0.29592
1974,16,73,62,ن,paradise|creation|prayer,0.08065,0.53226,0.16129,0.1129,0.09677,0.22581
1975,16,74,42,ن,,0.04762,0.52381,0.16667,0.11905,0.16667,0.21429
1976,16,75,103,ن,paradise,0.1165,0.47573,0.15534,0.20388,0.14563,0.20388
1977,16,76,109,م,,0.10092,0.48624,0.21101,0.15596,0.19266,0.21101
1978,16,77,71,ر,creation|eschatology,0.12676,0.43662,0.22535,0.15493,0.21127,0.1831
1979,16,78,75,ن,creation,0.06667,0.45333,0.26667,0.12,0.18667,0.24
1980,16,79,68,ن,creation|nature-imagery,0.07353,0.51471,0.20588,0.13235,0.14706,0.19118
1981,16,80,119,ن,creation|nature-imagery,0.04202,0.43697,0.22689,0.13445,0.16807,0.27731
1982,16,81,110,ن,creation|nature-imagery,0.06364,0.49091,0.26364,0.09091,0.10909,0.20909
1983,16,82,29,ن,prophets,0.0,0.48276,0.2069,0.10345,0.13793,0.27586
1984,16,83,39,ن,polytheism-rejection,0.10256,0.53846,0.12821,0.17949,0.15385,0.23077
1985,16,84,51,ن,legal|eschatology|polytheism-rejection,0.01961,0.5098,0.17647,0.19608,0.13725,0.2549
1986,16,85,45,ن,punishment,0.08889,0.46667,0.06667,0.24444,0.15556,0.24444
1987,16,86,91,ن,dialogue|polytheism-rejection,0.08791,0.42857,0.26374,0.12088,0.15385,0.16484
1988,16,87,43,ن,,0.06977,0.53488,0.13953,0.13953,0.13953,0.25581
1989,16,88,59,ن,punishment|polytheism-rejection,0.05085,0.37288,0.16949,0.20339,0.08475,0.25424
1990,16,89,103,ن,mercy|prophets|legal|eschatology,0.01942,0.4466,0.21359,0.18447,0.18447,0.21359
1991,16,90,81,ن,legal,0.07407,0.45679,0.20988,0.1358,0.18519,0.17284
1992,16,91,89,ن,creation|legal,0.03371,0.40449,0.24719,0.1236,0.19101,0.21348
1993,16,92,131,ن,eschatology,0.03817,0.46565,0.27481,0.14504,0.16031,0.24427
1994,16,93,68,ن,creation,0.01471,0.51471,0.20588,0.14706,0.19118,0.20588
1995,16,94,83,م,punishment,0.04819,0.37349,0.28916,0.16867,0.12048,0.27711
1996,16,95,57,ن,,0.05263,0.49123,0.21053,0.12281,0.17544,0.17544
1997,16,96,64,ن,,0.0625,0.48438,0.20312,0.125,0.125,0.23438
1998,16,97,76,ن,,0.05263,0.51316,0.15789,0.21053,0.22368,0.23684
1999,16,98,40,م,mercy,0.15,0.375,0.25,0.175,0.125,0.125
2000,16,99,41,ن,,0.04878,0.53659,0.14634,0.14634,0.17073,0.17073
2001,16,100,41,ن,polytheism-rejection,0.04878,0.53659,0.12195,0.19512,0.14634,0.19512
2002,16,101,67,ن,prophets|dialogue,0.04478,0.47761,0.23881,0.1194,0.19403,0.22388
2003,16,102,56,ن,prophets|dialogue,0.10714,0.5,0.21429,0.17857,0.08929,0.21429
2004,16,103,69,ن,prophets|dialogue,0.05797,0.55072,0.17391,0.14493,0.18841,0.2029
2005,16,104,48,م,punishment,0.0,0.52083,0.16667,0.14583,0.20833,0.16667
2006,16,105,52,ن,,0.01923,0.48077,0.25,0.11538,0.13462,0.21154
2007,16,106,94,م,punishment|polytheism-rejection,0.10638,0.46809,0.21277,0.18085,0.19149,0.26596
2008,16,107,62,ن,polytheism-rejection,0.04839,0.41935,0.17742,0.17742,0.19355,0.12903
2009,16,108,56,ن,,0.07143,0.44643,0.21429,0.17857,0.25,0.28571
2010,16,109,27,ن,,0.11111,0.48148,0.11111,0.25926,0.25926,0.18519
2011,16,110,65,م,mercy,0.10769,0.44615,0.23077,0.16923,0.13846,0.29231
2012,16,111,51,ن,,0.01961,0.47059,0.19608,0.19608,0.09804,0.27451
2013,16,112,107,ن,paradise|creation|polytheism-rejection,0.1028,0.40187,0.21495,0.19626,0.17757,0.20561
2014,16,113,44,ن,punishment|prophets|polytheism-rejection,0.06818,0.40909,0.18182,0.29545,0.20455,0.34091
2015,16,114,57,ن,legal|prayer,0.07018,0.42105,0.24561,0.12281,0.14035,0.21053
2016,16,115,84,م,mercy|legal|nature-imagery,0.10714,0.5119,0.11905,0.21429,0.21429,0.22619
2017,16,116,94,ن,legal,0.05319,0.42553,0.17021,0.20213,0.11702,0.18085
2018,16,117,20,م,punishment,0.05,0.5,0.2,0.1,0.2,0.25
2019,16,118,66,ن,legal,0.10606,0.51515,0.12121,0.16667,0.10606,0.24242
2020,16,119,71,م,mercy,0.07042,0.43662,0.23944,0.1831,0.1831,0.26761
2021,16,120,43,ن,prophets|polytheism-rejection,0.06977,0.51163,0.2093,0.13953,0.16279,0.18605
2022,16,121,35,م,,0.14286,0.28571,0.28571,0.2,0.2,0.14286
2023,16,122,42,ن,,0.04762,0.47619,0.11905,0.2619,0.2381,0.11905
2024,16,123,49,ن,prophets|polytheism-rejection,0.04082,0.4898,0.20408,0.14286,0.18367,0.22449
2025,16,124,75,ن,eschatology,0.02667,0.46667,0.17333,0.18667,0.14667,0.25333
2026,16,125,91,ن,,0.04396,0.41758,0.24176,0.1978,0.24176,0.23077
2027,16,126,53,ن,punishment,0.15094,0.43396,0.28302,0.13208,0.15094,0.33962
2028,16,127,51,ن,prophets,0.13725,0.4902,0.19608,0.15686,0.09804,0.27451
2029,16,128,32,ن,,0.03125,0.53125,0.09375,0.1875,0.15625,0.1875
2030,17,1,95,ر,,0.08421,0.42105,0.18947,0.17895,0.15789,0.13684
2031,17,2,57,ا,creation|prophets,0.01754,0.4386,0.26316,0.10526,0.14035,0.17544
2032,17,3,31,ا,prophets,0.06452,0.45161,0.16129,0.19355,0.22581,0.19355
2033,17,4,60,ا,creation,0.11667,0.46667,0.25,0.11667,0.1,0.16667
2034,17,5,76,ا,,0.01316,0.34211,0.23684,0.13158,0.17105,0.21053
2035,17,6,57,ا,creation,0.07018,0.50877,0.26316,0.08772,0.12281,0.24561
2036,17,7,110,ا,punishment|dialogue,0.03636,0.41818,0.27273,0.18182,0.21818,0.24545
2037,17,8,49,ا,mercy|punishment|hell|creation|dialogue|polytheism-rejection,0.10204,0.46939,0.22449,0.12245,0.18367,0.18367
2038,17,9,71,ا,,0.09859,0.52113,0.21127,0.12676,0.16901,0.14085
2039,17,10,42,ا,punishment,0.02381,0.45238,0.21429,0.11905,0.2381,0.16667
2040,17,11,43,ا,,0.04651,0.39535,0.2093,0.11628,0.18605,0.11628
2041,17,12,116,ا,creation,0.06897,0.48276,0.16379,0.17241,0.14655,0.18966
2042,17,13,59,ا,eschatology,0.11864,0.44068,0.20339,0.18644,0.18644,0.16949
2043,17,14,31,ا,dialogue,0.06452,0.29032,0.35484,0.16129,0.09677,0.22581
2044,17,15,82,ا,punishment|prophets,0.08537,0.43902,0.14634,0.23171,0.15854,0.20732
2045,17,16,68,ا,punishment,0.14706,0.39706,0.20588,0.22059,0.17647,0.19118
2046,17,17,53,ا,punishment|prophets,0.11321,0.41509,0.30189,0.13208,0.13208,0.32075
2047,17,18,71,ا,hell|creation,0.05634,0.49296,0.12676,0.16901,0.15493,0.16901
2048,17,19,52,ا,,0.05769,0.42308,0.17308,0.21154,0.26923,0.23077
2049,17,20,45,ا,,0.13333,0.35556,0.33333,0.08889,0.24444,0.2
2050,17,21,50,ا,paradise,0.2,0.34,0.28,0.22,0.18,0.2
2051,17,22,36,ا,,0.05556,0.38889,0.19444,0.19444,0.25,0.22222
2052,17,23,108,ا,prayer,0.08333,0.38889,0.26852,0.12963,0.18519,0.2037
2053,17,24,51,ا,mercy|dialogue,0.15686,0.47059,0.09804,0.23529,0.15686,0.21569
2054,17,25,53,ا,mercy,0.0566,0.4717,0.22642,0.16981,0.15094,0.30189
2055,17,26,45,ا,,0.11111,0.4,0.26667,0.15556,0.06667,0.22222
2056,17,27,48,ا,,0.10417,0.47917,0.1875,0.125,0.08333,0.16667
2057,17,28,50,ا,mercy,0.16,0.44,0.22,0.18,0.2,0.26
2058,17,29,55,ا,,0.09091,0.38182,0.29091,0.14545,0.14545,0.21818
2059,17,30,48,ا,paradise,0.1875,0.375,0.33333,0.14583,0.14583,0.16667
2060,17,31,59,ا,,0.11864,0.40678,0.32203,0.13559,0.18644,0.16949
2061,17,32,34,ا,legal,0.05882,0.32353,0.20588,0.23529,0.14706,0.17647
2062,17,33,90,ا,legal,0.12222,0.46667,0.18889,0.16667,0.08889,0.18889
2063,17,34,71,ا,legal,0.02817,0.38028,0.26761,0.15493,0.21127,0.19718
2064,17,35,56,ا,,0.07143,0.42857,0.25,0.17857,0.10714,0.21429
2065,17,36,57,ا,,0.05263,0.42105,0.24561,0.14035,0.17544,0.22807
2066,17,37,48,ا,creation|nature-imagery,0.16667,0.45833,0.25,0.14583,0.125,0.16667
2067,17,38,24,ا,,0.08333,0.375,0.33333,0.16667,0.16667,0.125
2068,17,39,67,ا,hell|prophets,0.0597,0.44776,0.22388,0.16418,0.20896,0.23881
2069,17,40,59,ا,dialogue,0.08475,0.42373,0.27119,0.13559,0.13559,0.25424
2070,17,41,44,ا,polytheism-rejection,0.15909,0.47727,0.15909,0.20455,0.09091,0.20455
2071,17,42,48,ا,prophets|dialogue,0.0625,0.41667,0.20833,0.16667,0.1875,0.16667
2072,17,43,30,ا,,0.06667,0.43333,0.16667,0.1,0.16667,0.23333
2073,17,44,87,ا,mercy|creation,0.04598,0.41379,0.2069,0.25287,0.2069,0.24138
2074,17,45,58,ا,,0.10345,0.44828,0.27586,0.10345,0.15517,0.17241
2075,17,46,82,ا,,0.12195,0.41463,0.2439,0.18293,0.20732,0.2439
2076,17,47,76,ا,dialogue,0.05263,0.47368,0.23684,0.14474,0.19737,0.23684
2077,17,48,42,ا,,0.14286,0.42857,0.16667,0.21429,0.04762,0.21429
2078,17,49,45,ا,creation|dialogue|eschatology,0.08889,0.33333,0.26667,0.11111,0.15556,0.2
2079,17,50,19,ا,dialogue,0.10526,0.36842,0.31579,0.15789,0.21053,0.15789
2080,17,51,100,ا,creation|dialogue,0.15,0.53,0.22,0.16,0.12,0.26
2081,17,52,44,ا,,0.04545,0.47727,0.31818,0.13636,0.11364,0.29545
2082,17,53,71,ا,,0.05634,0.47887,0.21127,0.12676,0.14085,0.12676
2083,17,54,55,ا,mercy|punishment|prophets,0.05455,0.49091,0.29091,0.10909,0.21818,0.25455
2084,17,55,68,ا,creation|prophets,0.11765,0.44118,0.23529,0.11765,0.10294,0.27941
2085,17,56,52,ا,dialogue,0.05769,0.5,0.15385,0.15385,0.09615,0.23077
2086,17,57,84,ا,mercy|punishment,0.08333,0.45238,0.2381,0.17857,0.21429,0.2381
2087,17,58,74,ا,punishment|eschatology,0.08108,0.40541,0.24324,0.16216,0.14865,0.22973
2088,17,59,92,ا,polytheism-rejection,0.06522,0.43478,0.22826,0.1413,0.15217,0.23913
2089,17,60,113,ا,prophets|prayer|nature-imagery,0.0885,0.44248,0.21239,0.15044,0.15929,0.15929
2090,17,61,58,ا,creation|prayer|dialogue,0.06897,0.36207,0.36207,0.13793,0.15517,0.13793
2091,17,62,64,ا,punishment|dialogue|eschatology,0.10938,0.45312,0.28125,0.125,0.20312,0.0625
2092,17,63,41,ا,hell|dialogue|eschatology,0.04878,0.34146,0.29268,0.21951,0.17073,0.31707
2093,17,64,96,ا,,0.07292,0.4375,0.22917,0.16667,0.15625,0.26042
2094,17,65,35,ا,,0.05714,0.42857,0.28571,0.11429,0.11429,0.2
2095,17,66,54,ا,mercy|nature-imagery,0.07407,0.44444,0.24074,0.2037,0.11111,0.24074
2096,17,67,73,ا,nature-imagery,0.10959,0.42466,0.21918,0.15068,0.13699,0.20548
2097,17,68,57,ا,,0.05263,0.42105,0.29825,0.14035,0.12281,0.26316
2098,17,69,87,ا,polytheism-rejection|nature-imagery,0.10345,0.42529,0.25287,0.16092,0.16092,0.22989
2099,17,70,81,ا,creation|nature-imagery,0.1358,0.50617,0.18519,0.16049,0.09877,0.25926
2100,17,71,70,ا,prophets|nature-imagery,0.04286,0.48571,0.28571,0.12857,0.15714,0.31429
2101,17,72,39,ا,,0.05128,0.38462,0.15385,0.28205,0.28205,0.25641
2102,17,73,63,ا,,0.03175,0.47619,0.20635,0.15873,0.1746,0.12698
2103,17,74,37,ا,,0.08108,0.43243,0.37838,0.08108,0.10811,0.10811
2104,17,75,48,ا,punishment|creation,0.10417,0.35417,0.1875,0.20833,0.14583,0.125
2105,17,76,60,ا,,0.06667,0.46667,0.21667,0.16667,0.11667,0.18333
2106,17,77,42,ا,prophets,0.09524,0.47619,0.2619,0.14286,0.07143,0.11905
2107,17,78,60,ا,creation|legal|prayer,0.15,0.43333,0.25,0.16667,0.13333,0.13333
2108,17,79,46,ا,prayer|eschatology,0.04348,0.3913,0.26087,0.17391,0.15217,0.26087
2109,17,80,56,ا,dialogue,0.19643,0.48214,0.28571,0.14286,0.125,0.125
2110,17,81,36,ا,dialogue,0.16667,0.30556,0.33333,0.13889,0.13889,0.13889
2111,17,82,57,ا,mercy,0.08772,0.5614,0.10526,0.17544,0.14035,0.19298
2112,17,83,53,ا,polytheism-rejection,0.0566,0.35849,0.20755,0.16981,0.22642,0.15094
2113,17,84,40,ا,dialogue,0.05,0.4,0.275,0.15,0.2,0.225
2114,17,85,54,ا,prophets|dialogue,0.11111,0.61111,0.18519,0.05556,0.14815,0.24074
2115,17,86,50,ا,,0.0,0.46,0.26,0.14,0.16,0.14
2116,17,87,30,ا,mercy,0.13333,0.43333,0.26667,0.16667,0.2,0.16667
2117,17,88,76,ا,dialogue|eschatology,0.09211,0.42105,0.25,0.14474,0.18421,0.17105
2118,17,89,53,ا,mercy|polytheism-rejection,0.13208,0.41509,0.20755,0.20755,0.09434,0.16981
2119,17,90,37,ا,dialogue,0.10811,0.51351,0.21622,0.08108,0.10811,0.18919
2120,17,91,45,ا,paradise|nature-imagery,0.06667,0.44444,0.24444,0.17778,0.17778,0.17778
2121,17,92,53,ا,creation,0.0566,0.33962,0.32075,0.13208,0.16981,0.18868
2122,17,93,92,ا,creation|prophets|dialogue,0.11957,0.44565,0.28261,0.1413,0.13043,0.16304
2123,17,94,58,ا,prophets|dialogue,0.05172,0.39655,0.2069,0.13793,0.2069,0.17241
2124,17,95,60,ا,creation|prophets|dialogue,0.08333,0.56667,0.15,0.13333,0.11667,0.2
2125,17,96,47,ا,legal|dialogue,0.08511,0.3617,0.29787,0.17021,0.14894,0.21277
2126,17,97,114,ا,hell|eschatology,0.04386,0.5,0.16667,0.19298,0.18421,0.28947
2127,17,98,71,ا,creation|dialogue|eschatology|polytheism-rejection,0.07042,0.32394,0.29577,0.14085,0.16901,0.21127
2128,17,99,92,ا,creation|polytheism-rejection,0.1087,0.46739,0.18478,0.15217,0.16304,0.19565
2129,17,100,63,ا,mercy,0.09524,0.42857,0.26984,0.1746,0.1746,0.1746
2130,17,101,78,ا,prophets|dialogue,0.07692,0.39744,0.25641,0.17949,0.17949,0.17949
2131,17,102,67,ا,punishment|creation|prophets|dialogue,0.14925,0.43284,0.25373,0.1194,0.16418,0.19403
2132,17,103,40,ا,,0.125,0.4,0.2,0.25,0.25,0.225
2133,17,104,61,ا,dialogue,0.08197,0.36066,0.27869,0.16393,0.19672,0.18033
2134,17,105,46,ا,prophets,0.1087,0.45652,0.19565,0.17391,0.13043,0.19565
2135,17,106,45,ا,,0.13333,0.42222,0.17778,0.17778,0.15556,0.08889
2136,17,107,70,ا,prayer|dialogue,0.05714,0.47143,0.24286,0.11429,0.18571,0.18571
2137,17,108,35,ا,dialogue,0.08571,0.51429,0.2,0.08571,0.11429,0.28571
2138,17,109,30,ا,,0.06667,0.53333,0.16667,0.2,0.16667,0.23333
2139,17,110,90,ا,mercy|prayer|dialogue,0.04444,0.33333,0.24444,0.16667,0.16667,0.18889
2140,17,111,72,ا,prayer|dialogue|monotheism,0.05556,0.58333,0.18056,0.15278,0.08333,0.20833
2141,18,1,42,ا,creation,0.0,0.40476,0.21429,0.14286,0.21429,0.14286
2142,18,2,69,ا,punishment|creation,0.07246,0.50725,0.17391,0.15942,0.13043,0.14493
2143,18,3,13,ا,,0.0,0.30769,0.30769,0.23077,0.15385,0.23077
2144,18,4,27,ا,dialogue,0.07407,0.48148,0.11111,0.18519,0.07407,0.11111
2145,18,5,58,ا,,0.05172,0.44828,0.27586,0.15517,0.22414,0.2931
2146,18,6,46,ا,prophets,0.02174,0.32609,0.19565,0.26087,0.23913,0.19565
2147,18,7,44,ا,creation,0.04545,0.45455,0.13636,0.18182,0.27273,0.13636
2148,18,8,27,ا,,0.07407,0.40741,0.14815,0.11111,0.18519,0.11111
2149,18,9,42,ا,,0.07143,0.33333,0.30952,0.14286,0.19048,0.21429
2150,18,10,61,ا,mercy|dialogue,0.08197,0.42623,0.22951,0.16393,0.18033,0.18033
2151,18,11,30,ا,,0.06667,0.33333,0.16667,0.26667,0.16667,0.16667
2152,18,12,39,ا,,0.02564,0.41026,0.17949,0.20513,0.20513,0.23077
2153,18,13,48,ا,prophets,0.08333,0.39583,0.27083,0.22917,0.25,0.25
2154,18,14,78,ا,creation|dialogue,0.16667,0.41026,0.25641,0.11538,0.11538,0.21795
2155,18,15,75,ا,prayer,0.05333,0.45333,0.2,0.17333,0.18667,0.22667
2156,18,16,80,ا,mercy|prayer|dialogue,0.075,0.5,0.225,0.15,0.175,0.3
2157,18,17,127,ا,creation,0.07087,0.43307,0.18898,0.23622,0.14173,0.20472
2158,18,18,109,ا,,0.11009,0.46789,0.20183,0.16514,0.13761,0.26606
2159,18,19,173,ا,paradise|dialogue,0.08671,0.4104,0.27168,0.15607,0.15029,0.2659
2160,18,20,56,ا,,0.05357,0.5,0.25,0.14286,0.19643,0.28571
2161,18,21,142,ا,dialogue|eschatology,0.05634,0.45775,0.16901,0.16901,0.21831,0.21127
2162,18,22,151,ا,prophets|dialogue,0.07947,0.44371,0.2053,0.21192,0.18543,0.28477
2163,18,23,25,ا,,0.04,0.44,0.24,0.16,0.16,0.12
2164,18,24,58,ا,prayer|dialogue,0.12069,0.39655,0.27586,0.17241,0.17241,0.10345
2165,18,25,37,ا,,0.0,0.32432,0.16216,0.2973,0.13514,0.24324
2166,18,26,81,ا,creation|dialogue,0.07407,0.45679,0.19753,0.19753,0.19753,0.2716
2167,18,27,54,ا,prophets,0.01852,0.46296,0.35185,0.07407,0.11111,0.24074
2168,18,28,129,ا,creation|prayer,0.08527,0.4186,0.1938,0.17829,0.1938,0.17829
2169,18,29,129,ا,hell|dialogue|polytheism-rejection,0.09302,0.41085,0.23256,0.18605,0.14729,0.22481
2170,18,30,48,ا,,0.0625,0.47917,0.14583,0.125,0.20833,0.14583
2171,18,31,123,ا,paradise,0.0813,0.42276,0.2439,0.18699,0.17073,0.20325
2172,18,32,70,ا,paradise|nature-imagery,0.05714,0.45714,0.17143,0.17143,0.18571,0.21429
2173,18,33,50,ا,paradise|nature-imagery,0.06,0.44,0.24,0.16,0.16,0.14
2174,18,34,50,ا,dialogue|nature-imagery,0.12,0.42,0.16,0.24,0.2,0.22
2175,18,35,41,ا,paradise|dialogue,0.07317,0.34146,0.29268,0.26829,0.21951,0.19512
2176,18,36,50,ا,eschatology,0.12,0.42,0.28,0.12,0.2,0.16
2177,18,37,57,ا,creation|dialogue|polytheism-rejection,0.14035,0.38596,0.22807,0.26316,0.15789,0.22807
2178,18,38,28,ا,polytheism-rejection,0.10714,0.42857,0.28571,0.14286,0.17857,0.17857
2179,18,39,63,ا,paradise|dialogue,0.06349,0.42857,0.30159,0.09524,0.15873,0.14286
2180,18,40,62,ا,paradise|creation,0.09677,0.3871,0.20968,0.20968,0.16129,0.14516
2181,18,41,30,ا,creation,0.13333,0.33333,0.26667,0.23333,0.23333,0.2
2182,18,42,79,ا,dialogue|polytheism-rejection|nature-imagery,0.11392,0.40506,0.22785,0.22785,0.22785,0.22785
2183,18,43,39,ا,,0.10256,0.5641,0.15385,0.17949,0.12821,0.23077
2184,18,44,37,ا,,0.10811,0.43243,0.13514,0.21622,0.21622,0.16216
2185,18,45,102,ا,creation|nature-imagery,0.09804,0.38235,0.20588,0.21569,0.17647,0.15686
2186,18,46,67,ا,,0.07463,0.44776,0.16418,0.13433,0.1194,0.16418
2187,18,47,52,ا,creation|nature-imagery,0.13462,0.48077,0.15385,0.21154,0.15385,0.23077
2188,18,48,63,ا,creation,0.11111,0.44444,0.26984,0.09524,0.15873,0.25397
2189,18,49,122,ا,dialogue,0.11475,0.44262,0.18033,0.16393,0.12295,0.22951
2190,18,50,111,ا,prayer|dialogue,0.05405,0.43243,0.27928,0.17117,0.16216,0.22523
2191,18,51,59,ا,creation|legal,0.10169,0.38983,0.20339,0.23729,0.16949,0.20339
2192,18,52,65,ا,dialogue,0.04615,0.50769,0.2,0.13846,0.10769,0.32308
2193,18,53,51,ا,hell,0.13725,0.5098,0.11765,0.13725,0.13725,0.29412
2194,18,54,54,ا,mercy,0.11111,0.44444,0.22222,0.18519,0.09259,0.11111
2195,18,55,83,ا,mercy|punishment,0.03614,0.42169,0.24096,0.15663,0.22892,0.20482
2196,18,56,92,ا,prophets|polytheism-rejection,0.09783,0.5,0.16304,0.16304,0.08696,0.21739
2197,18,57,118,ا,,0.08475,0.38136,0.27119,0.17797,0.22881,0.21186
2198,18,58,75,ا,mercy|punishment,0.04,0.48,0.18667,0.17333,0.17333,0.30667
2199,18,59,43,ا,punishment|creation,0.06977,0.48837,0.18605,0.11628,0.16279,0.23256
2200,18,60,49,ا,prophets|dialogue,0.10204,0.34694,0.28571,0.20408,0.2449,0.2449
2201,18,61,49,ا,nature-imagery,0.04082,0.36735,0.16327,0.28571,0.16327,0.28571
2202,18,62,49,ا,prophets|dialogue,0.10204,0.32653,0.22449,0.20408,0.10204,0.14286
2203,18,63,85,ا,creation|dialogue|nature-imagery,0.08235,0.37647,0.24706,0.21176,0.22353,0.11765
2204,18,64,34,ا,prophets|dialogue,0.17647,0.26471,0.23529,0.20588,0.11765,0.11765
2205,18,65,51,ا,mercy,0.01961,0.43137,0.19608,0.09804,0.19608,0.21569
2206,18,66,37,ا,prophets|dialogue|eschatology,0.05405,0.40541,0.24324,0.10811,0.21622,0.18919
2207,18,67,21,ا,dialogue,0.19048,0.38095,0.33333,0.09524,0.14286,0.09524
2208,18,68,24,ا,,0.16667,0.33333,0.29167,0.20833,0.16667,0.29167
2209,18,69,36,ا,prophets|dialogue,0.13889,0.36111,0.27778,0.13889,0.16667,0.08333
2210,18,70,43,ا,dialogue,0.04651,0.32558,0.30233,0.2093,0.2093,0.09302
2211,18,71,65,ا,prophets|dialogue,0.18462,0.26154,0.32308,0.23077,0.23077,0.07692
2212,18,72,27,ا,dialogue,0.18519,0.40741,0.37037,0.07407,0.18519,0.11111
2213,18,73,38,ا,prophets|dialogue,0.13158,0.47368,0.21053,0.13158,0.13158,0.13158
2214,18,74,64,ا,prophets|dialogue,0.14062,0.28125,0.32812,0.21875,0.14062,0.09375
2215,18,75,29,ا,dialogue,0.17241,0.41379,0.37931,0.06897,0.17241,0.10345
2216,18,76,46,ا,prophets|dialogue,0.08696,0.32609,0.32609,0.17391,0.19565,0.1087
2217,18,77,103,ا,prophets|dialogue,0.12621,0.30097,0.29126,0.21359,0.21359,0.13592
2218,18,78,48,ا,dialogue,0.125,0.375,0.33333,0.14583,0.14583,0.20833
2219,18,79,76,ا,punishment|nature-imagery,0.05263,0.40789,0.22368,0.22368,0.19737,0.21053
2220,18,80,51,ا,polytheism-rejection,0.07843,0.43137,0.17647,0.19608,0.19608,0.23529
2221,18,81,40,ا,mercy,0.15,0.4,0.25,0.2,0.225,0.225
2222,18,82,148,ا,mercy|legal,0.07432,0.42568,0.22973,0.18243,0.17568,0.2027
2223,18,83,38,ا,prophets|dialogue,0.10526,0.55263,0.21053,0.13158,0.13158,0.13158
2224,18,84,34,ا,creation,0.05882,0.41176,0.26471,0.17647,0.17647,0.17647
2225,18,85,9,ا,,0.0,0.0,0.55556,0.22222,0.22222,0.44444
2226,18,86,91,ا,punishment|creation|dialogue,0.06593,0.35165,0.25275,0.21978,0.21978,0.1978
2227,18,87,46,ا,punishment|dialogue,0.1087,0.34783,0.19565,0.26087,0.17391,0.26087
2228,18,88,50,ا,paradise,0.08,0.5,0.12,0.2,0.18,0.22
2229,18,89,10,ا,,0.0,0.1,0.5,0.2,0.2,0.4
2230,18,90,53,ا,creation,0.07547,0.39623,0.22642,0.16981,0.18868,0.18868
2231,18,91,23,ا,,0.13043,0.30435,0.3913,0.17391,0.17391,0.17391
2232,18,92,10,ا,,0.0,0.1,0.5,0.2,0.2,0.4
2233,18,93,51,ا,nature-imagery,0.05882,0.45098,0.2549,0.13725,0.09804,0.23529
2234,18,94,78,ا,dialogue,0.07692,0.44872,0.25641,0.12821,0.14103,0.17949
2235,18,95,49,ا,dialogue,0.10204,0.53061,0.2449,0.12245,0.16327,0.28571
2236,18,96,77,ا,hell|creation|dialogue|nature-imagery,0.11688,0.33766,0.24675,0.19481,0.18182,0.11688
2237,18,97,35,ا,,0.14286,0.31429,0.17143,0.2,0.17143,0.22857
2238,18,98,49,ا,mercy|dialogue,0.12245,0.32653,0.30612,0.16327,0.22449,0.18367
2239,18,99,48,ا,,0.10417,0.4375,0.16667,0.22917,0.16667,0.35417
2240,18,100,27,ا,hell|polytheism-rejection,0.18519,0.51852,0.11111,0.18519,0.14815,0.18519
2241,18,101,47,ا,prayer,0.06383,0.42553,0.19149,0.14894,0.17021,0.12766
2242,18,102,65,ا,hell|polytheism-rejection,0.03077,0.43077,0.24615,0.15385,0.16923,0.16923
2243,18,103,25,ا,prophets|dialogue,0.08,0.44,0.28,0.12,0.24,0.16
2244,18,104,49,ا,,0.04082,0.4898,0.06122,0.28571,0.20408,0.16327
2245,18,105,66,ا,eschatology|polytheism-rejection,0.09091,0.43939,0.24242,0.16667,0.18182,0.27273
2246,18,106,42,ا,hell|prophets|eschatology|polytheism-rejection,0.04762,0.38095,0.21429,0.2381,0.14286,0.2381
2247,18,107,48,ا,paradise,0.04167,0.45833,0.16667,0.14583,0.10417,0.16667
2248,18,108,25,ا,,0.0,0.44,0.08,0.24,0.24,0.16
2249,18,109,68,ا,dialogue|nature-imagery,0.08824,0.44118,0.33824,0.08824,0.07353,0.23529
2250,18,110,92,ا,prayer|dialogue|monotheism|polytheism-rejection,0.08696,0.41304,0.25,0.16304,0.21739,0.20652
2251,19,1,5,ص,,0.2,0.2,0.2,0.4,0.4,0.0
2252,19,2,19,ا,mercy,0.21053,0.31579,0.36842,0.21053,0.15789,0.15789
2253,19,3,17,ا,,0.05882,0.23529,0.29412,0.23529,0.23529,0.11765
2254,19,4,52,ا,dialogue,0.11538,0.42308,0.26923,0.11538,0.15385,0.19231
2255,19,5,52,ا,,0.07692,0.53846,0.21154,0.07692,0.11538,0.23077
2256,19,6,30,ا,legal,0.2,0.56667,0.16667,0.13333,0.13333,0.2
2257,19,7,45,ا,,0.06667,0.46667,0.17778,0.17778,0.13333,0.17778
2258,19,8,52,ا,dialogue,0.13462,0.44231,0.30769,0.03846,0.11538,0.17308
2259,19,9,43,ا,creation|dialogue,0.13953,0.4186,0.37209,0.11628,0.11628,0.16279
2260,19,10,45,ا,dialogue,0.06667,0.42222,0.24444,0.11111,0.11111,0.06667
2261,19,11,46,ا,prayer,0.08696,0.3913,0.19565,0.23913,0.26087,0.28261
2262,19,12,34,ا,dialogue|eschatology,0.05882,0.32353,0.26471,0.20588,0.17647,0.17647
2263,19,13,25,ا,,0.04,0.44,0.2,0.12,0.08,0.16
2264,19,14,26,ا,,0.11538,0.46154,0.23077,0.07692,0.07692,0.26923
2265,19,15,34,ا,,0.0,0.67647,0.08824,0.11765,0.11765,0.41176
2266,19,16,42,ا,prophets,0.09524,0.38095,0.2619,0.16667,0.09524,0.19048
2267,19,17,51,ا,,0.05882,0.37255,0.17647,0.27451,0.15686,0.21569
2268,19,18,30,ا,mercy|dialogue,0.1,0.43333,0.36667,0.06667,0.16667,0.13333
2269,19,19,32,ا,prophets|dialogue,0.09375,0.40625,0.28125,0.125,0.15625,0.15625
2270,19,20,38,ا,dialogue,0.05263,0.55263,0.21053,0.13158,0.10526,0.23684
2271,19,21,57,ا,mercy|dialogue,0.12281,0.49123,0.19298,0.15789,0.17544,0.15789
2272,19,22,24,ا,,0.08333,0.25,0.29167,0.29167,0.125,0.25
2273,19,23,57,ا,dialogue|nature-imagery,0.05263,0.36842,0.22807,0.19298,0.15789,0.10526
2274,19,24,38,ا,,0.07895,0.26316,0.34211,0.21053,0.18421,0.07895
2275,19,25,35,ا,nature-imagery,0.11429,0.34286,0.31429,0.17143,0.17143,0.08571
2276,19,26,76,ا,mercy|dialogue,0.11842,0.55263,0.18421,0.14474,0.10526,0.22368
2277,19,27,41,ا,prophets|dialogue,0.12195,0.36585,0.31707,0.17073,0.17073,0.21951
2278,19,28,40,ا,prophets,0.05,0.375,0.325,0.1,0.2,0.25
2279,19,29,38,ا,dialogue,0.07895,0.42105,0.23684,0.18421,0.10526,0.21053
2280,19,30,34,ا,creation|prophets|dialogue,0.02941,0.41176,0.32353,0.02941,0.14706,0.11765
2281,19,31,49,ا,creation|prayer,0.06122,0.42857,0.22449,0.12245,0.12245,0.20408
2282,19,32,29,ا,creation,0.10345,0.48276,0.27586,0.03448,0.03448,0.24138
2283,19,33,36,ا,,0.0,0.61111,0.16667,0.08333,0.13889,0.38889
2284,19,34,34,ن,prophets,0.11765,0.52941,0.14706,0.17647,0.08824,0.20588
2285,19,35,53,ن,dialogue,0.07547,0.43396,0.22642,0.20755,0.16981,0.18868
2286,19,36,35,م,prophets|prayer|dialogue,0.17143,0.4,0.25714,0.2,0.14286,0.28571
2287,19,37,47,م,prophets|polytheism-rejection,0.04255,0.51064,0.12766,0.25532,0.12766,0.31915
2288,19,38,48,ن,,0.08333,0.58333,0.16667,0.125,0.10417,0.3125
2289,19,39,46,ن,prophets,0.1087,0.54348,0.1087,0.28261,0.23913,0.28261
2290,19,40,34,ن,creation|legal,0.11765,0.58824,0.11765,0.11765,0.20588,0.11765
2291,19,41,35,ا,prophets,0.11429,0.34286,0.31429,0.14286,0.11429,0.17143
2292,19,42,50,ا,prayer|dialogue,0.06,0.42,0.26,0.12,0.18,0.18
2293,19,43,50,ا,,0.08,0.38,0.34,0.08,0.16,0.16
2294,19,44,40,ا,mercy|prayer,0.1,0.4,0.25,0.1,0.125,0.075
2295,19,45,46,ا,mercy|punishment|hell,0.04348,0.45652,0.23913,0.15217,0.15217,0.19565
2296,19,46,54,ا,prophets|dialogue,0.09259,0.48148,0.2963,0.09259,0.22222,0.12963
2297,19,47,35,ا,mercy|prophets|dialogue,0.08571,0.37143,0.25714,0.22857,0.17143,0.14286
2298,19,48,55,ا,,0.05455,0.41818,0.30909,0.07273,0.2,0.23636
2299,19,49,60,ا,creation|prophets|prayer,0.03333,0.45,0.2,0.13333,0.16667,0.26667
2300,19,50,37,ا,mercy|creation,0.08108,0.51351,0.13514,0.16216,0.16216,0.21622
2301,19,51,41,ا,prophets,0.07317,0.41463,0.19512,0.17073,0.07317,0.21951
2302,19,52,36,ا,,0.11111,0.52778,0.22222,0.05556,0.08333,0.19444
2303,19,53,29,ا,mercy|prophets,0.06897,0.48276,0.13793,0.2069,0.24138,0.24138
2304,19,54,48,ا,prophets,0.08333,0.375,0.25,0.125,0.10417,0.16667
2305,19,55,41,ا,prayer,0.12195,0.41463,0.19512,0.19512,0.19512,0.17073
2306,19,56,33,ا,prophets,0.12121,0.33333,0.33333,0.15152,0.09091,0.12121
2307,19,57,16,ا,,0.0625,0.4375,0.0625,0.125,0.1875,0.1875
2308,19,58,129,ا,mercy|prophets|prayer,0.04651,0.52713,0.18605,0.13178,0.18605,0.21705
2309,19,59,52,ا,prayer,0.05769,0.34615,0.13462,0.28846,0.19231,0.28846
2310,19,60,51,ا,mercy|paradise,0.03922,0.5098,0.19608,0.13725,0.17647,0.23529
2311,19,61,46,ا,mercy|paradise,0.02174,0.34783,0.30435,0.1087,0.23913,0.15217
2312,19,62,46,ا,paradise,0.06522,0.43478,0.08696,0.26087,0.19565,0.23913
2313,19,63,33,ا,paradise|legal,0.06061,0.45455,0.27273,0.06061,0.06061,0.12121
2314,19,64,61,ا,dialogue,0.04918,0.5082,0.22951,0.09836,0.08197,0.2623
2315,19,65,56,ا,creation|prayer,0.10714,0.375,0.21429,0.17857,0.16071,0.26786
2316,19,66,31,ا,dialogue|polytheism-rejection,0.06452,0.41935,0.22581,0.19355,0.19355,0.19355
2317,19,67,38,ا,creation|prayer,0.07895,0.47368,0.23684,0.13158,0.15789,0.13158
2318,19,68,43,ا,hell,0.11628,0.53488,0.11628,0.27907,0.13953,0.2093
2319,19,69,36,ا,mercy,0.02778,0.47222,0.13889,0.19444,0.25,0.11111
2320,19,70,29,ا,hell,0.03448,0.48276,0.13793,0.2069,0.2069,0.2069
2321,19,71,34,ا,,0.11765,0.41176,0.26471,0.08824,0.14706,0.20588
2322,19,72,36,ا,,0.08333,0.5,0.11111,0.19444,0.02778,0.13889
2323,19,73,74,ا,polytheism-rejection,0.08108,0.48649,0.2027,0.12162,0.12162,0.14865
2324,19,74,35,ا,punishment,0.11429,0.42857,0.25714,0.2,0.22857,0.2
2325,19,75,98,ا,mercy|punishment|dialogue|eschatology,0.06122,0.42857,0.16327,0.17347,0.16327,0.22449
2326,19,76,62,ا,,0.09677,0.3871,0.20968,0.16129,0.1129,0.14516
2327,19,77,39,ا,dialogue|polytheism-rejection,0.07692,0.46154,0.28205,0.07692,0.10256,0.20513
2328,19,78,28,ا,mercy,0.07143,0.32143,0.25,0.17857,0.32143,0.10714
2329,19,79,31,ا,punishment|dialogue,0.03226,0.45161,0.25806,0.09677,0.06452,0.25806
2330,19,80,22,ا,legal,0.13636,0.54545,0.18182,0.13636,0.09091,0.22727
2331,19,81,33,ا,,0.0,0.48485,0.12121,0.21212,0.21212,0.21212
2332,19,82,33,ا,prayer|eschatology|polytheism-rejection,0.06061,0.45455,0.24242,0.15152,0.12121,0.27273
2333,19,83,41,ا,polytheism-rejection,0.09756,0.41463,0.21951,0.14634,0.17073,0.07317
2334,19,84,25,ا,,0.0,0.4,0.2,0.12,0.28,0.16
2335,19,85,27,ا,mercy,0.11111,0.55556,0.14815,0.14815,0.11111,0.22222
2336,19,86,24,ا,hell,0.125,0.58333,0.20833,0.08333,0.08333,0.25
2337,19,87,37,ا,mercy,0.02703,0.40541,0.13514,0.18919,0.21622,0.13514
2338,19,88,20,ا,mercy|dialogue,0.1,0.45,0.15,0.15,0.1,0.2
2339,19,89,14,ا,,0.07143,0.21429,0.57143,0.07143,0.21429,0.07143
2340,19,90,44,ا,creation|nature-imagery,0.13636,0.36364,0.29545,0.15909,0.09091,0.15909
2341,19,91,16,ا,mercy,0.0625,0.5625,0.1875,0.0625,0.1875,0.1875
2342,19,92,24,ا,mercy,0.04167,0.58333,0.16667,0.16667,0.16667,0.20833
2343,19,93,38,ا,mercy|creation,0.07895,0.44737,0.23684,0.10526,0.15789,0.18421
2344,19,94,17,ا,,0.11765,0.23529,0.29412,0.23529,0.35294,0.17647
2345,19,95,23,ا,eschatology,0.08696,0.47826,0.21739,0.17391,0.17391,0.26087
2346,19,96,43,ا,mercy,0.04651,0.51163,0.11628,0.13953,0.16279,0.18605
2347,19,97,45,ا,creation|prophets,0.11111,0.42222,0.26667,0.17778,0.08889,0.22222
2348,19,98,46,ا,punishment,0.08696,0.45652,0.26087,0.21739,0.23913,0.23913
2349,20,1,2,ه,,0.5,0.0,0.5,0.5,0.5,0.0
2350,20,2,23,ا,,0.13043,0.43478,0.26087,0.08696,0.13043,0.04348
2351,20,3,15,ا,,0.06667,0.4,0.2,0.26667,0.2,0.06667
2352,20,4,31,ا,creation,0.09677,0.48387,0.12903,0.12903,0.09677,0.16129
2353,20,5,19,ا,mercy,0.10526,0.42105,0.05263,0.15789,0.15789,0.10526
2354,20,6,44,ا,creation,0.06818,0.45455,0.11364,0.18182,0.09091,0.29545
2355,20,7,30,ا,,0.1,0.43333,0.23333,0.2,0.23333,0.23333
2356,20,8,29,ا,monotheism,0.0,0.37931,0.13793,0.24138,0.31034,0.06897
2357,20,9,15,ا,prophets,0.0,0.33333,0.26667,0.26667,0.2,0.2
2358,20,10,68,ا,hell|dialogue,0.08824,0.36765,0.27941,0.13235,0.20588,0.11765
2359,20,11,19,ا,prophets,0.0,0.42105,0.15789,0.15789,0.10526,0.26316
2360,20,12,37,ا,,0.08108,0.37838,0.32432,0.08108,0.16216,0.16216
2361,20,13,23,ا,,0.04348,0.34783,0.21739,0.17391,0.17391,0.21739
2362,20,14,44,ي,prayer|monotheism,0.06818,0.43182,0.22727,0.13636,0.22727,0.09091
2363,20,15,39,ا,eschatology,0.0,0.20513,0.30769,0.25641,0.25641,0.10256
2364,20,16,37,ا,,0.05405,0.35135,0.21622,0.18919,0.18919,0.21622
2365,20,17,18,ا,prophets,0.0,0.55556,0.22222,0.05556,0.0,0.33333
2366,20,18,48,ا,dialogue,0.08333,0.375,0.20833,0.20833,0.3125,0.16667
2367,20,19,14,ا,prophets|dialogue,0.14286,0.35714,0.21429,0.14286,0.14286,0.14286
2368,20,20,20,ا,,0.05,0.15,0.2,0.4,0.35,0.1
2369,20,21,32,ا,punishment|dialogue,0.0625,0.3125,0.15625,0.28125,0.21875,0.09375
2370,20,22,40,ا,,0.125,0.375,0.3,0.2,0.25,0.15
2371,20,23,19,ا,,0.10526,0.52632,0.26316,0.0,0.05263,0.10526
2372,20,24,18,ا,,0.11111,0.27778,0.22222,0.27778,0.33333,0.16667
2373,20,25,15,ي,prophets|dialogue,0.33333,0.46667,0.2,0.2,0.06667,0.06667
2374,20,26,10,ي,,0.2,0.8,0.1,0.1,0.1,0.2
2375,20,27,16,ي,,0.0625,0.5,0.125,0.1875,0.1875,0.125
2376,20,28,10,ي,,0.2,0.5,0.2,0.2,0.1,0.3
2377,20,29,18,ي,,0.05556,0.61111,0.11111,0.11111,0.16667,0.16667
2378,20,30,8,ي,prophets,0.125,0.5,0.125,0.25,0.375,0.125
2379,20,31,10,ي,,0.1,0.2,0.4,0.3,0.2,0.1
2380,20,32,12,ي,,0.16667,0.5,0.25,0.25,0.25,0.25
2381,20,33,12,ا,,0.08333,0.33333,0.33333,0.25,0.08333,0.08333
2382,20,34,11,ا,prayer,0.18182,0.45455,0.27273,0.18182,0.0,0.09091
2383,20,35,14,ا,,0.14286,0.35714,0.42857,0.07143,0.07143,0.14286
2384,20,36,20,ا,prophets|dialogue,0.1,0.35,0.4,0.1,0.1,0.15
2385,20,37,19,ا,,0.15789,0.52632,0.21053,0.10526,0.21053,0.15789
2386,20,38,20,ا,,0.0,0.4,0.25,0.15,0.3,0.2
2387,20,39,93,ي,dialogue,0.05376,0.44086,0.1828,0.21505,0.19355,0.2043
2388,20,40,130,ا,prophets|dialogue,0.05385,0.4,0.28462,0.18462,0.13846,0.19231
2389,20,41,13,ي,,0.15385,0.38462,0.23077,0.23077,0.07692,0.15385
2390,20,42,31,ي,prayer,0.03226,0.3871,0.32258,0.16129,0.16129,0.19355
2391,20,43,19,ا,,0.10526,0.26316,0.21053,0.26316,0.31579,0.15789
2392,20,44,30,ا,,0.1,0.46667,0.16667,0.2,0.16667,0.13333
2393,20,45,35,ا,punishment|dialogue,0.14286,0.42857,0.22857,0.11429,0.2,0.11429
2394,20,46,27,ا,dialogue,0.07407,0.37037,0.22222,0.11111,0.22222,0.18519
2395,20,47,87,ا,punishment|prophets|dialogue,0.08046,0.37931,0.27586,0.13793,0.17241,0.2069
2396,20,48,35,ا,punishment|polytheism-rejection,0.02857,0.4,0.28571,0.08571,0.2,0.17143
2397,20,49,17,ا,prophets|dialogue,0.11765,0.47059,0.17647,0.11765,0.0,0.35294
2398,20,50,29,ا,dialogue,0.13793,0.31034,0.27586,0.2069,0.2069,0.06897
2399,20,51,21,ا,dialogue,0.14286,0.47619,0.19048,0.04762,0.04762,0.2381
2400,20,52,35,ا,prophets|dialogue,0.11429,0.45714,0.2,0.11429,0.08571,0.17143
2401,20,53,74,ا,creation|nature-imagery,0.04054,0.37838,0.24324,0.18919,0.14865,0.2027
2402,20,54,39,ا,nature-imagery,0.02564,0.48718,0.20513,0.07692,0.17949,0.17949
2403,20,55,41,ا,creation,0.09756,0.43902,0.19512,0.19512,0.21951,0.19512
2404,20,56,28,ا,polytheism-rejection,0.07143,0.32143,0.35714,0.14286,0.17857,0.17857
2405,20,57,34,ا,prophets|dialogue,0.14706,0.38235,0.29412,0.14706,0.14706,0.11765
2406,20,58,60,ا,,0.01667,0.45,0.2,0.18333,0.15,0.21667
2407,20,59,33,ا,prophets|dialogue,0.09091,0.48485,0.12121,0.21212,0.15152,0.18182
2408,20,60,23,ا,prophets,0.04348,0.34783,0.26087,0.21739,0.17391,0.30435
2409,20,61,59,ا,punishment|prophets|dialogue,0.0678,0.35593,0.23729,0.18644,0.10169,0.27119
2410,20,62,30,ا,,0.06667,0.46667,0.16667,0.16667,0.16667,0.3
2411,20,63,67,ا,dialogue,0.14925,0.43284,0.22388,0.1791,0.13433,0.16418
2412,20,64,42,ا,,0.04762,0.35714,0.2619,0.16667,0.14286,0.28571
2413,20,65,39,ا,prophets|dialogue,0.07692,0.51282,0.28205,0.02564,0.15385,0.23077
2414,20,66,49,ا,dialogue,0.08163,0.38776,0.18367,0.26531,0.28571,0.18367
2415,20,67,19,ا,prophets,0.0,0.31579,0.10526,0.52632,0.21053,0.36842
2416,20,68,21,ا,dialogue,0.04762,0.33333,0.33333,0.09524,0.2381,0.04762
2417,20,69,59,ا,,0.10169,0.42373,0.16949,0.20339,0.15254,0.18644
2418,20,70,37,ا,prophets|prayer|dialogue,0.13514,0.40541,0.21622,0.18919,0.13514,0.24324
2419,20,71,115,ا,punishment|dialogue|nature-imagery,0.07826,0.45217,0.29565,0.13043,0.18261,0.2087
2420,20,72,76,ا,creation|dialogue,0.13158,0.38158,0.21053,0.15789,0.11842,0.11842
2421,20,73,61,ا,mercy,0.11475,0.45902,0.18033,0.14754,0.19672,0.16393
2422,20,74,42,ا,hell,0.04762,0.5,0.19048,0.19048,0.21429,0.2381
2423,20,75,46,ا,,0.06522,0.41304,0.26087,0.1087,0.19565,0.17391
2424,20,76,49,ا,paradise,0.04082,0.34694,0.28571,0.18367,0.16327,0.08163
2425,20,77,69,ا,prophets|nature-imagery,0.13043,0.34783,0.26087,0.18841,0.14493,0.2029
2426,20,78,37,م,nature-imagery,0.02703,0.43243,0.16216,0.2973,0.24324,0.35135
2427,20,79,19,ا,,0.15789,0.47368,0.15789,0.21053,0.21053,0.36842
2428,20,80,75,ا,creation,0.05333,0.53333,0.22667,0.04,0.09333,0.21333
2429,20,81,65,ا,dialogue,0.10769,0.44615,0.2,0.21538,0.15385,0.24615
2430,20,82,35,ا,mercy,0.05714,0.45714,0.17143,0.17143,0.17143,0.25714
2431,20,83,20,ا,creation|prophets|dialogue,0.05,0.45,0.25,0.05,0.15,0.3
2432,20,84,33,ا,dialogue,0.15152,0.42424,0.30303,0.09091,0.21212,0.12121
2433,20,85,36,ي,dialogue,0.13889,0.38889,0.30556,0.13889,0.11111,0.25
2434,20,86,105,ي,punishment|prophets|dialogue,0.09524,0.4,0.27619,0.1619,0.20952,0.26667
2435,20,87,75,ي,hell|creation|dialogue,0.08,0.42667,0.18667,0.17333,0.10667,0.22667
2436,20,88,48,ي,prophets|dialogue,0.0625,0.35417,0.1875,0.29167,0.22917,0.20833
2437,20,89,44,ا,,0.11364,0.54545,0.13636,0.11364,0.15909,0.20455
2438,20,90,68,ي,mercy|prophets|dialogue,0.13235,0.51471,0.26471,0.08824,0.14706,0.30882
2439,20,91,37,ا,prophets|dialogue,0.08108,0.45946,0.16216,0.13514,0.18919,0.13514
2440,20,92,28,ا,prophets|dialogue,0.14286,0.46429,0.17857,0.14286,0.17857,0.17857
2441,20,93,18,ي,,0.11111,0.33333,0.38889,0.11111,0.27778,0.16667
2442,20,94,71,ي,punishment|prophets|dialogue,0.12676,0.46479,0.33803,0.11268,0.14085,0.1831
2443,20,95,17,ي,prophets|dialogue,0.17647,0.35294,0.23529,0.17647,0.05882,0.23529
2444,20,96,62,ي,prophets|dialogue,0.17742,0.3871,0.27419,0.25806,0.06452,0.27419
2445,20,97,104,ا,hell|prophets|dialogue|nature-imagery,0.06731,0.41346,0.16346,0.25962,0.17308,0.16346
2446,20,98,39,ا,monotheism,0.0,0.4359,0.17949,0.17949,0.28205,0.12821
2447,20,99,44,ا,prophets,0.13636,0.36364,0.40909,0.09091,0.09091,0.13636
2448,20,100,31,ا,eschatology,0.12903,0.51613,0.09677,0.22581,0.25806,0.22581
2449,20,101,30,ا,eschatology,0.03333,0.5,0.1,0.23333,0.2,0.23333
2450,20,102,36,ا,,0.16667,0.61111,0.08333,0.22222,0.08333,0.27778
2451,20,103,27,ا,,0.03704,0.40741,0.25926,0.18519,0.18519,0.22222
2452,20,104,47,ا,dialogue,0.10638,0.53191,0.25532,0.12766,0.19149,0.25532
2453,20,105,32,ا,dialogue|nature-imagery,0.0625,0.4375,0.1875,0.21875,0.09375,0.21875
2454,20,106,15,ا,creation,0.26667,0.13333,0.06667,0.46667,0.13333,0.2
2455,20,107,20,ا,,0.05,0.35,0.2,0.1,0.15,0.2
2456,20,108,56,ا,mercy,0.03571,0.41071,0.17857,0.17857,0.21429,0.19643
2457,20,109,44,ا,mercy,0.09091,0.47727,0.11364,0.22727,0.20455,0.18182
2458,20,110,38,ا,,0.02632,0.55263,0.13158,0.15789,0.21053,0.31579
2459,20,111,35,ا,,0.08571,0.54286,0.17143,0.14286,0.14286,0.28571
2460,20,112,42,ا,,0.07143,0.52381,0.04762,0.21429,0.14286,0.30952
2461,20,113,62,ا,prayer,0.1129,0.46774,0.19355,0.19355,0.17742,0.17742
2462,20,114,65,ا,prophets|dialogue,0.12308,0.44615,0.26154,0.10769,0.15385,0.15385
2463,20,115,36,ا,,0.05556,0.44444,0.27778,0.13889,0.16667,0.22222
2464,20,116,42,ا,prayer|dialogue,0.02381,0.33333,0.35714,0.14286,0.16667,0.19048
2465,20,117,49,ا,paradise|dialogue,0.06122,0.38776,0.26531,0.18367,0.12245,0.18367
2466,20,118,22,ا,,0.04545,0.36364,0.27273,0.09091,0.22727,0.13636
2467,20,119,21,ا,creation,0.09524,0.33333,0.2381,0.2381,0.19048,0.19048
2468,20,120,52,ا,dialogue|nature-imagery,0.05769,0.42308,0.23077,0.17308,0.15385,0.13462
2469,20,121,65,ا,paradise,0.10769,0.35385,0.21538,0.24615,0.2,0.27692
2470,20,122,23,ا,mercy,0.04348,0.21739,0.30435,0.26087,0.21739,0.26087
2471,20,123,70,ا,paradise|dialogue,0.08571,0.35714,0.24286,0.15714,0.15714,0.22857
2472,20,124,47,ا,prayer|eschatology,0.12766,0.46809,0.12766,0.23404,0.25532,0.19149
2473,20,125,28,ا,dialogue,0.21429,0.42857,0.32143,0.10714,0.10714,0.17857
2474,20,126,38,ا,dialogue,0.02632,0.34211,0.34211,0.15789,0.07895,0.10526
2475,20,127,50,ا,punishment|eschatology,0.08,0.4,0.32,0.18,0.2,0.24
2476,20,128,67,ا,punishment,0.04478,0.52239,0.20896,0.1791,0.16418,0.22388
2477,20,129,35,ا,punishment,0.05714,0.48571,0.25714,0.11429,0.05714,0.28571
2478,20,130,85,ا,creation,0.15294,0.42353,0.23529,0.17647,0.14118,0.27059
2479,20,131,75,ا,paradise,0.08,0.42667,0.21333,0.18667,0.18667,0.2
2480,20,132,59,ا,paradise|prayer,0.18644,0.38983,0.25424,0.16949,0.16949,0.13559
2481,20,133,53,ا,dialogue,0.0566,0.4717,0.22642,0.15094,0.18868,0.26415
2482,20,134,79,ا,punishment|prophets|dialogue,0.07595,0.4557,0.25316,0.12658,0.1519,0.20253
2483,20,135,50,ا,dialogue,0.18,0.4,0.24,0.2,0.08,0.26
2484,21,1,31,ن,,0.12903,0.41935,0.12903,0.32258,0.19355,0.29032
2485,21,2,42,ن,,0.04762,0.5,0.19048,0.19048,0.21429,0.30952
2486,21,3,72,ن,prophets|dialogue,0.09722,0.45833,0.20833,0.20833,0.15278,0.23611
2487,21,4,44,م,creation|prophets|dialogue,0.11364,0.54545,0.11364,0.11364,0.13636,0.22727
2488,21,5,58,ن,prophets|dialogue,0.08621,0.37931,0.24138,0.18966,0.2069,0.2069
2489,21,6,35,ن,punishment,0.08571,0.48571,0.25714,0.17143,0.25714,0.25714
2490,21,7,59,ن,prophets,0.0678,0.47458,0.23729,0.11864,0.16949,0.16949
2491,21,8,42,ن,creation|prophets,0.02381,0.45238,0.19048,0.07143,0.11905,0.19048
2492,21,9,45,ن,punishment,0.06667,0.46667,0.17778,0.2,0.15556,0.22222
2493,21,10,37,ن,,0.08108,0.37838,0.35135,0.13514,0.13514,0.16216
2494,21,11,44,ن,,0.15909,0.43182,0.25,0.15909,0.18182,0.20455
2495,21,12,29,ن,punishment,0.06897,0.37931,0.17241,0.27586,0.2069,0.24138
2496,21,13,48,ن,dialogue,0.08333,0.4375,0.25,0.125,0.125,0.25
2497,21,14,24,ن,dialogue,0.08333,0.54167,0.125,0.04167,0.04167,0.125
2498,21,15,37,ن,hell|creation,0.02703,0.32432,0.21622,0.21622,0.18919,0.16216
2499,21,16,35,ن,creation,0.08571,0.48571,0.14286,0.11429,0.14286,0.25714
2500,21,17,42,ن,,0.02381,0.45238,0.19048,0.16667,0.19048,0.09524
2501,21,18,53,ن,punishment,0.09434,0.37736,0.20755,0.24528,0.13208,0.28302
2502,21,19,57,ن,creation|prayer,0.07018,0.47368,0.17544,0.17544,0.14035,0.22807
2503,21,20,26,ن,,0.07692,0.61538,0.07692,0.15385,0.07692,0.19231
2504,21,21,27,ن,creation|eschatology,0.11111,0.48148,0.14815,0.25926,0.25926,0.18519
2505,21,22,52,ن,creation,0.05769,0.38462,0.13462,0.26923,0.19231,0.19231
2506,21,23,22,ن,,0.0,0.54545,0.09091,0.18182,0.22727,0.22727
2507,21,24,82,ن,prophets|dialogue,0.10976,0.46341,0.19512,0.20732,0.19512,0.2439
2508,21,25,53,ن,prophets|prayer|monotheism,0.0566,0.49057,0.22642,0.13208,0.22642,0.18868
2509,21,26,38,ن,mercy|dialogue,0.07895,0.42105,0.21053,0.15789,0.13158,0.26316
2510,21,27,29,ن,,0.10345,0.55172,0.2069,0.13793,0.17241,0.34483
2511,21,28,59,ن,,0.05085,0.52542,0.11864,0.22034,0.16949,0.30508
2512,21,29,51,ن,hell|dialogue|eschatology,0.03922,0.54902,0.19608,0.21569,0.13725,0.17647
2513,21,30,80,ن,creation|polytheism-rejection,0.0875,0.4625,0.2125,0.125,0.125,0.2
2514,21,31,57,ن,creation|nature-imagery,0.05263,0.42105,0.21053,0.17544,0.15789,0.21053
2515,21,32,39,ن,creation,0.10256,0.38462,0.12821,0.23077,0.20513,0.25641
2516,21,33,47,ن,creation,0.08511,0.55319,0.10638,0.21277,0.08511,0.23404
2517,21,34,40,ن,creation,0.05,0.45,0.25,0.15,0.15,0.25
2518,21,35,49,ن,,0.08163,0.4898,0.22449,0.16327,0.12245,0.2449
2519,21,36,72,ن,mercy|prophets|dialogue|polytheism-rejection,0.08333,0.41667,0.22222,0.23611,0.18056,0.18056
2520,21,37,37,ن,creation,0.05405,0.43243,0.27027,0.13514,0.16216,0.10811
2521,21,38,30,ن,dialogue,0.1,0.46667,0.26667,0.1,0.1,0.2
2522,21,39,61,ن,hell|polytheism-rejection,0.09836,0.60656,0.04918,0.18033,0.14754,0.2459
2523,21,40,45,ن,,0.08889,0.4,0.26667,0.24444,0.2,0.24444
2524,21,41,56,ن,prophets,0.08929,0.375,0.25,0.25,0.14286,0.23214
2525,21,42,50,ن,mercy|prayer|dialogue,0.14,0.6,0.16,0.12,0.14,0.24
2526,21,43,55,ن,,0.07273,0.52727,0.14545,0.21818,0.21818,0.25455
2527,21,44,82,ن,polytheism-rejection,0.10976,0.40244,0.23171,0.15854,0.2561,0.18293
2528,21,45,46,ن,dialogue,0.08696,0.47826,0.17391,0.13043,0.15217,0.19565
2529,21,46,47,ن,punishment|dialogue,0.06383,0.53191,0.17021,0.14894,0.12766,0.21277
2530,21,47,83,ن,eschatology|nature-imagery,0.08434,0.42169,0.19277,0.20482,0.12048,0.21687
2531,21,48,43,ن,prophets,0.16279,0.51163,0.2093,0.11628,0.06977,0.2093
2532,21,49,37,ن,eschatology,0.05405,0.48649,0.10811,0.27027,0.16216,0.2973
2533,21,50,33,ن,,0.09091,0.45455,0.24242,0.21212,0.18182,0.21212
2534,21,51,37,ن,prophets|eschatology,0.10811,0.45946,0.2973,0.10811,0.16216,0.21622
2535,21,52,45,ن,dialogue,0.04444,0.4,0.22222,0.2,0.2,0.2
2536,21,53,25,ن,prayer|dialogue,0.04,0.32,0.32,0.04,0.16,0.16
2537,21,54,31,ن,dialogue,0.09677,0.45161,0.3871,0.06452,0.09677,0.25806
2538,21,55,31,ن,dialogue,0.06452,0.3871,0.35484,0.03226,0.19355,0.16129
2539,21,56,55,ن,creation|dialogue,0.12727,0.45455,0.2,0.14545,0.09091,0.2
2540,21,57,35,ن,polytheism-rejection,0.05714,0.48571,0.34286,0.05714,0.14286,0.22857
2541,21,58,37,ن,creation,0.05405,0.43243,0.18919,0.18919,0.24324,0.16216
2542,21,59,34,ن,dialogue,0.05882,0.47059,0.14706,0.17647,0.17647,0.17647
2543,21,60,32,م,prophets|dialogue,0.125,0.40625,0.1875,0.1875,0.15625,0.1875
2544,21,61,35,ن,dialogue,0.02857,0.4,0.17143,0.17143,0.22857,0.17143
2545,21,62,32,م,prophets|dialogue,0.0625,0.3125,0.3125,0.15625,0.25,0.15625
2546,21,63,39,ن,dialogue,0.10256,0.41026,0.23077,0.20513,0.17949,0.23077
2547,21,64,37,ن,dialogue,0.08108,0.43243,0.21622,0.16216,0.16216,0.27027
2548,21,65,36,ن,dialogue,0.11111,0.44444,0.25,0.13889,0.19444,0.19444
2549,21,66,42,م,prayer|dialogue,0.07143,0.47619,0.21429,0.11905,0.11905,0.2381
2550,21,67,34,ن,prayer,0.02941,0.5,0.26471,0.08824,0.14706,0.29412
2551,21,68,35,ن,hell|dialogue,0.14286,0.45714,0.22857,0.14286,0.17143,0.2
2552,21,69,33,م,hell|prophets|dialogue,0.12121,0.48485,0.18182,0.06061,0.09091,0.18182
2553,21,70,29,ن,creation,0.06897,0.37931,0.24138,0.17241,0.2069,0.17241
2554,21,71,42,ن,prophets,0.09524,0.5,0.16667,0.09524,0.11905,0.14286
2555,21,72,39,ن,creation,0.07692,0.41026,0.17949,0.20513,0.20513,0.20513
2556,21,73,83,ن,creation|prayer,0.04819,0.43373,0.21687,0.13253,0.22892,0.19277
2557,21,74,75,ن,prophets|eschatology,0.06667,0.44,0.22667,0.13333,0.16,0.2
2558,21,75,29,ن,mercy,0.06897,0.48276,0.13793,0.24138,0.24138,0.13793
2559,21,76,51,م,prophets,0.05882,0.41176,0.21569,0.19608,0.15686,0.21569
2560,21,77,61,ن,polytheism-rejection,0.09836,0.45902,0.22951,0.14754,0.16393,0.2459
2561,21,78,61,ن,prophets|legal|eschatology,0.03279,0.45902,0.16393,0.2623,0.14754,0.2459
2562,21,79,72,ن,prophets|eschatology|nature-imagery,0.04167,0.45833,0.15278,0.15278,0.125,0.23611
2563,21,80,45,ن,,0.06667,0.46667,0.22222,0.22222,0.17778,0.26667
2564,21,81,65,ن,prophets|nature-imagery,0.10769,0.44615,0.2,0.15385,0.15385,0.15385
2565,21,82,51,ن,,0.05882,0.60784,0.07843,0.17647,0.11765,0.2549
2566,21,83,41,ن,mercy,0.12195,0.5122,0.21951,0.14634,0.19512,0.19512
2567,21,84,69,ن,mercy|prayer,0.05797,0.42029,0.17391,0.24638,0.2029,0.24638
2568,21,85,34,ن,,0.08824,0.5,0.17647,0.14706,0.08824,0.20588
2569,21,86,31,ن,mercy,0.06452,0.51613,0.12903,0.22581,0.22581,0.19355
2570,21,87,83,ن,dialogue|monotheism,0.07229,0.42169,0.21687,0.19277,0.15663,0.14458
2571,21,88,40,ن,,0.0,0.525,0.2,0.15,0.1,0.2
2572,21,89,43,ن,legal,0.16279,0.46512,0.2093,0.16279,0.09302,0.13953
2573,21,90,92,ن,,0.05435,0.43478,0.1413,0.20652,0.18478,0.19565
2574,21,91,57,ن,creation,0.05263,0.4386,0.12281,0.22807,0.21053,0.19298
2575,21,92,33,ن,prayer,0.0303,0.33333,0.33333,0.21212,0.30303,0.30303
2576,21,93,30,ن,,0.13333,0.5,0.26667,0.06667,0.2,0.23333
2577,21,94,49,ن,polytheism-rejection,0.04082,0.4898,0.14286,0.18367,0.16327,0.26531
2578,21,95,32,ن,punishment|legal,0.125,0.46875,0.15625,0.15625,0.28125,0.125
2579,21,96,37,ن,,0.0,0.40541,0.35135,0.18919,0.18919,0.27027
2580,21,97,75,ن,creation|polytheism-rejection,0.12,0.37333,0.18667,0.24,0.13333,0.17333
2581,21,98,42,ن,hell|prayer|polytheism-rejection,0.04762,0.5,0.2619,0.11905,0.16667,0.28571
2582,21,99,35,ن,,0.02857,0.42857,0.2,0.2,0.25714,0.2
2583,21,100,26,ن,,0.03846,0.5,0.0,0.34615,0.19231,0.30769
2584,21,101,38,ن,,0.02632,0.42105,0.23684,0.15789,0.21053,0.18421
2585,21,102,38,ن,,0.0,0.39474,0.10526,0.34211,0.21053,0.23684
2586,21,103,57,ن,dialogue,0.03509,0.42105,0.22807,0.17544,0.15789,0.21053
2587,21,104,66,ن,creation,0.04545,0.43939,0.27273,0.07576,0.15152,0.15152
2588,21,105,52,ن,paradise|legal,0.13462,0.40385,0.25,0.15385,0.11538,0.17308
2589,21,106,23,ن,prayer,0.04348,0.3913,0.21739,0.17391,0.17391,0.21739
2590,21,107,25,ن,mercy|prophets,0.08,0.56,0.12,0.12,0.2,0.16
2591,21,108,42,ن,dialogue|monotheism,0.02381,0.5,0.2381,0.16667,0.2619,0.2381
2592,21,109,50,ن,dialogue,0.08,0.42,0.36,0.08,0.2,0.26
2593,21,110,32,ن,,0.0625,0.59375,0.1875,0.0625,0.15625,0.25
2594,21,111,29,ن,,0.03448,0.48276,0.24138,0.13793,0.27586,0.17241
2595,21,112,43,ن,mercy|prophets|dialogue,0.13953,0.4186,0.18605,0.13953,0.11628,0.23256
2596,22,1,40,م,eschatology,0.075,0.35,0.175,0.225,0.2,0.1
2597,22,2,86,د,punishment,0.10465,0.38372,0.18605,0.2093,0.16279,0.17442
2598,22,3,44,د,,0.06818,0.54545,0.18182,0.11364,0.09091,0.20455
2599,22,4,44,ر,punishment|hell,0.04545,0.38636,0.20455,0.25,0.29545,0.13636
2600,22,5,262,ج,mercy|creation|eschatology|nature-imagery,0.08015,0.46565,0.22519,0.16794,0.16031,0.23282
2601,22,6,46,ر,,0.06522,0.45652,0.23913,0.17391,0.23913,0.13043
2602,22,7,43,ر,eschatology,0.06977,0.44186,0.18605,0.18605,0.2093,0.2093
2603,22,8,45,ر,,0.04444,0.53333,0.15556,0.11111,0.08889,0.22222
2604,22,9,61,ق,punishment|hell|dialogue|eschatology,0.09836,0.45902,0.11475,0.2459,0.16393,0.13115
2605,22,10,35,د,,0.05714,0.42857,0.31429,0.11429,0.08571,0.2
2606,22,11,101,ن,prayer,0.08911,0.39604,0.19802,0.22772,0.22772,0.17822
2607,22,12,48,د,,0.0625,0.5,0.10417,0.16667,0.14583,0.1875
2608,22,13,41,ر,polytheism-rejection,0.12195,0.4878,0.19512,0.17073,0.19512,0.2439
2609,22,14,72,د,paradise,0.05556,0.47222,0.18056,0.13889,0.18056,0.11111
2610,22,15,85,ظ,prophets,0.10588,0.47059,0.18824,0.22353,0.15294,0.15294
2611,22,16,38,د,,0.02632,0.5,0.26316,0.13158,0.15789,0.10526
2612,22,17,102,د,legal|eschatology|polytheism-rejection,0.05882,0.5,0.14706,0.16667,0.13725,0.17647
2613,22,18,144,ء,punishment|creation|prayer|nature-imagery,0.06944,0.52083,0.14583,0.15972,0.11111,0.23611
2614,22,19,69,م,hell|polytheism-rejection,0.14493,0.44928,0.14493,0.26087,0.13043,0.28986
2615,22,20,23,د,,0.13043,0.47826,0.21739,0.21739,0.13043,0.34783
2616,22,21,15,د,,0.06667,0.53333,0.2,0.13333,0.2,0.33333
2617,22,22,52,ق,punishment|hell|dialogue,0.09615,0.42308,0.19231,0.15385,0.19231,0.23077
2618,22,23,98,ر,paradise,0.06122,0.46939,0.16327,0.19388,0.19388,0.17347
2619,22,24,38,د,,0.13158,0.44737,0.23684,0.10526,0.13158,0.21053
2620,22,25,108,م,punishment|creation|polytheism-rejection,0.05556,0.44444,0.17593,0.19444,0.13889,0.2037
2621,22,26,76,د,prophets|prayer|dialogue|polytheism-rejection,0.09211,0.44737,0.30263,0.09211,0.13158,0.19737
2622,22,27,51,ق,,0.07843,0.45098,0.2549,0.11765,0.11765,0.17647
2623,22,28,94,ر,legal|nature-imagery,0.06383,0.45745,0.1383,0.17021,0.17021,0.2766
2624,22,29,46,ق,,0.1087,0.5,0.17391,0.19565,0.06522,0.34783
2625,22,30,100,ر,polytheism-rejection,0.07,0.47,0.2,0.14,0.15,0.22
2626,22,31,81,ق,creation|polytheism-rejection|nature-imagery,0.11111,0.44444,0.19753,0.25926,0.19753,0.20988
2627,22,32,36,ب,,0.11111,0.44444,0.19444,0.16667,0.16667,0.22222
2628,22,33,43,ق,nature-imagery,0.02326,0.39535,0.2093,0.16279,0.18605,0.2093
2629,22,34,89,ن,prophets|monotheism|nature-imagery,0.04494,0.44944,0.17978,0.20225,0.20225,0.23596
2630,22,35,76,ن,prayer,0.13158,0.48684,0.15789,0.17105,0.10526,0.23684
2631,22,36,128,ن,nature-imagery,0.07031,0.40625,0.1875,0.17969,0.15625,0.21094
2632,22,37,89,ن,prayer,0.04494,0.48315,0.16854,0.1573,0.13483,0.17978
2633,22,38,44,ر,,0.02273,0.47727,0.15909,0.15909,0.20455,0.15909
2634,22,39,45,ر,,0.13333,0.55556,0.17778,0.15556,0.15556,0.15556
2635,22,40,148,ز,prayer|dialogue,0.11486,0.47297,0.15541,0.19595,0.15541,0.18919
2636,22,41,85,ر,legal|prayer,0.10588,0.47059,0.16471,0.14118,0.17647,0.24706
2637,22,42,36,د,prophets|polytheism-rejection,0.08333,0.38889,0.38889,0.16667,0.11111,0.38889
2638,22,43,18,ط,prophets,0.22222,0.61111,0.27778,0.05556,0.11111,0.5
2639,22,44,51,ر,punishment|prophets|polytheism-rejection,0.05882,0.43137,0.2549,0.23529,0.11765,0.27451
2640,22,45,61,د,punishment,0.14754,0.42623,0.16393,0.2623,0.2623,0.19672
2641,22,46,97,ر,creation,0.10309,0.4433,0.21649,0.15464,0.14433,0.24742
2642,22,47,60,ن,punishment,0.01667,0.45,0.23333,0.15,0.18333,0.25
2643,22,48,45,ر,punishment,0.11111,0.51111,0.17778,0.22222,0.22222,0.17778
2644,22,49,31,ن,dialogue,0.06452,0.51613,0.19355,0.09677,0.12903,0.12903
2645,22,50,41,م,mercy|paradise,0.12195,0.5122,0.09756,0.21951,0.14634,0.26829
2646,22,51,41,م,hell,0.02439,0.39024,0.21951,0.17073,0.19512,0.17073
2647,22,52,106,م,prophets,0.06604,0.5,0.17925,0.16038,0.14151,0.16981
2648,22,53,74,د,,0.13514,0.5,0.18919,0.17568,0.09459,0.2027
2649,22,54,89,م,,0.07865,0.47191,0.22472,0.1573,0.17978,0.23596
2650,22,55,64,م,punishment|eschatology|polytheism-rejection,0.04688,0.42188,0.1875,0.21875,0.21875,0.21875
2651,22,56,59,م,paradise,0.01695,0.52542,0.13559,0.15254,0.13559,0.23729
2652,22,57,41,ن,punishment|polytheism-rejection,0.02439,0.41463,0.2439,0.17073,0.14634,0.29268
2653,22,58,77,ن,paradise,0.11688,0.49351,0.12987,0.20779,0.12987,0.15584
2654,22,59,35,م,,0.05714,0.62857,0.08571,0.2,0.22857,0.17143
2655,22,60,56,ر,mercy,0.08929,0.46429,0.16071,0.23214,0.21429,0.26786
2656,22,61,60,ر,,0.06667,0.58333,0.11667,0.15,0.11667,0.15
2657,22,62,60,ر,,0.05,0.5,0.2,0.13333,0.2,0.2
2658,22,63,55,ر,creation|nature-imagery,0.14545,0.43636,0.21818,0.23636,0.23636,0.16364
2659,22,64,45,د,creation,0.04444,0.51111,0.08889,0.2,0.15556,0.22222
2660,22,65,101,م,mercy|creation|nature-imagery,0.11881,0.44554,0.22772,0.17822,0.19802,0.17822
2661,22,66,43,ر,,0.02326,0.53488,0.18605,0.18605,0.13953,0.23256
2662,22,67,67,م,prophets|polytheism-rejection,0.04478,0.40299,0.23881,0.14925,0.1791,0.16418
2663,22,68,29,ن,dialogue,0.03448,0.48276,0.27586,0.06897,0.17241,0.27586
2664,22,69,41,ن,eschatology,0.02439,0.5122,0.19512,0.19512,0.12195,0.29268
2665,22,70,60,ر,creation,0.05,0.46667,0.2,0.15,0.18333,0.15
2666,22,71,63,ر,prayer,0.06349,0.61905,0.09524,0.14286,0.09524,0.26984
2667,22,72,136,ر,hell|dialogue|polytheism-rejection,0.07353,0.47059,0.22059,0.13971,0.11765,0.19853
2668,22,73,122,ب,creation|eschatology,0.05738,0.43443,0.18852,0.18033,0.13115,0.22951
2669,22,74,31,ز,,0.19355,0.41935,0.22581,0.19355,0.19355,0.09677
2670,22,75,45,ر,prophets,0.11111,0.51111,0.11111,0.2,0.13333,0.15556
2671,22,76,41,ر,,0.04878,0.53659,0.17073,0.12195,0.21951,0.26829
2672,22,77,63,ن,prayer|dialogue,0.04762,0.44444,0.1746,0.11111,0.14286,0.25397
2673,22,78,199,ر,prophets|legal|prayer,0.05025,0.45729,0.1809,0.16583,0.14573,0.25126
2674,23,1,14,ن,,0.07143,0.5,0.28571,0.14286,0.21429,0.28571
2675,23,2,21,ن,prayer,0.04762,0.42857,0.04762,0.33333,0.19048,0.19048
2676,23,3,21,ن,,0.09524,0.61905,0.0,0.19048,0.19048,0.2381
2677,23,4,20,ن,,0.0,0.5,0.05,0.25,0.15,0.2
2678,23,5,21,ن,,0.09524,0.52381,0.04762,0.33333,0.14286,0.33333
2679,23,6,42,ن,,0.02381,0.52381,0.19048,0.14286,0.2381,0.28571
2680,23,7,30,ن,,0.03333,0.36667,0.26667,0.16667,0.2,0.26667
2681,23,8,28,ن,,0.03571,0.5,0.10714,0.17857,0.25,0.25
2682,23,9,25,ن,prayer,0.08,0.48,0.04,0.28,0.16,0.24
2683,23,10,15,ن,legal,0.06667,0.53333,0.2,0.13333,0.2,0.26667
2684,23,11,29,ن,legal,0.06897,0.51724,0.06897,0.27586,0.10345,0.2069
2685,23,12,28,ن,creation,0.10714,0.53571,0.17857,0.14286,0.10714,0.10714
2686,23,13,22,ن,,0.18182,0.45455,0.18182,0.22727,0.13636,0.18182
2687,23,14,104,ن,creation,0.13462,0.33654,0.15385,0.29808,0.24038,0.13462
2688,23,15,18,ن,,0.0,0.5,0.33333,0.11111,0.11111,0.27778
2689,23,16,22,ن,eschatology,0.04545,0.5,0.22727,0.13636,0.13636,0.31818
2690,23,17,41,ن,creation,0.17073,0.39024,0.26829,0.14634,0.14634,0.19512
2691,23,18,56,ن,creation|nature-imagery,0.10714,0.375,0.25,0.17857,0.17857,0.19643
2692,23,19,56,ن,paradise|nature-imagery,0.01786,0.42857,0.25,0.19643,0.19643,0.23214
2693,23,20,40,ن,nature-imagery,0.125,0.45,0.325,0.175,0.15,0.175
2694,23,21,66,ن,,0.06061,0.48485,0.19697,0.16667,0.16667,0.28788
2695,23,22,21,ن,,0.0,0.52381,0.09524,0.14286,0.19048,0.2381
2696,23,23,63,ن,prophets|prayer|dialogue|monotheism,0.11111,0.44444,0.2381,0.14286,0.1746,0.22222
2697,23,24,104,ن,prophets|dialogue|polytheism-rejection,0.05769,0.46154,0.19231,0.17308,0.15385,0.21154
2698,23,25,30,ن,,0.1,0.33333,0.3,0.26667,0.26667,0.2
2699,23,26,19,ن,prophets|dialogue|polytheism-rejection,0.21053,0.47368,0.26316,0.10526,0.0,0.26316
2700,23,27,138,ن,creation,0.07246,0.47826,0.18116,0.18116,0.16667,0.21014
2701,23,28,62,ن,dialogue,0.04839,0.46774,0.17742,0.14516,0.09677,0.19355
2702,23,29,37,ن,dialogue,0.10811,0.59459,0.18919,0.10811,0.08108,0.18919
2703,23,30,25,ن,,0.0,0.52,0.32,0.08,0.12,0.16
2704,23,31,24,ن,,0.125,0.45833,0.25,0.16667,0.25,0.16667
2705,23,32,55,ن,prophets|prayer|dialogue|monotheism,0.07273,0.47273,0.18182,0.2,0.2,0.23636
2706,23,33,111,ن,dialogue|polytheism-rejection,0.08108,0.46847,0.21622,0.16216,0.13514,0.26126
2707,23,34,32,ن,,0.09375,0.4375,0.28125,0.15625,0.1875,0.21875
2708,23,35,42,ن,,0.07143,0.42857,0.33333,0.07143,0.16667,0.28571
2709,23,36,19,ن,,0.0,0.36842,0.21053,0.21053,0.26316,0.15789
2710,23,37,42,ن,eschatology,0.0,0.52381,0.16667,0.11905,0.16667,0.21429
2711,23,38,41,ن,,0.04878,0.46341,0.19512,0.14634,0.19512,0.19512
2712,23,39,19,ن,dialogue|polytheism-rejection,0.21053,0.47368,0.26316,0.10526,0.0,0.26316
2713,23,40,22,ن,dialogue,0.13636,0.54545,0.18182,0.09091,0.09091,0.13636
2714,23,41,48,ن,punishment|creation,0.08333,0.33333,0.1875,0.29167,0.22917,0.20833
2715,23,42,25,ن,,0.12,0.48,0.24,0.16,0.24,0.2
2716,23,43,27,ن,,0.07407,0.40741,0.2963,0.18519,0.22222,0.25926
2717,23,44,85,ن,creation|prophets|polytheism-rejection,0.08235,0.36471,0.24706,0.18824,0.2,0.22353
2718,23,45,39,ن,prophets,0.07692,0.46154,0.17949,0.17949,0.15385,0.23077
2719,23,46,37,ن,,0.08108,0.45946,0.18919,0.10811,0.13514,0.2973
2720,23,47,38,ن,dialogue,0.07895,0.52632,0.18421,0.10526,0.10526,0.28947
2721,23,48,24,ن,punishment|polytheism-rejection,0.0,0.45833,0.16667,0.20833,0.08333,0.33333
2722,23,49,30,ن,prophets,0.03333,0.43333,0.3,0.1,0.13333,0.2
2723,23,50,48,ن,creation|prophets,0.10417,0.52083,0.1875,0.10417,0.20833,0.27083
2724,23,51,52,م,prophets|dialogue,0.05769,0.5,0.15385,0.07692,0.13462,0.21154
2725,23,52,33,ن,,0.06061,0.36364,0.33333,0.21212,0.27273,0.30303
2726,23,53,39,ن,,0.12821,0.41026,0.25641,0.23077,0.17949,0.33333
2727,23,54,19,ن,,0.10526,0.42105,0.10526,0.42105,0.26316,0.26316
2728,23,55,28,ن,,0.0,0.57143,0.21429,0.14286,0.17857,0.35714
2729,23,56,27,ن,,0.11111,0.51852,0.07407,0.18519,0.14815,0.14815
2730,23,57,25,ن,,0.08,0.52,0.12,0.32,0.2,0.28
2731,23,58,23,ن,,0.04348,0.56522,0.21739,0.13043,0.17391,0.30435
2732,23,59,21,ن,polytheism-rejection,0.09524,0.57143,0.14286,0.19048,0.09524,0.28571
2733,23,60,45,ن,,0.06667,0.51111,0.24444,0.11111,0.2,0.28889
2734,23,61,33,ن,,0.09091,0.45455,0.18182,0.18182,0.18182,0.21212
2735,23,62,49,ن,,0.08163,0.44898,0.20408,0.16327,0.10204,0.22449
2736,23,63,47,ن,polytheism-rejection,0.04255,0.53191,0.12766,0.21277,0.21277,0.31915
2737,23,64,36,ن,punishment,0.05556,0.30556,0.25,0.25,0.25,0.19444
2738,23,65,28,ن,,0.10714,0.57143,0.21429,0.03571,0.07143,0.21429
2739,23,66,41,ن,,0.07317,0.34146,0.41463,0.04878,0.12195,0.14634
2740,23,67,21,ن,,0.14286,0.42857,0.28571,0.19048,0.09524,0.2381
2741,23,68,42,ن,,0.04762,0.47619,0.30952,0.07143,0.21429,0.28571
2742,23,69,27,ن,prophets,0.11111,0.62963,0.07407,0.22222,0.18519,0.37037
2743,23,70,42,ن,dialogue,0.11905,0.42857,0.30952,0.19048,0.2381,0.2381
2744,23,71,75,ن,creation,0.09333,0.42667,0.2,0.22667,0.2,0.28
2745,23,72,37,ن,prophets,0.18919,0.43243,0.21622,0.24324,0.21622,0.16216
2746,23,73,24,م,,0.16667,0.41667,0.33333,0.125,0.16667,0.20833
2747,23,74,38,ن,,0.10526,0.52632,0.18421,0.10526,0.15789,0.15789
2748,23,75,45,ن,mercy,0.08889,0.55556,0.08889,0.22222,0.15556,0.33333
2749,23,76,44,ن,,0.09091,0.38636,0.20455,0.18182,0.13636,0.27273
2750,23,77,44,ن,punishment,0.0,0.25,0.22727,0.29545,0.20455,0.22727
2751,23,78,48,ن,,0.08333,0.4375,0.22917,0.16667,0.16667,0.20833
2752,23,79,30,ن,creation|eschatology,0.13333,0.5,0.16667,0.26667,0.2,0.2
2753,23,80,47,ن,,0.04255,0.55319,0.10638,0.17021,0.14894,0.19149
2754,23,81,22,ن,dialogue,0.09091,0.54545,0.18182,0.04545,0.04545,0.27273
2755,23,82,40,ن,dialogue|eschatology,0.075,0.375,0.25,0.075,0.15,0.25
2756,23,83,47,ن,,0.08511,0.40426,0.2766,0.12766,0.21277,0.12766
2757,23,84,29,ن,creation|prophets|dialogue,0.10345,0.58621,0.2069,0.10345,0.13793,0.24138
2758,23,85,22,ن,prayer|dialogue,0.13636,0.54545,0.22727,0.18182,0.09091,0.18182
2759,23,86,33,م,creation|dialogue,0.15152,0.45455,0.15152,0.12121,0.09091,0.24242
2760,23,87,21,ن,dialogue,0.14286,0.52381,0.28571,0.14286,0.09524,0.19048
2761,23,88,48,ن,dialogue,0.0625,0.5625,0.27083,0.08333,0.14583,0.20833
2762,23,89,22,ن,dialogue,0.13636,0.54545,0.18182,0.22727,0.13636,0.18182
2763,23,90,26,ن,,0.03846,0.42308,0.30769,0.15385,0.19231,0.26923
2764,23,91,80,ن,creation,0.05,0.3875,0.1625,0.225,0.2375,0.225
2765,23,92,32,ن,legal|polytheism-rejection,0.03125,0.375,0.125,0.1875,0.1875,0.1875
2766,23,93,20,ن,prophets|dialogue,0.15,0.6,0.25,0.0,0.1,0.25
2767,23,94,26,ن,,0.11538,0.53846,0.15385,0.11538,0.03846,0.23077
2768,23,95,27,ن,,0.11111,0.51852,0.22222,0.03704,0.18519,0.14815
2769,23,96,36,ن,,0.02778,0.38889,0.19444,0.25,0.25,0.19444
2770,23,97,26,ن,dialogue,0.11538,0.42308,0.26923,0.15385,0.11538,0.23077
2771,23,98,17,ن,,0.17647,0.47059,0.29412,0.17647,0.23529,0.29412
2772,23,99,30,ن,dialogue|polytheism-rejection,0.1,0.3,0.33333,0.13333,0.23333,0.16667
2773,23,100,65,ن,dialogue|eschatology,0.07692,0.44615,0.2,0.16923,0.23077,0.21538
2774,23,101,43,ن,,0.04651,0.44186,0.16279,0.25581,0.13953,0.27907
2775,23,102,30,ن,,0.03333,0.5,0.16667,0.26667,0.16667,0.33333
2776,23,103,47,ن,hell,0.02128,0.46809,0.14894,0.29787,0.19149,0.2766
2777,23,104,28,ن,hell,0.03571,0.46429,0.10714,0.28571,0.21429,0.28571
2778,23,105,34,ن,dialogue|polytheism-rejection,0.0,0.38235,0.41176,0.08824,0.11765,0.20588
2779,23,106,37,ن,dialogue,0.13514,0.45946,0.21622,0.08108,0.05405,0.18919
2780,23,107,31,ن,,0.09677,0.41935,0.19355,0.16129,0.19355,0.19355
2781,23,108,22,ن,dialogue,0.04545,0.40909,0.18182,0.18182,0.13636,0.22727
2782,23,109,61,ن,mercy|dialogue,0.13115,0.52459,0.16393,0.13115,0.14754,0.21311
2783,23,110,43,ن,creation|prayer,0.06977,0.4186,0.23256,0.27907,0.16279,0.25581
2784,23,111,36,ن,paradise,0.05556,0.47222,0.19444,0.19444,0.16667,0.30556
2785,23,112,24,ن,creation|dialogue,0.125,0.41667,0.29167,0.16667,0.08333,0.16667
2786,23,113,34,ن,dialogue,0.05882,0.44118,0.17647,0.11765,0.11765,0.26471
2787,23,114,34,ن,dialogue,0.05882,0.52941,0.32353,0.02941,0.11765,0.20588
2788,23,115,40,ن,creation,0.05,0.4,0.3,0.125,0.2,0.225
2789,23,116,42,م,monotheism,0.09524,0.42857,0.16667,0.14286,0.19048,0.11905
2790,23,117,63,ن,polytheism-rejection,0.06349,0.39683,0.1746,0.2381,0.28571,0.19048
2791,23,118,29,ن,mercy|prophets|dialogue,0.2069,0.55172,0.13793,0.17241,0.17241,0.24138
2792,24,1,51,ن,creation|prayer,0.07843,0.43137,0.17647,0.21569,0.15686,0.15686
2793,24,2,122,ن,punishment|legal,0.02459,0.44262,0.20492,0.18852,0.18852,0.22131
2794,24,3,73,ن,creation|legal|polytheism-rejection,0.0411,0.47945,0.13699,0.19178,0.17808,0.12329
2795,24,4,94,ن,legal,0.05319,0.41489,0.24468,0.19149,0.17021,0.24468
2796,24,5,43,م,mercy,0.06977,0.44186,0.18605,0.2093,0.18605,0.23256
2797,24,6,81,ن,legal,0.04938,0.39506,0.22222,0.24691,0.23457,0.18519
2798,24,7,37,ن,punishment,0.0,0.45946,0.16216,0.16216,0.21622,0.10811
2799,24,8,50,ن,punishment|legal,0.04,0.32,0.28,0.18,0.24,0.12
2800,24,9,37,ن,punishment,0.08108,0.40541,0.16216,0.21622,0.21622,0.10811
2801,24,10,38,م,mercy,0.05263,0.52632,0.15789,0.18421,0.18421,0.26316
2802,24,11,102,م,punishment,0.05882,0.43137,0.22549,0.18627,0.16667,0.2549
2803,24,12,59,ن,dialogue,0.05085,0.47458,0.18644,0.18644,0.16949,0.30508
2804,24,13,65,ن,legal,0.01538,0.32308,0.29231,0.18462,0.26154,0.2
2805,24,14,63,م,mercy|punishment,0.07937,0.46032,0.12698,0.25397,0.1746,0.26984
2806,24,15,70,م,dialogue,0.04286,0.45714,0.24286,0.2,0.2,0.28571
2807,24,16,56,م,dialogue,0.03571,0.41071,0.23214,0.19643,0.16071,0.23214
2808,24,17,38,ن,,0.02632,0.47368,0.28947,0.10526,0.21053,0.21053
2809,24,18,31,م,,0.0,0.58065,0.16129,0.09677,0.16129,0.19355
2810,24,19,85,ن,punishment,0.01176,0.50588,0.14118,0.17647,0.2,0.2
2811,24,20,38,م,mercy,0.10526,0.57895,0.10526,0.21053,0.21053,0.26316
2812,24,21,150,م,mercy|dialogue,0.05333,0.46,0.2,0.15333,0.16,0.20667
2813,24,22,121,م,mercy,0.06612,0.52893,0.14876,0.17355,0.15702,0.24793
2814,24,23,68,م,punishment,0.05882,0.48529,0.11765,0.16176,0.16176,0.19118
2815,24,24,47,ن,legal,0.02128,0.53191,0.21277,0.14894,0.21277,0.2766
2816,24,25,49,ن,eschatology,0.04082,0.57143,0.12245,0.18367,0.20408,0.2449
2817,24,26,99,م,mercy|paradise,0.10101,0.53535,0.24242,0.13131,0.10101,0.26263
2818,24,27,85,ن,dialogue,0.03529,0.44706,0.23529,0.15294,0.15294,0.18824
2819,24,28,87,م,dialogue,0.03448,0.41379,0.24138,0.14943,0.18391,0.22989
2820,24,29,70,ن,,0.01429,0.48571,0.22857,0.12857,0.14286,0.25714
2821,24,30,66,ن,,0.12121,0.5,0.16667,0.22727,0.18182,0.25758
2822,24,31,350,ن,mercy,0.06286,0.48857,0.22571,0.14857,0.22286,0.21714
2823,24,32,83,م,,0.04819,0.49398,0.16867,0.14458,0.19277,0.25301
2824,24,33,217,م,mercy|legal,0.05069,0.4424,0.20737,0.18433,0.17972,0.20737
2825,24,34,61,ن,,0.06557,0.55738,0.22951,0.09836,0.09836,0.2459
2826,24,35,203,م,hell|creation|nature-imagery,0.09852,0.45813,0.17734,0.21675,0.14778,0.17734
2827,24,36,55,ل,prayer,0.05455,0.38182,0.18182,0.29091,0.2,0.21818
2828,24,37,87,ر,prayer,0.10345,0.4023,0.22989,0.16092,0.16092,0.18391
2829,24,38,58,ب,paradise,0.06897,0.48276,0.12069,0.27586,0.18966,0.2069
2830,24,39,99,ب,polytheism-rejection,0.05051,0.32323,0.21212,0.26263,0.24242,0.19192
2831,24,40,108,ر,nature-imagery,0.11111,0.44444,0.19444,0.23148,0.17593,0.26852
2832,24,41,83,ن,creation|prayer|nature-imagery,0.09639,0.45783,0.18072,0.19277,0.15663,0.21687
2833,24,42,35,ر,creation,0.11429,0.54286,0.11429,0.14286,0.11429,0.2
2834,24,43,140,ر,creation|nature-imagery,0.09286,0.42857,0.21429,0.21429,0.15,0.20714
2835,24,44,44,ر,,0.11364,0.52273,0.18182,0.13636,0.15909,0.13636
2836,24,45,106,ر,creation,0.06604,0.53774,0.16038,0.15094,0.18868,0.20755
2837,24,46,47,م,,0.10638,0.44681,0.2766,0.12766,0.12766,0.12766
2838,24,47,70,ن,prophets|dialogue,0.07143,0.55714,0.22857,0.08571,0.12857,0.31429
2839,24,48,48,ن,prophets,0.10417,0.5,0.14583,0.20833,0.20833,0.25
2840,24,49,28,ن,,0.03571,0.53571,0.21429,0.14286,0.25,0.14286
2841,24,50,67,ن,prophets,0.08955,0.50746,0.1791,0.19403,0.20896,0.29851
2842,24,51,83,ن,prophets|dialogue,0.04819,0.51807,0.19277,0.12048,0.20482,0.24096
2843,24,52,45,ن,prophets,0.06667,0.48889,0.15556,0.24444,0.22222,0.24444
2844,24,53,76,ن,dialogue,0.10526,0.46053,0.23684,0.15789,0.22368,0.23684
2845,24,54,102,ن,prophets|dialogue,0.05882,0.4902,0.18627,0.10784,0.18627,0.2451
2846,24,55,173,ن,creation|prayer|polytheism-rejection,0.05202,0.49711,0.17919,0.18497,0.13873,0.24855
2847,24,56,48,ن,mercy|prophets|prayer,0.10417,0.47917,0.1875,0.125,0.16667,0.22917
2848,24,57,53,ر,hell|creation|polytheism-rejection,0.11321,0.49057,0.15094,0.18868,0.11321,0.22642
2849,24,58,219,م,prayer|dialogue,0.05479,0.47945,0.17808,0.15982,0.14612,0.19635
2850,24,59,87,م,,0.02299,0.45977,0.21839,0.18391,0.14943,0.1954
2851,24,60,103,م,legal,0.05825,0.47573,0.15534,0.18447,0.17476,0.14563
2852,24,61,315,ن,,0.03492,0.41587,0.31746,0.10476,0.19365,0.25714
2853,24,62,180,م,mercy|prophets,0.03889,0.47222,0.17778,0.21667,0.20556,0.21667
2854,24,63,120,م,punishment|prophets,0.06667,0.44167,0.20833,0.175,0.175,0.2
2855,24,64,86,م,creation,0.04651,0.52326,0.18605,0.11628,0.19767,0.25581
2856,25,1,44,ا,,0.09091,0.5,0.15909,0.11364,0.09091,0.11364
2857,25,2,73,ا,creation,0.10959,0.49315,0.21918,0.17808,0.09589,0.17808
2858,25,3,92,ا,creation|eschatology,0.05435,0.54348,0.1087,0.18478,0.15217,0.25
2859,25,4,66,ا,dialogue|polytheism-rejection,0.12121,0.37879,0.21212,0.19697,0.19697,0.21212
2860,25,5,47,ا,dialogue,0.10638,0.40426,0.25532,0.14894,0.17021,0.17021
2861,25,6,51,ا,mercy|creation|prophets|dialogue,0.11765,0.47059,0.11765,0.21569,0.15686,0.15686
2862,25,7,70,ا,prophets|dialogue,0.07143,0.51429,0.14286,0.15714,0.12857,0.2
2863,25,8,65,ا,paradise|creation|dialogue,0.07692,0.47692,0.26154,0.12308,0.18462,0.16923
2864,25,9,42,ا,,0.14286,0.42857,0.16667,0.21429,0.04762,0.21429
2865,25,10,62,ا,paradise|creation,0.1129,0.40323,0.29032,0.12903,0.14516,0.08065
2866,25,11,39,ا,hell|eschatology|polytheism-rejection,0.02564,0.28205,0.25641,0.17949,0.17949,0.20513
2867,25,12,37,ا,hell,0.08108,0.37838,0.18919,0.21622,0.18919,0.21622
2868,25,13,42,ا,,0.14286,0.42857,0.21429,0.11905,0.11905,0.19048
2869,25,14,38,ا,,0.07895,0.39474,0.18421,0.10526,0.07895,0.26316
2870,25,15,50,ا,paradise|dialogue,0.1,0.44,0.28,0.14,0.16,0.14
2871,25,16,40,ا,,0.025,0.425,0.175,0.15,0.175,0.2
2872,25,17,68,ل,prayer|dialogue,0.05882,0.51471,0.22059,0.14706,0.19118,0.27941
2873,25,18,87,ا,dialogue,0.04598,0.44828,0.25287,0.11494,0.13793,0.24138
2874,25,19,65,ا,punishment|dialogue|polytheism-rejection,0.15385,0.43077,0.24615,0.16923,0.04615,0.30769
2875,25,20,96,ا,creation|prophets,0.125,0.47917,0.23958,0.125,0.125,0.23958
2876,25,21,85,ا,dialogue,0.09412,0.45882,0.22353,0.09412,0.11765,0.17647
2877,25,22,51,ا,dialogue,0.11765,0.62745,0.15686,0.09804,0.09804,0.27451
2878,25,23,38,ا,,0.05263,0.47368,0.15789,0.10526,0.18421,0.28947
2879,25,24,34,ا,paradise,0.14706,0.41176,0.23529,0.23529,0.20588,0.17647
2880,25,25,39,ا,creation|nature-imagery,0.05128,0.46154,0.20513,0.15385,0.10256,0.23077
2881,25,26,44,ا,mercy|polytheism-rejection,0.09091,0.54545,0.11364,0.11364,0.11364,0.18182
2882,25,27,49,ا,prophets|dialogue,0.08163,0.53061,0.12245,0.14286,0.10204,0.16327
2883,25,28,28,ا,,0.0,0.53571,0.14286,0.14286,0.10714,0.10714
2884,25,29,48,ا,prayer,0.08333,0.41667,0.25,0.14583,0.14583,0.0625
2885,25,30,41,ا,prophets|dialogue,0.17073,0.46341,0.19512,0.14634,0.12195,0.19512
2886,25,31,49,ا,creation|prophets,0.08163,0.4898,0.2449,0.08163,0.06122,0.22449
2887,25,32,69,ا,dialogue|polytheism-rejection,0.08696,0.43478,0.24638,0.17391,0.13043,0.14493
2888,25,33,37,ا,,0.05405,0.37838,0.32432,0.16216,0.16216,0.18919
2889,25,34,48,ا,hell|eschatology,0.0625,0.47917,0.1875,0.1875,0.1875,0.1875
2890,25,35,42,ا,prophets,0.07143,0.40476,0.21429,0.14286,0.19048,0.19048
2891,25,36,49,ا,punishment|dialogue|polytheism-rejection,0.08163,0.38776,0.2449,0.14286,0.08163,0.22449
2892,25,37,69,ا,punishment|creation|prophets|polytheism-rejection,0.07246,0.47826,0.17391,0.14493,0.17391,0.2029
2893,25,38,37,ا,punishment,0.13514,0.43243,0.21622,0.16216,0.08108,0.24324
2894,25,39,33,ا,punishment,0.12121,0.42424,0.27273,0.09091,0.06061,0.18182
2895,25,40,69,ا,eschatology|nature-imagery,0.14493,0.52174,0.23188,0.07246,0.10145,0.2029
2896,25,41,44,ا,prophets|dialogue,0.04545,0.36364,0.20455,0.25,0.22727,0.13636
2897,25,42,68,ا,punishment|prayer,0.07353,0.51471,0.14706,0.14706,0.16176,0.16176
2898,25,43,37,ا,,0.02703,0.37838,0.2973,0.21622,0.32432,0.13514
2899,25,44,55,ا,,0.05455,0.43636,0.27273,0.16364,0.27273,0.21818
2900,25,45,57,ا,creation,0.05263,0.4386,0.21053,0.15789,0.14035,0.14035
2901,25,46,22,ا,,0.22727,0.36364,0.22727,0.22727,0.09091,0.13636
2902,25,47,49,ا,creation|eschatology,0.04082,0.5102,0.12245,0.12245,0.08163,0.20408
2903,25,48,55,ا,mercy|creation|nature-imagery,0.10909,0.49091,0.16364,0.18182,0.16364,0.18182
2904,25,49,46,ا,creation,0.06522,0.45652,0.19565,0.17391,0.17391,0.17391
2905,25,50,43,ا,polytheism-rejection,0.13953,0.39535,0.23256,0.2093,0.11628,0.2093
2906,25,51,26,ا,,0.11538,0.5,0.15385,0.19231,0.11538,0.15385
2907,25,52,33,ا,polytheism-rejection,0.09091,0.27273,0.30303,0.18182,0.15152,0.18182
2908,25,53,64,ا,legal,0.09375,0.39062,0.1875,0.23438,0.1875,0.23438
2909,25,54,47,ا,creation|legal,0.14894,0.40426,0.21277,0.19149,0.12766,0.21277
2910,25,55,55,ا,prayer|polytheism-rejection,0.10909,0.50909,0.10909,0.16364,0.14545,0.23636
2911,25,56,24,ا,prophets,0.125,0.5,0.16667,0.125,0.08333,0.20833
2912,25,57,44,ا,dialogue,0.06818,0.40909,0.29545,0.15909,0.25,0.13636
2913,25,58,52,ا,,0.01923,0.36538,0.25,0.21154,0.17308,0.30769
2914,25,59,72,ا,mercy|creation,0.08333,0.40278,0.13889,0.22222,0.15278,0.20833
2915,25,60,61,ا,mercy|prayer|dialogue,0.09836,0.4918,0.18033,0.14754,0.11475,0.22951
2916,25,61,48,ا,hell|creation,0.125,0.41667,0.20833,0.125,0.08333,0.20833
2917,25,62,50,ا,creation|prayer,0.1,0.5,0.18,0.16,0.18,0.14
2918,25,63,61,ا,mercy|creation,0.08197,0.44262,0.13115,0.16393,0.14754,0.19672
2919,25,64,27,ا,prayer,0.07407,0.51852,0.22222,0.11111,0.03704,0.25926
2920,25,65,47,ا,punishment|hell|dialogue,0.10638,0.40426,0.14894,0.17021,0.14894,0.19149
2921,25,66,20,ا,,0.15,0.3,0.3,0.15,0.15,0.2
2922,25,67,47,ا,,0.10638,0.51064,0.19149,0.12766,0.04255,0.2766
2923,25,68,85,ا,punishment|legal,0.05882,0.51765,0.14118,0.15294,0.15294,0.16471
2924,25,69,36,ا,punishment|eschatology,0.05556,0.41667,0.08333,0.25,0.19444,0.22222
2925,25,70,69,ا,mercy,0.04348,0.43478,0.18841,0.17391,0.2029,0.21739
2926,25,71,35,ا,mercy,0.02857,0.4,0.22857,0.14286,0.17143,0.28571
2927,25,72,42,ا,,0.09524,0.54762,0.09524,0.14286,0.07143,0.2619
2928,25,73,45,ا,,0.08889,0.46667,0.13333,0.15556,0.15556,0.22222
2929,25,74,64,ا,dialogue,0.09375,0.53125,0.1875,0.07812,0.10938,0.1875
2930,25,75,44,ا,,0.09091,0.45455,0.18182,0.22727,0.15909,0.27273
2931,25,76,26,ا,,0.11538,0.38462,0.19231,0.23077,0.11538,0.19231
2932,25,77,45,ا,dialogue|polytheism-rejection,0.06667,0.37778,0.33333,0.13333,0.08889,0.33333
2933,26,1,3,م,,0.33333,0.33333,0.33333,0.33333,0.0,0.33333
2934,26,2,19,ن,,0.0,0.36842,0.42105,0.0,0.05263,0.15789
2935,26,3,27,ن,prophets,0.0,0.48148,0.22222,0.11111,0.18519,0.22222
2936,26,4,45,ن,creation,0.06667,0.42222,0.15556,0.24444,0.28889,0.11111
2937,26,5,43,ن,mercy,0.09302,0.53488,0.13953,0.16279,0.18605,0.2093
2938,26,6,38,ن,polytheism-rejection,0.02632,0.28947,0.34211,0.23684,0.18421,0.26316
2939,26,7,39,م,mercy|creation,0.10256,0.51282,0.25641,0.10256,0.12821,0.23077
2940,26,8,29,ن,,0.03448,0.51724,0.24138,0.17241,0.2069,0.2069
2941,26,9,21,م,mercy,0.09524,0.52381,0.14286,0.19048,0.19048,0.19048
2942,26,10,32,ن,prophets|dialogue,0.09375,0.4375,0.25,0.09375,0.09375,0.21875
2943,26,11,16,ن,,0.1875,0.5625,0.25,0.0625,0.125,0.3125
2944,26,12,20,ن,dialogue|polytheism-rejection,0.1,0.4,0.35,0.15,0.2,0.2
2945,26,13,35,ن,prophets,0.22857,0.54286,0.17143,0.17143,0.08571,0.11429
2946,26,14,23,ن,,0.04348,0.47826,0.21739,0.21739,0.21739,0.26087
2947,26,15,33,ن,dialogue,0.0303,0.33333,0.27273,0.12121,0.15152,0.24242
2948,26,16,32,ن,prophets|dialogue,0.125,0.5,0.15625,0.125,0.125,0.25
2949,26,17,20,ل,,0.1,0.5,0.25,0.1,0.25,0.1
2950,26,18,38,ن,dialogue,0.07895,0.55263,0.21053,0.10526,0.05263,0.23684
2951,26,19,32,ن,,0.03125,0.4375,0.25,0.125,0.125,0.21875
2952,26,20,25,ن,prophets|dialogue,0.08,0.4,0.16,0.16,0.16,0.12
2953,26,21,46,ن,prophets,0.08696,0.56522,0.17391,0.17391,0.08696,0.32609
2954,26,22,32,ل,,0.03125,0.4375,0.3125,0.09375,0.25,0.15625
2955,26,23,21,ن,dialogue,0.14286,0.57143,0.09524,0.04762,0.09524,0.28571
2956,26,24,40,ن,creation|prophets|dialogue,0.125,0.525,0.225,0.075,0.075,0.275
2957,26,25,20,ن,dialogue,0.05,0.5,0.2,0.15,0.2,0.2
2958,26,26,23,ن,prophets|dialogue,0.13043,0.47826,0.3913,0.0,0.13043,0.30435
2959,26,27,30,ن,prophets|dialogue,0.1,0.6,0.23333,0.1,0.1,0.16667
2960,26,28,39,ن,prophets|dialogue,0.15385,0.51282,0.25641,0.07692,0.10256,0.28205
2961,26,29,37,ن,dialogue,0.05405,0.48649,0.24324,0.13514,0.18919,0.08108
2962,26,30,19,ن,prophets|dialogue,0.05263,0.42105,0.47368,0.05263,0.15789,0.26316
2963,26,31,23,ن,dialogue,0.13043,0.34783,0.3913,0.13043,0.13043,0.13043
2964,26,32,24,ن,prophets,0.08333,0.25,0.20833,0.29167,0.25,0.20833
2965,26,33,26,ن,,0.11538,0.42308,0.15385,0.26923,0.19231,0.11538
2966,26,34,26,م,dialogue,0.07692,0.5,0.11538,0.23077,0.26923,0.11538
2967,26,35,35,ن,,0.17143,0.48571,0.25714,0.2,0.17143,0.22857
2968,26,36,34,ن,dialogue,0.08824,0.35294,0.20588,0.20588,0.23529,0.17647
2969,26,37,16,م,,0.0625,0.4375,0.3125,0.125,0.1875,0.1875
2970,26,38,24,م,,0.08333,0.54167,0.125,0.16667,0.16667,0.33333
2971,26,39,22,ن,dialogue,0.04545,0.59091,0.22727,0.09091,0.13636,0.22727
2972,26,40,32,ن,,0.03125,0.4375,0.15625,0.15625,0.21875,0.125
2973,26,41,51,ن,dialogue,0.07843,0.45098,0.19608,0.13725,0.19608,0.11765
2974,26,42,25,ن,dialogue,0.12,0.56,0.24,0.04,0.12,0.24
2975,26,43,26,ن,prophets|dialogue,0.11538,0.53846,0.23077,0.07692,0.11538,0.30769
2976,26,44,48,ن,dialogue,0.08333,0.4375,0.14583,0.20833,0.22917,0.27083
2977,26,45,31,ن,prophets,0.09677,0.29032,0.22581,0.29032,0.19355,0.25806
2978,26,46,17,ن,prayer,0.11765,0.35294,0.23529,0.29412,0.17647,0.05882
2979,26,47,20,ن,dialogue,0.1,0.5,0.2,0.0,0.1,0.25
2980,26,48,12,ن,prophets,0.16667,0.58333,0.08333,0.16667,0.08333,0.41667
2981,26,49,96,ن,prophets|dialogue,0.08333,0.5,0.29167,0.125,0.17708,0.22917
2982,26,50,27,ن,dialogue,0.18519,0.51852,0.22222,0.03704,0.07407,0.18519
2983,26,51,43,ن,mercy,0.09302,0.51163,0.2093,0.06977,0.18605,0.13953
2984,26,52,35,ن,prophets,0.02857,0.42857,0.31429,0.08571,0.22857,0.28571
2985,26,53,25,ن,,0.12,0.48,0.12,0.24,0.16,0.2
2986,26,54,19,ن,dialogue,0.10526,0.52632,0.21053,0.21053,0.26316,0.10526
2987,26,55,15,ن,,0.06667,0.53333,0.13333,0.2,0.26667,0.2
2988,26,56,15,ن,,0.06667,0.53333,0.13333,0.13333,0.2,0.2
2989,26,57,20,ن,paradise,0.05,0.5,0.2,0.15,0.2,0.25
2990,26,58,14,م,,0.14286,0.64286,0.21429,0.07143,0.0,0.42857
2991,26,59,23,ل,legal,0.08696,0.43478,0.26087,0.17391,0.17391,0.13043
2992,26,60,14,ن,,0.14286,0.42857,0.28571,0.21429,0.21429,0.35714
2993,26,61,38,ن,prophets|dialogue,0.10526,0.39474,0.23684,0.10526,0.13158,0.21053
2994,26,62,20,ن,prophets|dialogue,0.1,0.5,0.25,0.1,0.15,0.1
2995,26,63,57,م,prophets|nature-imagery,0.15789,0.35088,0.24561,0.19298,0.12281,0.22807
2996,26,64,16,ن,,0.0625,0.5,0.125,0.25,0.1875,0.1875
2997,26,65,23,ن,prophets,0.0,0.56522,0.17391,0.08696,0.21739,0.30435
2998,26,66,15,ن,,0.2,0.46667,0.2,0.2,0.26667,0.06667
2999,26,67,29,ن,,0.03448,0.51724,0.24138,0.17241,0.2069,0.2069
3000,26,68,21,م,mercy,0.09524,0.52381,0.14286,0.19048,0.19048,0.19048
3001,26,69,19,م,prophets,0.05263,0.47368,0.26316,0.10526,0.26316,0.26316
3002,26,70,23,ن,prayer|dialogue,0.08696,0.3913,0.34783,0.13043,0.21739,0.30435
3003,26,71,28,ن,prayer|dialogue|polytheism-rejection,0.10714,0.35714,0.17857,0.17857,0.14286,0.17857
3004,26,72,20,ن,dialogue,0.05,0.45,0.25,0.15,0.2,0.2
3005,26,73,17,ن,,0.11765,0.64706,0.17647,0.11765,0.17647,0.35294
3006,26,74,28,ن,dialogue,0.03571,0.39286,0.32143,0.07143,0.10714,0.21429
3007,26,75,22,ن,prayer|dialogue,0.09091,0.40909,0.40909,0.04545,0.13636,0.27273
3008,26,76,19,ن,,0.05263,0.42105,0.47368,0.0,0.21053,0.31579
3009,26,77,23,ن,,0.04348,0.52174,0.17391,0.08696,0.21739,0.21739
3010,26,78,17,ن,creation,0.05882,0.52941,0.11765,0.29412,0.17647,0.11765
3011,26,79,19,ن,,0.10526,0.63158,0.10526,0.15789,0.10526,0.21053
3012,26,80,16,ن,,0.125,0.4375,0.125,0.375,0.125,0.3125
3013,26,81,18,ن,,0.0,0.72222,0.05556,0.16667,0.05556,0.16667
3014,26,82,31,ن,mercy|eschatology,0.09677,0.54839,0.22581,0.12903,0.19355,0.16129
3015,26,83,26,ن,dialogue,0.11538,0.46154,0.23077,0.19231,0.19231,0.19231
3016,26,84,23,ن,,0.13043,0.47826,0.17391,0.17391,0.13043,0.08696
3017,26,85,22,م,paradise|legal,0.04545,0.59091,0.09091,0.13636,0.18182,0.18182
3018,26,86,24,ن,mercy,0.08333,0.5,0.16667,0.16667,0.16667,0.16667
3019,26,87,17,ن,eschatology,0.0,0.58824,0.11765,0.17647,0.11765,0.29412
3020,26,88,19,ن,,0.0,0.68421,0.05263,0.05263,0.05263,0.36842
3021,26,89,20,م,,0.05,0.45,0.3,0.1,0.15,0.2
3022,26,90,18,ن,paradise,0.05556,0.5,0.27778,0.16667,0.11111,0.16667
3023,26,91,18,ن,hell,0.05556,0.55556,0.16667,0.16667,0.11111,0.22222
3024,26,92,22,ن,prayer|dialogue,0.04545,0.54545,0.31818,0.04545,0.13636,0.27273
3025,26,93,28,ن,,0.14286,0.67857,0.14286,0.14286,0.10714,0.21429
3026,26,94,21,ن,hell,0.0,0.38095,0.19048,0.2381,0.14286,0.42857
3027,26,95,16,ن,,0.0,0.5,0.375,0.0625,0.1875,0.3125
3028,26,96,19,ن,,0.10526,0.47368,0.10526,0.26316,0.15789,0.31579
3029,26,97,21,ن,,0.04762,0.52381,0.19048,0.14286,0.09524,0.14286
3030,26,98,19,ن,,0.05263,0.52632,0.21053,0.10526,0.10526,0.26316
3031,26,99,19,ن,,0.10526,0.57895,0.15789,0.05263,0.10526,0.26316
3032,26,100,14,ن,,0.0,0.5,0.0,0.21429,0.07143,0.28571
3033,26,101,11,م,,0.18182,0.54545,0.18182,0.18182,0.09091,0.27273
3034,26,102,26,ن,,0.03846,0.65385,0.15385,0.11538,0.11538,0.26923
3035,26,103,29,ن,,0.03448,0.51724,0.24138,0.17241,0.2069,0.2069
3036,26,104,21,م,mercy,0.09524,0.52381,0.14286,0.19048,0.19048,0.19048
3037,26,105,18,ن,prophets|polytheism-rejection,0.11111,0.55556,0.22222,0.16667,0.05556,0.27778
3038,26,106,24,ن,prophets|dialogue,0.08333,0.41667,0.29167,0.20833,0.29167,0.20833
3039,26,107,14,ن,prophets,0.07143,0.71429,0.21429,0.07143,0.14286,0.21429
3040,26,108,17,ن,,0.11765,0.41176,0.23529,0.11765,0.17647,0.23529
3041,26,109,40,ن,,0.075,0.5,0.25,0.05,0.25,0.15
3042,26,110,17,ن,,0.11765,0.41176,0.23529,0.11765,0.17647,0.23529
3043,26,111,26,ن,dialogue,0.07692,0.46154,0.30769,0.03846,0.15385,0.19231
3044,26,112,24,ن,dialogue,0.04167,0.58333,0.125,0.0,0.08333,0.33333
3045,26,113,25,ن,,0.08,0.44,0.2,0.16,0.24,0.2
3046,26,114,19,ن,,0.10526,0.52632,0.26316,0.0,0.10526,0.26316
3047,26,115,16,ن,,0.0625,0.5625,0.25,0.0625,0.1875,0.125
3048,26,116,36,ن,prophets|dialogue,0.05556,0.63889,0.19444,0.05556,0.08333,0.22222
3049,26,117,16,ن,dialogue|polytheism-rejection,0.1875,0.5,0.375,0.0625,0.0625,0.3125
3050,26,118,40,ن,eschatology,0.0,0.6,0.15,0.15,0.125,0.35
3051,26,119,28,ن,,0.0,0.5,0.10714,0.25,0.17857,0.28571
3052,26,120,18,ن,,0.16667,0.33333,0.33333,0.11111,0.16667,0.16667
3053,26,121,29,ن,,0.03448,0.51724,0.24138,0.17241,0.2069,0.2069
3054,26,122,21,م,mercy,0.09524,0.52381,0.14286,0.19048,0.19048,0.19048
3055,26,123,15,ن,prophets|polytheism-rejection,0.06667,0.4,0.26667,0.13333,0.06667,0.13333
3056,26,124,24,ن,dialogue,0.08333,0.375,0.33333,0.20833,0.29167,0.20833
3057,26,125,14,ن,prophets,0.07143,0.71429,0.21429,0.07143,0.14286,0.21429
3058,26,126,17,ن,,0.11765,0.41176,0.23529,0.11765,0.17647,0.23529
3059,26,127,40,ن,,0.075,0.5,0.25,0.05,0.25,0.15
3060,26,128,21,ن,,0.04762,0.42857,0.38095,0.09524,0.2381,0.2381
3061,26,129,23,ن,,0.04348,0.47826,0.21739,0.17391,0.17391,0.21739
3062,26,130,20,ن,,0.15,0.3,0.45,0.15,0.05,0.3
3063,26,131,17,ن,,0.11765,0.41176,0.23529,0.11765,0.17647,0.23529
3064,26,132,24,ن,,0.04167,0.45833,0.29167,0.04167,0.08333,0.33333
3065,26,133,16,ن,,0.0,0.5,0.375,0.0,0.1875,0.375
3066,26,134,10,ن,paradise,0.0,0.6,0.2,0.0,0.1,0.3
3067,26,135,23,م,punishment,0.04348,0.43478,0.17391,0.17391,0.26087,0.26087
3068,26,136,36,ن,dialogue,0.08333,0.47222,0.19444,0.08333,0.16667,0.19444
3069,26,137,18,ن,,0.05556,0.44444,0.22222,0.16667,0.27778,0.05556
3070,26,138,13,ن,punishment,0.0,0.53846,0.15385,0.15385,0.15385,0.38462
3071,26,139,44,ن,punishment|polytheism-rejection,0.02273,0.43182,0.25,0.25,0.22727,0.25
3072,26,140,21,م,mercy,0.09524,0.52381,0.14286,0.19048,0.19048,0.19048
3073,26,141,16,ن,prophets|polytheism-rejection,0.0625,0.5,0.25,0.1875,0.0,0.25
3074,26,142,25,ن,dialogue,0.12,0.36,0.28,0.24,0.28,0.16
3075,26,143,14,ن,prophets,0.07143,0.71429,0.21429,0.07143,0.14286,0.21429
3076,26,144,17,ن,,0.11765,0.41176,0.23529,0.11765,0.17647,0.23529
3077,26,145,40,ن,,0.075,0.5,0.25,0.05,0.25,0.15
3078,26,146,21,ن,,0.04762,0.47619,0.2381,0.14286,0.19048,0.19048
3079,26,147,11,ن,paradise,0.0,0.54545,0.18182,0.09091,0.09091,0.27273
3080,26,148,18,م,nature-imagery,0.16667,0.5,0.05556,0.27778,0.27778,0.22222
3081,26,149,26,ن,nature-imagery,0.03846,0.5,0.23077,0.11538,0.07692,0.26923
3082,26,150,17,ن,,0.11765,0.41176,0.23529,0.11765,0.17647,0.23529
3083,26,151,20,ن,,0.15,0.55,0.15,0.1,0.1,0.25
3084,26,152,27,ن,,0.11111,0.55556,0.07407,0.25926,0.07407,0.18519
3085,26,153,22,ن,dialogue,0.09091,0.54545,0.18182,0.09091,0.13636,0.18182
3086,26,154,38,ن,,0.07895,0.39474,0.34211,0.13158,0.15789,0.15789
3087,26,155,31,م,dialogue,0.12903,0.48387,0.16129,0.22581,0.16129,0.29032
3088,26,156,31,م,punishment,0.03226,0.3871,0.19355,0.25806,0.19355,0.35484
3089,26,157,20,ن,,0.15,0.35,0.2,0.25,0.2,0.3
3090,26,158,41,ن,punishment,0.02439,0.41463,0.21951,0.2439,0.2439,0.21951
3091,26,159,21,م,mercy,0.09524,0.52381,0.14286,0.19048,0.19048,0.19048
3092,26,160,18,ن,prophets|polytheism-rejection,0.16667,0.55556,0.27778,0.11111,0.0,0.27778
3093,26,161,24,ن,prophets|dialogue,0.125,0.41667,0.33333,0.16667,0.25,0.20833
3094,26,162,14,ن,prophets,0.07143,0.71429,0.21429,0.07143,0.14286,0.21429
3095,26,163,17,ن,,0.11765,0.41176,0.23529,0.11765,0.17647,0.23529
3096,26,164,40,ن,,0.075,0.5,0.25,0.05,0.25,0.15
3097,26,165,23,ن,,0.04348,0.52174,0.21739,0.04348,0.13043,0.13043
3098,26,166,41,ن,creation,0.09756,0.5122,0.31707,0.07317,0.09756,0.34146
3099,26,167,35,ن,prophets|dialogue,0.08571,0.6,0.22857,0.05714,0.08571,0.17143
3100,26,168,21,ن,dialogue,0.09524,0.61905,0.19048,0.0,0.09524,0.14286
3101,26,169,20,ن,,0.05,0.7,0.15,0.05,0.15,0.3
3102,26,170,18,ن,,0.0,0.44444,0.22222,0.22222,0.33333,0.16667
3103,26,171,18,ن,,0.05556,0.38889,0.16667,0.16667,0.16667,0.16667
3104,26,172,14,ن,punishment,0.14286,0.57143,0.14286,0.14286,0.14286,0.14286
3105,26,173,31,ن,nature-imagery,0.22581,0.54839,0.16129,0.12903,0.12903,0.22581
3106,26,174,29,ن,,0.03448,0.51724,0.24138,0.17241,0.2069,0.2069
3107,26,175,21,م,mercy,0.09524,0.52381,0.14286,0.19048,0.19048,0.19048
3108,26,176,22,ن,prophets|polytheism-rejection,0.09091,0.36364,0.27273,0.22727,0.18182,0.13636
3109,26,177,20,ن,dialogue,0.1,0.35,0.35,0.15,0.2,0.15
3110,26,178,14,ن,prophets,0.07143,0.71429,0.21429,0.07143,0.14286,0.21429
3111,26,179,17,ن,,0.11765,0.41176,0.23529,0.11765,0.17647,0.23529
3112,26,180,40,ن,,0.075,0.5,0.25,0.05,0.25,0.15
3113,26,181,29,ن,,0.03448,0.58621,0.13793,0.10345,0.06897,0.27586
3114,26,182,21,م,,0.14286,0.38095,0.2381,0.19048,0.0,0.2381
3115,26,183,42,ن,creation,0.04762,0.38095,0.16667,0.2381,0.14286,0.21429
3116,26,184,29,ن,creation,0.06897,0.48276,0.24138,0.10345,0.10345,0.2069
3117,26,185,22,ن,dialogue,0.09091,0.54545,0.18182,0.09091,0.13636,0.18182
3118,26,186,35,ن,,0.05714,0.51429,0.22857,0.11429,0.08571,0.2
3119,26,187,37,ن,creation,0.10811,0.37838,0.27027,0.16216,0.10811,0.13514
3120,26,188,19,ن,dialogue,0.10526,0.52632,0.26316,0.0,0.15789,0.31579
3121,26,189,41,م,punishment|polytheism-rejection|nature-imagery,0.04878,0.34146,0.17073,0.31707,0.2439,0.29268
3122,26,190,29,ن,,0.03448,0.51724,0.24138,0.17241,0.2069,0.2069
3123,26,191,21,م,mercy,0.09524,0.52381,0.14286,0.19048,0.19048,0.19048
3124,26,192,20,ن,,0.05,0.6,0.15,0.1,0.15,0.15
3125,26,193,16,ن,,0.0625,0.5625,0.125,0.1875,0.1875,0.1875
3126,26,194,22,ن,prophets,0.09091,0.59091,0.22727,0.04545,0.04545,0.18182
3127,26,195,13,ن,,0.07692,0.53846,0.23077,0.07692,0.07692,0.30769
3128,26,196,17,ن,,0.05882,0.58824,0.17647,0.17647,0.17647,0.23529
3129,26,197,35,ل,,0.02857,0.54286,0.22857,0.11429,0.31429,0.17143
3130,26,198,23,ن,,0.04348,0.47826,0.13043,0.13043,0.21739,0.17391
3131,26,199,25,ن,,0.08,0.48,0.2,0.16,0.24,0.28
3132,26,200,24,ن,polytheism-rejection,0.08333,0.5,0.25,0.16667,0.04167,0.20833
3133,26,201,29,م,punishment,0.03448,0.48276,0.17241,0.10345,0.17241,0.2069
3134,26,202,22,ن,,0.04545,0.45455,0.18182,0.27273,0.27273,0.27273
3135,26,203,18,ن,dialogue,0.16667,0.66667,0.05556,0.22222,0.11111,0.27778
3136,26,204,17,ن,punishment,0.0,0.29412,0.29412,0.17647,0.17647,0.23529
3137,26,205,19,ن,,0.05263,0.47368,0.26316,0.15789,0.26316,0.15789
3138,26,206,20,ن,,0.0,0.45,0.2,0.1,0.15,0.3
3139,26,207,23,ن,,0.0,0.47826,0.13043,0.08696,0.21739,0.26087
3140,26,208,27,ن,punishment,0.11111,0.55556,0.14815,0.14815,0.18519,0.18519
3141,26,209,16,ن,,0.125,0.5,0.125,0.125,0.0,0.1875
3142,26,210,18,ن,,0.05556,0.44444,0.22222,0.16667,0.05556,0.16667
3143,26,211,22,ن,,0.04545,0.59091,0.13636,0.13636,0.13636,0.31818
3144,26,212,19,ن,,0.0,0.57895,0.05263,0.15789,0.26316,0.26316
3145,26,213,34,ن,punishment,0.02941,0.41176,0.20588,0.17647,0.23529,0.20588
3146,26,214,19,ن,mercy|prophets,0.21053,0.47368,0.31579,0.10526,0.15789,0.10526
3147,26,215,28,ن,,0.03571,0.46429,0.21429,0.14286,0.14286,0.25
3148,26,216,26,ن,dialogue,0.11538,0.5,0.26923,0.11538,0.19231,0.30769
3149,26,217,20,م,mercy,0.05,0.5,0.1,0.15,0.15,0.15
3150,26,218,15,م,,0.13333,0.53333,0.2,0.13333,0.06667,0.13333
3151,26,219,16,ن,prayer,0.0625,0.375,0.375,0.125,0.0,0.1875
3152,26,220,17,م,,0.0,0.52941,0.05882,0.17647,0.29412,0.17647
3153,26,221,25,ن,,0.04,0.48,0.24,0.12,0.16,0.12
3154,26,222,17,م,,0.0,0.35294,0.29412,0.17647,0.17647,0.11765
3155,26,223,23,ن,,0.08696,0.47826,0.21739,0.17391,0.13043,0.26087
3156,26,224,21,ن,,0.04762,0.42857,0.14286,0.14286,0.2381,0.2381
3157,26,225,22,ن,,0.04545,0.59091,0.22727,0.13636,0.18182,0.27273
3158,26,226,21,ن,,0.04762,0.66667,0.09524,0.09524,0.14286,0.33333
3159,26,227,92,ن,mercy|prayer,0.09783,0.53261,0.1413,0.11957,0.08696,0.23913
3160,27,1,24,ن,,0.125,0.375,0.45833,0.04167,0.08333,0.16667
3161,27,2,16,ن,,0.0625,0.5625,0.1875,0.125,0.125,0.25
3162,27,3,47,ن,prayer,0.08511,0.53191,0.14894,0.19149,0.17021,0.21277
3163,27,4,45,ن,creation,0.02222,0.53333,0.11111,0.2,0.26667,0.22222
3164,27,5,43,ن,punishment,0.04651,0.44186,0.16279,0.25581,0.27907,0.2093
3165,27,6,28,م,prophets,0.10714,0.57143,0.28571,0.03571,0.14286,0.14286
3166,27,7,65,ن,hell|prophets|dialogue,0.09231,0.36923,0.33846,0.18462,0.2,0.2
3167,27,8,56,ن,hell,0.05357,0.51786,0.14286,0.14286,0.14286,0.25
3168,27,9,28,م,prophets,0.0,0.42857,0.10714,0.21429,0.21429,0.10714
3169,27,10,74,ن,prophets|dialogue,0.08108,0.41892,0.21622,0.16216,0.14865,0.2027
3170,27,11,35,م,mercy,0.08571,0.45714,0.2,0.25714,0.2,0.28571
3171,27,12,72,ن,,0.09722,0.40278,0.29167,0.18056,0.18056,0.23611
3172,27,13,36,ن,dialogue,0.11111,0.36111,0.22222,0.22222,0.16667,0.22222
3173,27,14,58,ن,polytheism-rejection,0.08621,0.34483,0.2069,0.24138,0.13793,0.24138
3174,27,15,69,ن,prophets|dialogue,0.05797,0.49275,0.17391,0.11594,0.11594,0.18841
3175,27,16,77,ن,prophets|legal|dialogue|nature-imagery,0.09091,0.51948,0.16883,0.12987,0.1039,0.19481
3176,27,17,43,ن,prophets|eschatology|nature-imagery,0.06977,0.5814,0.11628,0.18605,0.11628,0.23256
3177,27,18,85,ن,prophets|dialogue|nature-imagery,0.03529,0.48235,0.17647,0.12941,0.14118,0.18824
3178,27,19,106,ن,mercy|prophets|dialogue,0.09434,0.40566,0.25472,0.15094,0.19811,0.17925
3179,27,20,44,ن,dialogue|nature-imagery,0.11364,0.40909,0.27273,0.11364,0.13636,0.15909
3180,27,21,45,ن,punishment,0.02222,0.37778,0.31111,0.17778,0.22222,0.17778
3181,27,22,47,ن,dialogue,0.10638,0.31915,0.44681,0.17021,0.19149,0.2766
3182,27,23,42,م,,0.07143,0.47619,0.28571,0.14286,0.21429,0.21429
3183,27,24,77,ن,creation|prayer,0.03896,0.48052,0.16883,0.22078,0.14286,0.23377
3184,27,25,62,ن,creation|prayer,0.04839,0.48387,0.16129,0.16129,0.14516,0.22581
3185,27,26,27,م,monotheism,0.11111,0.44444,0.11111,0.18519,0.25926,0.11111
3186,27,27,28,ن,prophets|dialogue,0.17857,0.39286,0.35714,0.14286,0.07143,0.10714
3187,27,28,47,ن,,0.08511,0.3617,0.21277,0.25532,0.19149,0.23404
3188,27,29,33,م,dialogue,0.09091,0.45455,0.36364,0.0303,0.18182,0.09091
3189,27,30,34,م,mercy|prophets,0.05882,0.58824,0.08824,0.20588,0.20588,0.20588
3190,27,31,23,ن,,0.0,0.6087,0.17391,0.04348,0.17391,0.21739
3191,27,32,50,ن,legal|dialogue,0.1,0.38,0.3,0.14,0.2,0.16
3192,27,33,53,ن,dialogue,0.11321,0.50943,0.24528,0.13208,0.15094,0.24528
3193,27,34,61,ن,dialogue,0.04918,0.36066,0.2459,0.22951,0.2623,0.16393
3194,27,35,39,ن,prophets,0.12821,0.53846,0.15385,0.23077,0.20513,0.23077
3195,27,36,69,ن,prophets|dialogue,0.04348,0.44928,0.28986,0.11594,0.13043,0.26087
3196,27,37,60,ن,,0.08333,0.48333,0.2,0.21667,0.23333,0.23333
3197,27,38,47,ن,prophets|dialogue,0.06383,0.51064,0.2766,0.08511,0.19149,0.14894
3198,27,39,55,ن,dialogue,0.10909,0.50909,0.32727,0.05455,0.16364,0.21818
3199,27,40,136,م,prophets|dialogue,0.13235,0.44853,0.28676,0.16912,0.15441,0.19853
3200,27,41,47,ن,dialogue,0.10638,0.46809,0.23404,0.14894,0.14894,0.10638
3201,27,42,59,ن,prophets|dialogue,0.0678,0.42373,0.27119,0.13559,0.16949,0.18644
3202,27,43,43,ن,prayer|polytheism-rejection,0.06977,0.4186,0.27907,0.11628,0.11628,0.2093
3203,27,44,110,ن,creation|prophets|dialogue,0.14545,0.45455,0.2,0.20909,0.16364,0.16364
3204,27,45,58,ن,prayer|dialogue,0.10345,0.37931,0.2069,0.22414,0.2069,0.18966
3205,27,46,61,ن,mercy|dialogue,0.08197,0.47541,0.21311,0.18033,0.14754,0.19672
3206,27,47,51,ن,dialogue,0.13725,0.45098,0.33333,0.03922,0.09804,0.2549
3207,27,48,42,ن,,0.11905,0.47619,0.14286,0.2619,0.14286,0.19048
3208,27,49,68,ن,legal|dialogue,0.07353,0.47059,0.20588,0.19118,0.17647,0.19118
3209,27,50,31,ن,,0.16129,0.6129,0.12903,0.06452,0.06452,0.32258
3210,27,51,43,ن,punishment,0.13953,0.44186,0.23256,0.16279,0.18605,0.27907
3211,27,52,44,ن,,0.04545,0.52273,0.20455,0.18182,0.15909,0.31818
3212,27,53,28,ن,,0.03571,0.57143,0.21429,0.03571,0.07143,0.21429
3213,27,54,39,ن,prophets|dialogue,0.12821,0.41026,0.30769,0.17949,0.17949,0.25641
3214,27,55,47,ن,,0.04255,0.48936,0.31915,0.10638,0.17021,0.21277
3215,27,56,58,ن,prophets|dialogue,0.13793,0.44828,0.31034,0.10345,0.17241,0.22414
3216,27,57,39,ن,,0.10256,0.41026,0.23077,0.17949,0.25641,0.12821
3217,27,58,31,ن,nature-imagery,0.22581,0.54839,0.16129,0.12903,0.12903,0.22581
3218,27,59,49,ن,prophets|dialogue|polytheism-rejection,0.10204,0.42857,0.16327,0.20408,0.18367,0.14286
3219,27,60,104,ن,paradise|creation|nature-imagery,0.05769,0.39423,0.28846,0.15385,0.20192,0.22115
3220,27,61,89,ن,creation|nature-imagery,0.10112,0.44944,0.17978,0.14607,0.23596,0.13483
3221,27,62,70,ن,creation|legal|prayer,0.1,0.41429,0.24286,0.17143,0.2,0.17143
3222,27,63,82,ن,mercy|polytheism-rejection|nature-imagery,0.09756,0.5,0.17073,0.15854,0.17073,0.18293
3223,27,64,78,ن,creation|dialogue,0.11538,0.44872,0.26923,0.14103,0.19231,0.17949
3224,27,65,57,ن,creation|dialogue|eschatology,0.07018,0.52632,0.12281,0.12281,0.14035,0.21053
3225,27,66,44,ن,,0.04545,0.45455,0.15909,0.22727,0.22727,0.29545
3226,27,67,44,ن,dialogue|polytheism-rejection,0.09091,0.38636,0.29545,0.09091,0.15909,0.18182
3227,27,68,47,ن,,0.08511,0.40426,0.2766,0.12766,0.21277,0.12766
3228,27,69,40,ن,prophets|dialogue,0.2,0.45,0.175,0.175,0.075,0.2
3229,27,70,32,ن,,0.09375,0.5625,0.15625,0.15625,0.09375,0.25
3230,27,71,30,ن,dialogue,0.1,0.46667,0.26667,0.1,0.1,0.2
3231,27,72,32,ن,dialogue,0.09375,0.40625,0.28125,0.15625,0.125,0.15625
3232,27,73,38,ن,,0.10526,0.5,0.18421,0.18421,0.10526,0.18421
3233,27,74,31,ن,,0.09677,0.6129,0.19355,0.06452,0.12903,0.29032
3234,27,75,37,ن,creation,0.05405,0.40541,0.24324,0.16216,0.16216,0.2973
3235,27,76,47,ن,,0.12766,0.42553,0.21277,0.23404,0.21277,0.10638
3236,27,77,21,ن,mercy,0.04762,0.61905,0.14286,0.19048,0.28571,0.2381
3237,27,78,34,م,eschatology,0.08824,0.47059,0.20588,0.20588,0.20588,0.23529
3238,27,79,28,ن,,0.03571,0.42857,0.21429,0.10714,0.17857,0.14286
3239,27,80,45,ن,,0.04444,0.42222,0.22222,0.08889,0.13333,0.22222
3240,27,81,56,ن,,0.01786,0.48214,0.21429,0.125,0.19643,0.25
3241,27,82,70,ن,creation|dialogue,0.08571,0.45714,0.22857,0.11429,0.17143,0.18571
3242,27,83,42,ن,polytheism-rejection,0.02381,0.52381,0.19048,0.19048,0.14286,0.35714
3243,27,84,57,ن,dialogue|eschatology|polytheism-rejection,0.03509,0.33333,0.33333,0.10526,0.17544,0.22807
3244,27,85,33,ن,,0.15152,0.54545,0.15152,0.12121,0.12121,0.33333
3245,27,86,64,ن,creation,0.07812,0.5625,0.17188,0.10938,0.125,0.1875
3246,27,87,66,ن,creation,0.07576,0.5,0.12121,0.22727,0.13636,0.27273
3247,27,88,71,ن,nature-imagery,0.08451,0.38028,0.25352,0.19718,0.1831,0.1831
3248,27,89,40,ن,eschatology,0.025,0.5,0.125,0.275,0.25,0.3
3249,27,90,52,ن,hell|dialogue|eschatology,0.01923,0.44231,0.26923,0.15385,0.15385,0.26923
3250,27,91,63,ن,creation|prophets|prayer|dialogue,0.06349,0.47619,0.26984,0.15873,0.2381,0.20635
3251,27,92,61,ن,dialogue,0.08197,0.5082,0.21311,0.16393,0.14754,0.21311
3252,27,93,51,ن,dialogue,0.07843,0.45098,0.19608,0.17647,0.17647,0.27451
3253,28,1,3,م,,0.33333,0.33333,0.33333,0.33333,0.0,0.33333
3254,28,2,19,ن,,0.0,0.36842,0.42105,0.0,0.05263,0.15789
3255,28,3,38,ن,prophets,0.07895,0.60526,0.21053,0.07895,0.13158,0.34211
3256,28,4,85,ن,creation,0.05882,0.38824,0.18824,0.25882,0.25882,0.18824
3257,28,5,59,ن,legal,0.08475,0.50847,0.13559,0.16949,0.18644,0.18644
3258,28,6,55,ن,,0.09091,0.6,0.09091,0.16364,0.12727,0.30909
3259,28,7,92,ن,prophets,0.05435,0.45652,0.17391,0.20652,0.22826,0.19565
3260,28,8,63,ن,,0.07937,0.46032,0.19048,0.15873,0.19048,0.2381
3261,28,9,67,ن,dialogue,0.10448,0.47761,0.20896,0.13433,0.1791,0.1791
3262,28,10,67,ن,prophets,0.07463,0.40299,0.31343,0.1194,0.16418,0.23881
3263,28,11,37,ن,dialogue,0.16216,0.37838,0.27027,0.24324,0.21622,0.21622
3264,28,12,64,ن,dialogue,0.09375,0.48438,0.1875,0.1875,0.20312,0.21875
3265,28,13,65,ن,,0.07692,0.46154,0.23077,0.15385,0.23077,0.15385
3266,28,14,49,ن,eschatology,0.0,0.42857,0.20408,0.20408,0.16327,0.20408
3267,28,15,148,ن,prophets|dialogue,0.0473,0.40541,0.14189,0.27027,0.20946,0.17568
3268,28,16,46,م,mercy|dialogue,0.15217,0.47826,0.1087,0.32609,0.19565,0.23913
3269,28,17,36,ن,dialogue,0.13889,0.55556,0.22222,0.08333,0.13889,0.22222
3270,28,18,72,ن,prophets|dialogue,0.11111,0.36111,0.22222,0.29167,0.18056,0.19444
3271,28,19,119,ن,prophets|dialogue,0.10084,0.43697,0.31092,0.10924,0.12605,0.17647
3272,28,20,76,ن,prophets|dialogue,0.10526,0.48684,0.25,0.10526,0.13158,0.15789
3273,28,21,42,ن,dialogue,0.16667,0.47619,0.21429,0.14286,0.09524,0.21429
3274,28,22,44,ل,dialogue,0.06818,0.45455,0.27273,0.11364,0.13636,0.15909
3275,28,23,108,ر,dialogue,0.10185,0.46296,0.25926,0.11111,0.12037,0.21296
3276,28,24,50,ر,dialogue,0.14,0.48,0.2,0.18,0.12,0.18
3277,28,25,106,ن,dialogue,0.10377,0.35849,0.28302,0.16981,0.16038,0.14151
3278,28,26,48,ن,dialogue,0.10417,0.35417,0.35417,0.125,0.20833,0.10417
3279,28,27,110,ن,dialogue,0.06364,0.4,0.32727,0.12727,0.21818,0.09091
3280,28,28,59,ل,prophets|legal|dialogue,0.0678,0.52542,0.22034,0.0678,0.10169,0.16949
3281,28,29,109,ن,hell|prophets|dialogue,0.11009,0.44954,0.22936,0.14679,0.15596,0.18349
3282,28,30,82,ن,prophets|nature-imagery,0.06098,0.45122,0.19512,0.12195,0.15854,0.18293
3283,28,31,73,ن,prophets|dialogue,0.08219,0.41096,0.28767,0.12329,0.17808,0.21918
3284,28,32,100,ن,,0.1,0.43,0.26,0.17,0.14,0.23
3285,28,33,33,ن,dialogue,0.12121,0.42424,0.30303,0.18182,0.15152,0.21212
3286,28,34,57,ن,prophets|polytheism-rejection,0.10526,0.4386,0.21053,0.24561,0.24561,0.17544
3287,28,35,75,ن,dialogue,0.05333,0.4,0.28,0.10667,0.12,0.18667
3288,28,36,73,ن,prophets|dialogue,0.0411,0.36986,0.20548,0.16438,0.15068,0.24658
3289,28,37,69,ن,prophets|dialogue,0.07246,0.44928,0.21739,0.13043,0.17391,0.23188
3290,28,38,108,ن,hell|prophets|dialogue,0.08333,0.49074,0.17593,0.12963,0.2037,0.15741
3291,28,39,52,ن,,0.13462,0.48077,0.21154,0.17308,0.17308,0.21154
3292,28,40,51,ن,nature-imagery,0.07843,0.39216,0.15686,0.27451,0.13725,0.23529
3293,28,41,44,ن,hell|creation|eschatology,0.09091,0.56818,0.13636,0.09091,0.18182,0.20455
3294,28,42,48,ن,punishment|eschatology,0.04167,0.5,0.14583,0.1875,0.20833,0.27083
3295,28,43,75,ن,mercy|punishment|prophets,0.09333,0.45333,0.24,0.12,0.14667,0.2
3296,28,44,52,ن,prophets|legal,0.07692,0.44231,0.25,0.11538,0.09615,0.21154
3297,28,45,81,ن,prophets,0.06173,0.51852,0.19753,0.09877,0.12346,0.18519
3298,28,46,77,ن,mercy|prophets,0.11688,0.51948,0.25974,0.1039,0.09091,0.23377
3299,28,47,86,ن,prophets|dialogue,0.0814,0.52326,0.25581,0.10465,0.11628,0.26744
3300,28,48,106,ن,prophets|dialogue|polytheism-rejection,0.09434,0.46226,0.21698,0.11321,0.10377,0.27358
3301,28,49,49,ن,dialogue,0.06122,0.32653,0.36735,0.14286,0.22449,0.20408
3302,28,50,92,ن,,0.04348,0.47826,0.19565,0.15217,0.19565,0.23913
3303,28,51,29,ن,,0.13793,0.58621,0.17241,0.13793,0.10345,0.2069
3304,28,52,34,ن,,0.02941,0.47059,0.26471,0.14706,0.17647,0.23529
3305,28,53,55,ن,dialogue,0.07273,0.47273,0.21818,0.12727,0.18182,0.2
3306,28,54,65,ن,,0.12308,0.50769,0.24615,0.15385,0.16923,0.26154
3307,28,55,74,ن,dialogue,0.04054,0.47297,0.14865,0.10811,0.18919,0.2027
3308,28,56,50,ن,prophets,0.0,0.46,0.3,0.14,0.22,0.2
3309,28,57,97,ن,paradise|dialogue|nature-imagery,0.09278,0.48454,0.23711,0.12371,0.16495,0.19588
3310,28,58,73,ن,punishment|legal,0.08219,0.46575,0.24658,0.15068,0.13699,0.19178
3311,28,59,82,ن,punishment|prophets,0.08537,0.45122,0.19512,0.13415,0.15854,0.19512
3312,28,60,66,ن,,0.04545,0.43939,0.21212,0.13636,0.18182,0.21212
3313,28,61,75,ن,punishment|hell|eschatology,0.05333,0.45333,0.12,0.2,0.2,0.21333
3314,28,62,40,ن,dialogue,0.05,0.575,0.2,0.125,0.1,0.225
3315,28,63,84,ن,prayer|dialogue,0.05952,0.46429,0.21429,0.10714,0.19048,0.15476
3316,28,64,64,ن,punishment|dialogue,0.04688,0.4375,0.23438,0.14062,0.15625,0.28125
3317,28,65,33,ن,prophets|dialogue,0.06061,0.57576,0.18182,0.12121,0.06061,0.30303
3318,28,66,35,ن,,0.0,0.45714,0.2,0.17143,0.22857,0.25714
3319,28,67,42,ن,mercy,0.02381,0.5,0.14286,0.16667,0.16667,0.30952
3320,28,68,58,ن,creation|polytheism-rejection,0.08621,0.44828,0.15517,0.17241,0.17241,0.17241
3321,28,69,28,ن,,0.10714,0.60714,0.17857,0.07143,0.10714,0.32143
3322,28,70,58,ن,monotheism,0.03448,0.48276,0.15517,0.2069,0.2931,0.18966
3323,28,71,78,ن,dialogue|eschatology,0.07692,0.5,0.23077,0.11538,0.20513,0.15385
3324,28,72,87,ن,dialogue|eschatology,0.09195,0.50575,0.22989,0.13793,0.18391,0.16092
3325,28,73,62,ن,mercy|creation,0.06452,0.53226,0.17742,0.17742,0.12903,0.24194
3326,28,74,40,ن,dialogue,0.05,0.575,0.2,0.125,0.1,0.225
3327,28,75,70,ن,legal|dialogue,0.07143,0.45714,0.15714,0.18571,0.17143,0.22857
3328,28,76,109,ن,prophets|dialogue,0.08257,0.44954,0.20183,0.19266,0.20183,0.22936
3329,28,77,105,ن,,0.04762,0.4,0.21905,0.2,0.1619,0.15238
3330,28,78,102,ن,punishment|dialogue,0.07843,0.5098,0.23529,0.11765,0.21569,0.22549
3331,28,79,78,م,dialogue,0.10256,0.5,0.14103,0.19231,0.14103,0.14103
3332,28,80,70,ن,dialogue,0.08571,0.52857,0.12857,0.11429,0.12857,0.21429
3333,28,81,65,ن,creation,0.10769,0.49231,0.13846,0.23077,0.13846,0.24615
3334,28,82,113,ن,paradise|dialogue|polytheism-rejection,0.0708,0.49558,0.19469,0.15929,0.14159,0.20354
3335,28,83,67,ن,creation,0.10448,0.46269,0.1791,0.13433,0.13433,0.1194
3336,28,84,75,ن,eschatology,0.01333,0.44,0.16,0.17333,0.17333,0.18667
3337,28,85,66,ن,prophets|dialogue,0.12121,0.4697,0.24242,0.10606,0.15152,0.18182
3338,28,86,59,ن,mercy|polytheism-rejection,0.11864,0.47458,0.28814,0.10169,0.10169,0.16949
3339,28,87,60,ن,polytheism-rejection,0.05,0.45,0.3,0.08333,0.15,0.13333
3340,28,88,63,ن,punishment|eschatology|monotheism,0.03175,0.39683,0.2381,0.19048,0.33333,0.11111
3341,29,1,3,م,,0.0,0.66667,0.0,0.0,0.0,0.33333
3342,29,2,40,ن,dialogue,0.05,0.5,0.225,0.125,0.15,0.225
3343,29,3,56,ن,,0.07143,0.53571,0.16071,0.14286,0.07143,0.19643
3344,29,4,43,ن,,0.02326,0.46512,0.2093,0.16279,0.16279,0.2093
3345,29,5,45,م,,0.04444,0.51111,0.2,0.11111,0.2,0.15556
3346,29,6,42,ن,,0.0,0.47619,0.14286,0.19048,0.21429,0.14286
3347,29,7,70,ن,,0.02857,0.52857,0.11429,0.17143,0.15714,0.2
3348,29,8,90,ن,polytheism-rejection,0.04444,0.42222,0.27778,0.13333,0.15556,0.23333
3349,29,9,43,ن,paradise,0.04651,0.53488,0.06977,0.18605,0.13953,0.18605
3350,29,10,120,ن,punishment|creation|dialogue,0.05833,0.48333,0.19167,0.14167,0.15,0.20833
3351,29,11,37,ن,,0.02703,0.67568,0.05405,0.08108,0.10811,0.21622
3352,29,12,86,ن,polytheism-rejection,0.04651,0.51163,0.16279,0.15116,0.12791,0.25581
3353,29,13,61,ن,eschatology,0.08197,0.5082,0.16393,0.14754,0.16393,0.22951
3354,29,14,69,ن,punishment|prophets,0.07246,0.43478,0.14493,0.27536,0.2029,0.27536
3355,29,15,40,ن,creation,0.025,0.425,0.15,0.225,0.25,0.15
3356,29,16,56,ن,prophets|prayer|dialogue,0.08929,0.46429,0.26786,0.125,0.17857,0.25
3357,29,17,118,ن,paradise|prayer|polytheism-rejection,0.05932,0.45763,0.23729,0.12712,0.15254,0.21186
3358,29,18,52,ن,prophets|polytheism-rejection,0.05769,0.44231,0.28846,0.09615,0.09615,0.30769
3359,29,19,47,ر,creation,0.06383,0.48936,0.19149,0.17021,0.19149,0.12766
3360,29,20,72,ر,creation|prophets|dialogue,0.13889,0.41667,0.20833,0.22222,0.19444,0.09722
3361,29,21,32,ن,mercy|punishment,0.0625,0.53125,0.21875,0.15625,0.1875,0.25
3362,29,22,59,ر,creation,0.0678,0.59322,0.13559,0.11864,0.08475,0.28814
3363,29,23,60,م,mercy|punishment|polytheism-rejection,0.05,0.46667,0.26667,0.13333,0.21667,0.23333
3364,29,24,76,ن,hell|prophets|dialogue,0.09211,0.46053,0.25,0.13158,0.17105,0.22368
3365,29,25,117,ن,punishment|hell|prophets|dialogue|eschatology|polytheism-rejection,0.08547,0.47863,0.18803,0.13675,0.11966,0.2735
3366,29,26,44,م,prophets|dialogue,0.09091,0.47727,0.20455,0.18182,0.22727,0.18182
3367,29,27,87,ن,prophets,0.06897,0.43678,0.2069,0.1954,0.2069,0.1954
3368,29,28,57,ن,prophets|dialogue,0.07018,0.42105,0.26316,0.15789,0.17544,0.24561
3369,29,29,103,ن,punishment|dialogue,0.07767,0.42718,0.32039,0.06796,0.1165,0.19417
3370,29,30,27,ن,dialogue,0.18519,0.51852,0.14815,0.11111,0.03704,0.18519
3371,29,31,70,ن,punishment|prophets|dialogue,0.1,0.41429,0.21429,0.17143,0.2,0.15714
3372,29,32,67,ن,prophets|dialogue,0.07463,0.46269,0.20896,0.14925,0.20896,0.16418
3373,29,33,90,ن,prophets|dialogue,0.08889,0.41111,0.26667,0.13333,0.15556,0.2
3374,29,34,50,ن,punishment|creation,0.08,0.44,0.16,0.2,0.16,0.18
3375,29,35,30,ن,,0.13333,0.53333,0.26667,0.1,0.16667,0.2
3376,29,36,74,ن,creation|prayer|dialogue,0.08108,0.43243,0.17568,0.14865,0.14865,0.24324
3377,29,37,39,ن,punishment|polytheism-rejection,0.07692,0.28205,0.23077,0.38462,0.20513,0.30769
3378,29,38,77,ن,punishment|creation,0.06494,0.48052,0.19481,0.16883,0.1039,0.27273
3379,29,39,69,ن,punishment|prophets,0.11594,0.43478,0.21739,0.13043,0.07246,0.30435
3380,29,40,124,ن,punishment|creation,0.07258,0.48387,0.12903,0.26613,0.20161,0.25806
3381,29,41,88,ن,nature-imagery,0.0,0.47727,0.25,0.10227,0.125,0.22727
3382,29,42,43,م,,0.0,0.55814,0.11628,0.16279,0.2093,0.2093
3383,29,43,42,ن,,0.07143,0.47619,0.14286,0.11905,0.14286,0.16667
3384,29,44,45,ن,creation,0.08889,0.48889,0.2,0.17778,0.17778,0.15556
3385,29,45,89,ن,prophets|legal|prayer,0.07865,0.44944,0.20225,0.14607,0.17978,0.16854
3386,29,46,112,ن,dialogue,0.01786,0.5,0.21429,0.14286,0.17857,0.20536
3387,29,47,89,ن,polytheism-rejection,0.01124,0.4382,0.29213,0.11236,0.1573,0.20225
3388,29,48,52,ن,,0.07692,0.44231,0.34615,0.07692,0.07692,0.26923
3389,29,49,59,ن,polytheism-rejection,0.05085,0.45763,0.23729,0.10169,0.11864,0.22034
3390,29,50,62,ن,dialogue,0.06452,0.51613,0.20968,0.08065,0.17742,0.16129
3391,29,51,64,ن,mercy,0.04688,0.51562,0.21875,0.14062,0.17188,0.20312
3392,29,52,91,ن,creation|legal|dialogue|polytheism-rejection,0.06593,0.47253,0.1978,0.14286,0.10989,0.26374
3393,29,53,65,ن,punishment,0.01538,0.44615,0.21538,0.15385,0.18462,0.24615
3394,29,54,38,ن,punishment|hell|polytheism-rejection,0.05263,0.42105,0.26316,0.15789,0.15789,0.21053
3395,29,55,56,ن,punishment|dialogue,0.07143,0.51786,0.19643,0.16071,0.14286,0.33929
3396,29,56,40,ن,creation|prayer,0.05,0.4,0.2,0.15,0.2,0.2
3397,29,57,28,ن,,0.07143,0.42857,0.25,0.17857,0.14286,0.17857
3398,29,58,86,ن,paradise,0.05814,0.48837,0.15116,0.15116,0.18605,0.17442
3399,29,59,25,ن,,0.12,0.56,0.16,0.12,0.08,0.28
3400,29,60,53,م,paradise|creation,0.07547,0.4717,0.16981,0.16981,0.18868,0.18868
3401,29,61,64,ن,creation|dialogue,0.10938,0.51562,0.17188,0.1875,0.14062,0.21875
3402,29,62,50,م,paradise,0.1,0.46,0.24,0.16,0.18,0.14
3403,29,63,84,ن,creation|dialogue|nature-imagery,0.07143,0.4881,0.21429,0.16667,0.20238,0.20238
3404,29,64,65,ن,,0.03077,0.50769,0.10769,0.15385,0.21538,0.16923
3405,29,65,64,ن,polytheism-rejection,0.0625,0.4375,0.17188,0.20312,0.14062,0.20312
3406,29,66,36,ن,polytheism-rejection,0.02778,0.52778,0.16667,0.13889,0.11111,0.36111
3407,29,67,73,ن,creation|polytheism-rejection,0.06849,0.52055,0.17808,0.13699,0.17808,0.27397
3408,29,68,65,ن,hell|polytheism-rejection,0.06154,0.43077,0.21538,0.18462,0.13846,0.24615
3409,29,69,47,ن,,0.0,0.53191,0.10638,0.19149,0.14894,0.17021
3410,30,1,3,م,,0.0,0.66667,0.0,0.0,0.0,0.33333
3411,30,2,9,م,,0.11111,0.55556,0.22222,0.11111,0.11111,0.33333
3412,30,3,31,ن,,0.06452,0.45161,0.22581,0.22581,0.22581,0.29032
3413,30,4,46,ن,,0.08696,0.58696,0.17391,0.15217,0.15217,0.32609
3414,30,5,33,م,mercy,0.15152,0.54545,0.06061,0.24242,0.15152,0.15152
3415,30,6,42,ن,,0.02381,0.5,0.11905,0.16667,0.19048,0.14286
3416,30,7,44,ن,,0.06818,0.5,0.04545,0.22727,0.25,0.18182
3417,30,8,98,ن,creation|polytheism-rejection,0.09184,0.45918,0.20408,0.16327,0.13265,0.26531
3418,30,9,152,ن,creation|prophets,0.11184,0.48026,0.17105,0.18421,0.14474,0.25658
3419,30,10,60,ن,polytheism-rejection,0.01667,0.31667,0.26667,0.18333,0.18333,0.18333
3420,30,11,32,ن,creation,0.0625,0.4375,0.25,0.1875,0.25,0.125
3421,30,12,26,ن,eschatology,0.07692,0.57692,0.15385,0.11538,0.07692,0.34615
3422,30,13,43,ن,polytheism-rejection,0.06977,0.44186,0.2093,0.18605,0.16279,0.25581
3423,30,14,26,ن,eschatology,0.11538,0.53846,0.19231,0.15385,0.11538,0.34615
3424,30,15,43,ن,paradise,0.09302,0.48837,0.09302,0.23256,0.16279,0.30233
3425,30,16,58,ن,punishment|polytheism-rejection,0.08621,0.39655,0.24138,0.17241,0.17241,0.25862
3426,30,17,28,ن,,0.03571,0.46429,0.14286,0.32143,0.17857,0.25
3427,30,18,39,ن,creation,0.10256,0.48718,0.10256,0.23077,0.15385,0.23077
3428,30,19,60,ن,creation,0.08333,0.53333,0.2,0.15,0.15,0.18333
3429,30,20,40,ن,creation,0.1,0.45,0.325,0.15,0.15,0.225
3430,30,21,83,ن,mercy|creation,0.04819,0.48193,0.27711,0.15663,0.16867,0.24096
3431,30,22,67,ن,creation,0.04478,0.47761,0.22388,0.13433,0.14925,0.19403
3432,30,23,64,ن,,0.04688,0.51562,0.20312,0.14062,0.14062,0.26562
3433,30,24,85,ن,creation|nature-imagery,0.09412,0.48235,0.22353,0.14118,0.16471,0.24706
3434,30,25,65,ن,creation,0.10769,0.4,0.29231,0.15385,0.23077,0.21538
3435,30,26,31,ن,creation,0.09677,0.51613,0.16129,0.16129,0.09677,0.22581
3436,30,27,79,م,creation,0.03797,0.46835,0.12658,0.21519,0.21519,0.20253
3437,30,28,113,ن,,0.0708,0.46018,0.24779,0.19469,0.11504,0.27434
3438,30,29,60,ن,,0.08333,0.53333,0.13333,0.18333,0.18333,0.25
3439,30,30,92,ن,creation,0.08696,0.47826,0.20652,0.15217,0.1087,0.11957
3440,30,31,48,ن,mercy|prayer|polytheism-rejection,0.08333,0.5625,0.1875,0.10417,0.10417,0.25
3441,30,32,45,ن,,0.06667,0.48889,0.15556,0.2,0.11111,0.26667
3442,30,33,71,ن,mercy|polytheism-rejection,0.12676,0.4507,0.1831,0.25352,0.19718,0.25352
3443,30,34,34,ن,polytheism-rejection,0.02941,0.44118,0.20588,0.17647,0.11765,0.38235
3444,30,35,43,ن,polytheism-rejection,0.04651,0.46512,0.2093,0.16279,0.13953,0.23256
3445,30,36,62,ن,mercy,0.1129,0.35484,0.27419,0.24194,0.22581,0.22581
3446,30,37,57,ن,paradise,0.12281,0.5614,0.24561,0.10526,0.12281,0.19298
3447,30,38,72,ن,,0.06944,0.5,0.19444,0.19444,0.13889,0.20833
3448,30,39,87,ن,,0.05747,0.50575,0.2069,0.13793,0.13793,0.28736
3449,30,40,85,ن,creation|polytheism-rejection,0.05882,0.50588,0.17647,0.2,0.12941,0.22353
3450,30,41,67,ن,nature-imagery,0.10448,0.43284,0.1791,0.19403,0.13433,0.20896
3451,30,42,57,ن,prophets|dialogue|polytheism-rejection,0.17544,0.4386,0.21053,0.19298,0.08772,0.17544
3452,30,43,56,ن,,0.08929,0.57143,0.25,0.10714,0.14286,0.23214
3453,30,44,39,ن,polytheism-rejection,0.07692,0.48718,0.10256,0.30769,0.20513,0.30769
3454,30,45,51,ن,polytheism-rejection,0.05882,0.4902,0.11765,0.19608,0.13725,0.17647
3455,30,46,83,ن,mercy|nature-imagery,0.10843,0.51807,0.22892,0.16867,0.13253,0.24096
3456,30,47,87,ن,prophets,0.11494,0.49425,0.22989,0.10345,0.10345,0.21839
3457,30,48,115,ن,creation|nature-imagery,0.07826,0.34783,0.2,0.27826,0.16522,0.18261
3458,30,49,37,ن,,0.05405,0.59459,0.21622,0.10811,0.13514,0.24324
3459,30,50,71,ر,mercy|creation,0.11268,0.4507,0.21127,0.1831,0.1831,0.15493
3460,30,51,41,ن,polytheism-rejection|nature-imagery,0.17073,0.5122,0.14634,0.21951,0.17073,0.2439
3461,30,52,46,ن,,0.04348,0.41304,0.21739,0.1087,0.13043,0.23913
3462,30,53,55,ن,,0.01818,0.47273,0.21818,0.12727,0.2,0.25455
3463,30,54,81,ر,creation,0.11111,0.40741,0.18519,0.22222,0.19753,0.23457
3464,30,55,55,ن,eschatology,0.07273,0.47273,0.18182,0.16364,0.10909,0.27273
3465,30,56,86,ن,dialogue|eschatology,0.02326,0.47674,0.22093,0.10465,0.10465,0.25581
3466,30,57,42,ن,,0.04762,0.5,0.11905,0.21429,0.14286,0.28571
3467,30,58,76,ن,mercy|prophets|dialogue|polytheism-rejection,0.10526,0.51316,0.26316,0.13158,0.13158,0.19737
3468,30,59,32,ن,,0.0625,0.5,0.1875,0.09375,0.125,0.15625
3469,30,60,39,ن,,0.10256,0.46154,0.17949,0.20513,0.12821,0.17949
3470,31,1,3,م,,0.0,0.66667,0.0,0.0,0.0,0.33333
3471,31,2,19,م,,0.0,0.31579,0.42105,0.05263,0.10526,0.10526
3472,31,3,16,ن,mercy,0.0625,0.5625,0.0625,0.3125,0.25,0.1875
3473,31,4,47,ن,prayer,0.08511,0.53191,0.14894,0.19149,0.17021,0.21277
3474,31,5,33,ن,,0.0303,0.48485,0.24242,0.15152,0.27273,0.30303
3475,31,6,72,ن,punishment,0.04167,0.5,0.125,0.23611,0.19444,0.18056
3476,31,7,67,م,punishment,0.0597,0.37313,0.26866,0.1791,0.19403,0.19403
3477,31,8,39,م,paradise,0.02564,0.51282,0.12821,0.10256,0.15385,0.17949
3478,31,9,35,م,,0.02857,0.4,0.11429,0.25714,0.22857,0.14286
3479,31,10,105,م,mercy|creation|nature-imagery,0.07619,0.4381,0.24762,0.1619,0.13333,0.24762
3480,31,11,54,ن,creation,0.09259,0.51852,0.11111,0.22222,0.11111,0.2037
3481,31,12,70,د,dialogue|polytheism-rejection,0.08571,0.5,0.2,0.21429,0.15714,0.18571
3482,31,13,54,م,prophets|dialogue|polytheism-rejection,0.12963,0.46296,0.18519,0.18519,0.14815,0.16667
3483,31,14,76,ر,,0.06579,0.51316,0.13158,0.18421,0.17105,0.19737
3484,31,15,112,ن,mercy|polytheism-rejection,0.04464,0.41071,0.27679,0.125,0.16964,0.26786
3485,31,16,82,ر,creation|dialogue|nature-imagery,0.09756,0.40244,0.2439,0.23171,0.20732,0.18293
3486,31,17,69,ر,legal|prayer,0.13043,0.47826,0.18841,0.11594,0.15942,0.26087
3487,31,18,54,ر,creation,0.11111,0.44444,0.16667,0.22222,0.16667,0.16667
3488,31,19,45,ر,,0.2,0.42222,0.24444,0.22222,0.11111,0.2
3489,31,20,111,ر,creation,0.08108,0.47748,0.16216,0.17117,0.15315,0.23423
3490,31,21,87,ر,punishment|hell|dialogue,0.04598,0.4023,0.22989,0.10345,0.18391,0.18391
3491,31,22,66,ر,,0.07576,0.42424,0.18182,0.21212,0.19697,0.24242
3492,31,23,64,ر,polytheism-rejection,0.07812,0.46875,0.1875,0.1875,0.17188,0.26562
3493,31,24,30,ظ,punishment,0.16667,0.43333,0.16667,0.23333,0.2,0.16667
3494,31,25,65,ن,creation|dialogue,0.09231,0.53846,0.18462,0.15385,0.16923,0.18462
3495,31,26,40,د,creation,0.05,0.5,0.1,0.2,0.175,0.175
3496,31,27,78,م,creation|nature-imagery,0.07692,0.42308,0.23077,0.20513,0.21795,0.21795
3497,31,28,41,ر,creation|eschatology,0.07317,0.39024,0.21951,0.21951,0.19512,0.21951
3498,31,29,97,ر,creation,0.08247,0.57732,0.15464,0.12371,0.12371,0.18557
3499,31,30,58,ر,,0.05172,0.5,0.2069,0.12069,0.18966,0.18966
3500,31,31,68,ر,nature-imagery,0.10294,0.48529,0.27941,0.13235,0.13235,0.16176
3501,31,32,92,ر,polytheism-rejection,0.07609,0.43478,0.21739,0.18478,0.15217,0.20652
3502,31,33,122,ر,,0.05738,0.45902,0.16393,0.15574,0.15574,0.18033
3503,31,34,100,ر,eschatology|nature-imagery,0.06,0.45,0.18,0.19,0.18,0.2
3504,32,1,3,م,,0.0,0.66667,0.0,0.0,0.0,0.33333
3505,32,2,31,ن,,0.06452,0.51613,0.19355,0.09677,0.06452,0.19355
3506,32,3,66,ن,prophets|dialogue,0.12121,0.51515,0.24242,0.13636,0.13636,0.25758
3507,32,4,92,ن,creation,0.05435,0.46739,0.1413,0.18478,0.11957,0.22826
3508,32,5,63,ن,creation,0.11111,0.47619,0.22222,0.14286,0.1746,0.20635
3509,32,6,32,م,mercy|legal,0.03125,0.40625,0.09375,0.25,0.1875,0.125
3510,32,7,36,ن,creation,0.08333,0.41667,0.27778,0.22222,0.22222,0.08333
3511,32,8,25,ن,creation,0.0,0.56,0.08,0.24,0.2,0.2
3512,32,9,60,ن,creation,0.08333,0.45,0.16667,0.23333,0.18333,0.26667
3513,32,10,55,ن,creation|dialogue|polytheism-rejection,0.14545,0.4,0.29091,0.16364,0.16364,0.2
3514,32,11,42,ن,dialogue,0.07143,0.5,0.30952,0.07143,0.04762,0.30952
3515,32,12,75,ن,dialogue,0.13333,0.49333,0.17333,0.13333,0.14667,0.25333
3516,32,13,66,ن,hell,0.0303,0.51515,0.21212,0.13636,0.16667,0.16667
3517,32,14,64,ن,punishment,0.04688,0.4375,0.23438,0.14062,0.09375,0.29688
3518,32,15,66,ن,prayer,0.06061,0.39394,0.25758,0.18182,0.15152,0.25758
3519,32,16,56,ن,,0.10714,0.42857,0.19643,0.16071,0.14286,0.32143
3520,32,17,46,ن,,0.04348,0.45652,0.17391,0.17391,0.19565,0.26087
3521,32,18,31,ن,,0.03226,0.45161,0.22581,0.12903,0.06452,0.25806
3522,32,19,59,ن,paradise,0.01695,0.49153,0.13559,0.10169,0.11864,0.25424
3523,32,20,95,ن,punishment|hell|dialogue|polytheism-rejection,0.07368,0.43158,0.2,0.15789,0.13684,0.24211
3524,32,21,49,ن,mercy|punishment,0.06122,0.46939,0.20408,0.10204,0.16327,0.18367
3525,32,22,51,ن,,0.13725,0.54902,0.21569,0.11765,0.15686,0.27451
3526,32,23,59,ل,creation|prophets,0.0678,0.42373,0.27119,0.13559,0.15254,0.16949
3527,32,24,52,ن,creation,0.07692,0.51923,0.23077,0.07692,0.15385,0.28846
3528,32,25,45,ن,eschatology,0.06667,0.51111,0.15556,0.22222,0.13333,0.31111
3529,32,26,69,ن,punishment,0.04348,0.53623,0.2029,0.17391,0.15942,0.26087
3530,32,27,75,ن,nature-imagery,0.12,0.44,0.21333,0.18667,0.21333,0.21333
3531,32,28,30,ن,dialogue,0.1,0.43333,0.26667,0.16667,0.1,0.2
3532,32,29,44,ن,prophets|dialogue|polytheism-rejection,0.09091,0.56818,0.09091,0.18182,0.11364,0.25
3533,32,30,26,ن,,0.23077,0.5,0.15385,0.23077,0.23077,0.23077
3534,33,1,61,ا,prophets|polytheism-rejection,0.06557,0.45902,0.18033,0.09836,0.13115,0.13115
3535,33,2,43,ا,,0.04651,0.46512,0.25581,0.06977,0.16279,0.25581
3536,33,3,26,ا,,0.0,0.46154,0.19231,0.11538,0.11538,0.23077
3537,33,4,127,ل,creation|legal|dialogue,0.05512,0.45669,0.25984,0.13386,0.17323,0.24409
3538,33,5,126,ا,mercy,0.04762,0.43651,0.25397,0.15079,0.20635,0.27778
3539,33,6,143,ا,mercy|prophets|legal|polytheism-rejection,0.04895,0.45455,0.23077,0.13287,0.18182,0.27273
3540,33,7,80,ا,prophets,0.0625,0.5375,0.125,0.1875,0.15,0.3
3541,33,8,42,ا,punishment|polytheism-rejection,0.11905,0.40476,0.2381,0.14286,0.16667,0.11905
3542,33,9,98,ا,prayer|dialogue|nature-imagery,0.06122,0.46939,0.19388,0.13265,0.16327,0.19388
3543,33,10,76,ا,prayer,0.09211,0.44737,0.25,0.17105,0.11842,0.27632
3544,33,11,36,ا,,0.0,0.47222,0.16667,0.16667,0.05556,0.16667
3545,33,12,58,ا,prophets|prayer|dialogue,0.13793,0.55172,0.12069,0.17241,0.12069,0.27586
3546,33,13,105,ا,prophets|dialogue,0.12381,0.49524,0.20952,0.14286,0.1619,0.24762
3547,33,14,60,ا,,0.06667,0.41667,0.21667,0.18333,0.18333,0.21667
3548,33,15,55,ا,,0.05455,0.45455,0.21818,0.09091,0.14545,0.2
3549,33,16,57,ا,prophets|dialogue,0.12281,0.52632,0.22807,0.07018,0.10526,0.21053
3550,33,17,80,ا,mercy|dialogue,0.0875,0.525,0.2,0.125,0.1375,0.225
3551,33,18,68,ا,,0.05882,0.54412,0.20588,0.07353,0.17647,0.17647
3552,33,19,155,ا,,0.05161,0.40645,0.2129,0.22581,0.24516,0.17419
3553,33,20,102,ا,,0.02941,0.44118,0.2549,0.11765,0.16667,0.2549
3554,33,21,65,ا,prophets|prayer,0.09231,0.52308,0.15385,0.2,0.13846,0.15385
3555,33,22,85,ا,prophets|dialogue,0.07059,0.47059,0.14118,0.16471,0.15294,0.23529
3556,33,23,75,ا,,0.09333,0.50667,0.17333,0.14667,0.13333,0.26667
3557,33,24,72,ا,mercy|punishment,0.09722,0.44444,0.20833,0.18056,0.16667,0.18056
3558,33,25,74,ا,polytheism-rejection,0.08108,0.5,0.12162,0.16216,0.10811,0.17568
3559,33,26,77,ا,,0.16883,0.46753,0.20779,0.20779,0.11688,0.24675
3560,33,27,61,ا,legal,0.14754,0.47541,0.22951,0.14754,0.19672,0.22951
3561,33,28,79,ا,prophets,0.05063,0.41772,0.25316,0.13924,0.16456,0.08861
3562,33,29,64,ا,prophets,0.09375,0.46875,0.21875,0.15625,0.20312,0.125
3563,33,30,69,ا,punishment|prophets,0.04348,0.4058,0.14493,0.21739,0.15942,0.15942
3564,33,31,64,ا,paradise|prophets,0.125,0.48438,0.21875,0.14062,0.17188,0.15625
3565,33,32,81,ا,prophets,0.12346,0.4321,0.23457,0.16049,0.12346,0.18519
3566,33,33,122,ا,prophets|prayer,0.11475,0.46721,0.2541,0.13934,0.15574,0.16393
3567,33,34,56,ا,prayer,0.05357,0.46429,0.21429,0.14286,0.125,0.17857
3568,33,35,223,ا,mercy|prayer,0.11211,0.44395,0.17489,0.1435,0.09417,0.19283
3569,33,36,92,ا,prophets,0.11957,0.54348,0.13043,0.18478,0.17391,0.23913
3570,33,37,196,ا,prophets|legal|prayer|dialogue,0.06633,0.41837,0.20918,0.19388,0.19388,0.18367
3571,33,38,75,ا,prophets,0.12,0.49333,0.14667,0.17333,0.12,0.18667
3572,33,39,61,ا,,0.01639,0.44262,0.13115,0.2459,0.18033,0.16393
3573,33,40,66,ا,prophets,0.0303,0.5,0.22727,0.10606,0.13636,0.21212
3574,33,41,35,ا,prayer|dialogue,0.08571,0.42857,0.14286,0.17143,0.11429,0.08571
3575,33,42,16,ا,,0.125,0.375,0.25,0.3125,0.25,0.3125
3576,33,43,65,ا,mercy|paradise,0.07692,0.56923,0.16923,0.10769,0.12308,0.2
3577,33,44,35,ا,,0.08571,0.51429,0.22857,0.14286,0.2,0.22857
3578,33,45,38,ا,prophets|legal,0.07895,0.42105,0.18421,0.15789,0.13158,0.13158
3579,33,46,29,ا,,0.06897,0.41379,0.17241,0.13793,0.17241,0.13793
3580,33,47,33,ا,,0.09091,0.54545,0.18182,0.15152,0.12121,0.27273
3581,33,48,58,ا,polytheism-rejection,0.05172,0.44828,0.18966,0.12069,0.12069,0.22414
3582,33,49,103,ا,legal|dialogue,0.04854,0.45631,0.20388,0.18447,0.19417,0.2233
3583,33,50,267,ا,mercy|creation|prophets|legal,0.0412,0.45318,0.24345,0.1236,0.17228,0.19101
3584,33,51,137,ا,prophets,0.0438,0.49635,0.23358,0.13139,0.16788,0.18248
3585,33,52,85,ا,prophets|legal,0.02353,0.44706,0.28235,0.10588,0.16471,0.17647
3586,33,53,294,ا,prophets|legal|dialogue,0.04762,0.43878,0.2381,0.15986,0.17007,0.18707
3587,33,54,39,ا,,0.0,0.35897,0.30769,0.17949,0.23077,0.20513
3588,33,55,126,ا,legal,0.00794,0.42063,0.22222,0.15079,0.25397,0.14286
3589,33,56,63,ا,paradise|prophets|dialogue,0.03175,0.52381,0.12698,0.14286,0.15873,0.1746
3590,33,57,63,ا,punishment|prophets,0.03175,0.49206,0.11111,0.20635,0.2381,0.15873
3591,33,58,67,ا,,0.02985,0.46269,0.22388,0.1194,0.10448,0.28358
3592,33,59,99,ا,mercy|prophets,0.0404,0.49495,0.21212,0.13131,0.15152,0.16162
3593,33,60,87,ا,,0.09195,0.57471,0.14943,0.16092,0.09195,0.25287
3594,33,61,34,ا,punishment,0.08824,0.47059,0.23529,0.11765,0.11765,0.23529
3595,33,62,43,ا,,0.02326,0.48837,0.18605,0.2093,0.11628,0.13953
3596,33,63,62,ا,dialogue|eschatology,0.06452,0.41935,0.17742,0.12903,0.19355,0.09677
3597,33,64,29,ا,punishment|hell|polytheism-rejection,0.06897,0.48276,0.13793,0.13793,0.24138,0.10345
3598,33,65,33,ا,,0.06061,0.48485,0.18182,0.12121,0.09091,0.15152
3599,33,66,55,ا,hell|prophets|dialogue,0.10909,0.52727,0.18182,0.09091,0.12727,0.2
3600,33,67,46,ا,dialogue,0.1087,0.36957,0.26087,0.08696,0.1087,0.17391
3601,33,68,37,ا,punishment,0.08108,0.43243,0.16216,0.13514,0.18919,0.21622
3602,33,69,71,ا,prophets|dialogue,0.02817,0.4507,0.16901,0.14085,0.14085,0.19718
3603,33,70,40,ا,dialogue,0.075,0.45,0.2,0.1,0.1,0.175
3604,33,71,59,ا,mercy|prophets,0.10169,0.47458,0.15254,0.23729,0.13559,0.30508
3605,33,72,92,ا,creation|nature-imagery,0.06522,0.43478,0.16304,0.17391,0.19565,0.18478
3606,33,73,93,ا,mercy|punishment|polytheism-rejection,0.06452,0.52688,0.13978,0.11828,0.09677,0.23656
3607,34,1,67,ر,creation,0.0597,0.47761,0.10448,0.23881,0.1791,0.22388
3608,34,2,68,ر,mercy|creation,0.08824,0.55882,0.07353,0.17647,0.14706,0.26471
3609,34,3,123,ن,creation|dialogue|eschatology|polytheism-rejection,0.08943,0.43089,0.21951,0.14634,0.12195,0.19512
3610,34,4,50,م,mercy|paradise,0.1,0.52,0.16,0.18,0.16,0.22
3611,34,5,46,م,punishment,0.02174,0.45652,0.19565,0.15217,0.17391,0.19565
3612,34,6,66,د,,0.09091,0.48485,0.18182,0.15152,0.15152,0.13636
3613,34,7,61,د,creation|dialogue|polytheism-rejection,0.09836,0.45902,0.31148,0.13115,0.09836,0.19672
3614,34,8,66,د,punishment,0.04545,0.39394,0.21212,0.16667,0.18182,0.18182
3615,34,9,105,ب,creation,0.06667,0.45714,0.21905,0.2,0.2,0.2381
3616,34,10,53,د,creation|prophets|dialogue|nature-imagery,0.07547,0.45283,0.26415,0.09434,0.13208,0.20755
3617,34,11,51,ر,,0.11765,0.43137,0.19608,0.13725,0.13725,0.23529
3618,34,12,107,ر,punishment|hell|creation|prophets|nature-imagery,0.1028,0.52336,0.1215,0.20561,0.19626,0.18692
3619,34,13,87,ر,creation|prophets|dialogue,0.08046,0.49425,0.2069,0.09195,0.08046,0.25287
3620,34,14,109,ن,punishment|creation|prophets,0.04587,0.44954,0.20183,0.14679,0.15596,0.22018
3621,34,15,74,ر,mercy|paradise,0.10811,0.47297,0.25676,0.17568,0.12162,0.25676
3622,34,16,75,ل,paradise|nature-imagery,0.09333,0.49333,0.22667,0.17333,0.16,0.2
3623,34,17,35,ر,polytheism-rejection,0.05714,0.42857,0.2,0.2,0.08571,0.22857
3624,34,18,82,ن,dialogue,0.13415,0.4878,0.14634,0.14634,0.10976,0.17073
3625,34,19,87,ر,creation|dialogue,0.10345,0.4023,0.22989,0.2069,0.12644,0.24138
3626,34,20,45,ن,,0.13333,0.44444,0.24444,0.17778,0.17778,0.22222
3627,34,21,70,ظ,,0.05714,0.51429,0.15714,0.18571,0.2,0.22857
3628,34,22,93,ر,creation|prophets|dialogue,0.08602,0.53763,0.09677,0.19355,0.10753,0.25806
3629,34,23,85,ر,dialogue,0.08235,0.37647,0.18824,0.17647,0.18824,0.18824
3630,34,24,62,ن,creation|dialogue,0.1129,0.5,0.20968,0.1129,0.12903,0.20968
3631,34,25,35,ن,dialogue,0.05714,0.51429,0.2,0.05714,0.17143,0.2
3632,34,26,46,م,dialogue,0.06522,0.45652,0.19565,0.15217,0.13043,0.23913
3633,34,27,48,م,dialogue,0.08333,0.4375,0.22917,0.1875,0.1875,0.125
3634,34,28,54,ن,,0.07407,0.5,0.14815,0.14815,0.09259,0.14815
3635,34,29,30,ن,dialogue,0.1,0.46667,0.26667,0.1,0.1,0.2
3636,34,30,41,ن,dialogue|eschatology,0.07317,0.43902,0.2439,0.14634,0.17073,0.19512
3637,34,31,143,ن,creation|dialogue|polytheism-rejection,0.1049,0.5035,0.1958,0.13287,0.1049,0.22378
3638,34,32,69,ن,,0.07246,0.37681,0.28986,0.14493,0.11594,0.15942
3639,34,33,160,ن,punishment|eschatology|polytheism-rejection,0.06875,0.46875,0.18125,0.125,0.13125,0.175
3640,34,34,54,ن,dialogue|polytheism-rejection,0.14815,0.48148,0.2037,0.16667,0.12963,0.24074
3641,34,35,39,ن,punishment|dialogue,0.05128,0.48718,0.20513,0.10256,0.15385,0.28205
3642,34,36,49,ن,paradise|dialogue,0.16327,0.53061,0.2449,0.10204,0.08163,0.14286
3643,34,37,100,ن,paradise,0.05,0.45,0.22,0.13,0.16,0.3
3644,34,38,45,ن,punishment,0.04444,0.46667,0.15556,0.17778,0.15556,0.2
3645,34,39,73,ن,paradise|dialogue,0.15068,0.47945,0.21918,0.20548,0.16438,0.21918
3646,34,40,51,ن,prayer,0.03922,0.4902,0.23529,0.11765,0.21569,0.23529
3647,34,41,58,ن,prayer|dialogue,0.03448,0.5,0.25862,0.10345,0.13793,0.27586
3648,34,42,77,ن,punishment|hell|polytheism-rejection,0.1039,0.46753,0.18182,0.14286,0.06494,0.25974
3649,34,43,130,ن,prayer|dialogue|polytheism-rejection,0.07692,0.38462,0.26154,0.13077,0.16154,0.17692
3650,34,44,47,ر,prophets,0.08511,0.53191,0.23404,0.12766,0.12766,0.23404
3651,34,45,59,ر,prophets|polytheism-rejection,0.0678,0.45763,0.20339,0.18644,0.08475,0.28814
3652,34,46,89,د,punishment|dialogue,0.07865,0.40449,0.2809,0.16854,0.14607,0.24719
3653,34,47,52,د,legal|dialogue,0.05769,0.44231,0.26923,0.15385,0.23077,0.15385
3654,34,48,26,ب,dialogue,0.15385,0.42308,0.26923,0.15385,0.15385,0.23077
3655,34,49,29,د,dialogue,0.10345,0.37931,0.34483,0.03448,0.13793,0.2069
3656,34,50,57,ب,dialogue,0.10526,0.45614,0.26316,0.17544,0.19298,0.19298
3657,34,51,35,ب,punishment,0.08571,0.42857,0.2,0.2,0.11429,0.34286
3658,34,52,36,د,dialogue,0.02778,0.47222,0.22222,0.08333,0.13889,0.27778
3659,34,53,38,د,polytheism-rejection,0.10526,0.44737,0.31579,0.13158,0.07895,0.36842
3660,34,54,57,ب,mercy|polytheism-rejection,0.03509,0.49123,0.21053,0.17544,0.15789,0.31579
3661,35,1,100,ر,creation|prophets,0.09,0.42,0.19,0.18,0.17,0.13
3662,35,2,68,م,mercy,0.02941,0.48529,0.08824,0.26471,0.16176,0.25
3663,35,3,85,ن,creation|prayer|monotheism,0.08235,0.44706,0.17647,0.17647,0.2,0.14118
3664,35,4,43,ر,prophets|polytheism-rejection,0.11628,0.4186,0.37209,0.11628,0.11628,0.23256
3665,35,5,63,ر,,0.07937,0.46032,0.14286,0.1746,0.19048,0.11111
3666,35,6,58,ر,hell,0.05172,0.39655,0.2069,0.18966,0.2069,0.2069
3667,35,7,62,ر,mercy|punishment|polytheism-rejection,0.08065,0.46774,0.16129,0.19355,0.14516,0.24194
3668,35,8,91,ن,creation,0.04396,0.45055,0.14286,0.27473,0.23077,0.18681
3669,35,9,76,ر,creation|eschatology|nature-imagery,0.09211,0.38158,0.21053,0.23684,0.15789,0.15789
3670,35,10,108,ر,punishment,0.07407,0.47222,0.17593,0.16667,0.17593,0.17593
3671,35,11,115,ر,creation,0.08696,0.48696,0.18261,0.14783,0.16522,0.24348
3672,35,12,127,ن,,0.07874,0.41732,0.2126,0.22835,0.15748,0.22835
3673,35,13,115,ر,creation|nature-imagery,0.08696,0.6087,0.14783,0.12174,0.06957,0.2087
3674,35,14,81,ر,eschatology|polytheism-rejection,0.04938,0.46914,0.23457,0.11111,0.12346,0.30864
3675,35,15,47,د,,0.04255,0.44681,0.14894,0.17021,0.21277,0.10638
3676,35,16,23,د,creation,0.04348,0.34783,0.47826,0.17391,0.21739,0.17391
3677,35,17,18,ز,,0.0,0.38889,0.11111,0.22222,0.16667,0.16667
3678,35,18,138,ر,prayer,0.0942,0.44928,0.17391,0.21014,0.15942,0.19565
3679,35,19,21,ر,,0.09524,0.52381,0.14286,0.09524,0.09524,0.28571
3680,35,20,18,ر,,0.11111,0.61111,0.05556,0.05556,0.0,0.22222
3681,35,21,16,ر,,0.1875,0.625,0.0,0.125,0.0625,0.1875
3682,35,22,62,ر,,0.03226,0.5,0.19355,0.1129,0.16129,0.27419
3683,35,23,12,ر,prophets,0.08333,0.5,0.33333,0.08333,0.25,0.0
3684,35,24,48,ر,,0.10417,0.45833,0.1875,0.1875,0.1875,0.14583
3685,35,25,67,ر,prophets|polytheism-rejection,0.07463,0.41791,0.32836,0.13433,0.07463,0.28358
3686,35,26,27,ر,punishment|polytheism-rejection,0.07407,0.40741,0.22222,0.25926,0.07407,0.18519
3687,35,27,94,د,creation|nature-imagery,0.06383,0.42553,0.24468,0.18085,0.18085,0.24468
3688,35,28,78,ر,mercy|creation,0.01282,0.4359,0.15385,0.17949,0.20513,0.20513
3689,35,29,76,ر,prayer,0.11842,0.48684,0.19737,0.13158,0.11842,0.19737
3690,35,30,37,ر,mercy,0.10811,0.54054,0.13514,0.32432,0.21622,0.32432
3691,35,31,65,ر,prophets,0.09231,0.43077,0.26154,0.15385,0.16923,0.18462
3692,35,32,99,ر,legal,0.10101,0.42424,0.19192,0.22222,0.10101,0.24242
3693,35,33,57,ر,paradise,0.05263,0.47368,0.15789,0.22807,0.21053,0.21053
3694,35,34,45,ر,mercy|dialogue,0.08889,0.44444,0.15556,0.22222,0.17778,0.17778
3695,35,35,55,ب,,0.07273,0.45455,0.09091,0.25455,0.12727,0.21818
3696,35,36,72,ر,punishment|hell|eschatology|polytheism-rejection,0.06944,0.47222,0.13889,0.22222,0.125,0.25
3697,35,37,108,ر,punishment|prayer,0.13889,0.52778,0.13889,0.18519,0.12037,0.21296
3698,35,38,44,ر,creation,0.09091,0.43182,0.18182,0.15909,0.18182,0.18182
3699,35,39,100,ا,creation|polytheism-rejection,0.11,0.42,0.18,0.23,0.15,0.2
3700,35,40,132,ا,creation|dialogue,0.09848,0.44697,0.22727,0.14394,0.17424,0.21212
3701,35,41,76,ا,mercy|creation,0.03947,0.42105,0.22368,0.18421,0.21053,0.18421
3702,35,42,83,ا,,0.04819,0.44578,0.22892,0.16867,0.20482,0.21687
3703,35,43,111,ا,,0.07207,0.45946,0.24324,0.16216,0.12613,0.12613
3704,35,44,120,ا,creation,0.1,0.46667,0.175,0.175,0.13333,0.20833
3705,35,45,97,ا,creation,0.06186,0.35052,0.24742,0.19588,0.20619,0.19588
3706,36,1,2,س,,0.0,0.5,0.0,0.5,0.0,0.0
3707,36,2,13,م,,0.15385,0.53846,0.23077,0.07692,0.15385,0.15385
3708,36,3,14,ن,prophets,0.07143,0.71429,0.14286,0.07143,0.07143,0.14286
3709,36,4,13,م,,0.30769,0.38462,0.23077,0.15385,0.07692,0.15385
3710,36,5,17,م,mercy,0.05882,0.52941,0.05882,0.23529,0.11765,0.05882
3711,36,6,30,ن,,0.1,0.43333,0.2,0.23333,0.2,0.3
3712,36,7,30,ن,,0.13333,0.46667,0.23333,0.16667,0.2,0.2
3713,36,8,45,ن,,0.06667,0.37778,0.2,0.2,0.26667,0.17778
3714,36,9,51,ن,,0.03922,0.47059,0.15686,0.2549,0.17647,0.27451
3715,36,10,36,ن,,0.05556,0.55556,0.19444,0.16667,0.25,0.25
3716,36,11,54,م,mercy,0.12963,0.44444,0.22222,0.22222,0.16667,0.25926
3717,36,12,58,ن,,0.05172,0.48276,0.22414,0.15517,0.17241,0.25862
3718,36,13,38,ن,prophets,0.15789,0.39474,0.18421,0.23684,0.18421,0.18421
3719,36,14,57,ن,prophets|dialogue|polytheism-rejection,0.05263,0.42105,0.17544,0.24561,0.14035,0.21053
3720,36,15,55,ن,mercy|dialogue,0.05455,0.49091,0.25455,0.10909,0.14545,0.21818
3721,36,16,28,ن,prophets|dialogue,0.10714,0.60714,0.17857,0.03571,0.10714,0.21429
3722,36,17,23,ن,,0.0,0.52174,0.13043,0.04348,0.13043,0.21739
3723,36,18,55,م,punishment|dialogue,0.07273,0.54545,0.25455,0.05455,0.09091,0.23636
3724,36,19,38,ن,dialogue,0.15789,0.47368,0.34211,0.07895,0.13158,0.31579
3725,36,20,46,ن,prophets|dialogue,0.13043,0.45652,0.21739,0.08696,0.1087,0.17391
3726,36,21,29,ن,,0.03448,0.44828,0.27586,0.10345,0.17241,0.27586
3727,36,22,31,ن,creation|prayer,0.09677,0.51613,0.22581,0.09677,0.16129,0.19355
3728,36,23,58,ن,mercy,0.08621,0.44828,0.2069,0.22414,0.24138,0.13793
3729,36,24,17,ن,,0.05882,0.52941,0.17647,0.17647,0.11765,0.17647
3730,36,25,19,ن,,0.05263,0.47368,0.31579,0.10526,0.15789,0.36842
3731,36,26,30,ن,paradise|dialogue,0.1,0.56667,0.2,0.06667,0.1,0.13333
3732,36,27,27,ن,mercy,0.11111,0.66667,0.14815,0.07407,0.07407,0.2963
3733,36,28,47,ن,creation,0.02128,0.53191,0.17021,0.10638,0.12766,0.25532
3734,36,29,30,ن,,0.03333,0.3,0.23333,0.3,0.3,0.16667
3735,36,30,47,ن,prophets,0.04255,0.40426,0.19149,0.19149,0.21277,0.17021
3736,36,31,45,ن,punishment,0.11111,0.57778,0.22222,0.08889,0.2,0.22222
3737,36,32,23,ن,,0.08696,0.6087,0.17391,0.08696,0.13043,0.21739
3738,36,33,50,ن,creation,0.06,0.46,0.18,0.22,0.28,0.18
3739,36,34,44,ن,paradise|nature-imagery,0.02273,0.5,0.13636,0.13636,0.15909,0.22727
3740,36,35,37,ن,nature-imagery,0.05405,0.54054,0.18919,0.16216,0.18919,0.24324
3741,36,36,56,ن,creation,0.05357,0.46429,0.17857,0.17857,0.14286,0.25
3742,36,37,37,ن,,0.05405,0.56757,0.05405,0.27027,0.21622,0.21622
3743,36,38,39,م,creation,0.12821,0.46154,0.20513,0.17949,0.07692,0.10256
3744,36,39,37,م,creation,0.16216,0.43243,0.24324,0.08108,0.10811,0.13514
3745,36,40,58,ن,creation,0.08621,0.48276,0.18966,0.17241,0.08621,0.17241
3746,36,41,35,ن,,0.02857,0.51429,0.11429,0.25714,0.2,0.22857
3747,36,42,23,ن,creation,0.08696,0.6087,0.13043,0.17391,0.13043,0.30435
3748,36,43,33,ن,,0.15152,0.54545,0.12121,0.27273,0.21212,0.21212
3749,36,44,22,ن,mercy|paradise,0.04545,0.45455,0.13636,0.13636,0.27273,0.18182
3750,36,45,45,ن,mercy|dialogue,0.06667,0.51111,0.24444,0.11111,0.13333,0.28889
3751,36,46,42,ن,,0.07143,0.47619,0.21429,0.11905,0.2381,0.21429
3752,36,47,92,ن,dialogue|polytheism-rejection,0.09783,0.5,0.20652,0.1413,0.16304,0.20652
3753,36,48,30,ن,dialogue,0.1,0.46667,0.26667,0.1,0.1,0.2
3754,36,49,35,ن,punishment,0.11429,0.45714,0.11429,0.34286,0.28571,0.22857
3755,36,50,33,ن,,0.09091,0.48485,0.18182,0.18182,0.21212,0.18182
3756,36,51,39,ن,,0.07692,0.46154,0.15385,0.25641,0.15385,0.25641
3757,36,52,53,ن,mercy|prophets|dialogue,0.13208,0.5283,0.13208,0.11321,0.07547,0.22642
3758,36,53,39,ن,,0.07692,0.38462,0.20513,0.25641,0.25641,0.15385
3759,36,54,42,ن,eschatology,0.02381,0.5,0.19048,0.14286,0.07143,0.2619
3760,36,55,28,ن,paradise,0.03571,0.39286,0.17857,0.28571,0.21429,0.21429
3761,36,56,32,ن,,0.0625,0.40625,0.25,0.15625,0.21875,0.21875
3762,36,57,23,ن,nature-imagery,0.0,0.43478,0.08696,0.30435,0.26087,0.30435
3763,36,58,16,م,mercy,0.1875,0.625,0.125,0.125,0.0625,0.3125
3764,36,59,25,ن,,0.04,0.56,0.12,0.08,0.08,0.32
3765,36,60,50,ن,prayer,0.02,0.44,0.34,0.06,0.22,0.2
3766,36,61,23,م,prayer,0.17391,0.3913,0.26087,0.17391,0.13043,0.21739
3767,36,62,36,ن,creation,0.11111,0.47222,0.33333,0.08333,0.08333,0.25
3768,36,63,21,ن,hell,0.0,0.42857,0.28571,0.19048,0.19048,0.19048
3769,36,64,24,ن,hell|polytheism-rejection,0.08333,0.5,0.20833,0.125,0.04167,0.33333
3770,36,65,57,ن,,0.01754,0.45614,0.24561,0.15789,0.17544,0.2807
3771,36,66,46,ن,,0.15217,0.41304,0.19565,0.17391,0.13043,0.21739
3772,36,67,49,ن,,0.06122,0.44898,0.12245,0.16327,0.14286,0.2449
3773,36,68,30,ن,creation,0.1,0.53333,0.13333,0.2,0.2,0.2
3774,36,69,43,ن,prophets,0.09302,0.53488,0.16279,0.13953,0.2093,0.23256
3775,36,70,33,ن,polytheism-rejection,0.12121,0.54545,0.12121,0.12121,0.09091,0.12121
3776,36,71,50,ن,creation,0.04,0.52,0.16,0.1,0.2,0.24
3777,36,72,33,ن,,0.0303,0.54545,0.12121,0.21212,0.18182,0.30303
3778,36,73,29,ن,,0.06897,0.48276,0.10345,0.24138,0.13793,0.34483
3779,36,74,31,ن,,0.06452,0.54839,0.09677,0.22581,0.22581,0.19355
3780,36,75,30,ن,,0.16667,0.56667,0.13333,0.23333,0.16667,0.23333
3781,36,76,36,ن,,0.05556,0.61111,0.08333,0.13889,0.13889,0.25
3782,36,77,42,ن,creation,0.09524,0.47619,0.16667,0.2381,0.21429,0.21429
3783,36,78,41,م,creation|dialogue,0.14634,0.58537,0.07317,0.19512,0.12195,0.21951
3784,36,79,37,م,creation|dialogue,0.08108,0.48649,0.18919,0.21622,0.27027,0.16216
3785,36,80,44,ن,hell|creation|nature-imagery,0.11364,0.45455,0.22727,0.15909,0.13636,0.15909
3786,36,81,63,م,creation,0.11111,0.46032,0.1746,0.15873,0.15873,0.1746
3787,36,82,34,ن,dialogue,0.08824,0.44118,0.29412,0.14706,0.23529,0.14706
3788,36,83,35,ن,,0.02857,0.42857,0.28571,0.2,0.17143,0.2
3789,37,1,11,ا,,0.18182,0.18182,0.09091,0.36364,0.0,0.27273
3790,37,2,13,ا,nature-imagery,0.15385,0.23077,0.23077,0.23077,0.0,0.07692
3791,37,3,13,ا,,0.07692,0.30769,0.23077,0.15385,0.0,0.07692
3792,37,4,12,د,,0.0,0.41667,0.33333,0.16667,0.33333,0.16667
3793,37,5,35,ق,creation,0.17143,0.48571,0.17143,0.11429,0.05714,0.31429
3794,37,6,31,ب,creation,0.0,0.3871,0.22581,0.12903,0.09677,0.12903
3795,37,7,18,د,,0.16667,0.44444,0.16667,0.22222,0.05556,0.22222
3796,37,8,37,ب,,0.02703,0.51351,0.18919,0.08108,0.13514,0.21622
3797,37,9,17,ب,punishment,0.11765,0.35294,0.17647,0.23529,0.17647,0.35294
3798,37,10,28,ب,hell,0.10714,0.14286,0.32143,0.35714,0.28571,0.25
3799,37,11,46,ب,creation|prophets,0.08696,0.36957,0.26087,0.23913,0.21739,0.19565
3800,37,12,13,ن,,0.07692,0.46154,0.30769,0.15385,0.15385,0.30769
3801,37,13,17,ن,prayer,0.11765,0.47059,0.17647,0.17647,0.05882,0.17647
3802,37,14,19,ن,,0.10526,0.42105,0.21053,0.26316,0.26316,0.15789
3803,37,15,21,ن,dialogue,0.09524,0.42857,0.19048,0.19048,0.19048,0.19048
3804,37,16,35,ن,eschatology,0.05714,0.37143,0.25714,0.08571,0.17143,0.25714
3805,37,17,15,ن,,0.0,0.46667,0.33333,0.0,0.26667,0.26667
3806,37,18,16,ن,dialogue,0.125,0.5625,0.25,0.0625,0.1875,0.25
3807,37,19,28,ن,,0.10714,0.39286,0.14286,0.35714,0.25,0.21429
3808,37,20,24,ن,dialogue|eschatology,0.04167,0.58333,0.08333,0.08333,0.04167,0.20833
3809,37,21,27,ن,eschatology|polytheism-rejection,0.03704,0.40741,0.22222,0.25926,0.07407,0.25926
3810,37,22,38,ن,mercy|prayer,0.05263,0.47368,0.13158,0.15789,0.10526,0.28947
3811,37,23,29,م,hell,0.10345,0.44828,0.17241,0.2069,0.17241,0.2069
3812,37,24,17,ن,,0.05882,0.58824,0.17647,0.23529,0.23529,0.47059
3813,37,25,14,ن,,0.14286,0.57143,0.14286,0.07143,0.0,0.21429
3814,37,26,17,ن,,0.0,0.64706,0.11765,0.17647,0.05882,0.41176
3815,37,27,24,ن,,0.125,0.33333,0.29167,0.16667,0.25,0.25
3816,37,28,28,ن,dialogue,0.03571,0.53571,0.28571,0.0,0.10714,0.17857
3817,37,29,21,ن,dialogue,0.04762,0.61905,0.2381,0.0,0.04762,0.33333
3818,37,30,36,ن,,0.08333,0.52778,0.22222,0.05556,0.05556,0.22222
3819,37,31,25,ن,punishment,0.16,0.44,0.24,0.12,0.16,0.16
3820,37,32,20,ن,,0.0,0.45,0.2,0.15,0.2,0.2
3821,37,33,25,ن,punishment,0.04,0.44,0.2,0.24,0.16,0.32
3822,37,34,20,ن,,0.05,0.5,0.25,0.1,0.1,0.2
3823,37,35,38,ن,dialogue|monotheism,0.05263,0.44737,0.23684,0.15789,0.21053,0.13158
3824,37,36,33,ن,dialogue,0.09091,0.54545,0.24242,0.06061,0.15152,0.18182
3825,37,37,22,ن,prophets,0.18182,0.40909,0.31818,0.13636,0.09091,0.18182
3826,37,38,22,م,punishment|polytheism-rejection,0.04545,0.40909,0.27273,0.09091,0.18182,0.18182
3827,37,39,23,ن,eschatology,0.0,0.52174,0.26087,0.04348,0.08696,0.30435
3828,37,40,19,ن,,0.05263,0.42105,0.15789,0.15789,0.21053,0.10526
3829,37,41,16,م,paradise,0.125,0.5625,0.25,0.125,0.25,0.3125
3830,37,42,14,ن,nature-imagery,0.07143,0.57143,0.14286,0.21429,0.14286,0.5
3831,37,43,12,م,paradise,0.0,0.5,0.16667,0.08333,0.08333,0.16667
3832,37,44,14,ن,,0.21429,0.5,0.21429,0.07143,0.07143,0.14286
3833,37,45,19,ن,,0.05263,0.47368,0.21053,0.15789,0.21053,0.26316
3834,37,46,16,ن,,0.125,0.4375,0.1875,0.25,0.125,0.125
3835,37,47,24,ن,,0.0,0.5,0.0,0.29167,0.20833,0.25
3836,37,48,20,ن,,0.25,0.4,0.2,0.15,0.15,0.15
3837,37,49,13,ن,,0.07692,0.53846,0.30769,0.15385,0.15385,0.23077
3838,37,50,24,ن,,0.125,0.29167,0.29167,0.20833,0.25,0.25
3839,37,51,23,ن,creation|dialogue,0.17391,0.56522,0.26087,0.04348,0.13043,0.08696
3840,37,52,19,ن,dialogue,0.15789,0.57895,0.31579,0.05263,0.10526,0.15789
3841,37,53,34,ن,eschatology,0.05882,0.41176,0.26471,0.05882,0.14706,0.20588
3842,37,54,15,ن,dialogue,0.13333,0.53333,0.26667,0.06667,0.2,0.2
3843,37,55,21,م,hell,0.09524,0.33333,0.19048,0.28571,0.2381,0.2381
3844,37,56,19,ن,dialogue,0.10526,0.42105,0.42105,0.05263,0.10526,0.0
3845,37,57,26,ن,hell,0.11538,0.65385,0.11538,0.11538,0.11538,0.23077
3846,37,58,13,ن,,0.0,0.53846,0.23077,0.15385,0.15385,0.30769
3847,37,59,28,ن,punishment,0.0,0.5,0.21429,0.07143,0.14286,0.28571
3848,37,60,19,م,,0.05263,0.42105,0.05263,0.31579,0.21053,0.21053
3849,37,61,21,ن,creation,0.0,0.57143,0.0,0.19048,0.14286,0.2381
3850,37,62,23,م,paradise|nature-imagery,0.13043,0.43478,0.21739,0.26087,0.17391,0.13043
3851,37,63,22,ن,punishment|creation,0.04545,0.45455,0.13636,0.18182,0.18182,0.09091
3852,37,64,23,م,hell|nature-imagery,0.13043,0.34783,0.26087,0.30435,0.26087,0.08696
3853,37,65,21,ن,nature-imagery,0.14286,0.38095,0.2381,0.19048,0.2381,0.04762
3854,37,66,32,ن,,0.03125,0.53125,0.1875,0.15625,0.1875,0.3125
3855,37,67,23,م,,0.0,0.56522,0.08696,0.21739,0.21739,0.30435
3856,37,68,20,م,hell,0.05,0.5,0.2,0.15,0.25,0.2
3857,37,69,20,ن,,0.05,0.4,0.25,0.2,0.3,0.25
3858,37,70,18,ن,,0.11111,0.44444,0.05556,0.27778,0.33333,0.22222
3859,37,71,22,ن,,0.18182,0.5,0.31818,0.13636,0.13636,0.18182
3860,37,72,20,ن,,0.15,0.6,0.15,0.2,0.1,0.2
3861,37,73,24,ن,,0.16667,0.41667,0.16667,0.20833,0.08333,0.16667
3862,37,74,19,ن,,0.05263,0.42105,0.15789,0.15789,0.21053,0.10526
3863,37,75,26,ن,prophets,0.03846,0.53846,0.19231,0.07692,0.07692,0.26923
3864,37,76,25,م,,0.08,0.52,0.16,0.16,0.2,0.2
3865,37,77,20,ن,creation,0.1,0.45,0.2,0.15,0.15,0.15
3866,37,78,19,ن,,0.10526,0.52632,0.15789,0.15789,0.21053,0.10526
3867,37,79,20,ن,prophets,0.0,0.55,0.0,0.15,0.15,0.2
3868,37,80,19,ن,,0.0,0.47368,0.21053,0.21053,0.10526,0.05263
3869,37,81,19,ن,,0.0,0.52632,0.21053,0.05263,0.21053,0.21053
3870,37,82,15,ن,polytheism-rejection,0.2,0.46667,0.2,0.2,0.26667,0.06667
3871,37,83,18,م,mercy|prophets,0.05556,0.5,0.22222,0.16667,0.27778,0.22222
3872,37,84,16,م,,0.125,0.3125,0.4375,0.1875,0.1875,0.25
3873,37,85,25,ن,prayer|dialogue,0.08,0.36,0.32,0.16,0.2,0.28
3874,37,86,22,ن,,0.04545,0.40909,0.31818,0.18182,0.27273,0.13636
3875,37,87,18,ن,,0.11111,0.5,0.16667,0.11111,0.05556,0.33333
3876,37,88,16,م,creation,0.25,0.5625,0.0625,0.3125,0.0625,0.25
3877,37,89,11,م,dialogue,0.18182,0.45455,0.27273,0.18182,0.09091,0.18182
3878,37,90,15,ن,,0.06667,0.53333,0.2,0.13333,0.13333,0.33333
3879,37,91,26,ن,dialogue,0.07692,0.34615,0.30769,0.19231,0.26923,0.15385
3880,37,92,13,ن,,0.15385,0.53846,0.30769,0.0,0.0,0.23077
3881,37,93,20,ن,,0.15,0.5,0.1,0.2,0.15,0.25
3882,37,94,16,ن,,0.0625,0.4375,0.25,0.25,0.1875,0.3125
3883,37,95,18,ن,prayer|dialogue,0.05556,0.38889,0.38889,0.05556,0.16667,0.22222
3884,37,96,19,ن,creation,0.05263,0.57895,0.15789,0.10526,0.15789,0.31579
3885,37,97,32,م,hell|dialogue,0.0625,0.4375,0.1875,0.15625,0.125,0.25
3886,37,98,29,ن,creation,0.03448,0.34483,0.24138,0.2069,0.17241,0.2069
3887,37,99,23,ن,dialogue,0.08696,0.43478,0.26087,0.17391,0.17391,0.13043
3888,37,100,16,ن,,0.125,0.5625,0.125,0.1875,0.125,0.1875
3889,37,101,16,م,,0.0625,0.4375,0.125,0.3125,0.1875,0.3125
3890,37,102,100,ن,dialogue,0.09,0.41,0.22,0.15,0.15,0.17
3891,37,103,19,ن,,0.0,0.52632,0.21053,0.15789,0.10526,0.26316
3892,37,104,19,م,prophets,0.05263,0.47368,0.21053,0.10526,0.21053,0.15789
3893,37,105,31,ن,,0.12903,0.3871,0.32258,0.16129,0.09677,0.03226
3894,37,106,20,ن,,0.0,0.45,0.2,0.15,0.2,0.2
3895,37,107,15,م,,0.06667,0.33333,0.2,0.33333,0.2,0.33333
3896,37,108,19,ن,,0.10526,0.52632,0.15789,0.15789,0.21053,0.10526
3897,37,109,14,م,prophets,0.07143,0.42857,0.14286,0.14286,0.21429,0.21429
3898,37,110,16,ن,,0.0,0.5,0.1875,0.25,0.0625,0.0625
3899,37,111,19,ن,,0.0,0.52632,0.21053,0.05263,0.21053,0.21053
3900,37,112,27,ن,prophets,0.11111,0.40741,0.18519,0.22222,0.14815,0.18519
3901,37,113,48,ن,,0.08333,0.47917,0.125,0.22917,0.16667,0.25
3902,37,114,21,ن,prophets,0.09524,0.57143,0.09524,0.09524,0.09524,0.28571
3903,37,115,29,م,,0.10345,0.55172,0.13793,0.10345,0.10345,0.31034
3904,37,116,24,ن,,0.08333,0.5,0.08333,0.20833,0.125,0.25
3905,37,117,23,ن,,0.0,0.3913,0.30435,0.08696,0.08696,0.21739
3906,37,118,23,م,,0.17391,0.43478,0.17391,0.17391,0.08696,0.17391
3907,37,119,21,ن,,0.09524,0.52381,0.14286,0.14286,0.19048,0.14286
3908,37,120,17,ن,prophets,0.05882,0.52941,0.0,0.17647,0.11765,0.29412
3909,37,121,19,ن,,0.0,0.47368,0.21053,0.21053,0.10526,0.05263
3910,37,122,21,ن,,0.0,0.52381,0.19048,0.04762,0.19048,0.2381
3911,37,123,19,ن,prophets,0.05263,0.68421,0.10526,0.10526,0.10526,0.15789
3912,37,124,18,ن,dialogue,0.16667,0.38889,0.38889,0.11111,0.16667,0.16667
3913,37,125,28,ن,creation,0.07143,0.42857,0.25,0.14286,0.21429,0.14286
3914,37,126,24,ن,,0.08333,0.5,0.33333,0.04167,0.16667,0.29167
3915,37,127,18,ن,punishment|polytheism-rejection,0.11111,0.44444,0.16667,0.38889,0.22222,0.38889
3916,37,128,19,ن,,0.05263,0.42105,0.15789,0.15789,0.21053,0.10526
3917,37,129,19,ن,,0.10526,0.52632,0.15789,0.15789,0.21053,0.10526
3918,37,130,14,ن,,0.0,0.5,0.07143,0.14286,0.14286,0.07143
3919,37,131,19,ن,,0.0,0.47368,0.21053,0.21053,0.10526,0.05263
3920,37,132,19,ن,,0.0,0.52632,0.21053,0.05263,0.21053,0.21053
3921,37,133,18,ن,prophets,0.11111,0.72222,0.11111,0.05556,0.05556,0.22222
3922,37,134,19,ن,,0.0,0.42105,0.26316,0.21053,0.36842,0.10526
3923,37,135,18,ن,,0.05556,0.38889,0.16667,0.16667,0.16667,0.16667
3924,37,136,14,ن,punishment,0.14286,0.57143,0.14286,0.14286,0.14286,0.14286
3925,37,137,22,ن,,0.09091,0.63636,0.18182,0.13636,0.18182,0.31818
3926,37,138,17,ن,,0.05882,0.52941,0.23529,0.05882,0.11765,0.23529
3927,37,139,18,ن,prophets,0.05556,0.77778,0.05556,0.11111,0.05556,0.22222
3928,37,140,20,ن,,0.05,0.35,0.3,0.2,0.2,0.2
3929,37,141,19,ن,,0.05263,0.42105,0.10526,0.31579,0.10526,0.26316
3930,37,142,19,م,,0.05263,0.52632,0.15789,0.21053,0.15789,0.36842
3931,37,143,21,ن,,0.0,0.52381,0.14286,0.19048,0.14286,0.2381
3932,37,144,22,ن,eschatology,0.04545,0.5,0.22727,0.18182,0.13636,0.31818
3933,37,145,21,م,,0.09524,0.38095,0.19048,0.2381,0.19048,0.28571
3934,37,146,22,ن,,0.13636,0.5,0.27273,0.13636,0.18182,0.13636
3935,37,147,26,ن,,0.03846,0.46154,0.23077,0.19231,0.26923,0.19231
3936,37,148,20,ن,,0.0,0.45,0.15,0.2,0.25,0.3
3937,37,149,29,ن,prophets,0.03448,0.41379,0.27586,0.17241,0.10345,0.31034
3938,37,150,29,ن,creation|legal,0.03448,0.37931,0.2069,0.2069,0.24138,0.17241
3939,37,151,21,ن,dialogue,0.04762,0.57143,0.2381,0.14286,0.2381,0.28571
3940,37,152,19,ن,,0.0,0.52632,0.21053,0.15789,0.15789,0.26316
3941,37,153,20,ن,,0.1,0.35,0.25,0.1,0.1,0.15
3942,37,154,14,ن,eschatology,0.0,0.5,0.28571,0.14286,0.07143,0.35714
3943,37,155,10,ن,,0.1,0.4,0.3,0.2,0.1,0.2
3944,37,156,14,ن,,0.07143,0.57143,0.28571,0.07143,0.07143,0.28571
3945,37,157,24,ن,,0.08333,0.29167,0.5,0.08333,0.08333,0.25
3946,37,158,47,ن,punishment|creation,0.06383,0.51064,0.21277,0.14894,0.17021,0.23404
3947,37,159,17,ن,,0.05882,0.41176,0.05882,0.29412,0.17647,0.23529
3948,37,160,19,ن,,0.05263,0.42105,0.15789,0.15789,0.21053,0.10526
3949,37,161,14,ن,prayer|polytheism-rejection,0.0,0.42857,0.35714,0.07143,0.14286,0.42857
3950,37,162,17,ن,,0.0,0.47059,0.23529,0.11765,0.17647,0.23529
3951,37,163,16,م,hell,0.0625,0.5,0.125,0.1875,0.1875,0.1875
3952,37,164,20,م,,0.05,0.6,0.1,0.05,0.15,0.4
3953,37,165,15,ن,prayer,0.06667,0.53333,0.06667,0.2,0.13333,0.2
3954,37,166,16,ن,,0.0,0.5625,0.125,0.1875,0.1875,0.25
3955,37,167,15,ن,dialogue|polytheism-rejection,0.06667,0.66667,0.2,0.0,0.06667,0.26667
3956,37,168,22,ن,,0.04545,0.59091,0.18182,0.04545,0.13636,0.13636
3957,37,169,20,ن,,0.05,0.45,0.15,0.15,0.15,0.1
3958,37,170,18,ن,polytheism-rejection,0.05556,0.44444,0.11111,0.33333,0.11111,0.5
3959,37,171,29,ن,prophets,0.10345,0.44828,0.31034,0.06897,0.03448,0.17241
3960,37,172,16,ن,,0.125,0.6875,0.0625,0.1875,0.1875,0.3125
3961,37,173,19,ن,,0.0,0.52632,0.21053,0.10526,0.15789,0.21053
3962,37,174,14,ن,prophets,0.0,0.42857,0.14286,0.28571,0.28571,0.21429
3963,37,175,17,ن,,0.23529,0.47059,0.17647,0.35294,0.11765,0.47059
3964,37,176,17,ن,punishment,0.0,0.29412,0.29412,0.17647,0.17647,0.23529
3965,37,177,30,ن,,0.06667,0.3,0.16667,0.36667,0.16667,0.2
3966,37,178,14,ن,,0.0,0.5,0.14286,0.21429,0.28571,0.21429
3967,37,179,15,ن,,0.26667,0.46667,0.2,0.33333,0.06667,0.46667
3968,37,180,23,ن,,0.13043,0.34783,0.17391,0.26087,0.17391,0.26087
3969,37,181,16,ن,prophets,0.0625,0.625,0.0,0.125,0.0625,0.1875
3970,37,182,19,ن,,0.05263,0.57895,0.10526,0.10526,0.15789,0.21053
3971,38,1,15,ر,,0.26667,0.46667,0.2,0.2,0.06667,0.06667
3972,38,2,22,ق,polytheism-rejection,0.13636,0.36364,0.18182,0.27273,0.09091,0.22727
3973,38,3,37,ص,punishment|dialogue,0.10811,0.51351,0.21622,0.13514,0.10811,0.24324
3974,38,4,44,ب,dialogue|polytheism-rejection,0.09091,0.38636,0.20455,0.20455,0.15909,0.25
3975,38,5,32,ب,creation|monotheism,0.0,0.25,0.28125,0.21875,0.375,0.0625
3976,38,6,51,د,dialogue,0.09804,0.45098,0.21569,0.13725,0.17647,0.19608
3977,38,7,38,ق,,0.05263,0.31579,0.15789,0.26316,0.26316,0.13158
3978,38,8,50,ب,punishment,0.06,0.48,0.2,0.18,0.12,0.22
3979,38,9,31,ب,mercy,0.06452,0.35484,0.19355,0.25806,0.29032,0.19355
3980,38,10,48,ب,creation,0.08333,0.45833,0.20833,0.14583,0.10417,0.3125
3981,38,11,24,ب,polytheism-rejection,0.0,0.41667,0.20833,0.20833,0.16667,0.25
3982,38,12,34,د,prophets|polytheism-rejection,0.08824,0.41176,0.29412,0.14706,0.14706,0.35294
3983,38,13,36,ب,prophets,0.08333,0.38889,0.33333,0.16667,0.22222,0.30556
3984,38,14,22,ب,punishment|prophets|polytheism-rejection,0.13636,0.27273,0.36364,0.18182,0.18182,0.13636
3985,38,15,35,ق,polytheism-rejection,0.11429,0.4,0.14286,0.25714,0.25714,0.2
3986,38,16,32,ب,punishment|dialogue,0.15625,0.4375,0.25,0.0625,0.0625,0.21875
3987,38,17,44,ب,prophets|prayer,0.09091,0.38636,0.27273,0.09091,0.13636,0.22727
3988,38,18,36,ق,nature-imagery,0.08333,0.36111,0.19444,0.19444,0.19444,0.13889
3989,38,19,20,ب,nature-imagery,0.15,0.5,0.2,0.2,0.2,0.25
3990,38,20,33,ب,,0.06061,0.36364,0.24242,0.24242,0.18182,0.21212
3991,38,21,30,ب,prayer,0.1,0.36667,0.26667,0.2,0.2,0.23333
3992,38,22,93,ط,prophets|dialogue,0.10753,0.30108,0.21505,0.21505,0.17204,0.21505
3993,38,23,60,ب,dialogue,0.03333,0.35,0.2,0.26667,0.28333,0.15
3994,38,24,137,ب,mercy|prophets|prayer|dialogue|polytheism-rejection,0.10219,0.39416,0.22628,0.16058,0.18248,0.19708
3995,38,25,33,ب,,0.0303,0.42424,0.15152,0.30303,0.21212,0.21212
3996,38,26,122,ب,punishment|creation|prophets|dialogue,0.04098,0.41803,0.18033,0.19672,0.13934,0.18852
3997,38,27,70,ر,hell|creation|polytheism-rejection,0.11429,0.51429,0.12857,0.15714,0.05714,0.22857
3998,38,28,66,ر,,0.07576,0.4697,0.19697,0.12121,0.12121,0.18182
3999,38,29,50,ب,prophets,0.06,0.42,0.36,0.08,0.14,0.2
4000,38,30,33,ب,prophets,0.0,0.45455,0.24242,0.09091,0.18182,0.30303
4001,38,31,29,د,,0.10345,0.31034,0.17241,0.2069,0.17241,0.06897
4002,38,32,42,ب,creation|prayer|dialogue,0.11905,0.30952,0.35714,0.16667,0.19048,0.19048
4003,38,33,30,ق,dialogue,0.16667,0.33333,0.23333,0.2,0.16667,0.23333
4004,38,34,39,ب,prophets,0.07692,0.41026,0.25641,0.15385,0.10256,0.15385
4005,38,35,49,ب,mercy|dialogue,0.06122,0.44898,0.28571,0.12245,0.18367,0.20408
4006,38,36,33,ب,nature-imagery,0.18182,0.36364,0.21212,0.30303,0.27273,0.12121
4007,38,37,20,ص,,0.1,0.45,0.2,0.15,0.1,0.2
4008,38,38,21,د,,0.19048,0.52381,0.19048,0.19048,0.14286,0.19048
4009,38,39,28,ب,dialogue,0.07143,0.28571,0.25,0.25,0.25,0.21429
4010,38,40,22,ب,,0.0,0.45455,0.18182,0.22727,0.22727,0.22727
4011,38,41,46,ب,punishment|prayer,0.08696,0.36957,0.28261,0.15217,0.13043,0.21739
4012,38,42,26,ب,,0.19231,0.30769,0.30769,0.23077,0.07692,0.19231
4013,38,43,46,ب,mercy,0.04348,0.5,0.15217,0.21739,0.26087,0.30435
4014,38,44,54,ب,dialogue,0.09259,0.27778,0.27778,0.24074,0.2037,0.22222
4015,38,45,48,ر,prophets|prayer,0.125,0.39583,0.29167,0.10417,0.1875,0.22917
4016,38,46,26,ر,prayer,0.15385,0.30769,0.19231,0.26923,0.23077,0.07692
4017,38,47,28,ر,,0.10714,0.53571,0.14286,0.14286,0.17857,0.17857
4018,38,48,38,ر,prayer,0.05263,0.47368,0.13158,0.15789,0.13158,0.18421
4019,38,49,23,ب,,0.08696,0.47826,0.26087,0.21739,0.17391,0.17391
4020,38,50,22,ب,paradise,0.0,0.31818,0.31818,0.18182,0.22727,0.27273
4021,38,51,35,ب,nature-imagery,0.05714,0.34286,0.22857,0.28571,0.2,0.22857
4022,38,52,22,ب,,0.27273,0.31818,0.31818,0.13636,0.13636,0.18182
4023,38,53,21,ب,,0.0,0.42857,0.14286,0.19048,0.14286,0.28571
4024,38,54,21,د,paradise,0.09524,0.42857,0.14286,0.2381,0.14286,0.14286
4025,38,55,19,ب,,0.10526,0.47368,0.21053,0.21053,0.21053,0.15789
4026,38,56,21,د,hell,0.04762,0.38095,0.19048,0.28571,0.19048,0.2381
4027,38,57,20,ق,,0.1,0.4,0.1,0.4,0.2,0.3
4028,38,58,15,ج,mercy|punishment,0.06667,0.4,0.26667,0.26667,0.26667,0.2
4029,38,59,38,ر,hell,0.10526,0.42105,0.18421,0.21053,0.18421,0.31579
4030,38,60,45,ر,dialogue,0.13333,0.42222,0.33333,0.08889,0.11111,0.28889
4031,38,61,40,ر,punishment|hell|dialogue,0.125,0.325,0.15,0.225,0.1,0.2
4032,38,62,38,ر,dialogue,0.13158,0.5,0.13158,0.05263,0.07895,0.13158
4033,38,63,30,ر,,0.1,0.3,0.2,0.3,0.3,0.13333
4034,38,64,21,ر,hell,0.14286,0.38095,0.2381,0.2381,0.2381,0.04762
4035,38,65,40,ر,prophets|dialogue,0.1,0.475,0.175,0.125,0.2,0.15
4036,38,66,37,ر,mercy|creation,0.10811,0.43243,0.10811,0.18919,0.10811,0.24324
4037,38,67,11,م,dialogue,0.18182,0.45455,0.27273,0.18182,0.27273,0.27273
4038,38,68,13,ن,,0.15385,0.53846,0.15385,0.15385,0.30769,0.23077
4039,38,69,33,ن,creation,0.0303,0.51515,0.18182,0.09091,0.18182,0.21212
4040,38,70,27,ن,,0.03704,0.55556,0.22222,0.07407,0.22222,0.14815
4041,38,71,32,ن,creation|dialogue,0.15625,0.4375,0.3125,0.125,0.15625,0.125
4042,38,72,36,ن,creation|prayer,0.05556,0.38889,0.16667,0.33333,0.19444,0.25
4043,38,73,22,ن,prayer,0.0,0.36364,0.31818,0.18182,0.22727,0.22727
4044,38,74,28,ن,polytheism-rejection,0.07143,0.42857,0.28571,0.10714,0.07143,0.17857
4045,38,75,54,ن,creation|prayer|dialogue,0.05556,0.40741,0.37037,0.07407,0.12963,0.14815
4046,38,76,34,ن,hell|creation|dialogue,0.17647,0.55882,0.20588,0.14706,0.17647,0.11765
4047,38,77,20,م,paradise|dialogue,0.15,0.4,0.25,0.2,0.15,0.2
4048,38,78,23,ن,punishment|eschatology,0.0,0.6087,0.21739,0.0,0.17391,0.13043
4049,38,79,24,ن,dialogue|eschatology,0.16667,0.54167,0.20833,0.125,0.125,0.25
4050,38,80,17,ن,dialogue,0.17647,0.58824,0.17647,0.11765,0.05882,0.17647
4051,38,81,18,م,,0.05556,0.61111,0.16667,0.0,0.11111,0.33333
4052,38,82,23,ن,dialogue,0.04348,0.3913,0.30435,0.17391,0.26087,0.21739
4053,38,83,20,ن,,0.05,0.45,0.2,0.15,0.2,0.2
4054,38,84,17,ل,dialogue,0.23529,0.35294,0.29412,0.17647,0.17647,0.17647
4055,38,85,31,ن,hell,0.0,0.58065,0.29032,0.06452,0.22581,0.32258
4056,38,86,36,ن,prophets|dialogue,0.05556,0.52778,0.25,0.08333,0.16667,0.22222
4057,38,87,18,ن,,0.05556,0.55556,0.16667,0.11111,0.22222,0.11111
4058,38,88,17,ن,,0.0,0.47059,0.29412,0.11765,0.29412,0.23529
4059,39,1,29,م,,0.0,0.44828,0.17241,0.17241,0.10345,0.10345
4060,39,2,45,ن,prophets|prayer,0.04444,0.35556,0.26667,0.15556,0.17778,0.11111
4061,39,3,126,ر,prayer|polytheism-rejection,0.03175,0.46825,0.16667,0.19841,0.18254,0.19048
4062,39,4,63,ر,creation,0.09524,0.38095,0.1746,0.22222,0.19048,0.14286
4063,39,5,105,ر,mercy|creation,0.12381,0.50476,0.12381,0.15238,0.12381,0.14286
4064,39,6,138,ن,creation|monotheism,0.06522,0.42754,0.21739,0.21739,0.17391,0.22464
4065,39,7,126,ر,polytheism-rejection,0.11905,0.45238,0.2381,0.15873,0.15079,0.23016
4066,39,8,122,ر,hell|dialogue|polytheism-rejection,0.08197,0.43443,0.22951,0.17213,0.19672,0.16393
4067,39,9,105,ب,mercy|prayer|dialogue,0.08571,0.51429,0.2,0.13333,0.17143,0.18095
4068,39,10,95,ب,creation|dialogue,0.09474,0.41053,0.17895,0.22105,0.17895,0.18947
4069,39,11,31,ن,prophets|prayer|dialogue,0.09677,0.45161,0.29032,0.12903,0.25806,0.09677
4070,39,12,23,ن,,0.04348,0.65217,0.26087,0.04348,0.17391,0.26087
4071,39,13,29,م,punishment|dialogue,0.13793,0.41379,0.24138,0.17241,0.24138,0.2069
4072,39,14,21,ي,prayer|dialogue,0.09524,0.42857,0.2381,0.19048,0.2381,0.09524
4073,39,15,85,ن,prayer|dialogue|eschatology,0.05882,0.47059,0.15294,0.21176,0.17647,0.21176
4074,39,16,61,ن,hell,0.08197,0.44262,0.18033,0.22951,0.16393,0.2623
4075,39,17,60,د,prayer,0.05,0.36667,0.25,0.13333,0.15,0.23333
4076,39,18,67,ب,,0.01493,0.46269,0.23881,0.16418,0.22388,0.22388
4077,39,19,38,ر,punishment|hell,0.07895,0.39474,0.23684,0.21053,0.21053,0.18421
4078,39,20,80,د,paradise,0.0875,0.45,0.1625,0.2125,0.1875,0.1875
4079,39,21,120,ب,creation|nature-imagery,0.08333,0.41667,0.2,0.225,0.19167,0.18333
4080,39,22,77,ن,prayer|polytheism-rejection,0.11688,0.51948,0.15584,0.23377,0.16883,0.23377
4081,39,23,132,د,prayer,0.04545,0.44697,0.18939,0.23485,0.15909,0.17424
4082,39,24,61,ن,punishment|dialogue|eschatology,0.08197,0.47541,0.2459,0.14754,0.09836,0.27869
4083,39,25,40,ن,punishment|polytheism-rejection,0.05,0.425,0.175,0.225,0.15,0.225
4084,39,26,59,ن,punishment|creation,0.05085,0.42373,0.15254,0.20339,0.20339,0.16949
4085,39,27,44,ن,mercy|prayer,0.13636,0.52273,0.18182,0.18182,0.09091,0.15909
4086,39,28,28,ن,,0.17857,0.5,0.21429,0.10714,0.21429,0.14286
4087,39,29,81,ن,,0.08642,0.49383,0.16049,0.19753,0.11111,0.17284
4088,39,30,16,ن,,0.0,0.625,0.3125,0.0625,0.1875,0.3125
4089,39,31,30,ن,eschatology,0.1,0.5,0.26667,0.13333,0.13333,0.3
4090,39,32,58,ن,hell|polytheism-rejection,0.06897,0.41379,0.24138,0.22414,0.13793,0.24138
4091,39,33,34,ن,,0.14706,0.35294,0.38235,0.14706,0.14706,0.23529
4092,39,34,33,ن,,0.0303,0.45455,0.18182,0.21212,0.18182,0.18182
4093,39,35,58,ن,,0.03448,0.5,0.15517,0.18966,0.2069,0.2069
4094,39,36,57,د,prophets|prayer,0.01754,0.49123,0.15789,0.22807,0.15789,0.26316
4095,39,37,41,م,,0.04878,0.4878,0.12195,0.2439,0.14634,0.19512
4096,39,38,148,ن,mercy|creation|dialogue,0.10135,0.47973,0.22297,0.18243,0.18919,0.17568
4097,39,39,40,ن,dialogue,0.05,0.5,0.175,0.075,0.125,0.3
4098,39,40,32,م,punishment,0.03125,0.4375,0.15625,0.25,0.28125,0.1875
4099,39,41,77,ل,,0.03896,0.44156,0.19481,0.18182,0.15584,0.19481
4100,39,42,107,ن,,0.05607,0.47664,0.19626,0.16822,0.1215,0.21495
4101,39,43,54,ن,dialogue,0.03704,0.5,0.18519,0.11111,0.14815,0.22222
4102,39,44,48,ن,creation|dialogue,0.08333,0.4375,0.16667,0.1875,0.1875,0.16667
4103,39,45,76,ن,prayer,0.06579,0.43421,0.21053,0.23684,0.17105,0.18421
4104,39,46,76,ن,creation|legal|dialogue,0.06579,0.39474,0.21053,0.18421,0.14474,0.22368
4105,39,47,97,ن,punishment|creation|eschatology,0.04124,0.51546,0.14433,0.16495,0.13402,0.29897
4106,39,48,43,ن,,0.02326,0.32558,0.27907,0.2093,0.16279,0.30233
4107,39,49,83,ن,dialogue,0.04819,0.43373,0.16867,0.19277,0.21687,0.18072
4108,39,50,43,ن,dialogue,0.06977,0.4186,0.2093,0.16279,0.13953,0.23256
4109,39,51,68,ن,,0.04412,0.38235,0.22059,0.22059,0.14706,0.29412
4110,39,52,59,ن,paradise,0.10169,0.55932,0.23729,0.10169,0.13559,0.20339
4111,39,53,85,م,mercy|dialogue,0.09412,0.45882,0.14118,0.21176,0.2,0.18824
4112,39,54,52,ن,mercy|punishment,0.07692,0.5,0.26923,0.09615,0.13462,0.26923
4113,39,55,64,ن,punishment,0.04688,0.4375,0.3125,0.10938,0.1875,0.25
4114,39,56,51,ن,dialogue,0.09804,0.45098,0.21569,0.17647,0.11765,0.15686
4115,39,57,32,ن,dialogue,0.0625,0.5625,0.28125,0.0625,0.125,0.15625
4116,39,58,42,ن,punishment,0.07143,0.52381,0.21429,0.14286,0.16667,0.19048
4117,39,59,45,ن,polytheism-rejection,0.06667,0.28889,0.44444,0.11111,0.06667,0.2
4118,39,60,65,ن,hell|eschatology,0.04615,0.50769,0.16923,0.18462,0.12308,0.26154
4119,39,61,50,ن,,0.02,0.5,0.12,0.22,0.12,0.24
4120,39,62,28,ل,creation,0.03571,0.46429,0.21429,0.17857,0.21429,0.10714
4121,39,63,57,ن,creation|polytheism-rejection,0.08772,0.45614,0.19298,0.15789,0.14035,0.19298
4122,39,64,34,ن,prophets|prayer|dialogue,0.08824,0.44118,0.26471,0.14706,0.26471,0.14706
4123,39,65,62,ن,polytheism-rejection,0.08065,0.53226,0.29032,0.09677,0.14516,0.16129
4124,39,66,24,ن,prayer,0.04167,0.45833,0.20833,0.125,0.08333,0.20833
4125,39,67,86,ن,creation|eschatology|polytheism-rejection,0.13953,0.43023,0.2093,0.15116,0.13953,0.23256
4126,39,68,77,ن,creation,0.12987,0.45455,0.1039,0.28571,0.15584,0.25974
4127,39,69,74,ن,creation|prophets|legal,0.14865,0.45946,0.25676,0.14865,0.13514,0.25676
4128,39,70,32,ن,,0.0,0.53125,0.15625,0.15625,0.15625,0.40625
4129,39,71,151,ن,punishment|hell|prophets|dialogue|polytheism-rejection,0.07285,0.42384,0.25166,0.15232,0.1457,0.21192
4130,39,72,45,ن,hell|dialogue,0.04444,0.4,0.26667,0.17778,0.13333,0.26667
4131,39,73,94,ن,paradise|dialogue,0.06383,0.34043,0.24468,0.21277,0.18085,0.20213
4132,39,74,73,ن,paradise|creation|legal|dialogue,0.09589,0.45205,0.19178,0.16438,0.17808,0.16438
4133,39,75,77,ن,dialogue,0.1039,0.49351,0.18182,0.18182,0.16883,0.24675
4134,40,1,2,م,,0.0,0.5,0.0,0.5,0.5,0.5
4135,40,2,29,م,,0.0,0.48276,0.13793,0.13793,0.10345,0.10345
4136,40,3,56,ر,mercy|punishment|monotheism,0.10714,0.41071,0.23214,0.16071,0.14286,0.17857
4137,40,4,52,د,polytheism-rejection,0.07692,0.42308,0.23077,0.15385,0.09615,0.17308
4138,40,5,98,ب,punishment|prophets|polytheism-rejection,0.07143,0.34694,0.29592,0.23469,0.20408,0.29592
4139,40,6,42,ر,hell|polytheism-rejection,0.11905,0.38095,0.28571,0.16667,0.14286,0.16667
4140,40,7,128,م,mercy|punishment|hell|dialogue,0.05469,0.5,0.16406,0.20312,0.16406,0.28906
4141,40,8,76,م,paradise,0.03947,0.42105,0.26316,0.17105,0.22368,0.21053
4142,40,9,53,م,mercy,0.09434,0.41509,0.22642,0.22642,0.15094,0.24528
4143,40,10,67,ن,hell|polytheism-rejection,0.07463,0.46269,0.29851,0.1194,0.1194,0.22388
4144,40,11,65,ل,creation|dialogue,0.06154,0.44615,0.21538,0.15385,0.10769,0.2
4145,40,12,62,ر,eschatology|polytheism-rejection,0.04839,0.41935,0.25806,0.19355,0.20968,0.19355
4146,40,13,53,ب,mercy|paradise|creation|prayer,0.07547,0.54717,0.18868,0.13208,0.09434,0.18868
4147,40,14,37,ن,polytheism-rejection,0.08108,0.51351,0.10811,0.18919,0.13514,0.18919
4148,40,15,63,ق,,0.12698,0.50794,0.15873,0.12698,0.14286,0.15873
4149,40,16,59,ر,,0.05085,0.54237,0.08475,0.16949,0.15254,0.22034
4150,40,17,47,ب,eschatology,0.04255,0.42553,0.19149,0.19149,0.08511,0.21277
4151,40,18,67,ع,prophets,0.08955,0.50746,0.13433,0.1791,0.13433,0.22388
4152,40,19,28,ر,,0.07143,0.46429,0.14286,0.17857,0.25,0.17857
4153,40,20,62,ر,,0.1129,0.51613,0.16129,0.17742,0.14516,0.17742
4154,40,21,119,ق,punishment,0.10084,0.46218,0.16807,0.21008,0.15126,0.2605
4155,40,22,63,ب,punishment|prophets|polytheism-rejection,0.06349,0.34921,0.30159,0.22222,0.19048,0.20635
4156,40,23,31,ن,prophets,0.09677,0.48387,0.25806,0.09677,0.06452,0.22581
4157,40,24,34,ب,dialogue,0.14706,0.41176,0.14706,0.17647,0.11765,0.26471
4158,40,25,87,ل,dialogue|polytheism-rejection,0.05747,0.41379,0.2069,0.13793,0.14943,0.2069
4159,40,26,69,د,prophets|dialogue,0.13043,0.46377,0.24638,0.17391,0.17391,0.2029
4160,40,27,48,ب,prophets|dialogue,0.08333,0.5,0.29167,0.08333,0.08333,0.33333
4161,40,28,146,ب,dialogue,0.09589,0.44521,0.30137,0.12329,0.13699,0.21918
4162,40,29,101,د,punishment|dialogue,0.11881,0.49505,0.19802,0.11881,0.12871,0.19802
4163,40,30,41,ب,dialogue,0.04878,0.4878,0.19512,0.14634,0.17073,0.2439
4164,40,31,55,د,prophets,0.05455,0.50909,0.2,0.12727,0.12727,0.30909
4165,40,32,27,د,dialogue,0.03704,0.51852,0.22222,0.07407,0.14815,0.25926
4166,40,33,52,د,,0.05769,0.63462,0.09615,0.13462,0.09615,0.30769
4167,40,34,105,ب,prophets|dialogue,0.06667,0.40952,0.26667,0.19048,0.11429,0.25714
4168,40,35,93,ر,,0.08602,0.41935,0.29032,0.10753,0.12903,0.15054
4169,40,36,40,ب,dialogue,0.1,0.425,0.175,0.15,0.175,0.2
4170,40,37,94,ب,creation|prophets,0.05319,0.39362,0.24468,0.18085,0.17021,0.24468
4171,40,38,37,د,dialogue,0.08108,0.43243,0.27027,0.10811,0.10811,0.21622
4172,40,39,48,ر,dialogue,0.125,0.41667,0.16667,0.16667,0.22917,0.10417
4173,40,40,88,ب,paradise|eschatology,0.05682,0.46591,0.17045,0.22727,0.20455,0.22727
4174,40,41,41,ر,hell|dialogue,0.04878,0.5122,0.21951,0.02439,0.14634,0.19512
4175,40,42,61,ر,mercy|polytheism-rejection,0.04918,0.42623,0.22951,0.16393,0.21311,0.19672
4176,40,43,86,ر,hell,0.06977,0.5,0.16279,0.16279,0.19767,0.16279
4177,40,44,50,د,prayer,0.12,0.44,0.26,0.16,0.16,0.24
4178,40,45,42,ب,punishment,0.09524,0.35714,0.21429,0.19048,0.19048,0.2619
4179,40,46,61,ب,punishment|hell|dialogue|eschatology,0.08197,0.42623,0.14754,0.16393,0.21311,0.19672
4180,40,47,82,ر,hell,0.07317,0.45122,0.19512,0.14634,0.12195,0.19512
4181,40,48,45,د,dialogue,0.06667,0.35556,0.28889,0.13333,0.13333,0.13333
4182,40,49,53,ب,punishment|hell,0.0566,0.45283,0.11321,0.18868,0.13208,0.22642
4183,40,50,73,ل,prophets|dialogue|polytheism-rejection,0.08219,0.39726,0.27397,0.06849,0.08219,0.21918
4184,40,51,53,د,prophets|legal,0.07547,0.54717,0.11321,0.15094,0.11321,0.16981
4185,40,52,46,ر,punishment,0.06522,0.56522,0.06522,0.17391,0.17391,0.23913
4186,40,53,41,ب,prophets|legal,0.07317,0.41463,0.29268,0.09756,0.12195,0.17073
4187,40,54,20,ب,,0.05,0.4,0.3,0.1,0.15,0.2
4188,40,55,53,ر,mercy|prophets,0.11321,0.32075,0.30189,0.22642,0.16981,0.26415
4189,40,56,93,ر,,0.07527,0.4086,0.21505,0.21505,0.19355,0.1828
4190,40,57,53,ن,creation,0.11321,0.49057,0.18868,0.13208,0.11321,0.15094
4191,40,58,69,ن,prayer,0.07246,0.52174,0.14493,0.10145,0.08696,0.23188
4192,40,59,43,ن,eschatology,0.04651,0.46512,0.18605,0.16279,0.18605,0.11628
4193,40,60,62,ن,hell|prayer|dialogue,0.06452,0.45161,0.30645,0.1129,0.12903,0.17742
4194,40,61,82,ن,creation,0.07317,0.5,0.12195,0.18293,0.09756,0.12195
4195,40,62,41,ن,creation|monotheism,0.04878,0.39024,0.29268,0.19512,0.21951,0.17073
4196,40,63,33,ن,polytheism-rejection,0.0,0.39394,0.30303,0.15152,0.12121,0.12121
4197,40,64,98,ن,creation,0.15306,0.45918,0.22449,0.14286,0.10204,0.21429
4198,40,65,53,ن,monotheism,0.03774,0.49057,0.11321,0.20755,0.24528,0.15094
4199,40,66,76,ن,prophets|legal|prayer|dialogue,0.05263,0.53947,0.26316,0.05263,0.15789,0.17105
4200,40,67,118,ن,creation,0.0678,0.49153,0.22881,0.16949,0.11017,0.30508
4201,40,68,44,ن,dialogue,0.09091,0.5,0.18182,0.20455,0.13636,0.22727
4202,40,69,39,ن,,0.07692,0.51282,0.20513,0.12821,0.12821,0.12821
4203,40,70,44,ن,prophets|polytheism-rejection,0.04545,0.43182,0.20455,0.18182,0.06818,0.29545
4204,40,71,32,ن,,0.03125,0.40625,0.15625,0.25,0.21875,0.15625
4205,40,72,23,ن,hell,0.08696,0.6087,0.04348,0.21739,0.04348,0.26087
4206,40,73,23,ن,prayer|dialogue|polytheism-rejection,0.08696,0.56522,0.26087,0.13043,0.08696,0.21739
4207,40,74,60,ن,dialogue|polytheism-rejection,0.08333,0.51667,0.18333,0.11667,0.08333,0.16667
4208,40,75,46,ن,creation,0.13043,0.47826,0.26087,0.17391,0.1087,0.30435
4209,40,76,42,ن,hell,0.02381,0.38095,0.2619,0.19048,0.14286,0.28571
4210,40,77,58,ن,prophets,0.10345,0.44828,0.22414,0.17241,0.18966,0.2069
4211,40,78,123,ن,prophets,0.13821,0.47967,0.23577,0.1626,0.15447,0.18699
4212,40,79,43,ن,creation|nature-imagery,0.02326,0.48837,0.2093,0.09302,0.16279,0.18605
4213,40,80,59,ن,,0.0339,0.45763,0.13559,0.20339,0.18644,0.27119
4214,40,81,28,ن,polytheism-rejection,0.07143,0.5,0.28571,0.10714,0.17857,0.14286
4215,40,82,104,ن,,0.11538,0.43269,0.19231,0.20192,0.14423,0.24038
4216,40,83,67,ن,prophets,0.04478,0.40299,0.20896,0.19403,0.1791,0.29851
4217,40,84,51,ن,punishment|dialogue|polytheism-rejection,0.07843,0.41176,0.23529,0.15686,0.13725,0.27451
4218,40,85,70,ن,punishment|polytheism-rejection,0.05714,0.42857,0.2,0.2,0.17143,0.2
4219,41,1,2,م,,0.0,0.5,0.0,0.5,0.5,0.5
4220,41,2,19,م,mercy,0.10526,0.68421,0.05263,0.15789,0.10526,0.15789
4221,41,3,33,ن,,0.15152,0.42424,0.30303,0.09091,0.15152,0.21212
4222,41,4,33,ن,,0.15152,0.45455,0.12121,0.27273,0.18182,0.24242
4223,41,5,75,ن,dialogue,0.05333,0.49333,0.21333,0.09333,0.13333,0.28
4224,41,6,74,ن,mercy|prophets|dialogue|monotheism|polytheism-rejection,0.06757,0.48649,0.21622,0.18919,0.18919,0.22973
4225,41,7,36,ن,polytheism-rejection,0.05556,0.44444,0.16667,0.22222,0.19444,0.19444
4226,41,8,40,ن,,0.075,0.575,0.125,0.125,0.175,0.225
4227,41,9,62,ن,creation|dialogue|polytheism-rejection,0.09677,0.5,0.25806,0.1129,0.12903,0.17742
4228,41,10,67,ن,creation|nature-imagery,0.10448,0.38806,0.20896,0.20896,0.19403,0.23881
4229,41,11,67,ن,creation|dialogue,0.10448,0.34328,0.25373,0.13433,0.19403,0.1194
4230,41,12,89,م,creation,0.07865,0.40449,0.16854,0.22472,0.13483,0.22472
4231,41,13,40,د,dialogue|nature-imagery,0.2,0.3,0.25,0.25,0.225,0.2
4232,41,14,94,ن,prophets|prayer|dialogue|polytheism-rejection,0.05319,0.42553,0.25532,0.15957,0.19149,0.2234
4233,41,15,102,ن,creation|dialogue|polytheism-rejection,0.09804,0.42157,0.23529,0.17647,0.17647,0.23529
4234,41,16,89,ن,punishment|nature-imagery,0.11236,0.42697,0.10112,0.26966,0.20225,0.13483
4235,41,17,74,ن,punishment|nature-imagery,0.02703,0.31081,0.18919,0.22973,0.18919,0.25676
4236,41,18,27,ن,,0.03704,0.59259,0.18519,0.03704,0.03704,0.22222
4237,41,19,34,ن,hell|prophets|eschatology,0.05882,0.5,0.11765,0.17647,0.23529,0.20588
4238,41,20,56,ن,,0.03571,0.39286,0.19643,0.19643,0.23214,0.28571
4239,41,21,78,ن,creation|dialogue,0.11538,0.48718,0.25641,0.12821,0.17949,0.17949
4240,41,22,84,ن,,0.05952,0.52381,0.2381,0.09524,0.10714,0.2381
4241,41,23,46,ن,,0.13043,0.45652,0.26087,0.19565,0.08696,0.26087
4242,41,24,48,ن,hell,0.0625,0.47917,0.16667,0.16667,0.125,0.33333
4243,41,25,99,ن,creation,0.09091,0.51515,0.18182,0.18182,0.17172,0.25253
4244,41,26,52,ن,dialogue|polytheism-rejection,0.07692,0.46154,0.15385,0.17308,0.13462,0.21154
4245,41,27,55,ن,punishment|eschatology|polytheism-rejection,0.03636,0.47273,0.16364,0.18182,0.09091,0.18182
4246,41,28,61,ن,hell|eschatology|polytheism-rejection,0.03279,0.32787,0.27869,0.14754,0.18033,0.11475
4247,41,29,79,ن,dialogue|polytheism-rejection,0.07595,0.49367,0.18987,0.11392,0.10127,0.13924
4248,41,30,93,ن,paradise|dialogue,0.04301,0.41935,0.22581,0.13978,0.12903,0.19355
4249,41,31,70,ن,,0.01429,0.44286,0.18571,0.21429,0.18571,0.22857
4250,41,32,14,م,mercy,0.14286,0.64286,0.0,0.28571,0.14286,0.28571
4251,41,33,51,ن,dialogue,0.05882,0.56863,0.11765,0.11765,0.15686,0.21569
4252,41,34,71,م,,0.0,0.40845,0.19718,0.23944,0.21127,0.1831
4253,41,35,42,م,,0.14286,0.42857,0.11905,0.19048,0.14286,0.19048
4254,41,36,50,م,,0.02,0.44,0.12,0.24,0.2,0.16
4255,41,37,88,ن,creation|prayer,0.06818,0.5,0.19318,0.14773,0.11364,0.18182
4256,41,38,55,ن,,0.05455,0.49091,0.18182,0.18182,0.12727,0.23636
4257,41,39,91,ر,creation|nature-imagery,0.06593,0.37363,0.23077,0.18681,0.24176,0.0989
4258,41,40,101,ر,hell|eschatology,0.05941,0.53465,0.16832,0.11881,0.15842,0.21782
4259,41,41,39,ز,polytheism-rejection,0.05128,0.38462,0.25641,0.17949,0.15385,0.17949
4260,41,42,46,د,,0.02174,0.54348,0.19565,0.17391,0.15217,0.19565
4261,41,43,53,م,mercy|punishment|prophets|dialogue,0.15094,0.49057,0.28302,0.11321,0.11321,0.22642
4262,41,44,129,د,creation|prophets|dialogue,0.06202,0.49612,0.2093,0.11628,0.1938,0.22481
4263,41,45,72,ب,prophets,0.08333,0.45833,0.26389,0.19444,0.11111,0.29167
4264,41,46,46,د,,0.06522,0.43478,0.15217,0.21739,0.17391,0.28261
4265,41,47,107,د,legal|dialogue|eschatology|nature-imagery,0.05607,0.47664,0.18692,0.14019,0.17757,0.21495
4266,41,48,40,ص,,0.1,0.575,0.1,0.15,0.125,0.325
4267,41,49,43,ط,,0.09302,0.46512,0.18605,0.18605,0.18605,0.16279
4268,41,50,130,ظ,mercy|punishment|dialogue|eschatology|polytheism-rejection,0.09231,0.46923,0.18462,0.18462,0.2,0.18462
4269,41,51,56,ض,,0.08929,0.33929,0.19643,0.19643,0.25,0.16071
4270,41,52,51,د,dialogue|polytheism-rejection,0.11765,0.45098,0.29412,0.15686,0.17647,0.23529
4271,41,53,73,د,legal,0.05479,0.39726,0.26027,0.23288,0.21918,0.19178
4272,41,54,39,ط,,0.10256,0.46154,0.28205,0.17949,0.28205,0.20513
4273,42,1,2,م,,0.0,0.5,0.0,0.5,0.5,0.5
4274,42,2,3,ق,,0.33333,0.0,0.33333,0.33333,0.33333,0.0
4275,42,3,43,م,prophets,0.02326,0.48837,0.2093,0.16279,0.13953,0.11628
4276,42,4,38,م,creation,0.07895,0.5,0.05263,0.18421,0.13158,0.26316
4277,42,5,90,م,mercy|creation,0.1,0.47778,0.18889,0.21111,0.15556,0.25556
4278,42,6,53,ل,prophets,0.01887,0.50943,0.15094,0.18868,0.20755,0.22642
4279,42,7,90,ر,paradise|hell,0.14444,0.51111,0.18889,0.15556,0.13333,0.2
4280,42,8,71,ر,mercy|creation,0.05634,0.56338,0.11268,0.19718,0.1831,0.23944
4281,42,9,60,ر,,0.03333,0.51667,0.16667,0.16667,0.2,0.23333
4282,42,10,59,ب,,0.01695,0.45763,0.22034,0.22034,0.22034,0.22034
4283,42,11,89,ر,creation|nature-imagery,0.07865,0.4382,0.19101,0.19101,0.14607,0.22472
4284,42,12,56,م,paradise|creation,0.14286,0.46429,0.25,0.14286,0.125,0.16071
4285,42,13,152,ب,prophets|polytheism-rejection,0.05921,0.5,0.19737,0.14474,0.16447,0.22368
4286,42,14,114,ب,punishment|legal,0.07018,0.46491,0.25439,0.13158,0.14035,0.28947
4287,42,15,149,ر,prophets|dialogue,0.05369,0.4698,0.26846,0.09396,0.16107,0.24832
4288,42,16,71,د,punishment,0.04225,0.38028,0.21127,0.25352,0.21127,0.22535
4289,42,17,52,ب,eschatology,0.07692,0.44231,0.19231,0.13462,0.11538,0.13462
4290,42,18,96,د,eschatology,0.04167,0.5,0.13542,0.16667,0.15625,0.19792
4291,42,19,38,ز,paradise,0.10526,0.42105,0.18421,0.21053,0.15789,0.18421
4292,42,20,75,ب,,0.10667,0.49333,0.14667,0.25333,0.2,0.13333
4293,42,21,84,م,punishment,0.07143,0.53571,0.14286,0.17857,0.16667,0.22619
4294,42,22,107,ر,paradise,0.09346,0.46729,0.15888,0.16822,0.1028,0.26168
4295,42,23,118,ر,mercy|prophets|dialogue,0.08475,0.42373,0.17797,0.22034,0.17797,0.16102
4296,42,24,91,ر,dialogue,0.08791,0.40659,0.24176,0.16484,0.17582,0.18681
4297,42,25,51,ن,mercy,0.01961,0.45098,0.17647,0.13725,0.19608,0.27451
4298,42,26,64,د,punishment|polytheism-rejection,0.04688,0.46875,0.15625,0.20312,0.10938,0.25
4299,42,27,68,ر,paradise|creation,0.14706,0.39706,0.26471,0.19118,0.16176,0.20588
4300,42,28,52,د,mercy|nature-imagery,0.07692,0.55769,0.11538,0.19231,0.13462,0.23077
4301,42,29,63,ر,creation,0.07937,0.39683,0.20635,0.19048,0.19048,0.25397
4302,42,30,41,ر,mercy,0.07317,0.41463,0.29268,0.17073,0.12195,0.36585
4303,42,31,48,ر,creation,0.08333,0.625,0.14583,0.10417,0.08333,0.29167
4304,42,32,29,م,nature-imagery,0.06897,0.44828,0.2069,0.10345,0.17241,0.2069
4305,42,33,55,ر,nature-imagery,0.14545,0.45455,0.21818,0.21818,0.14545,0.09091
4306,42,34,26,ر,mercy|punishment,0.07692,0.42308,0.26923,0.15385,0.15385,0.34615
4307,42,35,36,ص,,0.02778,0.58333,0.11111,0.13889,0.11111,0.22222
4308,42,36,74,ن,,0.04054,0.5,0.18919,0.12162,0.16216,0.24324
4309,42,37,50,ن,mercy,0.06,0.44,0.18,0.22,0.14,0.3
4310,42,38,64,ن,prayer,0.125,0.5,0.15625,0.17188,0.10938,0.3125
4311,42,39,29,ن,,0.10345,0.44828,0.17241,0.24138,0.17241,0.2069
4312,42,40,57,ن,mercy,0.05263,0.36842,0.15789,0.29825,0.2807,0.15789
4313,42,41,35,ل,,0.08571,0.51429,0.2,0.17143,0.17143,0.28571
4314,42,42,66,م,punishment|creation,0.07576,0.5,0.16667,0.16667,0.16667,0.19697
4315,42,43,28,ر,mercy,0.14286,0.60714,0.14286,0.17857,0.14286,0.32143
4316,42,44,72,ل,punishment|dialogue,0.08333,0.58333,0.125,0.125,0.11111,0.25
4317,42,45,123,م,punishment|hell|dialogue|eschatology,0.10569,0.52846,0.09756,0.20325,0.1626,0.19512
4318,42,46,56,ل,,0.05357,0.64286,0.08929,0.16071,0.125,0.26786
4319,42,47,68,ر,polytheism-rejection,0.05882,0.60294,0.25,0.05882,0.08824,0.29412
4320,42,48,115,ر,mercy|prophets,0.08696,0.37391,0.23478,0.21739,0.23478,0.1913
4321,42,49,62,ر,creation,0.06452,0.46774,0.17742,0.17742,0.14516,0.17742
4322,42,50,47,ر,,0.08511,0.46809,0.21277,0.12766,0.19149,0.17021
4323,42,51,77,م,prophets,0.05195,0.48052,0.19481,0.18182,0.22078,0.20779
4324,42,52,109,م,creation|prophets,0.07339,0.46789,0.26606,0.09174,0.13761,0.17431
4325,42,53,56,ر,creation,0.14286,0.46429,0.125,0.17857,0.125,0.16071
4326,43,1,2,م,,0.0,0.5,0.0,0.5,0.5,0.5
4327,43,2,13,ن,,0.0,0.46154,0.30769,0.0,0.0,0.30769
4328,43,3,30,ن,creation,0.13333,0.43333,0.26667,0.03333,0.23333,0.1
4329,43,4,27,م,,0.0,0.48148,0.25926,0.11111,0.18519,0.18519
4330,43,5,35,ن,,0.17143,0.42857,0.22857,0.22857,0.11429,0.25714
4331,43,6,23,ن,prophets,0.04348,0.65217,0.17391,0.08696,0.08696,0.26087
4332,43,7,32,ن,prophets,0.0,0.46875,0.25,0.15625,0.1875,0.25
4333,43,8,32,ن,punishment,0.0625,0.4375,0.21875,0.21875,0.15625,0.25
4334,43,9,52,م,creation|dialogue,0.09615,0.51923,0.15385,0.17308,0.17308,0.15385
4335,43,10,45,ن,creation,0.04444,0.42222,0.24444,0.15556,0.15556,0.17778
4336,43,11,50,ن,creation|nature-imagery,0.08,0.42,0.28,0.18,0.12,0.2
4337,43,12,49,ن,creation|nature-imagery,0.04082,0.46939,0.22449,0.10204,0.12245,0.22449
4338,43,13,84,ن,prayer,0.09524,0.44048,0.16667,0.21429,0.14286,0.20238
4339,43,14,19,ن,,0.10526,0.57895,0.26316,0.0,0.10526,0.26316
4340,43,15,37,ن,,0.02703,0.43243,0.24324,0.13514,0.18919,0.21622
4341,43,16,31,ن,creation,0.06452,0.3871,0.29032,0.16129,0.12903,0.29032
4342,43,17,46,م,mercy,0.13043,0.43478,0.19565,0.28261,0.17391,0.30435
4343,43,18,34,ن,,0.05882,0.55882,0.08824,0.26471,0.20588,0.26471
4344,43,19,66,ن,mercy|creation|legal,0.0303,0.36364,0.24242,0.21212,0.21212,0.18182
4345,43,20,53,ن,mercy|prayer|dialogue,0.07547,0.50943,0.15094,0.15094,0.18868,0.26415
4346,43,21,33,ن,,0.0303,0.36364,0.33333,0.21212,0.18182,0.33333
4347,43,22,46,ن,dialogue,0.04348,0.36957,0.28261,0.08696,0.23913,0.19565
4348,43,23,83,ن,dialogue,0.10843,0.43373,0.26506,0.12048,0.16867,0.19277
4349,43,24,60,ن,dialogue|polytheism-rejection,0.06667,0.36667,0.38333,0.08333,0.18333,0.28333
4350,43,25,36,ن,,0.11111,0.38889,0.22222,0.19444,0.08333,0.25
4351,43,26,40,ن,prophets|prayer|dialogue,0.1,0.45,0.325,0.1,0.225,0.3
4352,43,27,22,ن,creation,0.09091,0.45455,0.18182,0.27273,0.18182,0.09091
4353,43,28,32,ن,creation,0.09375,0.40625,0.21875,0.1875,0.28125,0.21875
4354,43,29,39,ن,prophets,0.05128,0.35897,0.33333,0.15385,0.28205,0.25641
4355,43,30,36,ن,dialogue|polytheism-rejection,0.11111,0.36111,0.19444,0.22222,0.19444,0.22222
4356,43,31,42,م,dialogue,0.16667,0.54762,0.14286,0.09524,0.09524,0.11905
4357,43,32,111,ن,mercy,0.13514,0.42342,0.1982,0.22523,0.18919,0.25225
4358,43,33,77,ن,mercy|creation|polytheism-rejection,0.09091,0.50649,0.14286,0.19481,0.16883,0.23377
4359,43,34,30,ن,,0.06667,0.46667,0.26667,0.1,0.16667,0.3
4360,43,35,53,ن,,0.07547,0.45283,0.20755,0.15094,0.16981,0.15094
4361,43,36,38,ن,mercy|prayer,0.18421,0.52632,0.10526,0.23684,0.15789,0.13158
4362,43,37,38,ن,,0.02632,0.55263,0.18421,0.21053,0.21053,0.28947
4363,43,38,49,ن,dialogue|eschatology,0.10204,0.40816,0.30612,0.10204,0.10204,0.14286
4364,43,39,40,ن,punishment,0.05,0.525,0.2,0.15,0.1,0.3
4365,43,40,40,ن,prophets,0.05,0.475,0.225,0.15,0.15,0.25
4366,43,41,26,ن,,0.03846,0.46154,0.26923,0.19231,0.15385,0.38462
4367,43,42,34,ن,,0.08824,0.52941,0.20588,0.11765,0.17647,0.20588
4368,43,43,36,م,,0.11111,0.36111,0.30556,0.19444,0.13889,0.16667
4369,43,44,26,ن,prayer,0.07692,0.53846,0.26923,0.19231,0.11538,0.30769
4370,43,45,53,ن,mercy|creation|prophets|prayer,0.07547,0.54717,0.20755,0.11321,0.16981,0.18868
4371,43,46,55,ن,prophets|dialogue,0.10909,0.50909,0.2,0.10909,0.14545,0.21818
4372,43,47,31,ن,,0.03226,0.35484,0.22581,0.22581,0.22581,0.22581
4373,43,48,55,ن,punishment,0.05455,0.45455,0.2,0.18182,0.29091,0.21818
4374,43,49,47,ن,prophets|dialogue,0.06383,0.38298,0.25532,0.10638,0.19149,0.14894
4375,43,50,30,ن,,0.0,0.36667,0.13333,0.26667,0.16667,0.23333
4376,43,51,67,ن,paradise|dialogue,0.14925,0.49254,0.20896,0.1791,0.13433,0.22388
4377,43,52,34,ن,,0.02941,0.52941,0.14706,0.17647,0.17647,0.17647
4378,43,53,46,ن,,0.08696,0.45652,0.23913,0.17391,0.26087,0.19565
4379,43,54,36,ن,,0.11111,0.30556,0.22222,0.27778,0.19444,0.30556
4380,43,55,36,ن,,0.08333,0.44444,0.19444,0.19444,0.19444,0.27778
4381,43,56,24,ن,creation,0.04167,0.5,0.08333,0.25,0.16667,0.20833
4382,43,57,33,ن,prophets,0.15152,0.54545,0.18182,0.15152,0.06061,0.33333
4383,43,58,48,ن,dialogue,0.125,0.45833,0.25,0.16667,0.20833,0.27083
4384,43,59,42,ل,creation|prophets,0.02381,0.45238,0.21429,0.11905,0.28571,0.14286
4385,43,60,36,ن,creation,0.05556,0.52778,0.16667,0.16667,0.16667,0.22222
4386,43,61,45,م,prophets|eschatology,0.11111,0.4,0.2,0.2,0.17778,0.22222
4387,43,62,29,ن,,0.06897,0.51724,0.24138,0.10345,0.10345,0.2069
4388,43,63,79,ن,prophets|dialogue,0.06329,0.37975,0.3038,0.13924,0.1519,0.22785
4389,43,64,36,م,prayer,0.16667,0.38889,0.25,0.22222,0.16667,0.27778
4390,43,65,47,م,punishment,0.02128,0.53191,0.12766,0.21277,0.12766,0.31915
4391,43,66,40,ن,eschatology,0.075,0.45,0.175,0.225,0.275,0.15
4392,43,67,34,ن,,0.08824,0.38235,0.26471,0.14706,0.26471,0.20588
4393,43,68,34,ن,,0.0,0.5,0.17647,0.11765,0.14706,0.26471
4394,43,69,29,ن,,0.0,0.55172,0.17241,0.06897,0.06897,0.24138
4395,43,70,29,ن,mercy|paradise,0.03448,0.41379,0.31034,0.13793,0.17241,0.24138
4396,43,71,69,ن,,0.02899,0.37681,0.2029,0.26087,0.2029,0.26087
4397,43,72,35,ن,paradise|creation|legal,0.02857,0.48571,0.28571,0.08571,0.11429,0.25714
4398,43,73,27,ن,nature-imagery,0.03704,0.37037,0.22222,0.2963,0.22222,0.18519
4399,43,74,26,ن,punishment|hell,0.03846,0.5,0.19231,0.15385,0.15385,0.23077
4400,43,75,22,ن,,0.04545,0.54545,0.09091,0.27273,0.18182,0.36364
4401,43,76,29,ن,,0.06897,0.58621,0.06897,0.13793,0.06897,0.27586
4402,43,77,37,ن,dialogue,0.10811,0.48649,0.24324,0.05405,0.05405,0.18919
4403,43,78,34,ن,,0.14706,0.41176,0.38235,0.11765,0.14706,0.14706
4404,43,79,22,ن,,0.13636,0.54545,0.27273,0.04545,0.18182,0.45455
4405,43,80,48,ن,prophets,0.04167,0.52083,0.1875,0.16667,0.14583,0.27083
4406,43,81,31,ن,mercy|prophets|prayer|dialogue,0.06452,0.51613,0.25806,0.06452,0.16129,0.16129
4407,43,82,36,ن,creation,0.16667,0.41667,0.13889,0.19444,0.11111,0.25
4408,43,83,42,ن,,0.07143,0.52381,0.09524,0.19048,0.14286,0.30952
4409,43,84,44,م,creation,0.04545,0.5,0.11364,0.22727,0.22727,0.22727
4410,43,85,63,ن,creation|eschatology,0.06349,0.46032,0.1746,0.14286,0.1746,0.22222
4411,43,86,52,ن,,0.01923,0.51923,0.13462,0.17308,0.17308,0.23077
4412,43,87,37,ن,creation|dialogue,0.05405,0.54054,0.21622,0.18919,0.21622,0.21622
4413,43,88,27,ن,dialogue,0.11111,0.55556,0.25926,0.07407,0.22222,0.22222
4414,43,89,26,ن,dialogue,0.07692,0.46154,0.03846,0.34615,0.15385,0.38462
4415,44,1,2,م,,0.0,0.5,0.0,0.5,0.5,0.5
4416,44,2,13,ن,,0.0,0.46154,0.30769,0.0,0.0,0.30769
4417,44,3,34,ن,,0.05882,0.5,0.17647,0.17647,0.17647,0.11765
4418,44,4,17,م,creation,0.17647,0.47059,0.23529,0.23529,0.17647,0.23529
4419,44,5,23,ن,prophets,0.08696,0.56522,0.17391,0.04348,0.13043,0.13043
4420,44,6,26,م,mercy,0.07692,0.53846,0.11538,0.19231,0.26923,0.23077
4421,44,7,37,ن,creation,0.10811,0.54054,0.21622,0.08108,0.08108,0.2973
4422,44,8,39,ن,monotheism,0.05128,0.53846,0.28205,0.07692,0.20513,0.25641
4423,44,9,14,ن,,0.0,0.5,0.21429,0.21429,0.14286,0.35714
4424,44,10,28,ن,creation,0.07143,0.39286,0.35714,0.10714,0.10714,0.28571
4425,44,11,20,م,punishment,0.0,0.3,0.1,0.3,0.2,0.1
4426,44,12,26,ن,punishment,0.03846,0.38462,0.19231,0.11538,0.15385,0.23077
4427,44,13,28,ن,prophets,0.10714,0.46429,0.25,0.14286,0.14286,0.21429
4428,44,14,25,ن,dialogue,0.04,0.6,0.12,0.08,0.12,0.36
4429,44,15,29,ن,punishment|polytheism-rejection,0.03448,0.34483,0.27586,0.10345,0.17241,0.17241
4430,44,16,29,ن,,0.13793,0.44828,0.31034,0.10345,0.06897,0.27586
4431,44,17,35,م,prophets,0.17143,0.51429,0.25714,0.14286,0.11429,0.34286
4432,44,18,31,ن,prophets|dialogue,0.03226,0.51613,0.29032,0.06452,0.22581,0.16129
4433,44,19,35,ن,dialogue,0.02857,0.48571,0.25714,0.05714,0.17143,0.17143
4434,44,20,24,ن,,0.125,0.54167,0.375,0.04167,0.125,0.33333
4435,44,21,21,ن,,0.0,0.57143,0.19048,0.09524,0.14286,0.28571
4436,44,22,23,ن,,0.13043,0.43478,0.30435,0.13043,0.26087,0.30435
4437,44,23,24,ن,dialogue,0.04167,0.41667,0.33333,0.08333,0.16667,0.29167
4438,44,24,27,ن,nature-imagery,0.18519,0.48148,0.25926,0.14815,0.18519,0.22222
4439,44,25,18,ن,paradise,0.05556,0.55556,0.27778,0.0,0.05556,0.27778
4440,44,26,14,م,nature-imagery,0.21429,0.64286,0.14286,0.07143,0.07143,0.42857
4441,44,27,20,ن,,0.0,0.4,0.1,0.25,0.2,0.25
4442,44,28,22,ن,legal,0.13636,0.45455,0.22727,0.18182,0.18182,0.18182
4443,44,29,37,ن,creation,0.10811,0.48649,0.16216,0.13514,0.10811,0.27027
4444,44,30,33,ن,punishment,0.06061,0.51515,0.21212,0.09091,0.12121,0.15152
4445,44,31,28,ن,,0.07143,0.57143,0.07143,0.14286,0.14286,0.21429
4446,44,32,29,ن,,0.06897,0.48276,0.10345,0.06897,0.2069,0.13793
4447,44,33,29,ن,,0.0,0.48276,0.24138,0.10345,0.17241,0.27586
4448,44,34,14,ن,dialogue|polytheism-rejection,0.07143,0.57143,0.28571,0.07143,0.28571,0.14286
4449,44,35,32,ن,eschatology,0.03125,0.5625,0.1875,0.09375,0.15625,0.21875
4450,44,36,24,ن,,0.08333,0.29167,0.45833,0.08333,0.16667,0.20833
4451,44,37,50,ن,punishment,0.08,0.52,0.24,0.14,0.22,0.28
4452,44,38,37,ن,creation,0.08108,0.48649,0.13514,0.10811,0.10811,0.27027
4453,44,39,36,ن,creation,0.08333,0.47222,0.19444,0.13889,0.19444,0.19444
4454,44,40,23,ن,eschatology,0.08696,0.52174,0.21739,0.13043,0.17391,0.26087
4455,44,41,34,ن,,0.05882,0.67647,0.02941,0.11765,0.11765,0.26471
4456,44,42,29,م,mercy,0.06897,0.51724,0.06897,0.24138,0.27586,0.13793
4457,44,43,12,م,nature-imagery,0.16667,0.41667,0.33333,0.16667,0.08333,0.16667
4458,44,44,10,م,,0.1,0.4,0.2,0.1,0.2,0.2
4459,44,45,18,ن,,0.05556,0.55556,0.16667,0.16667,0.11111,0.22222
4460,44,46,10,م,,0.0,0.6,0.1,0.2,0.2,0.2
4461,44,47,24,م,punishment|hell,0.0,0.33333,0.16667,0.29167,0.29167,0.20833
4462,44,48,25,م,punishment,0.12,0.4,0.16,0.28,0.16,0.36
4463,44,49,20,م,dialogue,0.1,0.4,0.3,0.15,0.15,0.05
4464,44,50,19,ن,,0.05263,0.42105,0.31579,0.15789,0.15789,0.26316
4465,44,51,19,ن,,0.10526,0.57895,0.26316,0.05263,0.10526,0.26316
4466,44,52,11,ن,paradise,0.0,0.54545,0.18182,0.09091,0.09091,0.27273
4467,44,53,27,ن,,0.11111,0.48148,0.33333,0.14815,0.03704,0.25926
4468,44,54,19,ن,,0.05263,0.47368,0.21053,0.21053,0.15789,0.26316
4469,44,55,22,ن,mercy|nature-imagery,0.0,0.40909,0.22727,0.22727,0.22727,0.22727
4470,44,56,48,م,punishment|hell,0.04167,0.45833,0.16667,0.14583,0.14583,0.27083
4471,44,57,25,م,,0.12,0.44,0.12,0.28,0.08,0.28
4472,44,58,29,ن,,0.06897,0.48276,0.17241,0.2069,0.13793,0.17241
4473,44,59,17,ن,prophets,0.23529,0.41176,0.41176,0.11765,0.11765,0.35294
4474,45,1,2,م,,0.0,0.5,0.0,0.5,0.5,0.5
4475,45,2,29,م,,0.0,0.44828,0.17241,0.17241,0.10345,0.10345
4476,45,3,31,ن,creation,0.06452,0.54839,0.19355,0.09677,0.12903,0.19355
4477,45,4,34,ن,creation,0.08824,0.52941,0.26471,0.11765,0.08824,0.35294
4478,45,5,89,ن,paradise|creation|nature-imagery,0.11236,0.47191,0.16854,0.16854,0.1573,0.20225
4479,45,6,53,ن,,0.01887,0.39623,0.30189,0.15094,0.22642,0.15094
4480,45,7,14,م,,0.0,0.5,0.28571,0.14286,0.14286,0.21429
4481,45,8,57,م,punishment,0.07018,0.38596,0.22807,0.21053,0.19298,0.19298
4482,45,9,45,ن,punishment,0.0,0.35556,0.2,0.22222,0.26667,0.17778
4483,45,10,72,م,punishment|hell,0.02778,0.48611,0.13889,0.16667,0.19444,0.26389
4484,45,11,42,م,punishment|polytheism-rejection,0.07143,0.40476,0.21429,0.21429,0.16667,0.2381
4485,45,12,63,ن,nature-imagery,0.09524,0.47619,0.20635,0.22222,0.14286,0.22222
4486,45,13,60,ن,creation,0.08333,0.5,0.18333,0.16667,0.1,0.26667
4487,45,14,61,ن,mercy|prophets|dialogue|eschatology,0.06557,0.57377,0.16393,0.11475,0.06557,0.21311
4488,45,15,44,ن,,0.06818,0.43182,0.15909,0.22727,0.20455,0.25
4489,45,16,74,ن,prophets|eschatology,0.08108,0.47297,0.21622,0.10811,0.12162,0.21622
4490,45,17,102,ن,eschatology,0.04902,0.47059,0.20588,0.14706,0.15686,0.28431
4491,45,18,55,ن,prophets,0.03636,0.41818,0.18182,0.12727,0.21818,0.18182
4492,45,19,64,ن,,0.0625,0.53125,0.15625,0.14062,0.20312,0.1875
4493,45,20,32,ن,mercy,0.15625,0.5,0.15625,0.21875,0.15625,0.25
4494,45,21,85,ن,,0.02353,0.43529,0.17647,0.17647,0.18824,0.22353
4495,45,22,56,ن,creation|eschatology,0.08929,0.42857,0.21429,0.19643,0.08929,0.25
4496,45,23,94,ن,,0.06383,0.38298,0.18085,0.26596,0.29787,0.20213
4497,45,24,78,ن,punishment|dialogue,0.03846,0.52564,0.15385,0.11538,0.15385,0.20513
4498,45,25,68,ن,dialogue,0.04412,0.33824,0.35294,0.07353,0.17647,0.14706
4499,45,26,70,ن,dialogue|eschatology,0.05714,0.55714,0.17143,0.12857,0.11429,0.21429
4500,45,27,52,ن,creation|eschatology,0.09615,0.53846,0.15385,0.15385,0.11538,0.28846
4501,45,28,54,ن,eschatology,0.01852,0.38889,0.31481,0.11111,0.16667,0.2037
4502,45,29,47,ن,,0.06383,0.38298,0.29787,0.12766,0.12766,0.14894
4503,45,30,62,ن,mercy,0.04839,0.46774,0.12903,0.24194,0.16129,0.29032
4504,45,31,59,ن,dialogue|polytheism-rejection,0.0678,0.47458,0.30508,0.08475,0.0678,0.27119
4505,45,32,78,ن,dialogue|eschatology,0.10256,0.44872,0.17949,0.16667,0.16667,0.15385
4506,45,33,43,ن,,0.02326,0.37209,0.23256,0.18605,0.18605,0.30233
4507,45,34,61,ن,hell|dialogue,0.08197,0.59016,0.16393,0.08197,0.04918,0.27869
4508,45,35,76,ن,,0.02632,0.44737,0.19737,0.18421,0.15789,0.21053
4509,45,36,37,ن,creation,0.13514,0.48649,0.16216,0.13514,0.10811,0.24324
4510,45,37,42,م,creation,0.07143,0.45238,0.14286,0.19048,0.14286,0.21429
4511,46,1,2,م,,0.0,0.5,0.0,0.5,0.5,0.5
4512,46,2,29,م,,0.0,0.44828,0.17241,0.17241,0.10345,0.10345
4513,46,3,72,ن,creation|polytheism-rejection,0.11111,0.47222,0.15278,0.13889,0.125,0.26389
4514,46,4,106,ن,creation|prophets|dialogue,0.10377,0.46226,0.26415,0.12264,0.15094,0.21698
4515,46,5,64,ن,eschatology,0.03125,0.54688,0.15625,0.14062,0.1875,0.26562
4516,46,6,45,ن,prayer|eschatology,0.04444,0.33333,0.24444,0.15556,0.17778,0.2
4517,46,7,59,ن,polytheism-rejection,0.0678,0.40678,0.22034,0.16949,0.15254,0.15254
4518,46,8,99,م,mercy|legal|dialogue,0.07071,0.48485,0.19192,0.20202,0.15152,0.27273
4519,46,9,74,ن,prophets|dialogue,0.05405,0.48649,0.25676,0.05405,0.14865,0.24324
4520,46,10,95,ن,legal|dialogue|polytheism-rejection,0.07368,0.46316,0.24211,0.15789,0.16842,0.18947
4521,46,11,76,م,dialogue|polytheism-rejection,0.07895,0.47368,0.21053,0.18421,0.11842,0.23684
4522,46,12,75,ن,mercy|prophets,0.10667,0.46667,0.17333,0.18667,0.09333,0.25333
4523,46,13,52,ن,dialogue,0.05769,0.48077,0.09615,0.21154,0.13462,0.23077
4524,46,14,43,ن,paradise,0.02326,0.37209,0.25581,0.16279,0.2093,0.18605
4525,46,15,193,ن,mercy|dialogue,0.07772,0.43005,0.21244,0.20725,0.22798,0.1658
4526,46,16,81,ن,paradise,0.04938,0.40741,0.23457,0.16049,0.18519,0.18519
4527,46,17,113,ن,creation|dialogue,0.0885,0.46903,0.23894,0.14159,0.17699,0.15044
4528,46,18,66,ن,,0.07576,0.5,0.22727,0.15152,0.18182,0.19697
4529,46,19,43,ن,punishment,0.04651,0.60465,0.11628,0.11628,0.13953,0.34884
4530,46,20,129,ن,punishment|hell|creation|dialogue|polytheism-rejection,0.08527,0.4186,0.25581,0.15504,0.09302,0.26357
4531,46,21,95,م,punishment|prophets|prayer|dialogue,0.07368,0.38947,0.24211,0.18947,0.23158,0.2
4532,46,22,54,ن,dialogue,0.05556,0.33333,0.37037,0.07407,0.16667,0.11111
4533,46,23,55,ن,dialogue,0.07273,0.47273,0.27273,0.09091,0.18182,0.21818
4534,46,24,75,م,punishment|dialogue|nature-imagery,0.13333,0.37333,0.21333,0.2,0.18667,0.24
4535,46,25,60,ن,punishment|eschatology,0.11667,0.45,0.26667,0.15,0.11667,0.21667
4536,46,26,138,ن,punishment|creation|polytheism-rejection,0.04348,0.38406,0.23913,0.2029,0.22464,0.26812
4537,46,27,47,ن,punishment|polytheism-rejection,0.12766,0.51064,0.19149,0.10638,0.14894,0.19149
4538,46,28,73,ن,,0.08219,0.47945,0.15068,0.20548,0.13699,0.24658
4539,46,29,80,ن,prophets|dialogue,0.1625,0.5125,0.1625,0.175,0.1125,0.2375
4540,46,30,78,م,prophets|dialogue,0.11538,0.42308,0.26923,0.10256,0.11538,0.19231
4541,46,31,60,م,mercy|punishment|prophets,0.05,0.51667,0.23333,0.1,0.13333,0.31667
4542,46,32,65,ن,creation,0.04615,0.50769,0.2,0.16923,0.15385,0.23077
4543,46,33,85,ر,creation,0.10588,0.48235,0.21176,0.11765,0.17647,0.15294
4544,46,34,79,ن,punishment|hell|dialogue|polytheism-rejection,0.12658,0.43038,0.18987,0.13924,0.07595,0.24051
4545,46,35,107,ن,punishment|prophets|eschatology,0.08411,0.49533,0.15888,0.16822,0.14019,0.25234
4546,47,1,35,م,polytheism-rejection,0.08571,0.45714,0.14286,0.2,0.17143,0.2
4547,47,2,81,م,prophets,0.06173,0.48148,0.14815,0.18519,0.19753,0.2963
4548,47,3,81,م,polytheism-rejection,0.07407,0.4321,0.22222,0.14815,0.12346,0.20988
4549,47,4,167,م,polytheism-rejection,0.09581,0.39521,0.21557,0.20958,0.14371,0.23952
4550,47,5,17,م,,0.05882,0.47059,0.11765,0.35294,0.23529,0.23529
4551,47,6,20,م,paradise|creation,0.05,0.45,0.1,0.3,0.3,0.2
4552,47,7,46,م,dialogue,0.1087,0.47826,0.23913,0.13043,0.13043,0.17391
4553,47,8,30,م,polytheism-rejection,0.06667,0.43333,0.13333,0.23333,0.2,0.26667
4554,47,9,35,م,,0.05714,0.37143,0.25714,0.22857,0.28571,0.22857
4555,47,10,75,ا,punishment|polytheism-rejection,0.12,0.49333,0.14667,0.2,0.13333,0.21333
4556,47,11,44,م,polytheism-rejection,0.02273,0.56818,0.13636,0.11364,0.11364,0.22727
4557,47,12,108,م,paradise|hell|polytheism-rejection,0.0463,0.49074,0.19444,0.11111,0.14815,0.17593
4558,47,13,54,م,punishment,0.14815,0.44444,0.2963,0.18519,0.2037,0.12963
4559,47,14,48,م,creation,0.02083,0.4375,0.20833,0.1875,0.27083,0.27083
4560,47,15,172,م,mercy|paradise|hell|nature-imagery,0.10465,0.5,0.15116,0.19767,0.19767,0.24419
4561,47,16,104,م,prophets|dialogue,0.04808,0.42308,0.23077,0.125,0.20192,0.22115
4562,47,17,32,م,,0.03125,0.3125,0.25,0.21875,0.1875,0.21875
4563,47,18,65,م,prayer|eschatology,0.09231,0.27692,0.29231,0.26154,0.27692,0.13846
4564,47,19,73,م,mercy|prophets|monotheism,0.0274,0.52055,0.19178,0.13699,0.16438,0.27397
4565,47,20,117,م,dialogue,0.11111,0.52991,0.15385,0.21368,0.13675,0.21368
4566,47,21,48,م,,0.14583,0.4375,0.14583,0.20833,0.1875,0.25
4567,47,22,45,م,creation,0.11111,0.4,0.28889,0.17778,0.17778,0.24444
4568,47,23,37,م,punishment,0.08108,0.43243,0.18919,0.21622,0.2973,0.24324
4569,47,24,33,ا,,0.15152,0.39394,0.33333,0.09091,0.18182,0.21212
4570,47,25,63,م,polytheism-rejection,0.04762,0.46032,0.20635,0.12698,0.15873,0.20635
4571,47,26,65,م,dialogue,0.10769,0.49231,0.15385,0.18462,0.16923,0.18462
4572,47,27,41,م,,0.07317,0.39024,0.26829,0.2439,0.19512,0.34146
4573,47,28,48,م,,0.10417,0.33333,0.25,0.22917,0.27083,0.25
4574,47,29,40,م,,0.125,0.475,0.175,0.275,0.225,0.2
4575,47,30,66,م,,0.06061,0.5303,0.13636,0.18182,0.19697,0.27273
4576,47,31,50,م,,0.06,0.56,0.22,0.08,0.1,0.3
4577,47,32,86,م,prophets|polytheism-rejection,0.0814,0.46512,0.16279,0.17442,0.13953,0.2093
4578,47,33,55,م,prophets|dialogue,0.07273,0.47273,0.2,0.07273,0.18182,0.2
4579,47,34,55,م,mercy|polytheism-rejection,0.07273,0.49091,0.10909,0.23636,0.12727,0.25455
4580,47,35,58,م,,0.01724,0.51724,0.2069,0.06897,0.17241,0.25862
4581,47,36,65,م,,0.03077,0.49231,0.29231,0.06154,0.16923,0.26154
4582,47,37,35,م,,0.05714,0.4,0.25714,0.25714,0.22857,0.25714
4583,47,38,129,م,,0.03876,0.48837,0.22481,0.16279,0.15504,0.26357
4584,48,1,19,ا,prophets,0.0,0.31579,0.26316,0.21053,0.15789,0.21053
4585,48,2,61,ا,mercy,0.11475,0.45902,0.2623,0.14754,0.13115,0.21311
4586,48,3,19,ا,,0.21053,0.47368,0.05263,0.26316,0.10526,0.05263
4587,48,4,94,ا,creation,0.03191,0.51064,0.15957,0.1383,0.1383,0.20213
4588,48,5,93,ا,paradise,0.04301,0.45161,0.19355,0.17204,0.17204,0.16129
4589,48,6,116,ا,punishment|hell|polytheism-rejection,0.08621,0.47414,0.15517,0.18103,0.16379,0.21552
4590,48,7,40,ا,creation,0.05,0.45,0.15,0.175,0.125,0.175
4591,48,8,27,ا,legal,0.11111,0.40741,0.18519,0.18519,0.11111,0.14815
4592,48,9,49,ا,prophets,0.12245,0.46939,0.22449,0.22449,0.20408,0.30612
4593,48,10,105,ا,prophets,0.02857,0.4381,0.18095,0.19048,0.2,0.2
4594,48,11,151,ا,mercy|dialogue,0.07285,0.48344,0.21854,0.1457,0.13907,0.25166
4595,48,12,85,ا,creation|prophets,0.09412,0.55294,0.24706,0.11765,0.09412,0.28235
4596,48,13,43,ا,hell|prophets|polytheism-rejection,0.06977,0.53488,0.16279,0.13953,0.16279,0.2093
4597,48,14,61,ا,mercy|punishment|creation,0.08197,0.5082,0.11475,0.19672,0.14754,0.22951
4598,48,15,141,ا,dialogue,0.07801,0.48227,0.24113,0.12766,0.10638,0.20567
4599,48,16,124,ا,punishment,0.05645,0.45968,0.29032,0.10484,0.15323,0.23387
4600,48,17,110,ا,punishment|paradise|prophets,0.09091,0.45455,0.17273,0.14545,0.20909,0.13636
4601,48,18,86,ا,paradise|prophets|nature-imagery,0.0814,0.43023,0.2093,0.2093,0.18605,0.2093
4602,48,19,37,ا,,0.02703,0.43243,0.10811,0.27027,0.21622,0.16216
4603,48,20,89,ا,,0.05618,0.46067,0.22472,0.19101,0.17978,0.20225
4604,48,21,52,ا,,0.13462,0.36538,0.26923,0.13462,0.21154,0.09615
4605,48,22,52,ا,polytheism-rejection,0.09615,0.55769,0.17308,0.07692,0.01923,0.23077
4606,48,23,41,ا,,0.04878,0.43902,0.29268,0.17073,0.12195,0.09756
4607,48,24,77,ا,,0.06494,0.46753,0.25974,0.14286,0.19481,0.28571
4608,48,25,179,ا,mercy|punishment|polytheism-rejection,0.05587,0.50279,0.17318,0.17318,0.17318,0.26816
4609,48,26,130,ا,prophets|polytheism-rejection,0.03846,0.44615,0.17692,0.20769,0.21538,0.19231
4610,48,27,120,ا,prophets,0.11667,0.46667,0.21667,0.16667,0.14167,0.19167
4611,48,28,60,ا,prophets|legal,0.08333,0.41667,0.16667,0.25,0.18333,0.11667
4612,48,29,249,ا,mercy|prophets|prayer|polytheism-rejection,0.09237,0.41767,0.15663,0.24096,0.18474,0.21285
4613,49,1,64,م,prophets|dialogue,0.04688,0.51562,0.15625,0.125,0.15625,0.17188
4614,49,2,98,ن,prophets|dialogue,0.11224,0.40816,0.27551,0.13265,0.16327,0.23469
4615,49,3,77,م,mercy|prophets,0.1039,0.49351,0.18182,0.20779,0.20779,0.19481
4616,49,4,41,ن,prophets,0.09756,0.5122,0.21951,0.09756,0.14634,0.12195
4617,49,5,48,م,mercy,0.125,0.52083,0.14583,0.22917,0.22917,0.22917
4618,49,6,79,ن,dialogue,0.05063,0.36709,0.27848,0.1519,0.1519,0.26582
4619,49,7,127,ن,creation|prophets|polytheism-rejection,0.07874,0.53543,0.19685,0.13386,0.13386,0.25197
4620,49,8,28,م,,0.03571,0.57143,0.03571,0.21429,0.21429,0.25
4621,49,9,144,ن,,0.07639,0.36111,0.27778,0.17361,0.20833,0.20139
4622,49,10,53,ن,mercy,0.0566,0.50943,0.20755,0.15094,0.22642,0.28302
4623,49,11,159,ن,mercy|dialogue,0.05031,0.47799,0.18868,0.14465,0.13836,0.24528
4624,49,12,129,م,mercy|dialogue,0.06977,0.39535,0.25581,0.17829,0.1938,0.20155
4625,49,13,93,ر,creation,0.07527,0.41935,0.25806,0.10753,0.19355,0.17204
4626,49,14,116,م,mercy|prophets|dialogue,0.07759,0.52586,0.21552,0.09483,0.15517,0.23276
4627,49,15,91,ن,prophets,0.04396,0.50549,0.18681,0.16484,0.15385,0.2967
4628,49,16,65,م,creation|dialogue,0.04615,0.52308,0.16923,0.12308,0.13846,0.24615
4629,49,17,76,ن,dialogue,0.03947,0.55263,0.23684,0.06579,0.14474,0.18421
4630,49,18,45,ن,creation,0.08889,0.51111,0.15556,0.13333,0.15556,0.24444
4631,50,1,14,د,,0.21429,0.5,0.35714,0.0,0.07143,0.14286
4632,50,2,44,ب,dialogue|polytheism-rejection,0.06818,0.38636,0.25,0.18182,0.18182,0.25
4633,50,3,27,د,,0.07407,0.2963,0.37037,0.07407,0.14815,0.14815
4634,50,4,36,ظ,creation,0.16667,0.38889,0.25,0.16667,0.13889,0.19444
4635,50,5,32,ج,polytheism-rejection,0.09375,0.40625,0.28125,0.1875,0.15625,0.34375
4636,50,6,53,ج,creation,0.07547,0.4717,0.13208,0.20755,0.13208,0.28302
4637,50,7,51,ج,mercy|creation|nature-imagery,0.07843,0.43137,0.23529,0.17647,0.13725,0.21569
4638,50,8,20,ب,,0.15,0.4,0.35,0.15,0.1,0.25
4639,50,9,45,د,paradise|creation|nature-imagery,0.04444,0.37778,0.26667,0.15556,0.13333,0.24444
4640,50,10,22,د,nature-imagery,0.13636,0.36364,0.22727,0.18182,0.13636,0.09091
4641,50,11,37,ج,paradise|eschatology,0.08108,0.37838,0.2973,0.16216,0.16216,0.16216
4642,50,12,30,د,prophets|polytheism-rejection,0.13333,0.4,0.3,0.23333,0.13333,0.36667
4643,50,13,19,ط,prophets,0.10526,0.52632,0.15789,0.10526,0.21053,0.36842
4644,50,14,36,د,prophets|polytheism-rejection,0.11111,0.33333,0.33333,0.19444,0.19444,0.25
4645,50,15,36,د,creation,0.05556,0.44444,0.27778,0.16667,0.16667,0.22222
4646,50,16,57,د,creation,0.08772,0.49123,0.21053,0.19298,0.17544,0.22807
4647,50,17,37,د,,0.08108,0.51351,0.18919,0.05405,0.10811,0.10811
4648,50,18,26,د,,0.15385,0.5,0.26923,0.11538,0.11538,0.19231
4649,50,19,34,د,,0.05882,0.35294,0.35294,0.17647,0.14706,0.17647
4650,50,20,23,د,,0.08696,0.56522,0.08696,0.21739,0.08696,0.30435
4651,50,21,23,د,legal,0.04348,0.26087,0.30435,0.26087,0.21739,0.17391
4652,50,22,45,د,dialogue,0.08889,0.31111,0.28889,0.28889,0.15556,0.2
4653,50,23,21,د,dialogue,0.14286,0.42857,0.2381,0.14286,0.14286,0.09524
4654,50,24,21,د,hell|polytheism-rejection,0.09524,0.42857,0.28571,0.14286,0.14286,0.14286
4655,50,25,17,ب,,0.11765,0.58824,0.17647,0.05882,0.17647,0.23529
4656,50,26,41,د,punishment|creation,0.04878,0.34146,0.19512,0.21951,0.2439,0.09756
4657,50,27,37,د,dialogue,0.16216,0.43243,0.27027,0.13514,0.13514,0.13514
4658,50,28,34,د,dialogue,0.11765,0.41176,0.38235,0.05882,0.08824,0.20588
4659,50,29,31,د,,0.06452,0.51613,0.25806,0.03226,0.06452,0.25806
4660,50,30,33,د,hell|dialogue,0.06061,0.60606,0.24242,0.12121,0.12121,0.27273
4661,50,31,25,د,paradise,0.08,0.48,0.28,0.16,0.16,0.16
4662,50,32,22,ظ,dialogue,0.04545,0.36364,0.22727,0.22727,0.18182,0.27273
4663,50,33,29,ب,mercy,0.06897,0.48276,0.27586,0.13793,0.13793,0.31034
4664,50,34,24,د,,0.0,0.45833,0.16667,0.20833,0.125,0.25
4665,50,35,25,د,,0.0,0.52,0.12,0.2,0.12,0.24
4666,50,36,54,ص,punishment,0.11111,0.44444,0.25926,0.2037,0.14815,0.2963
4667,50,37,41,د,,0.07317,0.43902,0.2439,0.19512,0.17073,0.17073
4668,50,38,54,ب,creation,0.07407,0.48148,0.16667,0.16667,0.11111,0.2963
4669,50,39,49,ب,creation|prophets,0.16327,0.42857,0.26531,0.16327,0.10204,0.34694
4670,50,40,25,د,prayer,0.04,0.44,0.24,0.2,0.12,0.28
4671,50,41,29,ب,,0.06897,0.55172,0.2069,0.03448,0.03448,0.27586
4672,50,42,32,ج,,0.09375,0.53125,0.125,0.21875,0.15625,0.25
4673,50,43,27,ر,,0.07407,0.66667,0.11111,0.11111,0.14815,0.14815
4674,50,44,36,ر,creation,0.19444,0.44444,0.13889,0.22222,0.16667,0.08333
4675,50,45,53,د,dialogue,0.09434,0.49057,0.24528,0.11321,0.16981,0.28302
4676,51,1,13,ا,nature-imagery,0.15385,0.46154,0.07692,0.15385,0.0,0.15385
4677,51,2,13,ا,nature-imagery,0.15385,0.38462,0.15385,0.15385,0.07692,0.23077
4678,51,3,13,ا,,0.15385,0.38462,0.15385,0.15385,0.0,0.07692
4679,51,4,13,ا,,0.15385,0.38462,0.23077,0.15385,0.07692,0.30769
4680,51,5,15,ق,,0.13333,0.4,0.33333,0.06667,0.13333,0.2
4681,51,6,13,ع,eschatology,0.07692,0.53846,0.23077,0.0,0.15385,0.15385
4682,51,7,15,ك,creation,0.0,0.26667,0.26667,0.2,0.13333,0.2
4683,51,8,15,ف,,0.06667,0.53333,0.26667,0.2,0.13333,0.33333
4684,51,9,12,ك,,0.0,0.33333,0.33333,0.25,0.33333,0.25
4685,51,10,11,ن,punishment,0.27273,0.45455,0.18182,0.18182,0.09091,0.09091
4686,51,11,18,ن,,0.05556,0.5,0.0,0.38889,0.22222,0.22222
4687,51,12,18,ن,eschatology,0.0,0.66667,0.16667,0.05556,0.11111,0.16667
4688,51,13,19,ن,punishment|hell,0.05263,0.63158,0.05263,0.10526,0.10526,0.26316
4689,51,14,32,ن,punishment,0.03125,0.34375,0.3125,0.21875,0.09375,0.21875
4690,51,15,20,ن,paradise,0.05,0.55,0.25,0.05,0.1,0.2
4691,51,16,37,ن,,0.05405,0.43243,0.24324,0.21622,0.21622,0.21622
4692,51,17,25,ن,,0.04,0.6,0.12,0.04,0.08,0.16
4693,51,18,19,ن,mercy,0.10526,0.42105,0.15789,0.31579,0.21053,0.26316
4694,51,19,26,م,,0.07692,0.57692,0.11538,0.19231,0.19231,0.34615
4695,51,20,20,ن,creation,0.15,0.6,0.2,0.1,0.1,0.2
4696,51,21,19,ن,,0.10526,0.42105,0.26316,0.26316,0.10526,0.36842
4697,51,22,23,ن,paradise|creation,0.08696,0.47826,0.21739,0.13043,0.08696,0.34783
4698,51,23,37,ن,creation,0.16216,0.45946,0.27027,0.16216,0.16216,0.24324
4699,51,24,28,ن,prophets,0.10714,0.42857,0.25,0.21429,0.17857,0.17857
4700,51,25,38,ن,dialogue,0.10526,0.47368,0.15789,0.15789,0.10526,0.23684
4701,51,26,23,ن,,0.04348,0.30435,0.26087,0.26087,0.30435,0.17391
4702,51,27,22,ن,dialogue,0.13636,0.40909,0.36364,0.13636,0.22727,0.18182
4703,51,28,38,م,dialogue,0.05263,0.42105,0.15789,0.28947,0.21053,0.34211
4704,51,29,39,م,dialogue,0.17949,0.28205,0.33333,0.25641,0.20513,0.23077
4705,51,30,32,م,dialogue,0.09375,0.4375,0.25,0.125,0.15625,0.15625
4706,51,31,23,ن,prophets|dialogue,0.13043,0.43478,0.21739,0.17391,0.13043,0.26087
4707,51,32,26,ن,dialogue,0.15385,0.53846,0.23077,0.03846,0.11538,0.19231
4708,51,33,20,ن,,0.15,0.6,0.1,0.2,0.2,0.1
4709,51,34,19,ن,,0.10526,0.57895,0.15789,0.21053,0.10526,0.31579
4710,51,35,26,ن,,0.03846,0.53846,0.15385,0.15385,0.15385,0.23077
4711,51,36,28,ن,,0.03571,0.53571,0.14286,0.17857,0.07143,0.28571
4712,51,37,36,م,punishment,0.02778,0.47222,0.13889,0.19444,0.16667,0.16667
4713,51,38,34,ن,prophets,0.08824,0.47059,0.17647,0.20588,0.14706,0.26471
4714,51,39,25,ن,dialogue,0.12,0.48,0.24,0.16,0.12,0.28
4715,51,40,34,م,nature-imagery,0.0,0.5,0.11765,0.29412,0.17647,0.35294
4716,51,41,30,م,nature-imagery,0.1,0.46667,0.13333,0.16667,0.23333,0.13333
4717,51,42,32,م,creation,0.0625,0.4375,0.28125,0.125,0.21875,0.125
4718,51,43,27,ن,dialogue,0.03704,0.44444,0.22222,0.22222,0.18519,0.25926
4719,51,44,37,ن,punishment|nature-imagery,0.16216,0.40541,0.16216,0.27027,0.27027,0.27027
4720,51,45,32,ن,,0.125,0.46875,0.15625,0.09375,0.03125,0.28125
4721,51,46,31,ن,punishment|prophets,0.12903,0.51613,0.22581,0.12903,0.09677,0.35484
4722,51,47,29,ن,creation,0.0,0.48276,0.2069,0.10345,0.17241,0.27586
4723,51,48,25,ن,creation,0.12,0.44,0.08,0.24,0.16,0.24
4724,51,49,29,ن,creation|prayer,0.06897,0.55172,0.24138,0.13793,0.10345,0.17241
4725,51,50,29,ن,,0.06897,0.58621,0.13793,0.17241,0.13793,0.24138
4726,51,51,39,ن,,0.05128,0.53846,0.17949,0.12821,0.23077,0.17949
4727,51,52,46,ن,prophets|dialogue,0.08696,0.5,0.21739,0.13043,0.1087,0.21739
4728,51,53,21,ن,,0.14286,0.38095,0.28571,0.19048,0.19048,0.38095
4729,51,54,19,م,prophets,0.0,0.52632,0.21053,0.15789,0.15789,0.47368
4730,51,55,25,ن,,0.08,0.48,0.2,0.16,0.12,0.2
4731,51,56,27,ن,creation|prayer,0.03704,0.48148,0.25926,0.07407,0.14815,0.18519
4732,51,57,30,ن,paradise,0.16667,0.6,0.23333,0.06667,0.16667,0.26667
4733,51,58,27,ن,,0.11111,0.48148,0.14815,0.18519,0.14815,0.14815
4734,51,59,43,ن,punishment,0.04651,0.46512,0.16279,0.25581,0.11628,0.27907
4735,51,60,31,ن,polytheism-rejection,0.03226,0.67742,0.06452,0.16129,0.06452,0.32258
4736,52,1,6,ر,,0.33333,0.66667,0.16667,0.0,0.0,0.33333
4737,52,2,10,ر,,0.2,0.4,0.4,0.1,0.0,0.4
4738,52,3,9,ر,,0.33333,0.66667,0.11111,0.22222,0.0,0.33333
4739,52,4,13,ر,,0.07692,0.61538,0.15385,0.0,0.07692,0.38462
4740,52,5,13,ع,creation,0.15385,0.46154,0.07692,0.23077,0.07692,0.38462
4741,52,6,13,ر,hell|nature-imagery,0.15385,0.53846,0.15385,0.15385,0.07692,0.30769
4742,52,7,14,ع,punishment,0.14286,0.28571,0.35714,0.07143,0.21429,0.21429
4743,52,8,10,ع,,0.0,0.4,0.1,0.2,0.2,0.3
4744,52,9,17,ا,creation,0.11765,0.64706,0.11765,0.05882,0.05882,0.41176
4745,52,10,15,ا,nature-imagery,0.13333,0.46667,0.2,0.13333,0.0,0.13333
4746,52,11,17,ن,,0.0,0.64706,0.17647,0.17647,0.05882,0.35294
4747,52,12,18,ن,,0.05556,0.55556,0.05556,0.27778,0.16667,0.27778
4748,52,13,21,ا,hell,0.04762,0.52381,0.19048,0.04762,0.19048,0.19048
4749,52,14,25,ن,hell|polytheism-rejection,0.04,0.36,0.28,0.2,0.12,0.16
4750,52,15,22,ن,,0.13636,0.36364,0.27273,0.27273,0.22727,0.22727
4751,52,16,53,ن,hell|eschatology,0.09434,0.43396,0.22642,0.13208,0.11321,0.28302
4752,52,17,20,م,paradise,0.05,0.55,0.25,0.05,0.1,0.2
4753,52,18,38,م,punishment|hell,0.07895,0.36842,0.23684,0.21053,0.21053,0.34211
4754,52,19,29,ن,,0.03448,0.48276,0.24138,0.06897,0.10345,0.31034
4755,52,20,33,ن,,0.12121,0.48485,0.15152,0.24242,0.18182,0.30303
4756,52,21,84,ن,,0.05952,0.4881,0.22619,0.15476,0.19048,0.27381
4757,52,22,28,ن,nature-imagery,0.0,0.42857,0.21429,0.25,0.21429,0.35714
4758,52,23,33,م,,0.0,0.39394,0.15152,0.24242,0.18182,0.18182
4759,52,24,32,ن,,0.03125,0.59375,0.1875,0.15625,0.25,0.28125
4760,52,25,24,ن,,0.125,0.33333,0.29167,0.16667,0.25,0.25
4761,52,26,27,ن,dialogue,0.11111,0.40741,0.25926,0.14815,0.11111,0.18519
4762,52,27,28,م,punishment|hell,0.03571,0.5,0.07143,0.14286,0.10714,0.28571
4763,52,28,31,م,mercy,0.09677,0.48387,0.22581,0.12903,0.22581,0.19355
4764,52,29,31,ن,prophets,0.06452,0.41935,0.32258,0.12903,0.09677,0.32258
4765,52,30,28,ن,,0.17857,0.57143,0.21429,0.10714,0.10714,0.28571
4766,52,31,27,ن,dialogue,0.18519,0.51852,0.25926,0.11111,0.07407,0.2963
4767,52,32,31,ن,,0.09677,0.41935,0.25806,0.22581,0.32258,0.35484
4768,52,33,23,ن,creation|dialogue,0.08696,0.65217,0.26087,0.04348,0.13043,0.30435
4769,52,34,29,ن,,0.06897,0.37931,0.27586,0.2069,0.13793,0.17241
4770,52,35,27,ن,creation,0.11111,0.51852,0.18519,0.18519,0.25926,0.22222
4771,52,36,31,ن,creation,0.12903,0.51613,0.19355,0.09677,0.09677,0.25806
4772,52,37,28,ن,paradise,0.14286,0.46429,0.25,0.17857,0.25,0.25
4773,52,38,40,ن,creation,0.025,0.5,0.2,0.225,0.175,0.325
4774,52,39,20,ن,,0.0,0.55,0.25,0.05,0.1,0.3
4775,52,40,27,ن,prophets|legal,0.11111,0.51852,0.22222,0.22222,0.22222,0.33333
4776,52,41,21,ن,,0.0,0.42857,0.28571,0.19048,0.2381,0.33333
4777,52,42,33,ن,polytheism-rejection,0.06061,0.54545,0.21212,0.12121,0.06061,0.24242
4778,52,43,33,ن,polytheism-rejection,0.06061,0.48485,0.12121,0.24242,0.27273,0.15152
4779,52,44,39,م,creation|dialogue|nature-imagery,0.12821,0.4359,0.20513,0.15385,0.07692,0.28205
4780,52,45,32,ن,,0.125,0.46875,0.09375,0.28125,0.15625,0.25
4781,52,46,33,ن,,0.06061,0.60606,0.09091,0.18182,0.18182,0.21212
4782,52,47,42,ن,punishment,0.04762,0.54762,0.16667,0.14286,0.11905,0.21429
4783,52,48,41,م,prophets,0.12195,0.39024,0.36585,0.17073,0.17073,0.31707
4784,52,49,25,م,creation,0.04,0.52,0.2,0.16,0.12,0.32
4785,53,1,12,ا,creation,0.0,0.41667,0.16667,0.16667,0.16667,0.25
4786,53,2,16,ا,prophets,0.125,0.375,0.125,0.25,0.125,0.375
4787,53,3,14,ا,,0.14286,0.5,0.14286,0.07143,0.14286,0.21429
4788,53,4,14,ا,,0.0,0.5,0.14286,0.21429,0.35714,0.21429
4789,53,5,13,ا,,0.07692,0.38462,0.23077,0.15385,0.15385,0.15385
4790,53,6,11,ا,,0.09091,0.36364,0.09091,0.36364,0.09091,0.36364
4791,53,7,15,ا,,0.06667,0.33333,0.26667,0.13333,0.26667,0.26667
4792,53,8,10,ا,,0.0,0.3,0.3,0.2,0.0,0.2
4793,53,9,18,ا,prayer,0.11111,0.33333,0.38889,0.11111,0.11111,0.22222
4794,53,10,18,ا,,0.0,0.22222,0.27778,0.22222,0.38889,0.27778
4795,53,11,16,ا,,0.0625,0.25,0.3125,0.125,0.125,0.25
4796,53,12,17,ا,,0.11765,0.47059,0.11765,0.11765,0.17647,0.23529
4797,53,13,15,ا,,0.2,0.4,0.26667,0.26667,0.33333,0.06667
4798,53,14,14,ا,nature-imagery,0.07143,0.35714,0.21429,0.21429,0.21429,0.07143
4799,53,15,14,ا,paradise,0.0,0.35714,0.21429,0.14286,0.28571,0.14286
4800,53,16,18,ا,nature-imagery,0.05556,0.27778,0.11111,0.38889,0.22222,0.05556
4801,53,17,16,ا,prophets,0.1875,0.3125,0.125,0.25,0.125,0.25
4802,53,18,21,ا,,0.19048,0.38095,0.38095,0.04762,0.14286,0.14286
4803,53,19,18,ا,,0.05556,0.38889,0.22222,0.11111,0.16667,0.16667
4804,53,20,18,ا,,0.05556,0.38889,0.05556,0.27778,0.22222,0.11111
4805,53,21,18,ا,,0.05556,0.44444,0.22222,0.16667,0.16667,0.11111
4806,53,22,14,ا,,0.14286,0.21429,0.28571,0.35714,0.14286,0.07143
4807,53,23,99,ا,,0.0404,0.41414,0.26263,0.15152,0.21212,0.22222
4808,53,24,15,ا,,0.0,0.53333,0.2,0.06667,0.13333,0.2
4809,53,25,17,ا,,0.05882,0.47059,0.11765,0.23529,0.29412,0.17647
4810,53,26,65,ا,creation,0.03077,0.46154,0.18462,0.16923,0.15385,0.2
4811,53,27,47,ا,,0.02128,0.51064,0.17021,0.17021,0.19149,0.14894
4812,53,28,51,ا,,0.05882,0.52941,0.15686,0.13725,0.19608,0.19608
4813,53,29,41,ا,,0.09756,0.4878,0.14634,0.12195,0.17073,0.12195
4814,53,30,54,ا,,0.03704,0.48148,0.22222,0.16667,0.24074,0.2963
4815,53,31,73,ا,punishment|creation|eschatology,0.0274,0.46575,0.12329,0.19178,0.10959,0.21918
4816,53,32,129,ا,mercy|creation,0.05426,0.4031,0.28682,0.17054,0.1938,0.26357
4817,53,33,14,ا,,0.07143,0.42857,0.28571,0.14286,0.14286,0.14286
4818,53,34,15,ا,,0.13333,0.33333,0.4,0.0,0.2,0.13333
4819,53,35,19,ا,,0.05263,0.42105,0.15789,0.21053,0.31579,0.21053
4820,53,36,20,ا,prophets,0.05,0.45,0.2,0.25,0.15,0.45
4821,53,37,15,ا,prophets,0.06667,0.46667,0.13333,0.2,0.13333,0.33333
4822,53,38,18,ا,,0.22222,0.38889,0.16667,0.27778,0.22222,0.11111
4823,53,39,21,ا,,0.0,0.47619,0.14286,0.14286,0.19048,0.09524
4824,53,40,13,ا,,0.07692,0.46154,0.07692,0.30769,0.23077,0.23077
4825,53,41,19,ا,eschatology,0.0,0.26316,0.21053,0.26316,0.15789,0.15789
4826,53,42,16,ا,,0.0625,0.4375,0.3125,0.0625,0.1875,0.1875
4827,53,43,15,ا,,0.06667,0.26667,0.4,0.26667,0.4,0.26667
4828,53,44,15,ا,,0.0,0.4,0.26667,0.2,0.4,0.26667
4829,53,45,26,ا,creation,0.07692,0.46154,0.19231,0.19231,0.15385,0.11538
4830,53,46,13,ا,,0.07692,0.38462,0.23077,0.23077,0.15385,0.23077
4831,53,47,19,ا,creation,0.05263,0.42105,0.15789,0.21053,0.36842,0.05263
4832,53,48,15,ا,,0.06667,0.4,0.26667,0.2,0.4,0.2
4833,53,49,14,ا,,0.14286,0.42857,0.14286,0.21429,0.28571,0.21429
4834,53,50,18,ا,punishment,0.0,0.33333,0.27778,0.11111,0.33333,0.11111
4835,53,51,12,ا,,0.08333,0.33333,0.33333,0.16667,0.08333,0.5
4836,53,52,32,ا,prophets,0.125,0.5,0.25,0.15625,0.21875,0.34375
4837,53,53,13,ا,,0.0,0.30769,0.30769,0.23077,0.30769,0.30769
4838,53,54,11,ا,,0.0,0.09091,0.0,0.54545,0.27273,0.18182
4839,53,55,17,ا,,0.11765,0.29412,0.47059,0.05882,0.17647,0.23529
4840,53,56,20,ا,prophets,0.1,0.55,0.05,0.2,0.1,0.1
4841,53,57,10,ه,,0.0,0.1,0.3,0.5,0.3,0.2
4842,53,58,20,ه,,0.0,0.45,0.1,0.3,0.15,0.15
4843,53,59,19,ن,,0.0,0.31579,0.26316,0.26316,0.21053,0.21053
4844,53,60,15,ن,,0.06667,0.46667,0.33333,0.13333,0.06667,0.33333
4845,53,61,11,ن,,0.0,0.54545,0.27273,0.09091,0.09091,0.36364
4846,53,62,17,ا,prayer,0.0,0.29412,0.23529,0.17647,0.11765,0.29412
4847,54,1,22,ر,creation|eschatology,0.22727,0.31818,0.27273,0.13636,0.09091,0.13636
4848,54,2,31,ر,dialogue,0.19355,0.58065,0.12903,0.16129,0.16129,0.25806
4849,54,3,31,ر,polytheism-rejection,0.09677,0.3871,0.32258,0.12903,0.19355,0.35484
4850,54,4,28,ر,,0.07143,0.39286,0.32143,0.14286,0.17857,0.25
4851,54,5,20,ر,,0.05,0.35,0.15,0.35,0.25,0.2
4852,54,6,28,ر,prophets|legal,0.03571,0.46429,0.21429,0.10714,0.21429,0.17857
4853,54,7,40,ر,,0.125,0.375,0.275,0.2,0.2,0.15
4854,54,8,35,ر,dialogue|polytheism-rejection,0.11429,0.45714,0.14286,0.14286,0.17143,0.17143
4855,54,9,43,ر,prophets|dialogue|polytheism-rejection,0.09302,0.39535,0.32558,0.13953,0.06977,0.34884
4856,54,10,21,ر,,0.14286,0.38095,0.2381,0.2381,0.19048,0.28571
4857,54,11,26,ر,creation|nature-imagery,0.03846,0.34615,0.26923,0.19231,0.19231,0.38462
4858,54,12,38,ر,creation,0.21053,0.39474,0.26316,0.07895,0.13158,0.15789
4859,54,13,22,ر,,0.04545,0.40909,0.13636,0.22727,0.22727,0.18182
4860,54,14,24,ر,polytheism-rejection,0.08333,0.41667,0.33333,0.08333,0.125,0.125
4861,54,15,23,ر,prayer,0.13043,0.43478,0.30435,0.17391,0.17391,0.17391
4862,54,16,16,ر,punishment,0.0625,0.375,0.1875,0.25,0.0625,0.25
4863,54,17,29,ر,creation|prayer,0.2069,0.55172,0.24138,0.13793,0.06897,0.13793
4864,54,18,23,ر,punishment|polytheism-rejection,0.04348,0.26087,0.30435,0.21739,0.08696,0.21739
4865,54,19,36,ر,nature-imagery,0.19444,0.52778,0.08333,0.25,0.16667,0.16667
4866,54,20,27,ر,nature-imagery,0.07407,0.37037,0.22222,0.18519,0.25926,0.07407
4867,54,21,16,ر,punishment,0.0625,0.375,0.1875,0.25,0.0625,0.25
4868,54,22,29,ر,creation|prayer,0.2069,0.55172,0.24138,0.13793,0.06897,0.13793
4869,54,23,14,ر,polytheism-rejection,0.07143,0.35714,0.35714,0.21429,0.0,0.28571
4870,54,24,41,ر,dialogue,0.09756,0.34146,0.19512,0.19512,0.17073,0.19512
4871,54,25,32,ر,,0.09375,0.4375,0.28125,0.15625,0.1875,0.15625
4872,54,26,23,ر,,0.04348,0.43478,0.17391,0.17391,0.13043,0.17391
4873,54,27,35,ر,,0.2,0.4,0.22857,0.22857,0.14286,0.25714
4874,54,28,32,ر,,0.125,0.4375,0.28125,0.21875,0.21875,0.28125
4875,54,29,22,ر,,0.18182,0.18182,0.22727,0.27273,0.18182,0.27273
4876,54,30,16,ر,punishment,0.0625,0.375,0.1875,0.25,0.0625,0.25
4877,54,31,41,ر,creation|nature-imagery,0.09756,0.39024,0.14634,0.29268,0.2439,0.14634
4878,54,32,29,ر,creation|prayer,0.2069,0.55172,0.24138,0.13793,0.06897,0.13793
4879,54,33,16,ر,prophets|polytheism-rejection,0.1875,0.4375,0.375,0.125,0.0,0.3125
4880,54,34,38,ر,prophets,0.10526,0.42105,0.21053,0.18421,0.23684,0.13158
4881,54,35,24,ر,,0.04167,0.5,0.20833,0.16667,0.125,0.125
4882,54,36,29,ر,,0.17241,0.41379,0.27586,0.17241,0.06897,0.24138
4883,54,37,43,ر,punishment|dialogue,0.13953,0.4186,0.16279,0.25581,0.16279,0.27907
4884,54,38,22,ر,punishment,0.22727,0.27273,0.36364,0.27273,0.18182,0.27273
4885,54,39,15,ر,punishment,0.13333,0.4,0.13333,0.26667,0.06667,0.33333
4886,54,40,29,ر,creation|prayer,0.2069,0.55172,0.24138,0.13793,0.06897,0.13793
4887,54,41,19,ر,,0.15789,0.47368,0.26316,0.10526,0.15789,0.15789
4888,54,42,36,ر,punishment|polytheism-rejection,0.05556,0.25,0.30556,0.27778,0.22222,0.16667
4889,54,43,35,ر,polytheism-rejection,0.11429,0.45714,0.31429,0.14286,0.2,0.28571
4890,54,44,20,ر,dialogue,0.15,0.65,0.2,0.1,0.15,0.25
4891,54,45,21,ر,,0.04762,0.57143,0.14286,0.14286,0.09524,0.28571
4892,54,46,29,ر,punishment|eschatology,0.03448,0.34483,0.17241,0.2069,0.31034,0.24138
4893,54,47,20,ر,,0.15,0.6,0.1,0.15,0.1,0.2
4894,54,48,35,ر,hell|dialogue,0.11429,0.51429,0.11429,0.22857,0.11429,0.31429
4895,54,49,18,ر,creation,0.16667,0.33333,0.38889,0.16667,0.22222,0.05556
4896,54,50,26,ر,,0.11538,0.42308,0.23077,0.15385,0.19231,0.26923
4897,54,51,26,ر,mercy|punishment|prayer,0.07692,0.42308,0.30769,0.15385,0.19231,0.19231
4898,54,52,18,ر,,0.05556,0.44444,0.16667,0.27778,0.16667,0.27778
4899,54,53,17,ر,,0.29412,0.52941,0.29412,0.17647,0.05882,0.23529
4900,54,54,19,ر,paradise,0.10526,0.52632,0.26316,0.10526,0.10526,0.15789
4901,54,55,21,ر,,0.2381,0.38095,0.42857,0.09524,0.09524,0.19048
4902,55,1,6,ن,mercy,0.16667,0.66667,0.0,0.16667,0.16667,0.16667
4903,55,2,9,ن,,0.22222,0.55556,0.22222,0.0,0.22222,0.11111
4904,55,3,10,ن,creation,0.1,0.4,0.2,0.2,0.2,0.0
4905,55,4,10,ن,,0.0,0.5,0.1,0.1,0.2,0.2
4906,55,5,17,ن,creation,0.11765,0.41176,0.17647,0.23529,0.05882,0.29412
4907,55,6,18,ن,creation|prayer|nature-imagery,0.05556,0.5,0.22222,0.11111,0.0,0.16667
4908,55,7,23,ن,creation,0.08696,0.43478,0.04348,0.21739,0.17391,0.26087
4909,55,8,17,ن,,0.05882,0.41176,0.17647,0.17647,0.11765,0.17647
4910,55,9,34,ن,,0.11765,0.47059,0.17647,0.14706,0.05882,0.23529
4911,55,10,17,م,creation,0.17647,0.47059,0.11765,0.17647,0.23529,0.17647
4912,55,11,25,م,nature-imagery,0.0,0.32,0.16,0.28,0.2,0.2
4913,55,12,20,ن,,0.1,0.45,0.05,0.25,0.15,0.25
4914,55,13,19,ن,polytheism-rejection,0.05263,0.26316,0.47368,0.10526,0.15789,0.26316
4915,55,14,24,ر,creation,0.16667,0.41667,0.125,0.25,0.125,0.08333
4916,55,15,20,ر,hell|creation,0.15,0.6,0.15,0.05,0.05,0.2
4917,55,16,19,ن,polytheism-rejection,0.05263,0.26316,0.47368,0.10526,0.15789,0.26316
4918,55,17,21,ن,,0.2381,0.61905,0.19048,0.09524,0.04762,0.28571
4919,55,18,19,ن,polytheism-rejection,0.05263,0.26316,0.47368,0.10526,0.15789,0.26316
4920,55,19,17,ن,,0.17647,0.58824,0.23529,0.05882,0.05882,0.11765
4921,55,20,18,ن,,0.05556,0.44444,0.16667,0.22222,0.16667,0.22222
4922,55,21,19,ن,polytheism-rejection,0.05263,0.26316,0.47368,0.10526,0.15789,0.26316
4923,55,22,23,ن,,0.08696,0.56522,0.17391,0.08696,0.17391,0.17391
4924,55,23,19,ن,polytheism-rejection,0.05263,0.26316,0.47368,0.10526,0.15789,0.26316
4925,55,24,31,م,nature-imagery,0.06452,0.45161,0.19355,0.12903,0.16129,0.19355
4926,55,25,19,ن,polytheism-rejection,0.05263,0.26316,0.47368,0.10526,0.15789,0.26316
4927,55,26,12,ن,creation,0.0,0.5,0.08333,0.16667,0.16667,0.16667
4928,55,27,27,م,,0.11111,0.44444,0.2963,0.07407,0.07407,0.25926
4929,55,28,19,ن,polytheism-rejection,0.05263,0.26316,0.47368,0.10526,0.15789,0.26316
4930,55,29,35,ن,creation,0.05714,0.51429,0.14286,0.22857,0.14286,0.25714
4931,55,30,19,ن,polytheism-rejection,0.05263,0.26316,0.47368,0.10526,0.15789,0.26316
4932,55,31,18,ن,,0.11111,0.44444,0.16667,0.27778,0.16667,0.11111
4933,55,32,19,ن,polytheism-rejection,0.05263,0.26316,0.47368,0.10526,0.15789,0.26316
4934,55,33,78,ن,creation,0.10256,0.39744,0.21795,0.16667,0.10256,0.19231
4935,55,34,19,ن,polytheism-rejection,0.05263,0.26316,0.47368,0.10526,0.15789,0.26316
4936,55,35,34,ن,hell,0.14706,0.5,0.08824,0.20588,0.05882,0.14706
4937,55,36,19,ن,polytheism-rejection,0.05263,0.26316,0.47368,0.10526,0.15789,0.26316
4938,55,37,31,ن,creation,0.06452,0.25806,0.29032,0.22581,0.12903,0.12903
4939,55,38,19,ن,polytheism-rejection,0.05263,0.26316,0.47368,0.10526,0.15789,0.26316
4940,55,39,27,ن,,0.0,0.44444,0.18519,0.22222,0.18519,0.18519
4941,55,40,19,ن,polytheism-rejection,0.05263,0.26316,0.47368,0.10526,0.15789,0.26316
4942,55,41,40,م,punishment,0.1,0.475,0.175,0.175,0.125,0.3
4943,55,42,19,ن,polytheism-rejection,0.05263,0.26316,0.47368,0.10526,0.15789,0.26316
4944,55,43,26,ن,hell|polytheism-rejection,0.03846,0.42308,0.23077,0.23077,0.15385,0.23077
4945,55,44,21,ن,,0.04762,0.61905,0.19048,0.14286,0.14286,0.38095
4946,55,45,19,ن,polytheism-rejection,0.05263,0.26316,0.47368,0.10526,0.15789,0.26316
4947,55,46,19,ن,paradise,0.10526,0.47368,0.21053,0.15789,0.10526,0.31579
4948,55,47,19,ن,polytheism-rejection,0.05263,0.26316,0.47368,0.10526,0.15789,0.26316
4949,55,48,10,ن,,0.0,0.3,0.2,0.2,0.1,0.2
4950,55,49,19,ن,polytheism-rejection,0.05263,0.26316,0.47368,0.10526,0.15789,0.26316
4951,55,50,16,ن,,0.0625,0.5,0.125,0.125,0.125,0.125
4952,55,51,19,ن,polytheism-rejection,0.05263,0.26316,0.47368,0.10526,0.15789,0.26316
4953,55,52,19,ن,mercy|nature-imagery,0.0,0.36842,0.15789,0.31579,0.15789,0.26316
4954,55,53,19,ن,polytheism-rejection,0.05263,0.26316,0.47368,0.10526,0.15789,0.26316
4955,55,54,41,ن,paradise|nature-imagery,0.09756,0.39024,0.34146,0.09756,0.12195,0.14634
4956,55,55,19,ن,polytheism-rejection,0.05263,0.26316,0.47368,0.10526,0.15789,0.26316
4957,55,56,37,ن,,0.18919,0.43243,0.21622,0.21622,0.10811,0.18919
4958,55,57,19,ن,polytheism-rejection,0.05263,0.26316,0.47368,0.10526,0.15789,0.26316
4959,55,58,20,ن,,0.1,0.5,0.25,0.05,0.1,0.15
4960,55,59,19,ن,polytheism-rejection,0.05263,0.26316,0.47368,0.10526,0.15789,0.26316
4961,55,60,23,ن,,0.0,0.26087,0.21739,0.26087,0.30435,0.0
4962,55,61,19,ن,polytheism-rejection,0.05263,0.26316,0.47368,0.10526,0.15789,0.26316
4963,55,62,14,ن,paradise,0.0,0.57143,0.21429,0.07143,0.07143,0.28571
4964,55,63,19,ن,polytheism-rejection,0.05263,0.26316,0.47368,0.10526,0.15789,0.26316
4965,55,64,8,ن,,0.0,0.375,0.25,0.125,0.125,0.25
4966,55,65,19,ن,polytheism-rejection,0.05263,0.26316,0.47368,0.10526,0.15789,0.26316
4967,55,66,17,ن,,0.05882,0.41176,0.05882,0.23529,0.17647,0.11765
4968,55,67,19,ن,polytheism-rejection,0.05263,0.26316,0.47368,0.10526,0.15789,0.26316
4969,55,68,19,ن,nature-imagery,0.05263,0.47368,0.05263,0.31579,0.21053,0.31579
4970,55,69,19,ن,polytheism-rejection,0.05263,0.26316,0.47368,0.10526,0.15789,0.26316
4971,55,70,13,ن,,0.07692,0.38462,0.07692,0.38462,0.23077,0.07692
4972,55,71,19,ن,polytheism-rejection,0.05263,0.26316,0.47368,0.10526,0.15789,0.26316
4973,55,72,18,م,,0.22222,0.5,0.11111,0.22222,0.11111,0.27778
4974,55,73,19,ن,polytheism-rejection,0.05263,0.26316,0.47368,0.10526,0.15789,0.26316
4975,55,74,22,ن,,0.09091,0.5,0.22727,0.18182,0.13636,0.22727
4976,55,75,19,ن,polytheism-rejection,0.05263,0.26316,0.47368,0.10526,0.15789,0.26316
4977,55,76,26,ن,,0.23077,0.42308,0.19231,0.23077,0.19231,0.19231
4978,55,77,19,ن,polytheism-rejection,0.05263,0.26316,0.47368,0.10526,0.15789,0.26316
4979,55,78,27,م,,0.11111,0.40741,0.2963,0.07407,0.03704,0.18519
4980,56,1,14,ه,,0.14286,0.21429,0.28571,0.14286,0.28571,0.14286
4981,56,2,15,ه,polytheism-rejection,0.06667,0.26667,0.26667,0.26667,0.2,0.13333
4982,56,3,10,ه,eschatology,0.2,0.1,0.0,0.6,0.4,0.2
4983,56,4,14,ا,creation,0.28571,0.28571,0.35714,0.14286,0.14286,0.0
4984,56,5,13,ا,nature-imagery,0.0,0.23077,0.38462,0.15385,0.0,0.30769
4985,56,6,14,ا,,0.0,0.21429,0.35714,0.21429,0.14286,0.28571
4986,56,7,16,ه,mercy,0.0,0.3125,0.25,0.25,0.125,0.1875
4987,56,8,27,ه,,0.07407,0.40741,0.14815,0.25926,0.22222,0.2963
4988,56,9,27,ه,,0.07407,0.2963,0.22222,0.2963,0.2963,0.2963
4989,56,10,17,ن,,0.11765,0.41176,0.23529,0.11765,0.0,0.29412
4990,56,11,13,ن,,0.15385,0.53846,0.38462,0.0,0.15385,0.30769
4991,56,12,12,م,paradise,0.0,0.5,0.16667,0.08333,0.08333,0.16667
4992,56,13,12,ن,,0.0,0.66667,0.08333,0.16667,0.16667,0.16667
4993,56,14,14,ن,,0.14286,0.71429,0.14286,0.07143,0.14286,0.14286
4994,56,15,12,ه,,0.25,0.58333,0.0,0.25,0.16667,0.25
4995,56,16,19,ن,,0.05263,0.47368,0.31579,0.05263,0.15789,0.15789
4996,56,17,20,ن,creation,0.05,0.6,0.15,0.15,0.15,0.3
4997,56,18,23,ن,,0.08696,0.43478,0.3913,0.04348,0.17391,0.34783
4998,56,19,21,ن,,0.04762,0.52381,0.04762,0.19048,0.14286,0.19048
4999,56,20,16,ن,nature-imagery,0.0625,0.5,0.125,0.25,0.1875,0.3125
5000,56,21,16,ن,,0.125,0.625,0.125,0.1875,0.125,0.3125
5001,56,22,7,ن,,0.14286,0.71429,0.0,0.14286,0.28571,0.28571
5002,56,23,19,ن,,0.0,0.52632,0.26316,0.05263,0.15789,0.15789
5003,56,24,18,ن,,0.0,0.44444,0.22222,0.05556,0.11111,0.27778
5004,56,25,25,ا,,0.0,0.48,0.08,0.2,0.16,0.24
5005,56,26,17,ا,dialogue,0.05882,0.41176,0.11765,0.11765,0.05882,0.11765
5006,56,27,25,ن,,0.08,0.48,0.16,0.16,0.16,0.24
5007,56,28,10,د,nature-imagery,0.2,0.4,0.2,0.4,0.1,0.3
5008,56,29,9,د,nature-imagery,0.22222,0.55556,0.22222,0.22222,0.11111,0.33333
5009,56,30,8,د,,0.125,0.625,0.25,0.125,0.0,0.5
5010,56,31,9,ب,,0.0,0.44444,0.33333,0.11111,0.11111,0.55556
5011,56,32,11,ه,nature-imagery,0.09091,0.27273,0.18182,0.45455,0.27273,0.18182
5012,56,33,17,ه,legal,0.11765,0.52941,0.11765,0.11765,0.23529,0.35294
5013,56,34,10,ه,,0.2,0.5,0.0,0.4,0.2,0.5
5014,56,35,16,ء,paradise|creation,0.0,0.3125,0.3125,0.1875,0.375,0.0
5015,56,36,14,ا,creation,0.07143,0.28571,0.28571,0.14286,0.21429,0.14286
5016,56,37,10,ا,,0.2,0.2,0.4,0.0,0.2,0.2
5017,56,38,12,ن,,0.08333,0.5,0.16667,0.16667,0.16667,0.16667
5018,56,39,12,ن,,0.0,0.66667,0.08333,0.16667,0.16667,0.16667
5019,56,40,13,ن,,0.07692,0.61538,0.07692,0.23077,0.23077,0.15385
5020,56,41,25,ل,,0.08,0.32,0.16,0.24,0.16,0.24
5021,56,42,11,م,hell,0.0,0.72727,0.0,0.27273,0.09091,0.63636
5022,56,43,10,م,,0.1,0.8,0.0,0.2,0.1,0.5
5023,56,44,13,م,,0.15385,0.53846,0.23077,0.0,0.0,0.23077
5024,56,45,21,ن,,0.09524,0.47619,0.28571,0.14286,0.09524,0.2381
5025,56,46,25,م,,0.12,0.52,0.04,0.16,0.12,0.16
5026,56,47,47,ن,dialogue|eschatology,0.06383,0.44681,0.23404,0.06383,0.12766,0.2766
5027,56,48,15,ن,,0.0,0.46667,0.33333,0.0,0.26667,0.26667
5028,56,49,19,ن,prophets|dialogue,0.10526,0.63158,0.21053,0.05263,0.21053,0.10526
5029,56,50,24,م,eschatology,0.04167,0.66667,0.16667,0.0,0.125,0.41667
5030,56,51,25,ن,,0.04,0.48,0.2,0.16,0.12,0.24
5031,56,52,17,م,nature-imagery,0.11765,0.64706,0.23529,0.11765,0.05882,0.29412
5032,56,53,17,ن,,0.05882,0.52941,0.17647,0.11765,0.11765,0.35294
5033,56,54,19,م,,0.05263,0.57895,0.05263,0.21053,0.15789,0.31579
5034,56,55,15,م,,0.13333,0.46667,0.13333,0.26667,0.06667,0.33333
5035,56,56,16,ن,eschatology,0.0,0.5625,0.0625,0.25,0.125,0.1875
5036,56,57,21,ن,creation,0.14286,0.47619,0.2381,0.19048,0.09524,0.19048
5037,56,58,14,ن,,0.07143,0.57143,0.28571,0.07143,0.14286,0.35714
5038,56,59,25,ن,creation,0.08,0.48,0.28,0.16,0.28,0.16
5039,56,60,32,ن,,0.09375,0.5625,0.25,0.09375,0.0625,0.3125
5040,56,61,35,ن,,0.0,0.51429,0.22857,0.08571,0.14286,0.25714
5041,56,62,32,ن,creation|prayer,0.0625,0.5,0.21875,0.125,0.125,0.21875
5042,56,63,15,ن,nature-imagery,0.13333,0.46667,0.26667,0.2,0.2,0.26667
5043,56,64,25,ن,,0.08,0.48,0.2,0.16,0.28,0.16
5044,56,65,29,ن,,0.06897,0.37931,0.2069,0.24138,0.17241,0.2069
5045,56,66,10,ن,legal|dialogue,0.1,0.7,0.1,0.1,0.2,0.3
5046,56,67,12,ن,,0.08333,0.75,0.08333,0.16667,0.16667,0.41667
5047,56,68,22,ن,,0.09091,0.45455,0.27273,0.13636,0.13636,0.22727
5048,56,69,33,ن,nature-imagery,0.0,0.60606,0.18182,0.15152,0.18182,0.24242
5049,56,70,28,ن,,0.03571,0.39286,0.25,0.14286,0.14286,0.14286
5050,56,71,21,ن,hell,0.14286,0.57143,0.2381,0.04762,0.09524,0.19048
5051,56,72,30,ن,nature-imagery,0.03333,0.43333,0.33333,0.16667,0.26667,0.16667
5052,56,73,28,ن,paradise|creation,0.07143,0.46429,0.17857,0.14286,0.17857,0.14286
5053,56,74,17,م,,0.11765,0.29412,0.23529,0.29412,0.11765,0.35294
5054,56,75,19,م,creation,0.10526,0.42105,0.26316,0.10526,0.10526,0.36842
5055,56,76,20,م,,0.1,0.6,0.15,0.15,0.2,0.3
5056,56,77,12,م,,0.25,0.58333,0.33333,0.08333,0.25,0.08333
5057,56,78,11,ن,,0.0,0.45455,0.36364,0.09091,0.0,0.36364
5058,56,79,17,ن,,0.11765,0.52941,0.11765,0.17647,0.17647,0.17647
5059,56,80,17,ن,,0.05882,0.64706,0.11765,0.05882,0.05882,0.17647
5060,56,81,22,ن,,0.0,0.36364,0.27273,0.27273,0.22727,0.22727
5061,56,82,22,ن,paradise|polytheism-rejection,0.09091,0.45455,0.40909,0.09091,0.09091,0.27273
5062,56,83,19,م,,0.05263,0.42105,0.21053,0.21053,0.15789,0.26316
5063,56,84,16,ن,,0.125,0.5625,0.25,0.1875,0.1875,0.1875
5064,56,85,28,ن,,0.14286,0.57143,0.28571,0.10714,0.14286,0.25
5065,56,86,20,ن,eschatology,0.05,0.65,0.2,0.1,0.1,0.2
5066,56,87,20,ن,,0.15,0.4,0.35,0.1,0.15,0.1
5067,56,88,19,ن,,0.10526,0.52632,0.26316,0.05263,0.10526,0.26316
5068,56,89,18,م,paradise,0.11111,0.61111,0.11111,0.16667,0.16667,0.27778
5069,56,90,22,ن,,0.04545,0.5,0.22727,0.09091,0.18182,0.22727
5070,56,91,20,ن,,0.05,0.5,0.15,0.2,0.1,0.25
5071,56,92,26,ن,,0.03846,0.53846,0.19231,0.07692,0.07692,0.19231
5072,56,93,10,م,,0.0,0.7,0.0,0.3,0.1,0.4
5073,56,94,10,م,hell,0.1,0.5,0.2,0.3,0.2,0.2
5074,56,95,16,ن,,0.125,0.4375,0.1875,0.25,0.25,0.0625
5075,56,96,17,م,,0.11765,0.29412,0.23529,0.29412,0.11765,0.35294
5076,57,1,39,م,creation,0.05128,0.4359,0.10256,0.25641,0.15385,0.23077
5077,57,2,43,ر,creation,0.09302,0.53488,0.18605,0.13953,0.13953,0.18605
5078,57,3,40,م,,0.1,0.5,0.175,0.15,0.2,0.25
5079,57,4,134,ر,creation,0.07463,0.49254,0.13433,0.16418,0.14179,0.24627
5080,57,5,37,ر,creation,0.10811,0.48649,0.18919,0.10811,0.16216,0.18919
5081,57,6,52,ر,,0.07692,0.59615,0.09615,0.13462,0.07692,0.19231
5082,57,7,74,ر,creation|prophets,0.06757,0.51351,0.2027,0.17568,0.14865,0.32432
5083,57,8,69,ن,prophets,0.05797,0.53623,0.28986,0.07246,0.11594,0.30435
5084,57,9,69,م,mercy|prophets,0.07246,0.50725,0.2029,0.13043,0.15942,0.18841
5085,57,10,153,ر,creation,0.07843,0.47712,0.21569,0.13725,0.12418,0.24837
5086,57,11,43,م,,0.2093,0.4186,0.11628,0.30233,0.16279,0.11628
5087,57,12,109,م,paradise|dialogue,0.05505,0.50459,0.18349,0.14679,0.14679,0.22936
5088,57,13,132,ب,mercy|punishment|dialogue,0.14394,0.48485,0.18182,0.16667,0.09848,0.28788
5089,57,14,99,ر,dialogue,0.09091,0.48485,0.27273,0.11111,0.13131,0.27273
5090,57,15,64,ر,hell|polytheism-rejection,0.0625,0.54688,0.14062,0.15625,0.09375,0.29688
5091,57,16,118,ن,prayer,0.07627,0.49153,0.22881,0.15254,0.12712,0.24576
5092,57,17,55,ن,creation,0.07273,0.45455,0.25455,0.07273,0.18182,0.16364
5093,57,18,57,م,,0.22807,0.4386,0.21053,0.19298,0.14035,0.17544
5094,57,19,105,م,hell|prophets|polytheism-rejection,0.07619,0.45714,0.2381,0.17143,0.19048,0.24762
5095,57,20,180,ر,mercy|punishment|nature-imagery,0.07222,0.43889,0.16111,0.19444,0.16111,0.22778
5096,57,21,108,م,mercy|paradise|creation|prophets,0.12037,0.43519,0.16667,0.23148,0.18519,0.18519
5097,57,22,69,ر,creation,0.10145,0.42029,0.24638,0.18841,0.15942,0.21739
5098,57,23,58,ر,,0.03448,0.39655,0.22414,0.15517,0.13793,0.25862
5099,57,24,56,د,,0.01786,0.58929,0.125,0.16071,0.14286,0.23214
5100,57,25,138,ز,prophets,0.07246,0.47826,0.18116,0.17391,0.12319,0.17391
5101,57,26,74,ن,prophets,0.08108,0.47297,0.2027,0.18919,0.13514,0.28378
5102,57,27,191,ن,mercy|prophets,0.08901,0.42408,0.18848,0.18325,0.18848,0.22513
5103,57,28,94,م,mercy|prophets|dialogue,0.07447,0.54255,0.17021,0.17021,0.15957,0.26596
5104,57,29,85,م,,0.07059,0.47059,0.17647,0.17647,0.17647,0.15294
5105,58,1,73,ر,prophets,0.06849,0.41096,0.23288,0.17808,0.15068,0.15068
5106,58,2,103,ر,mercy|dialogue,0.06796,0.5534,0.14563,0.16505,0.19417,0.25243
5107,58,3,90,ر,dialogue,0.11111,0.51111,0.17778,0.16667,0.13333,0.26667
5108,58,4,115,م,punishment|prophets|polytheism-rejection,0.06087,0.47826,0.22609,0.16522,0.11304,0.23478
5109,58,5,81,ن,punishment|prophets|polytheism-rejection,0.04938,0.46914,0.24691,0.1358,0.11111,0.19753
5110,58,6,64,د,legal|eschatology,0.01562,0.4375,0.14062,0.23438,0.25,0.23438
5111,58,7,163,م,creation|eschatology,0.03681,0.47853,0.16564,0.15951,0.18405,0.2454
5112,58,8,167,ر,punishment|hell|prophets|legal,0.0479,0.49701,0.16766,0.16766,0.15569,0.2515
5113,58,9,105,ن,prophets|dialogue|eschatology,0.05714,0.4381,0.21905,0.11429,0.10476,0.2
5114,58,10,82,ن,,0.03659,0.52439,0.14634,0.14634,0.13415,0.18293
5115,58,11,139,ر,dialogue,0.03597,0.45324,0.14388,0.20144,0.1223,0.22302
5116,58,12,92,م,mercy|prophets|dialogue,0.09783,0.46739,0.23913,0.17391,0.1413,0.20652
5117,58,13,115,ن,mercy|prophets|prayer,0.07826,0.41739,0.26087,0.14783,0.15652,0.25217
5118,58,14,73,ن,,0.0411,0.56164,0.12329,0.15068,0.16438,0.30137
5119,58,15,40,ن,punishment,0.0,0.375,0.2,0.15,0.225,0.175
5120,58,16,43,ن,punishment,0.02326,0.39535,0.13953,0.27907,0.2093,0.23256
5121,58,17,64,ن,hell,0.03125,0.46875,0.17188,0.1875,0.25,0.20312
5122,58,18,73,ن,eschatology,0.0,0.49315,0.15068,0.21918,0.21918,0.27397
5123,58,19,72,ن,creation|prayer,0.06944,0.375,0.18056,0.26389,0.19444,0.125
5124,58,20,37,ن,prophets,0.02703,0.54054,0.16216,0.18919,0.18919,0.13514
5125,58,21,34,ز,prophets,0.05882,0.47059,0.23529,0.17647,0.20588,0.11765
5126,58,22,221,ن,mercy|paradise|prophets,0.0543,0.46606,0.22172,0.17647,0.23529,0.23529
5127,59,1,43,م,creation,0.04651,0.44186,0.09302,0.25581,0.13953,0.25581
5128,59,2,185,ر,punishment|polytheism-rejection,0.08108,0.48649,0.19459,0.18378,0.17838,0.25405
5129,59,3,60,ر,punishment|hell,0.03333,0.45,0.16667,0.16667,0.2,0.18333
5130,59,4,51,ب,punishment|prophets,0.07843,0.41176,0.19608,0.21569,0.15686,0.17647
5131,59,5,60,ن,nature-imagery,0.1,0.41667,0.21667,0.2,0.2,0.2
5132,59,6,90,ر,prophets,0.06667,0.48889,0.15556,0.17778,0.18889,0.18889
5133,59,7,166,ب,punishment|prophets|legal,0.05422,0.46988,0.1747,0.1506,0.13855,0.21084
5134,59,8,98,ن,prophets,0.13265,0.54082,0.14286,0.17347,0.14286,0.22449
5135,59,9,134,ن,,0.06716,0.49254,0.1791,0.20896,0.1791,0.29851
5136,59,10,106,م,mercy|dialogue,0.07547,0.51887,0.18868,0.11321,0.12264,0.23585
5137,59,11,129,ن,dialogue|polytheism-rejection,0.07752,0.48837,0.25581,0.13178,0.16279,0.20155
5138,59,12,73,ن,,0.13699,0.61644,0.15068,0.12329,0.15068,0.21918
5139,59,13,45,ن,,0.11111,0.46667,0.24444,0.24444,0.2,0.26667
5140,59,14,94,ن,,0.09574,0.43617,0.2766,0.15957,0.17021,0.25532
5141,59,15,47,م,punishment,0.10638,0.48936,0.21277,0.14894,0.12766,0.29787
5142,59,16,68,ن,dialogue|polytheism-rejection,0.10294,0.45588,0.22059,0.14706,0.13235,0.14706
5143,59,17,50,ن,hell|eschatology,0.06,0.38,0.18,0.2,0.14,0.16
5144,59,18,72,ن,dialogue,0.08333,0.45833,0.20833,0.13889,0.13889,0.19444
5145,59,19,51,ن,creation,0.01961,0.43137,0.17647,0.23529,0.15686,0.23529
5146,59,20,48,ن,paradise|hell,0.08333,0.33333,0.20833,0.25,0.20833,0.16667
5147,59,21,84,ن,nature-imagery,0.08333,0.42857,0.17857,0.20238,0.19048,0.11905
5148,59,22,51,م,mercy|legal|monotheism,0.03922,0.47059,0.07843,0.23529,0.2549,0.15686
5149,59,23,87,ن,monotheism|polytheism-rejection,0.04598,0.47126,0.14943,0.16092,0.13793,0.17241
5150,59,24,78,م,creation,0.07692,0.42308,0.11538,0.23077,0.17949,0.17949
5151,60,1,220,ل,prophets|dialogue|polytheism-rejection,0.05909,0.45909,0.26818,0.12727,0.16364,0.26364
5152,60,2,68,ن,polytheism-rejection,0.04412,0.48529,0.30882,0.11765,0.14706,0.30882
5153,60,3,62,ر,eschatology,0.08065,0.53226,0.20968,0.1129,0.1129,0.30645
5154,60,4,221,ر,mercy|prophets|prayer|dialogue|polytheism-rejection,0.05882,0.45249,0.28054,0.1267,0.17647,0.24434
5155,60,5,56,م,mercy|punishment|polytheism-rejection,0.07143,0.44643,0.19643,0.16071,0.125,0.14286
5156,60,6,73,د,,0.0411,0.54795,0.15068,0.19178,0.17808,0.20548
5157,60,7,63,م,mercy,0.06349,0.53968,0.15873,0.15873,0.1746,0.22222
5158,60,8,91,ن,legal,0.08791,0.53846,0.21978,0.12088,0.12088,0.20879
5159,60,9,101,ن,legal,0.06931,0.52475,0.19802,0.12871,0.15842,0.24752
5160,60,10,258,م,legal|dialogue|eschatology|polytheism-rejection,0.03488,0.46512,0.2093,0.15891,0.19767,0.24031
5161,60,11,94,ن,polytheism-rejection,0.04255,0.38298,0.2766,0.17021,0.14894,0.2766
5162,60,12,173,م,mercy|prophets|legal|polytheism-rejection,0.06358,0.48555,0.19653,0.15607,0.17341,0.15607
5163,60,13,80,ر,dialogue|polytheism-rejection,0.1,0.425,0.2125,0.1625,0.175,0.2
5164,61,1,43,م,creation,0.04651,0.44186,0.09302,0.25581,0.13953,0.25581
5165,61,2,34,ن,dialogue,0.02941,0.55882,0.14706,0.08824,0.11765,0.23529
5166,61,3,32,ن,,0.09375,0.4375,0.28125,0.0625,0.125,0.21875
5167,61,4,46,ص,,0.1087,0.47826,0.17391,0.23913,0.13043,0.19565
5168,61,5,101,ن,prophets|dialogue,0.07921,0.50495,0.17822,0.16832,0.13861,0.23762
5169,61,6,129,ن,prophets|dialogue,0.08527,0.47287,0.22481,0.13953,0.13178,0.22481
5170,61,7,68,ن,,0.05882,0.5,0.13235,0.13235,0.13235,0.20588
5171,61,8,54,ن,polytheism-rejection,0.11111,0.57407,0.14815,0.16667,0.14815,0.2963
5172,61,9,60,ن,prophets|polytheism-rejection,0.11667,0.5,0.15,0.21667,0.16667,0.13333
5173,61,10,47,م,punishment|dialogue,0.02128,0.44681,0.25532,0.10638,0.19149,0.14894
5174,61,11,72,ن,prophets,0.02778,0.52778,0.25,0.15278,0.13889,0.29167
5175,61,12,75,م,mercy|paradise,0.06667,0.42667,0.25333,0.18667,0.12,0.2
5176,61,13,41,ن,,0.14634,0.5122,0.19512,0.19512,0.17073,0.26829
5177,61,14,164,ن,prophets|dialogue|polytheism-rejection,0.10976,0.46951,0.17073,0.16463,0.17683,0.17073
5178,62,1,52,م,creation,0.05769,0.44231,0.13462,0.21154,0.09615,0.21154
5179,62,2,92,ن,prophets,0.03261,0.53261,0.16304,0.16304,0.15217,0.26087
5180,62,3,37,م,,0.05405,0.54054,0.10811,0.21622,0.21622,0.27027
5181,62,4,39,م,,0.07692,0.46154,0.10256,0.28205,0.15385,0.15385
5182,62,5,105,ن,polytheism-rejection,0.05714,0.50476,0.12381,0.19048,0.11429,0.21905
5183,62,6,71,ن,dialogue,0.04225,0.47887,0.23944,0.11268,0.14085,0.1831
5184,62,7,45,ن,,0.04444,0.51111,0.24444,0.08889,0.13333,0.26667
5185,62,8,79,ن,legal|dialogue,0.05063,0.48101,0.24051,0.13924,0.13924,0.26582
5186,62,9,88,ن,prayer|dialogue,0.04545,0.5,0.15909,0.14773,0.15909,0.19318
5187,62,10,72,ن,prayer,0.125,0.40278,0.15278,0.25,0.11111,0.19444
5188,62,11,88,ن,prophets|dialogue,0.125,0.46591,0.18182,0.14773,0.17045,0.17045
5189,63,1,82,ن,prophets|dialogue,0.06098,0.47561,0.19512,0.17073,0.14634,0.15854
5190,63,2,51,ن,,0.01961,0.43137,0.15686,0.19608,0.19608,0.21569
5191,63,3,44,ن,polytheism-rejection,0.09091,0.40909,0.22727,0.22727,0.18182,0.36364
5192,63,4,104,ن,punishment,0.05769,0.40385,0.24038,0.24038,0.25,0.23077
5193,63,5,66,ن,mercy|prophets|dialogue,0.10606,0.5303,0.18182,0.19697,0.15152,0.27273
5194,63,6,70,ن,mercy,0.07143,0.47143,0.15714,0.25714,0.21429,0.18571
5195,63,7,90,ن,creation|prophets|dialogue,0.08889,0.51111,0.12222,0.17778,0.11111,0.2
5196,63,8,90,ن,prophets|dialogue,0.05556,0.6,0.12222,0.12222,0.16667,0.16667
5197,63,9,75,ن,prayer|dialogue,0.02667,0.49333,0.18667,0.14667,0.17333,0.21333
5198,63,10,85,ن,dialogue,0.14118,0.48235,0.31765,0.10588,0.14118,0.22353
5199,63,11,44,ن,,0.04545,0.43182,0.20455,0.18182,0.22727,0.18182
5200,64,1,59,ر,creation,0.0678,0.47458,0.15254,0.20339,0.15254,0.22034
5201,64,2,47,ر,creation|polytheism-rejection,0.08511,0.55319,0.19149,0.14894,0.10638,0.3617
5202,64,3,49,ر,creation,0.20408,0.46939,0.18367,0.22449,0.14286,0.2449
5203,64,4,62,ر,creation,0.08065,0.54839,0.1129,0.1129,0.09677,0.27419
5204,64,5,53,م,punishment|polytheism-rejection,0.07547,0.4717,0.26415,0.13208,0.15094,0.32075
5205,64,6,82,د,prophets|dialogue|polytheism-rejection,0.04878,0.42683,0.23171,0.19512,0.14634,0.21951
5206,64,7,69,ر,dialogue|eschatology|polytheism-rejection,0.05797,0.49275,0.2029,0.13043,0.11594,0.23188
5207,64,8,51,ر,prophets,0.05882,0.56863,0.11765,0.15686,0.13725,0.27451
5208,64,9,122,م,paradise,0.04098,0.45902,0.19672,0.17213,0.17213,0.19672
5209,64,10,59,ر,hell|polytheism-rejection,0.08475,0.40678,0.23729,0.16949,0.13559,0.22034
5210,64,11,58,م,,0.05172,0.46552,0.24138,0.17241,0.2069,0.24138
5211,64,12,59,ن,prophets,0.0678,0.50847,0.16949,0.10169,0.15254,0.23729
5212,64,13,37,ن,monotheism,0.0,0.54054,0.13514,0.13514,0.21622,0.18919
5213,64,14,87,م,mercy|dialogue,0.05747,0.44828,0.18391,0.2069,0.1954,0.29885
5214,64,15,39,م,,0.05128,0.46154,0.25641,0.12821,0.23077,0.25641
5215,64,16,79,ن,,0.07595,0.41772,0.18987,0.21519,0.17722,0.3038
5216,64,17,50,م,mercy,0.18,0.46,0.14,0.26,0.16,0.18
5217,64,18,29,م,legal,0.0,0.37931,0.10345,0.24138,0.2069,0.13793
5218,65,1,173,ا,prophets|legal,0.07514,0.4104,0.26012,0.18497,0.19075,0.16763
5219,65,2,132,ا,legal,0.06818,0.4697,0.20455,0.19697,0.20455,0.27273
5220,65,3,73,ا,,0.08219,0.42466,0.21918,0.23288,0.21918,0.15068
5221,65,4,118,ا,,0.0678,0.49153,0.18644,0.18644,0.22034,0.15254
5222,65,5,54,ا,,0.09259,0.46296,0.22222,0.2037,0.24074,0.12963
5223,65,6,146,ا,,0.10274,0.4589,0.23288,0.19863,0.21233,0.22603
5224,65,7,90,ا,paradise,0.08889,0.38889,0.16667,0.24444,0.2,0.14444
5225,65,8,64,ا,punishment|prophets,0.09375,0.3125,0.21875,0.21875,0.20312,0.17188
5226,65,9,32,ا,,0.15625,0.28125,0.25,0.21875,0.21875,0.21875
5227,65,10,72,ا,punishment,0.04167,0.38889,0.25,0.13889,0.16667,0.13889
5228,65,11,153,ا,paradise|prophets,0.0719,0.47059,0.18954,0.15033,0.1634,0.14379
5229,65,12,96,ا,creation,0.08333,0.45833,0.21875,0.15625,0.1875,0.13542
5230,66,1,57,م,mercy|creation|prophets|legal,0.08772,0.45614,0.21053,0.19298,0.19298,0.19298
5231,66,2,49,م,,0.06122,0.53061,0.16327,0.16327,0.16327,0.2449
5232,66,3,114,ر,creation|prophets|prayer|dialogue,0.10526,0.34211,0.25439,0.2193,0.27193,0.19298
5233,66,4,92,ر,mercy,0.09783,0.42391,0.23913,0.18478,0.19565,0.20652
5234,66,5,82,ا,mercy|legal|prayer,0.07317,0.28049,0.37805,0.10976,0.15854,0.15854
5235,66,6,107,ن,hell|dialogue,0.07477,0.46729,0.14953,0.16822,0.18692,0.19626
5236,66,7,51,ن,dialogue|eschatology|polytheism-rejection,0.03922,0.4902,0.19608,0.09804,0.09804,0.21569
5237,66,8,194,ر,mercy|paradise|prophets|dialogue,0.06186,0.49485,0.21134,0.12887,0.16495,0.20103
5238,66,9,62,ر,hell|prophets|polytheism-rejection,0.08065,0.46774,0.16129,0.17742,0.16129,0.24194
5239,66,10,121,ن,hell|prophets|dialogue|polytheism-rejection,0.07438,0.45455,0.16529,0.15702,0.14876,0.16529
5240,66,11,97,ن,paradise|dialogue,0.09278,0.5567,0.17526,0.1134,0.10309,0.23711
5241,66,12,79,ن,prophets,0.11392,0.43038,0.25316,0.16456,0.11392,0.24051
5242,67,1,33,ر,,0.09091,0.42424,0.30303,0.12121,0.12121,0.15152
5243,67,2,53,ر,mercy|creation,0.03774,0.49057,0.13208,0.20755,0.18868,0.22642
5244,67,3,65,ر,mercy|creation,0.18462,0.38462,0.21538,0.18462,0.09231,0.23077
5245,67,4,42,ر,,0.19048,0.42857,0.2381,0.19048,0.14286,0.14286
5246,67,5,68,ر,punishment|hell|creation,0.07353,0.42647,0.19118,0.13235,0.13235,0.16176
5247,67,6,34,ر,punishment|hell|polytheism-rejection,0.11765,0.47059,0.20588,0.20588,0.11765,0.32353
5248,67,7,32,ر,,0.09375,0.34375,0.15625,0.28125,0.21875,0.21875
5249,67,8,53,ر,,0.0566,0.41509,0.26415,0.22642,0.16981,0.16981
5250,67,9,63,ر,dialogue|polytheism-rejection,0.09524,0.44444,0.25397,0.12698,0.09524,0.15873
5251,67,10,39,ر,hell|dialogue,0.10256,0.4359,0.17949,0.12821,0.15385,0.20513
5252,67,11,31,ر,hell,0.12903,0.25806,0.19355,0.32258,0.19355,0.25806
5253,67,12,38,ر,mercy,0.10526,0.5,0.21053,0.23684,0.21053,0.26316
5254,67,13,38,ر,,0.13158,0.42105,0.26316,0.15789,0.18421,0.26316
5255,67,14,27,ر,creation,0.11111,0.55556,0.14815,0.14815,0.18519,0.22222
5256,67,15,59,ر,paradise|creation|eschatology,0.08475,0.49153,0.13559,0.20339,0.11864,0.23729
5257,67,16,40,ر,creation,0.075,0.425,0.25,0.225,0.2,0.275
5258,67,17,48,ر,creation,0.0625,0.5,0.1875,0.1875,0.14583,0.25
5259,67,18,30,ر,polytheism-rejection,0.1,0.46667,0.3,0.16667,0.03333,0.23333
5260,67,19,62,ر,mercy|nature-imagery,0.16129,0.46774,0.22581,0.17742,0.14516,0.22581
5261,67,20,54,ر,mercy|polytheism-rejection,0.11111,0.55556,0.16667,0.16667,0.12963,0.2037
5262,67,21,42,ر,paradise,0.11905,0.45238,0.2381,0.21429,0.14286,0.2381
5263,67,22,47,م,,0.08511,0.42553,0.21277,0.19149,0.17021,0.23404
5264,67,23,55,ن,creation|dialogue,0.09091,0.43636,0.25455,0.14545,0.16364,0.2
5265,67,24,31,ن,creation|dialogue|eschatology,0.16129,0.48387,0.19355,0.25806,0.19355,0.16129
5266,67,25,30,ن,dialogue,0.1,0.46667,0.26667,0.1,0.1,0.2
5267,67,26,34,ن,dialogue,0.05882,0.55882,0.17647,0.05882,0.17647,0.17647
5268,67,27,52,ن,dialogue|polytheism-rejection,0.05769,0.42308,0.21154,0.25,0.15385,0.23077
5269,67,28,58,م,mercy|punishment|prophets|dialogue|polytheism-rejection,0.08621,0.56897,0.2069,0.10345,0.18966,0.2069
5270,67,29,49,ن,mercy|dialogue,0.06122,0.55102,0.14286,0.18367,0.16327,0.28571
5271,67,30,40,ن,creation|dialogue,0.1,0.45,0.35,0.1,0.25,0.275
5272,68,1,16,ن,,0.1875,0.6875,0.125,0.0625,0.0,0.3125
5273,68,2,19,ن,prophets,0.05263,0.47368,0.36842,0.05263,0.15789,0.36842
5274,68,3,18,ن,,0.11111,0.66667,0.22222,0.05556,0.16667,0.22222
5275,68,4,15,م,,0.13333,0.46667,0.2,0.13333,0.26667,0.13333
5276,68,5,13,ن,,0.30769,0.46154,0.23077,0.30769,0.0,0.38462
5277,68,6,13,ن,,0.0,0.53846,0.30769,0.07692,0.07692,0.38462
5278,68,7,39,ن,,0.05128,0.48718,0.25641,0.15385,0.25641,0.28205
5279,68,8,14,ن,,0.07143,0.35714,0.28571,0.14286,0.07143,0.21429
5280,68,9,17,ن,,0.0,0.52941,0.23529,0.17647,0.11765,0.29412
5281,68,10,16,ن,,0.0625,0.4375,0.1875,0.1875,0.1875,0.1875
5282,68,11,13,م,,0.0,0.46154,0.15385,0.23077,0.15385,0.38462
5283,68,12,17,م,,0.05882,0.52941,0.17647,0.11765,0.23529,0.17647
5284,68,13,13,م,,0.0,0.38462,0.30769,0.15385,0.15385,0.15385
5285,68,14,15,ن,,0.0,0.53333,0.2,0.06667,0.06667,0.2
5286,68,15,33,ن,dialogue,0.09091,0.39394,0.27273,0.09091,0.18182,0.0303
5287,68,16,15,م,,0.13333,0.46667,0.06667,0.26667,0.2,0.2
5288,68,17,50,ن,paradise|nature-imagery,0.1,0.42,0.22,0.2,0.18,0.24
5289,68,18,10,ن,,0.0,0.6,0.1,0.2,0.0,0.2
5290,68,19,27,ن,paradise,0.11111,0.40741,0.22222,0.18519,0.18519,0.33333
5291,68,20,13,م,,0.23077,0.30769,0.30769,0.30769,0.15385,0.23077
5292,68,21,13,ن,,0.07692,0.38462,0.23077,0.23077,0.07692,0.30769
5293,68,22,27,ن,dialogue|nature-imagery,0.11111,0.44444,0.22222,0.14815,0.18519,0.14815
5294,68,23,19,ن,,0.10526,0.42105,0.21053,0.21053,0.10526,0.31579
5295,68,24,26,ن,dialogue,0.0,0.57692,0.15385,0.11538,0.15385,0.15385
5296,68,25,17,ن,,0.17647,0.41176,0.23529,0.11765,0.17647,0.11765
5297,68,26,23,ن,dialogue,0.13043,0.47826,0.13043,0.13043,0.13043,0.21739
5298,68,27,12,ن,,0.08333,0.75,0.08333,0.16667,0.16667,0.41667
5299,68,28,28,ن,dialogue,0.10714,0.46429,0.32143,0.14286,0.17857,0.25
5300,68,29,26,ن,dialogue,0.11538,0.42308,0.19231,0.11538,0.07692,0.15385
5301,68,30,24,ن,,0.125,0.375,0.25,0.16667,0.20833,0.33333
5302,68,31,23,ن,dialogue,0.08696,0.47826,0.17391,0.04348,0.08696,0.08696
5303,68,32,39,ن,,0.10256,0.4359,0.20513,0.10256,0.17949,0.15385
5304,68,33,39,ن,punishment,0.05128,0.41026,0.23077,0.12821,0.17949,0.20513
5305,68,34,26,م,paradise,0.07692,0.53846,0.26923,0.03846,0.15385,0.15385
5306,68,35,23,ن,,0.04348,0.6087,0.17391,0.08696,0.08696,0.21739
5307,68,36,14,ن,,0.0,0.5,0.28571,0.14286,0.07143,0.35714
5308,68,37,18,ن,,0.05556,0.38889,0.38889,0.16667,0.11111,0.27778
5309,68,38,17,ن,,0.05882,0.58824,0.17647,0.17647,0.17647,0.23529
5310,68,39,47,ن,eschatology,0.02128,0.53191,0.21277,0.08511,0.19149,0.23404
5311,68,40,16,م,,0.0,0.4375,0.1875,0.3125,0.25,0.25
5312,68,41,38,ن,,0.10526,0.36842,0.31579,0.15789,0.18421,0.18421
5313,68,42,38,ن,prayer|polytheism-rejection,0.05263,0.44737,0.21053,0.15789,0.10526,0.21053
5314,68,43,52,ن,prayer,0.09615,0.38462,0.21154,0.23077,0.21154,0.21154
5315,68,44,44,ن,punishment|prophets|polytheism-rejection,0.04545,0.47727,0.15909,0.27273,0.11364,0.20455
5316,68,45,18,ن,,0.0,0.66667,0.27778,0.05556,0.16667,0.22222
5317,68,46,27,ن,legal,0.11111,0.51852,0.22222,0.22222,0.22222,0.33333
5318,68,47,21,ن,,0.0,0.42857,0.28571,0.19048,0.2381,0.33333
5319,68,48,42,م,prophets|dialogue,0.11905,0.35714,0.28571,0.21429,0.11905,0.28571
5320,68,49,40,م,,0.075,0.5,0.2,0.15,0.2,0.3
5321,68,50,25,ن,creation,0.08,0.32,0.2,0.28,0.2,0.2
5322,68,51,62,ن,dialogue|polytheism-rejection,0.09677,0.53226,0.20968,0.12903,0.09677,0.24194
5323,68,52,19,ن,,0.05263,0.57895,0.10526,0.10526,0.15789,0.21053
5324,69,1,6,ه,,0.16667,0.16667,0.16667,0.33333,0.33333,0.0
5325,69,2,8,ه,,0.125,0.25,0.125,0.25,0.25,0.125
5326,69,3,16,ه,,0.125,0.3125,0.25,0.125,0.1875,0.1875
5327,69,4,20,ه,polytheism-rejection,0.1,0.25,0.35,0.15,0.15,0.25
5328,69,5,23,ه,punishment,0.04348,0.30435,0.26087,0.26087,0.21739,0.30435
5329,69,6,27,ه,punishment|nature-imagery,0.18519,0.33333,0.22222,0.22222,0.25926,0.18519
5330,69,7,68,ه,nature-imagery,0.07353,0.39706,0.11765,0.26471,0.25,0.19118
5331,69,8,16,ه,,0.125,0.4375,0.1875,0.25,0.1875,0.25
5332,69,9,34,ه,,0.08824,0.35294,0.32353,0.14706,0.20588,0.29412
5333,69,10,28,ه,punishment|prophets,0.14286,0.32143,0.14286,0.42857,0.32143,0.28571
5334,69,11,30,ه,,0.06667,0.43333,0.16667,0.13333,0.16667,0.16667
5335,69,12,29,ه,,0.03448,0.37931,0.2069,0.2069,0.27586,0.10345
5336,69,13,23,ه,,0.08696,0.30435,0.08696,0.47826,0.26087,0.26087
5337,69,14,30,ه,creation|nature-imagery,0.06667,0.3,0.33333,0.2,0.16667,0.2
5338,69,15,17,ه,eschatology,0.11765,0.35294,0.23529,0.17647,0.23529,0.29412
5339,69,16,25,ه,creation,0.04,0.4,0.16,0.28,0.2,0.24
5340,69,17,43,ه,,0.09302,0.46512,0.18605,0.18605,0.2093,0.25581
5341,69,18,26,ه,eschatology,0.07692,0.42308,0.15385,0.26923,0.19231,0.26923
5342,69,19,42,ه,dialogue,0.07143,0.38095,0.33333,0.14286,0.19048,0.28571
5343,69,20,20,ه,,0.1,0.45,0.25,0.2,0.2,0.1
5344,69,21,14,ه,,0.14286,0.35714,0.0,0.5,0.28571,0.21429
5345,69,22,10,ه,paradise,0.0,0.4,0.1,0.3,0.3,0.1
5346,69,23,11,ه,nature-imagery,0.18182,0.27273,0.27273,0.27273,0.18182,0.18182
5347,69,24,40,ه,,0.025,0.425,0.175,0.175,0.15,0.25
5348,69,25,44,ه,dialogue,0.02273,0.45455,0.31818,0.11364,0.13636,0.27273
5349,69,26,14,ه,,0.07143,0.42857,0.21429,0.21429,0.21429,0.28571
5350,69,27,18,ه,,0.11111,0.33333,0.22222,0.16667,0.11111,0.0
5351,69,28,14,ه,,0.0,0.5,0.07143,0.14286,0.28571,0.14286
5352,69,29,13,ه,,0.07692,0.46154,0.15385,0.23077,0.23077,0.0
5353,69,30,9,ه,punishment,0.0,0.33333,0.0,0.66667,0.44444,0.33333
5354,69,31,12,ه,hell,0.08333,0.5,0.08333,0.33333,0.16667,0.25
5355,69,32,31,ه,,0.06452,0.32258,0.06452,0.3871,0.19355,0.19355
5356,69,33,23,م,,0.04348,0.47826,0.17391,0.13043,0.21739,0.13043
5357,69,34,20,ن,,0.1,0.45,0.1,0.15,0.15,0.15
5358,69,35,20,م,,0.0,0.55,0.0,0.3,0.2,0.25
5359,69,36,17,ن,,0.05882,0.52941,0.11765,0.11765,0.17647,0.17647
5360,69,37,18,ن,,0.05556,0.38889,0.27778,0.11111,0.27778,0.05556
5361,69,38,16,ن,,0.1875,0.375,0.3125,0.1875,0.0625,0.375
5362,69,39,11,ن,,0.18182,0.54545,0.18182,0.09091,0.0,0.36364
5363,69,40,15,م,prophets,0.2,0.66667,0.2,0.13333,0.13333,0.2
5364,69,41,26,ن,,0.11538,0.53846,0.19231,0.07692,0.11538,0.30769
5365,69,42,24,ن,prayer,0.125,0.5,0.25,0.08333,0.04167,0.20833
5366,69,43,17,ن,,0.05882,0.64706,0.11765,0.05882,0.05882,0.17647
5367,69,44,23,ل,creation|prophets,0.13043,0.52174,0.21739,0.04348,0.13043,0.21739
5368,69,45,16,ن,punishment,0.0,0.5625,0.125,0.1875,0.1875,0.1875
5369,69,46,17,ن,,0.11765,0.52941,0.17647,0.11765,0.11765,0.17647
5370,69,47,21,ن,,0.0,0.42857,0.19048,0.2381,0.2381,0.2381
5371,69,48,17,ن,,0.11765,0.52941,0.29412,0.17647,0.17647,0.11765
5372,69,49,21,ن,,0.0,0.61905,0.2381,0.04762,0.14286,0.28571
5373,69,50,20,ن,polytheism-rejection,0.1,0.45,0.1,0.25,0.25,0.1
5374,69,51,13,ن,,0.15385,0.53846,0.23077,0.15385,0.23077,0.07692
5375,69,52,17,م,,0.11765,0.29412,0.23529,0.29412,0.11765,0.35294
5376,70,1,16,ع,punishment,0.0625,0.1875,0.3125,0.1875,0.25,0.1875
5377,70,2,17,ع,polytheism-rejection,0.05882,0.47059,0.11765,0.23529,0.11765,0.11765
5378,70,3,15,ج,,0.06667,0.53333,0.06667,0.13333,0.13333,0.13333
5379,70,4,47,ه,,0.08511,0.46809,0.19149,0.21277,0.21277,0.19149
5380,70,5,14,ا,,0.28571,0.35714,0.21429,0.21429,0.0,0.28571
5381,70,6,14,ا,,0.07143,0.5,0.21429,0.14286,0.28571,0.21429
5382,70,7,10,ا,,0.3,0.5,0.2,0.1,0.1,0.2
5383,70,8,19,ل,creation,0.0,0.52632,0.21053,0.10526,0.10526,0.26316
5384,70,9,17,ن,nature-imagery,0.0,0.41176,0.29412,0.05882,0.11765,0.17647
5385,70,10,16,ا,,0.0,0.625,0.0625,0.1875,0.1875,0.3125
5386,70,11,40,ه,punishment,0.075,0.55,0.225,0.15,0.1,0.35
5387,70,12,12,ه,,0.08333,0.25,0.25,0.41667,0.41667,0.25
5388,70,13,16,ه,mercy,0.0625,0.4375,0.25,0.25,0.1875,0.1875
5389,70,14,22,ه,creation,0.09091,0.54545,0.13636,0.18182,0.13636,0.22727
5390,70,15,10,ا,hell,0.1,0.3,0.2,0.2,0.2,0.0
5391,70,16,10,ا,,0.0,0.4,0.0,0.3,0.2,0.1
5392,70,17,15,ا,,0.06667,0.46667,0.4,0.0,0.13333,0.33333
5393,70,18,9,ا,,0.0,0.33333,0.22222,0.11111,0.33333,0.44444
5394,70,19,17,ا,creation,0.05882,0.41176,0.17647,0.17647,0.29412,0.05882
5395,70,20,15,ا,,0.06667,0.26667,0.13333,0.33333,0.2,0.13333
5396,70,21,17,ا,,0.05882,0.47059,0.05882,0.23529,0.23529,0.23529
5397,70,22,10,ن,prayer,0.1,0.6,0.1,0.1,0.1,0.1
5398,70,23,22,ن,prayer,0.04545,0.45455,0.13636,0.18182,0.18182,0.18182
5399,70,24,22,م,,0.04545,0.59091,0.09091,0.18182,0.18182,0.36364
5400,70,25,14,م,,0.07143,0.64286,0.07143,0.14286,0.14286,0.28571
5401,70,26,21,ن,eschatology,0.09524,0.61905,0.19048,0.09524,0.0,0.2381
5402,70,27,24,ن,punishment,0.08333,0.5,0.125,0.25,0.125,0.375
5403,70,28,18,ن,punishment,0.11111,0.5,0.22222,0.16667,0.27778,0.33333
5404,70,29,21,ن,,0.09524,0.52381,0.04762,0.33333,0.14286,0.33333
5405,70,30,42,ن,,0.02381,0.52381,0.19048,0.14286,0.2381,0.28571
5406,70,31,30,ن,,0.03333,0.36667,0.26667,0.16667,0.2,0.26667
5407,70,32,28,ن,,0.03571,0.5,0.10714,0.17857,0.25,0.25
5408,70,33,23,ن,legal,0.04348,0.3913,0.21739,0.21739,0.17391,0.26087
5409,70,34,24,ن,prayer,0.08333,0.45833,0.04167,0.29167,0.16667,0.20833
5410,70,35,17,ن,paradise,0.05882,0.52941,0.35294,0.05882,0.11765,0.29412
5411,70,36,24,ن,prophets|polytheism-rejection,0.125,0.45833,0.20833,0.16667,0.08333,0.25
5412,70,37,21,ن,,0.0,0.61905,0.0,0.09524,0.14286,0.14286
5413,70,38,28,م,paradise,0.07143,0.53571,0.25,0.10714,0.28571,0.17857
5414,70,39,22,ن,creation,0.04545,0.54545,0.13636,0.09091,0.18182,0.22727
5415,70,40,35,ن,,0.2,0.42857,0.25714,0.11429,0.08571,0.25714
5416,70,41,31,ن,,0.06452,0.54839,0.19355,0.12903,0.16129,0.29032
5417,70,42,42,ن,,0.07143,0.52381,0.09524,0.19048,0.14286,0.30952
5418,70,43,40,ن,polytheism-rejection,0.1,0.475,0.2,0.175,0.15,0.225
5419,70,44,44,ن,,0.09091,0.40909,0.15909,0.25,0.20455,0.18182
5420,71,1,51,م,punishment|prophets|dialogue,0.09804,0.47059,0.29412,0.11765,0.23529,0.19608
5421,71,2,22,ن,dialogue,0.13636,0.63636,0.22727,0.04545,0.04545,0.22727
5422,71,3,25,ن,prayer|dialogue,0.08,0.4,0.28,0.08,0.24,0.24
5423,71,4,65,ن,mercy,0.04615,0.49231,0.27692,0.12308,0.2,0.21538
5424,71,5,26,ا,dialogue,0.15385,0.53846,0.23077,0.03846,0.11538,0.19231
5425,71,6,21,ا,,0.09524,0.38095,0.19048,0.19048,0.19048,0.19048
5426,71,7,79,ا,mercy,0.07595,0.35443,0.22785,0.21519,0.17722,0.26582
5427,71,8,16,ا,,0.0625,0.375,0.25,0.1875,0.25,0.1875
5428,71,9,28,ا,,0.14286,0.5,0.21429,0.17857,0.25,0.14286
5429,71,10,27,ا,mercy|dialogue,0.14815,0.2963,0.25926,0.25926,0.14815,0.22222
5430,71,11,21,ا,creation|nature-imagery,0.14286,0.52381,0.14286,0.09524,0.09524,0.14286
5431,71,12,44,ا,paradise,0.02273,0.54545,0.29545,0.02273,0.11364,0.27273
5432,71,13,20,ا,,0.15,0.55,0.2,0.05,0.05,0.2
5433,71,14,14,ا,creation,0.28571,0.35714,0.42857,0.07143,0.14286,0.21429
5434,71,15,31,ا,creation,0.12903,0.32258,0.29032,0.16129,0.12903,0.22581
5435,71,16,31,ا,hell|creation,0.12903,0.48387,0.12903,0.16129,0.09677,0.19355
5436,71,17,23,ا,creation,0.08696,0.43478,0.30435,0.08696,0.13043,0.21739
5437,71,18,25,ا,,0.08,0.4,0.24,0.2,0.2,0.2
5438,71,19,21,ا,creation,0.14286,0.38095,0.2381,0.14286,0.14286,0.14286
5439,71,20,20,ا,,0.0,0.3,0.25,0.2,0.05,0.2
5440,71,21,49,ا,prophets|dialogue,0.08163,0.46939,0.16327,0.18367,0.20408,0.2449
5441,71,22,15,ا,,0.2,0.46667,0.26667,0.0,0.0,0.33333
5442,71,23,53,ا,dialogue,0.09434,0.49057,0.15094,0.13208,0.09434,0.22642
5443,71,24,35,ا,,0.14286,0.42857,0.2,0.14286,0.05714,0.11429
5444,71,25,54,ا,hell,0.11111,0.44444,0.2037,0.16667,0.18519,0.22222
5445,71,26,37,ا,creation|prophets|dialogue|polytheism-rejection,0.18919,0.48649,0.16216,0.10811,0.08108,0.13514
5446,71,27,41,ا,polytheism-rejection,0.09756,0.36585,0.26829,0.12195,0.12195,0.17073
5447,71,28,71,ا,mercy,0.05634,0.57746,0.19718,0.07042,0.08451,0.25352
5448,72,1,49,ا,prophets|dialogue,0.10204,0.40816,0.2449,0.12245,0.20408,0.16327
5449,72,2,35,ا,polytheism-rejection,0.08571,0.4,0.28571,0.17143,0.17143,0.17143
5450,72,3,33,ا,,0.06061,0.30303,0.24242,0.18182,0.18182,0.18182
5451,72,4,28,ا,dialogue,0.10714,0.39286,0.17857,0.21429,0.17857,0.10714
5452,72,5,37,ا,,0.05405,0.45946,0.21622,0.10811,0.13514,0.10811
5453,72,6,46,ا,,0.08696,0.47826,0.19565,0.15217,0.13043,0.19565
5454,72,7,33,ا,prophets,0.06061,0.45455,0.21212,0.18182,0.21212,0.18182
5455,72,8,41,ا,hell|creation,0.02439,0.34146,0.21951,0.21951,0.14634,0.19512
5456,72,9,51,ا,hell,0.07843,0.37255,0.23529,0.15686,0.17647,0.15686
5457,72,10,44,ا,creation,0.18182,0.45455,0.29545,0.13636,0.18182,0.20455
5458,72,11,37,ا,,0.13514,0.43243,0.27027,0.08108,0.08108,0.16216
5459,72,12,39,ا,creation,0.10256,0.46154,0.15385,0.20513,0.20513,0.10256
5460,72,13,52,ا,,0.05769,0.38462,0.17308,0.21154,0.19231,0.26923
5461,72,14,49,ا,,0.08163,0.5102,0.18367,0.14286,0.10204,0.28571
5462,72,15,27,ا,hell,0.11111,0.37037,0.25926,0.14815,0.11111,0.25926
5463,72,16,39,ا,paradise,0.15385,0.38462,0.25641,0.12821,0.17949,0.15385
5464,72,17,39,ا,punishment|prayer,0.12821,0.38462,0.15385,0.28205,0.20513,0.17949
5465,72,18,31,ا,,0.0,0.35484,0.22581,0.16129,0.22581,0.16129
5466,72,19,41,ا,,0.02439,0.43902,0.2439,0.09756,0.19512,0.21951
5467,72,20,26,ا,prophets|dialogue|polytheism-rejection,0.11538,0.34615,0.38462,0.11538,0.26923,0.19231
5468,72,21,24,ا,dialogue,0.16667,0.5,0.25,0.08333,0.08333,0.125
5469,72,22,40,ا,dialogue,0.05,0.575,0.275,0.1,0.175,0.125
5470,72,23,64,ا,hell|prophets,0.0625,0.45312,0.14062,0.21875,0.20312,0.17188
5471,72,24,45,ا,polytheism-rejection,0.11111,0.4,0.2,0.15556,0.2,0.22222
5472,72,25,36,ا,dialogue,0.13889,0.47222,0.38889,0.02778,0.22222,0.19444
5473,72,26,27,ا,,0.07407,0.33333,0.14815,0.25926,0.2963,0.14815
5474,72,27,44,ا,prophets,0.11364,0.52273,0.15909,0.22727,0.13636,0.20455
5475,72,28,52,ا,,0.09615,0.36538,0.30769,0.15385,0.23077,0.19231
5476,73,1,12,ل,dialogue,0.0,0.5,0.08333,0.16667,0.16667,0.16667
5477,73,2,15,ا,prayer,0.13333,0.6,0.2,0.0,0.06667,0.06667
5478,73,3,18,ا,,0.22222,0.44444,0.16667,0.27778,0.16667,0.16667
5479,73,4,24,ا,,0.16667,0.5,0.29167,0.08333,0.16667,0.08333
5480,73,5,21,ا,,0.14286,0.47619,0.2381,0.09524,0.09524,0.04762
5481,73,6,30,ا,,0.1,0.43333,0.3,0.13333,0.23333,0.13333
5482,73,7,21,ا,,0.09524,0.42857,0.19048,0.19048,0.14286,0.14286
5483,73,8,26,ا,prayer,0.07692,0.38462,0.38462,0.11538,0.07692,0.23077
5484,73,9,36,ا,monotheism,0.11111,0.41667,0.19444,0.22222,0.19444,0.22222
5485,73,10,32,ا,,0.15625,0.5,0.15625,0.125,0.125,0.25
5486,73,11,35,ا,,0.05714,0.62857,0.11429,0.14286,0.14286,0.25714
5487,73,12,19,ا,hell,0.0,0.47368,0.26316,0.05263,0.15789,0.10526
5488,73,13,22,ا,punishment,0.09091,0.27273,0.13636,0.22727,0.22727,0.22727
5489,73,14,40,ا,creation|nature-imagery,0.075,0.425,0.275,0.1,0.05,0.225
5490,73,15,51,ا,prophets|legal,0.09804,0.47059,0.17647,0.13725,0.15686,0.13725
5491,73,16,31,ا,punishment|prophets,0.09677,0.35484,0.09677,0.32258,0.22581,0.22581
5492,73,17,35,ا,polytheism-rejection,0.05714,0.45714,0.28571,0.11429,0.05714,0.25714
5493,73,18,26,ا,creation,0.07692,0.38462,0.19231,0.19231,0.19231,0.30769
5494,73,19,31,ا,,0.06452,0.25806,0.25806,0.35484,0.25806,0.12903
5495,73,20,329,م,mercy|prophets|prayer,0.12766,0.48632,0.18541,0.18541,0.16109,0.21277
5496,74,1,12,ر,dialogue,0.08333,0.41667,0.16667,0.16667,0.16667,0.08333
5497,74,2,7,ر,,0.28571,0.42857,0.28571,0.28571,0.14286,0.28571
5498,74,3,8,ر,prayer,0.25,0.375,0.5,0.125,0.0,0.5
5499,74,4,10,ر,,0.2,0.3,0.3,0.3,0.1,0.3
5500,74,5,11,ر,,0.18182,0.36364,0.18182,0.27273,0.09091,0.18182
5501,74,6,13,ر,,0.07692,0.46154,0.30769,0.15385,0.0,0.15385
5502,74,7,10,ر,,0.3,0.4,0.3,0.2,0.0,0.4
5503,74,8,16,ر,eschatology,0.25,0.4375,0.1875,0.1875,0.0625,0.1875
5504,74,9,16,ر,,0.0625,0.5625,0.125,0.25,0.125,0.3125
5505,74,10,18,ر,polytheism-rejection,0.16667,0.55556,0.05556,0.16667,0.11111,0.05556
5506,74,11,16,ا,creation,0.125,0.5625,0.1875,0.1875,0.125,0.1875
5507,74,12,17,ا,,0.0,0.47059,0.23529,0.05882,0.11765,0.29412
5508,74,13,10,ا,,0.0,0.5,0.2,0.2,0.1,0.3
5509,74,14,13,ا,,0.0,0.38462,0.30769,0.23077,0.23077,0.23077
5510,74,15,12,د,,0.08333,0.41667,0.33333,0.16667,0.25,0.16667
5511,74,16,21,ا,,0.0,0.38095,0.28571,0.04762,0.19048,0.0
5512,74,17,11,ا,punishment,0.27273,0.18182,0.27273,0.36364,0.36364,0.09091
5513,74,18,10,ر,,0.3,0.4,0.4,0.2,0.2,0.2
5514,74,19,10,ر,punishment,0.3,0.3,0.5,0.2,0.0,0.2
5515,74,20,11,ر,punishment,0.27273,0.36364,0.45455,0.18182,0.0,0.18182
5516,74,21,5,ر,,0.4,0.6,0.0,0.4,0.0,0.2
5517,74,22,9,ر,,0.11111,0.33333,0.22222,0.33333,0.11111,0.44444
5518,74,23,13,ر,,0.15385,0.30769,0.46154,0.15385,0.07692,0.30769
5519,74,24,19,ر,dialogue,0.15789,0.31579,0.21053,0.31579,0.26316,0.05263
5520,74,25,16,ر,,0.125,0.375,0.25,0.1875,0.1875,0.125
5521,74,26,9,ر,,0.33333,0.33333,0.22222,0.44444,0.22222,0.0
5522,74,27,13,ر,,0.23077,0.38462,0.30769,0.07692,0.07692,0.23077
5523,74,28,12,ر,,0.16667,0.41667,0.33333,0.08333,0.0,0.16667
5524,74,29,10,ر,,0.1,0.5,0.1,0.3,0.2,0.2
5525,74,30,12,ر,,0.08333,0.25,0.08333,0.33333,0.41667,0.0
5526,74,31,250,ر,hell|creation|dialogue|polytheism-rejection,0.06,0.472,0.204,0.132,0.116,0.204
5527,74,32,9,ر,creation,0.22222,0.55556,0.22222,0.0,0.0,0.22222
5528,74,33,12,ر,,0.08333,0.5,0.33333,0.08333,0.16667,0.16667
5529,74,34,13,ر,,0.15385,0.23077,0.23077,0.38462,0.23077,0.23077
5530,74,35,14,ر,hell,0.07143,0.28571,0.35714,0.14286,0.28571,0.07143
5531,74,36,10,ر,,0.2,0.6,0.1,0.2,0.0,0.1
5532,74,37,24,ر,,0.08333,0.5,0.375,0.08333,0.20833,0.20833
5533,74,38,17,ه,,0.05882,0.35294,0.29412,0.29412,0.11765,0.23529
5534,74,39,14,ن,,0.07143,0.42857,0.21429,0.14286,0.21429,0.14286
5535,74,40,14,ن,paradise,0.0,0.42857,0.28571,0.14286,0.07143,0.14286
5536,74,41,10,ن,,0.1,0.7,0.1,0.0,0.1,0.2
5537,74,42,12,ر,,0.16667,0.41667,0.25,0.25,0.0,0.25
5538,74,43,18,ن,prayer|dialogue,0.11111,0.66667,0.11111,0.05556,0.0,0.22222
5539,74,44,16,ن,,0.0625,0.625,0.1875,0.0625,0.0625,0.25
5540,74,45,18,ن,,0.11111,0.44444,0.11111,0.22222,0.22222,0.16667
5541,74,46,17,ن,eschatology|polytheism-rejection,0.0,0.52941,0.29412,0.05882,0.0,0.29412
5542,74,47,14,ن,,0.07143,0.35714,0.28571,0.07143,0.14286,0.0
5543,74,48,22,ن,,0.0,0.27273,0.04545,0.36364,0.22727,0.27273
5544,74,49,21,ن,,0.14286,0.47619,0.09524,0.2381,0.19048,0.19048
5545,74,50,15,ه,,0.13333,0.46667,0.2,0.33333,0.26667,0.26667
5546,74,51,10,ه,,0.3,0.5,0.2,0.3,0.1,0.3
5547,74,52,31,ه,,0.12903,0.48387,0.22581,0.19355,0.19355,0.19355
5548,74,53,19,ه,,0.05263,0.42105,0.15789,0.21053,0.21053,0.15789
5549,74,54,11,ه,,0.09091,0.27273,0.36364,0.27273,0.27273,0.0
5550,74,55,10,ه,prayer,0.1,0.3,0.2,0.4,0.2,0.2
5551,74,56,44,ه,mercy|prayer,0.06818,0.45455,0.18182,0.20455,0.25,0.18182
5552,75,1,17,ه,eschatology,0.11765,0.47059,0.23529,0.11765,0.11765,0.29412
5553,75,2,20,ه,eschatology,0.05,0.45,0.15,0.2,0.1,0.3
5554,75,3,24,ه,,0.04167,0.375,0.20833,0.20833,0.29167,0.125
5555,75,4,23,ه,,0.08696,0.47826,0.21739,0.08696,0.13043,0.13043
5556,75,5,23,ه,,0.08696,0.52174,0.21739,0.13043,0.13043,0.17391
5557,75,6,18,ه,eschatology,0.05556,0.55556,0.16667,0.11111,0.16667,0.16667
5558,75,7,12,ر,,0.33333,0.25,0.33333,0.25,0.08333,0.25
5559,75,8,9,ر,creation,0.22222,0.44444,0.11111,0.33333,0.11111,0.33333
5560,75,9,15,ر,creation,0.13333,0.53333,0.13333,0.13333,0.06667,0.33333
5561,75,10,24,ر,,0.08333,0.58333,0.16667,0.125,0.125,0.20833
5562,75,11,8,ر,,0.125,0.5,0.125,0.125,0.0,0.125
5563,75,12,18,ر,,0.16667,0.44444,0.33333,0.11111,0.11111,0.22222
5564,75,13,26,ر,,0.07692,0.46154,0.30769,0.11538,0.19231,0.26923
5565,75,14,21,ه,legal,0.09524,0.38095,0.14286,0.28571,0.19048,0.14286
5566,75,15,14,ه,,0.14286,0.5,0.14286,0.14286,0.21429,0.21429
5567,75,16,20,ه,prophets,0.05,0.3,0.35,0.2,0.2,0.1
5568,75,17,17,ه,,0.11765,0.47059,0.23529,0.11765,0.35294,0.11765
5569,75,18,20,ه,,0.2,0.2,0.35,0.25,0.3,0.15
5570,75,19,14,ه,,0.0,0.5,0.14286,0.14286,0.21429,0.14286
5571,75,20,17,ه,,0.0,0.35294,0.29412,0.11765,0.17647,0.17647
5572,75,21,12,ه,,0.16667,0.5,0.16667,0.25,0.25,0.16667
5573,75,22,14,ه,,0.14286,0.5,0.14286,0.28571,0.21429,0.28571
5574,75,23,12,ه,,0.25,0.33333,0.16667,0.25,0.25,0.08333
5575,75,24,15,ه,,0.06667,0.46667,0.2,0.26667,0.2,0.4
5576,75,25,17,ه,,0.17647,0.29412,0.23529,0.29412,0.23529,0.17647
5577,75,26,17,ي,,0.11765,0.29412,0.35294,0.11765,0.11765,0.05882
5578,75,27,9,ق,dialogue,0.33333,0.66667,0.22222,0.0,0.0,0.22222
5579,75,28,12,ق,,0.25,0.41667,0.16667,0.25,0.16667,0.16667
5580,75,29,17,ق,,0.11765,0.23529,0.29412,0.17647,0.0,0.17647
5581,75,30,17,ق,,0.11765,0.41176,0.29412,0.11765,0.11765,0.23529
5582,75,31,12,ا,prayer|polytheism-rejection,0.25,0.33333,0.16667,0.25,0.0,0.16667
5583,75,32,12,ا,polytheism-rejection,0.0,0.5,0.33333,0.08333,0.0,0.33333
5584,75,33,17,ا,,0.05882,0.29412,0.29412,0.29412,0.29412,0.17647
5585,75,34,11,ا,,0.0,0.45455,0.27273,0.09091,0.18182,0.27273
5586,75,35,13,ا,,0.0,0.46154,0.23077,0.15385,0.15385,0.30769
5587,75,36,21,ا,,0.04762,0.33333,0.33333,0.19048,0.19048,0.04762
5588,75,37,18,ا,,0.05556,0.66667,0.16667,0.11111,0.11111,0.27778
5589,75,38,17,ا,creation,0.11765,0.29412,0.17647,0.35294,0.17647,0.23529
5590,75,39,26,ا,creation,0.03846,0.46154,0.15385,0.19231,0.11538,0.15385
5591,75,40,27,ا,creation,0.07407,0.44444,0.25926,0.11111,0.14815,0.11111
5592,76,1,40,ا,,0.05,0.475,0.175,0.15,0.175,0.1
5593,76,2,49,ا,creation,0.08163,0.38776,0.20408,0.20408,0.18367,0.14286
5594,76,3,32,ا,,0.0625,0.375,0.21875,0.15625,0.15625,0.1875
5595,76,4,35,ا,hell|polytheism-rejection,0.05714,0.42857,0.17143,0.14286,0.17143,0.08571
5596,76,5,35,ا,,0.11429,0.4,0.25714,0.14286,0.11429,0.2
5597,76,6,33,ا,,0.09091,0.36364,0.21212,0.18182,0.15152,0.18182
5598,76,7,35,ا,,0.11429,0.54286,0.11429,0.2,0.05714,0.28571
5599,76,8,37,ا,legal,0.08108,0.48649,0.16216,0.10811,0.16216,0.24324
5600,76,9,40,ا,dialogue,0.075,0.5,0.225,0.1,0.125,0.2
5601,76,10,29,ا,,0.17241,0.48276,0.17241,0.10345,0.10345,0.27586
5602,76,11,36,ا,,0.19444,0.52778,0.08333,0.25,0.11111,0.25
5603,76,12,23,ا,paradise,0.17391,0.43478,0.17391,0.21739,0.13043,0.30435
5604,76,13,44,ا,hell|creation,0.09091,0.45455,0.13636,0.18182,0.15909,0.15909
5605,76,14,34,ا,nature-imagery,0.08824,0.44118,0.14706,0.23529,0.14706,0.14706
5606,76,15,37,ا,creation,0.13514,0.43243,0.24324,0.16216,0.16216,0.27027
5607,76,16,23,ا,creation,0.34783,0.43478,0.26087,0.17391,0.08696,0.17391
5608,76,17,30,ا,,0.03333,0.33333,0.23333,0.23333,0.1,0.16667
5609,76,18,19,ا,paradise,0.0,0.36842,0.10526,0.26316,0.10526,0.15789
5610,76,19,47,ا,creation,0.06383,0.48936,0.21277,0.19149,0.21277,0.25532
5611,76,20,29,ا,paradise,0.10345,0.48276,0.27586,0.06897,0.13793,0.2069
5612,76,21,59,ا,,0.18644,0.37288,0.18644,0.28814,0.16949,0.25424
5613,76,22,30,ا,dialogue,0.03333,0.36667,0.26667,0.16667,0.13333,0.16667
5614,76,23,27,ا,prophets,0.07407,0.51852,0.18519,0.11111,0.14815,0.0
5615,76,24,33,ا,polytheism-rejection,0.15152,0.39394,0.27273,0.18182,0.15152,0.33333
5616,76,25,21,ا,prayer,0.19048,0.38095,0.28571,0.19048,0.09524,0.2381
5617,76,26,29,ا,prayer,0.03448,0.51724,0.13793,0.2069,0.10345,0.2069
5618,76,27,40,ا,polytheism-rejection,0.075,0.5,0.175,0.15,0.225,0.2
5619,76,28,47,ا,creation,0.04255,0.38298,0.25532,0.21277,0.19149,0.17021
5620,76,29,31,ا,,0.06452,0.25806,0.25806,0.35484,0.25806,0.12903
5621,76,30,41,ا,,0.0,0.43902,0.19512,0.12195,0.21951,0.12195
5622,76,31,42,ا,mercy|punishment,0.04762,0.45238,0.16667,0.19048,0.21429,0.19048
5623,77,1,13,ا,nature-imagery,0.15385,0.46154,0.07692,0.15385,0.07692,0.23077
5624,77,2,13,ا,nature-imagery,0.15385,0.07692,0.07692,0.38462,0.15385,0.23077
5625,77,3,13,ا,nature-imagery,0.15385,0.46154,0.07692,0.15385,0.0,0.07692
5626,77,4,13,ا,,0.30769,0.23077,0.23077,0.23077,0.0,0.23077
5627,77,5,13,ا,,0.15385,0.38462,0.23077,0.15385,0.0,0.15385
5628,77,6,10,ا,,0.2,0.4,0.1,0.2,0.2,0.1
5629,77,7,15,ع,,0.06667,0.46667,0.26667,0.0,0.2,0.26667
5630,77,8,14,ت,creation,0.07143,0.35714,0.28571,0.21429,0.07143,0.28571
5631,77,9,14,ت,creation,0.07143,0.28571,0.28571,0.21429,0.14286,0.21429
5632,77,10,14,ت,nature-imagery,0.0,0.28571,0.28571,0.21429,0.07143,0.21429
5633,77,11,13,ت,prophets,0.15385,0.30769,0.38462,0.15385,0.15385,0.07692
5634,77,12,10,ت,,0.0,0.6,0.4,0.0,0.2,0.2
5635,77,13,9,ل,eschatology,0.11111,0.66667,0.0,0.22222,0.0,0.33333
5636,77,14,18,ل,eschatology,0.11111,0.5,0.16667,0.11111,0.05556,0.33333
5637,77,15,16,ن,,0.0,0.6875,0.1875,0.125,0.0625,0.3125
5638,77,16,14,ن,punishment,0.0,0.64286,0.21429,0.07143,0.21429,0.14286
5639,77,17,15,ن,,0.06667,0.46667,0.2,0.2,0.26667,0.2
5640,77,18,17,ن,,0.05882,0.52941,0.23529,0.11765,0.05882,0.23529
5641,77,19,16,ن,,0.0,0.6875,0.1875,0.125,0.0625,0.3125
5642,77,20,18,ن,creation,0.05556,0.61111,0.22222,0.11111,0.22222,0.27778
5643,77,21,17,ن,,0.17647,0.47059,0.17647,0.17647,0.11765,0.17647
5644,77,22,11,م,,0.18182,0.54545,0.27273,0.0,0.18182,0.27273
5645,77,23,18,ن,,0.22222,0.44444,0.22222,0.11111,0.05556,0.22222
5646,77,24,16,ن,,0.0,0.6875,0.1875,0.125,0.0625,0.3125
5647,77,25,17,ا,creation,0.11765,0.35294,0.29412,0.11765,0.17647,0.11765
5648,77,26,12,ا,,0.0,0.33333,0.33333,0.08333,0.33333,0.25
5649,77,27,38,ا,nature-imagery,0.07895,0.36842,0.18421,0.18421,0.13158,0.21053
5650,77,28,16,ن,,0.0,0.6875,0.1875,0.125,0.0625,0.3125
5651,77,29,24,ن,polytheism-rejection,0.08333,0.375,0.375,0.08333,0.08333,0.25
5652,77,30,21,ب,,0.14286,0.33333,0.19048,0.2381,0.09524,0.09524
5653,77,31,20,ب,hell,0.05,0.65,0.05,0.15,0.1,0.15
5654,77,32,18,ر,,0.33333,0.44444,0.27778,0.16667,0.11111,0.11111
5655,77,33,12,ر,,0.16667,0.33333,0.33333,0.25,0.16667,0.16667
5656,77,34,16,ن,,0.0,0.6875,0.1875,0.125,0.0625,0.3125
5657,77,35,14,ن,,0.14286,0.57143,0.14286,0.14286,0.07143,0.21429
5658,77,36,18,ن,,0.05556,0.55556,0.11111,0.22222,0.16667,0.22222
5659,77,37,16,ن,,0.0,0.6875,0.1875,0.125,0.0625,0.3125
5660,77,38,26,ن,eschatology,0.03846,0.53846,0.11538,0.15385,0.11538,0.26923
5661,77,39,18,ن,,0.0,0.44444,0.38889,0.11111,0.05556,0.22222
5662,77,40,16,ن,,0.0,0.6875,0.1875,0.125,0.0625,0.3125
5663,77,41,20,ن,,0.1,0.6,0.15,0.1,0.1,0.2
5664,77,42,15,ن,nature-imagery,0.0,0.46667,0.13333,0.26667,0.13333,0.4
5665,77,43,29,ن,,0.03448,0.48276,0.24138,0.06897,0.10345,0.31034
5666,77,44,19,ن,,0.0,0.47368,0.21053,0.21053,0.10526,0.05263
5667,77,45,16,ن,,0.0,0.6875,0.1875,0.125,0.0625,0.3125
5668,77,46,26,ن,polytheism-rejection,0.07692,0.57692,0.26923,0.0,0.07692,0.30769
5669,77,47,16,ن,,0.0,0.6875,0.1875,0.125,0.0625,0.3125
5670,77,48,24,ن,prayer|dialogue,0.125,0.5,0.16667,0.08333,0.16667,0.16667
5671,77,49,16,ن,,0.0,0.6875,0.1875,0.125,0.0625,0.3125
5672,77,50,18,ن,,0.0,0.38889,0.33333,0.22222,0.27778,0.27778
5673,78,1,10,ن,,0.0,0.5,0.2,0.1,0.2,0.2
5674,78,2,13,م,,0.07692,0.46154,0.15385,0.07692,0.23077,0.15385
5675,78,3,16,ن,,0.0,0.5,0.0625,0.375,0.1875,0.3125
5676,78,4,10,ن,,0.0,0.6,0.1,0.1,0.1,0.2
5677,78,5,12,ن,,0.0,0.58333,0.08333,0.16667,0.08333,0.25
5678,78,6,17,ا,creation,0.11765,0.41176,0.23529,0.11765,0.23529,0.11765
5679,78,7,13,ا,nature-imagery,0.0,0.30769,0.38462,0.0,0.07692,0.23077
5680,78,8,14,ا,creation,0.07143,0.35714,0.28571,0.14286,0.14286,0.21429
5681,78,9,16,ا,creation,0.0,0.4375,0.25,0.0625,0.0625,0.3125
5682,78,10,16,ا,creation,0.0,0.5,0.125,0.0625,0.0625,0.125
5683,78,11,17,ا,creation,0.05882,0.41176,0.05882,0.11765,0.17647,0.11765
5684,78,12,20,ا,creation,0.05,0.3,0.3,0.15,0.05,0.3
5685,78,13,16,ا,hell|creation,0.0625,0.3125,0.1875,0.125,0.125,0.125
5686,78,14,25,ا,nature-imagery,0.08,0.4,0.2,0.12,0.12,0.16
5687,78,15,16,ا,,0.0625,0.3125,0.3125,0.1875,0.1875,0.25
5688,78,16,11,ا,paradise,0.0,0.27273,0.27273,0.18182,0.09091,0.27273
5689,78,17,19,ا,eschatology,0.10526,0.47368,0.21053,0.10526,0.05263,0.21053
5690,78,18,26,ا,,0.07692,0.46154,0.19231,0.23077,0.11538,0.34615
5691,78,19,22,ا,creation,0.0,0.22727,0.36364,0.18182,0.13636,0.31818
5692,78,20,21,ا,nature-imagery,0.09524,0.33333,0.28571,0.14286,0.0,0.19048
5693,78,21,16,ا,hell,0.125,0.375,0.3125,0.125,0.125,0.125
5694,78,22,11,ا,,0.09091,0.45455,0.27273,0.09091,0.18182,0.18182
5695,78,23,16,ا,,0.0625,0.25,0.25,0.25,0.1875,0.1875
5696,78,24,24,ا,,0.125,0.41667,0.16667,0.16667,0.04167,0.25
5697,78,25,14,ا,,0.07143,0.35714,0.14286,0.21429,0.21429,0.21429
5698,78,26,9,ا,eschatology,0.11111,0.11111,0.33333,0.22222,0.11111,0.22222
5699,78,27,21,ا,,0.04762,0.42857,0.19048,0.14286,0.14286,0.19048
5700,78,28,18,ا,polytheism-rejection,0.0,0.22222,0.38889,0.11111,0.05556,0.27778
5701,78,29,18,ا,,0.05556,0.27778,0.33333,0.22222,0.22222,0.11111
5702,78,30,23,ا,punishment,0.04348,0.34783,0.21739,0.21739,0.08696,0.26087
5703,78,31,14,ا,,0.07143,0.5,0.21429,0.14286,0.07143,0.21429
5704,78,32,12,ا,paradise|nature-imagery,0.08333,0.16667,0.41667,0.08333,0.33333,0.16667
5705,78,33,12,ا,,0.08333,0.25,0.41667,0.0,0.16667,0.33333
5706,78,34,10,ا,,0.1,0.1,0.4,0.2,0.2,0.1
5707,78,35,24,ا,,0.0,0.41667,0.08333,0.20833,0.125,0.25
5708,78,36,18,ا,creation,0.11111,0.16667,0.38889,0.16667,0.22222,0.16667
5709,78,37,47,ا,mercy|creation,0.10638,0.51064,0.14894,0.12766,0.10638,0.2766
5710,78,38,58,ا,mercy,0.10345,0.53448,0.15517,0.13793,0.12069,0.25862
5711,78,39,32,ا,,0.0625,0.34375,0.25,0.21875,0.1875,0.21875
5712,78,40,69,ا,punishment|dialogue|polytheism-rejection,0.14493,0.46377,0.26087,0.07246,0.07246,0.17391
5713,79,1,13,ا,,0.15385,0.30769,0.15385,0.15385,0.15385,0.07692
5714,79,2,13,ا,,0.15385,0.30769,0.23077,0.15385,0.0,0.07692
5715,79,3,13,ا,,0.0,0.15385,0.23077,0.30769,0.15385,0.23077
5716,79,4,13,ا,,0.15385,0.07692,0.38462,0.23077,0.0,0.23077
5717,79,5,13,ا,,0.15385,0.38462,0.30769,0.07692,0.07692,0.30769
5718,79,6,14,ه,creation,0.14286,0.42857,0.21429,0.21429,0.07143,0.28571
5719,79,7,13,ه,,0.07692,0.15385,0.30769,0.23077,0.23077,0.15385
5720,79,8,14,ه,,0.07143,0.42857,0.28571,0.21429,0.14286,0.42857
5721,79,9,12,ه,,0.16667,0.08333,0.16667,0.41667,0.41667,0.08333
5722,79,10,27,ه,dialogue,0.11111,0.55556,0.18519,0.14815,0.14815,0.25926
5723,79,11,16,ه,,0.125,0.25,0.1875,0.25,0.3125,0.0625
5724,79,12,19,ه,dialogue,0.15789,0.26316,0.26316,0.26316,0.21053,0.05263
5725,79,13,16,ه,,0.0625,0.3125,0.1875,0.375,0.3125,0.1875
5726,79,14,14,ه,creation,0.07143,0.21429,0.14286,0.42857,0.28571,0.21429
5727,79,15,14,ا,prophets,0.0,0.28571,0.28571,0.28571,0.21429,0.14286
5728,79,16,25,ا,,0.12,0.28,0.32,0.16,0.12,0.2
5729,79,17,18,ا,,0.11111,0.27778,0.22222,0.27778,0.33333,0.16667
5730,79,18,16,ا,,0.0625,0.3125,0.375,0.1875,0.1875,0.0625
5731,79,19,17,ا,,0.05882,0.23529,0.41176,0.23529,0.23529,0.17647
5732,79,20,16,ا,,0.125,0.3125,0.25,0.1875,0.25,0.125
5733,79,21,8,ا,polytheism-rejection,0.125,0.125,0.25,0.375,0.125,0.375
5734,79,22,10,ا,,0.1,0.3,0.3,0.2,0.2,0.2
5735,79,23,9,ا,dialogue|eschatology,0.11111,0.22222,0.11111,0.44444,0.11111,0.22222
5736,79,24,17,ا,dialogue,0.11765,0.35294,0.29412,0.05882,0.17647,0.17647
5737,79,25,26,ا,punishment,0.03846,0.38462,0.15385,0.26923,0.30769,0.11538
5738,79,26,19,ا,,0.05263,0.47368,0.15789,0.26316,0.21053,0.15789
5739,79,27,25,ا,creation,0.04,0.28,0.36,0.16,0.28,0.16
5740,79,28,14,ا,,0.07143,0.21429,0.07143,0.42857,0.21429,0.28571
5741,79,29,20,ا,,0.15,0.3,0.2,0.35,0.35,0.1
5742,79,30,17,ا,creation,0.11765,0.23529,0.29412,0.23529,0.23529,0.11765
5743,79,31,20,ا,nature-imagery,0.1,0.35,0.15,0.2,0.35,0.2
5744,79,32,13,ا,nature-imagery,0.07692,0.30769,0.23077,0.15385,0.15385,0.15385
5745,79,33,17,م,paradise,0.0,0.47059,0.23529,0.0,0.17647,0.29412
5746,79,34,20,ا,,0.1,0.2,0.35,0.15,0.15,0.15
5747,79,35,20,ا,prayer,0.05,0.45,0.15,0.15,0.1,0.15
5748,79,36,17,ا,hell,0.11765,0.58824,0.17647,0.11765,0.05882,0.23529
5749,79,37,9,ا,,0.11111,0.33333,0.22222,0.22222,0.22222,0.33333
5750,79,38,16,ا,,0.0625,0.4375,0.125,0.1875,0.1875,0.0625
5751,79,39,17,ا,hell,0.0,0.47059,0.17647,0.17647,0.23529,0.23529
5752,79,40,32,ا,legal,0.0625,0.4375,0.09375,0.21875,0.1875,0.3125
5753,79,41,16,ا,paradise,0.0,0.4375,0.1875,0.1875,0.25,0.1875
5754,79,42,25,ا,prophets|eschatology,0.04,0.4,0.12,0.2,0.24,0.08
5755,79,43,14,ا,,0.07143,0.42857,0.21429,0.21429,0.14286,0.21429
5756,79,44,13,ا,,0.07692,0.30769,0.30769,0.15385,0.23077,0.15385
5757,79,45,19,ا,,0.05263,0.47368,0.15789,0.21053,0.21053,0.15789
5758,79,46,36,ا,,0.05556,0.47222,0.13889,0.22222,0.25,0.22222
5759,80,1,8,ا,prophets,0.0,0.375,0.25,0.125,0.125,0.375
5760,80,2,12,ا,,0.0,0.25,0.33333,0.08333,0.41667,0.08333
5761,80,3,16,ا,prophets,0.0625,0.5,0.1875,0.125,0.125,0.125
5762,80,4,18,ا,prayer,0.11111,0.33333,0.22222,0.27778,0.16667,0.16667
5763,80,5,11,ا,,0.0,0.36364,0.18182,0.18182,0.18182,0.18182
5764,80,6,10,ا,,0.1,0.2,0.4,0.3,0.2,0.1
5765,80,7,14,ا,,0.0,0.42857,0.21429,0.07143,0.14286,0.14286
5766,80,8,14,ا,,0.0,0.35714,0.28571,0.07143,0.21429,0.21429
5767,80,9,7,ا,,0.0,0.42857,0.0,0.42857,0.28571,0.28571
5768,80,10,11,ا,,0.0,0.27273,0.27273,0.27273,0.36364,0.09091
5769,80,11,12,ه,,0.08333,0.25,0.33333,0.25,0.25,0.0
5770,80,12,10,ه,prayer,0.1,0.3,0.2,0.4,0.2,0.2
5771,80,13,10,ه,,0.2,0.4,0.1,0.5,0.2,0.4
5772,80,14,11,ه,,0.27273,0.45455,0.09091,0.36364,0.36364,0.36364
5773,80,15,9,ه,prophets,0.11111,0.33333,0.33333,0.33333,0.22222,0.22222
5774,80,16,8,ه,,0.375,0.5,0.25,0.125,0.125,0.25
5775,80,17,17,ه,punishment|polytheism-rejection,0.11765,0.35294,0.29412,0.17647,0.17647,0.11765
5776,80,18,11,ه,creation,0.09091,0.45455,0.27273,0.27273,0.36364,0.09091
5777,80,19,15,ه,creation,0.26667,0.33333,0.26667,0.4,0.26667,0.2
5778,80,20,12,ه,,0.08333,0.5,0.08333,0.33333,0.08333,0.16667
5779,80,21,13,ه,,0.15385,0.23077,0.38462,0.30769,0.30769,0.30769
5780,80,22,13,ه,eschatology,0.07692,0.23077,0.23077,0.38462,0.30769,0.07692
5781,80,23,15,ه,,0.2,0.46667,0.2,0.13333,0.13333,0.2
5782,80,24,21,ه,,0.14286,0.42857,0.14286,0.19048,0.19048,0.09524
5783,80,25,16,ا,,0.125,0.25,0.3125,0.125,0.125,0.25
5784,80,26,15,ا,creation,0.33333,0.26667,0.26667,0.26667,0.06667,0.06667
5785,80,27,14,ا,,0.0,0.21429,0.28571,0.28571,0.21429,0.28571
5786,80,28,10,ا,nature-imagery,0.2,0.3,0.3,0.1,0.1,0.4
5787,80,29,12,ا,nature-imagery,0.0,0.58333,0.08333,0.16667,0.08333,0.25
5788,80,30,10,ا,paradise,0.1,0.2,0.4,0.2,0.3,0.2
5789,80,31,10,ا,nature-imagery,0.0,0.2,0.3,0.3,0.3,0.4
5790,80,32,17,م,,0.0,0.47059,0.23529,0.0,0.17647,0.29412
5791,80,33,14,ه,,0.07143,0.07143,0.28571,0.35714,0.28571,0.07143
5792,80,34,17,ه,,0.11765,0.64706,0.11765,0.17647,0.23529,0.29412
5793,80,35,9,ه,,0.0,0.44444,0.33333,0.22222,0.44444,0.44444
5794,80,36,12,ه,,0.08333,0.33333,0.25,0.33333,0.25,0.33333
5795,80,37,24,ه,,0.04167,0.58333,0.16667,0.20833,0.25,0.20833
5796,80,38,14,ه,,0.07143,0.5,0.14286,0.35714,0.21429,0.42857
5797,80,39,12,ه,,0.16667,0.16667,0.25,0.5,0.25,0.16667
5798,80,40,19,ه,,0.05263,0.47368,0.15789,0.26316,0.31579,0.31579
5799,80,41,10,ه,,0.4,0.2,0.4,0.3,0.3,0.0
5800,80,42,19,ه,polytheism-rejection,0.10526,0.36842,0.26316,0.26316,0.26316,0.21053
5801,81,1,12,ت,creation,0.08333,0.33333,0.25,0.25,0.08333,0.16667
5802,81,2,16,ت,creation,0.0625,0.4375,0.3125,0.0625,0.0625,0.1875
5803,81,3,14,ت,nature-imagery,0.07143,0.35714,0.28571,0.14286,0.07143,0.14286
5804,81,4,14,ت,,0.14286,0.28571,0.21429,0.14286,0.21429,0.07143
5805,81,5,14,ت,eschatology,0.07143,0.35714,0.14286,0.35714,0.21429,0.21429
5806,81,6,14,ت,hell,0.14286,0.28571,0.28571,0.21429,0.14286,0.14286
5807,81,7,14,ت,,0.0,0.35714,0.21429,0.28571,0.07143,0.28571
5808,81,8,16,ت,,0.0,0.375,0.3125,0.1875,0.25,0.25
5809,81,9,10,ت,,0.1,0.3,0.6,0.1,0.1,0.2
5810,81,10,13,ت,creation,0.15385,0.30769,0.15385,0.38462,0.15385,0.15385
5811,81,11,14,ت,creation,0.07143,0.21429,0.35714,0.21429,0.14286,0.14286
5812,81,12,14,ت,hell,0.07143,0.35714,0.21429,0.21429,0.21429,0.14286
5813,81,13,14,ت,paradise,0.0,0.28571,0.28571,0.28571,0.21429,0.14286
5814,81,14,14,ت,,0.14286,0.35714,0.21429,0.28571,0.21429,0.21429
5815,81,15,13,س,creation,0.07692,0.30769,0.23077,0.30769,0.15385,0.23077
5816,81,16,11,س,,0.09091,0.45455,0.18182,0.09091,0.0,0.09091
5817,81,17,13,س,,0.0,0.38462,0.07692,0.23077,0.23077,0.07692
5818,81,18,13,س,,0.07692,0.23077,0.23077,0.38462,0.15385,0.23077
5819,81,19,15,م,prophets,0.2,0.66667,0.2,0.13333,0.13333,0.2
5820,81,20,19,ن,,0.10526,0.47368,0.15789,0.21053,0.15789,0.10526
5821,81,21,10,ن,creation,0.1,0.5,0.2,0.1,0.2,0.3
5822,81,22,15,ن,,0.06667,0.46667,0.26667,0.13333,0.06667,0.46667
5823,81,23,19,ن,,0.15789,0.42105,0.36842,0.10526,0.15789,0.26316
5824,81,24,18,ن,prophets,0.05556,0.5,0.11111,0.16667,0.16667,0.27778
5825,81,25,18,م,creation,0.16667,0.55556,0.22222,0.11111,0.05556,0.33333
5826,81,26,10,ن,,0.0,0.4,0.3,0.3,0.2,0.3
5827,81,27,18,ن,,0.05556,0.55556,0.16667,0.11111,0.22222,0.11111
5828,81,28,18,م,,0.05556,0.55556,0.27778,0.11111,0.11111,0.22222
5829,81,29,32,ن,,0.03125,0.46875,0.1875,0.09375,0.1875,0.15625
5830,82,1,15,ت,creation,0.13333,0.26667,0.26667,0.2,0.13333,0.13333
5831,82,2,17,ت,creation,0.05882,0.29412,0.35294,0.11765,0.05882,0.17647
5832,82,3,14,ت,,0.14286,0.28571,0.28571,0.21429,0.14286,0.21429
5833,82,4,15,ت,,0.2,0.33333,0.33333,0.13333,0.13333,0.26667
5834,82,5,18,ت,,0.11111,0.38889,0.33333,0.16667,0.16667,0.27778
5835,82,6,28,م,,0.10714,0.42857,0.25,0.10714,0.14286,0.14286
5836,82,7,18,ك,creation,0.05556,0.27778,0.27778,0.27778,0.11111,0.16667
5837,82,8,17,ك,,0.17647,0.35294,0.29412,0.23529,0.17647,0.23529
5838,82,9,17,ن,eschatology|polytheism-rejection,0.0,0.41176,0.41176,0.05882,0.0,0.23529
5839,82,10,15,ن,,0.06667,0.53333,0.13333,0.2,0.2,0.2
5840,82,11,11,ن,,0.09091,0.36364,0.36364,0.0,0.0,0.18182
5841,82,12,14,ن,,0.0,0.64286,0.07143,0.07143,0.14286,0.35714
5842,82,13,16,م,,0.125,0.5625,0.1875,0.0625,0.1875,0.1875
5843,82,14,16,م,hell,0.0625,0.5,0.1875,0.1875,0.125,0.25
5844,82,15,15,ن,hell|eschatology,0.06667,0.66667,0.06667,0.13333,0.06667,0.2
5845,82,16,16,ن,,0.0,0.375,0.1875,0.1875,0.3125,0.3125
5846,82,17,18,ن,eschatology,0.05556,0.55556,0.22222,0.0,0.05556,0.27778
5847,82,18,19,ن,eschatology,0.05263,0.52632,0.21053,0.05263,0.05263,0.26316
5848,82,19,34,ه,,0.02941,0.55882,0.14706,0.20588,0.11765,0.26471
5849,83,1,11,ن,,0.09091,0.72727,0.09091,0.18182,0.0,0.36364
5850,83,2,30,ن,,0.0,0.4,0.13333,0.16667,0.06667,0.13333
5851,83,3,24,ن,,0.04167,0.54167,0.125,0.25,0.20833,0.33333
5852,83,4,22,ن,eschatology,0.04545,0.5,0.27273,0.13636,0.27273,0.27273
5853,83,5,8,م,,0.125,0.75,0.0,0.125,0.125,0.375
5854,83,6,23,ن,,0.08696,0.65217,0.08696,0.04348,0.04348,0.26087
5855,83,7,22,ن,,0.04545,0.36364,0.31818,0.13636,0.04545,0.13636
5856,83,8,14,ن,,0.07143,0.42857,0.28571,0.07143,0.07143,0.21429
5857,83,9,9,م,,0.22222,0.44444,0.44444,0.0,0.0,0.44444
5858,83,10,16,ن,,0.0,0.6875,0.1875,0.125,0.0625,0.3125
5859,83,11,20,ن,eschatology|polytheism-rejection,0.0,0.6,0.2,0.1,0.0,0.25
5860,83,12,22,م,polytheism-rejection,0.0,0.36364,0.36364,0.13636,0.18182,0.27273
5861,83,13,33,ن,dialogue,0.09091,0.39394,0.27273,0.09091,0.18182,0.0303
5862,83,14,30,ن,,0.06667,0.46667,0.23333,0.06667,0.06667,0.26667
5863,83,15,26,ن,,0.03846,0.53846,0.23077,0.15385,0.23077,0.34615
5864,83,16,17,م,hell,0.05882,0.52941,0.11765,0.23529,0.17647,0.23529
5865,83,17,25,ن,dialogue|polytheism-rejection,0.04,0.36,0.28,0.24,0.08,0.2
5866,83,18,24,ن,,0.08333,0.45833,0.29167,0.04167,0.125,0.125
5867,83,19,15,ن,,0.06667,0.53333,0.2,0.0,0.13333,0.26667
5868,83,20,9,م,,0.22222,0.44444,0.44444,0.0,0.0,0.44444
5869,83,21,13,ن,legal,0.15385,0.46154,0.23077,0.23077,0.15385,0.23077
5870,83,22,16,م,,0.125,0.5625,0.1875,0.0625,0.1875,0.1875
5871,83,23,16,ن,,0.1875,0.5,0.1875,0.0625,0.1875,0.0625
5872,83,24,22,م,,0.13636,0.5,0.09091,0.27273,0.22727,0.27273
5873,83,25,16,م,,0.1875,0.625,0.1875,0.1875,0.125,0.3125
5874,83,26,32,ن,,0.0,0.40625,0.15625,0.3125,0.0625,0.28125
5875,83,27,13,م,,0.0,0.53846,0.15385,0.23077,0.07692,0.30769
5876,83,28,19,ن,,0.15789,0.47368,0.21053,0.10526,0.10526,0.26316
5877,83,29,36,ن,,0.05556,0.55556,0.16667,0.11111,0.11111,0.19444
5878,83,30,19,ن,,0.05263,0.47368,0.15789,0.21053,0.15789,0.36842
5879,83,31,31,ن,,0.06452,0.3871,0.25806,0.16129,0.19355,0.22581
5880,83,32,27,ن,dialogue,0.11111,0.44444,0.22222,0.14815,0.25926,0.18519
5881,83,33,20,ن,,0.1,0.5,0.05,0.25,0.2,0.25
5882,83,34,30,ن,polytheism-rejection,0.06667,0.56667,0.1,0.16667,0.06667,0.26667
5883,83,35,16,ن,,0.1875,0.5,0.1875,0.0625,0.1875,0.0625
5884,83,36,24,ن,paradise|polytheism-rejection,0.04167,0.45833,0.125,0.16667,0.08333,0.29167
5885,84,1,14,ت,creation,0.07143,0.21429,0.28571,0.21429,0.14286,0.07143
5886,84,2,14,ت,,0.14286,0.35714,0.35714,0.21429,0.21429,0.21429
5887,84,3,12,ت,creation,0.16667,0.33333,0.33333,0.16667,0.16667,0.16667
5888,84,4,16,ت,,0.0625,0.375,0.3125,0.1875,0.1875,0.25
5889,84,5,14,ت,,0.14286,0.35714,0.35714,0.21429,0.21429,0.21429
5890,84,6,37,ه,,0.05405,0.2973,0.32432,0.16216,0.21622,0.08108
5891,84,7,21,ه,,0.0,0.42857,0.33333,0.14286,0.19048,0.33333
5892,84,8,19,ا,,0.05263,0.26316,0.10526,0.42105,0.10526,0.26316
5893,84,9,19,ا,,0.15789,0.52632,0.21053,0.15789,0.21053,0.21053
5894,84,10,23,ه,,0.13043,0.3913,0.30435,0.17391,0.26087,0.26087
5895,84,11,13,ا,,0.07692,0.38462,0.15385,0.30769,0.07692,0.46154
5896,84,12,10,ا,hell,0.2,0.5,0.0,0.2,0.1,0.1
5897,84,13,18,ا,,0.11111,0.44444,0.16667,0.27778,0.27778,0.16667
5898,84,14,13,ر,,0.15385,0.61538,0.15385,0.23077,0.30769,0.07692
5899,84,15,18,ا,,0.16667,0.33333,0.33333,0.16667,0.16667,0.22222
5900,84,16,13,ق,,0.15385,0.23077,0.30769,0.30769,0.07692,0.30769
5901,84,17,12,ق,,0.08333,0.66667,0.08333,0.08333,0.0,0.33333
5902,84,18,13,ق,creation,0.23077,0.30769,0.30769,0.15385,0.07692,0.15385
5903,84,19,15,ق,,0.33333,0.26667,0.6,0.0,0.06667,0.2
5904,84,20,14,ن,,0.0,0.64286,0.07143,0.14286,0.14286,0.35714
5905,84,21,26,ن,prayer,0.15385,0.46154,0.26923,0.11538,0.19231,0.11538
5906,84,22,18,ن,polytheism-rejection,0.05556,0.5,0.22222,0.16667,0.0,0.27778
5907,84,23,17,ن,,0.0,0.58824,0.11765,0.05882,0.23529,0.35294
5908,84,24,15,م,punishment,0.06667,0.33333,0.26667,0.26667,0.2,0.4
5909,84,25,41,ن,,0.07317,0.56098,0.12195,0.12195,0.17073,0.21951
5910,85,1,16,ج,creation,0.0625,0.375,0.25,0.125,0.0625,0.25
5911,85,2,13,د,,0.0,0.69231,0.07692,0.0,0.07692,0.46154
5912,85,3,11,د,legal,0.0,0.36364,0.18182,0.36364,0.18182,0.36364
5913,85,4,15,د,punishment,0.13333,0.2,0.46667,0.2,0.26667,0.13333
5914,85,5,14,د,hell,0.14286,0.42857,0.21429,0.07143,0.0,0.14286
5915,85,6,13,د,,0.07692,0.30769,0.23077,0.23077,0.38462,0.15385
5916,85,7,27,د,legal,0.0,0.55556,0.11111,0.14815,0.18519,0.33333
5917,85,8,40,د,,0.025,0.525,0.15,0.125,0.175,0.25
5918,85,9,40,د,creation|legal,0.05,0.45,0.15,0.2,0.15,0.125
5919,85,10,65,ق,mercy|punishment|hell,0.03077,0.50769,0.16923,0.15385,0.13846,0.29231
5920,85,11,65,ر,paradise,0.06154,0.44615,0.2,0.15385,0.13846,0.15385
5921,85,12,13,د,,0.15385,0.30769,0.53846,0.15385,0.07692,0.15385
5922,85,13,14,د,creation,0.0,0.42857,0.35714,0.14286,0.35714,0.21429
5923,85,14,15,د,mercy,0.06667,0.53333,0.13333,0.2,0.13333,0.4
5924,85,15,13,د,,0.07692,0.46154,0.15385,0.15385,0.07692,0.15385
5925,85,16,11,د,,0.09091,0.54545,0.09091,0.09091,0.09091,0.18182
5926,85,17,16,د,,0.0,0.3125,0.375,0.1875,0.1875,0.0625
5927,85,18,10,د,,0.1,0.6,0.1,0.2,0.1,0.5
5928,85,19,19,ب,polytheism-rejection,0.05263,0.42105,0.26316,0.21053,0.0,0.26316
5929,85,20,17,ط,,0.11765,0.58824,0.11765,0.17647,0.23529,0.29412
5930,85,21,12,د,,0.16667,0.5,0.41667,0.08333,0.16667,0.25
5931,85,22,10,ظ,,0.1,0.5,0.0,0.5,0.2,0.5
5932,86,1,14,ق,creation,0.21429,0.42857,0.21429,0.07143,0.07143,0.21429
5933,86,2,16,ق,,0.25,0.375,0.3125,0.0,0.0625,0.1875
5934,86,3,11,ب,creation,0.09091,0.36364,0.27273,0.09091,0.0,0.18182
5935,86,4,19,ظ,,0.05263,0.36842,0.10526,0.31579,0.21053,0.15789
5936,86,5,18,ق,creation,0.16667,0.55556,0.11111,0.22222,0.11111,0.16667
5937,86,6,12,ق,creation,0.16667,0.33333,0.33333,0.16667,0.16667,0.25
5938,86,7,22,ب,,0.13636,0.5,0.27273,0.09091,0.09091,0.22727
5939,86,8,15,ر,,0.2,0.33333,0.26667,0.13333,0.33333,0.0
5940,86,9,14,ر,,0.14286,0.5,0.21429,0.07143,0.07143,0.21429
5941,86,10,17,ر,,0.17647,0.52941,0.05882,0.23529,0.11765,0.29412
5942,86,11,15,ع,creation|nature-imagery,0.06667,0.33333,0.2,0.13333,0.13333,0.13333
5943,86,12,14,ع,creation,0.21429,0.28571,0.21429,0.21429,0.14286,0.07143
5944,86,13,10,ل,,0.2,0.5,0.2,0.3,0.2,0.2
5945,86,14,11,ل,,0.0,0.45455,0.09091,0.27273,0.18182,0.36364
5946,86,15,14,ا,,0.0,0.5,0.35714,0.07143,0.14286,0.14286
5947,86,16,9,ا,,0.0,0.33333,0.55556,0.0,0.11111,0.11111
5948,86,17,23,ا,polytheism-rejection,0.08696,0.52174,0.13043,0.21739,0.17391,0.26087
5949,87,1,15,ا,,0.06667,0.26667,0.26667,0.2,0.2,0.2
5950,87,2,11,ا,creation,0.09091,0.36364,0.09091,0.36364,0.09091,0.18182
5951,87,3,12,ا,,0.16667,0.33333,0.25,0.25,0.08333,0.16667
5952,87,4,15,ا,nature-imagery,0.13333,0.46667,0.13333,0.13333,0.2,0.13333
5953,87,5,13,ا,,0.0,0.15385,0.23077,0.38462,0.46154,0.15385
5954,87,6,13,ا,prophets,0.15385,0.30769,0.30769,0.23077,0.07692,0.07692
5955,87,7,31,ا,,0.03226,0.41935,0.12903,0.19355,0.25806,0.16129
5956,87,8,12,ا,,0.16667,0.66667,0.08333,0.16667,0.0,0.08333
5957,87,9,16,ا,,0.125,0.3125,0.25,0.25,0.125,0.125
5958,87,10,11,ا,,0.09091,0.45455,0.09091,0.36364,0.09091,0.09091
5959,87,11,14,ا,,0.07143,0.28571,0.35714,0.14286,0.14286,0.14286
5960,87,12,19,ا,hell,0.15789,0.47368,0.10526,0.10526,0.0,0.05263
5961,87,13,19,ا,,0.0,0.52632,0.05263,0.21053,0.10526,0.26316
5962,87,14,12,ا,,0.08333,0.25,0.41667,0.25,0.16667,0.16667
5963,87,15,14,ا,prayer,0.21429,0.35714,0.14286,0.35714,0.07143,0.28571
5964,87,16,20,ا,,0.05,0.45,0.2,0.15,0.15,0.1
5965,87,17,15,ا,,0.2,0.4,0.26667,0.2,0.33333,0.2
5966,87,18,19,ا,,0.05263,0.36842,0.10526,0.31579,0.21053,0.15789
5967,87,19,15,ا,prophets,0.13333,0.4,0.13333,0.33333,0.2,0.4
5968,88,1,17,ه,,0.0,0.23529,0.23529,0.35294,0.29412,0.0
5969,88,2,14,ه,,0.0,0.35714,0.14286,0.35714,0.35714,0.28571
5970,88,3,10,ه,,0.1,0.3,0.1,0.3,0.3,0.2
5971,88,4,13,ه,hell,0.15385,0.38462,0.07692,0.23077,0.15385,0.07692
5972,88,5,13,ه,,0.07692,0.46154,0.23077,0.15385,0.23077,0.07692
5973,88,6,19,ع,,0.15789,0.52632,0.10526,0.15789,0.21053,0.15789
5974,88,7,18,ع,,0.0,0.66667,0.05556,0.11111,0.11111,0.22222
5975,88,8,14,ه,,0.0,0.5,0.14286,0.21429,0.28571,0.35714
5976,88,9,11,ه,,0.18182,0.36364,0.0,0.36364,0.27273,0.0
5977,88,10,10,ه,paradise,0.0,0.4,0.1,0.3,0.3,0.1
5978,88,11,15,ه,,0.0,0.33333,0.06667,0.33333,0.26667,0.13333
5979,88,12,12,ه,,0.08333,0.41667,0.08333,0.25,0.25,0.08333
5980,88,13,13,ه,,0.23077,0.46154,0.0,0.38462,0.23077,0.30769
5981,88,14,12,ه,,0.08333,0.41667,0.25,0.16667,0.25,0.5
5982,88,15,12,ه,,0.25,0.5,0.08333,0.33333,0.08333,0.5
5983,88,16,12,ه,,0.08333,0.41667,0.16667,0.33333,0.08333,0.41667
5984,88,17,25,ت,creation,0.12,0.44,0.28,0.16,0.16,0.16
5985,88,18,17,ت,creation,0.05882,0.35294,0.23529,0.17647,0.17647,0.23529
5986,88,19,17,ت,nature-imagery,0.05882,0.35294,0.35294,0.11765,0.05882,0.23529
5987,88,20,16,ت,creation,0.1875,0.3125,0.3125,0.25,0.1875,0.125
5988,88,21,15,ر,prophets,0.13333,0.4,0.33333,0.2,0.13333,0.2
5989,88,22,14,ر,,0.21429,0.5,0.21429,0.21429,0.14286,0.21429
5990,88,23,13,ر,polytheism-rejection,0.07692,0.53846,0.23077,0.07692,0.07692,0.30769
5991,88,24,22,ر,punishment,0.04545,0.27273,0.22727,0.22727,0.22727,0.18182
5992,88,25,13,م,,0.0,0.46154,0.30769,0.07692,0.30769,0.15385
5993,88,26,15,م,,0.0,0.4,0.13333,0.26667,0.26667,0.2
5994,89,1,6,ر,,0.16667,0.5,0.16667,0.16667,0.0,0.33333
5995,89,2,8,ر,,0.125,0.625,0.0,0.125,0.125,0.125
5996,89,3,12,ر,,0.08333,0.5,0.08333,0.16667,0.08333,0.33333
5997,89,4,12,ر,,0.08333,0.58333,0.08333,0.16667,0.08333,0.08333
5998,89,5,16,ر,,0.125,0.4375,0.1875,0.375,0.125,0.125
5999,89,6,18,د,,0.11111,0.33333,0.38889,0.11111,0.16667,0.27778
6000,89,7,12,د,,0.08333,0.33333,0.25,0.08333,0.16667,0.16667
6001,89,8,23,د,creation,0.04348,0.47826,0.17391,0.17391,0.08696,0.17391
6002,89,9,26,د,,0.07692,0.42308,0.19231,0.15385,0.03846,0.26923
6003,89,10,15,د,,0.06667,0.46667,0.2,0.13333,0.13333,0.26667
6004,89,11,17,د,,0.05882,0.41176,0.17647,0.17647,0.05882,0.17647
6005,89,12,17,د,,0.05882,0.23529,0.17647,0.35294,0.11765,0.23529
6006,89,13,18,ب,punishment,0.16667,0.27778,0.27778,0.27778,0.16667,0.33333
6007,89,14,14,د,,0.21429,0.42857,0.35714,0.07143,0.07143,0.21429
6008,89,15,49,ن,dialogue,0.10204,0.40816,0.2449,0.18367,0.20408,0.26531
6009,89,16,40,ن,paradise|dialogue,0.15,0.375,0.25,0.2,0.2,0.2
6010,89,17,19,م,legal,0.05263,0.57895,0.26316,0.0,0.0,0.21053
6011,89,18,23,ن,,0.08696,0.43478,0.13043,0.13043,0.13043,0.17391
6012,89,19,20,ا,legal,0.05,0.45,0.3,0.05,0.1,0.15
6013,89,20,17,ا,,0.0,0.41176,0.23529,0.11765,0.11765,0.35294
6014,89,21,20,ا,creation,0.1,0.15,0.5,0.1,0.1,0.0
6015,89,22,19,ا,,0.15789,0.31579,0.26316,0.21053,0.05263,0.31579
6016,89,23,43,ا,hell|prayer,0.04651,0.46512,0.25581,0.16279,0.16279,0.18605
6017,89,24,21,ي,dialogue,0.09524,0.57143,0.28571,0.04762,0.04762,0.09524
6018,89,25,20,د,punishment,0.0,0.25,0.25,0.3,0.3,0.25
6019,89,26,15,د,,0.13333,0.33333,0.26667,0.26667,0.2,0.2
6020,89,27,20,ه,dialogue,0.05,0.4,0.2,0.2,0.2,0.15
6021,89,28,21,ه,,0.28571,0.42857,0.19048,0.19048,0.19048,0.09524
6022,89,29,13,ي,,0.0,0.30769,0.23077,0.23077,0.15385,0.23077
6023,89,30,10,ي,paradise,0.0,0.5,0.3,0.1,0.1,0.1
6024,90,1,15,د,,0.06667,0.26667,0.33333,0.2,0.13333,0.2
6025,90,2,15,د,prophets,0.0,0.33333,0.33333,0.2,0.2,0.2
6026,90,3,11,د,,0.0,0.63636,0.18182,0.0,0.0,0.45455
6027,90,4,20,د,creation,0.1,0.35,0.35,0.15,0.1,0.1
6028,90,5,20,د,,0.1,0.4,0.35,0.2,0.35,0.05
6029,90,6,17,ا,dialogue,0.05882,0.41176,0.35294,0.05882,0.11765,0.17647
6030,90,7,15,د,,0.06667,0.4,0.33333,0.26667,0.4,0.13333
6031,90,8,14,ن,creation,0.0,0.64286,0.14286,0.07143,0.28571,0.07143
6032,90,9,12,ن,,0.0,0.5,0.08333,0.25,0.0,0.25
6033,90,10,14,ن,,0.0,0.5,0.21429,0.14286,0.14286,0.07143
6034,90,11,14,ه,,0.14286,0.21429,0.28571,0.21429,0.21429,0.21429
6035,90,12,16,ه,,0.125,0.3125,0.3125,0.0625,0.1875,0.25
6036,90,13,6,ه,,0.33333,0.16667,0.5,0.33333,0.16667,0.33333
6037,90,14,19,ه,,0.05263,0.42105,0.21053,0.26316,0.26316,0.36842
6038,90,15,12,ه,legal,0.16667,0.41667,0.25,0.16667,0.08333,0.25
6039,90,16,15,ه,,0.06667,0.4,0.26667,0.2,0.13333,0.26667
6040,90,17,45,ه,mercy,0.11111,0.48889,0.15556,0.15556,0.06667,0.33333
6041,90,18,17,ه,,0.05882,0.41176,0.29412,0.17647,0.29412,0.23529
6042,90,19,32,ه,polytheism-rejection,0.0625,0.375,0.21875,0.21875,0.1875,0.25
6043,90,20,13,ه,hell,0.15385,0.46154,0.15385,0.23077,0.30769,0.15385
6044,91,1,12,ا,creation,0.08333,0.33333,0.0,0.41667,0.16667,0.25
6045,91,2,14,ا,creation,0.14286,0.35714,0.21429,0.14286,0.14286,0.14286
6046,91,3,15,ا,,0.06667,0.33333,0.13333,0.2,0.2,0.06667
6047,91,4,15,ا,,0.0,0.4,0.06667,0.26667,0.2,0.06667
6048,91,5,15,ا,creation,0.0,0.4,0.13333,0.13333,0.13333,0.33333
6049,91,6,14,ا,creation,0.21429,0.35714,0.14286,0.21429,0.21429,0.21429
6050,91,7,12,ا,,0.0,0.41667,0.0,0.33333,0.08333,0.41667
6051,91,8,20,ا,,0.1,0.3,0.2,0.3,0.25,0.3
6052,91,9,13,ا,,0.07692,0.23077,0.30769,0.30769,0.23077,0.15385
6053,91,10,13,ا,,0.07692,0.23077,0.30769,0.23077,0.15385,0.23077
6054,91,11,15,ا,prophets|polytheism-rejection,0.06667,0.2,0.4,0.26667,0.13333,0.33333
6055,91,12,13,ا,,0.07692,0.07692,0.30769,0.30769,0.30769,0.07692
6056,91,13,30,ا,prophets|dialogue,0.13333,0.43333,0.1,0.26667,0.16667,0.13333
6057,91,14,39,ا,creation|polytheism-rejection,0.07692,0.33333,0.20513,0.33333,0.20513,0.41026
6058,91,15,13,ا,,0.07692,0.23077,0.15385,0.23077,0.23077,0.23077
6059,92,1,13,ا,,0.0,0.46154,0.07692,0.23077,0.15385,0.07692
6060,92,2,14,ا,,0.07143,0.35714,0.21429,0.14286,0.14286,0.07143
6061,92,3,18,ا,creation,0.11111,0.44444,0.16667,0.16667,0.11111,0.16667
6062,92,4,11,ا,,0.0,0.36364,0.27273,0.18182,0.18182,0.09091
6063,92,5,15,ا,,0.13333,0.26667,0.33333,0.06667,0.2,0.26667
6064,92,6,11,ا,,0.18182,0.27273,0.27273,0.27273,0.09091,0.18182
6065,92,7,13,ا,,0.15385,0.53846,0.0,0.38462,0.07692,0.07692
6066,92,8,16,ا,,0.0,0.4375,0.1875,0.1875,0.1875,0.3125
6067,92,9,11,ا,polytheism-rejection,0.0,0.27273,0.27273,0.27273,0.09091,0.27273
6068,92,10,13,ا,,0.15385,0.46154,0.0,0.38462,0.15385,0.07692
6069,92,11,21,ا,,0.04762,0.42857,0.14286,0.19048,0.2381,0.14286
6070,92,12,12,ا,,0.0,0.5,0.16667,0.08333,0.25,0.0
6071,92,13,19,ا,,0.05263,0.57895,0.15789,0.10526,0.26316,0.15789
6072,92,14,16,ا,hell,0.1875,0.375,0.25,0.1875,0.0625,0.125
6073,92,15,17,ا,hell,0.11765,0.29412,0.17647,0.17647,0.17647,0.0
6074,92,16,12,ا,polytheism-rejection,0.0,0.41667,0.25,0.16667,0.0,0.25
6075,92,17,14,ا,,0.07143,0.28571,0.35714,0.14286,0.14286,0.14286
6076,92,18,17,ا,,0.0,0.41176,0.23529,0.17647,0.11765,0.05882
6077,92,19,21,ا,paradise,0.0,0.38095,0.2381,0.19048,0.28571,0.19048
6078,92,20,21,ا,,0.04762,0.2381,0.33333,0.14286,0.33333,0.14286
6079,92,21,9,ا,,0.22222,0.55556,0.0,0.33333,0.0,0.33333
6080,93,1,6,ا,,0.16667,0.33333,0.0,0.33333,0.16667,0.16667
6081,93,2,12,ا,,0.0,0.41667,0.16667,0.16667,0.08333,0.08333
6082,93,3,15,ا,prophets,0.13333,0.4,0.33333,0.0,0.06667,0.33333
6083,93,4,20,ا,,0.1,0.6,0.15,0.15,0.25,0.15
6084,93,5,18,ا,,0.22222,0.38889,0.27778,0.22222,0.05556,0.27778
6085,93,6,16,ا,legal,0.0,0.4375,0.375,0.0625,0.125,0.25
6086,93,7,13,ا,,0.07692,0.23077,0.30769,0.23077,0.07692,0.23077
6087,93,8,15,ا,creation,0.0,0.26667,0.33333,0.13333,0.26667,0.2
6088,93,9,17,ر,legal,0.11765,0.41176,0.23529,0.17647,0.11765,0.23529
6089,93,10,17,ر,,0.05882,0.41176,0.17647,0.17647,0.17647,0.17647
6090,93,11,16,ث,,0.0625,0.3125,0.3125,0.25,0.25,0.375
6091,94,1,13,ك,prophets,0.23077,0.46154,0.30769,0.23077,0.15385,0.07692
6092,94,2,13,ك,,0.15385,0.46154,0.15385,0.15385,0.15385,0.23077
6093,94,3,12,ك,,0.33333,0.33333,0.25,0.33333,0.16667,0.0
6094,94,4,12,ك,,0.16667,0.41667,0.25,0.16667,0.08333,0.16667
6095,94,5,14,ا,,0.14286,0.42857,0.07143,0.21429,0.21429,0.14286
6096,94,6,13,ا,,0.15385,0.46154,0.07692,0.15385,0.23077,0.07692
6097,94,7,13,ب,prayer,0.15385,0.15385,0.23077,0.46154,0.15385,0.30769
6098,94,8,12,ب,,0.16667,0.33333,0.33333,0.16667,0.16667,0.33333
6099,95,1,14,ن,,0.0,0.64286,0.14286,0.07143,0.0,0.21429
6100,95,2,9,ن,,0.22222,0.77778,0.11111,0.11111,0.0,0.22222
6101,95,3,15,ن,,0.0,0.46667,0.2,0.13333,0.13333,0.2
6102,95,4,26,م,creation,0.11538,0.42308,0.26923,0.19231,0.15385,0.11538
6103,95,5,18,ن,,0.05556,0.38889,0.16667,0.33333,0.11111,0.16667
6104,95,6,42,ن,,0.07143,0.54762,0.11905,0.14286,0.16667,0.2381
6105,95,7,17,ن,eschatology|polytheism-rejection,0.0,0.29412,0.41176,0.11765,0.05882,0.29412
6106,95,8,21,ن,,0.0,0.42857,0.2381,0.19048,0.2381,0.14286
6107,96,1,18,ق,creation,0.22222,0.33333,0.33333,0.16667,0.11111,0.16667
6108,96,2,15,ق,creation,0.13333,0.46667,0.2,0.13333,0.2,0.06667
6109,96,3,14,م,,0.28571,0.42857,0.42857,0.0,0.14286,0.21429
6110,96,4,13,م,,0.07692,0.53846,0.15385,0.07692,0.07692,0.23077
6111,96,5,18,م,,0.0,0.61111,0.05556,0.05556,0.16667,0.22222
6112,96,6,17,ا,,0.05882,0.41176,0.23529,0.11765,0.17647,0.0
6113,96,7,11,ا,,0.09091,0.27273,0.27273,0.27273,0.36364,0.0
6114,96,8,14,ا,,0.14286,0.35714,0.35714,0.0,0.21429,0.07143
6115,96,9,13,ا,legal,0.07692,0.46154,0.23077,0.15385,0.23077,0.0
6116,96,10,10,ا,prayer,0.1,0.1,0.3,0.2,0.2,0.1
6117,96,11,18,ا,,0.05556,0.33333,0.33333,0.05556,0.27778,0.0
6118,96,12,12,ا,,0.16667,0.41667,0.41667,0.0,0.16667,0.33333
6119,96,13,15,ا,polytheism-rejection,0.06667,0.4,0.46667,0.06667,0.2,0.2
6120,96,14,17,ا,,0.05882,0.58824,0.17647,0.05882,0.23529,0.17647
6121,96,15,26,ه,,0.03846,0.46154,0.15385,0.19231,0.15385,0.11538
6122,96,16,15,ه,,0.13333,0.13333,0.26667,0.4,0.33333,0.06667
6123,96,17,10,ه,polytheism-rejection,0.0,0.4,0.2,0.2,0.2,0.1
6124,96,18,12,ه,hell,0.0,0.33333,0.16667,0.25,0.16667,0.08333
6125,96,19,20,ب,prayer,0.15,0.25,0.4,0.1,0.1,0.15
6126,97,1,21,ر,,0.09524,0.47619,0.19048,0.19048,0.19048,0.04762
6127,97,2,19,ر,,0.15789,0.47368,0.26316,0.05263,0.10526,0.15789
6128,97,3,20,ر,,0.2,0.55,0.15,0.25,0.2,0.1
6129,97,4,37,ر,,0.08108,0.48649,0.21622,0.18919,0.18919,0.24324
6130,97,5,18,ر,,0.11111,0.38889,0.16667,0.22222,0.16667,0.16667
6131,98,1,56,ه,polytheism-rejection,0.03571,0.5,0.23214,0.14286,0.10714,0.19643
6132,98,2,23,ه,prophets,0.17391,0.52174,0.08696,0.30435,0.17391,0.21739
6133,98,3,11,ه,,0.09091,0.27273,0.36364,0.27273,0.18182,0.27273
6134,98,4,45,ه,,0.04444,0.37778,0.31111,0.08889,0.13333,0.24444
6135,98,5,78,ه,prayer,0.0641,0.48718,0.16667,0.15385,0.15385,0.19231
6136,98,6,66,ه,hell|creation|polytheism-rejection,0.07576,0.48485,0.19697,0.18182,0.15152,0.18182
6137,98,7,42,ه,creation,0.07143,0.5,0.16667,0.14286,0.21429,0.19048
6138,98,8,83,ه,paradise,0.09639,0.39759,0.21687,0.21687,0.22892,0.13253
6139,99,1,20,ا,creation,0.1,0.3,0.15,0.35,0.15,0.0
6140,99,2,18,ا,creation,0.22222,0.27778,0.33333,0.22222,0.27778,0.05556
6141,99,3,16,ا,dialogue,0.0625,0.4375,0.125,0.125,0.125,0.125
6142,99,4,16,ا,,0.0625,0.25,0.3125,0.3125,0.3125,0.1875
6143,99,5,13,ا,,0.07692,0.30769,0.38462,0.15385,0.30769,0.23077
6144,99,6,32,م,,0.09375,0.4375,0.1875,0.15625,0.15625,0.15625
6145,99,7,22,ه,,0.18182,0.54545,0.04545,0.27273,0.18182,0.18182
6146,99,8,21,ه,,0.19048,0.57143,0.04762,0.2381,0.14286,0.19048
6147,100,1,13,ا,,0.07692,0.23077,0.23077,0.15385,0.15385,0.15385
6148,100,2,13,ا,,0.15385,0.38462,0.23077,0.15385,0.07692,0.23077
6149,100,3,13,ا,,0.15385,0.30769,0.15385,0.30769,0.15385,0.23077
6150,100,4,11,ا,nature-imagery,0.18182,0.27273,0.27273,0.27273,0.27273,0.18182
6151,100,5,11,ا,,0.09091,0.27273,0.27273,0.27273,0.18182,0.36364
6152,100,6,18,د,,0.05556,0.5,0.27778,0.11111,0.16667,0.11111
6153,100,7,15,د,legal,0.0,0.4,0.2,0.26667,0.26667,0.06667
6154,100,8,17,د,,0.05882,0.47059,0.23529,0.23529,0.23529,0.11765
6155,100,9,25,ر,,0.12,0.4,0.2,0.16,0.16,0.28
6156,100,10,14,ر,,0.21429,0.5,0.07143,0.28571,0.07143,0.28571
6157,100,11,19,ر,,0.10526,0.52632,0.26316,0.21053,0.26316,0.36842
6158,101,1,7,ه,,0.28571,0.28571,0.14286,0.14286,0.28571,0.0
6159,101,2,9,ه,,0.22222,0.33333,0.11111,0.11111,0.22222,0.11111
6160,101,3,17,ه,,0.17647,0.35294,0.23529,0.05882,0.17647,0.17647
6161,101,4,26,ث,,0.03846,0.5,0.11538,0.19231,0.0,0.26923
6162,101,5,24,ش,nature-imagery,0.0,0.45833,0.20833,0.125,0.08333,0.25
6163,101,6,17,ه,,0.05882,0.47059,0.17647,0.23529,0.11765,0.29412
6164,101,7,14,ه,,0.14286,0.35714,0.0,0.5,0.28571,0.21429
6165,101,8,16,ه,,0.0,0.5,0.125,0.25,0.1875,0.375
6166,101,9,9,ه,,0.0,0.33333,0.11111,0.44444,0.44444,0.33333
6167,101,10,13,ه,,0.07692,0.38462,0.23077,0.15385,0.23077,0.23077
6168,101,11,8,ه,hell,0.125,0.5,0.0,0.25,0.25,0.125
6169,102,1,13,ر,,0.07692,0.30769,0.30769,0.15385,0.15385,0.07692
6170,102,2,14,ر,,0.21429,0.35714,0.28571,0.14286,0.07143,0.21429
6171,102,3,12,ن,,0.0,0.5,0.16667,0.16667,0.08333,0.33333
6172,102,4,14,ن,,0.0,0.5,0.14286,0.21429,0.07143,0.35714
6173,102,5,20,ن,,0.05,0.65,0.15,0.0,0.1,0.2
6174,102,6,11,م,hell,0.09091,0.63636,0.18182,0.09091,0.09091,0.18182
6175,102,7,18,ن,,0.11111,0.61111,0.11111,0.11111,0.11111,0.11111
6176,102,8,21,م,,0.0,0.57143,0.14286,0.14286,0.19048,0.19048
6177,103,1,6,ر,,0.33333,0.5,0.0,0.16667,0.16667,0.16667
6178,103,2,15,ر,,0.06667,0.46667,0.13333,0.26667,0.2,0.06667
6179,103,3,52,ر,,0.11538,0.42308,0.17308,0.13462,0.09615,0.26923
6180,104,1,14,ه,,0.0,0.57143,0.07143,0.35714,0.21429,0.21429
6181,104,2,16,ه,,0.0,0.375,0.1875,0.125,0.1875,0.1875
6182,104,3,15,ه,,0.0,0.33333,0.26667,0.33333,0.4,0.13333
6183,104,4,17,ه,,0.05882,0.47059,0.17647,0.23529,0.11765,0.17647
6184,104,5,16,ه,,0.125,0.375,0.25,0.125,0.1875,0.25
6185,104,6,14,ه,hell,0.14286,0.5,0.14286,0.14286,0.14286,0.14286
6186,104,7,18,ه,,0.05556,0.27778,0.33333,0.11111,0.27778,0.05556
6187,104,8,14,ه,hell,0.07143,0.35714,0.21429,0.28571,0.42857,0.14286
6188,104,9,10,ه,,0.0,0.4,0.3,0.2,0.2,0.4
6189,105,1,25,ل,prophets,0.12,0.36,0.32,0.2,0.16,0.28
6190,105,2,19,ل,,0.05263,0.52632,0.26316,0.15789,0.15789,0.15789
6191,105,3,20,ل,nature-imagery,0.15,0.5,0.25,0.1,0.2,0.2
6192,105,4,18,ل,,0.11111,0.5,0.22222,0.22222,0.16667,0.22222
6193,105,5,15,ل,creation,0.06667,0.33333,0.26667,0.26667,0.26667,0.33333
6194,106,1,10,ش,,0.2,0.5,0.2,0.2,0.1,0.1
6195,106,2,23,ف,,0.08696,0.3913,0.13043,0.30435,0.21739,0.17391
6196,106,3,18,ت,prayer,0.05556,0.33333,0.27778,0.16667,0.11111,0.27778
6197,106,4,26,ف,creation,0.03846,0.53846,0.15385,0.19231,0.26923,0.38462
6198,107,1,19,ن,eschatology|polytheism-rejection,0.05263,0.42105,0.36842,0.10526,0.10526,0.10526
6199,107,2,17,م,legal,0.0,0.47059,0.17647,0.17647,0.05882,0.11765
6200,107,3,20,ن,,0.1,0.45,0.1,0.15,0.15,0.15
6201,107,4,11,ن,prayer,0.09091,0.81818,0.0,0.18182,0.0,0.27273
6202,107,5,20,ن,prayer,0.05,0.45,0.05,0.3,0.2,0.15
6203,107,6,13,ن,,0.07692,0.61538,0.07692,0.15385,0.15385,0.15385
6204,107,7,14,ن,,0.0,0.71429,0.0,0.0,0.14286,0.35714
6205,108,1,16,ر,prophets,0.125,0.375,0.3125,0.0625,0.1875,0.0625
6206,108,2,12,ر,prayer,0.25,0.5,0.16667,0.25,0.08333,0.25
6207,108,3,15,ر,,0.06667,0.33333,0.4,0.13333,0.26667,0.13333
6208,109,1,16,ن,dialogue|polytheism-rejection,0.125,0.4375,0.1875,0.125,0.125,0.125
6209,109,2,14,ن,prayer,0.0,0.28571,0.42857,0.0,0.21429,0.28571
6210,109,3,19,د,prayer,0.0,0.36842,0.36842,0.0,0.21053,0.31579
6211,109,4,17,م,prayer,0.0,0.29412,0.35294,0.0,0.17647,0.29412
6212,109,5,19,د,prayer,0.0,0.36842,0.36842,0.0,0.21053,0.31579
6213,109,6,14,ن,,0.0,0.71429,0.28571,0.0,0.0,0.21429
6214,110,1,19,ح,,0.10526,0.31579,0.21053,0.26316,0.21053,0.10526
6215,110,2,31,ا,,0.03226,0.48387,0.19355,0.16129,0.12903,0.16129
6216,110,3,30,ا,mercy,0.06667,0.23333,0.33333,0.3,0.2,0.3
6217,111,1,15,ب,,0.0,0.26667,0.6,0.06667,0.13333,0.33333
6218,111,2,19,ب,,0.0,0.36842,0.15789,0.21053,0.26316,0.26316
6219,111,3,15,ب,hell,0.13333,0.33333,0.13333,0.26667,0.06667,0.06667
6220,111,4,17,ب,,0.11765,0.35294,0.23529,0.23529,0.29412,0.23529
6221,111,5,15,د,,0.0,0.4,0.26667,0.26667,0.13333,0.26667
6222,112,1,11,د,dialogue,0.09091,0.36364,0.27273,0.27273,0.36364,0.09091
6223,112,2,9,د,,0.11111,0.44444,0.11111,0.22222,0.11111,0.11111
6224,112,3,12,د,,0.0,0.83333,0.16667,0.0,0.0,0.33333
6225,112,4,15,د,,0.0,0.46667,0.26667,0.2,0.2,0.26667
6226,113,1,14,ق,dialogue,0.21429,0.35714,0.35714,0.14286,0.14286,0.28571
6227,113,2,9,ق,creation,0.22222,0.55556,0.11111,0.22222,0.11111,0.22222
6228,113,3,15,ب,,0.2,0.33333,0.26667,0.26667,0.13333,0.26667
6229,113,4,20,د,,0.1,0.4,0.15,0.2,0.05,0.2
6230,113,5,15,د,,0.06667,0.26667,0.2,0.4,0.2,0.13333
6231,114,1,14,س,dialogue,0.14286,0.35714,0.28571,0.14286,0.14286,0.21429
6232,114,2,8,س,,0.0,0.5,0.125,0.125,0.0,0.125
6233,114,3,8,س,,0.0,0.375,0.125,0.25,0.25,0.0
6234,114,4,17,س,,0.05882,0.47059,0.0,0.29412,0.05882,0.17647
6235,114,5,20,س,,0.1,0.5,0.05,0.3,0.0,0.2
6236,114,6,13,س,,0.0,0.53846,0.07692,0.15385,0.07692,0.15385
