surah,verse,surah_type,addressees,arabic,english
2,21,medinan,O_people,يا أيها الناس اعبدوا ربكم الذي خلقكم والذين من قبلكم لعلكم تتقون,"O mankind, worship your Lord, who created you and those before you, that you may become righteous -"
2,33,medinan,O_Adam,قال يا آدم أنبئهم بأسمائهم ۖ فلما أنبأهم بأسمائهم قال ألم أقل لكم إني أعلم غيب السماوات والأرض وأعلم ما تبدون وما كنتم تكتمون,"He said, ""O Adam, inform them of their names."" And when he had informed them of their names, He said, ""Did I not tell you that I know the unseen [aspects] of the heavens and the earth? And I know what you reveal and what you have concealed."""
2,35,medinan,O_Adam,وقلنا يا آدم اسكن أنت وزوجك الجنة وكلا منها رغدا حيث شئتما ولا تقربا هذه الشجرة فتكونا من الظالمين,"And We said, ""O Adam, dwell, you and your wife, in Paradise and eat therefrom in [ease and] abundance from wherever you will. But do not approach this tree, lest you be among the wrongdoers."""
2,40,medinan,O_children_of_Israel,يا بني إسرائيل اذكروا نعمتي التي أنعمت عليكم وأوفوا بعهدي أوف بعهدكم وإياي فارهبون,"O Children of Israel, remember My favor which I have bestowed upon you and fulfill My covenant [upon you] that I will fulfill your covenant [from Me], and be afraid of [only] Me."
2,47,medinan,O_children_of_Israel,يا بني إسرائيل اذكروا نعمتي التي أنعمت عليكم وأني فضلتكم على العالمين,"O Children of Israel, remember My favor that I have bestowed upon you and that I preferred you over the worlds."
2,54,medinan,O_my_people,وإذ قال موسى لقومه يا قوم إنكم ظلمتم أنفسكم باتخاذكم العجل فتوبوا إلى بارئكم فاقتلوا أنفسكم ذلكم خير لكم عند بارئكم فتاب عليكم ۚ إنه هو التواب الرحيم,"And [recall] when Moses said to his people, ""O my people, indeed you have wronged yourselves by your taking of the calf [for worship]. So repent to your Creator and kill yourselves. That is best for [all of] you in the sight of your Creator."" Then He accepted your repentance; indeed, He is the Accepting of repentance, the Merciful."
2,55,medinan,O_Moses,وإذ قلتم يا موسى لن نؤمن لك حتى نرى الله جهرة فأخذتكم الصاعقة وأنتم تنظرون,"And [recall] when you said, ""O Moses, we will never believe you until we see Allah outright""; so the thunderbolt took you while you were looking on."
2,61,medinan,O_Moses,وإذ قلتم يا موسى لن نصبر على طعام واحد فادع لنا ربك يخرج لنا مما تنبت الأرض من بقلها وقثائها وفومها وعدسها وبصلها ۖ قال أتستبدلون الذي هو أدنى بالذي هو خير ۚ اهبطوا مصرا فإن لكم ما سألتم ۗ وضربت عليهم الذلة والمسكنة وباءوا بغضب من الله ۗ ذلك بأنهم كانوا يكفرون بآيات الله ويقتلون النبيين بغير الحق ۗ ذلك بما عصوا وكانوا يعتدون,"And [recall] when you said, ""O Moses, we can never endure one [kind of] food. So call upon your Lord to bring forth for us from the earth its green herbs and its cucumbers and its garlic and its lentils and its onions."" [Moses] said, ""Would you exchange what is better for what is less? Go into [any] settlement and indeed, you will have what you have asked."" And they were covered with humiliation and poverty and returned with anger from Allah [upon them]. That was because they [repeatedly] disbelieved in the signs of Allah and killed the prophets without right. That was because they disobeyed and were [habitually] transgressing."
2,104,medinan,O_believers,يا أيها الذين آمنوا لا تقولوا راعنا وقولوا انظرنا واسمعوا ۗ وللكافرين عذاب أليم,"O you who have believed, say not [to Allah 's Messenger], ""Ra'ina"" but say, ""Unthurna"" and listen. And for the disbelievers is a painful punishment."
2,122,medinan,O_children_of_Israel,يا بني إسرائيل اذكروا نعمتي التي أنعمت عليكم وأني فضلتكم على العالمين,"O Children of Israel, remember My favor which I have bestowed upon you and that I preferred you over the worlds."
2,132,medinan,O_my_son,ووصى بها إبراهيم بنيه ويعقوب يا بني إن الله اصطفى لكم الدين فلا تموتن إلا وأنتم مسلمون,"And Abraham instructed his sons [to do the same] and [so did] Jacob, [saying], ""O my sons, indeed Allah has chosen for you this religion, so do not die except while you are Muslims."""
2,153,medinan,O_believers,يا أيها الذين آمنوا استعينوا بالصبر والصلاة ۚ إن الله مع الصابرين,"O you who have believed, seek help through patience and prayer. Indeed, Allah is with the patient."
2,168,medinan,O_people,يا أيها الناس كلوا مما في الأرض حلالا طيبا ولا تتبعوا خطوات الشيطان ۚ إنه لكم عدو مبين,"O mankind, eat from whatever is on earth [that is] lawful and good and do not follow the footsteps of Satan. Indeed, he is to you a clear enemy."
2,172,medinan,O_believers,يا أيها الذين آمنوا كلوا من طيبات ما رزقناكم واشكروا لله إن كنتم إياه تعبدون,"O you who have believed, eat from the good things which We have provided for you and be grateful to Allah if it is [indeed] Him that you worship."
2,178,medinan,O_believers,يا أيها الذين آمنوا كتب عليكم القصاص في القتلى ۖ الحر بالحر والعبد بالعبد والأنثى بالأنثى ۚ فمن عفي له من أخيه شيء فاتباع بالمعروف وأداء إليه بإحسان ۗ ذلك تخفيف من ربكم ورحمة ۗ فمن اعتدى بعد ذلك فله عذاب أليم,"O you who have believed, prescribed for you is legal retribution for those murdered - the free for the free, the slave for the slave, and the female for the female. But whoever overlooks from his brother anything, then there should be a suitable follow-up and payment to him with good conduct. This is an alleviation from your Lord and a mercy. But whoever transgresses after that will have a painful punishment."
2,179,medinan,O_people_of_understanding,ولكم في القصاص حياة يا أولي الألباب لعلكم تتقون,"And there is for you in legal retribution [saving of] life, O you [people] of understanding, that you may become righteous."
2,183,medinan,O_believers,يا أيها الذين آمنوا كتب عليكم الصيام كما كتب على الذين من قبلكم لعلكم تتقون,"O you who have believed, decreed upon you is fasting as it was decreed upon those before you that you may become righteous -"
2,197,medinan,O_people_of_understanding,الحج أشهر معلومات ۚ فمن فرض فيهن الحج فلا رفث ولا فسوق ولا جدال في الحج ۗ وما تفعلوا من خير يعلمه الله ۗ وتزودوا فإن خير الزاد التقوى ۚ واتقون يا أولي الألباب,"Hajj is [during] well-known months, so whoever has made Hajj obligatory upon himself therein [by entering the state of ihram], there is [to be for him] no sexual relations and no disobedience and no disputing during Hajj. And whatever good you do - Allah knows it. And take provisions, but indeed, the best provision is fear of Allah. And fear Me, O you of understanding."
2,208,medinan,O_believers,يا أيها الذين آمنوا ادخلوا في السلم كافة ولا تتبعوا خطوات الشيطان ۚ إنه لكم عدو مبين,"O you who have believed, enter into Islam completely [and perfectly] and do not follow the footsteps of Satan. Indeed, he is to you a clear enemy."
2,254,medinan,O_believers,يا أيها الذين آمنوا أنفقوا مما رزقناكم من قبل أن يأتي يوم لا بيع فيه ولا خلة ولا شفاعة ۗ والكافرون هم الظالمون,"O you who have believed, spend from that which We have provided for you before there comes a Day in which there is no exchange and no friendship and no intercession. And the disbelievers - they are the wrongdoers."
2,264,medinan,O_believers,يا أيها الذين آمنوا لا تبطلوا صدقاتكم بالمن والأذى كالذي ينفق ماله رئاء الناس ولا يؤمن بالله واليوم الآخر ۖ فمثله كمثل صفوان عليه تراب فأصابه وابل فتركه صلدا ۖ لا يقدرون على شيء مما كسبوا ۗ والله لا يهدي القوم الكافرين,"O you who have believed, do not invalidate your charities with reminders or injury as does one who spends his wealth [only] to be seen by the people and does not believe in Allah and the Last Day. His example is like that of a [large] smooth stone upon which is dust and is hit by a downpour that leaves it bare. They are unable [to keep] anything of what they have earned. And Allah does not guide the disbelieving people."
2,267,medinan,O_believers,يا أيها الذين آمنوا أنفقوا من طيبات ما كسبتم ومما أخرجنا لكم من الأرض ۖ ولا تيمموا الخبيث منه تنفقون ولستم بآخذيه إلا أن تغمضوا فيه ۚ واعلموا أن الله غني حميد,"O you who have believed, spend from the good things which you have earned and from that which We have produced for you from the earth. And do not aim toward the defective therefrom, spending [from that] while you would not take it [yourself] except with closed eyes. And know that Allah is Free of need and Praiseworthy."
2,278,medinan,O_believers,يا أيها الذين آمنوا اتقوا الله وذروا ما بقي من الربا إن كنتم مؤمنين,"O you who have believed, fear Allah and give up what remains [due to you] of interest, if you should be believers."
2,282,medinan,O_believers,يا أيها الذين آمنوا إذا تداينتم بدين إلى أجل مسمى فاكتبوه ۚ وليكتب بينكم كاتب بالعدل ۚ ولا يأب كاتب أن يكتب كما علمه الله ۚ فليكتب وليملل الذي عليه الحق وليتق الله ربه ولا يبخس منه شيئا ۚ فإن كان الذي عليه الحق سفيها أو ضعيفا أو لا يستطيع أن يمل هو فليملل وليه بالعدل ۚ واستشهدوا شهيدين من رجالكم ۖ فإن لم يكونا رجلين فرجل وامرأتان ممن ترضون من الشهداء أن تضل إحداهما فتذكر إحداهما الأخرى ۚ ولا يأب الشهداء إذا ما دعوا ۚ ولا تسأموا أن تكتبوه صغيرا أو كبيرا إلى أجله ۚ ذلكم أقسط عند الله وأقوم للشهادة وأدنى ألا ترتابوا ۖ إلا أن تكون تجارة حاضرة تديرونها بينكم فليس عليكم جناح ألا تكتبوها ۗ وأشهدوا إذا تبايعتم ۚ ولا يضار كاتب ولا شهيد ۚ وإن تفعلوا فإنه فسوق بكم ۗ واتقوا الله ۖ ويعلمكم الله ۗ والله بكل شيء عليم,"O you who have believed, when you contract a debt for a specified term, write it down. And let a scribe write [it] between you in justice. Let no scribe refuse to write as Allah has taught him. So let him write and let the one who has the obligation dictate. And let him fear Allah, his Lord, and not leave anything out of it. But if the one who has the obligation is of limited understanding or weak or unable to dictate himself, then let his guardian dictate in justice. And bring to witness two witnesses from among your men. And if there are not two men [available], then a man and two women from those whom you accept as witnesses - so that if one of the women errs, then the other can remind her. And let not the witnesses refuse when they are called upon. And do not be [too] weary to write it, whether it is small or large, for its [specified] term. That is more just in the sight of Allah and stronger as evidence and more likely to prevent doubt between you, except when it is an immediate transaction which you conduct among yourselves. For [then] there is no blame upon you if you do not write it. And take witnesses when you conclude a contract. Let no scribe be harmed or any witness. For if you do so, indeed, it is [grave] disobedience in you. And fear Allah. And Allah teaches you. And Allah is Knowing of all things."
3,37,medinan,O_Mary,فتقبلها ربها بقبول حسن وأنبتها نباتا حسنا وكفلها زكريا ۖ كلما دخل عليها زكريا المحراب وجد عندها رزقا ۖ قال يا مريم أنى لك هذا ۖ قالت هو من عند الله ۖ إن الله يرزق من يشاء بغير حساب,"So her Lord accepted her with good acceptance and caused her to grow in a good manner and put her in the care of Zechariah. Every time Zechariah entered upon her in the prayer chamber, he found with her provision. He said, ""O Mary, from where is this [coming] to you?"" She said, ""It is from Allah. Indeed, Allah provides for whom He wills without account."""
3,38,medinan,O_my_Lord,هنالك دعا زكريا ربه ۖ قال رب هب لي من لدنك ذرية طيبة ۖ إنك سميع الدعاء,"At that, Zechariah called upon his Lord, saying, ""My Lord, grant me from Yourself a good offspring. Indeed, You are the Hearer of supplication."""
3,42,medinan,O_Mary,وإذ قالت الملائكة يا مريم إن الله اصطفاك وطهرك واصطفاك على نساء العالمين,"And [mention] when the angels said, ""O Mary, indeed Allah has chosen you and purified you and chosen you above the women of the worlds."
3,43,medinan,O_Mary,يا مريم اقنتي لربك واسجدي واركعي مع الراكعين,"O Mary, be devoutly obedient to your Lord and prostrate and bow with those who bow [in prayer]."""
3,45,medinan,O_Mary,إذ قالت الملائكة يا مريم إن الله يبشرك بكلمة منه اسمه المسيح عيسى ابن مريم وجيها في الدنيا والآخرة ومن المقربين,"[And mention] when the angels said, ""O Mary, indeed Allah gives you good tidings of a word from Him, whose name will be the Messiah, Jesus, the son of Mary - distinguished in this world and the Hereafter and among those brought near [to Allah]."
3,55,medinan,O_Jesus,إذ قال الله يا عيسى إني متوفيك ورافعك إلي ومطهرك من الذين كفروا وجاعل الذين اتبعوك فوق الذين كفروا إلى يوم القيامة ۖ ثم إلي مرجعكم فأحكم بينكم فيما كنتم فيه تختلفون,"[Mention] when Allah said, ""O Jesus, indeed I will take you and raise you to Myself and purify you from those who disbelieve and make those who follow you [in submission to Allah alone] superior to those who disbelieve until the Day of Resurrection. Then to Me is your return, and I will judge between you concerning that in which you used to differ."
3,64,medinan,O_People_of_Book,قل يا أهل الكتاب تعالوا إلى كلمة سواء بيننا وبينكم ألا نعبد إلا الله ولا نشرك به شيئا ولا يتخذ بعضنا بعضا أربابا من دون الله ۚ فإن تولوا فقولوا اشهدوا بأنا مسلمون,"Say, ""O People of the Scripture, come to a word that is equitable between us and you - that we will not worship except Allah and not associate anything with Him and not take one another as lords instead of Allah."" But if they turn away, then say, ""Bear witness that we are Muslims [submitting to Him]."""
3,65,medinan,O_People_of_Book,يا أهل الكتاب لم تحاجون في إبراهيم وما أنزلت التوراة والإنجيل إلا من بعده ۚ أفلا تعقلون,"O People of the Scripture, why do you argue about Abraham while the Torah and the Gospel were not revealed until after him? Then will you not reason?"
3,70,medinan,O_People_of_Book,يا أهل الكتاب لم تكفرون بآيات الله وأنتم تشهدون,"O People of the Scripture, why do you disbelieve in the verses of Allah while you witness [to their truth]?"
3,71,medinan,O_People_of_Book,يا أهل الكتاب لم تلبسون الحق بالباطل وتكتمون الحق وأنتم تعلمون,"O People of the Scripture, why do you confuse the truth with falsehood and conceal the truth while you know [it]?"
3,98,medinan,O_People_of_Book,قل يا أهل الكتاب لم تكفرون بآيات الله والله شهيد على ما تعملون,"Say, ""O People of the Scripture, why do you disbelieve in the verses of Allah while Allah is Witness over what you do?"""
3,99,medinan,O_People_of_Book,قل يا أهل الكتاب لم تصدون عن سبيل الله من آمن تبغونها عوجا وأنتم شهداء ۗ وما الله بغافل عما تعملون,"Say, ""O People of the Scripture, why do you avert from the way of Allah those who believe, seeking to make it [seem] deviant, while you are witnesses [to the truth]? And Allah is not unaware of what you do."""
3,100,medinan,O_believers,يا أيها الذين آمنوا إن تطيعوا فريقا من الذين أوتوا الكتاب يردوكم بعد إيمانكم كافرين,"O you who have believed, if you obey a party of those who were given the Scripture, they would turn you back, after your belief, [to being] unbelievers."
3,102,medinan,O_believers,يا أيها الذين آمنوا اتقوا الله حق تقاته ولا تموتن إلا وأنتم مسلمون,"O you who have believed, fear Allah as He should be feared and do not die except as Muslims [in submission to Him]."
3,118,medinan,O_believers,يا أيها الذين آمنوا لا تتخذوا بطانة من دونكم لا يألونكم خبالا ودوا ما عنتم قد بدت البغضاء من أفواههم وما تخفي صدورهم أكبر ۚ قد بينا لكم الآيات ۖ إن كنتم تعقلون,"O you who have believed, do not take as intimates those other than yourselves, for they will not spare you [any] ruin. They wish you would have hardship. Hatred has already appeared from their mouths, and what their breasts conceal is greater. We have certainly made clear to you the signs, if you will use reason."
3,130,medinan,O_believers,يا أيها الذين آمنوا لا تأكلوا الربا أضعافا مضاعفة ۖ واتقوا الله لعلكم تفلحون,"O you who have believed, do not consume usury, doubled and multiplied, but fear Allah that you may be successful."
3,149,medinan,O_believers,يا أيها الذين آمنوا إن تطيعوا الذين كفروا يردوكم على أعقابكم فتنقلبوا خاسرين,"O you who have believed, if you obey those who disbelieve, they will turn you back on your heels, and you will [then] become losers."
3,156,medinan,O_believers,يا أيها الذين آمنوا لا تكونوا كالذين كفروا وقالوا لإخوانهم إذا ضربوا في الأرض أو كانوا غزى لو كانوا عندنا ما ماتوا وما قتلوا ليجعل الله ذلك حسرة في قلوبهم ۗ والله يحيي ويميت ۗ والله بما تعملون بصير,"O you who have believed, do not be like those who disbelieved and said about their brothers when they traveled through the land or went out to fight, ""If they had been with us, they would not have died or have been killed,"" so Allah makes that [misconception] a regret within their hearts. And it is Allah who gives life and causes death, and Allah is Seeing of what you do."
3,200,medinan,O_believers,يا أيها الذين آمنوا اصبروا وصابروا ورابطوا واتقوا الله لعلكم تفلحون,"O you who have believed, persevere and endure and remain stationed and fear Allah that you may be successful."
4,1,medinan,O_people,يا أيها الناس اتقوا ربكم الذي خلقكم من نفس واحدة وخلق منها زوجها وبث منهما رجالا كثيرا ونساء ۚ واتقوا الله الذي تساءلون به والأرحام ۚ إن الله كان عليكم رقيبا,"O mankind, fear your Lord, who created you from one soul and created from it its mate and dispersed from both of them many men and women. And fear Allah, through whom you ask one another, and the wombs. Indeed Allah is ever, over you, an Observer."
4,19,medinan,O_believers,يا أيها الذين آمنوا لا يحل لكم أن ترثوا النساء كرها ۖ ولا تعضلوهن لتذهبوا ببعض ما آتيتموهن إلا أن يأتين بفاحشة مبينة ۚ وعاشروهن بالمعروف ۚ فإن كرهتموهن فعسى أن تكرهوا شيئا ويجعل الله فيه خيرا كثيرا,"O you who have believed, it is not lawful for you to inherit women by compulsion. And do not make difficulties for them in order to take [back] part of what you gave them unless they commit a clear immorality. And live with them in kindness. For if you dislike them - perhaps you dislike a thing and Allah makes therein much good."
4,29,medinan,O_believers,يا أيها الذين آمنوا لا تأكلوا أموالكم بينكم بالباطل إلا أن تكون تجارة عن تراض منكم ۚ ولا تقتلوا أنفسكم ۚ إن الله كان بكم رحيما,"O you who have believed, do not consume one another's wealth unjustly but only [in lawful] business by mutual consent. And do not kill yourselves [or one another]. Indeed, Allah is to you ever Merciful."
4,43,medinan,O_believers,يا أيها الذين آمنوا لا تقربوا الصلاة وأنتم سكارى حتى تعلموا ما تقولون ولا جنبا إلا عابري سبيل حتى تغتسلوا ۚ وإن كنتم مرضى أو على سفر أو جاء أحد منكم من الغائط أو لامستم النساء فلم تجدوا ماء فتيمموا صعيدا طيبا فامسحوا بوجوهكم وأيديكم ۗ إن الله كان عفوا غفورا,"O you who have believed, do not approach prayer while you are intoxicated until you know what you are saying or in a state of janabah, except those passing through [a place of prayer], until you have washed [your whole body]. And if you are ill or on a journey or one of you comes from the place of relieving himself or you have contacted women and find no water, then seek clean earth and wipe over your faces and your hands [with it]. Indeed, Allah is ever Pardoning and Forgiving."
4,59,medinan,O_believers,يا أيها الذين آمنوا أطيعوا الله وأطيعوا الرسول وأولي الأمر منكم ۖ فإن تنازعتم في شيء فردوه إلى الله والرسول إن كنتم تؤمنون بالله واليوم الآخر ۚ ذلك خير وأحسن تأويلا,"O you who have believed, obey Allah and obey the Messenger and those in authority among you. And if you disagree over anything, refer it to Allah and the Messenger, if you should believe in Allah and the Last Day. That is the best [way] and best in result."
4,71,medinan,O_believers,يا أيها الذين آمنوا خذوا حذركم فانفروا ثبات أو انفروا جميعا,"O you who have believed, take your precaution and [either] go forth in companies or go forth all together."
4,73,medinan,O_would_that_LAMENT,ولئن أصابكم فضل من الله ليقولن كأن لم تكن بينكم وبينه مودة يا ليتني كنت معهم فأفوز فوزا عظيما,"But if bounty comes to you from Allah, he will surely say, as if there had never been between you and him any affection. ""Oh, I wish I had been with them so I could have attained a great attainment."""
4,94,medinan,O_believers,يا أيها الذين آمنوا إذا ضربتم في سبيل الله فتبينوا ولا تقولوا لمن ألقى إليكم السلام لست مؤمنا تبتغون عرض الحياة الدنيا فعند الله مغانم كثيرة ۚ كذلك كنتم من قبل فمن الله عليكم فتبينوا ۚ إن الله كان بما تعملون خبيرا,"O you who have believed, when you go forth [to fight] in the cause of Allah, investigate; and do not say to one who gives you [a greeting of] peace ""You are not a believer,"" aspiring for the goods of worldly life; for with Allah are many acquisitions. You [yourselves] were like that before; then Allah conferred His favor upon you, so investigate. Indeed Allah is ever, with what you do, Acquainted."
4,135,medinan,O_believers,۞ يا أيها الذين آمنوا كونوا قوامين بالقسط شهداء لله ولو على أنفسكم أو الوالدين والأقربين ۚ إن يكن غنيا أو فقيرا فالله أولى بهما ۖ فلا تتبعوا الهوى أن تعدلوا ۚ وإن تلووا أو تعرضوا فإن الله كان بما تعملون خبيرا,"O you who have believed, be persistently standing firm in justice, witnesses for Allah, even if it be against yourselves or parents and relatives. Whether one is rich or poor, Allah is more worthy of both. So follow not [personal] inclination, lest you not be just. And if you distort [your testimony] or refuse [to give it], then indeed Allah is ever, with what you do, Acquainted."
4,136,medinan,O_believers,يا أيها الذين آمنوا آمنوا بالله ورسوله والكتاب الذي نزل على رسوله والكتاب الذي أنزل من قبل ۚ ومن يكفر بالله وملائكته وكتبه ورسله واليوم الآخر فقد ضل ضلالا بعيدا,"O you who have believed, believe in Allah and His Messenger and the Book that He sent down upon His Messenger and the Scripture which He sent down before. And whoever disbelieves in Allah, His angels, His books, His messengers, and the Last Day has certainly gone far astray."
4,144,medinan,O_believers,يا أيها الذين آمنوا لا تتخذوا الكافرين أولياء من دون المؤمنين ۚ أتريدون أن تجعلوا لله عليكم سلطانا مبينا,"O you who have believed, do not take the disbelievers as allies instead of the believers. Do you wish to give Allah against yourselves a clear case?"
4,170,medinan,O_people,يا أيها الناس قد جاءكم الرسول بالحق من ربكم فآمنوا خيرا لكم ۚ وإن تكفروا فإن لله ما في السماوات والأرض ۚ وكان الله عليما حكيما,"O Mankind, the Messenger has come to you with the truth from your Lord, so believe; it is better for you. But if you disbelieve - then indeed, to Allah belongs whatever is in the heavens and earth. And ever is Allah Knowing and Wise."
4,171,medinan,O_People_of_Book,يا أهل الكتاب لا تغلوا في دينكم ولا تقولوا على الله إلا الحق ۚ إنما المسيح عيسى ابن مريم رسول الله وكلمته ألقاها إلى مريم وروح منه ۖ فآمنوا بالله ورسله ۖ ولا تقولوا ثلاثة ۚ انتهوا خيرا لكم ۚ إنما الله إله واحد ۖ سبحانه أن يكون له ولد ۘ له ما في السماوات وما في الأرض ۗ وكفى بالله وكيلا,"O People of the Scripture, do not commit excess in your religion or say about Allah except the truth. The Messiah, Jesus, the son of Mary, was but a messenger of Allah and His word which He directed to Mary and a soul [created at a command] from Him. So believe in Allah and His messengers. And do not say, ""Three""; desist - it is better for you. Indeed, Allah is but one God. Exalted is He above having a son. To Him belongs whatever is in the heavens and whatever is on the earth. And sufficient is Allah as Disposer of affairs."
4,174,medinan,O_people,يا أيها الناس قد جاءكم برهان من ربكم وأنزلنا إليكم نورا مبينا,"O mankind, there has come to you a conclusive proof from your Lord, and We have sent down to you a clear light."
5,1,medinan,O_believers,يا أيها الذين آمنوا أوفوا بالعقود ۚ أحلت لكم بهيمة الأنعام إلا ما يتلى عليكم غير محلي الصيد وأنتم حرم ۗ إن الله يحكم ما يريد,"O you who have believed, fulfill [all] contracts. Lawful for you are the animals of grazing livestock except for that which is recited to you [in this Qur'an] - hunting not being permitted while you are in the state of ihram. Indeed, Allah ordains what He intends."
5,2,medinan,O_believers,يا أيها الذين آمنوا لا تحلوا شعائر الله ولا الشهر الحرام ولا الهدي ولا القلائد ولا آمين البيت الحرام يبتغون فضلا من ربهم ورضوانا ۚ وإذا حللتم فاصطادوا ۚ ولا يجرمنكم شنآن قوم أن صدوكم عن المسجد الحرام أن تعتدوا ۘ وتعاونوا على البر والتقوى ۖ ولا تعاونوا على الإثم والعدوان ۚ واتقوا الله ۖ إن الله شديد العقاب,"O you who have believed, do not violate the rites of Allah or [the sanctity of] the sacred month or [neglect the marking of] the sacrificial animals and garlanding [them] or [violate the safety of] those coming to the Sacred House seeking bounty from their Lord and [His] approval. But when you come out of ihram, then [you may] hunt. And do not let the hatred of a people for having obstructed you from al-Masjid al-Haram lead you to transgress. And cooperate in righteousness and piety, but do not cooperate in sin and aggression. And fear Allah; indeed, Allah is severe in penalty."
5,6,medinan,O_believers,يا أيها الذين آمنوا إذا قمتم إلى الصلاة فاغسلوا وجوهكم وأيديكم إلى المرافق وامسحوا برءوسكم وأرجلكم إلى الكعبين ۚ وإن كنتم جنبا فاطهروا ۚ وإن كنتم مرضى أو على سفر أو جاء أحد منكم من الغائط أو لامستم النساء فلم تجدوا ماء فتيمموا صعيدا طيبا فامسحوا بوجوهكم وأيديكم منه ۚ ما يريد الله ليجعل عليكم من حرج ولكن يريد ليطهركم وليتم نعمته عليكم لعلكم تشكرون,"O you who have believed, when you rise to [perform] prayer, wash your faces and your forearms to the elbows and wipe over your heads and wash your feet to the ankles. And if you are in a state of janabah, then purify yourselves. But if you are ill or on a journey or one of you comes from the place of relieving himself or you have contacted women and do not find water, then seek clean earth and wipe over your faces and hands with it. Allah does not intend to make difficulty for you, but He intends to purify you and complete His favor upon you that you may be grateful."
5,8,medinan,O_believers,يا أيها الذين آمنوا كونوا قوامين لله شهداء بالقسط ۖ ولا يجرمنكم شنآن قوم على ألا تعدلوا ۚ اعدلوا هو أقرب للتقوى ۖ واتقوا الله ۚ إن الله خبير بما تعملون,"O you who have believed, be persistently standing firm for Allah, witnesses in justice, and do not let the hatred of a people prevent you from being just. Be just; that is nearer to righteousness. And fear Allah; indeed, Allah is Acquainted with what you do."
5,11,medinan,O_believers,يا أيها الذين آمنوا اذكروا نعمت الله عليكم إذ هم قوم أن يبسطوا إليكم أيديهم فكف أيديهم عنكم ۖ واتقوا الله ۚ وعلى الله فليتوكل المؤمنون,"O you who have believed, remember the favor of Allah upon you when a people determined to extend their hands [in aggression] against you, but He withheld their hands from you; and fear Allah. And upon Allah let the believers rely."
5,15,medinan,O_People_of_Book,يا أهل الكتاب قد جاءكم رسولنا يبين لكم كثيرا مما كنتم تخفون من الكتاب ويعفو عن كثير ۚ قد جاءكم من الله نور وكتاب مبين,"O People of the Scripture, there has come to you Our Messenger making clear to you much of what you used to conceal of the Scripture and overlooking much. There has come to you from Allah a light and a clear Book."
5,19,medinan,O_People_of_Book,يا أهل الكتاب قد جاءكم رسولنا يبين لكم على فترة من الرسل أن تقولوا ما جاءنا من بشير ولا نذير ۖ فقد جاءكم بشير ونذير ۗ والله على كل شيء قدير,"O People of the Scripture, there has come to you Our Messenger to make clear to you [the religion] after a period [of suspension] of messengers, lest you say, ""There came not to us any bringer of good tidings or a warner."" But there has come to you a bringer of good tidings and a warner. And Allah is over all things competent."
5,20,medinan,O_my_people,وإذ قال موسى لقومه يا قوم اذكروا نعمة الله عليكم إذ جعل فيكم أنبياء وجعلكم ملوكا وآتاكم ما لم يؤت أحدا من العالمين,"And [mention, O Muhammad], when Moses said to his people, ""O my people, remember the favor of Allah upon you when He appointed among you prophets and made you possessors and gave you that which He had not given anyone among the worlds."
5,21,medinan,O_my_people,يا قوم ادخلوا الأرض المقدسة التي كتب الله لكم ولا ترتدوا على أدباركم فتنقلبوا خاسرين,"O my people, enter the Holy Land which Allah has assigned to you and do not turn back [from fighting in Allah 's cause] and [thus] become losers."""
5,22,medinan,O_Moses,قالوا يا موسى إن فيها قوما جبارين وإنا لن ندخلها حتى يخرجوا منها فإن يخرجوا منها فإنا داخلون,"They said, ""O Moses, indeed within it is a people of tyrannical strength, and indeed, we will never enter it until they leave it; but if they leave it, then we will enter."""
5,24,medinan,O_Moses,قالوا يا موسى إنا لن ندخلها أبدا ما داموا فيها ۖ فاذهب أنت وربك فقاتلا إنا هاهنا قاعدون,"They said, ""O Moses, indeed we will not enter it, ever, as long as they are within it; so go, you and your Lord, and fight. Indeed, we are remaining right here."""
5,31,medinan,O_woe_LAMENT,فبعث الله غرابا يبحث في الأرض ليريه كيف يواري سوءة أخيه ۚ قال يا ويلتا أعجزت أن أكون مثل هذا الغراب فأواري سوءة أخي ۖ فأصبح من النادمين,"Then Allah sent a crow searching in the ground to show him how to hide the disgrace of his brother. He said, ""O woe to me! Have I failed to be like this crow and hide the body of my brother?"" And he became of the regretful."
5,35,medinan,O_believers,يا أيها الذين آمنوا اتقوا الله وابتغوا إليه الوسيلة وجاهدوا في سبيله لعلكم تفلحون,"O you who have believed, fear Allah and seek the means [of nearness] to Him and strive in His cause that you may succeed."
5,41,medinan,O_messenger_sing,۞ يا أيها الرسول لا يحزنك الذين يسارعون في الكفر من الذين قالوا آمنا بأفواههم ولم تؤمن قلوبهم ۛ ومن الذين هادوا ۛ سماعون للكذب سماعون لقوم آخرين لم يأتوك ۖ يحرفون الكلم من بعد مواضعه ۖ يقولون إن أوتيتم هذا فخذوه وإن لم تؤتوه فاحذروا ۚ ومن يرد الله فتنته فلن تملك له من الله شيئا ۚ أولئك الذين لم يرد الله أن يطهر قلوبهم ۚ لهم في الدنيا خزي ۖ ولهم في الآخرة عذاب عظيم,"O Messenger, let them not grieve you who hasten into disbelief of those who say, ""We believe"" with their mouths, but their hearts believe not, and from among the Jews. [They are] avid listeners to falsehood, listening to another people who have not come to you. They distort words beyond their [proper] usages, saying ""If you are given this, take it; but if you are not given it, then beware."" But he for whom Allah intends fitnah - never will you possess [power to do] for him a thing against Allah. Those are the ones for whom Allah does not intend to purify their hearts. For them in this world is disgrace, and for them in the Hereafter is a great punishment."
5,51,medinan,O_believers,۞ يا أيها الذين آمنوا لا تتخذوا اليهود والنصارى أولياء ۘ بعضهم أولياء بعض ۚ ومن يتولهم منكم فإنه منهم ۗ إن الله لا يهدي القوم الظالمين,"O you who have believed, do not take the Jews and the Christians as allies. They are [in fact] allies of one another. And whoever is an ally to them among you - then indeed, he is [one] of them. Indeed, Allah guides not the wrongdoing people."
5,54,medinan,O_believers,يا أيها الذين آمنوا من يرتد منكم عن دينه فسوف يأتي الله بقوم يحبهم ويحبونه أذلة على المؤمنين أعزة على الكافرين يجاهدون في سبيل الله ولا يخافون لومة لائم ۚ ذلك فضل الله يؤتيه من يشاء ۚ والله واسع عليم,"O you who have believed, whoever of you should revert from his religion - Allah will bring forth [in place of them] a people He will love and who will love Him [who are] humble toward the believers, powerful against the disbelievers; they strive in the cause of Allah and do not fear the blame of a critic. That is the favor of Allah; He bestows it upon whom He wills. And Allah is all-Encompassing and Knowing."
5,57,medinan,O_believers,يا أيها الذين آمنوا لا تتخذوا الذين اتخذوا دينكم هزوا ولعبا من الذين أوتوا الكتاب من قبلكم والكفار أولياء ۚ واتقوا الله إن كنتم مؤمنين,"O you who have believed, take not those who have taken your religion in ridicule and amusement among the ones who were given the Scripture before you nor the disbelievers as allies. And fear Allah, if you should [truly] be believers."
5,59,medinan,O_People_of_Book,قل يا أهل الكتاب هل تنقمون منا إلا أن آمنا بالله وما أنزل إلينا وما أنزل من قبل وأن أكثركم فاسقون,"Say, ""O People of the Scripture, do you resent us except [for the fact] that we have believed in Allah and what was revealed to us and what was revealed before and because most of you are defiantly disobedient?"""
5,67,medinan,O_messenger_sing,۞ يا أيها الرسول بلغ ما أنزل إليك من ربك ۖ وإن لم تفعل فما بلغت رسالته ۚ والله يعصمك من الناس ۗ إن الله لا يهدي القوم الكافرين,"O Messenger, announce that which has been revealed to you from your Lord, and if you do not, then you have not conveyed His message. And Allah will protect you from the people. Indeed, Allah does not guide the disbelieving people."
5,68,medinan,O_People_of_Book,قل يا أهل الكتاب لستم على شيء حتى تقيموا التوراة والإنجيل وما أنزل إليكم من ربكم ۗ وليزيدن كثيرا منهم ما أنزل إليك من ربك طغيانا وكفرا ۖ فلا تأس على القوم الكافرين,"Say, ""O People of the Scripture, you are [standing] on nothing until you uphold [the law of] the Torah, the Gospel, and what has been revealed to you from your Lord."" And that which has been revealed to you from your Lord will surely increase many of them in transgression and disbelief. So do not grieve over the disbelieving people."
5,72,medinan,O_children_of_Israel,لقد كفر الذين قالوا إن الله هو المسيح ابن مريم ۖ وقال المسيح يا بني إسرائيل اعبدوا الله ربي وربكم ۖ إنه من يشرك بالله فقد حرم الله عليه الجنة ومأواه النار ۖ وما للظالمين من أنصار,"They have certainly disbelieved who say, ""Allah is the Messiah, the son of Mary"" while the Messiah has said, ""O Children of Israel, worship Allah, my Lord and your Lord."" Indeed, he who associates others with Allah - Allah has forbidden him Paradise, and his refuge is the Fire. And there are not for the wrongdoers any helpers."
5,77,medinan,O_People_of_Book,قل يا أهل الكتاب لا تغلوا في دينكم غير الحق ولا تتبعوا أهواء قوم قد ضلوا من قبل وأضلوا كثيرا وضلوا عن سواء السبيل,"Say, ""O People of the Scripture, do not exceed limits in your religion beyond the truth and do not follow the inclinations of a people who had gone astray before and misled many and have strayed from the soundness of the way."""
5,87,medinan,O_believers,يا أيها الذين آمنوا لا تحرموا طيبات ما أحل الله لكم ولا تعتدوا ۚ إن الله لا يحب المعتدين,"O you who have believed, do not prohibit the good things which Allah has made lawful to you and do not transgress. Indeed, Allah does not like transgressors."
5,90,medinan,O_believers,يا أيها الذين آمنوا إنما الخمر والميسر والأنصاب والأزلام رجس من عمل الشيطان فاجتنبوه لعلكم تفلحون,"O you who have believed, indeed, intoxicants, gambling, [sacrificing on] stone alters [to other than Allah], and divining arrows are but defilement from the work of Satan, so avoid it that you may be successful."
5,94,medinan,O_believers,يا أيها الذين آمنوا ليبلونكم الله بشيء من الصيد تناله أيديكم ورماحكم ليعلم الله من يخافه بالغيب ۚ فمن اعتدى بعد ذلك فله عذاب أليم,"O you who have believed, Allah will surely test you through something of the game that your hands and spears [can] reach, that Allah may make evident those who fear Him unseen. And whoever transgresses after that - for him is a painful punishment."
5,95,medinan,O_believers,يا أيها الذين آمنوا لا تقتلوا الصيد وأنتم حرم ۚ ومن قتله منكم متعمدا فجزاء مثل ما قتل من النعم يحكم به ذوا عدل منكم هديا بالغ الكعبة أو كفارة طعام مساكين أو عدل ذلك صياما ليذوق وبال أمره ۗ عفا الله عما سلف ۚ ومن عاد فينتقم الله منه ۗ والله عزيز ذو انتقام,"O you who have believed, do not kill game while you are in the state of ihram. And whoever of you kills it intentionally - the penalty is an equivalent from sacrificial animals to what he killed, as judged by two just men among you as an offering [to Allah] delivered to the Ka'bah, or an expiation: the feeding of needy people or the equivalent of that in fasting, that he may taste the consequence of his deed. Allah has pardoned what is past; but whoever returns [to violation], then Allah will take retribution from him. And Allah is Exalted in Might and Owner of Retribution."
5,100,medinan,O_people_of_understanding,قل لا يستوي الخبيث والطيب ولو أعجبك كثرة الخبيث ۚ فاتقوا الله يا أولي الألباب لعلكم تفلحون,"Say, ""Not equal are the evil and the good, although the abundance of evil might impress you."" So fear Allah, O you of understanding, that you may be successful."
5,101,medinan,O_believers,يا أيها الذين آمنوا لا تسألوا عن أشياء إن تبد لكم تسؤكم وإن تسألوا عنها حين ينزل القرآن تبد لكم عفا الله عنها ۗ والله غفور حليم,"O you who have believed, do not ask about things which, if they are shown to you, will distress you. But if you ask about them while the Qur'an is being revealed, they will be shown to you. Allah has pardoned that which is past; and Allah is Forgiving and Forbearing."
5,105,medinan,O_believers,يا أيها الذين آمنوا عليكم أنفسكم ۖ لا يضركم من ضل إذا اهتديتم ۚ إلى الله مرجعكم جميعا فينبئكم بما كنتم تعملون,"O you who have believed, upon you is [responsibility for] yourselves. Those who have gone astray will not harm you when you have been guided. To Allah is you return all together; then He will inform you of what you used to do."
5,106,medinan,O_believers,يا أيها الذين آمنوا شهادة بينكم إذا حضر أحدكم الموت حين الوصية اثنان ذوا عدل منكم أو آخران من غيركم إن أنتم ضربتم في الأرض فأصابتكم مصيبة الموت ۚ تحبسونهما من بعد الصلاة فيقسمان بالله إن ارتبتم لا نشتري به ثمنا ولو كان ذا قربى ۙ ولا نكتم شهادة الله إنا إذا لمن الآثمين,"O you who have believed, testimony [should be taken] among you when death approaches one of you at the time of bequest - [that of] two just men from among you or two others from outside if you are traveling through the land and the disaster of death should strike you. Detain them after the prayer and let them both swear by Allah if you doubt [their testimony, saying], ""We will not exchange our oath for a price, even if he should be a near relative, and we will not withhold the testimony of Allah. Indeed, we would then be of the sinful."""
5,110,medinan,O_Jesus,إذ قال الله يا عيسى ابن مريم اذكر نعمتي عليك وعلى والدتك إذ أيدتك بروح القدس تكلم الناس في المهد وكهلا ۖ وإذ علمتك الكتاب والحكمة والتوراة والإنجيل ۖ وإذ تخلق من الطين كهيئة الطير بإذني فتنفخ فيها فتكون طيرا بإذني ۖ وتبرئ الأكمه والأبرص بإذني ۖ وإذ تخرج الموتى بإذني ۖ وإذ كففت بني إسرائيل عنك إذ جئتهم بالبينات فقال الذين كفروا منهم إن هذا إلا سحر مبين,"[The Day] when Allah will say, ""O Jesus, Son of Mary, remember My favor upon you and upon your mother when I supported you with the Pure Spirit and you spoke to the people in the cradle and in maturity; and [remember] when I taught you writing and wisdom and the Torah and the Gospel; and when you designed from clay [what was] like the form of a bird with My permission, then you breathed into it, and it became a bird with My permission; and you healed the blind and the leper with My permission; and when you brought forth the dead with My permission; and when I restrained the Children of Israel from [killing] you when you came to them with clear proofs and those who disbelieved among them said, ""This is not but obvious magic."""
5,112,medinan,O_Jesus,إذ قال الحواريون يا عيسى ابن مريم هل يستطيع ربك أن ينزل علينا مائدة من السماء ۖ قال اتقوا الله إن كنتم مؤمنين,"[And remember] when the disciples said, ""O Jesus, Son of Mary, can your Lord send down to us a table [spread with food] from the heaven? [Jesus] said,"" Fear Allah, if you should be believers."""
5,116,medinan,O_Jesus,وإذ قال الله يا عيسى ابن مريم أأنت قلت للناس اتخذوني وأمي إلهين من دون الله ۖ قال سبحانك ما يكون لي أن أقول ما ليس لي بحق ۚ إن كنت قلته فقد علمته ۚ تعلم ما في نفسي ولا أعلم ما في نفسك ۚ إنك أنت علام الغيوب,"And [beware the Day] when Allah will say, ""O Jesus, Son of Mary, did you say to the people, 'Take me and my mother as deities besides Allah?'"" He will say, ""Exalted are You! It was not for me to say that to which I have no right. If I had said it, You would have known it. You know what is within myself, and I do not know what is within Yourself. Indeed, it is You who is Knower of the unseen."
6,27,meccan,O_would_that_LAMENT,ولو ترى إذ وقفوا على النار فقالوا يا ليتنا نرد ولا نكذب بآيات ربنا ونكون من المؤمنين,"If you could but see when they are made to stand before the Fire and will say, ""Oh, would that we could be returned [to life on earth] and not deny the signs of our Lord and be among the believers."""
6,31,meccan,O_regret_LAMENT,قد خسر الذين كذبوا بلقاء الله ۖ حتى إذا جاءتهم الساعة بغتة قالوا يا حسرتنا على ما فرطنا فيها وهم يحملون أوزارهم على ظهورهم ۚ ألا ساء ما يزرون,"Those will have lost who deny the meeting with Allah, until when the Hour [of resurrection] comes upon them unexpectedly, they will say, ""Oh, [how great is] our regret over what we neglected concerning it,"" while they bear their burdens on their backs. Unquestionably, evil is that which they bear."
6,78,meccan,O_my_people,فلما رأى الشمس بازغة قال هذا ربي هذا أكبر ۖ فلما أفلت قال يا قوم إني بريء مما تشركون,"And when he saw the sun rising, he said, ""This is my lord; this is greater."" But when it set, he said, ""O my people, indeed I am free from what you associate with Allah."
6,128,meccan,O_company,ويوم يحشرهم جميعا يا معشر الجن قد استكثرتم من الإنس ۖ وقال أولياؤهم من الإنس ربنا استمتع بعضنا ببعض وبلغنا أجلنا الذي أجلت لنا ۚ قال النار مثواكم خالدين فيها إلا ما شاء الله ۗ إن ربك حكيم عليم,"And [mention, O Muhammad], the Day when He will gather them together [and say], ""O company of jinn, you have [misled] many of mankind."" And their allies among mankind will say, ""Our Lord, some of us made use of others, and we have [now] reached our term, which you appointed for us."" He will say, ""The Fire is your residence, wherein you will abide eternally, except for what Allah wills. Indeed, your Lord is Wise and Knowing."""
6,130,meccan,O_company,يا معشر الجن والإنس ألم يأتكم رسل منكم يقصون عليكم آياتي وينذرونكم لقاء يومكم هذا ۚ قالوا شهدنا على أنفسنا ۖ وغرتهم الحياة الدنيا وشهدوا على أنفسهم أنهم كانوا كافرين,"""O company of jinn and mankind, did there not come to you messengers from among you, relating to you My verses and warning you of the meeting of this Day of yours?"" They will say, ""We bear witness against ourselves""; and the worldly life had deluded them, and they will bear witness against themselves that they were disbelievers."
6,135,meccan,O_my_people,قل يا قوم اعملوا على مكانتكم إني عامل ۖ فسوف تعلمون من تكون له عاقبة الدار ۗ إنه لا يفلح الظالمون,"Say, ""O my people, work according to your position; [for] indeed, I am working. And you are going to know who will have succession in the home. Indeed, the wrongdoers will not succeed."
7,19,meccan,O_Adam,ويا آدم اسكن أنت وزوجك الجنة فكلا من حيث شئتما ولا تقربا هذه الشجرة فتكونا من الظالمين,"And ""O Adam, dwell, you and your wife, in Paradise and eat from wherever you will but do not approach this tree, lest you be among the wrongdoers."""
7,26,meccan,O_children_of_Adam,يا بني آدم قد أنزلنا عليكم لباسا يواري سوآتكم وريشا ۖ ولباس التقوى ذلك خير ۚ ذلك من آيات الله لعلهم يذكرون,"O children of Adam, We have bestowed upon you clothing to conceal your private parts and as adornment. But the clothing of righteousness - that is best. That is from the signs of Allah that perhaps they will remember."
7,27,meccan,O_children_of_Adam,يا بني آدم لا يفتننكم الشيطان كما أخرج أبويكم من الجنة ينزع عنهما لباسهما ليريهما سوآتهما ۗ إنه يراكم هو وقبيله من حيث لا ترونهم ۗ إنا جعلنا الشياطين أولياء للذين لا يؤمنون,"O children of Adam, let not Satan tempt you as he removed your parents from Paradise, stripping them of their clothing to show them their private parts. Indeed, he sees you, he and his tribe, from where you do not see them. Indeed, We have made the devils allies to those who do not believe."
7,31,meccan,O_children_of_Adam,۞ يا بني آدم خذوا زينتكم عند كل مسجد وكلوا واشربوا ولا تسرفوا ۚ إنه لا يحب المسرفين,"O children of Adam, take your adornment at every masjid, and eat and drink, but be not excessive. Indeed, He likes not those who commit excess."
7,35,meccan,O_children_of_Adam,يا بني آدم إما يأتينكم رسل منكم يقصون عليكم آياتي ۙ فمن اتقى وأصلح فلا خوف عليهم ولا هم يحزنون,"O children of Adam, if there come to you messengers from among you relating to you My verses, then whoever fears Allah and reforms - there will be no fear concerning them, nor will they grieve."
7,59,meccan,O_my_people,لقد أرسلنا نوحا إلى قومه فقال يا قوم اعبدوا الله ما لكم من إله غيره إني أخاف عليكم عذاب يوم عظيم,"We had certainly sent Noah to his people, and he said, ""O my people, worship Allah; you have no deity other than Him. Indeed, I fear for you the punishment of a tremendous Day."
7,61,meccan,O_my_people,قال يا قوم ليس بي ضلالة ولكني رسول من رب العالمين,"[Noah] said, ""O my people, there is not error in me, but I am a messenger from the Lord of the worlds."""
7,65,meccan,O_my_people,۞ وإلى عاد أخاهم هودا ۗ قال يا قوم اعبدوا الله ما لكم من إله غيره ۚ أفلا تتقون,"And to the 'Aad [We sent] their brother Hud. He said, ""O my people, worship Allah; you have no deity other than Him. Then will you not fear Him?"""
7,67,meccan,O_my_people,قال يا قوم ليس بي سفاهة ولكني رسول من رب العالمين,"[Hud] said, ""O my people, there is not foolishness in me, but I am a messenger from the Lord of the worlds."""
7,73,meccan,O_my_people,وإلى ثمود أخاهم صالحا ۗ قال يا قوم اعبدوا الله ما لكم من إله غيره ۖ قد جاءتكم بينة من ربكم ۖ هذه ناقة الله لكم آية ۖ فذروها تأكل في أرض الله ۖ ولا تمسوها بسوء فيأخذكم عذاب أليم,"And to the Thamud [We sent] their brother Salih. He said, ""O my people, worship Allah; you have no deity other than Him. There has come to you clear evidence from your Lord. This is the she-camel of Allah [sent] to you as a sign. So leave her to eat within Allah 's land and do not touch her with harm, lest there seize you a painful punishment."
7,77,meccan,O_Salih,فعقروا الناقة وعتوا عن أمر ربهم وقالوا يا صالح ائتنا بما تعدنا إن كنت من المرسلين,"So they hamstrung the she-camel and were insolent toward the command of their Lord and said, ""O Salih, bring us what you promise us, if you should be of the messengers."""
7,79,meccan,O_my_people,فتولى عنهم وقال يا قوم لقد أبلغتكم رسالة ربي ونصحت لكم ولكن لا تحبون الناصحين,"And he turned away from them and said, ""O my people, I had certainly conveyed to you the message of my Lord and advised you, but you do not like advisors."""
7,85,meccan,O_my_people,وإلى مدين أخاهم شعيبا ۗ قال يا قوم اعبدوا الله ما لكم من إله غيره ۖ قد جاءتكم بينة من ربكم ۖ فأوفوا الكيل والميزان ولا تبخسوا الناس أشياءهم ولا تفسدوا في الأرض بعد إصلاحها ۚ ذلكم خير لكم إن كنتم مؤمنين,"And to [the people of] Madyan [We sent] their brother Shu'ayb. He said, ""O my people, worship Allah; you have no deity other than Him. There has come to you clear evidence from your Lord. So fulfill the measure and weight and do not deprive people of their due and cause not corruption upon the earth after its reformation. That is better for you, if you should be believers."
7,88,meccan,O_Shuayb,۞ قال الملأ الذين استكبروا من قومه لنخرجنك يا شعيب والذين آمنوا معك من قريتنا أو لتعودن في ملتنا ۚ قال أولو كنا كارهين,"Said the eminent ones who were arrogant among his people, ""We will surely evict you, O Shu'ayb, and those who have believed with you from our city, or you must return to our religion."" He said, ""Even if we were unwilling?"""
7,93,meccan,O_my_people,فتولى عنهم وقال يا قوم لقد أبلغتكم رسالات ربي ونصحت لكم ۖ فكيف آسى على قوم كافرين,"And he turned away from them and said, ""O my people, I had certainly conveyed to you the messages of my Lord and advised you, so how could I grieve for a disbelieving people?"""
7,104,meccan,O_Pharaoh,وقال موسى يا فرعون إني رسول من رب العالمين,"And Moses said, ""O Pharaoh, I am a messenger from the Lord of the worlds"
7,115,meccan,O_Moses,قالوا يا موسى إما أن تلقي وإما أن نكون نحن الملقين,"They said, ""O Moses, either you throw [your staff], or we will be the ones to throw [first]."""
7,134,meccan,O_Moses,ولما وقع عليهم الرجز قالوا يا موسى ادع لنا ربك بما عهد عندك ۖ لئن كشفت عنا الرجز لنؤمنن لك ولنرسلن معك بني إسرائيل,"And when the punishment descended upon them, they said, ""O Moses, invoke for us your Lord by what He has promised you. If you [can] remove the punishment from us, we will surely believe you, and we will send with you the Children of Israel."""
7,138,meccan,O_Moses,وجاوزنا ببني إسرائيل البحر فأتوا على قوم يعكفون على أصنام لهم ۚ قالوا يا موسى اجعل لنا إلها كما لهم آلهة ۚ قال إنكم قوم تجهلون,"And We took the Children of Israel across the sea; then they came upon a people intent in devotion to [some] idols of theirs. They said, ""O Moses, make for us a god just as they have gods."" He said, ""Indeed, you are a people behaving ignorantly."
7,144,meccan,O_Moses,قال يا موسى إني اصطفيتك على الناس برسالاتي وبكلامي فخذ ما آتيتك وكن من الشاكرين,"[Allah] said, ""O Moses, I have chosen you over the people with My messages and My words [to you]. So take what I have given you and be among the grateful."""
7,158,meccan,O_people,قل يا أيها الناس إني رسول الله إليكم جميعا الذي له ملك السماوات والأرض ۖ لا إله إلا هو يحيي ويميت ۖ فآمنوا بالله ورسوله النبي الأمي الذي يؤمن بالله وكلماته واتبعوه لعلكم تهتدون,"Say, [O Muhammad], ""O mankind, indeed I am the Messenger of Allah to you all, [from Him] to whom belongs the dominion of the heavens and the earth. There is no deity except Him; He gives life and causes death."" So believe in Allah and His Messenger, the unlettered prophet, who believes in Allah and His words, and follow him that you may be guided."
8,15,medinan,O_believers,يا أيها الذين آمنوا إذا لقيتم الذين كفروا زحفا فلا تولوهم الأدبار,"O you who have believed, when you meet those who disbelieve advancing [for battle], do not turn to them your backs [in flight]."
8,20,medinan,O_believers,يا أيها الذين آمنوا أطيعوا الله ورسوله ولا تولوا عنه وأنتم تسمعون,"O you who have believed, obey Allah and His Messenger and do not turn from him while you hear [his order]."
8,24,medinan,O_believers,يا أيها الذين آمنوا استجيبوا لله وللرسول إذا دعاكم لما يحييكم ۖ واعلموا أن الله يحول بين المرء وقلبه وأنه إليه تحشرون,"O you who have believed, respond to Allah and to the Messenger when he calls you to that which gives you life. And know that Allah intervenes between a man and his heart and that to Him you will be gathered."
8,27,medinan,O_believers,يا أيها الذين آمنوا لا تخونوا الله والرسول وتخونوا أماناتكم وأنتم تعلمون,"O you who have believed, do not betray Allah and the Messenger or betray your trusts while you know [the consequence]."
8,29,medinan,O_believers,يا أيها الذين آمنوا إن تتقوا الله يجعل لكم فرقانا ويكفر عنكم سيئاتكم ويغفر لكم ۗ والله ذو الفضل العظيم,"O you who have believed, if you fear Allah, He will grant you a criterion and will remove from you your misdeeds and forgive you. And Allah is the possessor of great bounty."
8,45,medinan,O_believers,يا أيها الذين آمنوا إذا لقيتم فئة فاثبتوا واذكروا الله كثيرا لعلكم تفلحون,"O you who have believed, when you encounter a company [from the enemy forces], stand firm and remember Allah much that you may be successful."
8,64,medinan,O_Prophet,يا أيها النبي حسبك الله ومن اتبعك من المؤمنين,"O Prophet, sufficient for you is Allah and for whoever follows you of the believers."
8,65,medinan,O_Prophet,يا أيها النبي حرض المؤمنين على القتال ۚ إن يكن منكم عشرون صابرون يغلبوا مائتين ۚ وإن يكن منكم مائة يغلبوا ألفا من الذين كفروا بأنهم قوم لا يفقهون,"O Prophet, urge the believers to battle. If there are among you twenty [who are] steadfast, they will overcome two hundred. And if there are among you one hundred [who are] steadfast, they will overcome a thousand of those who have disbelieved because they are a people who do not understand."
8,70,medinan,O_Prophet,يا أيها النبي قل لمن في أيديكم من الأسرى إن يعلم الله في قلوبكم خيرا يؤتكم خيرا مما أخذ منكم ويغفر لكم ۗ والله غفور رحيم,"O Prophet, say to whoever is in your hands of the captives, ""If Allah knows [any] good in your hearts, He will give you [something] better than what was taken from you, and He will forgive you; and Allah is Forgiving and Merciful."""
9,23,medinan,O_believers,يا أيها الذين آمنوا لا تتخذوا آباءكم وإخوانكم أولياء إن استحبوا الكفر على الإيمان ۚ ومن يتولهم منكم فأولئك هم الظالمون,"O you who have believed, do not take your fathers or your brothers as allies if they have preferred disbelief over belief. And whoever does so among you - then it is those who are the wrongdoers."
9,28,medinan,O_believers,يا أيها الذين آمنوا إنما المشركون نجس فلا يقربوا المسجد الحرام بعد عامهم هذا ۚ وإن خفتم عيلة فسوف يغنيكم الله من فضله إن شاء ۚ إن الله عليم حكيم,"O you who have believed, indeed the polytheists are unclean, so let them not approach al-Masjid al-Haram after this, their [final] year. And if you fear privation, Allah will enrich you from His bounty if He wills. Indeed, Allah is Knowing and Wise."
9,34,medinan,O_believers,۞ يا أيها الذين آمنوا إن كثيرا من الأحبار والرهبان ليأكلون أموال الناس بالباطل ويصدون عن سبيل الله ۗ والذين يكنزون الذهب والفضة ولا ينفقونها في سبيل الله فبشرهم بعذاب أليم,"O you who have believed, indeed many of the scholars and the monks devour the wealth of people unjustly and avert [them] from the way of Allah. And those who hoard gold and silver and spend it not in the way of Allah - give them tidings of a painful punishment."
9,38,medinan,O_believers,يا أيها الذين آمنوا ما لكم إذا قيل لكم انفروا في سبيل الله اثاقلتم إلى الأرض ۚ أرضيتم بالحياة الدنيا من الآخرة ۚ فما متاع الحياة الدنيا في الآخرة إلا قليل,"O you who have believed, what is [the matter] with you that, when you are told to go forth in the cause of Allah, you adhere heavily to the earth? Are you satisfied with the life of this world rather than the Hereafter? But what is the enjoyment of worldly life compared to the Hereafter except a [very] little."
9,73,medinan,O_Prophet,يا أيها النبي جاهد الكفار والمنافقين واغلظ عليهم ۚ ومأواهم جهنم ۖ وبئس المصير,"O Prophet, fight against the disbelievers and the hypocrites and be harsh upon them. And their refuge is Hell, and wretched is the destination."
9,119,medinan,O_believers,يا أيها الذين آمنوا اتقوا الله وكونوا مع الصادقين,"O you who have believed, fear Allah and be with those who are true."
9,123,medinan,O_believers,يا أيها الذين آمنوا قاتلوا الذين يلونكم من الكفار وليجدوا فيكم غلظة ۚ واعلموا أن الله مع المتقين,"O you who have believed, fight those adjacent to you of the disbelievers and let them find in you harshness. And know that Allah is with the righteous."
10,23,meccan,O_people,فلما أنجاهم إذا هم يبغون في الأرض بغير الحق ۗ يا أيها الناس إنما بغيكم على أنفسكم ۖ متاع الحياة الدنيا ۖ ثم إلينا مرجعكم فننبئكم بما كنتم تعملون,"But when He saves them, at once they commit injustice upon the earth without right. O mankind, your injustice is only against yourselves, [being merely] the enjoyment of worldly life. Then to Us is your return, and We will inform you of what you used to do."
10,57,meccan,O_people,يا أيها الناس قد جاءتكم موعظة من ربكم وشفاء لما في الصدور وهدى ورحمة للمؤمنين,"O mankind, there has to come to you instruction from your Lord and healing for what is in the breasts and guidance and mercy for the believers."
10,71,meccan,O_my_people,۞ واتل عليهم نبأ نوح إذ قال لقومه يا قوم إن كان كبر عليكم مقامي وتذكيري بآيات الله فعلى الله توكلت فأجمعوا أمركم وشركاءكم ثم لا يكن أمركم عليكم غمة ثم اقضوا إلي ولا تنظرون,"And recite to them the news of Noah, when he said to his people, ""O my people, if my residence and my reminding of the signs of Allah has become burdensome upon you - then I have relied upon Allah. So resolve upon your plan and [call upon] your associates. Then let not your plan be obscure to you. Then carry it out upon me and do not give me respite."
10,84,meccan,O_my_people,وقال موسى يا قوم إن كنتم آمنتم بالله فعليه توكلوا إن كنتم مسلمين,"And Moses said, ""O my people, if you have believed in Allah, then rely upon Him, if you should be Muslims."""
10,88,meccan,O_my_Lord,وقال موسى ربنا إنك آتيت فرعون وملأه زينة وأموالا في الحياة الدنيا ربنا ليضلوا عن سبيلك ۖ ربنا اطمس على أموالهم واشدد على قلوبهم فلا يؤمنوا حتى يروا العذاب الأليم,"And Moses said, ""Our Lord, indeed You have given Pharaoh and his establishment splendor and wealth in the worldly life, our Lord, that they may lead [men] astray from Your way. Our Lord, obliterate their wealth and harden their hearts so that they will not believe until they see the painful punishment."""
10,104,meccan,O_people,قل يا أيها الناس إن كنتم في شك من ديني فلا أعبد الذين تعبدون من دون الله ولكن أعبد الله الذي يتوفاكم ۖ وأمرت أن أكون من المؤمنين,"Say, [O Muhammad], ""O people, if you are in doubt as to my religion - then I do not worship those which you worship besides Allah; but I worship Allah, who causes your death. And I have been commanded to be of the believers"
10,108,meccan,O_people,قل يا أيها الناس قد جاءكم الحق من ربكم ۖ فمن اهتدى فإنما يهتدي لنفسه ۖ ومن ضل فإنما يضل عليها ۖ وما أنا عليكم بوكيل,"Say, ""O mankind, the truth has come to you from your Lord, so whoever is guided is only guided for [the benefit of] his soul, and whoever goes astray only goes astray [in violation] against it. And I am not over you a manager."""
11,28,meccan,O_my_people,قال يا قوم أرأيتم إن كنت على بينة من ربي وآتاني رحمة من عنده فعميت عليكم أنلزمكموها وأنتم لها كارهون,"He said, ""O my people have you considered: if I should be upon clear evidence from my Lord while He has given me mercy from Himself but it has been made unapparent to you, should we force it upon you while you are averse to it?"
11,29,meccan,O_my_people,ويا قوم لا أسألكم عليه مالا ۖ إن أجري إلا على الله ۚ وما أنا بطارد الذين آمنوا ۚ إنهم ملاقو ربهم ولكني أراكم قوما تجهلون,"And O my people, I ask not of you for it any wealth. My reward is not but from Allah. And I am not one to drive away those who have believed. Indeed, they will meet their Lord, but I see that you are a people behaving ignorantly."
11,30,meccan,O_my_people,ويا قوم من ينصرني من الله إن طردتهم ۚ أفلا تذكرون,"And O my people, who would protect me from Allah if I drove them away? Then will you not be reminded?"
11,32,meccan,O_Noah,قالوا يا نوح قد جادلتنا فأكثرت جدالنا فأتنا بما تعدنا إن كنت من الصادقين,"They said, ""O Noah, you have disputed us and been frequent in dispute of us. So bring us what you threaten us, if you should be of the truthful."""
11,42,meccan,O_my_son,وهي تجري بهم في موج كالجبال ونادى نوح ابنه وكان في معزل يا بني اركب معنا ولا تكن مع الكافرين,"And it sailed with them through waves like mountains, and Noah called to his son who was apart [from them], ""O my son, come aboard with us and be not with the disbelievers."""
11,44,meccan,O_earth|O_sky,وقيل يا أرض ابلعي ماءك ويا سماء أقلعي وغيض الماء وقضي الأمر واستوت على الجودي ۖ وقيل بعدا للقوم الظالمين,"And it was said, ""O earth, swallow your water, and O sky, withhold [your rain]."" And the water subsided, and the matter was accomplished, and the ship came to rest on the [mountain of] Judiyy. And it was said, ""Away with the wrongdoing people."""
11,46,meccan,O_Noah,قال يا نوح إنه ليس من أهلك ۖ إنه عمل غير صالح ۖ فلا تسألن ما ليس لك به علم ۖ إني أعظك أن تكون من الجاهلين,"He said, ""O Noah, indeed he is not of your family; indeed, he is [one whose] work was other than righteous, so ask Me not for that about which you have no knowledge. Indeed, I advise you, lest you be among the ignorant."""
11,48,meccan,O_Noah,قيل يا نوح اهبط بسلام منا وبركات عليك وعلى أمم ممن معك ۚ وأمم سنمتعهم ثم يمسهم منا عذاب أليم,"It was said, ""O Noah, disembark in security from Us and blessings upon you and upon nations [descending] from those with you. But other nations [of them] We will grant enjoyment; then there will touch them from Us a painful punishment."""
11,50,meccan,O_my_people,وإلى عاد أخاهم هودا ۚ قال يا قوم اعبدوا الله ما لكم من إله غيره ۖ إن أنتم إلا مفترون,"And to 'Aad [We sent] their brother Hud. He said, ""O my people, worship Allah; you have no deity other than Him. You are not but inventors [of falsehood]."
11,51,meccan,O_my_people,يا قوم لا أسألكم عليه أجرا ۖ إن أجري إلا على الذي فطرني ۚ أفلا تعقلون,"O my people, I do not ask you for it any reward. My reward is only from the one who created me. Then will you not reason?"
11,52,meccan,O_my_people,ويا قوم استغفروا ربكم ثم توبوا إليه يرسل السماء عليكم مدرارا ويزدكم قوة إلى قوتكم ولا تتولوا مجرمين,"And O my people, ask forgiveness of your Lord and then repent to Him. He will send [rain from] the sky upon you in showers and increase you in strength [added] to your strength. And do not turn away, [being] criminals."""
11,53,meccan,O_Hud,قالوا يا هود ما جئتنا ببينة وما نحن بتاركي آلهتنا عن قولك وما نحن لك بمؤمنين,"They said, ""O Hud, you have not brought us clear evidence, and we are not ones to leave our gods on your say-so. Nor are we believers in you."
11,61,meccan,O_my_people,۞ وإلى ثمود أخاهم صالحا ۚ قال يا قوم اعبدوا الله ما لكم من إله غيره ۖ هو أنشأكم من الأرض واستعمركم فيها فاستغفروه ثم توبوا إليه ۚ إن ربي قريب مجيب,"And to Thamud [We sent] their brother Salih. He said, ""O my people, worship Allah; you have no deity other than Him. He has produced you from the earth and settled you in it, so ask forgiveness of Him and then repent to Him. Indeed, my Lord is near and responsive."""
11,62,meccan,O_Salih,قالوا يا صالح قد كنت فينا مرجوا قبل هذا ۖ أتنهانا أن نعبد ما يعبد آباؤنا وإننا لفي شك مما تدعونا إليه مريب,"They said, ""O Salih, you were among us a man of promise before this. Do you forbid us to worship what our fathers worshipped? And indeed we are, about that to which you invite us, in disquieting doubt."""
11,63,meccan,O_my_people,قال يا قوم أرأيتم إن كنت على بينة من ربي وآتاني منه رحمة فمن ينصرني من الله إن عصيته ۖ فما تزيدونني غير تخسير,"He said, ""O my people, have you considered: if I should be upon clear evidence from my Lord and He has given me mercy from Himself, who would protect me from Allah if I disobeyed Him? So you would not increase me except in loss."
11,64,meccan,O_my_people,ويا قوم هذه ناقة الله لكم آية فذروها تأكل في أرض الله ولا تمسوها بسوء فيأخذكم عذاب قريب,"And O my people, this is the she-camel of Allah - [she is] to you a sign. So let her feed upon Allah 's earth and do not touch her with harm, or you will be taken by an impending punishment."""
11,72,meccan,O_woe_LAMENT,قالت يا ويلتى أألد وأنا عجوز وهذا بعلي شيخا ۖ إن هذا لشيء عجيب,"She said, ""Woe to me! Shall I give birth while I am an old woman and this, my husband, is an old man? Indeed, this is an amazing thing!"""
11,76,meccan,O_Abraham,يا إبراهيم أعرض عن هذا ۖ إنه قد جاء أمر ربك ۖ وإنهم آتيهم عذاب غير مردود,"[The angels said], ""O Abraham, give up this [plea]. Indeed, the command of your Lord has come, and indeed, there will reach them a punishment that cannot be repelled."""
11,78,meccan,O_my_people,وجاءه قومه يهرعون إليه ومن قبل كانوا يعملون السيئات ۚ قال يا قوم هؤلاء بناتي هن أطهر لكم ۖ فاتقوا الله ولا تخزون في ضيفي ۖ أليس منكم رجل رشيد,"And his people came hastening to him, and before [this] they had been doing evil deeds. He said, ""O my people, these are my daughters; they are purer for you. So fear Allah and do not disgrace me concerning my guests. Is there not among you a man of reason?"""
11,81,meccan,O_Lot,قالوا يا لوط إنا رسل ربك لن يصلوا إليك ۖ فأسر بأهلك بقطع من الليل ولا يلتفت منكم أحد إلا امرأتك ۖ إنه مصيبها ما أصابهم ۚ إن موعدهم الصبح ۚ أليس الصبح بقريب,"The angels said, ""O Lot, indeed we are messengers of your Lord; [therefore], they will never reach you. So set out with your family during a portion of the night and let not any among you look back - except your wife; indeed, she will be struck by that which strikes them. Indeed, their appointment is [for] the morning. Is not the morning near?"""
11,84,meccan,O_my_people,۞ وإلى مدين أخاهم شعيبا ۚ قال يا قوم اعبدوا الله ما لكم من إله غيره ۖ ولا تنقصوا المكيال والميزان ۚ إني أراكم بخير وإني أخاف عليكم عذاب يوم محيط,"And to Madyan [We sent] their brother Shu'ayb. He said, ""O my people, worship Allah; you have no deity other than Him. And do not decrease from the measure and the scale. Indeed, I see you in prosperity, but indeed, I fear for you the punishment of an all-encompassing Day."
11,85,meccan,O_my_people,ويا قوم أوفوا المكيال والميزان بالقسط ۖ ولا تبخسوا الناس أشياءهم ولا تعثوا في الأرض مفسدين,"And O my people, give full measure and weight in justice and do not deprive the people of their due and do not commit abuse on the earth, spreading corruption."
11,87,meccan,O_Shuayb,قالوا يا شعيب أصلاتك تأمرك أن نترك ما يعبد آباؤنا أو أن نفعل في أموالنا ما نشاء ۖ إنك لأنت الحليم الرشيد,"They said, ""O Shu'ayb, does your prayer command you that we should leave what our fathers worship or not do with our wealth what we please? Indeed, you are the forbearing, the discerning!"""
11,88,meccan,O_my_people,قال يا قوم أرأيتم إن كنت على بينة من ربي ورزقني منه رزقا حسنا ۚ وما أريد أن أخالفكم إلى ما أنهاكم عنه ۚ إن أريد إلا الإصلاح ما استطعت ۚ وما توفيقي إلا بالله ۚ عليه توكلت وإليه أنيب,"He said, ""O my people, have you considered: if I am upon clear evidence from my Lord and He has provided me with a good provision from Him...? And I do not intend to differ from you in that which I have forbidden you; I only intend reform as much as I am able. And my success is not but through Allah. Upon him I have relied, and to Him I return."
11,89,meccan,O_my_people,ويا قوم لا يجرمنكم شقاقي أن يصيبكم مثل ما أصاب قوم نوح أو قوم هود أو قوم صالح ۚ وما قوم لوط منكم ببعيد,"And O my people, let not [your] dissension from me cause you to be struck by that similar to what struck the people of Noah or the people of Hud or the people of Salih. And the people of Lot are not from you far away."
11,91,meccan,O_Shuayb,قالوا يا شعيب ما نفقه كثيرا مما تقول وإنا لنراك فينا ضعيفا ۖ ولولا رهطك لرجمناك ۖ وما أنت علينا بعزيز,"They said, ""O Shu'ayb, we do not understand much of what you say, and indeed, we consider you among us as weak. And if not for your family, we would have stoned you [to death]; and you are not to us one respected."""
11,92,meccan,O_my_people,قال يا قوم أرهطي أعز عليكم من الله واتخذتموه وراءكم ظهريا ۖ إن ربي بما تعملون محيط,"He said, ""O my people, is my family more respected for power by you than Allah? But you put Him behind your backs [in neglect]. Indeed, my Lord is encompassing of what you do."
11,93,meccan,O_my_people,ويا قوم اعملوا على مكانتكم إني عامل ۖ سوف تعلمون من يأتيه عذاب يخزيه ومن هو كاذب ۖ وارتقبوا إني معكم رقيب,"And O my people, work according to your position; indeed, I am working. You are going to know to whom will come a punishment that will disgrace him and who is a liar. So watch; indeed, I am with you a watcher, [awaiting the outcome]."""
12,4,meccan,O_my_father,إذ قال يوسف لأبيه يا أبت إني رأيت أحد عشر كوكبا والشمس والقمر رأيتهم لي ساجدين,"[Of these stories mention] when Joseph said to his father, ""O my father, indeed I have seen [in a dream] eleven stars and the sun and the moon; I saw them prostrating to me."""
12,5,meccan,O_my_son,قال يا بني لا تقصص رؤياك على إخوتك فيكيدوا لك كيدا ۖ إن الشيطان للإنسان عدو مبين,"He said, ""O my son, do not relate your vision to your brothers or they will contrive against you a plan. Indeed Satan, to man, is a manifest enemy."
12,11,meccan,O_our_father,قالوا يا أبانا ما لك لا تأمنا على يوسف وإنا له لناصحون,"They said, ""O our father, why do you not entrust us with Joseph while indeed, we are to him sincere counselors?"
12,17,meccan,O_our_father,قالوا يا أبانا إنا ذهبنا نستبق وتركنا يوسف عند متاعنا فأكله الذئب ۖ وما أنت بمؤمن لنا ولو كنا صادقين,"They said, ""O our father, indeed we went racing each other and left Joseph with our possessions, and a wolf ate him. But you would not believe us, even if we were truthful."""
12,19,meccan,O_good_news,وجاءت سيارة فأرسلوا واردهم فأدلى دلوه ۖ قال يا بشرى هذا غلام ۚ وأسروه بضاعة ۚ والله عليم بما يعملون,"And there came a company of travelers; then they sent their water drawer, and he let down his bucket. He said, ""Good news! Here is a boy."" And they concealed him, [taking him] as merchandise; and Allah was knowing of what they did."
12,39,meccan,O_two_companions_prison,يا صاحبي السجن أأرباب متفرقون خير أم الله الواحد القهار,"O [my] two companions of prison, are separate lords better or Allah, the One, the Prevailing?"
12,41,meccan,O_two_companions_prison,يا صاحبي السجن أما أحدكما فيسقي ربه خمرا ۖ وأما الآخر فيصلب فتأكل الطير من رأسه ۚ قضي الأمر الذي فيه تستفتيان,"O two companions of prison, as for one of you, he will give drink to his master of wine; but as for the other, he will be crucified, and the birds will eat from his head. The matter has been decreed about which you both inquire."""
12,43,meccan,O_chiefs,وقال الملك إني أرى سبع بقرات سمان يأكلهن سبع عجاف وسبع سنبلات خضر وأخر يابسات ۖ يا أيها الملأ أفتوني في رؤياي إن كنتم للرؤيا تعبرون,"And [subsequently] the king said, ""Indeed, I have seen [in a dream] seven fat cows being eaten by seven [that were] lean, and seven green spikes [of grain] and others [that were] dry. O eminent ones, explain to me my vision, if you should interpret visions."""
12,63,meccan,O_our_father,فلما رجعوا إلى أبيهم قالوا يا أبانا منع منا الكيل فأرسل معنا أخانا نكتل وإنا له لحافظون,"So when they returned to their father, they said, ""O our father, [further] measure has been denied to us, so send with us our brother [that] we will be given measure. And indeed, we will be his guardians."""
12,65,meccan,O_our_father,ولما فتحوا متاعهم وجدوا بضاعتهم ردت إليهم ۖ قالوا يا أبانا ما نبغي ۖ هذه بضاعتنا ردت إلينا ۖ ونمير أهلنا ونحفظ أخانا ونزداد كيل بعير ۖ ذلك كيل يسير,"And when they opened their baggage, they found their merchandise returned to them. They said, ""O our father, what [more] could we desire? This is our merchandise returned to us. And we will obtain supplies for our family and protect our brother and obtain an increase of a camel's load; that is an easy measurement."""
12,67,meccan,O_my_son,وقال يا بني لا تدخلوا من باب واحد وادخلوا من أبواب متفرقة ۖ وما أغني عنكم من الله من شيء ۖ إن الحكم إلا لله ۖ عليه توكلت ۖ وعليه فليتوكل المتوكلون,"And he said, ""O my sons, do not enter from one gate but enter from different gates; and I cannot avail you against [the decree of] Allah at all. The decision is only for Allah; upon Him I have relied, and upon Him let those who would rely [indeed] rely."""
12,78,meccan,O_Aziz,قالوا يا أيها العزيز إن له أبا شيخا كبيرا فخذ أحدنا مكانه ۖ إنا نراك من المحسنين,"They said, ""O 'Azeez, indeed he has a father [who is] an old man, so take one of us in place of him. Indeed, we see you as a doer of good."""
12,81,meccan,O_our_father,ارجعوا إلى أبيكم فقولوا يا أبانا إن ابنك سرق وما شهدنا إلا بما علمنا وما كنا للغيب حافظين,"Return to your father and say, ""O our father, indeed your son has stolen, and we did not testify except to what we knew. And we were not witnesses of the unseen,"
12,84,meccan,O_sorrow_LAMENT,وتولى عنهم وقال يا أسفى على يوسف وابيضت عيناه من الحزن فهو كظيم,"And he turned away from them and said, ""Oh, my sorrow over Joseph,"" and his eyes became white from grief, for he was [of that] a suppressor."
12,87,meccan,O_my_son,يا بني اذهبوا فتحسسوا من يوسف وأخيه ولا تيأسوا من روح الله ۖ إنه لا ييأس من روح الله إلا القوم الكافرون,"O my sons, go and find out about Joseph and his brother and despair not of relief from Allah. Indeed, no one despairs of relief from Allah except the disbelieving people."""
12,88,meccan,O_Aziz,فلما دخلوا عليه قالوا يا أيها العزيز مسنا وأهلنا الضر وجئنا ببضاعة مزجاة فأوف لنا الكيل وتصدق علينا ۖ إن الله يجزي المتصدقين,"So when they entered upon Joseph, they said, ""O 'Azeez, adversity has touched us and our family, and we have come with goods poor in quality, but give us full measure and be charitable to us. Indeed, Allah rewards the charitable."""
12,97,meccan,O_our_father,قالوا يا أبانا استغفر لنا ذنوبنا إنا كنا خاطئين,"They said, ""O our father, ask for us forgiveness of our sins; indeed, we have been sinners."""
12,100,meccan,O_my_father,ورفع أبويه على العرش وخروا له سجدا ۖ وقال يا أبت هذا تأويل رؤياي من قبل قد جعلها ربي حقا ۖ وقد أحسن بي إذ أخرجني من السجن وجاء بكم من البدو من بعد أن نزغ الشيطان بيني وبين إخوتي ۚ إن ربي لطيف لما يشاء ۚ إنه هو العليم الحكيم,"And he raised his parents upon the throne, and they bowed to him in prostration. And he said, ""O my father, this is the explanation of my vision of before. My Lord has made it reality. And He was certainly good to me when He took me out of prison and brought you [here] from bedouin life after Satan had induced [estrangement] between me and my brothers. Indeed, my Lord is Subtle in what He wills. Indeed, it is He who is the Knowing, the Wise."
15,32,meccan,O_Iblis,قال يا إبليس ما لك ألا تكون مع الساجدين,"[Allah] said, O Iblees, what is [the matter] with you that you are not with those who prostrate?"""
17,101,meccan,O_Moses,ولقد آتينا موسى تسع آيات بينات ۖ فاسأل بني إسرائيل إذ جاءهم فقال له فرعون إني لأظنك يا موسى مسحورا,"And We had certainly given Moses nine evident signs, so ask the Children of Israel [about] when he came to them and Pharaoh said to him, ""Indeed I think, O Moses, that you are affected by magic."""
17,102,meccan,O_Pharaoh,قال لقد علمت ما أنزل هؤلاء إلا رب السماوات والأرض بصائر وإني لأظنك يا فرعون مثبورا,"[Moses] said, ""You have already known that none has sent down these [signs] except the Lord of the heavens and the earth as evidence, and indeed I think, O Pharaoh, that you are destroyed."""
18,42,meccan,O_would_that_LAMENT,وأحيط بثمره فأصبح يقلب كفيه على ما أنفق فيها وهي خاوية على عروشها ويقول يا ليتني لم أشرك بربي أحدا,"And his fruits were encompassed [by ruin], so he began to turn his hands about [in dismay] over what he had spent on it, while it had collapsed upon its trellises, and said, ""Oh, I wish I had not associated with my Lord anyone."""
18,49,meccan,O_woe_LAMENT,ووضع الكتاب فترى المجرمين مشفقين مما فيه ويقولون يا ويلتنا مال هذا الكتاب لا يغادر صغيرة ولا كبيرة إلا أحصاها ۚ ووجدوا ما عملوا حاضرا ۗ ولا يظلم ربك أحدا,"And the record [of deeds] will be placed [open], and you will see the criminals fearful of that within it, and they will say, ""Oh, woe to us! What is this book that leaves nothing small or great except that it has enumerated it?"" And they will find what they did present [before them]. And your Lord does injustice to no one."
18,86,meccan,O_DhulQarnayn,حتى إذا بلغ مغرب الشمس وجدها تغرب في عين حمئة ووجد عندها قوما ۗ قلنا يا ذا القرنين إما أن تعذب وإما أن تتخذ فيهم حسنا,"Until, when he reached the setting of the sun, he found it [as if] setting in a spring of dark mud, and he found near it a people. Allah said, ""O Dhul-Qarnayn, either you punish [them] or else adopt among them [a way of] goodness."""
18,94,meccan,O_DhulQarnayn,قالوا يا ذا القرنين إن يأجوج ومأجوج مفسدون في الأرض فهل نجعل لك خرجا على أن تجعل بيننا وبينهم سدا,"They said, ""O Dhul-Qarnayn, indeed Gog and Magog are [great] corrupters in the land. So may we assign for you an expenditure that you might make between us and them a barrier?"""
19,7,meccan,O_Zechariah,يا زكريا إنا نبشرك بغلام اسمه يحيى لم نجعل له من قبل سميا,"[He was told], ""O Zechariah, indeed We give you good tidings of a boy whose name will be John. We have not assigned to any before [this] name."""
19,12,meccan,O_John,يا يحيى خذ الكتاب بقوة ۖ وآتيناه الحكم صبيا,"[Allah] said, ""O John, take the Scripture with determination."" And We gave him judgement [while yet] a boy"
19,23,meccan,O_would_that_LAMENT,فأجاءها المخاض إلى جذع النخلة قالت يا ليتني مت قبل هذا وكنت نسيا منسيا,"And the pains of childbirth drove her to the trunk of a palm tree. She said, ""Oh, I wish I had died before this and was in oblivion, forgotten."""
19,27,meccan,O_Mary,فأتت به قومها تحمله ۖ قالوا يا مريم لقد جئت شيئا فريا,"Then she brought him to her people, carrying him. They said, ""O Mary, you have certainly done a thing unprecedented."
19,28,meccan,O_sister_of_Aaron,يا أخت هارون ما كان أبوك امرأ سوء وما كانت أمك بغيا,"O sister of Aaron, your father was not a man of evil, nor was your mother unchaste."""
19,42,meccan,O_my_father,إذ قال لأبيه يا أبت لم تعبد ما لا يسمع ولا يبصر ولا يغني عنك شيئا,"[Mention] when he said to his father, ""O my father, why do you worship that which does not hear and does not see and will not benefit you at all?"
19,43,meccan,O_my_father,يا أبت إني قد جاءني من العلم ما لم يأتك فاتبعني أهدك صراطا سويا,"O my father, indeed there has come to me of knowledge that which has not come to you, so follow me; I will guide you to an even path."
19,44,meccan,O_my_father,يا أبت لا تعبد الشيطان ۖ إن الشيطان كان للرحمن عصيا,"O my father, do not worship Satan. Indeed Satan has ever been, to the Most Merciful, disobedient."
19,45,meccan,O_my_father,يا أبت إني أخاف أن يمسك عذاب من الرحمن فتكون للشيطان وليا,"O my father, indeed I fear that there will touch you a punishment from the Most Merciful so you would be to Satan a companion [in Hellfire]."""
19,46,meccan,O_Abraham,قال أراغب أنت عن آلهتي يا إبراهيم ۖ لئن لم تنته لأرجمنك ۖ واهجرني مليا,"[His father] said, ""Have you no desire for my gods, O Abraham? If you do not desist, I will surely stone you, so avoid me a prolonged time."""
20,11,meccan,O_Moses,فلما أتاها نودي يا موسى,"And when he came to it, he was called, ""O Moses,"
20,17,meccan,O_Moses,وما تلك بيمينك يا موسى,"And what is that in your right hand, O Moses?"""
20,19,meccan,O_Moses,قال ألقها يا موسى,"[Allah] said, ""Throw it down, O Moses."""
20,36,meccan,O_Moses,قال قد أوتيت سؤلك يا موسى,"[Allah] said, ""You have been granted your request, O Moses."
20,40,meccan,O_Moses,إذ تمشي أختك فتقول هل أدلكم على من يكفله ۖ فرجعناك إلى أمك كي تقر عينها ولا تحزن ۚ وقتلت نفسا فنجيناك من الغم وفتناك فتونا ۚ فلبثت سنين في أهل مدين ثم جئت على قدر يا موسى,"[And We favored you] when your sister went and said, 'Shall I direct you to someone who will be responsible for him?' So We restored you to your mother that she might be content and not grieve. And you killed someone, but We saved you from retaliation and tried you with a [severe] trial. And you remained [some] years among the people of Madyan. Then you came [here] at the decreed time, O Moses."
20,49,meccan,O_Moses,قال فمن ربكما يا موسى,"[Pharaoh] said, ""So who is the Lord of you two, O Moses?"""
20,57,meccan,O_Moses,قال أجئتنا لتخرجنا من أرضنا بسحرك يا موسى,"He said, ""Have you come to us to drive us out of our land with your magic, O Moses?"
20,65,meccan,O_Moses,قالوا يا موسى إما أن تلقي وإما أن نكون أول من ألقى,"They said, ""O Moses, either you throw or we will be the first to throw."""
20,80,meccan,O_children_of_Israel,يا بني إسرائيل قد أنجيناكم من عدوكم وواعدناكم جانب الطور الأيمن ونزلنا عليكم المن والسلوى,"O Children of Israel, We delivered you from your enemy, and We made an appointment with you at the right side of the mount, and We sent down to you manna and quails,"
20,83,meccan,O_Moses,۞ وما أعجلك عن قومك يا موسى,"[Allah] said, ""And what made you hasten from your people, O Moses?"""
20,86,meccan,O_my_people,فرجع موسى إلى قومه غضبان أسفا ۚ قال يا قوم ألم يعدكم ربكم وعدا حسنا ۚ أفطال عليكم العهد أم أردتم أن يحل عليكم غضب من ربكم فأخلفتم موعدي,"So Moses returned to his people, angry and grieved. He said, ""O my people, did your Lord not make you a good promise? Then, was the time [of its fulfillment] too long for you, or did you wish that wrath from your Lord descend upon you, so you broke your promise [of obedience] to me?"""
20,90,meccan,O_my_people,ولقد قال لهم هارون من قبل يا قوم إنما فتنتم به ۖ وإن ربكم الرحمن فاتبعوني وأطيعوا أمري,"And Aaron had already told them before [the return of Moses], ""O my people, you are only being tested by it, and indeed, your Lord is the Most Merciful, so follow me and obey my order."""
20,92,meccan,O_Aaron,قال يا هارون ما منعك إذ رأيتهم ضلوا,"[Moses] said, ""O Aaron, what prevented you, when you saw them going astray,"
20,94,meccan,O_son_of_mother,قال يا ابن أم لا تأخذ بلحيتي ولا برأسي ۖ إني خشيت أن تقول فرقت بين بني إسرائيل ولم ترقب قولي,"[Aaron] said, ""O son of my mother, do not seize [me] by my beard or by my head. Indeed, I feared that you would say, 'You caused division among the Children of Israel, and you did not observe [or await] my word.' """
20,95,meccan,O_Samiri,قال فما خطبك يا سامري,"[Moses] said, ""And what is your case, O Samiri?"""
20,117,meccan,O_Adam,فقلنا يا آدم إن هذا عدو لك ولزوجك فلا يخرجنكما من الجنة فتشقى,"So We said, ""O Adam, indeed this is an enemy to you and to your wife. Then let him not remove you from Paradise so you would suffer."
20,120,meccan,O_Adam,فوسوس إليه الشيطان قال يا آدم هل أدلك على شجرة الخلد وملك لا يبلى,"Then Satan whispered to him; he said, ""O Adam, shall I direct you to the tree of eternity and possession that will not deteriorate?"""
21,14,meccan,O_woe_LAMENT,قالوا يا ويلنا إنا كنا ظالمين,"They said, ""O woe to us! Indeed, we were wrongdoers."""
21,46,meccan,O_woe_LAMENT,ولئن مستهم نفحة من عذاب ربك ليقولن يا ويلنا إنا كنا ظالمين,"And if [as much as] a whiff of the punishment of your Lord should touch them, they would surely say, ""O woe to us! Indeed, we have been wrongdoers."""
21,62,meccan,O_Abraham,قالوا أأنت فعلت هذا بآلهتنا يا إبراهيم,"They said, ""Have you done this to our gods, O Abraham?"""
21,69,meccan,O_fire,قلنا يا نار كوني بردا وسلاما على إبراهيم,"Allah said, ""O fire, be coolness and safety upon Abraham."""
21,97,meccan,O_woe_LAMENT,واقترب الوعد الحق فإذا هي شاخصة أبصار الذين كفروا يا ويلنا قد كنا في غفلة من هذا بل كنا ظالمين,"And [when] the true promise has approached; then suddenly the eyes of those who disbelieved will be staring [in horror, while they say], ""O woe to us; we had been unmindful of this; rather, we were wrongdoers."""
22,1,medinan,O_people,يا أيها الناس اتقوا ربكم ۚ إن زلزلة الساعة شيء عظيم,"O mankind, fear your Lord. Indeed, the convulsion of the [final] Hour is a terrible thing."
22,5,medinan,O_people,يا أيها الناس إن كنتم في ريب من البعث فإنا خلقناكم من تراب ثم من نطفة ثم من علقة ثم من مضغة مخلقة وغير مخلقة لنبين لكم ۚ ونقر في الأرحام ما نشاء إلى أجل مسمى ثم نخرجكم طفلا ثم لتبلغوا أشدكم ۖ ومنكم من يتوفى ومنكم من يرد إلى أرذل العمر لكيلا يعلم من بعد علم شيئا ۚ وترى الأرض هامدة فإذا أنزلنا عليها الماء اهتزت وربت وأنبتت من كل زوج بهيج,"O People, if you should be in doubt about the Resurrection, then [consider that] indeed, We created you from dust, then from a sperm-drop, then from a clinging clot, and then from a lump of flesh, formed and unformed - that We may show you. And We settle in the wombs whom We will for a specified term, then We bring you out as a child, and then [We develop you] that you may reach your [time of] maturity. And among you is he who is taken in [early] death, and among you is he who is returned to the most decrepit [old] age so that he knows, after [once having] knowledge, nothing. And you see the earth barren, but when We send down upon it rain, it quivers and swells and grows [something] of every beautiful kind."
22,49,medinan,O_people,قل يا أيها الناس إنما أنا لكم نذير مبين,"Say, ""O people, I am only to you a clear warner."""
22,73,medinan,O_people,يا أيها الناس ضرب مثل فاستمعوا له ۚ إن الذين تدعون من دون الله لن يخلقوا ذبابا ولو اجتمعوا له ۖ وإن يسلبهم الذباب شيئا لا يستنقذوه منه ۚ ضعف الطالب والمطلوب,"O people, an example is presented, so listen to it. Indeed, those you invoke besides Allah will never create [as much as] a fly, even if they gathered together for that purpose. And if the fly should steal away from them a [tiny] thing, they could not recover it from him. Weak are the pursuer and pursued."
22,77,medinan,O_believers,يا أيها الذين آمنوا اركعوا واسجدوا واعبدوا ربكم وافعلوا الخير لعلكم تفلحون ۩,"O you who have believed, bow and prostrate and worship your Lord and do good - that you may succeed."
23,23,meccan,O_my_people,ولقد أرسلنا نوحا إلى قومه فقال يا قوم اعبدوا الله ما لكم من إله غيره ۖ أفلا تتقون,"And We had certainly sent Noah to his people, and he said, ""O my people, worship Allah; you have no deity other than Him; then will you not fear Him?"""
23,51,meccan,O_messengers,يا أيها الرسل كلوا من الطيبات واعملوا صالحا ۖ إني بما تعملون عليم,"[Allah said], ""O messengers, eat from the good foods and work righteousness. Indeed, I, of what you do, am Knowing."
24,21,medinan,O_believers,۞ يا أيها الذين آمنوا لا تتبعوا خطوات الشيطان ۚ ومن يتبع خطوات الشيطان فإنه يأمر بالفحشاء والمنكر ۚ ولولا فضل الله عليكم ورحمته ما زكى منكم من أحد أبدا ولكن الله يزكي من يشاء ۗ والله سميع عليم,"O you who have believed, do not follow the footsteps of Satan. And whoever follows the footsteps of Satan - indeed, he enjoins immorality and wrongdoing. And if not for the favor of Allah upon you and His mercy, not one of you would have been pure, ever, but Allah purifies whom He wills, and Allah is Hearing and Knowing."
24,27,medinan,O_believers,يا أيها الذين آمنوا لا تدخلوا بيوتا غير بيوتكم حتى تستأنسوا وتسلموا على أهلها ۚ ذلكم خير لكم لعلكم تذكرون,"O you who have believed, do not enter houses other than your own houses until you ascertain welcome and greet their inhabitants. That is best for you; perhaps you will be reminded."
24,58,medinan,O_believers,يا أيها الذين آمنوا ليستأذنكم الذين ملكت أيمانكم والذين لم يبلغوا الحلم منكم ثلاث مرات ۚ من قبل صلاة الفجر وحين تضعون ثيابكم من الظهيرة ومن بعد صلاة العشاء ۚ ثلاث عورات لكم ۚ ليس عليكم ولا عليهم جناح بعدهن ۚ طوافون عليكم بعضكم على بعض ۚ كذلك يبين الله لكم الآيات ۗ والله عليم حكيم,"O you who have believed, let those whom your right hands possess and those who have not [yet] reached puberty among you ask permission of you [before entering] at three times: before the dawn prayer and when you put aside your clothing [for rest] at noon and after the night prayer. [These are] three times of privacy for you. There is no blame upon you nor upon them beyond these [periods], for they continually circulate among you - some of you, among others. Thus does Allah make clear to you the verses; and Allah is Knowing and Wise."
25,27,meccan,O_would_that_LAMENT,ويوم يعض الظالم على يديه يقول يا ليتني اتخذت مع الرسول سبيلا,"And the Day the wrongdoer will bite on his hands [in regret] he will say, ""Oh, I wish I had taken with the Messenger a way."
25,28,meccan,O_woe_LAMENT,يا ويلتى ليتني لم أتخذ فلانا خليلا,"Oh, woe to me! I wish I had not taken that one as a friend."
25,30,meccan,O_my_Lord,وقال الرسول يا رب إن قومي اتخذوا هذا القرآن مهجورا,"And the Messenger has said, ""O my Lord, indeed my people have taken this Qur'an as [a thing] abandoned."""
26,16,meccan,O_Pharaoh,فأتيا فرعون فقولا إنا رسول رب العالمين,"Go to Pharaoh and say, 'We are the messengers of the Lord of the worlds,"
26,116,meccan,O_Noah,قالوا لئن لم تنته يا نوح لتكونن من المرجومين,"They said, ""If you do not desist, O Noah, you will surely be of those who are stoned."""
26,167,meccan,O_Lot,قالوا لئن لم تنته يا لوط لتكونن من المخرجين,"They said, ""If you do not desist, O Lot, you will surely be of those evicted."""
27,9,meccan,O_Moses,يا موسى إنه أنا الله العزيز الحكيم,"O Moses, indeed it is I - Allah, the Exalted in Might, the Wise."""
27,10,meccan,O_Moses,وألق عصاك ۚ فلما رآها تهتز كأنها جان ولى مدبرا ولم يعقب ۚ يا موسى لا تخف إني لا يخاف لدي المرسلون,"And [he was told], ""Throw down your staff."" But when he saw it writhing as if it were a snake, he turned in flight and did not return. [Allah said], ""O Moses, fear not. Indeed, in My presence the messengers do not fear."
27,16,meccan,O_people,وورث سليمان داوود ۖ وقال يا أيها الناس علمنا منطق الطير وأوتينا من كل شيء ۖ إن هذا لهو الفضل المبين,"And Solomon inherited David. He said, ""O people, we have been taught the language of birds, and we have been given from all things. Indeed, this is evident bounty."""
27,18,meccan,O_ants,حتى إذا أتوا على واد النمل قالت نملة يا أيها النمل ادخلوا مساكنكم لا يحطمنكم سليمان وجنوده وهم لا يشعرون,"Until, when they came upon the valley of the ants, an ant said, ""O ants, enter your dwellings that you not be crushed by Solomon and his soldiers while they perceive not."""
27,29,meccan,O_chiefs,قالت يا أيها الملأ إني ألقي إلي كتاب كريم,"She said, ""O eminent ones, indeed, to me has been delivered a noble letter."
27,32,meccan,O_chiefs,قالت يا أيها الملأ أفتوني في أمري ما كنت قاطعة أمرا حتى تشهدون,"She said, ""O eminent ones, advise me in my affair. I would not decide a matter until you witness [for] me."""
27,38,meccan,O_chiefs,قال يا أيها الملأ أيكم يأتيني بعرشها قبل أن يأتوني مسلمين,"[Solomon] said, ""O assembly [of jinn], which of you will bring me her throne before they come to me in submission?"""
27,46,meccan,O_my_people,قال يا قوم لم تستعجلون بالسيئة قبل الحسنة ۖ لولا تستغفرون الله لعلكم ترحمون,"He said, ""O my people, why are you impatient for evil instead of good? Why do you not seek forgiveness of Allah that you may receive mercy?"""
28,19,meccan,O_Moses,فلما أن أراد أن يبطش بالذي هو عدو لهما قال يا موسى أتريد أن تقتلني كما قتلت نفسا بالأمس ۖ إن تريد إلا أن تكون جبارا في الأرض وما تريد أن تكون من المصلحين,"And when he wanted to strike the one who was an enemy to both of them, he said, ""O Moses, do you intend to kill me as you killed someone yesterday? You only want to be a tyrant in the land and do not want to be of the amenders."""
28,20,meccan,O_Moses,وجاء رجل من أقصى المدينة يسعى قال يا موسى إن الملأ يأتمرون بك ليقتلوك فاخرج إني لك من الناصحين,"And a man came from the farthest end of the city, running. He said, ""O Moses, indeed the eminent ones are conferring over you [intending] to kill you, so leave [the city]; indeed, I am to you of the sincere advisors."""
28,26,meccan,O_my_father,قالت إحداهما يا أبت استأجره ۖ إن خير من استأجرت القوي الأمين,"One of the women said, ""O my father, hire him. Indeed, the best one you can hire is the strong and the trustworthy."""
28,30,meccan,O_Moses,فلما أتاها نودي من شاطئ الواد الأيمن في البقعة المباركة من الشجرة أن يا موسى إني أنا الله رب العالمين,"But when he came to it, he was called from the right side of the valley in a blessed spot - from the tree, ""O Moses, indeed I am Allah, Lord of the worlds."""
28,31,meccan,O_Moses,وأن ألق عصاك ۖ فلما رآها تهتز كأنها جان ولى مدبرا ولم يعقب ۚ يا موسى أقبل ولا تخف ۖ إنك من الآمنين,"And [he was told], ""Throw down your staff."" But when he saw it writhing as if it was a snake, he turned in flight and did not return. [Allah said], ""O Moses, approach and fear not. Indeed, you are of the secure."
28,38,meccan,O_chiefs|O_Haman,وقال فرعون يا أيها الملأ ما علمت لكم من إله غيري فأوقد لي يا هامان على الطين فاجعل لي صرحا لعلي أطلع إلى إله موسى وإني لأظنه من الكاذبين,"And Pharaoh said, ""O eminent ones, I have not known you to have a god other than me. Then ignite for me, O Haman, [a fire] upon the clay and make for me a tower that I may look at the God of Moses. And indeed, I do think he is among the liars."""
28,79,meccan,O_would_that_LAMENT,فخرج على قومه في زينته ۖ قال الذين يريدون الحياة الدنيا يا ليت لنا مثل ما أوتي قارون إنه لذو حظ عظيم,"So he came out before his people in his adornment. Those who desired the worldly life said, ""Oh, would that we had like what was given to Qarun. Indeed, he is one of great fortune."""
29,36,meccan,O_my_people,وإلى مدين أخاهم شعيبا فقال يا قوم اعبدوا الله وارجوا اليوم الآخر ولا تعثوا في الأرض مفسدين,"And to Madyan [We sent] their brother Shu'ayb, and he said, ""O my people, worship Allah and expect the Last Day and do not commit abuse on the earth, spreading corruption."""
29,56,meccan,O_My_servants,يا عبادي الذين آمنوا إن أرضي واسعة فإياي فاعبدون,"O My servants who have believed, indeed My earth is spacious, so worship only Me."
31,13,meccan,O_my_son,وإذ قال لقمان لابنه وهو يعظه يا بني لا تشرك بالله ۖ إن الشرك لظلم عظيم,"And [mention, O Muhammad], when Luqman said to his son while he was instructing him, ""O my son, do not associate [anything] with Allah. Indeed, association [with him] is great injustice."""
31,16,meccan,O_my_son,يا بني إنها إن تك مثقال حبة من خردل فتكن في صخرة أو في السماوات أو في الأرض يأت بها الله ۚ إن الله لطيف خبير,"[And Luqman said], ""O my son, indeed if wrong should be the weight of a mustard seed and should be within a rock or [anywhere] in the heavens or in the earth, Allah will bring it forth. Indeed, Allah is Subtle and Acquainted."
31,17,meccan,O_my_son,يا بني أقم الصلاة وأمر بالمعروف وانه عن المنكر واصبر على ما أصابك ۖ إن ذلك من عزم الأمور,"O my son, establish prayer, enjoin what is right, forbid what is wrong, and be patient over what befalls you. Indeed, [all] that is of the matters [requiring] determination."
31,33,meccan,O_people,يا أيها الناس اتقوا ربكم واخشوا يوما لا يجزي والد عن ولده ولا مولود هو جاز عن والده شيئا ۚ إن وعد الله حق ۖ فلا تغرنكم الحياة الدنيا ولا يغرنكم بالله الغرور,"O mankind, fear your Lord and fear a Day when no father will avail his son, nor will a son avail his father at all. Indeed, the promise of Allah is truth, so let not the worldly life delude you and be not deceived about Allah by the Deceiver."
33,1,medinan,O_Prophet,يا أيها النبي اتق الله ولا تطع الكافرين والمنافقين ۗ إن الله كان عليما حكيما,"O Prophet, fear Allah and do not obey the disbelievers and the hypocrites. Indeed, Allah is ever Knowing and Wise."
33,9,medinan,O_believers,يا أيها الذين آمنوا اذكروا نعمة الله عليكم إذ جاءتكم جنود فأرسلنا عليهم ريحا وجنودا لم تروها ۚ وكان الله بما تعملون بصيرا,"O you who have believed, remember the favor of Allah upon you when armies came to [attack] you and We sent upon them a wind and armies [of angels] you did not see. And ever is Allah, of what you do, Seeing."
33,13,medinan,O_people_of_Yathrib,وإذ قالت طائفة منهم يا أهل يثرب لا مقام لكم فارجعوا ۚ ويستأذن فريق منهم النبي يقولون إن بيوتنا عورة وما هي بعورة ۖ إن يريدون إلا فرارا,"And when a faction of them said, ""O people of Yathrib, there is no stability for you [here], so return [home]."" And a party of them asked permission of the Prophet, saying, ""Indeed, our houses are unprotected,"" while they were not exposed. They did not intend except to flee."
33,28,medinan,O_Prophet,يا أيها النبي قل لأزواجك إن كنتن تردن الحياة الدنيا وزينتها فتعالين أمتعكن وأسرحكن سراحا جميلا,"O Prophet, say to your wives, ""If you should desire the worldly life and its adornment, then come, I will provide for you and give you a gracious release."
33,30,medinan,O_wives_of_Prophet,يا نساء النبي من يأت منكن بفاحشة مبينة يضاعف لها العذاب ضعفين ۚ وكان ذلك على الله يسيرا,"O wives of the Prophet, whoever of you should commit a clear immorality - for her the punishment would be doubled two fold, and ever is that, for Allah, easy."
33,32,medinan,O_wives_of_Prophet,يا نساء النبي لستن كأحد من النساء ۚ إن اتقيتن فلا تخضعن بالقول فيطمع الذي في قلبه مرض وقلن قولا معروفا,"O wives of the Prophet, you are not like anyone among women. If you fear Allah, then do not be soft in speech [to men], lest he in whose heart is disease should covet, but speak with appropriate speech."
33,41,medinan,O_believers,يا أيها الذين آمنوا اذكروا الله ذكرا كثيرا,"O you who have believed, remember Allah with much remembrance"
33,45,medinan,O_Prophet,يا أيها النبي إنا أرسلناك شاهدا ومبشرا ونذيرا,"O Prophet, indeed We have sent you as a witness and a bringer of good tidings and a warner."
33,49,medinan,O_believers,يا أيها الذين آمنوا إذا نكحتم المؤمنات ثم طلقتموهن من قبل أن تمسوهن فما لكم عليهن من عدة تعتدونها ۖ فمتعوهن وسرحوهن سراحا جميلا,"O You who have believed, when you marry believing women and then divorce them before you have touched them, then there is not for you any waiting period to count concerning them. So provide for them and give them a gracious release."
33,50,medinan,O_Prophet,يا أيها النبي إنا أحللنا لك أزواجك اللاتي آتيت أجورهن وما ملكت يمينك مما أفاء الله عليك وبنات عمك وبنات عماتك وبنات خالك وبنات خالاتك اللاتي هاجرن معك وامرأة مؤمنة إن وهبت نفسها للنبي إن أراد النبي أن يستنكحها خالصة لك من دون المؤمنين ۗ قد علمنا ما فرضنا عليهم في أزواجهم وما ملكت أيمانهم لكيلا يكون عليك حرج ۗ وكان الله غفورا رحيما,"O Prophet, indeed We have made lawful to you your wives to whom you have given their due compensation and those your right hand possesses from what Allah has returned to you [of captives] and the daughters of your paternal uncles and the daughters of your paternal aunts and the daughters of your maternal uncles and the daughters of your maternal aunts who emigrated with you and a believing woman if she gives herself to the Prophet [and] if the Prophet wishes to marry her, [this is] only for you, excluding the [other] believers. We certainly know what We have made obligatory upon them concerning their wives and those their right hands possess, [but this is for you] in order that there will be upon you no discomfort. And ever is Allah Forgiving and Merciful."
33,53,medinan,O_believers,يا أيها الذين آمنوا لا تدخلوا بيوت النبي إلا أن يؤذن لكم إلى طعام غير ناظرين إناه ولكن إذا دعيتم فادخلوا فإذا طعمتم فانتشروا ولا مستأنسين لحديث ۚ إن ذلكم كان يؤذي النبي فيستحيي منكم ۖ والله لا يستحيي من الحق ۚ وإذا سألتموهن متاعا فاسألوهن من وراء حجاب ۚ ذلكم أطهر لقلوبكم وقلوبهن ۚ وما كان لكم أن تؤذوا رسول الله ولا أن تنكحوا أزواجه من بعده أبدا ۚ إن ذلكم كان عند الله عظيما,"O you who have believed, do not enter the houses of the Prophet except when you are permitted for a meal, without awaiting its readiness. But when you are invited, then enter; and when you have eaten, disperse without seeking to remain for conversation. Indeed, that [behavior] was troubling the Prophet, and he is shy of [dismissing] you. But Allah is not shy of the truth. And when you ask [his wives] for something, ask them from behind a partition. That is purer for your hearts and their hearts. And it is not [conceivable or lawful] for you to harm the Messenger of Allah or to marry his wives after him, ever. Indeed, that would be in the sight of Allah an enormity."
33,56,medinan,O_believers,إن الله وملائكته يصلون على النبي ۚ يا أيها الذين آمنوا صلوا عليه وسلموا تسليما,"Indeed, Allah confers blessing upon the Prophet, and His angels [ask Him to do so]. O you who have believed, ask [Allah to confer] blessing upon him and ask [Allah to grant him] peace."
33,59,medinan,O_Prophet,يا أيها النبي قل لأزواجك وبناتك ونساء المؤمنين يدنين عليهن من جلابيبهن ۚ ذلك أدنى أن يعرفن فلا يؤذين ۗ وكان الله غفورا رحيما,"O Prophet, tell your wives and your daughters and the women of the believers to bring down over themselves [part] of their outer garments. That is more suitable that they will be known and not be abused. And ever is Allah Forgiving and Merciful."
33,66,medinan,O_would_that_LAMENT,يوم تقلب وجوههم في النار يقولون يا ليتنا أطعنا الله وأطعنا الرسولا,"The Day their faces will be turned about in the Fire, they will say, ""How we wish we had obeyed Allah and obeyed the Messenger."""
33,69,medinan,O_believers,يا أيها الذين آمنوا لا تكونوا كالذين آذوا موسى فبرأه الله مما قالوا ۚ وكان عند الله وجيها,"O you who have believed, be not like those who abused Moses; then Allah cleared him of what they said. And he, in the sight of Allah, was distinguished."
33,70,medinan,O_believers,يا أيها الذين آمنوا اتقوا الله وقولوا قولا سديدا,"O you who have believed, fear Allah and speak words of appropriate justice."
34,10,meccan,O_mountains,۞ ولقد آتينا داوود منا فضلا ۖ يا جبال أوبي معه والطير ۖ وألنا له الحديد,"And We certainly gave David from Us bounty. [We said], ""O mountains, repeat [Our] praises with him, and the birds [as well]."" And We made pliable for him iron,"
35,3,meccan,O_people,يا أيها الناس اذكروا نعمت الله عليكم ۚ هل من خالق غير الله يرزقكم من السماء والأرض ۚ لا إله إلا هو ۖ فأنى تؤفكون,"O mankind, remember the favor of Allah upon you. Is there any creator other than Allah who provides for you from the heaven and earth? There is no deity except Him, so how are you deluded?"
35,5,meccan,O_people,يا أيها الناس إن وعد الله حق ۖ فلا تغرنكم الحياة الدنيا ۖ ولا يغرنكم بالله الغرور,"O mankind, indeed the promise of Allah is truth, so let not the worldly life delude you and be not deceived about Allah by the Deceiver."
35,15,meccan,O_people,۞ يا أيها الناس أنتم الفقراء إلى الله ۖ والله هو الغني الحميد,"O mankind, you are those in need of Allah, while Allah is the Free of need, the Praiseworthy."
36,20,meccan,O_my_people,وجاء من أقصى المدينة رجل يسعى قال يا قوم اتبعوا المرسلين,"And there came from the farthest end of the city a man, running. He said, ""O my people, follow the messengers."
36,26,meccan,O_would_that_LAMENT,قيل ادخل الجنة ۖ قال يا ليت قومي يعلمون,"It was said, ""Enter Paradise."" He said, ""I wish my people could know"
36,30,meccan,O_regret_LAMENT,يا حسرة على العباد ۚ ما يأتيهم من رسول إلا كانوا به يستهزئون,How regretful for the servants. There did not come to them any messenger except that they used to ridicule him.
36,52,meccan,O_woe_LAMENT,قالوا يا ويلنا من بعثنا من مرقدنا ۜ ۗ هذا ما وعد الرحمن وصدق المرسلون,"They will say, ""O woe to us! Who has raised us up from our sleeping place?"" [The reply will be], ""This is what the Most Merciful had promised, and the messengers told the truth."""
36,60,meccan,O_children_of_Adam,۞ ألم أعهد إليكم يا بني آدم أن لا تعبدوا الشيطان ۖ إنه لكم عدو مبين,"Did I not enjoin upon you, O children of Adam, that you not worship Satan - [for] indeed, he is to you a clear enemy -"
37,20,meccan,O_woe_LAMENT,وقالوا يا ويلنا هذا يوم الدين,"They will say, ""O woe to us! This is the Day of Recompense."""
37,102,meccan,O_my_father|O_my_son,فلما بلغ معه السعي قال يا بني إني أرى في المنام أني أذبحك فانظر ماذا ترى ۚ قال يا أبت افعل ما تؤمر ۖ ستجدني إن شاء الله من الصابرين,"And when he reached with him [the age of] exertion, he said, ""O my son, indeed I have seen in a dream that I [must] sacrifice you, so see what you think."" He said, ""O my father, do as you are commanded. You will find me, if Allah wills, of the steadfast."""
37,104,meccan,O_Abraham,وناديناه أن يا إبراهيم,"We called to him, ""O Abraham,"
38,26,meccan,O_Solomon|O_David,يا داوود إنا جعلناك خليفة في الأرض فاحكم بين الناس بالحق ولا تتبع الهوى فيضلك عن سبيل الله ۚ إن الذين يضلون عن سبيل الله لهم عذاب شديد بما نسوا يوم الحساب,"[We said], ""O David, indeed We have made you a successor upon the earth, so judge between the people in truth and do not follow [your own] desire, as it will lead you astray from the way of Allah."" Indeed, those who go astray from the way of Allah will have a severe punishment for having forgotten the Day of Account."
38,75,meccan,O_Iblis,قال يا إبليس ما منعك أن تسجد لما خلقت بيدي ۖ أستكبرت أم كنت من العالين,"[Allah] said, ""O Iblees, what prevented you from prostrating to that which I created with My hands? Were you arrogant [then], or were you [already] among the haughty?"""
39,10,meccan,O_servants,قل يا عباد الذين آمنوا اتقوا ربكم ۚ للذين أحسنوا في هذه الدنيا حسنة ۗ وأرض الله واسعة ۗ إنما يوفى الصابرون أجرهم بغير حساب,"Say, ""O My servants who have believed, fear your Lord. For those who do good in this world is good, and the earth of Allah is spacious. Indeed, the patient will be given their reward without account."""
39,16,meccan,O_servants,لهم من فوقهم ظلل من النار ومن تحتهم ظلل ۚ ذلك يخوف الله به عباده ۚ يا عباد فاتقون,"They will have canopies of fire above them and below them, canopies. By that Allah threatens His servants. O My servants, then fear Me."
39,39,meccan,O_my_people,قل يا قوم اعملوا على مكانتكم إني عامل ۖ فسوف تعلمون,"Say, ""O my people, work according to your position, [for] indeed, I am working; and you are going to know"
39,53,meccan,O_My_servants,۞ قل يا عبادي الذين أسرفوا على أنفسهم لا تقنطوا من رحمة الله ۚ إن الله يغفر الذنوب جميعا ۚ إنه هو الغفور الرحيم,"Say, ""O My servants who have transgressed against themselves [by sinning], do not despair of the mercy of Allah. Indeed, Allah forgives all sins. Indeed, it is He who is the Forgiving, the Merciful."""
39,56,meccan,O_regret_LAMENT,أن تقول نفس يا حسرتا على ما فرطت في جنب الله وإن كنت لمن الساخرين,"Lest a soul should say, ""Oh [how great is] my regret over what I neglected in regard to Allah and that I was among the mockers."""
40,29,meccan,O_my_people,يا قوم لكم الملك اليوم ظاهرين في الأرض فمن ينصرنا من بأس الله إن جاءنا ۚ قال فرعون ما أريكم إلا ما أرى وما أهديكم إلا سبيل الرشاد,"O my people, sovereignty is yours today, [your being] dominant in the land. But who would protect us from the punishment of Allah if it came to us?"" Pharaoh said, ""I do not show you except what I see, and I do not guide you except to the way of right conduct."""
40,30,meccan,O_my_people,وقال الذي آمن يا قوم إني أخاف عليكم مثل يوم الأحزاب,"And he who believed said, ""O my people, indeed I fear for you [a fate] like the day of the companies -"
40,32,meccan,O_my_people,ويا قوم إني أخاف عليكم يوم التناد,"And O my people, indeed I fear for you the Day of Calling -"
40,36,meccan,O_Haman,وقال فرعون يا هامان ابن لي صرحا لعلي أبلغ الأسباب,"And Pharaoh said, ""O Haman, construct for me a tower that I might reach the ways -"
40,38,meccan,O_my_people,وقال الذي آمن يا قوم اتبعون أهدكم سبيل الرشاد,"And he who believed said, ""O my people, follow me, I will guide you to the way of right conduct."
40,39,meccan,O_my_people,يا قوم إنما هذه الحياة الدنيا متاع وإن الآخرة هي دار القرار,"O my people, this worldly life is only [temporary] enjoyment, and indeed, the Hereafter - that is the home of [permanent] settlement."
40,41,meccan,O_my_people,۞ ويا قوم ما لي أدعوكم إلى النجاة وتدعونني إلى النار,"And O my people, how is it that I invite you to salvation while you invite me to the Fire?"
43,38,meccan,O_would_that_LAMENT,حتى إذا جاءنا قال يا ليت بيني وبينك بعد المشرقين فبئس القرين,"Until, when he comes to Us [at Judgement], he says [to his companion], ""Oh, I wish there was between me and you the distance between the east and west - how wretched a companion."""
43,49,meccan,O_sorcerer,وقالوا يا أيه الساحر ادع لنا ربك بما عهد عندك إننا لمهتدون,"And they said [to Moses], ""O magician, invoke for us your Lord by what He has promised you. Indeed, we will be guided."""
43,51,meccan,O_my_people,ونادى فرعون في قومه قال يا قوم أليس لي ملك مصر وهذه الأنهار تجري من تحتي ۖ أفلا تبصرون,"And Pharaoh called out among his people; he said, ""O my people, does not the kingdom of Egypt belong to me, and these rivers flowing beneath me; then do you not see?"
43,68,meccan,O_servants,يا عباد لا خوف عليكم اليوم ولا أنتم تحزنون,"[To whom Allah will say], ""O My servants, no fear will there be concerning you this Day, nor will you grieve,"
43,77,meccan,O_Malik,ونادوا يا مالك ليقض علينا ربك ۖ قال إنكم ماكثون,"And they will call, ""O Malik, let your Lord put an end to us!"" He will say, ""Indeed, you will remain."""
43,88,meccan,O_my_Lord,وقيله يا رب إن هؤلاء قوم لا يؤمنون,"And [Allah acknowledges] his saying, ""O my Lord, indeed these are a people who do not believe."""
46,30,meccan,O_my_people,قالوا يا قومنا إنا سمعنا كتابا أنزل من بعد موسى مصدقا لما بين يديه يهدي إلى الحق وإلى طريق مستقيم,"They said, ""O our people, indeed we have heard a [recited] Book revealed after Moses confirming what was before it which guides to the truth and to a straight path."
46,31,meccan,O_my_people,يا قومنا أجيبوا داعي الله وآمنوا به يغفر لكم من ذنوبكم ويجركم من عذاب أليم,"O our people, respond to the Messenger of Allah and believe in him; Allah will forgive for you your sins and protect you from a painful punishment."
47,7,medinan,O_believers,يا أيها الذين آمنوا إن تنصروا الله ينصركم ويثبت أقدامكم,"O you who have believed, if you support Allah, He will support you and plant firmly your feet."
47,33,medinan,O_believers,۞ يا أيها الذين آمنوا أطيعوا الله وأطيعوا الرسول ولا تبطلوا أعمالكم,"O you who have believed, obey Allah and obey the Messenger and do not invalidate your deeds."
49,1,medinan,O_believers,يا أيها الذين آمنوا لا تقدموا بين يدي الله ورسوله ۖ واتقوا الله ۚ إن الله سميع عليم,"O you who have believed, do not put [yourselves] before Allah and His Messenger but fear Allah. Indeed, Allah is Hearing and Knowing."
49,2,medinan,O_believers,يا أيها الذين آمنوا لا ترفعوا أصواتكم فوق صوت النبي ولا تجهروا له بالقول كجهر بعضكم لبعض أن تحبط أعمالكم وأنتم لا تشعرون,"O you who have believed, do not raise your voices above the voice of the Prophet or be loud to him in speech like the loudness of some of you to others, lest your deeds become worthless while you perceive not."
49,6,medinan,O_believers,يا أيها الذين آمنوا إن جاءكم فاسق بنبإ فتبينوا أن تصيبوا قوما بجهالة فتصبحوا على ما فعلتم نادمين,"O you who have believed, if there comes to you a disobedient one with information, investigate, lest you harm a people out of ignorance and become, over what you have done, regretful."
49,11,medinan,O_believers,يا أيها الذين آمنوا لا يسخر قوم من قوم عسى أن يكونوا خيرا منهم ولا نساء من نساء عسى أن يكن خيرا منهن ۖ ولا تلمزوا أنفسكم ولا تنابزوا بالألقاب ۖ بئس الاسم الفسوق بعد الإيمان ۚ ومن لم يتب فأولئك هم الظالمون,"O you who have believed, let not a people ridicule [another] people; perhaps they may be better than them; nor let women ridicule [other] women; perhaps they may be better than them. And do not insult one another and do not call each other by [offensive] nicknames. Wretched is the name of disobedience after [one's] faith. And whoever does not repent - then it is those who are the wrongdoers."
49,12,medinan,O_believers,يا أيها الذين آمنوا اجتنبوا كثيرا من الظن إن بعض الظن إثم ۖ ولا تجسسوا ولا يغتب بعضكم بعضا ۚ أيحب أحدكم أن يأكل لحم أخيه ميتا فكرهتموه ۚ واتقوا الله ۚ إن الله تواب رحيم,"O you who have believed, avoid much [negative] assumption. Indeed, some assumption is sin. And do not spy or backbite each other. Would one of you like to eat the flesh of his brother when dead? You would detest it. And fear Allah; indeed, Allah is Accepting of repentance and Merciful."
49,13,medinan,O_people,يا أيها الناس إنا خلقناكم من ذكر وأنثى وجعلناكم شعوبا وقبائل لتعارفوا ۚ إن أكرمكم عند الله أتقاكم ۚ إن الله عليم خبير,"O mankind, indeed We have created you from male and female and made you peoples and tribes that you may know one another. Indeed, the most noble of you in the sight of Allah is the most righteous of you. Indeed, Allah is Knowing and Acquainted."
55,33,medinan,O_company,يا معشر الجن والإنس إن استطعتم أن تنفذوا من أقطار السماوات والأرض فانفذوا ۚ لا تنفذون إلا بسلطان,"O company of jinn and mankind, if you are able to pass beyond the regions of the heavens and the earth, then pass. You will not pass except by authority [from Allah]."
57,28,medinan,O_believers,يا أيها الذين آمنوا اتقوا الله وآمنوا برسوله يؤتكم كفلين من رحمته ويجعل لكم نورا تمشون به ويغفر لكم ۚ والله غفور رحيم,"O you who have believed, fear Allah and believe in His Messenger; He will [then] give you a double portion of His mercy and make for you a light by which you will walk and forgive you; and Allah is Forgiving and Merciful."
58,9,medinan,O_believers,يا أيها الذين آمنوا إذا تناجيتم فلا تتناجوا بالإثم والعدوان ومعصيت الرسول وتناجوا بالبر والتقوى ۖ واتقوا الله الذي إليه تحشرون,"O you who have believed, when you converse privately, do not converse about sin and aggression and disobedience to the Messenger but converse about righteousness and piety. And fear Allah, to whom you will be gathered."
58,11,medinan,O_believers,يا أيها الذين آمنوا إذا قيل لكم تفسحوا في المجالس فافسحوا يفسح الله لكم ۖ وإذا قيل انشزوا فانشزوا يرفع الله الذين آمنوا منكم والذين أوتوا العلم درجات ۚ والله بما تعملون خبير,"O you who have believed, when you are told, ""Space yourselves"" in assemblies, then make space; Allah will make space for you. And when you are told, ""Arise,"" then arise; Allah will raise those who have believed among you and those who were given knowledge, by degrees. And Allah is Acquainted with what you do."
58,12,medinan,O_believers,يا أيها الذين آمنوا إذا ناجيتم الرسول فقدموا بين يدي نجواكم صدقة ۚ ذلك خير لكم وأطهر ۚ فإن لم تجدوا فإن الله غفور رحيم,"O you who have believed, when you [wish to] privately consult the Messenger, present before your consultation a charity. That is better for you and purer. But if you find not [the means] - then indeed, Allah is Forgiving and Merciful."
59,2,medinan,O_people_of_vision,هو الذي أخرج الذين كفروا من أهل الكتاب من ديارهم لأول الحشر ۚ ما ظننتم أن يخرجوا ۖ وظنوا أنهم مانعتهم حصونهم من الله فأتاهم الله من حيث لم يحتسبوا ۖ وقذف في قلوبهم الرعب ۚ يخربون بيوتهم بأيديهم وأيدي المؤمنين فاعتبروا يا أولي الأبصار,"It is He who expelled the ones who disbelieved among the People of the Scripture from their homes at the first gathering. You did not think they would leave, and they thought that their fortresses would protect them from Allah; but [the decree of] Allah came upon them from where they had not expected, and He cast terror into their hearts [so] they destroyed their houses by their [own] hands and the hands of the believers. So take warning, O people of vision."
59,18,medinan,O_believers,يا أيها الذين آمنوا اتقوا الله ولتنظر نفس ما قدمت لغد ۖ واتقوا الله ۚ إن الله خبير بما تعملون,"O you who have believed, fear Allah. And let every soul look to what it has put forth for tomorrow - and fear Allah. Indeed, Allah is Acquainted with what you do."
60,1,medinan,O_believers,يا أيها الذين آمنوا لا تتخذوا عدوي وعدوكم أولياء تلقون إليهم بالمودة وقد كفروا بما جاءكم من الحق يخرجون الرسول وإياكم ۙ أن تؤمنوا بالله ربكم إن كنتم خرجتم جهادا في سبيلي وابتغاء مرضاتي ۚ تسرون إليهم بالمودة وأنا أعلم بما أخفيتم وما أعلنتم ۚ ومن يفعله منكم فقد ضل سواء السبيل,"O you who have believed, do not take My enemies and your enemies as allies, extending to them affection while they have disbelieved in what came to you of the truth, having driven out the Prophet and yourselves [only] because you believe in Allah, your Lord. If you have come out for jihad in My cause and seeking means to My approval, [take them not as friends]. You confide to them affection, but I am most knowing of what you have concealed and what you have declared. And whoever does it among you has certainly strayed from the soundness of the way."
60,10,medinan,O_believers,يا أيها الذين آمنوا إذا جاءكم المؤمنات مهاجرات فامتحنوهن ۖ الله أعلم بإيمانهن ۖ فإن علمتموهن مؤمنات فلا ترجعوهن إلى الكفار ۖ لا هن حل لهم ولا هم يحلون لهن ۖ وآتوهم ما أنفقوا ۚ ولا جناح عليكم أن تنكحوهن إذا آتيتموهن أجورهن ۚ ولا تمسكوا بعصم الكوافر واسألوا ما أنفقتم وليسألوا ما أنفقوا ۚ ذلكم حكم الله ۖ يحكم بينكم ۚ والله عليم حكيم,"O you who have believed, when the believing women come to you as emigrants, examine them. Allah is most knowing as to their faith. And if you know them to be believers, then do not return them to the disbelievers; they are not lawful [wives] for them, nor are they lawful [husbands] for them. But give the disbelievers what they have spent. And there is no blame upon you if you marry them when you have given them their due compensation. And hold not to marriage bonds with disbelieving women, but ask for what you have spent and let them ask for what they have spent. That is the judgement of Allah; He judges between you. And Allah is Knowing and Wise."
60,12,medinan,O_Prophet,يا أيها النبي إذا جاءك المؤمنات يبايعنك على أن لا يشركن بالله شيئا ولا يسرقن ولا يزنين ولا يقتلن أولادهن ولا يأتين ببهتان يفترينه بين أيديهن وأرجلهن ولا يعصينك في معروف ۙ فبايعهن واستغفر لهن الله ۖ إن الله غفور رحيم,"O Prophet, when the believing women come to you pledging to you that they will not associate anything with Allah, nor will they steal, nor will they commit unlawful sexual intercourse, nor will they kill their children, nor will they bring forth a slander they have invented between their arms and legs, nor will they disobey you in what is right - then accept their pledge and ask forgiveness for them of Allah. Indeed, Allah is Forgiving and Merciful."
60,13,medinan,O_believers,يا أيها الذين آمنوا لا تتولوا قوما غضب الله عليهم قد يئسوا من الآخرة كما يئس الكفار من أصحاب القبور,"O you who have believed, do not make allies of a people with whom Allah has become angry. They have despaired of [reward in] the Hereafter just as the disbelievers have despaired of [meeting] the inhabitants of the graves."
61,2,medinan,O_believers,يا أيها الذين آمنوا لم تقولون ما لا تفعلون,"O you who have believed, why do you say what you do not do?"
61,5,medinan,O_my_people,وإذ قال موسى لقومه يا قوم لم تؤذونني وقد تعلمون أني رسول الله إليكم ۖ فلما زاغوا أزاغ الله قلوبهم ۚ والله لا يهدي القوم الفاسقين,"And [mention, O Muhammad], when Moses said to his people, ""O my people, why do you harm me while you certainly know that I am the messenger of Allah to you?"" And when they deviated, Allah caused their hearts to deviate. And Allah does not guide the defiantly disobedient people."
61,6,medinan,O_children_of_Israel,وإذ قال عيسى ابن مريم يا بني إسرائيل إني رسول الله إليكم مصدقا لما بين يدي من التوراة ومبشرا برسول يأتي من بعدي اسمه أحمد ۖ فلما جاءهم بالبينات قالوا هذا سحر مبين,"And [mention] when Jesus, the son of Mary, said, ""O children of Israel, indeed I am the messenger of Allah to you confirming what came before me of the Torah and bringing good tidings of a messenger to come after me, whose name is Ahmad."" But when he came to them with clear evidences, they said, ""This is obvious magic."""
61,10,medinan,O_believers,يا أيها الذين آمنوا هل أدلكم على تجارة تنجيكم من عذاب أليم,"O you who have believed, shall I guide you to a transaction that will save you from a painful punishment?"
61,14,medinan,O_believers,يا أيها الذين آمنوا كونوا أنصار الله كما قال عيسى ابن مريم للحواريين من أنصاري إلى الله ۖ قال الحواريون نحن أنصار الله ۖ فآمنت طائفة من بني إسرائيل وكفرت طائفة ۖ فأيدنا الذين آمنوا على عدوهم فأصبحوا ظاهرين,"O you who have believed, be supporters of Allah, as when Jesus, the son of Mary, said to the disciples, ""Who are my supporters for Allah?"" The disciples said, ""We are supporters of Allah."" And a faction of the Children of Israel believed and a faction disbelieved. So We supported those who believed against their enemy, and they became dominant."
62,9,medinan,O_believers,يا أيها الذين آمنوا إذا نودي للصلاة من يوم الجمعة فاسعوا إلى ذكر الله وذروا البيع ۚ ذلكم خير لكم إن كنتم تعلمون,"O you who have believed, when [the adhan] is called for the prayer on the day of Jumu'ah [Friday], then proceed to the remembrance of Allah and leave trade. That is better for you, if you only knew."
63,9,medinan,O_believers,يا أيها الذين آمنوا لا تلهكم أموالكم ولا أولادكم عن ذكر الله ۚ ومن يفعل ذلك فأولئك هم الخاسرون,"O you who have believed, let not your wealth and your children divert you from remembrance of Allah. And whoever does that - then those are the losers."
64,14,medinan,O_believers,يا أيها الذين آمنوا إن من أزواجكم وأولادكم عدوا لكم فاحذروهم ۚ وإن تعفوا وتصفحوا وتغفروا فإن الله غفور رحيم,"O you who have believed, indeed, among your wives and your children are enemies to you, so beware of them. But if you pardon and overlook and forgive - then indeed, Allah is Forgiving and Merciful."
65,1,medinan,O_Prophet,يا أيها النبي إذا طلقتم النساء فطلقوهن لعدتهن وأحصوا العدة ۖ واتقوا الله ربكم ۖ لا تخرجوهن من بيوتهن ولا يخرجن إلا أن يأتين بفاحشة مبينة ۚ وتلك حدود الله ۚ ومن يتعد حدود الله فقد ظلم نفسه ۚ لا تدري لعل الله يحدث بعد ذلك أمرا,"O Prophet, when you [Muslims] divorce women, divorce them for [the commencement of] their waiting period and keep count of the waiting period, and fear Allah, your Lord. Do not turn them out of their [husbands'] houses, nor should they [themselves] leave [during that period] unless they are committing a clear immorality. And those are the limits [set by] Allah. And whoever transgresses the limits of Allah has certainly wronged himself. You know not; perhaps Allah will bring about after that a [different] matter."
65,10,medinan,O_people_of_understanding,أعد الله لهم عذابا شديدا ۖ فاتقوا الله يا أولي الألباب الذين آمنوا ۚ قد أنزل الله إليكم ذكرا,"Allah has prepared for them a severe punishment; so fear Allah, O you of understanding who have believed. Allah has sent down to you the Qur'an."
66,1,medinan,O_Prophet,يا أيها النبي لم تحرم ما أحل الله لك ۖ تبتغي مرضات أزواجك ۚ والله غفور رحيم,"O Prophet, why do you prohibit [yourself from] what Allah has made lawful for you, seeking the approval of your wives? And Allah is Forgiving and Merciful."
66,6,medinan,O_believers,يا أيها الذين آمنوا قوا أنفسكم وأهليكم نارا وقودها الناس والحجارة عليها ملائكة غلاظ شداد لا يعصون الله ما أمرهم ويفعلون ما يؤمرون,"O you who have believed, protect yourselves and your families from a Fire whose fuel is people and stones, over which are [appointed] angels, harsh and severe; they do not disobey Allah in what He commands them but do what they are commanded."
66,8,medinan,O_believers,يا أيها الذين آمنوا توبوا إلى الله توبة نصوحا عسى ربكم أن يكفر عنكم سيئاتكم ويدخلكم جنات تجري من تحتها الأنهار يوم لا يخزي الله النبي والذين آمنوا معه ۖ نورهم يسعى بين أيديهم وبأيمانهم يقولون ربنا أتمم لنا نورنا واغفر لنا ۖ إنك على كل شيء قدير,"O you who have believed, repent to Allah with sincere repentance. Perhaps your Lord will remove from you your misdeeds and admit you into gardens beneath which rivers flow [on] the Day when Allah will not disgrace the Prophet and those who believed with him. Their light will proceed before them and on their right; they will say, ""Our Lord, perfect for us our light and forgive us. Indeed, You are over all things competent."""
66,9,medinan,O_Prophet,يا أيها النبي جاهد الكفار والمنافقين واغلظ عليهم ۚ ومأواهم جهنم ۖ وبئس المصير,"O Prophet, strive against the disbelievers and the hypocrites and be harsh upon them. And their refuge is Hell, and wretched is the destination."
68,31,meccan,O_woe_LAMENT,قالوا يا ويلنا إنا كنا طاغين,"They said, ""O woe to us; indeed we were transgressors."
69,25,meccan,O_would_that_LAMENT,وأما من أوتي كتابه بشماله فيقول يا ليتني لم أوت كتابيه,"But as for he who is given his record in his left hand, he will say, ""Oh, I wish I had not been given my record"
69,27,meccan,O_would_that_LAMENT,يا ليتها كانت القاضية,I wish my death had been the decisive one.
71,2,meccan,O_my_people,قال يا قوم إني لكم نذير مبين,"He said, ""O my people, indeed I am to you a clear warner,"
73,1,meccan,O_Muzzammil,يا أيها المزمل,"O you who wraps himself [in clothing],"
74,1,meccan,O_Muddaththir,يا أيها المدثر,"O you who covers himself [with a garment],"
78,40,meccan,O_would_that_LAMENT,إنا أنذرناكم عذابا قريبا يوم ينظر المرء ما قدمت يداه ويقول الكافر يا ليتني كنت ترابا,"Indeed, We have warned you of a near punishment on the Day when a man will observe what his hands have put forth and the disbeliever will say, ""Oh, I wish that I were dust!"""
82,6,meccan,O_Human,يا أيها الإنسان ما غرك بربك الكريم,"O mankind, what has deceived you concerning your Lord, the Generous,"
84,6,meccan,O_Human,يا أيها الإنسان إنك كادح إلى ربك كدحا فملاقيه,"O mankind, indeed you are laboring toward your Lord with [great] exertion and will meet it."
89,24,meccan,O_would_that_LAMENT,يقول يا ليتني قدمت لحياتي,"He will say, ""Oh, I wish I had sent ahead [some good] for my life."""
89,27,meccan,O_soul_FEM,يا أيتها النفس المطمئنة,"[To the righteous it will be said], ""O reassured soul,"
109,1,meccan,O_disbelievers,قل يا أيها الكافرون,"Say, ""O disbelievers,"
