count,kind,item_buck,item_arabic,pos_summary,sample_translations
382,lemma,Ealima,عَلِمَ,V:382,"And when it is said to them, ""Believe as the people have believed,"" they say, ""Should we believe as the foolish have believed?"" Unquestionably, it is they who are the foolish, but they know [it] not. || [He] who made for you the earth a bed [spread out] and the sky a ceiling and sent down from the s"
382,lemma,'aAyap,ءَايَة,N:382,"And those who disbelieve and deny Our signs - those will be companions of the Fire; they will abide therein eternally."" || And believe in what I have sent down confirming that which is [already] with you, and be not the first to disbelieve in it. And do not exchange My signs for a small price, and f"
271,lemma,A^taY,ا^تَى,V:271,And establish prayer and give zakah and bow with those who bow [in worship and obedience]. || And [recall] when We gave Moses the Scripture and criterion that perhaps you would be guided.
271,lemma,ra'aA,رَءَا,V:271,"And [recall] when you said, ""O Moses, we will never believe you until we see Allah outright""; so the thunderbolt took you while you were looking on. || We have certainly seen the turning of your face, [O Muhammad], toward the heaven, and We will surely turn you to a qiblah with which you will be ple"
201,root,jnn,جنن,,"And give good tidings to those who believe and do righteous deeds that they will have gardens [in Paradise] beneath which rivers flow. Whenever they are provided with a provision of fruit therefrom, they will say, ""This is what we were provided with before."" And it is given to them in likeness. And "
201,root,End,عند,,"And [recall] when Moses said to his people, ""O my people, indeed you have wronged yourselves by your taking of the calf [for worship]. So repent to your Creator and kill yourselves. That is best for [all of] you in the sight of your Creator."" Then He accepted your repentance; indeed, He is the Accep"
194,root,nwr,نور,,"Their example is that of one who kindled a fire, but when it illuminated what was around him, Allah took away their light and left them in darkness [so] they could not see. || Their example is that of one who kindled a fire, but when it illuminated what was around him, Allah took away their light an"
194,root,Hsn,حسن,,"And [recall] when We said, ""Enter this city and eat from it wherever you will in [ease and] abundance, and enter the gate bowing humbly and say, 'Relieve us of our burdens.' We will [then] forgive your sins for you, and We will increase the doers of good [in goodness and reward]."" || And [recall] wh"
184,root,bny,بني,,"[He] who made for you the earth a bed [spread out] and the sky a ceiling and sent down from the sky, rain and brought forth thereby fruits as provision for you. So do not attribute to Allah equals while you know [that there is nothing similar to Him]. || O Children of Israel, remember My favor which"
184,root,Hyy,حيي,,"Indeed, Allah is not timid to present an example - that of a mosquito or what is smaller than it. And those who have believed know that it is the truth from their Lord. But as for those who disbelieve, they say, ""What did Allah intend by this as an example?"" He misleads many thereby and guides many "
176,lemma,ka*~aba,كَذَّبَ,V:176,"And those who disbelieve and deny Our signs - those will be companions of the Fire; they will abide therein eternally."" || And We did certainly give Moses the Torah and followed up after him with messengers. And We gave Jesus, the son of Mary, clear proofs and supported him with the Pure Spirit. But"
176,lemma,sabiyl,سَبِيل,N:176,"Or do you intend to ask your Messenger as Moses was asked before? And whoever exchanges faith for disbelief has certainly strayed from the soundness of the way. || And do not say about those who are killed in the way of Allah, ""They are dead."" Rather, they are alive, but you perceive [it] not."
170,root,Awl,اول,,"And believe in what I have sent down confirming that which is [already] with you, and be not the first to disbelieve in it. And do not exchange My signs for a small price, and fear [only] Me. || And [recall] when We saved your forefathers from the people of Pharaoh, who afflicted you with the worst "
170,root,qtl,قتل,,"And [recall] when Moses said to his people, ""O my people, indeed you have wronged yourselves by your taking of the calf [for worship]. So repent to your Creator and kill yourselves. That is best for [all of] you in the sight of your Creator."" Then He accepted your repentance; indeed, He is the Accep"
168,root,qlb,قلب,,"Allah has set a seal upon their hearts and upon their hearing, and over their vision is a veil. And for them is a great punishment. || In their hearts is disease, so Allah has increased their disease; and for them is a painful punishment because they [habitually] used to lie."
168,root,$rk,شرك,,"And you will surely find them the most greedy of people for life - [even] more than those who associate others with Allah. One of them wishes that he could be granted life a thousand years, but it would not remove him in the least from the [coming] punishment that he should be granted life. And Alla"
167,root,kvr,كثر,,"Indeed, Allah is not timid to present an example - that of a mosquito or what is smaller than it. And those who have believed know that it is the truth from their Lord. But as for those who disbelieve, they say, ""What did Allah intend by this as an example?"" He misleads many thereby and guides many "
167,root,swA,سوا,,"And [recall] when We saved your forefathers from the people of Pharaoh, who afflicted you with the worst torment, slaughtering your [newborn] sons and keeping your females alive. And in that was a great trial from your Lord. || Yes, whoever earns evil and his sin has encompassed him - those are the "
166,lemma,{t~aqaY`,ٱتَّقَىٰ,V:166,"O mankind, worship your Lord, who created you and those before you, that you may become righteous - || But if you do not - and you will never be able to - then fear the Fire, whose fuel is men and stones, prepared for the disbelievers."
166,lemma,>amor,أَمْر,N:166,"Many of the People of the Scripture wish they could turn you back to disbelief after you have believed, out of envy from themselves [even] after the truth has become clear to them. So pardon and overlook until Allah delivers His command. Indeed, Allah is over all things competent. || Originator of t"
160,root,$hd,شهد,,"And if you are in doubt about what We have sent down upon Our Servant [Muhammad], then produce a surah the like thereof and call upon your witnesses other than Allah, if you should be truthful. || And [recall] when We took your covenant, [saying], ""Do not shed each other's blood or evict one another"
160,root,nbA,نبا,,"And He taught Adam the names - all of them. Then He showed them to the angels and said, ""Inform Me of the names of these, if you are truthful."" || He said, ""O Adam, inform them of their names."" And when he had informed them of their names, He said, ""Did I not tell you that I know the unseen [aspects"
158,root,bED,بعض,,"Indeed, Allah is not timid to present an example - that of a mosquito or what is smaller than it. And those who have believed know that it is the truth from their Lord. But as for those who disbelieve, they say, ""What did Allah intend by this as an example?"" He misleads many thereby and guides many "
158,root,nSr,نصر,,"And fear a Day when no soul will suffice for another soul at all, nor will intercession be accepted from it, nor will compensation be taken from it, nor will they be aided. || Indeed, those who believed and those who were Jews or Christians or Sabeans [before Prophet Muhammad] - those [among them] w"
148,root,bSr,بصر,,"Allah has set a seal upon their hearts and upon their hearing, and over their vision is a veil. And for them is a great punishment. || Their example is that of one who kindled a fire, but when it illuminated what was around him, Allah took away their light and left them in darkness [so] they could n"
148,root,rwd,رود,,"Indeed, Allah is not timid to present an example - that of a mosquito or what is smaller than it. And those who have believed know that it is the truth from their Lord. But as for those who disbelieve, they say, ""What did Allah intend by this as an example?"" He misleads many thereby and guides many "
147,lemma,gayor,غَيْر,"N:144,ADJ:3","The path of those upon whom You have bestowed favor, not of those who have evoked [Your] anger or of those who are astray. || But those who wronged changed [those words] to a statement other than that which had been said to them, so We sent down upon those who wronged a punishment from the sky becau"
147,lemma,jan~ap,جَنَّة,"N:96,PN:51","And give good tidings to those who believe and do righteous deeds that they will have gardens [in Paradise] beneath which rivers flow. Whenever they are provided with a provision of fruit therefrom, they will say, ""This is what we were provided with before."" And it is given to them in likeness. And "
147,lemma,<ila`h,إِلَٰه,N:147,"Or were you witnesses when death approached Jacob, when he said to his sons, ""What will you worship after me?"" They said, ""We will worship your God and the God of your fathers, Abraham and Ishmael and Isaac - one God. And we are Muslims [in submission] to Him."" || Or were you witnesses when death ap"
144,lemma,hadaY,هَدَى,V:144,"Guide us to the straight path - || Indeed, Allah is not timid to present an example - that of a mosquito or what is smaller than it. And those who have believed know that it is the truth from their Lord. But as for those who disbelieve, they say, ""What did Allah intend by this as an example?"" He mis"
144,lemma,duwn,دُون,"N:135,LOC:9","And if you are in doubt about what We have sent down upon Our Servant [Muhammad], then produce a surah the like thereof and call upon your witnesses other than Allah, if you should be truthful. || Say, [O Muhammad], ""If the home of the Hereafter with Allah is for you alone and not the [other] people"
140,root,nEm,نعم,,"The path of those upon whom You have bestowed favor, not of those who have evoked [Your] anger or of those who are astray. || O Children of Israel, remember My favor which I have bestowed upon you and fulfill My covenant [upon you] that I will fulfill your covenant [from Me], and be afraid of [only]"
140,root,slm,سلم,,"He said, ""He says, 'It is a cow neither trained to plow the earth nor to irrigate the field, one free from fault with no spot upon her.' "" They said, ""Now you have come with the truth."" So they slaughtered her, but they could hardly do it. || Yes [on the contrary], whoever submits his face in Islam "
136,lemma,muwsaY`,مُوسَىٰ,PN:136,"And [recall] when We made an appointment with Moses for forty nights. Then you took [for worship] the calf after him, while you were wrongdoers. || And [recall] when We gave Moses the Scripture and criterion that perhaps you would be guided."
136,lemma,{t~abaEa,ٱتَّبَعَ,V:136,"And they followed [instead] what the devils had recited during the reign of Solomon. It was not Solomon who disbelieved, but the devils disbelieved, teaching people magic and that which was revealed to the two angels at Babylon, Harut and Marut. But the two angels do not teach anyone unless they say"
129,lemma,ka`firuwn,كَٰفِرُون,"N:119,ADJ:10","Or [it is] like a rainstorm from the sky within which is darkness, thunder and lightning. They put their fingers in their ears against the thunderclaps in dread of death. But Allah is encompassing of the disbelievers. || But if you do not - and you will never be able to - then fear the Fire, whose f"
129,lemma,ZaAlim,ظَالِم,"N:105,ADJ:24","And We said, ""O Adam, dwell, you and your wife, in Paradise and eat therefrom in [ease and] abundance from wherever you will. But do not approach this tree, lest you be among the wrongdoers."" || And [recall] when We made an appointment with Moses for forty nights. Then you took [for worship] the cal"
129,root,jmE,جمع,,"It is He who created for you all of that which is on the earth. Then He directed Himself to the heaven, [His being above all creation], and made them seven heavens, and He is Knowing of all things. || We said, ""Go down from it, all of you. And when guidance comes to you from Me, whoever follows My g"
129,root,nZr,نظر,,"And [recall] when We parted the sea for you and saved you and drowned the people of Pharaoh while you were looking on. || And [recall] when you said, ""O Moses, we will never believe you until we see Allah outright""; so the thunderbolt took you while you were looking on."
129,root,sAl,سال,,"And [recall] when you said, ""O Moses, we can never endure one [kind of] food. So call upon your Lord to bring forth for us from the earth its green herbs and its cucumbers and its garlic and its lentils and its onions."" [Moses] said, ""Would you exchange what is better for what is less? Go into [any]"
129,root,TwE,طوع,,"Indeed, as-Safa and al-Marwah are among the symbols of Allah. So whoever makes Hajj to the House or performs 'umrah - there is no blame upon him for walking between them. And whoever volunteers good - then indeed, Allah is appreciative and Knowing. || [Fasting for] a limited number of days. So whoev"
127,lemma,>axa*a,أَخَذَ,V:127,"And fear a Day when no soul will suffice for another soul at all, nor will intercession be accepted from it, nor will compensation be taken from it, nor will they be aided. || And [recall] when you said, ""O Moses, we will never believe you until we see Allah outright""; so the thunderbolt took you wh"
127,lemma,bal,بَل,"RET:122,INC:4,CONJ:1","And they said, ""Our hearts are wrapped."" But, [in fact], Allah has cursed them for their disbelief, so little is it that they believe. || Is it not [true] that every time they took a covenant a party of them threw it away? But, [in fact], most of them do not believe."
127,lemma,>ahol,أَهْل,N:127,"Neither those who disbelieve from the People of the Scripture nor the polytheists wish that any good should be sent down to you from your Lord. But Allah selects for His mercy whom He wills, and Allah is the possessor of great bounty. || Many of the People of the Scripture wish they could turn you b"
127,root,xlf,خلف,,"And [mention, O Muhammad], when your Lord said to the angels, ""Indeed, I will make upon the earth a successive authority."" They said, ""Will You place upon it one who causes corruption therein and sheds blood, while we declare Your praise and sanctify You?"" Allah said, ""Indeed, I know that which you "
127,root,Ahl,اهل,,"Neither those who disbelieve from the People of the Scripture nor the polytheists wish that any good should be sent down to you from your Lord. But Allah selects for His mercy whom He wills, and Allah is the possessor of great bounty. || Many of the People of the Scripture wish they could turn you b"
123,root,rzq,رزق,,"Who believe in the unseen, establish prayer, and spend out of what We have provided for them, || [He] who made for you the earth a bed [spread out] and the sky a ceiling and sent down from the sky, rain and brought forth thereby fruits as provision for you. So do not attribute to Allah equals while "
123,root,b$r,بشر,,"And give good tidings to those who believe and do righteous deeds that they will have gardens [in Paradise] beneath which rivers flow. Whenever they are provided with a provision of fruit therefrom, they will say, ""This is what we were provided with before."" And it is given to them in likeness. And "
120,lemma,EaZiym,عَظِيم,"ADJ:104,N:16","Allah has set a seal upon their hearts and upon their hearing, and over their vision is a veil. And for them is a great punishment. || And [recall] when We saved your forefathers from the people of Pharaoh, who afflicted you with the worst torment, slaughtering your [newborn] sons and keeping your f"
120,lemma,yad,يَد,N:120,"And We made it a deterrent punishment for those who were present and those who succeeded [them] and a lesson for those who fear Allah. || So woe to those who write the ""scripture"" with their own hands, then say, ""This is from Allah,"" in order to exchange it for a small price. Woe to them for what th"
119,root,Amm,امم,,"And among them are unlettered ones who do not know the Scripture except in wishful thinking, but they are only assuming. || And [mention, O Muhammad], when Abraham was tried by his Lord with commands and he fulfilled them. [Allah] said, ""Indeed, I will make you a leader for the people."" [Abraham] sa"
119,root,Ezz,عزز,,"Our Lord, and send among them a messenger from themselves who will recite to them Your verses and teach them the Book and wisdom and purify them. Indeed, You are the Exalted in Might, the Wise."" || And when it is said to him, ""Fear Allah,"" pride in the sin takes hold of him. Sufficient for him is He"
109,root,Akl,اكل,,"And We said, ""O Adam, dwell, you and your wife, in Paradise and eat therefrom in [ease and] abundance from wherever you will. But do not approach this tree, lest you be among the wrongdoers."" || And We shaded you with clouds and sent down to you manna and quails, [saying], ""Eat from the good things "
109,root,Hsb,حسب,,"Those will have a share of what they have earned, and Allah is swift in account. || And when it is said to him, ""Fear Allah,"" pride in the sin takes hold of him. Sufficient for him is Hellfire, and how wretched is the resting place."
108,root,fEl,فعل,,"But if you do not - and you will never be able to - then fear the Fire, whose fuel is men and stones, prepared for the disbelievers. || But if you do not - and you will never be able to - then fear the Fire, whose fuel is men and stones, prepared for the disbelievers."
108,root,Ajr,اجر,,"Indeed, those who believed and those who were Jews or Christians or Sabeans [before Prophet Muhammad] - those [among them] who believed in Allah and the Last Day and did righteousness - will have their reward with their Lord, and no fear will there be concerning them, nor will they grieve. || Yes [o"
106,lemma,lan,لَن,NEG:106,"But if you do not - and you will never be able to - then fear the Fire, whose fuel is men and stones, prepared for the disbelievers. || And [recall] when you said, ""O Moses, we will never believe you until we see Allah outright""; so the thunderbolt took you while you were looking on."
106,lemma,sa>ala,سَأَلَ,V:106,"And [recall] when you said, ""O Moses, we can never endure one [kind of] food. So call upon your Lord to bring forth for us from the earth its green herbs and its cucumbers and its garlic and its lentils and its onions."" [Moses] said, ""Would you exchange what is better for what is less? Go into [any]"
106,lemma,wajada,وَجَدَ,V:106,"And you will surely find them the most greedy of people for life - [even] more than those who associate others with Allah. One of them wishes that he could be granted life a thousand years, but it would not remove him in the least from the [coming] punishment that he should be granted life. And Alla"
105,lemma,Eilom,عِلْم,N:105,"They said, ""Exalted are You; we have no knowledge except what You have taught us. Indeed, it is You who is the Knowing, the Wise."" || And never will the Jews or the Christians approve of you until you follow their religion. Say, ""Indeed, the guidance of Allah is the [only] guidance."" If you were to "
105,lemma,>ajor,أَجْر,N:105,"Indeed, those who believed and those who were Jews or Christians or Sabeans [before Prophet Muhammad] - those [among them] who believed in Allah and the Last Day and did righteousness - will have their reward with their Lord, and no fear will there be concerning them, nor will they grieve. || Yes [o"
104,root,rjE,رجع,,"Deaf, dumb and blind - so they will not return [to the right path]. || How can you disbelieve in Allah when you were lifeless and He brought you to life; then He will cause you to die, then He will bring you [back] to life, and then to Him you will be returned."
104,root,fDl,فضل,,"O Children of Israel, remember My favor that I have bestowed upon you and that I preferred you over the worlds. || Then you turned away after that. And if not for the favor of Allah upon you and His mercy, you would have been among the losers."
102,root,A*n,اذن,,"Or [it is] like a rainstorm from the sky within which is darkness, thunder and lightning. They put their fingers in their ears against the thunderclaps in dread of death. But Allah is encompassing of the disbelievers. || Say, ""Whoever is an enemy to Gabriel - it is [none but] he who has brought the "
102,root,$dd,شدد,,"Then your hearts became hardened after that, being like stones or even harder. For indeed, there are stones from which rivers burst forth, and there are some of them that split open and water comes out, and there are some of them that fall down for fear of Allah. And Allah is not unaware of what you"
102,root,wld,ولد,,"And [recall] when We took the covenant from the Children of Israel, [enjoining upon them], ""Do not worship except Allah; and to parents do good and to relatives, orphans, and the needy. And speak to people good [words] and establish prayer and give zakah."" Then you turned away, except a few of you, "
97,root,SHb,صحب,,"And those who disbelieve and deny Our signs - those will be companions of the Fire; they will abide therein eternally."" || Yes, whoever earns evil and his sin has encompassed him - those are the companions of the Fire; they will abide therein eternally."
97,root,Ans,انس,,"And [recall] when Moses prayed for water for his people, so We said, ""Strike with your staff the stone."" And there gushed forth from it twelve springs, and every people knew its watering place. ""Eat and drink from the provision of Allah, and do not commit abuse on the earth, spreading corruption."" |"
96,root,qrb,قرب,,"And We said, ""O Adam, dwell, you and your wife, in Paradise and eat therefrom in [ease and] abundance from wherever you will. But do not approach this tree, lest you be among the wrongdoers."" || And [recall] when We took the covenant from the Children of Israel, [enjoining upon them], ""Do not worshi"
96,root,bgy,بغي,,How wretched is that for which they sold themselves - that they would disbelieve in what Allah has revealed through [their] outrage that Allah would send down His favor upon whom He wills from among His servants. So they returned having [earned] wrath upon wrath. And for the disbelievers is a humili
96,root,Axw,اخو,,"O you who have believed, prescribed for you is legal retribution for those murdered - the free for the free, the slave for the slave, and the female for the female. But whoever overlooks from his brother anything, then there should be a suitable follow-up and payment to him with good conduct. This i"
93,lemma,>akala,أَكَلَ,V:93,"And We said, ""O Adam, dwell, you and your wife, in Paradise and eat therefrom in [ease and] abundance from wherever you will. But do not approach this tree, lest you be among the wrongdoers."" || And We shaded you with clouds and sent down to you manna and quails, [saying], ""Eat from the good things "
93,lemma,*uw,ذُو,"N:90,LOC:2,ADJ:1","And [recall] when We took the covenant from the Children of Israel, [enjoining upon them], ""Do not worship except Allah; and to parents do good and to relatives, orphans, and the needy. And speak to people good [words] and establish prayer and give zakah."" Then you turned away, except a few of you, "
93,lemma,hal,هَل,INTG:93,"Do they await but that Allah should come to them in covers of clouds and the angels [as well] and the matter is [then] decided? And to Allah [all] matters are returned. || Have you not considered the assembly of the Children of Israel after [the time of] Moses when they said to a prophet of theirs, "
92,lemma,diyn,دِين,N:92,"Sovereign of the Day of Recompense. || And Abraham instructed his sons [to do the same] and [so did] Jacob, [saying], ""O my sons, indeed Allah has chosen for you this religion, so do not die except while you are Muslims."""
92,lemma,qawol,قَوْل,N:92,"But those who wronged changed [those words] to a statement other than that which had been said to them, so We sent down upon those who wronged a punishment from the sky because they were defiantly disobeying. || The Jews say ""The Christians have nothing [true] to stand on,"" and the Christians say, """
92,root,sbH,سبح,,"And [mention, O Muhammad], when your Lord said to the angels, ""Indeed, I will make upon the earth a successive authority."" They said, ""Will You place upon it one who causes corruption therein and sheds blood, while we declare Your praise and sanctify You?"" Allah said, ""Indeed, I know that which you "
92,root,sjd,سجد,,"And [mention] when We said to the angels, ""Prostrate before Adam""; so they prostrated, except for Iblees. He refused and was arrogant and became of the disbelievers. || And [mention] when We said to the angels, ""Prostrate before Adam""; so they prostrated, except for Iblees. He refused and was arroga"
92,root,lyl,ليل,,"And [recall] when We made an appointment with Moses for forty nights. Then you took [for worship] the calf after him, while you were wrongdoers. || Indeed, in the creation of the heavens and earth, and the alternation of the night and the day, and the [great] ships which sail through the sea with th"
88,lemma,$ayoTa`n,شَيْطَٰن,"PN:80,N:8","And when they meet those who believe, they say, ""We believe""; but when they are alone with their evil ones, they say, ""Indeed, we are with you; we were only mockers."" || But Satan caused them to slip out of it and removed them from that [condition] in which they had been. And We said, ""Go down, [all"
88,lemma,maval,مَثَل,"N:87,ADJ:1","Their example is that of one who kindled a fire, but when it illuminated what was around him, Allah took away their light and left them in darkness [so] they could not see. || Their example is that of one who kindled a fire, but when it illuminated what was around him, Allah took away their light an"
88,lemma,faEala,فَعَلَ,V:88,"But if you do not - and you will never be able to - then fear the Fire, whose fuel is men and stones, prepared for the disbelievers. || But if you do not - and you will never be able to - then fear the Fire, whose fuel is men and stones, prepared for the disbelievers."
88,lemma,malak,مَلَك,N:88,"And [mention, O Muhammad], when your Lord said to the angels, ""Indeed, I will make upon the earth a successive authority."" They said, ""Will You place upon it one who causes corruption therein and sheds blood, while we declare Your praise and sanctify You?"" Allah said, ""Indeed, I know that which you "
88,root,$Tn,شطن,,"And when they meet those who believe, they say, ""We believe""; but when they are alone with their evil ones, they say, ""Indeed, we are with you; we were only mockers."" || But Satan caused them to slip out of it and removed them from that [condition] in which they had been. And We said, ""Go down, [all"
88,root,qrA,قرا,,"The month of Ramadhan [is that] in which was revealed the Qur'an, a guidance for the people and clear proofs of guidance and criterion. So whoever sights [the new moon of] the month, let him fast it; and whoever is ill or on a journey - then an equal number of other days. Allah intends for you ease "
87,root,xld,خلد,,"And give good tidings to those who believe and do righteous deeds that they will have gardens [in Paradise] beneath which rivers flow. Whenever they are provided with a provision of fruit therefrom, they will say, ""This is what we were provided with before."" And it is given to them in likeness. And "
87,root,twb,توب,,"Then Adam received from his Lord [some] words, and He accepted his repentance. Indeed, it is He who is the Accepting of repentance, the Merciful. || Then Adam received from his Lord [some] words, and He accepted his repentance. Indeed, it is He who is the Accepting of repentance, the Merciful."
86,lemma,waliY~,وَلِىّ,N:86,"Do you not know that to Allah belongs the dominion of the heavens and the earth and [that] you have not besides Allah any protector or any helper? || And never will the Jews or the Christians approve of you until you follow their religion. Say, ""Indeed, the guidance of Allah is the [only] guidance."""
86,lemma,maAl,مَال,N:86,"And We will surely test you with something of fear and hunger and a loss of wealth and lives and fruits, but give good tidings to the patient, || Righteousness is not that you turn your faces toward the east or the west, but [true] righteousness is [in] one who believes in Allah, the Last Day, the a"
84,lemma,*akara,ذَكَرَ,V:84,"O Children of Israel, remember My favor which I have bestowed upon you and fulfill My covenant [upon you] that I will fulfill your covenant [from Me], and be afraid of [only] Me. || O Children of Israel, remember My favor that I have bestowed upon you and that I preferred you over the worlds."
84,lemma,faDol,فَضْل,N:84,"Then you turned away after that. And if not for the favor of Allah upon you and His mercy, you would have been among the losers. || How wretched is that for which they sold themselves - that they would disbelieve in what Allah has revealed through [their] outrage that Allah would send down His favor"
84,lemma,layol,لَيْل,"N:82,T:2","Indeed, in the creation of the heavens and earth, and the alternation of the night and the day, and the [great] ships which sail through the sea with that which benefits people, and what Allah has sent down from the heavens of rain, giving life thereby to the earth after its lifelessness and dispers"
83,lemma,Salaw`p,صَلَوٰة,N:83,"Who believe in the unseen, establish prayer, and spend out of what We have provided for them, || And establish prayer and give zakah and bow with those who bow [in worship and obedience]."
83,lemma,kayof,كَيْف,"INTG:80,N:3","How can you disbelieve in Allah when you were lifeless and He brought you to life; then He will cause you to die, then He will bring you [back] to life, and then to Him you will be returned. || Or [consider such an example] as the one who passed by a township which had fallen into ruin. He said, ""Ho"
83,lemma,qatala,قَتَلَ,V:83,"And [recall] when Moses said to his people, ""O my people, indeed you have wronged yourselves by your taking of the calf [for worship]. So repent to your Creator and kill yourselves. That is best for [all of] you in the sight of your Creator."" Then He accepted your repentance; indeed, He is the Accep"
83,lemma,xaAfa,خَافَ,V:83,"But if one fears from the bequeather [some] error or sin and corrects that which is between them, there is no sin upon him. Indeed, Allah is Forgiving and Merciful. || Divorce is twice. Then, either keep [her] in an acceptable manner or release [her] with good treatment. And it is not lawful for you"
83,root,swy,سوي,,"Indeed, those who disbelieve - it is all the same for them whether you warn them or do not warn them - they will not believe. || It is He who created for you all of that which is on the earth. Then He directed Himself to the heaven, [His being above all creation], and made them seven heavens, and He"
83,root,kyf,كيف,,"How can you disbelieve in Allah when you were lifeless and He brought you to life; then He will cause you to die, then He will bring you [back] to life, and then to Him you will be returned. || Or [consider such an example] as the one who passed by a township which had fallen into ruin. He said, ""Ho"
83,root,Hrm,حرم,,"Then, you are those [same ones who are] killing one another and evicting a party of your people from their homes, cooperating against them in sin and aggression. And if they come to you as captives, you ransom them, although their eviction was forbidden to you. So do you believe in part of the Scrip"
80,lemma,bunaY~,بُنَىّ,N:80,"O Children of Israel, remember My favor which I have bestowed upon you and fulfill My covenant [upon you] that I will fulfill your covenant [from Me], and be afraid of [only] Me. || O Children of Israel, remember My favor that I have bestowed upon you and that I preferred you over the worlds."
80,lemma,>akovar,أَكْثَر,"N:78,ADJ:2","Is it not [true] that every time they took a covenant a party of them threw it away? But, [in fact], most of them do not believe. || Have you not considered those who left their homes in many thousands, fearing death? Allah said to them, ""Die""; then He restored them to life. And Allah is full of bou"
78,lemma,>aSoHa`b,أَصْحَٰب,N:78,"And those who disbelieve and deny Our signs - those will be companions of the Fire; they will abide therein eternally."" || Yes, whoever earns evil and his sin has encompassed him - those are the companions of the Fire; they will abide therein eternally."
78,lemma,tawal~aY`,تَوَلَّىٰ,V:78,"Then you turned away after that. And if not for the favor of Allah upon you and His mercy, you would have been among the losers. || And [recall] when We took the covenant from the Children of Israel, [enjoining upon them], ""Do not worship except Allah; and to parents do good and to relatives, orphan"
78,lemma,samiEa,سَمِعَ,V:78,"Do you covet [the hope, O believers], that they would believe for you while a party of them used to hear the words of Allah and then distort the Torah after they had understood it while they were knowing? || And [recall] when We took your covenant and raised over you the mount, [saying], ""Take what "
78,root,wjh,وجه,,"Yes [on the contrary], whoever submits his face in Islam to Allah while being a doer of good will have his reward with his Lord. And no fear will there be concerning them, nor will they grieve. || And to Allah belongs the east and the west. So wherever you [might] turn, there is the Face of Allah. I"
78,root,wHy,وحي,,"That is from the news of the unseen which We reveal to you, [O Muhammad]. And you were not with them when they cast their pens as to which of them should be responsible for Mary. Nor were you with them when they disputed. || Indeed, We have revealed to you, [O Muhammad], as We revealed to Noah and t"
77,lemma,>amara,أَمَرَ,V:77,Who break the covenant of Allah after contracting it and sever that which Allah has ordered to be joined and cause corruption on earth. It is those who are the losers. || Do you order righteousness of the people and forget yourselves while you recite the Scripture? Then will you not reason?
77,lemma,jahan~am,جَهَنَّم,PN:77,"And when it is said to him, ""Fear Allah,"" pride in the sin takes hold of him. Sufficient for him is Hellfire, and how wretched is the resting place. || Say to those who disbelieve, ""You will be overcome and gathered together to Hell, and wretched is the resting place."""
77,root,Swb,صوب,,"Or [it is] like a rainstorm from the sky within which is darkness, thunder and lightning. They put their fingers in their ears against the thunderclaps in dread of death. But Allah is encompassing of the disbelievers. || Who, when disaster strikes them, say, ""Indeed we belong to Allah, and indeed to"
77,root,blg,بلغ,,"And complete the Hajj and 'umrah for Allah. But if you are prevented, then [offer] what can be obtained with ease of sacrificial animals. And do not shave your heads until the sacrificial animal has reached its place of slaughter. And whoever among you is ill or has an ailment of the head [making sh"
76,lemma,zawoj,زَوْج,N:76,"And give good tidings to those who believe and do righteous deeds that they will have gardens [in Paradise] beneath which rivers flow. Whenever they are provided with a provision of fruit therefrom, they will say, ""This is what we were provided with before."" And it is given to them in likeness. And "
76,lemma,daxala,دَخَلَ,V:76,"And [recall] when We said, ""Enter this city and eat from it wherever you will in [ease and] abundance, and enter the gate bowing humbly and say, 'Relieve us of our burdens.' We will [then] forgive your sins for you, and We will increase the doers of good [in goodness and reward]."" || And [recall] wh"
76,lemma,Hayaw`p,حَيَوٰة,N:76,"Then, you are those [same ones who are] killing one another and evicting a party of your people from their homes, cooperating against them in sin and aggression. And if they come to you as captives, you ransom them, although their eviction was forbidden to you. So do you believe in part of the Scrip"
76,lemma,*ikor,ذِكْر,N:76,"And when you have completed your rites, remember Allah like your [previous] remembrance of your fathers or with [much] greater remembrance. And among the people is he who says, ""Our Lord, give us in this world,"" and he will have in the Hereafter no share. || And when you have completed your rites, r"
75,lemma,mivol,مِثْل,N:75,"And if you are in doubt about what We have sent down upon Our Servant [Muhammad], then produce a surah the like thereof and call upon your witnesses other than Allah, if you should be truthful. || We do not abrogate a verse or cause it to be forgotten except that We bring forth [one] better than it "
75,lemma,n~abiY~,نَّبِىّ,N:75,"And [recall] when you said, ""O Moses, we can never endure one [kind of] food. So call upon your Lord to bring forth for us from the earth its green herbs and its cucumbers and its garlic and its lentils and its onions."" [Moses] said, ""Would you exchange what is better for what is less? Go into [any]"
75,lemma,lawolaA^,لَوْلَا^,"EXH:40,COND:35","Then you turned away after that. And if not for the favor of Allah upon you and His mercy, you would have been among the losers. || Those who do not know say, ""Why does Allah not speak to us or there come to us a sign?"" Thus spoke those before them like their words. Their hearts resemble each other."
75,lemma,>ax,أَخ,N:75,"O you who have believed, prescribed for you is legal retribution for those murdered - the free for the free, the slave for the slave, and the female for the female. But whoever overlooks from his brother anything, then there should be a suitable follow-up and payment to him with good conduct. This i"
75,root,Alm,الم,,"In their hearts is disease, so Allah has increased their disease; and for them is a painful punishment because they [habitually] used to lie. || O you who have believed, say not [to Allah 's Messenger], ""Ra'ina"" but say, ""Unthurna"" and listen. And for the disbelievers is a painful punishment."
75,root,klm,كلم,,"Then Adam received from his Lord [some] words, and He accepted his repentance. Indeed, it is He who is the Accepting of repentance, the Merciful. || Do you covet [the hope, O believers], that they would believe for you while a party of them used to hear the words of Allah and then distort the Torah "
75,root,$kr,شكر,,Then We forgave you after that so perhaps you would be grateful. || Then We revived you after your death that perhaps you would be grateful.
74,lemma,xa`lid,خَٰلِد,N:74,"And give good tidings to those who believe and do righteous deeds that they will have gardens [in Paradise] beneath which rivers flow. Whenever they are provided with a provision of fruit therefrom, they will say, ""This is what we were provided with before."" And it is given to them in likeness. And "
74,lemma,firoEawon,فِرْعَوْن,PN:74,"And [recall] when We saved your forefathers from the people of Pharaoh, who afflicted you with the worst torment, slaughtering your [newborn] sons and keeping your females alive. And in that was a great trial from your Lord. || And [recall] when We parted the sea for you and saved you and drowned th"
74,lemma,>aHad,أَحَد,N:74,"And you will surely find them the most greedy of people for life - [even] more than those who associate others with Allah. One of them wishes that he could be granted life a thousand years, but it would not remove him in the least from the [coming] punishment that he should be granted life. And Alla"
73,lemma,Ea`lamiyn,عَٰلَمِين,N:73,"[All] praise is [due] to Allah, Lord of the worlds - || O Children of Israel, remember My favor that I have bestowed upon you and that I preferred you over the worlds."
73,lemma,la`kin,لَٰكِن,"AMD:65,ACC:8","Unquestionably, it is they who are the corrupters, but they perceive [it] not. || And when it is said to them, ""Believe as the people have believed,"" they say, ""Should we believe as the foolish have believed?"" Unquestionably, it is they who are the foolish, but they know [it] not."
73,lemma,jazaY`,جَزَىٰ,V:73,"And fear a Day when no soul will suffice for another soul at all, nor will intercession be accepted from it, nor will compensation be taken from it, nor will they be aided. || And fear a Day when no soul will suffice for another soul at all, and no compensation will be accepted from it, nor will any"
73,root,bAs,باس,,How wretched is that for which they sold themselves - that they would disbelieve in what Allah has revealed through [their] outrage that Allah would send down His favor upon whom He wills from among His servants. So they returned having [earned] wrath upon wrath. And for the disbelievers is a humili
73,root,rDw,رضو,,"And never will the Jews or the Christians approve of you until you follow their religion. Say, ""Indeed, the guidance of Allah is the [only] guidance."" If you were to follow their desires after what has come to you of knowledge, you would have against Allah no protector or helper. || We have certainl"
73,root,byt,بيت,,"And [mention] when We made the House a place of return for the people and [a place of] security. And take, [O believers], from the standing place of Abraham a place of prayer. And We charged Abraham and Ishmael, [saying], ""Purify My House for those who perform Tawaf and those who are staying [there]"
73,root,rjl,رجل,,"Divorced women remain in waiting for three periods, and it is not lawful for them to conceal what Allah has created in their wombs if they believe in Allah and the Last Day. And their husbands have more right to take them back in this [period] if they want reconciliation. And due to the wives is sim"
73,root,gny,غني,,"Kind speech and forgiveness are better than charity followed by injury. And Allah is Free of need and Forbearing. || O you who have believed, spend from the good things which you have earned and from that which We have produced for you from the earth. And do not aim toward the defective therefrom, s"
72,lemma,>aliym,أَلِيم,ADJ:72,"In their hearts is disease, so Allah has increased their disease; and for them is a painful punishment because they [habitually] used to lie. || O you who have believed, say not [to Allah 's Messenger], ""Ra'ina"" but say, ""Unthurna"" and listen. And for the disbelievers is a painful punishment."
72,lemma,wajoh,وَجْه,"N:71,T:1","Yes [on the contrary], whoever submits his face in Islam to Allah while being a doer of good will have his reward with his Lord. And no fear will there be concerning them, nor will they grieve. || And to Allah belongs the east and the west. So wherever you [might] turn, there is the Face of Allah. I"
72,lemma,>aTaAEa,أَطَاعَ,V:72,"The Messenger has believed in what was revealed to him from his Lord, and [so have] the believers. All of them have believed in Allah and His angels and His books and His messengers, [saying], ""We make no distinction between any of His messengers."" And they say, ""We hear and we obey. [We seek] Your "
72,lemma,>awoHaY`^,أَوْحَىٰ^,V:72,"That is from the news of the unseen which We reveal to you, [O Muhammad]. And you were not with them when they cast their pens as to which of them should be responsible for Mary. Nor were you with them when they disputed. || Indeed, We have revealed to you, [O Muhammad], as We revealed to Noah and t"
71,lemma,<insa`n,إِنسَٰن,N:71,"And [recall] when Moses prayed for water for his people, so We said, ""Strike with your staff the stone."" And there gushed forth from it twelve springs, and every people knew its watering place. ""Eat and drink from the provision of Allah, and do not commit abuse on the earth, spreading corruption."" |"
71,lemma,bay~inap,بَيِّنَة,"N:55,ADJ:16","And We did certainly give Moses the Torah and followed up after him with messengers. And We gave Jesus, the son of Mary, clear proofs and supported him with the Pure Spirit. But is it [not] that every time a messenger came to you, [O Children of Israel], with what your souls did not desire, you were"
71,lemma,>a$oraka,أَشْرَكَ,V:71,"And you will surely find them the most greedy of people for life - [even] more than those who associate others with Allah. One of them wishes that he could be granted life a thousand years, but it would not remove him in the least from the [coming] punishment that he should be granted life. And Alla"
71,lemma,Eamal,عَمَل,N:71,"Say, [O Muhammad], ""Do you argue with us about Allah while He is our Lord and your Lord? For us are our deeds, and for you are your deeds. And we are sincere [in deed and intention] to Him."" || Say, [O Muhammad], ""Do you argue with us about Allah while He is our Lord and your Lord? For us are our de"
71,lemma,>aloqaY`^,أَلْقَىٰ^,V:71,"And spend in the way of Allah and do not throw [yourselves] with your [own] hands into destruction [by refraining]. And do good; indeed, Allah loves the doers of good. || That is from the news of the unseen which We reveal to you, [O Muhammad]. And you were not with them when they cast their pens as"
70,lemma,qaliyl,قَلِيل,"N:43,ADJ:27","And believe in what I have sent down confirming that which is [already] with you, and be not the first to disbelieve in it. And do not exchange My signs for a small price, and fear [only] Me. || So woe to those who write the ""scripture"" with their own hands, then say, ""This is from Allah,"" in order "
70,lemma,qiya`map,قِيَٰمَة,N:70,"Then, you are those [same ones who are] killing one another and evicting a party of your people from their homes, cooperating against them in sin and aggression. And if they come to you as captives, you ransom them, although their eviction was forbidden to you. So do you believe in part of the Scrip"
70,lemma,A^xar,ا^خَر,"N:44,ADJ:26","[Fasting for] a limited number of days. So whoever among you is ill or on a journey [during them] - then an equal number of days [are to be made up]. And upon those who are able [to fast, but with hardship] - a ransom [as substitute] of feeding a poor person [each day]. And whoever volunteers excess"
70,lemma,quro'aAn,قُرْءَان,"PN:68,N:2","The month of Ramadhan [is that] in which was revealed the Qur'an, a guidance for the people and clear proofs of guidance and criterion. So whoever sights [the new moon of] the month, let him fast it; and whoever is ill or on a journey - then an equal number of other days. Allah intends for you ease "
70,lemma,waEada,وَعَدَ,V:70,"Satan threatens you with poverty and orders you to immorality, while Allah promises you forgiveness from Him and bounty. And Allah is all-Encompassing and Knowing. || Satan threatens you with poverty and orders you to immorality, while Allah promises you forgiveness from Him and bounty. And Allah is"
70,lemma,yawoma}i*,يَوْمَئِذ,T:70,"And that He might make evident those who are hypocrites. For it was said to them, ""Come, fight in the way of Allah or [at least] defend."" They said, ""If we had known [there would be] fighting, we would have followed you."" They were nearer to disbelief that day than to faith, saying with their mouths"
70,root,mtE,متع,,"But Satan caused them to slip out of it and removed them from that [condition] in which they had been. And We said, ""Go down, [all of you], as enemies to one another, and you will have upon the earth a place of settlement and provision for a time."" || And [mention] when Abraham said, ""My Lord, make "
70,root,Erf,عرف,,"And when there came to them a Book from Allah confirming that which was with them - although before they used to pray for victory against those who disbelieved - but [then] when there came to them that which they recognized, they disbelieved in it; so the curse of Allah will be upon the disbelievers"
70,root,Elw,علو,,"Allah - there is no deity except Him, the Ever-Living, the Sustainer of [all] existence. Neither drowsiness overtakes Him nor sleep. To Him belongs whatever is in the heavens and whatever is on the earth. Who is it that can intercede with Him except by His permission? He knows what is [presently] be"
70,root,wkl,وكل,,"When two parties among you were about to lose courage, but Allah was their ally; and upon Allah the believers should rely. || So by mercy from Allah, [O Muhammad], you were lenient with them. And if you had been rude [in speech] and harsh in heart, they would have disbanded from about you. So pardon"
69,root,skn,سكن,,"And We said, ""O Adam, dwell, you and your wife, in Paradise and eat therefrom in [ease and] abundance from wherever you will. But do not approach this tree, lest you be among the wrongdoers."" || And [recall] when you said, ""O Moses, we can never endure one [kind of] food. So call upon your Lord to b"
69,root,Znn,ظنن,,"Who are certain that they will meet their Lord and that they will return to Him. || And among them are unlettered ones who do not know the Scripture except in wishful thinking, but they are only assuming."
68,root,wHd,وحد,,"And [recall] when you said, ""O Moses, we can never endure one [kind of] food. So call upon your Lord to bring forth for us from the earth its green herbs and its cucumbers and its garlic and its lentils and its onions."" [Moses] said, ""Would you exchange what is better for what is less? Go into [any]"
68,root,hlk,هلك,,"And spend in the way of Allah and do not throw [yourselves] with your [own] hands into destruction [by refraining]. And do good; indeed, Allah loves the doers of good. || And when he goes away, he strives throughout the land to cause corruption therein and destroy crops and animals. And Allah does n"
67,root,bEv,بعث,,"Then We revived you after your death that perhaps you would be grateful. || Our Lord, and send among them a messenger from themselves who will recite to them Your verses and teach them the Book and wisdom and purify them. Indeed, You are the Exalted in Might, the Wise."""
67,root,ksb,كسب,,"So woe to those who write the ""scripture"" with their own hands, then say, ""This is from Allah,"" in order to exchange it for a small price. Woe to them for what their hands have written and woe to them for what they earn. || Yes, whoever earns evil and his sin has encompassed him - those are the comp"
66,root,wfy,وفي,,"O Children of Israel, remember My favor which I have bestowed upon you and fulfill My covenant [upon you] that I will fulfill your covenant [from Me], and be afraid of [only] Me. || O Children of Israel, remember My favor which I have bestowed upon you and fulfill My covenant [upon you] that I will "
66,root,jrm,جرم,,"O you who have believed, do not violate the rites of Allah or [the sanctity of] the sacred month or [neglect the marking of] the sacrificial animals and garlanding [them] or [violate the safety of] those coming to the Sacred House seeking bounty from their Lord and [His] approval. But when you come "
65,lemma,gafara,غَفَرَ,V:65,"And [recall] when We said, ""Enter this city and eat from it wherever you will in [ease and] abundance, and enter the gate bowing humbly and say, 'Relieve us of our burdens.' We will [then] forgive your sins for you, and We will increase the doers of good [in goodness and reward]."" || To Allah belong"
65,lemma,Sa`liH,صَٰلِح,"N:60,ADJ:5","Indeed, those who believed and those who were Jews or Christians or Sabeans [before Prophet Muhammad] - those [among them] who believed in Allah and the Last Day and did righteousness - will have their reward with their Lord, and no fear will there be concerning them, nor will they grieve. || And wh"
65,lemma,bayot,بَيْت,N:65,"And [mention] when We made the House a place of return for the people and [a place of] security. And take, [O believers], from the standing place of Abraham a place of prayer. And We charged Abraham and Ishmael, [saying], ""Purify My House for those who perform Tawaf and those who are staying [there]"
65,lemma,yamiyn,يَمِين,N:65,"And do not make [your oath by] Allah an excuse against being righteous and fearing Allah and making peace among people. And Allah is Hearing and Knowing. || Allah does not impose blame upon you for what is unintentional in your oaths, but He imposes blame upon you for what your hearts have earned. A"
65,root,xsr,خسر,,"Who break the covenant of Allah after contracting it and sever that which Allah has ordered to be joined and cause corruption on earth. It is those who are the losers. || Then you turned away after that. And if not for the favor of Allah upon you and His mercy, you would have been among the losers."
65,root,Eyn,عين,,"And [recall] when Moses prayed for water for his people, so We said, ""Strike with your staff the stone."" And there gushed forth from it twelve springs, and every people knew its watering place. ""Eat and drink from the provision of Allah, and do not commit abuse on the earth, spreading corruption."" |"
64,lemma,>aDal~a,أَضَلَّ,V:64,"Indeed, Allah is not timid to present an example - that of a mosquito or what is smaller than it. And those who have believed know that it is the truth from their Lord. But as for those who disbelieve, they say, ""What did Allah intend by this as an example?"" He misleads many thereby and guides many "
64,lemma,>um~ap,أُمَّة,N:64,"Our Lord, and make us Muslims [in submission] to You and from our descendants a Muslim nation [in submission] to You. And show us our rites and accept our repentance. Indeed, You are the Accepting of repentance, the Merciful. || That was a nation which has passed on. It will have [the consequence of"
64,lemma,A^baA',ا^بَاء,N:64,"Or were you witnesses when death approached Jacob, when he said to his sons, ""What will you worship after me?"" They said, ""We will worship your God and the God of your fathers, Abraham and Ishmael and Isaac - one God. And we are Muslims [in submission] to Him."" || And when it is said to them, ""Follo"
64,lemma,>aSaAba,أَصَابَ,V:64,"Who, when disaster strikes them, say, ""Indeed we belong to Allah, and indeed to Him we will return."" || O you who have believed, do not invalidate your charities with reminders or injury as does one who spends his wealth [only] to be seen by the people and does not believe in Allah and the Last Day."
64,lemma,>aHobabo,أَحْبَبْ,V:64,"And [yet], among the people are those who take other than Allah as equals [to Him]. They love them as they [should] love Allah. But those who believe are stronger in love for Allah. And if only they who have wronged would consider [that] when they see the punishment, [they will be certain] that all "
64,root,jry,جري,,"And give good tidings to those who believe and do righteous deeds that they will have gardens [in Paradise] beneath which rivers flow. Whenever they are provided with a provision of fruit therefrom, they will say, ""This is what we were provided with before."" And it is given to them in likeness. And "
64,root,Hml,حمل,,"And their prophet said to them, ""Indeed, a sign of his kingship is that the chest will come to you in which is assurance from your Lord and a remnant of what the family of Moses and the family of Aaron had left, carried by the angels. Indeed in that is a sign for you, if you are believers."" || Allah"
63,lemma,maA^',مَا^ء,N:63,"[He] who made for you the earth a bed [spread out] and the sky a ceiling and sent down from the sky, rain and brought forth thereby fruits as provision for you. So do not attribute to Allah equals while you know [that there is nothing similar to Him]. || Then your hearts became hardened after that, "
63,lemma,kaviyr,كَثِير,"N:42,ADJ:21","Indeed, Allah is not timid to present an example - that of a mosquito or what is smaller than it. And those who have believed know that it is the truth from their Lord. But as for those who disbelieve, they say, ""What did Allah intend by this as an example?"" He misleads many thereby and guides many "
63,lemma,taAba,تَابَ,V:63,"Then Adam received from his Lord [some] words, and He accepted his repentance. Indeed, it is He who is the Accepting of repentance, the Merciful. || And [recall] when Moses said to his people, ""O my people, indeed you have wronged yourselves by your taking of the calf [for worship]. So repent to you"
63,lemma,{bon,ٱبْن,N:63,"And [recall] when We saved your forefathers from the people of Pharaoh, who afflicted you with the worst torment, slaughtering your [newborn] sons and keeping your females alive. And in that was a great trial from your Lord. || And We did certainly give Moses the Torah and followed up after him with"
63,root,Hmd,حمد,,"[All] praise is [due] to Allah, Lord of the worlds - || And [mention, O Muhammad], when your Lord said to the angels, ""Indeed, I will make upon the earth a successive authority."" They said, ""Will You place upon it one who causes corruption therein and sheds blood, while we declare Your praise and sa"
63,root,mwh,موه,,"[He] who made for you the earth a bed [spread out] and the sky a ceiling and sent down from the sky, rain and brought forth thereby fruits as provision for you. So do not attribute to Allah equals while you know [that there is nothing similar to Him]. || Then your hearts became hardened after that, "
63,root,tlw,تلو,,"Do you order righteousness of the people and forget yourselves while you recite the Scripture? Then will you not reason? || And they followed [instead] what the devils had recited during the reign of Solomon. It was not Solomon who disbelieved, but the devils disbelieved, teaching people magic and t"
63,root,sHr,سحر,,"And they followed [instead] what the devils had recited during the reign of Solomon. It was not Solomon who disbelieved, but the devils disbelieved, teaching people magic and that which was revealed to the two angels at Babylon, Harut and Marut. But the two angels do not teach anyone unless they say"
63,root,qDy,قضي,,"Originator of the heavens and the earth. When He decrees a matter, He only says to it, ""Be,"" and it is. || And when you have completed your rites, remember Allah like your [previous] remembrance of your fathers or with [much] greater remembrance. And among the people is he who says, ""Our Lord, give "
63,root,Ewd,عود,,"Those who consume interest cannot stand [on the Day of Resurrection] except as one stands who is being beaten by Satan into insanity. That is because they say, ""Trade is [just] like interest."" But Allah has permitted trade and has forbidden interest. So whoever has received an admonition from his Lo"
63,root,*wq,ذوق,,"On the Day [some] faces will turn white and [some] faces will turn black. As for those whose faces turn black, [to them it will be said], ""Did you disbelieve after your belief? Then taste the punishment for what you used to reject."" || Allah has certainly heard the statement of those [Jews] who said"
62,lemma,naz~ala,نَزَّلَ,V:62,"And if you are in doubt about what We have sent down upon Our Servant [Muhammad], then produce a surah the like thereof and call upon your witnesses other than Allah, if you should be truthful. || How wretched is that for which they sold themselves - that they would disbelieve in what Allah has reve"
62,lemma,S~a`liHa`t,صَّٰلِحَٰت,N:62,"And give good tidings to those who believe and do righteous deeds that they will have gardens [in Paradise] beneath which rivers flow. Whenever they are provided with a provision of fruit therefrom, they will say, ""This is what we were provided with before."" And it is given to them in likeness. And "
62,lemma,kasaba,كَسَبَ,V:62,"So woe to those who write the ""scripture"" with their own hands, then say, ""This is from Allah,"" in order to exchange it for a small price. Woe to them for what their hands have written and woe to them for what they earn. || Yes, whoever earns evil and his sin has encompassed him - those are the comp"
61,lemma,razaqa,رَزَقَ,V:61,"Who believe in the unseen, establish prayer, and spend out of what We have provided for them, || And give good tidings to those who believe and do righteous deeds that they will have gardens [in Paradise] beneath which rivers flow. Whenever they are provided with a provision of fruit therefrom, they"
61,lemma,talaY`,تَلَىٰ,V:61,"Do you order righteousness of the people and forget yourselves while you recite the Scripture? Then will you not reason? || And they followed [instead] what the devils had recited during the reign of Solomon. It was not Solomon who disbelieved, but the devils disbelieved, teaching people magic and t"
61,root,zyd,زيد,,"In their hearts is disease, so Allah has increased their disease; and for them is a painful punishment because they [habitually] used to lie. || And [recall] when We said, ""Enter this city and eat from it wherever you will in [ease and] abundance, and enter the gate bowing humbly and say, 'Relieve u"
61,root,mss,مسس,,"And they say, ""Never will the Fire touch us, except for a few days."" Say, ""Have you taken a covenant with Allah? For Allah will never break His covenant. Or do you say about Allah that which you do not know?"" || Or do you think that you will enter Paradise while such [trial] has not yet come to you "
60,root,gyb,غيب,,"Who believe in the unseen, establish prayer, and spend out of what We have provided for them, || He said, ""O Adam, inform them of their names."" And when he had informed them of their names, He said, ""Did I not tell you that I know the unseen [aspects] of the heavens and the earth? And I know what yo"
60,root,ftn,فتن,,"And they followed [instead] what the devils had recited during the reign of Solomon. It was not Solomon who disbelieved, but the devils disbelieved, teaching people magic and that which was revealed to the two angels at Babylon, Harut and Marut. But the two angels do not teach anyone unless they say"
60,root,fry,فري,,"That is because they say, ""Never will the Fire touch us except for [a few] numbered days,"" and [because] they were deluded in their religion by what they were inventing. || And whoever invents about Allah untruth after that - then those are [truly] the wrongdoers."
59,lemma,SaAdiq,صَادِق,N:59,"And if you are in doubt about what We have sent down upon Our Servant [Muhammad], then produce a surah the like thereof and call upon your witnesses other than Allah, if you should be truthful. || And He taught Adam the names - all of them. Then He showed them to the angels and said, ""Inform Me of t"
59,lemma,naSara,نَصَرَ,V:59,"And fear a Day when no soul will suffice for another soul at all, nor will intercession be accepted from it, nor will compensation be taken from it, nor will they be aided. || Those are the ones who have bought the life of this world [in exchange] for the Hereafter, so the punishment will not be lig"
59,lemma,nisaA^',نِسَا^ء,N:59,"And [recall] when We saved your forefathers from the people of Pharaoh, who afflicted you with the worst torment, slaughtering your [newborn] sons and keeping your females alive. And in that was a great trial from your Lord. || It has been made permissible for you the night preceding fasting to go t"
59,lemma,qaDaY`^,قَضَىٰ^,V:59,"Originator of the heavens and the earth. When He decrees a matter, He only says to it, ""Be,"" and it is. || And when you have completed your rites, remember Allah like your [previous] remembrance of your fathers or with [much] greater remembrance. And among the people is he who says, ""Our Lord, give "
59,root,zkw,زكو,,"And establish prayer and give zakah and bow with those who bow [in worship and obedience]. || And [recall] when We took the covenant from the Children of Israel, [enjoining upon them], ""Do not worship except Allah; and to parents do good and to relatives, orphans, and the needy. And speak to people "
59,root,nsw,نسو,,"And [recall] when We saved your forefathers from the people of Pharaoh, who afflicted you with the worst torment, slaughtering your [newborn] sons and keeping your females alive. And in that was a great trial from your Lord. || It has been made permissible for you the night preceding fasting to go t"
59,root,Zhr,ظهر,,"Then, you are those [same ones who are] killing one another and evicting a party of your people from their homes, cooperating against them in sin and aggression. And if they come to you as captives, you ransom them, although their eviction was forbidden to you. So do you believe in part of the Scrip"
59,root,rdd,ردد,,"Then, you are those [same ones who are] killing one another and evicting a party of your people from their homes, cooperating against them in sin and aggression. And if they come to you as captives, you ransom them, although their eviction was forbidden to you. So do you believe in part of the Scrip"
58,lemma,Sabara,صَبَرَ,V:58,"And [recall] when you said, ""O Moses, we can never endure one [kind of] food. So call upon your Lord to bring forth for us from the earth its green herbs and its cucumbers and its garlic and its lentils and its onions."" [Moses] said, ""Would you exchange what is better for what is less? Go into [any]"
58,lemma,na*iyr,نَذِير,N:58,"Indeed, We have sent you, [O Muhammad], with the truth as a bringer of good tidings and a warner, and you will not be asked about the companions of Hellfire. || O People of the Scripture, there has come to you Our Messenger to make clear to you [the religion] after a period [of suspension] of messen"
57,lemma,r~aHoma`n,رَّحْمَٰن,"N:45,ADJ:12","In the name of Allah, the Entirely Merciful, the Especially Merciful. || The Entirely Merciful, the Especially Merciful,"
57,lemma,jarayo,جَرَيْ,V:57,"And give good tidings to those who believe and do righteous deeds that they will have gardens [in Paradise] beneath which rivers flow. Whenever they are provided with a provision of fruit therefrom, they will say, ""This is what we were provided with before."" And it is given to them in likeness. And "
57,lemma,qaroyap,قَرْيَة,N:57,"And [recall] when We said, ""Enter this city and eat from it wherever you will in [ease and] abundance, and enter the gate bowing humbly and say, 'Relieve us of our burdens.' We will [then] forgive your sins for you, and We will increase the doers of good [in goodness and reward]."" || Or [consider su"
57,lemma,Eayon,عَيْن,N:57,"And [recall] when Moses prayed for water for his people, so We said, ""Strike with your staff the stone."" And there gushed forth from it twelve springs, and every people knew its watering place. ""Eat and drink from the provision of Allah, and do not commit abuse on the earth, spreading corruption."" |"
57,lemma,la`kin~,لَٰكِنّ,ACC:57,"And they followed [instead] what the devils had recited during the reign of Solomon. It was not Solomon who disbelieved, but the devils disbelieved, teaching people magic and that which was revealed to the two angels at Babylon, Harut and Marut. But the two angels do not teach anyone unless they say"
57,lemma,nahaAr,نَهَار,"N:56,T:1","Indeed, in the creation of the heavens and earth, and the alternation of the night and the day, and the [great] ships which sail through the sea with that which benefits people, and what Allah has sent down from the heavens of rain, giving life thereby to the earth after its lifelessness and dispers"
57,root,Edd,عدد,,"But if you do not - and you will never be able to - then fear the Fire, whose fuel is men and stones, prepared for the disbelievers. || And they say, ""Never will the Fire touch us, except for a few days."" Say, ""Have you taken a covenant with Allah? For Allah will never break His covenant. Or do you "
57,root,qry,قري,,"And [recall] when We said, ""Enter this city and eat from it wherever you will in [ease and] abundance, and enter the gate bowing humbly and say, 'Relieve us of our burdens.' We will [then] forgive your sins for you, and We will increase the doers of good [in goodness and reward]."" || Or [consider su"
57,root,rwH,روح,,"And We did certainly give Moses the Torah and followed up after him with messengers. And We gave Jesus, the son of Mary, clear proofs and supported him with the Pure Spirit. But is it [not] that every time a messenger came to you, [O Children of Israel], with what your souls did not desire, you were"
56,lemma,$ahiyd,شَهِيد,"N:40,ADJ:16","And if you are in doubt about what We have sent down upon Our Servant [Muhammad], then produce a surah the like thereof and call upon your witnesses other than Allah, if you should be truthful. || Or were you witnesses when death approached Jacob, when he said to his sons, ""What will you worship aft"
56,lemma,mas~a,مَسَّ,V:56,"And they say, ""Never will the Fire touch us, except for a few days."" Say, ""Have you taken a covenant with Allah? For Allah will never break His covenant. Or do you say about Allah that which you do not know?"" || Or do you think that you will enter Paradise while such [trial] has not yet come to you "
56,lemma,walad,وَلَد,N:56,"They say, ""Allah has taken a son."" Exalted is He! Rather, to Him belongs whatever is in the heavens and the earth. All are devoutly obedient to Him, || Mothers may breastfeed their children two complete years for whoever wishes to complete the nursing [period]. Upon the father is the mothers' provis"
56,lemma,$adiyd,شَدِيد,"ADJ:36,N:20","And [yet], among the people are those who take other than Allah as equals [to Him]. They love them as they [should] love Allah. But those who believe are stronger in love for Allah. And if only they who have wronged would consider [that] when they see the punishment, [they will be certain] that all "
56,root,*hb,ذهب,,"Their example is that of one who kindled a fire, but when it illuminated what was around him, Allah took away their light and left them in darkness [so] they could not see. || The lightning almost snatches away their sight. Every time it lights [the way] for them, they walk therein; but when darknes"
56,root,nhy,نهي,,"And if they cease, then indeed, Allah is Forgiving and Merciful. || Fight them until there is no [more] fitnah and [until] worship is [acknowledged to be] for Allah. But if they cease, then there is to be no aggression except against the oppressors."
56,root,Ajl,اجل,,"And when you divorce women and they have [nearly] fulfilled their term, either retain them according to acceptable terms or release them according to acceptable terms, and do not keep them, intending harm, to transgress [against them]. And whoever does that has certainly wronged himself. And do not "
55,lemma,rizoq,رِزْق,N:55,"[He] who made for you the earth a bed [spread out] and the sky a ceiling and sent down from the sky, rain and brought forth thereby fruits as provision for you. So do not attribute to Allah equals while you know [that there is nothing similar to Him]. || And give good tidings to those who believe an"
55,lemma,Daraba,ضَرَبَ,V:55,"Indeed, Allah is not timid to present an example - that of a mosquito or what is smaller than it. And those who have believed know that it is the truth from their Lord. But as for those who disbelieve, they say, ""What did Allah intend by this as an example?"" He misleads many thereby and guides many "
55,lemma,>am~aA,أَمَّا,"EXL:44,COND:11","Indeed, Allah is not timid to present an example - that of a mosquito or what is smaller than it. And those who have believed know that it is the truth from their Lord. But as for those who disbelieve, they say, ""What did Allah intend by this as an example?"" He misleads many thereby and guides many "
54,lemma,>aqaAma,أَقَامَ,V:54,"Who believe in the unseen, establish prayer, and spend out of what We have provided for them, || And establish prayer and give zakah and bow with those who bow [in worship and obedience]."
54,lemma,nahar,نَهَر,N:54,"And give good tidings to those who believe and do righteous deeds that they will have gardens [in Paradise] beneath which rivers flow. Whenever they are provided with a provision of fruit therefrom, they will say, ""This is what we were provided with before."" And it is given to them in likeness. And "
54,lemma,qa`tala,قَٰتَلَ,V:54,Fight in the way of Allah those who fight you but do not transgress. Indeed. Allah does not like transgressors. || Fight in the way of Allah those who fight you but do not transgress. Indeed. Allah does not like transgressors.
53,lemma,jamiyE,جَمِيع,N:53,"It is He who created for you all of that which is on the earth. Then He directed Himself to the heaven, [His being above all creation], and made them seven heavens, and He is Knowing of all things. || We said, ""Go down from it, all of you. And when guidance comes to you from Me, whoever follows My g"
53,lemma,xaraja,خَرَجَ,V:53,"Then your hearts became hardened after that, being like stones or even harder. For indeed, there are stones from which rivers burst forth, and there are some of them that split open and water comes out, and there are some of them that fall down for fear of Allah. And Allah is not unaware of what you"
53,lemma,Dal~a,ضَلَّ,V:53,"Or do you intend to ask your Messenger as Moses was asked before? And whoever exchanges faith for disbelief has certainly strayed from the soundness of the way. || O you who have believed, when you contract a debt for a specified term, write it down. And let a scribe write [it] between you in justic"
52,lemma,baEava,بَعَثَ,V:52,"Then We revived you after your death that perhaps you would be grateful. || Our Lord, and send among them a messenger from themselves who will recite to them Your verses and teach them the Book and wisdom and purify them. Indeed, You are the Exalted in Might, the Wise."""
52,lemma,xaloq,خَلْق,N:52,"Indeed, in the creation of the heavens and earth, and the alternation of the night and the day, and the [great] ships which sail through the sea with that which benefits people, and what Allah has sent down from the heavens of rain, giving life thereby to the earth after its lifelessness and dispers"
52,lemma,>ajal,أَجَل,N:52,"And when you divorce women and they have [nearly] fulfilled their term, either retain them according to acceptable terms or release them according to acceptable terms, and do not keep them, intending harm, to transgress [against them]. And whoever does that has certainly wronged himself. And do not "
52,lemma,mujorim,مُجْرِم,"N:44,ADJ:8","And thus do We detail the verses, and [thus] the way of the criminals will become evident. || And thus We have placed within every city the greatest of its criminals to conspire therein. But they conspire not except against themselves, and they perceive [it] not."
52,root,xbr,خبر,,"And those who are taken in death among you and leave wives behind - they, [the wives, shall] wait four months and ten [days]. And when they have fulfilled their term, then there is no blame upon you for what they do with themselves in an acceptable manner. And Allah is [fully] Acquainted with what y"
52,root,DEf,ضعف,,"Who is it that would loan Allah a goodly loan so He may multiply it for him many times over? And it is Allah who withholds and grants abundance, and to Him you will be returned. || Who is it that would loan Allah a goodly loan so He may multiply it for him many times over? And it is Allah who withho"
51,lemma,taHot,تَحْت,"N:48,LOC:3","And give good tidings to those who believe and do righteous deeds that they will have gardens [in Paradise] beneath which rivers flow. Whenever they are provided with a provision of fruit therefrom, they will say, ""This is what we were provided with before."" And it is given to them in likeness. And "
51,lemma,>aHoyaA,أَحْيَا,V:51,"How can you disbelieve in Allah when you were lifeless and He brought you to life; then He will cause you to die, then He will bring you [back] to life, and then to Him you will be returned. || How can you disbelieve in Allah when you were lifeless and He brought you to life; then He will cause you "
51,lemma,baSiyr,بَصِير,"N:31,ADJ:20","And you will surely find them the most greedy of people for life - [even] more than those who associate others with Allah. One of them wishes that he could be granted life a thousand years, but it would not remove him in the least from the [coming] punishment that he should be granted life. And Alla"
51,lemma,>aholaka,أَهْلَكَ,V:51,"And when he goes away, he strives throughout the land to cause corruption therein and destroy crops and animals. And Allah does not like corruption. || The example of what they spend in this worldly life is like that of a wind containing frost which strikes the harvest of a people who have wronged t"
51,lemma,ta*ak~ara,تَذَكَّرَ,V:51,"And do not marry polytheistic women until they believe. And a believing slave woman is better than a polytheist, even though she might please you. And do not marry polytheistic men [to your women] until they believe. And a believing slave is better than a polytheist, even though he might please you."
51,root,tHt,تحت,,"And give good tidings to those who believe and do righteous deeds that they will have gardens [in Paradise] beneath which rivers flow. Whenever they are provided with a provision of fruit therefrom, they will say, ""This is what we were provided with before."" And it is given to them in likeness. And "
51,root,Hll,حلل,,"O mankind, eat from whatever is on earth [that is] lawful and good and do not follow the footsteps of Satan. Indeed, he is to you a clear enemy. || It has been made permissible for you the night preceding fasting to go to your wives [for sexual relations]. They are clothing for you and you are cloth"
50,lemma,mawot,مَوْت,N:50,"Or [it is] like a rainstorm from the sky within which is darkness, thunder and lightning. They put their fingers in their ears against the thunderclaps in dread of death. But Allah is encompassing of the disbelievers. || Then We revived you after your death that perhaps you would be grateful."
50,lemma,Eaduw~,عَدُوّ,"N:49,ADJ:1","But Satan caused them to slip out of it and removed them from that [condition] in which they had been. And We said, ""Go down, [all of you], as enemies to one another, and you will have upon the earth a place of settlement and provision for a time."" || Say, ""Whoever is an enemy to Gabriel - it is [no"
50,lemma,niEomap,نِعْمَة,N:50,"O Children of Israel, remember My favor which I have bestowed upon you and fulfill My covenant [upon you] that I will fulfill your covenant [from Me], and be afraid of [only] Me. || O Children of Israel, remember My favor that I have bestowed upon you and that I preferred you over the worlds."
50,lemma,suw^',سُو^ء,N:50,"And [recall] when We saved your forefathers from the people of Pharaoh, who afflicted you with the worst torment, slaughtering your [newborn] sons and keeping your females alive. And in that was a great trial from your Lord. || He only orders you to evil and immorality and to say about Allah what yo"
50,lemma,{fotaraY`,ٱفْتَرَىٰ,V:50,"That is because they say, ""Never will the Fire touch us except for [a few] numbered days,"" and [because] they were deluded in their religion by what they were inventing. || And whoever invents about Allah untruth after that - then those are [truly] the wrongdoers."
50,root,fsd,فسد,,"And when it is said to them, ""Do not cause corruption on the earth,"" they say, ""We are but reformers."" || Unquestionably, it is they who are the corrupters, but they perceive [it] not."
50,root,Tyb,طيب,,"And We shaded you with clouds and sent down to you manna and quails, [saying], ""Eat from the good things with which We have provided you."" And they wronged Us not - but they were [only] wronging themselves. || O mankind, eat from whatever is on earth [that is] lawful and good and do not follow the f"
50,root,nfE,نفع,,"And they followed [instead] what the devils had recited during the reign of Solomon. It was not Solomon who disbelieved, but the devils disbelieved, teaching people magic and that which was revealed to the two angels at Babylon, Harut and Marut. But the two angels do not teach anyone unless they say"
49,lemma,mut~aqiyn,مُتَّقِين,N:49,"This is the Book about which there is no doubt, a guidance for those conscious of Allah - || And We made it a deterrent punishment for those who were present and those who succeeded [them] and a lesson for those who fear Allah."
49,lemma,gayob,غَيْب,N:49,"Who believe in the unseen, establish prayer, and spend out of what We have provided for them, || He said, ""O Adam, inform them of their names."" And when he had informed them of their names, He said, ""Did I not tell you that I know the unseen [aspects] of the heavens and the earth? And I know what yo"
49,lemma,zaAda,زَادَ,V:49,"In their hearts is disease, so Allah has increased their disease; and for them is a painful punishment because they [habitually] used to lie. || And [recall] when We said, ""Enter this city and eat from it wherever you will in [ease and] abundance, and enter the gate bowing humbly and say, 'Relieve u"
49,lemma,Eaqalu,عَقَلُ,V:49,"Do you order righteousness of the people and forget yourselves while you recite the Scripture? Then will you not reason? || So, We said, ""Strike the slain man with part of it."" Thus does Allah bring the dead to life, and He shows you His signs that you might reason."
49,lemma,kataba,كَتَبَ,V:49,"So woe to those who write the ""scripture"" with their own hands, then say, ""This is from Allah,"" in order to exchange it for a small price. Woe to them for what their hands have written and woe to them for what they earn. || So woe to those who write the ""scripture"" with their own hands, then say, ""T"
49,lemma,>aEolam,أَعْلَم,"N:33,ADJ:16","Or do you say that Abraham and Ishmael and Isaac and Jacob and the Descendants were Jews or Christians? Say, ""Are you more knowing or is Allah?"" And who is more unjust than one who conceals a testimony he has from Allah? And Allah is not unaware of what you do. || But when she delivered her, she sai"
49,lemma,waEod,وَعْد,N:49,And Allah had certainly fulfilled His promise to you when you were killing the enemy by His permission until [the time] when you lost courage and fell to disputing about the order [given by the Prophet] and disobeyed after He had shown you that which you love. Among you are some who desire this worl
49,root,Eql,عقل,,"Do you order righteousness of the people and forget yourselves while you recite the Scripture? Then will you not reason? || So, We said, ""Strike the slain man with part of it."" Thus does Allah bring the dead to life, and He shows you His signs that you might reason."
49,root,swE,سوع,,"Those will have lost who deny the meeting with Allah, until when the Hour [of resurrection] comes upon them unexpectedly, they will say, ""Oh, [how great is] our regret over what we neglected concerning it,"" while they bear their burdens on their backs. Unquestionably, evil is that which they bear. |"
48,lemma,baSar,بَصَر,N:48,"Allah has set a seal upon their hearts and upon their hearing, and over their vision is a veil. And for them is a great punishment. || The lightning almost snatches away their sight. Every time it lights [the way] for them, they walk therein; but when darkness comes over them, they stand [still]. An"
48,lemma,daAr,دَار,N:48,"And [recall] when We took your covenant, [saying], ""Do not shed each other's blood or evict one another from your homes."" Then you acknowledged [this] while you were witnessing. || Then, you are those [same ones who are] killing one another and evicting a party of your people from their homes, coope"
48,lemma,mulok,مُلْك,N:48,"And they followed [instead] what the devils had recited during the reign of Solomon. It was not Solomon who disbelieved, but the devils disbelieved, teaching people magic and that which was revealed to the two angels at Babylon, Harut and Marut. But the two angels do not teach anyone unless they say"
48,lemma,saAEap,سَاعَة,"N:47,T:1","Those will have lost who deny the meeting with Allah, until when the Hour [of resurrection] comes upon them unexpectedly, they will say, ""Oh, [how great is] our regret over what we neglected concerning it,"" while they bear their burdens on their backs. Unquestionably, evil is that which they bear. |"
48,root,TEm,طعم,,"And [recall] when you said, ""O Moses, we can never endure one [kind of] food. So call upon your Lord to bring forth for us from the earth its green herbs and its cucumbers and its garlic and its lentils and its onions."" [Moses] said, ""Would you exchange what is better for what is less? Go into [any]"
48,root,x$y,خشي,,"Then your hearts became hardened after that, being like stones or even harder. For indeed, there are stones from which rivers burst forth, and there are some of them that split open and water comes out, and there are some of them that fall down for fear of Allah. And Allah is not unaware of what you"
48,root,Avm,اثم,,"Then, you are those [same ones who are] killing one another and evicting a party of your people from their homes, cooperating against them in sin and aggression. And if they come to you as captives, you ransom them, although their eviction was forbidden to you. So do you believe in part of the Scrip"
48,root,qdm,قدم,,"But they will never wish for it, ever, because of what their hands have put forth. And Allah is Knowing of the wrongdoers. || And establish prayer and give zakah, and whatever good you put forward for yourselves - you will find it with Allah. Indeed, Allah of what you do, is Seeing."
47,lemma,Zan~a,ظَنَّ,V:47,"Who are certain that they will meet their Lord and that they will return to Him. || And among them are unlettered ones who do not know the Scripture except in wishful thinking, but they are only assuming."
47,lemma,samiyE,سَمِيع,"N:39,ADJ:8","And [mention] when Abraham was raising the foundations of the House and [with him] Ishmael, [saying], ""Our Lord, accept [this] from us. Indeed You are the Hearing, the Knowing. || So if they believe in the same as you believe in, then they have been [rightly] guided; but if they turn away, they are "
47,root,Ejl,عجل,,"And [recall] when We made an appointment with Moses for forty nights. Then you took [for worship] the calf after him, while you were wrongdoers. || And [recall] when Moses said to his people, ""O my people, indeed you have wronged yourselves by your taking of the calf [for worship]. So repent to your"
47,root,krm,كرم,,"If you avoid the major sins which you are forbidden, We will remove from you your lesser sins and admit you to a noble entrance [into Paradise]. || Those are the believers, truly. For them are degrees [of high position] with their Lord and forgiveness and noble provision."
46,lemma,$akara,شَكَرَ,V:46,Then We forgave you after that so perhaps you would be grateful. || Then We revived you after your death that perhaps you would be grateful.
46,lemma,nab~a>a,نَبَّأَ,V:46,"Say, ""Shall I inform you of [something] better than that? For those who fear Allah will be gardens in the presence of their Lord beneath which rivers flow, wherein they abide eternally, and purified spouses and approval from Allah. And Allah is Seeing of [His] servants - || And [make him] a messenge"
46,lemma,>abN,أَبٌ,N:46,"And [mention, O Muhammad], when Abraham said to his father Azar, ""Do you take idols as deities? Indeed, I see you and your people to be in manifest error."" || And the request of forgiveness of Abraham for his father was only because of a promise he had made to him. But when it became apparent to Abr"
46,root,Ehd,عهد,,"Who break the covenant of Allah after contracting it and sever that which Allah has ordered to be joined and cause corruption on earth. It is those who are the losers. || O Children of Israel, remember My favor which I have bestowed upon you and fulfill My covenant [upon you] that I will fulfill you"
46,root,zyn,زين,,"Beautified for those who disbelieve is the life of this world, and they ridicule those who believe. But those who fear Allah are above them on the Day of Resurrection. And Allah gives provision to whom He wills without account. || Beautified for people is the love of that which they desire - of wome"
46,root,Sdr,صدر,,"Say, ""Whether you conceal what is in your breasts or reveal it, Allah knows it. And He knows that which is in the heavens and that which is on the earth. And Allah is over all things competent. || O you who have believed, do not take as intimates those other than yourselves, for they will not spare "
45,lemma,Sira`T,صِرَٰط,N:45,"Guide us to the straight path - || The path of those upon whom You have bestowed favor, not of those who have evoked [Your] anger or of those who are astray."
45,lemma,qadiyr,قَدِير,"N:44,ADJ:1","The lightning almost snatches away their sight. Every time it lights [the way] for them, they walk therein; but when darkness comes over them, they stand [still]. And if Allah had willed, He could have taken away their hearing and their sight. Indeed, Allah is over all things competent. || We do not"
45,lemma,<iyma`n,إِيمَٰن,N:45,"And [recall] when We took your covenant and raised over you the mount, [saying], ""Take what We have given you with determination and listen."" They said [instead], ""We hear and disobey."" And their hearts absorbed [the worship of] the calf because of their disbelief. Say, ""How wretched is that which y"
45,lemma,Hakama,حَكَمَ,V:45,"The Jews say ""The Christians have nothing [true] to stand on,"" and the Christians say, ""The Jews have nothing to stand on,"" although they [both] recite the Scripture. Thus the polytheists speak the same as their words. But Allah will judge between them on the Day of Resurrection concerning that over"
45,lemma,>uwliY,أُولِى,N:45,"And there is for you in legal retribution [saving of] life, O you [people] of understanding, that you may become righteous. || Hajj is [during] well-known months, so whoever has made Hajj obligatory upon himself therein [by entering the state of ihram], there is [to be for him] no sexual relations a"
45,lemma,ya*ara,يَذَرَ,V:45,"And those who are taken in death among you and leave wives behind - they, [the wives, shall] wait four months and ten [days]. And when they have fulfilled their term, then there is no blame upon you for what they do with themselves in an acceptable manner. And Allah is [fully] Acquainted with what y"
45,lemma,xabiyr,خَبِير,"ADJ:23,N:22","And those who are taken in death among you and leave wives behind - they, [the wives, shall] wait four months and ten [days]. And when they have fulfilled their term, then there is no blame upon you for what they do with themselves in an acceptable manner. And Allah is [fully] Acquainted with what y"
45,root,SrT,صرط,,"Guide us to the straight path - || The path of those upon whom You have bestowed favor, not of those who have evoked [Your] anger or of those who are astray."
45,root,nsy,نسي,,Do you order righteousness of the people and forget yourselves while you recite the Scripture? Then will you not reason? || We do not abrogate a verse or cause it to be forgotten except that We bring forth [one] better than it or similar to it. Do you not know that Allah is over all things competent
45,root,w*r,وذر,,"And those who are taken in death among you and leave wives behind - they, [the wives, shall] wait four months and ten [days]. And when they have fulfilled their term, then there is no blame upon you for what they do with themselves in an acceptable manner. And Allah is [fully] Acquainted with what y"
45,root,SbH,صبح,,"And hold firmly to the rope of Allah all together and do not become divided. And remember the favor of Allah upon you - when you were enemies and He brought your hearts together and you became, by His favor, brothers. And you were on the edge of a pit of the Fire, and He saved you from it. Thus does"
44,lemma,>an*ara,أَنذَرَ,V:44,"Indeed, those who disbelieve - it is all the same for them whether you warn them or do not warn them - they will not believe. || Indeed, those who disbelieve - it is all the same for them whether you warn them or do not warn them - they will not believe."
44,lemma,$ahida,شَهِدَ,V:44,"And [recall] when We took your covenant, [saying], ""Do not shed each other's blood or evict one another from your homes."" Then you acknowledged [this] while you were witnessing. || The month of Ramadhan [is that] in which was revealed the Qur'an, a guidance for the people and clear proofs of guidanc"
44,lemma,mu$orik,مُشْرِك,N:44,"Neither those who disbelieve from the People of the Scripture nor the polytheists wish that any good should be sent down to you from your Lord. But Allah selects for His mercy whom He wills, and Allah is the possessor of great bounty. || They say, ""Be Jews or Christians [so] you will be guided."" Say"
44,lemma,Hasiba,حَسِبَ,V:44,"Or do you think that you will enter Paradise while such [trial] has not yet come to you as came to those who passed on before you? They were touched by poverty and hardship and were shaken until [even their] messenger and those who believed with him said, ""When is the help of Allah?"" Unquestionably,"
44,lemma,Sador,صَدْر,N:44,"Say, ""Whether you conceal what is in your breasts or reveal it, Allah knows it. And He knows that which is in the heavens and that which is on the earth. And Allah is over all things competent. || O you who have believed, do not take as intimates those other than yourselves, for they will not spare "
44,lemma,naAdaY`,نَادَىٰ,V:44,"So the angels called him while he was standing in prayer in the chamber, ""Indeed, Allah gives you good tidings of John, confirming a word from Allah and [who will be] honorable, abstaining [from women], and a prophet from among the righteous."" || Our Lord, indeed we have heard a caller calling to fa"
44,lemma,malakato,مَلَكَتْ,V:44,"And if you fear that you will not deal justly with the orphan girls, then marry those that please you of [other] women, two or three or four. But if you fear that you will not be just, then [marry only] one or those your right hand possesses. That is more suitable that you may not incline [to injust"
44,root,bdl,بدل,,"But those who wronged changed [those words] to a statement other than that which had been said to them, so We sent down upon those who wronged a punishment from the sky because they were defiantly disobeying. || And [recall] when you said, ""O Moses, we can never endure one [kind of] food. So call up"
44,root,srr,سرر,,"They said, ""Call upon your Lord to show us what is her color."" He said, ""He says, 'It is a yellow cow, bright in color - pleasing to the observers.' "" || But do they not know that Allah knows what they conceal and what they declare?"
44,root,ysr,يسر,,"The month of Ramadhan [is that] in which was revealed the Qur'an, a guidance for the people and clear proofs of guidance and criterion. So whoever sights [the new moon of] the month, let him fast it; and whoever is ill or on a journey - then an equal number of other days. Allah intends for you ease "
44,root,HfZ,حفظ,,"Maintain with care the [obligatory] prayers and [in particular] the middle prayer and stand before Allah, devoutly obedient. || Allah - there is no deity except Him, the Ever-Living, the Sustainer of [all] existence. Neither drowsiness overtakes Him nor sleep. To Him belongs whatever is in the heave"
44,root,dbr,دبر,,"They will not harm you except for [some] annoyance. And if they fight you, they will show you their backs; then they will not be aided. || O you who were given the Scripture, believe in what We have sent down [to Muhammad], confirming that which is with you, before We obliterate faces and turn them "
43,lemma,Hamod,حَمْد,N:43,"[All] praise is [due] to Allah, Lord of the worlds - || And [mention, O Muhammad], when your Lord said to the angels, ""Indeed, I will make upon the earth a successive authority."" They said, ""Will You place upon it one who causes corruption therein and sheds blood, while we declare Your praise and sa"
43,lemma,nuwr,نُور,N:43,"Their example is that of one who kindled a fire, but when it illuminated what was around him, Allah took away their light and left them in darkness [so] they could not see. || Allah is the ally of those who believe. He brings them out from darknesses into the light. And those who disbelieve - their "
43,lemma,<isoraA}iyl,إِسْرَائِيل,PN:43,"O Children of Israel, remember My favor which I have bestowed upon you and fulfill My covenant [upon you] that I will fulfill your covenant [from Me], and be afraid of [only] Me. || O Children of Israel, remember My favor that I have bestowed upon you and that I preferred you over the worlds."
43,lemma,nuwH,نُوح,PN:43,"Indeed, Allah chose Adam and Noah and the family of Abraham and the family of 'Imran over the worlds - || Indeed, We have revealed to you, [O Muhammad], as We revealed to Noah and the prophets after him. And we revealed to Abraham, Ishmael, Isaac, Jacob, the Descendants, Jesus, Job, Jonah, Aaron, an"
43,root,trk,ترك,,"Their example is that of one who kindled a fire, but when it illuminated what was around him, Allah took away their light and left them in darkness [so] they could not see. || Prescribed for you when death approaches [any] one of you if he leaves wealth [is that he should make] a bequest for the par"
43,root,fwq,فوق,,"Indeed, Allah is not timid to present an example - that of a mosquito or what is smaller than it. And those who have believed know that it is the truth from their Lord. But as for those who disbelieve, they say, ""What did Allah intend by this as an example?"" He misleads many thereby and guides many "
43,root,jwb,جوب,,"And when My servants ask you, [O Muhammad], concerning Me - indeed I am near. I respond to the invocation of the supplicant when he calls upon Me. So let them respond to Me [by obedience] and believe in Me that they may be [rightly] guided. || And when My servants ask you, [O Muhammad], concerning M"
43,root,H$r,حشر,,And remember Allah during [specific] numbered days. Then whoever hastens [his departure] in two days - there is no sin upon him; and whoever delays [until the third] - there is no sin upon him - for him who fears Allah. And fear Allah and know that unto Him you will be gathered. || Say to those who 
43,root,fSl,فصل,,"Mothers may breastfeed their children two complete years for whoever wishes to complete the nursing [period]. Upon the father is the mothers' provision and their clothing according to what is acceptable. No person is charged with more than his capacity. No mother should be harmed through her child, "
43,root,mkr,مكر,,"And the disbelievers planned, but Allah planned. And Allah is the best of planners. || And the disbelievers planned, but Allah planned. And Allah is the best of planners."
42,lemma,sab~aHa,سَبَّحَ,V:42,"And [mention, O Muhammad], when your Lord said to the angels, ""Indeed, I will make upon the earth a successive authority."" They said, ""Will You place upon it one who causes corruption therein and sheds blood, while we declare Your praise and sanctify You?"" Allah said, ""Indeed, I know that which you "
42,lemma,jazaA^',جَزَا^ء,N:42,"Then, you are those [same ones who are] killing one another and evicting a party of your people from their homes, cooperating against them in sin and aggression. And if they come to you as captives, you ransom them, although their eviction was forbidden to you. So do you believe in part of the Scrip"
42,lemma,{sotaTaAEa,ٱسْتَطَاعَ,V:42,"They ask you about the sacred month - about fighting therein. Say, ""Fighting therein is great [sin], but averting [people] from the way of Allah and disbelief in Him and [preventing access to] al-Masjid al-Haram and the expulsion of its people therefrom are greater [evil] in the sight of Allah. And "
42,lemma,>udoxila,أُدْخِلَ,V:42,"Every soul will taste death, and you will only be given your [full] compensation on the Day of Resurrection. So he who is drawn away from the Fire and admitted to Paradise has attained [his desire]. And what is the life of this world except the enjoyment of delusion. || Our Lord, indeed whoever You "
42,lemma,sawof,سَوْف,FUT:42,"And whoever does that in aggression and injustice - then We will drive him into a Fire. And that, for Allah, is [always] easy. || Indeed, those who disbelieve in Our verses - We will drive them into a Fire. Every time their skins are roasted through We will replace them with other skins so they may "
42,lemma,sala`m,سَلَٰم,"N:41,ADJ:1","O you who have believed, when you go forth [to fight] in the cause of Allah, investigate; and do not say to one who gives you [a greeting of] peace ""You are not a believer,"" aspiring for the goods of worldly life; for with Allah are many acquisitions. You [yourselves] were like that before; then All"
42,root,Hzn,حزن,,"We said, ""Go down from it, all of you. And when guidance comes to you from Me, whoever follows My guidance - there will be no fear concerning them, nor will they grieve. || Indeed, those who believed and those who were Jews or Christians or Sabeans [before Prophet Muhammad] - those [among them] who "
42,root,bHr,بحر,,"And [recall] when We parted the sea for you and saved you and drowned the people of Pharaoh while you were looking on. || Indeed, in the creation of the heavens and earth, and the alternation of the night and the day, and the [great] ships which sail through the sea with that which benefits people, "
42,root,qwy,قوي,,"And [recall] when We took your covenant, [O Children of Israel, to abide by the Torah] and We raised over you the mount, [saying], ""Take what We have given you with determination and remember what is in it that perhaps you may become righteous."" || And [recall] when We took your covenant and raised "
42,root,sxr,سخر,,"Indeed, in the creation of the heavens and earth, and the alternation of the night and the day, and the [great] ships which sail through the sea with that which benefits people, and what Allah has sent down from the heavens of rain, giving life thereby to the earth after its lifelessness and dispers"
42,root,Sdd,صدد,,"They ask you about the sacred month - about fighting therein. Say, ""Fighting therein is great [sin], but averting [people] from the way of Allah and disbelief in Him and [preventing access to] al-Masjid al-Haram and the expulsion of its people therefrom are greater [evil] in the sight of Allah. And "
41,lemma,fawoq,فَوْق,"N:25,LOC:16","Indeed, Allah is not timid to present an example - that of a mosquito or what is smaller than it. And those who have believed know that it is the truth from their Lord. But as for those who disbelieve, they say, ""What did Allah intend by this as an example?"" He misleads many thereby and guides many "
41,lemma,Eal~ama,عَلَّمَ,V:41,"And He taught Adam the names - all of them. Then He showed them to the angels and said, ""Inform Me of the names of these, if you are truthful."" || They said, ""Exalted are You; we have no knowledge except what You have taught us. Indeed, it is You who is the Knowing, the Wise."""
41,lemma,suboHa`n,سُبْحَٰن,N:41,"They said, ""Exalted are You; we have no knowledge except what You have taught us. Indeed, it is You who is the Knowing, the Wise."" || They say, ""Allah has taken a son."" Exalted is He! Rather, to Him belongs whatever is in the heavens and the earth. All are devoutly obedient to Him,"
41,lemma,baHor,بَحْر,N:41,"And [recall] when We parted the sea for you and saved you and drowned the people of Pharaoh while you were looking on. || Indeed, in the creation of the heavens and earth, and the alternation of the night and the day, and the [great] ships which sail through the sea with that which benefits people, "
41,lemma,Hamala,حَمَلَ,V:41,"And their prophet said to them, ""Indeed, a sign of his kingship is that the chest will come to you in which is assurance from your Lord and a remnant of what the family of Moses and the family of Aaron had left, carried by the angels. Indeed in that is a sign for you, if you are believers."" || Allah"
41,lemma,Ea*~aba,عَذَّبَ,V:41,"To Allah belongs whatever is in the heavens and whatever is in the earth. Whether you show what is within yourselves or conceal it, Allah will bring you to account for it. Then He will forgive whom He wills and punish whom He wills, and Allah is over all things competent. || And as for those who dis"
41,root,lEn,لعن,,"And they said, ""Our hearts are wrapped."" But, [in fact], Allah has cursed them for their disbelief, so little is it that they believe. || And when there came to them a Book from Allah confirming that which was with them - although before they used to pray for victory against those who disbelieved - "
41,root,Twf,طوف,,"And [mention] when We made the House a place of return for the people and [a place of] security. And take, [O believers], from the standing place of Abraham a place of prayer. And We charged Abraham and Ishmael, [saying], ""Purify My House for those who perform Tawaf and those who are staying [there]"
41,root,krh,كره,,"Fighting has been enjoined upon you while it is hateful to you. But perhaps you hate a thing and it is good for you; and perhaps you love a thing and it is bad for you. And Allah Knows, while you know not. || Fighting has been enjoined upon you while it is hateful to you. But perhaps you hate a thin"
41,root,jhd,جهد,,"Indeed, those who have believed and those who have emigrated and fought in the cause of Allah - those expect the mercy of Allah. And Allah is Forgiving and Merciful. || Or do you think that you will enter Paradise while Allah has not yet made evident those of you who fight in His cause and made evid"
41,root,jbl,جبل,,"And [mention] when Abraham said, ""My Lord, show me how You give life to the dead."" [Allah] said, ""Have you not believed?"" He said, ""Yes, but [I ask] only that my heart may be satisfied."" [Allah] said, ""Take four birds and commit them to yourself. Then [after slaughtering them] put on each hill a por"
40,lemma,taraka,تَرَكَ,V:40,"Their example is that of one who kindled a fire, but when it illuminated what was around him, Allah took away their light and left them in darkness [so] they could not see. || Prescribed for you when death approaches [any] one of you if he leaves wealth [is that he should make] a bequest for the par"
40,lemma,{sotakobara,ٱسْتَكْبَرَ,V:40,"And [mention] when We said to the angels, ""Prostrate before Adam""; so they prostrated, except for Iblees. He refused and was arrogant and became of the disbelievers. || And We did certainly give Moses the Torah and followed up after him with messengers. And We gave Jesus, the son of Mary, clear proo"
40,lemma,{hotadaY`,ٱهْتَدَىٰ,V:40,"And [recall] when We gave Moses the Scripture and criterion that perhaps you would be guided. || They say, ""Be Jews or Christians [so] you will be guided."" Say, ""Rather, [we follow] the religion of Abraham, inclining toward truth, and he was not of the polytheists."""
40,lemma,>arayo,أَرَيْ,V:40,"So, We said, ""Strike the slain man with part of it."" Thus does Allah bring the dead to life, and He shows you His signs that you might reason. || Our Lord, and make us Muslims [in submission] to You and from our descendants a Muslim nation [in submission] to You. And show us our rites and accept our"
40,lemma,wayol,وَيْل,N:40,"So woe to those who write the ""scripture"" with their own hands, then say, ""This is from Allah,"" in order to exchange it for a small price. Woe to them for what their hands have written and woe to them for what they earn. || So woe to those who write the ""scripture"" with their own hands, then say, ""T"
40,lemma,bi}osa,بِئْسَ,V:40,How wretched is that for which they sold themselves - that they would disbelieve in what Allah has revealed through [their] outrage that Allah would send down His favor upon whom He wills from among His servants. So they returned having [earned] wrath upon wrath. And for the disbelievers is a humili
40,lemma,xa$iYa,خَشِىَ,V:40,"And from wherever you go out [for prayer], turn your face toward al-Masjid al-Haram. And wherever you [believers] may be, turn your faces toward it in order that the people will not have any argument against you, except for those of them who commit wrong; so fear them not but fear Me. And [it is] so"
40,lemma,balaga,بَلَغَ,V:40,"And complete the Hajj and 'umrah for Allah. But if you are prevented, then [offer] what can be obtained with ease of sacrificial animals. And do not shave your heads until the sacrificial animal has reached its place of slaughter. And whoever among you is ill or has an ailment of the head [making sh"
40,lemma,{sotagofara,ٱسْتَغْفَرَ,V:40,"Then depart from the place from where [all] the people depart and ask forgiveness of Allah. Indeed, Allah is Forgiving and Merciful. || And those who, when they commit an immorality or wrong themselves [by transgression], remember Allah and seek forgiveness for their sins - and who can forgive sins "
40,lemma,kabiyr,كَبِير,"ADJ:32,N:8","They ask you about the sacred month - about fighting therein. Say, ""Fighting therein is great [sin], but averting [people] from the way of Allah and disbelief in Him and [preventing access to] al-Masjid al-Haram and the expulsion of its people therefrom are greater [evil] in the sight of Allah. And "
40,lemma,tawak~alo,تَوَكَّلْ,V:40,"When two parties among you were about to lose courage, but Allah was their ally; and upon Allah the believers should rely. || So by mercy from Allah, [O Muhammad], you were lenient with them. And if you had been rude [in speech] and harsh in heart, they would have disbanded from about you. So pardon"
40,lemma,$ariyk,شَرِيك,N:40,"And for you is half of what your wives leave if they have no child. But if they have a child, for you is one fourth of what they leave, after any bequest they [may have] made or debt. And for the wives is one fourth if you leave no child. But if you leave a child, then for them is an eighth of what "
40,root,flH,فلح,,"Those are upon [right] guidance from their Lord, and it is those who are the successful. || They ask you, [O Muhammad], about the new moons. Say, ""They are measurements of time for the people and for Hajj."" And it is not righteousness to enter houses from the back, but righteousness is [in] one who "
40,root,$Er,شعر,,"They [think to] deceive Allah and those who believe, but they deceive not except themselves and perceive [it] not. || Unquestionably, it is they who are the corrupters, but they perceive [it] not."
40,root,mlA,ملا,,"Have you not considered the assembly of the Children of Israel after [the time of] Moses when they said to a prophet of theirs, ""Send to us a king, and we will fight in the way of Allah ""? He said, ""Would you perhaps refrain from fighting if fighting was prescribed for you?"" They said, ""And why shou"
39,lemma,{som,ٱسْم,N:39,"In the name of Allah, the Entirely Merciful, the Especially Merciful. || And He taught Adam the names - all of them. Then He showed them to the angels and said, ""Inform Me of the names of these, if you are truthful."""
39,lemma,>alaA^,أَلَا^,INC:39,"Unquestionably, it is they who are the corrupters, but they perceive [it] not. || And when it is said to them, ""Believe as the people have believed,"" they say, ""Should we believe as the foolish have believed?"" Unquestionably, it is they who are the foolish, but they know [it] not."
39,lemma,<i*on,إِذْن,N:39,"Say, ""Whoever is an enemy to Gabriel - it is [none but] he who has brought the Qur'an down upon your heart, [O Muhammad], by permission of Allah, confirming that which was before it and as guidance and good tidings for the believers."" || And they followed [instead] what the devils had recited during"
39,lemma,musolim,مُسْلِم,"N:24,PN:14,ADJ:1","Our Lord, and make us Muslims [in submission] to You and from our descendants a Muslim nation [in submission] to You. And show us our rites and accept our repentance. Indeed, You are the Accepting of repentance, the Merciful. || And Abraham instructed his sons [to do the same] and [so did] Jacob, [s"
39,lemma,m~aAta,مَّاتَ,V:39,"And Abraham instructed his sons [to do the same] and [so did] Jacob, [saying], ""O my sons, indeed Allah has chosen for you this religion, so do not die except while you are Muslims."" || Indeed, those who disbelieve and die while they are disbelievers - upon them will be the curse of Allah and of the"
39,lemma,Har~ama,حَرَّمَ,V:39,"He has only forbidden to you dead animals, blood, the flesh of swine, and that which has been dedicated to other than Allah. But whoever is forced [by necessity], neither desiring [it] nor transgressing [its limit], there is no sin upon him. Indeed, Allah is Forgiving and Merciful. || Those who cons"
39,lemma,HisaAb,حِسَاب,"N:38,ADJ:1","Those will have a share of what they have earned, and Allah is swift in account. || Beautified for those who disbelieve is the life of this world, and they ridicule those who believe. But those who fear Allah are above them on the Day of Resurrection. And Allah gives provision to whom He wills witho"
39,lemma,jabal,جَبَل,N:39,"And [mention] when Abraham said, ""My Lord, show me how You give life to the dead."" [Allah] said, ""Have you not believed?"" He said, ""Yes, but [I ask] only that my heart may be satisfied."" [Allah] said, ""Take four birds and commit them to yourself. Then [after slaughtering them] put on each hill a por"
39,root,Tgy,طغي,,[But] Allah mocks them and prolongs them in their transgression [while] they wander blindly. || There shall be no compulsion in [acceptance of] the religion. The right course has become clear from the wrong. So whoever disbelieves in Taghut and believes in Allah has grasped the most trustworthy hand
39,root,$rb,شرب,,"And [recall] when Moses prayed for water for his people, so We said, ""Strike with your staff the stone."" And there gushed forth from it twelve springs, and every people knew its watering place. ""Eat and drink from the provision of Allah, and do not commit abuse on the earth, spreading corruption."" |"
39,root,*nb,ذنب,,"[Theirs is] like the custom of the people of Pharaoh and those before them. They denied Our signs, so Allah seized them for their sins. And Allah is severe in penalty. || Those who say, ""Our Lord, indeed we have believed, so forgive us our sins and protect us from the punishment of the Fire,"""
39,root,slT,سلط,,"We will cast terror into the hearts of those who disbelieve for what they have associated with Allah of which He had not sent down [any] authority. And their refuge will be the Fire, and wretched is the residence of the wrongdoers. || Except for those who take refuge with a people between yourselves"
38,lemma,bu$~ira,بُشِّرَ,V:38,"And give good tidings to those who believe and do righteous deeds that they will have gardens [in Paradise] beneath which rivers flow. Whenever they are provided with a provision of fruit therefrom, they will say, ""This is what we were provided with before."" And it is given to them in likeness. And "
38,lemma,m~ay~it,مَّيِّت,"N:34,ADJ:4","How can you disbelieve in Allah when you were lifeless and He brought you to life; then He will cause you to die, then He will bring you [back] to life, and then to Him you will be returned. || So, We said, ""Strike the slain man with part of it."" Thus does Allah bring the dead to life, and He shows "
38,lemma,muHosin,مُحْسِن,N:38,"And [recall] when We said, ""Enter this city and eat from it wherever you will in [ease and] abundance, and enter the gate bowing humbly and say, 'Relieve us of our burdens.' We will [then] forgive your sins for you, and We will increase the doers of good [in goodness and reward]."" || Yes [on the con"
38,lemma,r~aDiYa,رَّضِىَ,V:38,"And never will the Jews or the Christians approve of you until you follow their religion. Say, ""Indeed, the guidance of Allah is the [only] guidance."" If you were to follow their desires after what has come to you of knowledge, you would have against Allah no protector or helper. || We have certainl"
38,lemma,m~aEoruwf,مَّعْرُوف,"N:34,ADJ:4","O you who have believed, prescribed for you is legal retribution for those murdered - the free for the free, the slave for the slave, and the female for the female. But whoever overlooks from his brother anything, then there should be a suitable follow-up and payment to him with good conduct. This i"
38,lemma,Dala`l,ضَلَٰل,N:38,"Certainly did Allah confer [great] favor upon the believers when He sent among them a Messenger from themselves, reciting to them His verses and purifying them and teaching them the Book and wisdom, although they had been before in manifest error. || Have you not seen those who claim to have believe"
38,root,qrr,قرر,,"But Satan caused them to slip out of it and removed them from that [condition] in which they had been. And We said, ""Go down, [all of you], as enemies to one another, and you will have upon the earth a place of settlement and provision for a time."" || And [recall] when We took your covenant, [saying"
38,root,blw,بلو,,"And [recall] when We saved your forefathers from the people of Pharaoh, who afflicted you with the worst torment, slaughtering your [newborn] sons and keeping your females alive. And in that was a great trial from your Lord. || And [mention, O Muhammad], when Abraham was tried by his Lord with comma"
38,root,ftH,فتح,,"And when they meet those who believe, they say, ""We have believed""; but when they are alone with one another, they say, ""Do you talk to them about what Allah has revealed to you so they can argue with you about it before your Lord?"" Then will you not reason? || And when there came to them a Book fro"
38,root,hwy,هوي,,"And We did certainly give Moses the Torah and followed up after him with messengers. And We gave Jesus, the son of Mary, clear proofs and supported him with the Pure Spirit. But is it [not] that every time a messenger came to you, [O Children of Israel], with what your souls did not desire, you were"
38,root,mrA,مرا,,"And they followed [instead] what the devils had recited during the reign of Solomon. It was not Solomon who disbelieved, but the devils disbelieved, teaching people magic and that which was revealed to the two angels at Babylon, Harut and Marut. But the two angels do not teach anyone unless they say"
38,root,*rr,ذرر,,"And [mention, O Muhammad], when Abraham was tried by his Lord with commands and he fulfilled them. [Allah] said, ""Indeed, I will make you a leader for the people."" [Abraham] said, ""And of my descendants?"" [Allah] said, ""My covenant does not include the wrongdoers."" || Our Lord, and make us Muslims ["
37,lemma,m~usotaqiym,مُّسْتَقِيم,"N:23,ADJ:14","Guide us to the straight path - || The foolish among the people will say, ""What has turned them away from their qiblah, which they used to face?"" Say, ""To Allah belongs the east and the west. He guides whom He wills to a straight path."""
37,lemma,faAsiq,فَاسِق,"N:24,ADJ:13","Indeed, Allah is not timid to present an example - that of a mosquito or what is smaller than it. And those who have believed know that it is the truth from their Lord. But as for those who disbelieve, they say, ""What did Allah intend by this as an example?"" He misleads many thereby and guides many "
37,lemma,yaHozun,يَحْزُن,V:37,"We said, ""Go down from it, all of you. And when guidance comes to you from Me, whoever follows My guidance - there will be no fear concerning them, nor will they grieve. || Indeed, those who believed and those who were Jews or Christians or Sabeans [before Prophet Muhammad] - those [among them] who "
37,lemma,naj~aY`,نَجَّىٰ,V:37,"And [recall] when We saved your forefathers from the people of Pharaoh, who afflicted you with the worst torment, slaughtering your [newborn] sons and keeping your females alive. And in that was a great trial from your Lord. || Say, ""Who rescues you from the darknesses of the land and sea [when] you"
37,lemma,kufor,كُفْر,N:37,"And they said, ""Our hearts are wrapped."" But, [in fact], Allah has cursed them for their disbelief, so little is it that they believe. || And [recall] when We took your covenant and raised over you the mount, [saying], ""Take what We have given you with determination and listen."" They said [instead],"
37,lemma,Ha$ara,حَشَرَ,V:37,And remember Allah during [specific] numbered days. Then whoever hastens [his departure] in two days - there is no sin upon him; and whoever delays [until the third] - there is no sin upon him - for him who fears Allah. And fear Allah and know that unto Him you will be gathered. || Say to those who 
37,lemma,*anb,ذَنب,N:37,"[Theirs is] like the custom of the people of Pharaoh and those before them. They denied Our signs, so Allah seized them for their sins. And Allah is severe in penalty. || Those who say, ""Our Lord, indeed we have believed, so forgive us our sins and protect us from the punishment of the Fire,"""
37,lemma,ba$ar,بَشَر,N:37,"She said, ""My Lord, how will I have a child when no man has touched me?"" [The angel] said, ""Such is Allah; He creates what He wills. When He decrees a matter, He only says to it, 'Be,' and it is. || It is not for a human [prophet] that Allah should give him the Scripture and authority and prophethoo"
37,lemma,Sad~a,صَدَّ,V:37,"Say, ""O People of the Scripture, why do you avert from the way of Allah those who believe, seeking to make it [seem] deviant, while you are witnesses [to the truth]? And Allah is not unaware of what you do."" || And some among them believed in it, and some among them were averse to it. And sufficient"
37,lemma,suloTa`n,سُلْطَٰن,N:37,"We will cast terror into the hearts of those who disbelieve for what they have associated with Allah of which He had not sent down [any] authority. And their refuge will be the Fire, and wretched is the residence of the wrongdoers. || You will find others who wish to obtain security from you and [to"
37,root,sbq,سبق,,"For each [religious following] is a direction toward which it faces. So race to [all that is] good. Wherever you may be, Allah will bring you forth [for judgement] all together. Indeed, Allah is over all things competent. || And We have revealed to you, [O Muhammad], the Book in truth, confirming th"
37,root,Alw,الو,,"For those who swear not to have sexual relations with their wives is a waiting time of four months, but if they return [to normal relations] - then indeed, Allah is Forgiving and Merciful. || O you who have believed, do not take as intimates those other than yourselves, for they will not spare you ["
37,root,nkr,نكر,,"And let there be [arising] from you a nation inviting to [all that is] good, enjoining what is right and forbidding what is wrong, and those will be the successful. || You are the best nation produced [as an example] for mankind. You enjoin what is right and forbid what is wrong and believe in Allah"
36,lemma,rad~a,رَدَّ,V:36,"Then, you are those [same ones who are] killing one another and evicting a party of your people from their homes, cooperating against them in sin and aggression. And if they come to you as captives, you ransom them, although their eviction was forbidden to you. So do you believe in part of the Scrip"
36,lemma,>aHosan,أَحْسَن,"N:35,ADJ:1","[And say, ""Ours is] the religion of Allah. And who is better than Allah in [ordaining] religion? And we are worshippers of Him."" || O you who have believed, obey Allah and obey the Messenger and those in authority among you. And if you disagree over anything, refer it to Allah and the Messenger, if "
36,lemma,say~i_#aAt,سَيِّـ#َات,N:36,"If you disclose your charitable expenditures, they are good; but if you conceal them and give them to the poor, it is better for you, and He will remove from you some of your misdeeds [thereby]. And Allah, with what you do, is [fully] Acquainted. || Our Lord, indeed we have heard a caller calling to"
36,lemma,*aAqu,ذَاقُ,V:36,"On the Day [some] faces will turn white and [some] faces will turn black. As for those whose faces turn black, [to them it will be said], ""Did you disbelieve after your belief? Then taste the punishment for what you used to reject."" || Allah has certainly heard the statement of those [Jews] who said"
36,root,ryb,ريب,,"This is the Book about which there is no doubt, a guidance for those conscious of Allah - || And if you are in doubt about what We have sent down upon Our Servant [Muhammad], then produce a surah the like thereof and call upon your witnesses other than Allah, if you should be truthful."
36,root,qTE,قطع,,"Who break the covenant of Allah after contracting it and sever that which Allah has ordered to be joined and cause corruption on earth. It is those who are the losers. || [And they should consider that] when those who have been followed disassociate themselves from those who followed [them], and the"
36,root,bTl,بطل,,"And do not mix the truth with falsehood or conceal the truth while you know [it]. || And do not consume one another's wealth unjustly or send it [in bribery] to the rulers in order that [they might aid] you [to] consume a portion of the wealth of the people in sin, while you know [it is unlawful]."
36,root,Hdv,حدث,,"And when they meet those who believe, they say, ""We have believed""; but when they are alone with one another, they say, ""Do you talk to them about what Allah has revealed to you so they can argue with you about it before your Lord?"" Then will you not reason? || That Day, those who disbelieved and di"
36,root,Any,اني,,"Your wives are a place of sowing of seed for you, so come to your place of cultivation however you wish and put forth [righteousness] for yourselves. And fear Allah and know that you will meet Him. And give good tidings to the believers. || And their prophet said to them, ""Indeed, Allah has sent to "
36,root,Awy,اوي,,"We will cast terror into the hearts of those who disbelieve for what they have associated with Allah of which He had not sent down [any] authority. And their refuge will be the Fire, and wretched is the residence of the wrongdoers. || So is one who pursues the pleasure of Allah like one who brings u"
36,root,qrn,قرن,,And [also] those who spend of their wealth to be seen by the people and believe not in Allah nor in the Last Day. And he to whom Satan is a companion - then evil is he as a companion. || And [also] those who spend of their wealth to be seen by the people and believe not in Allah nor in the Last Day.
35,lemma,*ahaba,ذَهَبَ,V:35,"Their example is that of one who kindled a fire, but when it illuminated what was around him, Allah took away their light and left them in darkness [so] they could not see. || The lightning almost snatches away their sight. Every time it lights [the way] for them, they walk therein; but when darknes"
35,lemma,{sotawaY`^,ٱسْتَوَىٰ^,V:35,"It is He who created for you all of that which is on the earth. Then He directed Himself to the heaven, [His being above all creation], and made them seven heavens, and He is Knowing of all things. || Not equal are those believers remaining [at home] - other than the disabled - and the mujahideen, ["
35,lemma,sajada,سَجَدَ,V:35,"And [mention] when We said to the angels, ""Prostrate before Adam""; so they prostrated, except for Iblees. He refused and was arrogant and became of the disbelievers. || And [mention] when We said to the angels, ""Prostrate before Adam""; so they prostrated, except for Iblees. He refused and was arroga"
35,lemma,mata`E,مَتَٰع,N:35,"But Satan caused them to slip out of it and removed them from that [condition] in which they had been. And We said, ""Go down, [all of you], as enemies to one another, and you will have upon the earth a place of settlement and provision for a time."" || There is no blame upon you if you divorce women "
35,lemma,Hiyn,حِين,"N:31,T:4","But Satan caused them to slip out of it and removed them from that [condition] in which they had been. And We said, ""Go down, [all of you], as enemies to one another, and you will have upon the earth a place of settlement and provision for a time."" || Righteousness is not that you turn your faces to"
35,lemma,nasiYa,نَسِىَ,V:35,"Do you order righteousness of the people and forget yourselves while you recite the Scripture? Then will you not reason? || And if you divorce them before you have touched them and you have already specified for them an obligation, then [give] half of what you specified - unless they forego the righ"
35,lemma,bay~anu,بَيَّنُ,V:35,"They said, ""Call upon your Lord to make clear to us what it is."" [Moses] said, ""[Allah] says, 'It is a cow which is neither old nor virgin, but median between that,' so do what you are commanded."" || They said, ""Call upon your Lord to show us what is her color."" He said, ""He says, 'It is a yellow co"
35,lemma,<ivom,إِثْم,N:35,"Then, you are those [same ones who are] killing one another and evicting a party of your people from their homes, cooperating against them in sin and aggression. And if they come to you as captives, you ransom them, although their eviction was forbidden to you. So do you believe in part of the Scrip"
35,lemma,naSiyr,نَصِير,"N:34,ADJ:1","Do you not know that to Allah belongs the dominion of the heavens and the earth and [that] you have not besides Allah any protector or any helper? || And never will the Jews or the Christians approve of you until you follow their religion. Say, ""Indeed, the guidance of Allah is the [only] guidance."""
35,lemma,{xotalafa,ٱخْتَلَفَ,V:35,"The Jews say ""The Christians have nothing [true] to stand on,"" and the Christians say, ""The Jews have nothing to stand on,"" although they [both] recite the Scripture. Thus the polytheists speak the same as their words. But Allah will judge between them on the Day of Resurrection concerning that over"
35,lemma,m~urosal,مُّرْسَل,"N:34,ADJ:1","These are the verses of Allah which We recite to you, [O Muhammad], in truth. And indeed, you are from among the messengers. || And certainly were messengers denied before you, but they were patient over [the effects of] denial, and they were harmed until Our victory came to them. And none can alter"
35,lemma,>um~,أُمّ,N:35,"It is He who has sent down to you, [O Muhammad], the Book; in it are verses [that are] precise - they are the foundation of the Book - and others unspecific. As for those in whose hearts is deviation [from truth], they will follow that of it which is unspecific, seeking discord and seeking an interp"
35,root,Hyn,حين,,"But Satan caused them to slip out of it and removed them from that [condition] in which they had been. And We said, ""Go down, [all of you], as enemies to one another, and you will have upon the earth a place of settlement and provision for a time."" || Righteousness is not that you turn your faces to"
35,root,Efw,عفو,,"Then We forgave you after that so perhaps you would be grateful. || Many of the People of the Scripture wish they could turn you back to disbelief after you have believed, out of envy from themselves [even] after the truth has become clear to them. So pardon and overlook until Allah delivers His com"
35,root,gfl,غفل,,"Then your hearts became hardened after that, being like stones or even harder. For indeed, there are stones from which rivers burst forth, and there are some of them that split open and water comes out, and there are some of them that fall down for fear of Allah. And Allah is not unaware of what you"
35,root,mrr,مرر,,"Divorce is twice. Then, either keep [her] in an acceptable manner or release [her] with good treatment. And it is not lawful for you to take anything of what you have given them unless both fear that they will not be able to keep [within] the limits of Allah. But if you fear that they will not keep "
35,root,wrv,ورث,,"Mothers may breastfeed their children two complete years for whoever wishes to complete the nursing [period]. Upon the father is the mothers' provision and their clothing according to what is acceptable. No person is charged with more than his capacity. No mother should be harmed through her child, "
35,root,kyd,كيد,,"If good touches you, it distresses them; but if harm strikes you, they rejoice at it. And if you are patient and fear Allah, their plot will not harm you at all. Indeed, Allah is encompassing of what they do. || Those who believe fight in the cause of Allah, and those who disbelieve fight in the cau"
34,lemma,maroyam,مَرْيَم,PN:34,"And We did certainly give Moses the Torah and followed up after him with messengers. And We gave Jesus, the son of Mary, clear proofs and supported him with the Pure Spirit. But is it [not] that every time a messenger came to you, [O Children of Israel], with what your souls did not desire, you were"
34,lemma,fitonap,فِتْنَة,N:34,"And they followed [instead] what the devils had recited during the reign of Solomon. It was not Solomon who disbelieved, but the devils disbelieved, teaching people magic and that which was revealed to the two angels at Babylon, Harut and Marut. But the two angels do not teach anyone unless they say"
34,lemma,{botagaY`,ٱبْتَغَىٰ,V:34,"It has been made permissible for you the night preceding fasting to go to your wives [for sexual relations]. They are clothing for you and you are clothing for them. Allah knows that you used to deceive yourselves, so He accepted your repentance and forgave you. So now, have relations with them and "
34,lemma,'aAlaA^',ءَالَا^ء,N:34,"Then do you wonder that there has come to you a reminder from your Lord through a man from among you, that he may warn you? And remember when He made you successors after the people of Noah and increased you in stature extensively. So remember the favors of Allah that you might succeed. || And remem"
34,root,hzA,هزا,,"And when they meet those who believe, they say, ""We believe""; but when they are alone with their evil ones, they say, ""Indeed, we are with you; we were only mockers."" || [But] Allah mocks them and prolongs them in their transgression [while] they wander blindly."
34,root,wvq,وثق,,"Who break the covenant of Allah after contracting it and sever that which Allah has ordered to be joined and cause corruption on earth. It is those who are the losers. || And [recall] when We took your covenant, [O Children of Israel, to abide by the Torah] and We raised over you the mount, [saying]"
34,root,jnH,جنح,,"Indeed, as-Safa and al-Marwah are among the symbols of Allah. So whoever makes Hajj to the House or performs 'umrah - there is no blame upon him for walking between them. And whoever volunteers good - then indeed, Allah is appreciative and Knowing. || There is no blame upon you for seeking bounty fr"
34,root,xfy,خفي,,"If you disclose your charitable expenditures, they are good; but if you conceal them and give them to the poor, it is better for you, and He will remove from you some of your misdeeds [thereby]. And Allah, with what you do, is [fully] Acquainted. || To Allah belongs whatever is in the heavens and wh"
33,lemma,qaAma,قَامَ,V:33,"The lightning almost snatches away their sight. Every time it lights [the way] for them, they walk therein; but when darkness comes over them, they stand [still]. And if Allah had willed, He could have taken away their hearing and their sight. Indeed, Allah is over all things competent. || Maintain "
33,lemma,fariyq,فَرِيق,N:33,"Do you covet [the hope, O believers], that they would believe for you while a party of them used to hear the words of Allah and then distort the Torah after they had understood it while they were knowing? || Then, you are those [same ones who are] killing one another and evicting a party of your peo"
33,lemma,HaraAm,حَرَام,"ADJ:17,N:16","We have certainly seen the turning of your face, [O Muhammad], toward the heaven, and We will surely turn you to a qiblah with which you will be pleased. So turn your face toward al-Masjid al-Haram. And wherever you [believers] are, turn your faces toward it [in prayer]. Indeed, those who have been "
33,lemma,$amos,شَمْس,N:33,"Have you not considered the one who argued with Abraham about his Lord [merely] because Allah had given him kingship? When Abraham said, ""My Lord is the one who gives life and causes death,"" he said, ""I give life and cause death."" Abraham said, ""Indeed, Allah brings up the sun from the east, so brin"
33,lemma,n~aEam,نَّعَم,N:33,"Beautified for people is the love of that which they desire - of women and sons, heaped-up sums of gold and silver, fine branded horses, and cattle and tilled land. That is the enjoyment of worldly life, but Allah has with Him the best return. || And I will mislead them, and I will arouse in them [s"
33,lemma,ka*ib,كَذِب,N:33,"And among the People of the Scripture is he who, if you entrust him with a great amount [of wealth], he will return it to you. And among them is he who, if you entrust him with a [single] silver coin, he will not return it to you unless you are constantly standing over him [demanding it]. That is be"
33,lemma,kal~aA,كَلَّا,AVR:33,"No! We will record what he says and extend for him from the punishment extensively. || No! Those ""gods"" will deny their worship of them and will be against them opponents [on the Day of Judgement]."
33,root,Emy,عمي,,"Deaf, dumb and blind - so they will not return [to the right path]. || The example of those who disbelieve is like that of one who shouts at what hears nothing but calls and cries cattle or sheep - deaf, dumb and blind, so they do not understand."
33,root,Zll,ظلل,,"And We shaded you with clouds and sent down to you manna and quails, [saying], ""Eat from the good things with which We have provided you."" And they wronged Us not - but they were [only] wronging themselves. || Do they await but that Allah should come to them in covers of clouds and the angels [as we"
33,root,Hjj,حجج,,"And when they meet those who believe, they say, ""We have believed""; but when they are alone with one another, they say, ""Do you talk to them about what Allah has revealed to you so they can argue with you about it before your Lord?"" Then will you not reason? || Say, [O Muhammad], ""Do you argue with "
33,root,kfy,كفي,,"So if they believe in the same as you believe in, then they have been [rightly] guided; but if they turn away, they are only in dissension, and Allah will be sufficient for you against them. And He is the Hearing, the Knowing. || [Remember] when you said to the believers, ""Is it not sufficient for y"
33,root,$ms,شمس,,"Have you not considered the one who argued with Abraham about his Lord [merely] because Allah had given him kingship? When Abraham said, ""My Lord is the one who gives life and causes death,"" he said, ""I give life and cause death."" Abraham said, ""Indeed, Allah brings up the sun from the east, so brin"
33,root,Er$,عرش,,"Or [consider such an example] as the one who passed by a township which had fallen into ruin. He said, ""How will Allah bring this to life after its death?"" So Allah caused him to die for a hundred years; then He revived him. He said, ""How long have you remained?"" The man said, ""I have remained a day"
33,root,jnb,جنب,,"Who remember Allah while standing or sitting or [lying] on their sides and give thought to the creation of the heavens and the earth, [saying], ""Our Lord, You did not create this aimlessly; exalted are You [above such a thing]; then protect us from the punishment of the Fire. || If you avoid the maj"
33,root,qsm,قسم,,"And when [other] relatives and orphans and the needy are present at the [time of] division, then provide for them [something] out of the estate and speak to them words of appropriate kindness. || Prohibited to you are dead animals, blood, the flesh of swine, and that which has been dedicated to othe"
32,lemma,xa`siriyn,خَٰسِرِين,N:32,"Who break the covenant of Allah after contracting it and sever that which Allah has ordered to be joined and cause corruption on earth. It is those who are the losers. || Then you turned away after that. And if not for the favor of Allah upon you and His mercy, you would have been among the losers."
32,lemma,zakaw`p,زَكَوٰة,N:32,"And establish prayer and give zakah and bow with those who bow [in worship and obedience]. || And [recall] when We took the covenant from the Children of Israel, [enjoining upon them], ""Do not worship except Allah; and to parents do good and to relatives, orphans, and the needy. And speak to people "
32,lemma,kafaY`,كَفَىٰ,V:32,"So if they believe in the same as you believe in, then they have been [rightly] guided; but if they turn away, they are only in dissension, and Allah will be sufficient for you against them. And He is the Hearing, the Knowing. || [Remember] when you said to the believers, ""Is it not sufficient for y"
32,lemma,ka`*ib,كَٰذِب,"N:31,ADJ:1","Then whoever argues with you about it after [this] knowledge has come to you - say, ""Come, let us call our sons and your sons, our women and your women, ourselves and yourselves, then supplicate earnestly [together] and invoke the curse of Allah upon the liars [among us]."" || But what they concealed"
32,lemma,nahaY`,نَهَىٰ,V:32,"And let there be [arising] from you a nation inviting to [all that is] good, enjoining what is right and forbidding what is wrong, and those will be the successful. || You are the best nation produced [as an example] for mankind. You enjoin what is right and forbid what is wrong and believe in Allah"
32,lemma,Ea`qibap,عَٰقِبَة,N:32,"Similar situations [as yours] have passed on before you, so proceed throughout the earth and observe how was the end of those who denied. || Say, ""Travel through the land; then observe how was the end of the deniers."""
32,lemma,>aEoraDa,أَعْرَضَ,V:32,"And the two who commit it among you, dishonor them both. But if they repent and correct themselves, leave them alone. Indeed, Allah is ever Accepting of repentance and Merciful. || Those are the ones of whom Allah knows what is in their hearts, so turn away from them but admonish them and speak to t"
32,root,mdd,مدد,,"[But] Allah mocks them and prolongs them in their transgression [while] they wander blindly. || [Remember] when you said to the believers, ""Is it not sufficient for you that your Lord should reinforce you with three thousand angels sent down?"
32,root,brr,برر,,"Do you order righteousness of the people and forget yourselves while you recite the Scripture? Then will you not reason? || Righteousness is not that you turn your faces toward the east or the west, but [true] righteousness is [in] one who believes in Allah, the Last Day, the angels, the Book, and t"
32,root,ESy,عصي,,"And [recall] when you said, ""O Moses, we can never endure one [kind of] food. So call upon your Lord to bring forth for us from the earth its green herbs and its cucumbers and its garlic and its lentils and its onions."" [Moses] said, ""Would you exchange what is better for what is less? Go into [any]"
32,root,wry,وري,,"And when it is said to them, ""Believe in what Allah has revealed,"" they say, ""We believe [only] in what was revealed to us."" And they disbelieve in what came after it, while it is the truth confirming that which is with them. Say, ""Then why did you kill the prophets of Allah before, if you are [inde"
32,root,wsE,وسع,,"And to Allah belongs the east and the west. So wherever you [might] turn, there is the Face of Allah. Indeed, Allah is all-Encompassing and Knowing. || Mothers may breastfeed their children two complete years for whoever wishes to complete the nursing [period]. Upon the father is the mothers' provis"
32,root,wSy,وصي,,"And Abraham instructed his sons [to do the same] and [so did] Jacob, [saying], ""O my sons, indeed Allah has chosen for you this religion, so do not die except while you are Muslims."" || Prescribed for you when death approaches [any] one of you if he leaves wealth [is that he should make] a bequest f"
32,root,vlv,ثلث,,"And complete the Hajj and 'umrah for Allah. But if you are prevented, then [offer] what can be obtained with ease of sacrificial animals. And do not shave your heads until the sacrificial animal has reached its place of slaughter. And whoever among you is ill or has an ailment of the head [making sh"
32,root,nSb,نصب,,"Those will have a share of what they have earned, and Allah is swift in account. || Do you not consider, [O Muhammad], those who were given a portion of the Scripture? They are invited to the Scripture of Allah that it should arbitrate between them; then a party of them turns away, and they are refu"
32,root,brk,برك,,"Indeed, the first House [of worship] established for mankind was that at Makkah - blessed and a guidance for the worlds. || And this is a Book which We have sent down, blessed and confirming what was before it, that you may warn the Mother of Cities and those around it. Those who believe in the Here"
31,lemma,>a$ad~,أَشَدّ,"N:28,ADJ:3","Then your hearts became hardened after that, being like stones or even harder. For indeed, there are stones from which rivers burst forth, and there are some of them that split open and water comes out, and there are some of them that fall down for fear of Allah. And Allah is not unaware of what you"
31,lemma,nafaEa,نَفَعَ,V:31,"And they followed [instead] what the devils had recited during the reign of Solomon. It was not Solomon who disbelieved, but the devils disbelieved, teaching people magic and that which was revealed to the two angels at Babylon, Harut and Marut. But the two angels do not teach anyone unless they say"
31,lemma,<i*FA,إِذًا,"SUR:18,ANS:13","And if you brought to those who were given the Scripture every sign, they would not follow your qiblah. Nor will you be a follower of their qiblah. Nor would they be followers of one another's qiblah. So if you were to follow their desires after what has come to you of knowledge, indeed, you would t"
31,lemma,wa`Hidap,وَٰحِدَة,"N:22,ADJ:9",Mankind was [of] one religion [before their deviation]; then Allah sent the prophets as bringers of good tidings and warners and sent down with them the Scripture in truth to judge between the people concerning that in which they differed. And none differed over the Scripture except those who were g
31,root,Thr,طهر,,"And give good tidings to those who believe and do righteous deeds that they will have gardens [in Paradise] beneath which rivers flow. Whenever they are provided with a provision of fruit therefrom, they will say, ""This is what we were provided with before."" And it is given to them in likeness. And "
31,root,bdw,بدو,,"He said, ""O Adam, inform them of their names."" And when he had informed them of their names, He said, ""Did I not tell you that I know the unseen [aspects] of the heavens and the earth? And I know what you reveal and what you have concealed."" || If you disclose your charitable expenditures, they are "
31,root,Hyv,حيث,,"And We said, ""O Adam, dwell, you and your wife, in Paradise and eat therefrom in [ease and] abundance from wherever you will. But do not approach this tree, lest you be among the wrongdoers."" || And [recall] when We said, ""Enter this city and eat from it wherever you will in [ease and] abundance, an"
31,root,$fE,شفع,,"And fear a Day when no soul will suffice for another soul at all, nor will intercession be accepted from it, nor will compensation be taken from it, nor will they be aided. || And fear a Day when no soul will suffice for another soul at all, and no compensation will be accepted from it, nor will any"
31,root,brA,برا,,"And [recall] when Moses said to his people, ""O my people, indeed you have wronged yourselves by your taking of the calf [for worship]. So repent to your Creator and kill yourselves. That is best for [all of] you in the sight of your Creator."" Then He accepted your repentance; indeed, He is the Accep"
31,root,xlS,خلص,,"Say, [O Muhammad], ""If the home of the Hereafter with Allah is for you alone and not the [other] people, then wish for death, if you should be truthful. || Say, [O Muhammad], ""Do you argue with us about Allah while He is our Lord and your Lord? For us are our deeds, and for you are your deeds. And w"
31,root,qEd,قعد,,"And [mention] when Abraham was raising the foundations of the House and [with him] Ishmael, [saying], ""Our Lord, accept [this] from us. Indeed You are the Hearing, the Knowing. || And [remember] when you, [O Muhammad], left your family in the morning to post the believers at their stations for the b"
31,root,$rr,شرر,,"Fighting has been enjoined upon you while it is hateful to you. But perhaps you hate a thing and it is good for you; and perhaps you love a thing and it is bad for you. And Allah Knows, while you know not. || And let not those who [greedily] withhold what Allah has given them of His bounty ever thin"
31,root,hjr,هجر,,"Indeed, those who have believed and those who have emigrated and fought in the cause of Allah - those expect the mercy of Allah. And Allah is Forgiving and Merciful. || And their Lord responded to them, ""Never will I allow to be lost the work of [any] worker among you, whether male or female; you ar"
31,root,glb,غلب,,"And when Saul went forth with the soldiers, he said, ""Indeed, Allah will be testing you with a river. So whoever drinks from it is not of me, and whoever does not taste it is indeed of me, excepting one who takes [from it] in the hollow of his hand."" But they drank from it, except a [very] few of th"
31,root,lbv,لبث,,"Or [consider such an example] as the one who passed by a township which had fallen into ruin. He said, ""How will Allah bring this to life after its death?"" So Allah caused him to die for a hundred years; then He revived him. He said, ""How long have you remained?"" The man said, ""I have remained a day"
30,lemma,wa`Hid,وَٰحِد,"ADJ:24,N:6","And [recall] when you said, ""O Moses, we can never endure one [kind of] food. So call upon your Lord to bring forth for us from the earth its green herbs and its cucumbers and its garlic and its lentils and its onions."" [Moses] said, ""Would you exchange what is better for what is less? Go into [any]"
30,lemma,quw~ap,قُوَّة,N:30,"And [recall] when We took your covenant, [O Children of Israel, to abide by the Torah] and We raised over you the mount, [saying], ""Take what We have given you with determination and remember what is in it that perhaps you may become righteous."" || And [recall] when We took your covenant and raised "
30,lemma,wal~aY`,وَلَّىٰ,V:30,"And to Allah belongs the east and the west. So wherever you [might] turn, there is the Face of Allah. Indeed, Allah is all-Encompassing and Knowing. || The foolish among the people will say, ""What has turned them away from their qiblah, which they used to face?"" Say, ""To Allah belongs the east and t"
30,lemma,EasaY,عَسَى,V:30,"Fighting has been enjoined upon you while it is hateful to you. But perhaps you hate a thing and it is good for you; and perhaps you love a thing and it is bad for you. And Allah Knows, while you know not. || Fighting has been enjoined upon you while it is hateful to you. But perhaps you hate a thin"
30,lemma,$ar~,شَرّ,N:30,"Fighting has been enjoined upon you while it is hateful to you. But perhaps you hate a thing and it is good for you; and perhaps you love a thing and it is bad for you. And Allah Knows, while you know not. || And let not those who [greedily] withhold what Allah has given them of His bounty ever thin"
30,lemma,mala>,مَلَأ,N:30,"Have you not considered the assembly of the Children of Israel after [the time of] Moses when they said to a prophet of theirs, ""Send to us a king, and we will fight in the way of Allah ""? He said, ""Would you perhaps refrain from fighting if fighting was prescribed for you?"" They said, ""And why shou"
30,lemma,labiva,لَبِثَ,V:30,"Or [consider such an example] as the one who passed by a township which had fallen into ruin. He said, ""How will Allah bring this to life after its death?"" So Allah caused him to die for a hundred years; then He revived him. He said, ""How long have you remained?"" The man said, ""I have remained a day"
30,lemma,Hukom,حُكْم,N:30,"It is not for a human [prophet] that Allah should give him the Scripture and authority and prophethood and then he would say to the people, ""Be servants to me rather than Allah,"" but [instead, he would say], ""Be pious scholars of the Lord because of what you have taught of the Scripture and because "
30,lemma,saA^'a,سَا^ءَ,V:30,"If good touches you, it distresses them; but if harm strikes you, they rejoice at it. And if you are patient and fear Allah, their plot will not harm you at all. Indeed, Allah is encompassing of what they do. || And do not marry those [women] whom your fathers married, except what has already occurr"
30,lemma,kariym,كَرِيم,"ADJ:28,N:2","If you avoid the major sins which you are forbidden, We will remove from you your lesser sins and admit you to a noble entrance [into Paradise]. || Those are the believers, truly. For them are degrees [of high position] with their Lord and forgiveness and noble provision."
30,root,sEy,سعي,,"And who are more unjust than those who prevent the name of Allah from being mentioned in His mosques and strive toward their destruction. It is not for them to enter them except in fear. For them in this world is disgrace, and they will have in the Hereafter a great punishment. || And when he goes a"
30,root,Srf,صرف,,"Indeed, in the creation of the heavens and earth, and the alternation of the night and the day, and the [great] ships which sail through the sea with that which benefits people, and what Allah has sent down from the heavens of rain, giving life thereby to the earth after its lifelessness and dispers"
30,root,qSS,قصص,,"O you who have believed, prescribed for you is legal retribution for those murdered - the free for the free, the slave for the slave, and the female for the female. But whoever overlooks from his brother anything, then there should be a suitable follow-up and payment to him with good conduct. This i"
30,root,Anv,انث,,"O you who have believed, prescribed for you is legal retribution for those murdered - the free for the free, the slave for the slave, and the female for the female. But whoever overlooks from his brother anything, then there should be a suitable follow-up and payment to him with good conduct. This i"
30,root,Esy,عسي,,"Fighting has been enjoined upon you while it is hateful to you. But perhaps you hate a thing and it is good for you; and perhaps you love a thing and it is bad for you. And Allah Knows, while you know not. || Fighting has been enjoined upon you while it is hateful to you. But perhaps you hate a thin"
30,root,Afk,افك,,"The Messiah, son of Mary, was not but a messenger; [other] messengers have passed on before him. And his mother was a supporter of truth. They both used to eat food. Look how We make clear to them the signs; then look how they are deluded. || Indeed, Allah is the cleaver of grain and date seeds. He "
29,lemma,>aboSara,أَبْصَرَ,V:29,"Their example is that of one who kindled a fire, but when it illuminated what was around him, Allah took away their light and left them in darkness [so] they could not see. || There has come to you enlightenment from your Lord. So whoever will see does so for [the benefit of] his soul, and whoever i"
29,lemma,Eahod,عَهْد,N:29,"Who break the covenant of Allah after contracting it and sever that which Allah has ordered to be joined and cause corruption on earth. It is those who are the losers. || O Children of Israel, remember My favor which I have bestowed upon you and fulfill My covenant [upon you] that I will fulfill you"
29,lemma,Hayov,حَيْث,"N:16,LOC:13","And We said, ""O Adam, dwell, you and your wife, in Paradise and eat therefrom in [ease and] abundance from wherever you will. But do not approach this tree, lest you be among the wrongdoers."" || And [recall] when We said, ""Enter this city and eat from it wherever you will in [ease and] abundance, an"
29,lemma,ka>an~,كَأَنّ,ACC:29,"And when a messenger from Allah came to them confirming that which was with them, a party of those who had been given the Scripture threw the Scripture of Allah behind their backs as if they did not know [what it contained]. || Because of that, We decreed upon the Children of Israel that whoever kil"
29,lemma,riyH,رِيح,N:29,"Indeed, in the creation of the heavens and earth, and the alternation of the night and the day, and the [great] ships which sail through the sea with that which benefits people, and what Allah has sent down from the heavens of rain, giving life thereby to the earth after its lifelessness and dispers"
29,lemma,jund,جُند,N:29,"And when Saul went forth with the soldiers, he said, ""Indeed, Allah will be testing you with a river. So whoever drinks from it is not of me, and whoever does not taste it is indeed of me, excepting one who takes [from it] in the hollow of his hand."" But they drank from it, except a [very] few of th"
29,lemma,Earo$,عَرْش,N:29,"Or [consider such an example] as the one who passed by a township which had fallen into ruin. He said, ""How will Allah bring this to life after its death?"" So Allah caused him to die for a hundred years; then He revived him. He said, ""How long have you remained?"" The man said, ""I have remained a day"
29,lemma,rajul,رَجُل,N:29,"O you who have believed, when you contract a debt for a specified term, write it down. And let a scribe write [it] between you in justice. Let no scribe refuse to write as Allah has taught him. So let him write and let the one who has the obligation dictate. And let him fear Allah, his Lord, and not"
29,lemma,naba>,نَبَأ,N:29,"That is from the news of the unseen which We reveal to you, [O Muhammad]. And you were not with them when they cast their pens as to which of them should be responsible for Mary. Nor were you with them when they disputed. || And recite to them the story of Adam's two sons, in truth, when they both o"
29,root,g$w,غشو,,"Allah has set a seal upon their hearts and upon their hearing, and over their vision is a veil. And for them is a great punishment. || Then after distress, He sent down upon you security [in the form of] drowsiness, overcoming a faction of you, while another faction worried about themselves, thinkin"
29,root,vny,ثني,,"And [recall] when Moses prayed for water for his people, so We said, ""Strike with your staff the stone."" And there gushed forth from it twelve springs, and every people knew its watering place. ""Eat and drink from the provision of Allah, and do not commit abuse on the earth, spreading corruption."" |"
29,root,rfE,رفع,,"And [recall] when We took your covenant, [O Children of Israel, to abide by the Torah] and We raised over you the mount, [saying], ""Take what We have given you with determination and remember what is in it that perhaps you may become righteous."" || And [recall] when We took your covenant and raised "
29,root,wdd,ودد,,"And you will surely find them the most greedy of people for life - [even] more than those who associate others with Allah. One of them wishes that he could be granted life a thousand years, but it would not remove him in the least from the [coming] punishment that he should be granted life. And Alla"
29,root,Syr,صير,,"And [mention] when Abraham said, ""My Lord, make this a secure city and provide its people with fruits - whoever of them believes in Allah and the Last Day."" [Allah] said. ""And whoever disbelieves - I will grant him enjoyment for a little; then I will force him to the punishment of the Fire, and wret"
29,root,jdl,جدل,,"Hajj is [during] well-known months, so whoever has made Hajj obligatory upon himself therein [by entering the state of ihram], there is [to be for him] no sexual relations and no disobedience and no disputing during Hajj. And whatever good you do - Allah knows it. And take provisions, but indeed, th"
29,root,jnd,جند,,"And when Saul went forth with the soldiers, he said, ""Indeed, Allah will be testing you with a river. So whoever drinks from it is not of me, and whoever does not taste it is indeed of me, excepting one who takes [from it] in the hollow of his hand."" But they drank from it, except a [very] few of th"
29,root,Tyr,طير,,"And [mention] when Abraham said, ""My Lord, show me how You give life to the dead."" [Allah] said, ""Have you not believed?"" He said, ""Yes, but [I ask] only that my heart may be satisfied."" [Allah] said, ""Take four birds and commit them to yourself. Then [after slaughtering them] put on each hill a por"
29,root,fwz,فوز,,"Every soul will taste death, and you will only be given your [full] compensation on the Day of Resurrection. So he who is drawn away from the Fire and admitted to Paradise has attained [his desire]. And what is the life of this world except the enjoyment of delusion. || And never think that those wh"
29,root,dry,دري,,"Allah instructs you concerning your children: for the male, what is equal to the share of two females. But if there are [only] daughters, two or more, for them is two thirds of one's estate. And if there is only one, for her is half. And for one's parents, to each one of them is a sixth of his estat"
28,lemma,>abadFA,أَبَدًا,T:28,"But they will never wish for it, ever, because of what their hands have put forth. And Allah is Knowing of the wrongdoers. || But those who believe and do righteous deeds - We will admit them to gardens beneath which rivers flow, wherein they abide forever. For them therein are purified spouses, and"
28,lemma,siHor,سِحْر,N:28,"And they followed [instead] what the devils had recited during the reign of Solomon. It was not Solomon who disbelieved, but the devils disbelieved, teaching people magic and that which was revealed to the two angels at Babylon, Harut and Marut. But the two angels do not teach anyone unless they say"
28,lemma,masojid,مَسْجِد,N:28,"And who are more unjust than those who prevent the name of Allah from being mentioned in His mosques and strive toward their destruction. It is not for them to enter them except in fear. For them in this world is disgrace, and they will have in the Hereafter a great punishment. || We have certainly "
28,lemma,*ur~iy~ap,ذُرِّيَّة,N:28,"And [mention, O Muhammad], when Abraham was tried by his Lord with commands and he fulfilled them. [Allah] said, ""Indeed, I will make you a leader for the people."" [Abraham] said, ""And of my descendants?"" [Allah] said, ""My covenant does not include the wrongdoers."" || Our Lord, and make us Muslims ["
28,lemma,maSiyr,مَصِير,N:28,"And [mention] when Abraham said, ""My Lord, make this a secure city and provide its people with fruits - whoever of them believes in Allah and the Last Day."" [Allah] said. ""And whoever disbelieves - I will grant him enjoyment for a little; then I will force him to the punishment of the Fire, and wret"
28,lemma,>aSolaHa,أَصْلَحَ,V:28,"Except for those who repent and correct themselves and make evident [what they concealed]. Those - I will accept their repentance, and I am the Accepting of repentance, the Merciful. || But if one fears from the bequeather [some] error or sin and corrects that which is between them, there is no sin "
28,lemma,m~agofirap,مَّغْفِرَة,N:28,"Those are the ones who have exchanged guidance for error and forgiveness for punishment. How patient they are in pursuit of the Fire! || And do not marry polytheistic women until they believe. And a believing slave woman is better than a polytheist, even though she might please you. And do not marry"
28,lemma,{sotajaAba,ٱسْتَجَابَ,V:28,"And when My servants ask you, [O Muhammad], concerning Me - indeed I am near. I respond to the invocation of the supplicant when he calls upon Me. So let them respond to Me [by obedience] and believe in Me that they may be [rightly] guided. || Those [believers] who responded to Allah and the Messeng"
28,lemma,Hasanap,حَسَنَة,"N:25,ADJ:3","But among them is he who says, ""Our Lord, give us in this world [that which is] good and in the Hereafter [that which is] good and protect us from the punishment of the Fire."" || But among them is he who says, ""Our Lord, give us in this world [that which is] good and in the Hereafter [that which is]"
28,lemma,>an~aY`,أَنَّىٰ,"INTG:27,N:1","Your wives are a place of sowing of seed for you, so come to your place of cultivation however you wish and put forth [righteousness] for yourselves. And fear Allah and know that you will meet Him. And give good tidings to the believers. || And their prophet said to them, ""Indeed, Allah has sent to "
28,lemma,rijaAl,رِجَال,N:28,"Divorced women remain in waiting for three periods, and it is not lawful for them to conceal what Allah has created in their wombs if they believe in Allah and the Last Day. And their husbands have more right to take them back in this [period] if they want reconciliation. And due to the wives is sim"
28,lemma,r~aHima,رَّحِمَ,V:28,"Allah does not charge a soul except [with that within] its capacity. It will have [the consequence of] what [good] it has gained, and it will bear [the consequence of] what [evil] it has earned. ""Our Lord, do not impose blame upon us if we have forgotten or erred. Our Lord, and lay not upon us a bur"
28,lemma,>agonato,أَغْنَتْ,V:28,"Indeed, those who disbelieve - never will their wealth or their children avail them against Allah at all. And it is they who are fuel for the Fire. || Indeed, those who disbelieve - never will their wealth or their children avail them against Allah at all, and those are the companions of the Fire; t"
28,lemma,kalimap,كَلِمَة,N:28,"So the angels called him while he was standing in prayer in the chamber, ""Indeed, Allah gives you good tidings of John, confirming a word from Allah and [who will be] honorable, abstaining [from women], and a prophet from among the righteous."" || [And mention] when the angels said, ""O Mary, indeed A"
28,lemma,>aSobaHa,أَصْبَحَ,V:28,"And hold firmly to the rope of Allah all together and do not become divided. And remember the favor of Allah upon you - when you were enemies and He brought your hearts together and you became, by His favor, brothers. And you were on the edge of a pit of the Fire, and He saved you from it. Thus does"
28,lemma,Hadiyv,حَدِيث,N:28,"That Day, those who disbelieved and disobeyed the Messenger will wish they could be covered by the earth. And they will not conceal from Allah a [single] statement. || Wherever you may be, death will overtake you, even if you should be within towers of lofty construction. But if good comes to them, "
28,root,yqn,يقن,,"And who believe in what has been revealed to you, [O Muhammad], and what was revealed before you, and of the Hereafter they are certain [in faith]. || Those who do not know say, ""Why does Allah not speak to us or there come to us a sign?"" Thus spoke those before them like their words. Their hearts r"
28,root,xlw,خلو,,"And when they meet those who believe, they say, ""We believe""; but when they are alone with their evil ones, they say, ""Indeed, we are with you; we were only mockers."" || And when they meet those who believe, they say, ""We have believed""; but when they are alone with one another, they say, ""Do you ta"
28,root,HwT,حوط,,"Or [it is] like a rainstorm from the sky within which is darkness, thunder and lightning. They put their fingers in their ears against the thunderclaps in dread of death. But Allah is encompassing of the disbelievers. || Yes, whoever earns evil and his sin has encompassed him - those are the compani"
28,root,sbE,سبع,,"It is He who created for you all of that which is on the earth. Then He directed Himself to the heaven, [His being above all creation], and made them seven heavens, and He is Knowing of all things. || And complete the Hajj and 'umrah for Allah. But if you are prevented, then [offer] what can be obta"
28,root,Edl,عدل,,"And fear a Day when no soul will suffice for another soul at all, nor will intercession be accepted from it, nor will compensation be taken from it, nor will they be aided. || And fear a Day when no soul will suffice for another soul at all, and no compensation will be accepted from it, nor will any"
28,root,$qq,شقق,,"Then your hearts became hardened after that, being like stones or even harder. For indeed, there are stones from which rivers burst forth, and there are some of them that split open and water comes out, and there are some of them that fall down for fear of Allah. And Allah is not unaware of what you"
28,root,Abd,ابد,,"But they will never wish for it, ever, because of what their hands have put forth. And Allah is Knowing of the wrongdoers. || But those who believe and do righteous deeds - We will admit them to gardens beneath which rivers flow, wherein they abide forever. For them therein are purified spouses, and"
28,root,vwb,ثوب,,"And if they had believed and feared Allah, then the reward from Allah would have been [far] better, if they only knew. || And [mention] when We made the House a place of return for the people and [a place of] security. And take, [O believers], from the standing place of Abraham a place of prayer. An"
28,root,rjw,رجو,,"Indeed, those who have believed and those who have emigrated and fought in the cause of Allah - those expect the mercy of Allah. And Allah is Forgiving and Merciful. || And do not weaken in pursuit of the enemy. If you should be suffering - so are they suffering as you are suffering, but you expect "
28,root,vql,ثقل,,"Indeed, Allah does not do injustice, [even] as much as an atom's weight; while if there is a good deed, He multiplies it and gives from Himself a great reward. || And the weighing [of deeds] that Day will be the truth. So those whose scales are heavy - it is they who will be the successful."
28,root,n$A,نشا,,Have they not seen how many generations We destroyed before them which We had established upon the earth as We have not established you? And We sent [rain from] the sky upon them in showers and made rivers flow beneath them; then We destroyed them for their sins and brought forth after them a genera
27,lemma,sawaA^',سَوَا^ء,"N:26,ADJ:1","Indeed, those who disbelieve - it is all the same for them whether you warn them or do not warn them - they will not believe. || Or do you intend to ask your Messenger as Moses was asked before? And whoever exchanges faith for disbelief has certainly strayed from the soundness of the way."
27,lemma,kaAfir,كَافِر,N:27,"And believe in what I have sent down confirming that which is [already] with you, and be not the first to disbelieve in it. And do not exchange My signs for a small price, and fear [only] Me. || Many of the People of the Scripture wish they could turn you back to disbelief after you have believed, o"
27,lemma,EafaA,عَفَا,V:27,"Then We forgave you after that so perhaps you would be grateful. || Many of the People of the Scripture wish they could turn you back to disbelief after you have believed, out of envy from themselves [even] after the truth has become clear to them. So pardon and overlook until Allah delivers His com"
27,lemma,baAb,بَاب,N:27,"And [recall] when We said, ""Enter this city and eat from it wherever you will in [ease and] abundance, and enter the gate bowing humbly and say, 'Relieve us of our burdens.' We will [then] forgive your sins for you, and We will increase the doers of good [in goodness and reward]."" || They ask you, ["
27,lemma,EaSaA,عَصَا,V:27,"And [recall] when you said, ""O Moses, we can never endure one [kind of] food. So call upon your Lord to bring forth for us from the earth its green herbs and its cucumbers and its garlic and its lentils and its onions."" [Moses] said, ""Would you exchange what is better for what is less? Go into [any]"
27,lemma,ga`fil,غَٰفِل,N:27,"Then your hearts became hardened after that, being like stones or even harder. For indeed, there are stones from which rivers burst forth, and there are some of them that split open and water comes out, and there are some of them that fall down for fear of Allah. And Allah is not unaware of what you"
27,lemma,qad~ama,قَدَّمَ,V:27,"But they will never wish for it, ever, because of what their hands have put forth. And Allah is Knowing of the wrongdoers. || And establish prayer and give zakah, and whatever good you put forward for yourselves - you will find it with Allah. Indeed, Allah of what you do, is Seeing."
27,lemma,>afolaHa,أَفْلَحَ,V:27,"They ask you, [O Muhammad], about the new moons. Say, ""They are measurements of time for the people and for Hajj."" And it is not righteousness to enter houses from the back, but righteousness is [in] one who fears Allah. And enter houses from their doors. And fear Allah that you may succeed. || O yo"
27,lemma,ja`hada,جَٰهَدَ,V:27,"Indeed, those who have believed and those who have emigrated and fought in the cause of Allah - those expect the mercy of Allah. And Allah is Forgiving and Merciful. || Or do you think that you will enter Paradise while Allah has not yet made evident those of you who fight in His cause and made evid"
27,lemma,m~akaAn,مَّكَان,"N:25,LOC:2","But if you want to replace one wife with another and you have given one of them a great amount [in gifts], do not take [back] from it anything. Would you take it in injustice and manifest sin? || Say, ""Shall I inform you of [what is] worse than that as penalty from Allah? [It is that of] those whom "
27,lemma,muna`fiquwn,مُنَٰفِقُون,N:27,"And when it is said to them, ""Come to what Allah has revealed and to the Messenger,"" you see the hypocrites turning away from you in aversion. || What is [the matter] with you [that you are] two groups concerning the hypocrites, while Allah has made them fall back [into error and disbelief] for what"
27,lemma,qamar,قَمَر,N:27,"And when he saw the moon rising, he said, ""This is my lord."" But when it set, he said, ""Unless my Lord guides me, I will surely be among the people gone astray."" || [He is] the cleaver of daybreak and has made the night for rest and the sun and moon for calculation. That is the determination of the "
27,lemma,yuwsuf,يُوسُف,PN:27,"And We gave to Abraham, Isaac and Jacob - all [of them] We guided. And Noah, We guided before; and among his descendants, David and Solomon and Job and Joseph and Moses and Aaron. Thus do We reward the doers of good. || [Of these stories mention] when Joseph said to his father, ""O my father, indeed "
27,lemma,luwT,لُوط,PN:27,"And Ishmael and Elisha and Jonah and Lot - and all [of them] We preferred over the worlds. || And [We had sent] Lot when he said to his people, ""Do you commit such immorality as no one has preceded you with from among the worlds?"
27,root,$jr,شجر,,"And We said, ""O Adam, dwell, you and your wife, in Paradise and eat therefrom in [ease and] abundance from wherever you will. But do not approach this tree, lest you be among the wrongdoers."" || But no, by your Lord, they will not [truly] believe until they make you, [O Muhammad], judge concerning t"
27,root,mnn,منن,,"And We shaded you with clouds and sent down to you manna and quails, [saying], ""Eat from the good things with which We have provided you."" And they wronged Us not - but they were [only] wronging themselves. || Those who spend their wealth in the way of Allah and then do not follow up what they have "
27,root,bwb,بوب,,"And [recall] when We said, ""Enter this city and eat from it wherever you will in [ease and] abundance, and enter the gate bowing humbly and say, 'Relieve us of our burdens.' We will [then] forgive your sins for you, and We will increase the doers of good [in goodness and reward]."" || They ask you, ["
27,root,E$r,عشر,,"And [recall] when Moses prayed for water for his people, so We said, ""Strike with your staff the stone."" And there gushed forth from it twelve springs, and every people knew its watering place. ""Eat and drink from the provision of Allah, and do not commit abuse on the earth, spreading corruption."" |"
27,root,Ejb,عجب,,"And of the people is he whose speech pleases you in worldly life, and he calls Allah to witness as to what is in his heart, yet he is the fiercest of opponents. || And do not marry polytheistic women until they believe. And a believing slave woman is better than a polytheist, even though she might p"
27,root,msk,مسك,,"Divorce is twice. Then, either keep [her] in an acceptable manner or release [her] with good treatment. And it is not lawful for you to take anything of what you have given them unless both fear that they will not be able to keep [within] the limits of Allah. But if you fear that they will not keep "
27,root,grr,غرر,,"That is because they say, ""Never will the Fire touch us except for [a few] numbered days,"" and [because] they were deluded in their religion by what they were inventing. || Every soul will taste death, and you will only be given your [full] compensation on the Day of Resurrection. So he who is drawn"
27,root,syr,سير,,"Similar situations [as yours] have passed on before you, so proceed throughout the earth and observe how was the end of those who denied. || Lawful to you is game from the sea and its food as provision for you and the travelers, but forbidden to you is game from the land as long as you are in the st"
27,root,wzr,وزر,,"Those will have lost who deny the meeting with Allah, until when the Hour [of resurrection] comes upon them unexpectedly, they will say, ""Oh, [how great is] our regret over what we neglected concerning it,"" while they bear their burdens on their backs. Unquestionably, evil is that which they bear. |"
27,root,qmr,قمر,,"And when he saw the moon rising, he said, ""This is my lord."" But when it set, he said, ""Unless my Lord guides me, I will surely be among the people gone astray."" || [He is] the cleaver of daybreak and has made the night for rest and the sun and moon for calculation. That is the determination of the "
26,lemma,maA*aA,مَاذَا,INTG:26,"Indeed, Allah is not timid to present an example - that of a mosquito or what is smaller than it. And those who have believed know that it is the truth from their Lord. But as for those who disbelieve, they say, ""What did Allah intend by this as an example?"" He misleads many thereby and guides many "
26,lemma,xawof,خَوْف,N:26,"We said, ""Go down from it, all of you. And when guidance comes to you from Me, whoever follows My guidance - there will be no fear concerning them, nor will they grieve. || Indeed, those who believed and those who were Jews or Christians or Sabeans [before Prophet Muhammad] - those [among them] who "
26,lemma,ba`Til,بَٰطِل,N:26,"And do not mix the truth with falsehood or conceal the truth while you know [it]. || And do not consume one another's wealth unjustly or send it [in bribery] to the rulers in order that [they might aid] you [to] consume a portion of the wealth of the people in sin, while you know [it is unlawful]."
26,lemma,'aAl,ءَال,N:26,"And [recall] when We saved your forefathers from the people of Pharaoh, who afflicted you with the worst torment, slaughtering your [newborn] sons and keeping your females alive. And in that was a great trial from your Lord. || And [recall] when We parted the sea for you and saved you and drowned th"
26,lemma,jaHiym,جَحِيم,N:26,"Indeed, We have sent you, [O Muhammad], with the truth as a bringer of good tidings and a warner, and you will not be asked about the companions of Hellfire. || But those who disbelieve and deny Our signs - those are the companions of Hellfire."
26,lemma,>ajomaEiyn,أَجْمَعِين,N:26,"Indeed, those who disbelieve and die while they are disbelievers - upon them will be the curse of Allah and of the angels and the people, all together, || Those - their recompense will be that upon them is the curse of Allah and the angels and the people, all together,"
26,lemma,qariyb,قَرِيب,"ADJ:15,N:11","And when My servants ask you, [O Muhammad], concerning Me - indeed I am near. I respond to the invocation of the supplicant when he calls upon Me. So let them respond to Me [by obedience] and believe in Me that they may be [rightly] guided. || Or do you think that you will enter Paradise while such "
26,lemma,zay~ana,زَيَّنَ,V:26,"Beautified for those who disbelieve is the life of this world, and they ridicule those who believe. But those who fear Allah are above them on the Day of Resurrection. And Allah gives provision to whom He wills without account. || Beautified for people is the love of that which they desire - of wome"
26,lemma,{mora>at,ٱمْرَأَت,N:26,"O you who have believed, when you contract a debt for a specified term, write it down. And let a scribe write [it] between you in justice. Let no scribe refuse to write as Allah has taught him. So let him write and let the one who has the obligation dictate. And let him fear Allah, his Lord, and not"
26,lemma,kayod,كَيْد,N:26,"If good touches you, it distresses them; but if harm strikes you, they rejoice at it. And if you are patient and fear Allah, their plot will not harm you at all. Indeed, Allah is encompassing of what they do. || Those who believe fight in the cause of Allah, and those who disbelieve fight in the cau"
26,lemma,vamuwd,ثَمُود,PN:26,"And to the Thamud [We sent] their brother Salih. He said, ""O my people, worship Allah; you have no deity other than Him. There has come to you clear evidence from your Lord. This is the she-camel of Allah [sent] to you as a sign. So leave her to eat within Allah 's land and do not touch her with har"
26,root,nbt,نبت,,"And [recall] when you said, ""O Moses, we can never endure one [kind of] food. So call upon your Lord to bring forth for us from the earth its green herbs and its cucumbers and its garlic and its lentils and its onions."" [Moses] said, ""Would you exchange what is better for what is less? Go into [any]"
26,root,xzy,خزي,,"Then, you are those [same ones who are] killing one another and evicting a party of your people from their homes, cooperating against them in sin and aggression. And if they come to you as captives, you ransom them, although their eviction was forbidden to you. So do you believe in part of the Scrip"
26,root,hwn,هون,,How wretched is that for which they sold themselves - that they would disbelieve in what Allah has revealed through [their] outrage that Allah would send down His favor upon whom He wills from among His servants. So they returned having [earned] wrath upon wrath. And for the disbelievers is a humili
26,root,jHm,جحم,,"Indeed, We have sent you, [O Muhammad], with the truth as a bringer of good tidings and a warner, and you will not be asked about the companions of Hellfire. || But those who disbelieve and deny Our signs - those are the companions of Hellfire."
26,root,wDE,وضع,,"But when she delivered her, she said, ""My Lord, I have delivered a female."" And Allah was most knowing of what she delivered, ""And the male is not like the female. And I have named her Mary, and I seek refuge for her in You and [for] her descendants from Satan, the expelled [from the mercy of Allah]"
26,root,Ejz,عجز,,"Then Allah sent a crow searching in the ground to show him how to hide the disgrace of his brother. He said, ""O woe to me! Have I failed to be like this crow and hide the body of my brother?"" And he became of the regretful. || Indeed, what you are promised is coming, and you will not cause failure ["
25,lemma,ya$oEuru,يَشْعُرُ,V:25,"They [think to] deceive Allah and those who believe, but they deceive not except themselves and perceive [it] not. || Unquestionably, it is they who are the corrupters, but they perceive [it] not."
25,lemma,xalaA,خَلَا,V:25,"And when they meet those who believe, they say, ""We believe""; but when they are alone with their evil ones, they say, ""Indeed, we are with you; we were only mockers."" || And when they meet those who believe, they say, ""We have believed""; but when they are alone with one another, they say, ""Do you ta"
25,lemma,m~iyva`q,مِّيثَٰق,N:25,"Who break the covenant of Allah after contracting it and sever that which Allah has ordered to be joined and cause corruption on earth. It is those who are the losers. || And [recall] when We took your covenant, [O Children of Israel, to abide by the Torah] and We raised over you the mount, [saying]"
25,lemma,A^dam,ا^دَم,PN:25,"And He taught Adam the names - all of them. Then He showed them to the angels and said, ""Inform Me of the names of these, if you are truthful."" || He said, ""O Adam, inform them of their names."" And when he had informed them of their names, He said, ""Did I not tell you that I know the unseen [aspects"
25,lemma,EiysaY,عِيسَى,PN:25,"And We did certainly give Moses the Torah and followed up after him with messengers. And We gave Jesus, the son of Mary, clear proofs and supported him with the Pure Spirit. But is it [not] that every time a messenger came to you, [O Children of Israel], with what your souls did not desire, you were"
25,lemma,junaAH,جُنَاح,N:25,"Indeed, as-Safa and al-Marwah are among the symbols of Allah. So whoever makes Hajj to the House or performs 'umrah - there is no blame upon him for walking between them. And whoever volunteers good - then indeed, Allah is appreciative and Knowing. || There is no blame upon you for seeking bounty fr"
25,lemma,baEiyd,بَعِيد,"ADJ:20,N:5","That is [deserved by them] because Allah has sent down the Book in truth. And indeed, those who differ over the Book are in extreme dissension. || The Day every soul will find what it has done of good present [before it] and what it has done of evil, it will wish that between itself and that [evil] "
25,lemma,ba>os,بَأْس,N:25,"Righteousness is not that you turn your faces toward the east or the west, but [true] righteousness is [in] one who believes in Allah, the Last Day, the angels, the Book, and the prophets and gives wealth, in spite of love for it, to relatives, orphans, the needy, the traveler, those who ask [for he"
25,lemma,qadara,قَدَرَ,V:25,"O you who have believed, do not invalidate your charities with reminders or injury as does one who spends his wealth [only] to be seen by the people and does not believe in Allah and the Last Day. His example is like that of a [large] smooth stone upon which is dust and is hit by a downpour that lea"
25,lemma,lisaAn,لِسَان,N:25,"And indeed, there is among them a party who alter the Scripture with their tongues so you may think it is from the Scripture, but it is not from the Scripture. And they say, ""This is from Allah,"" but it is not from Allah. And they speak untruth about Allah while they know. || Among the Jews are thos"
25,lemma,bagaY`,بَغَىٰ,V:25,"So is it other than the religion of Allah they desire, while to Him have submitted [all] those within the heavens and earth, willingly or by compulsion, and to Him they will be returned? || Say, ""O People of the Scripture, why do you avert from the way of Allah those who believe, seeking to make it "
25,lemma,ja`dalu,جَٰدَلُ,V:25,"And do not argue on behalf of those who deceive themselves. Indeed, Allah loves not one who is a habitually sinful deceiver. || Here you are - those who argue on their behalf in [this] worldly life - but who will argue with Allah for them on the Day of Resurrection, or who will [then] be their repre"
25,root,$ry,شري,,"Those are the ones who have purchased error [in exchange] for guidance, so their transaction has brought no profit, nor were they guided. || And believe in what I have sent down confirming that which is [already] with you, and be not the first to disbelieve in it. And do not exchange My signs for a "
25,root,Hwl,حول,,"Their example is that of one who kindled a fire, but when it illuminated what was around him, Allah took away their light and left them in darkness [so] they could not see. || Mothers may breastfeed their children two complete years for whoever wishes to complete the nursing [period]. Upon the fathe"
25,root,sqy,سقي,,"And [recall] when Moses prayed for water for his people, so We said, ""Strike with your staff the stone."" And there gushed forth from it twelve springs, and every people knew its watering place. ""Eat and drink from the provision of Allah, and do not commit abuse on the earth, spreading corruption."" |"
25,root,wEZ,وعظ,,"And We made it a deterrent punishment for those who were present and those who succeeded [them] and a lesson for those who fear Allah. || And when you divorce women and they have [nearly] fulfilled their term, either retain them according to acceptable terms or release them according to acceptable t"
25,root,HDr,حضر,,"Or were you witnesses when death approached Jacob, when he said to his sons, ""What will you worship after me?"" They said, ""We will worship your God and the God of your fathers, Abraham and Ishmael and Isaac - one God. And we are Muslims [in submission] to Him."" || Prescribed for you when death appro"
25,root,flk,فلك,,"Indeed, in the creation of the heavens and earth, and the alternation of the night and the day, and the [great] ships which sail through the sea with that which benefits people, and what Allah has sent down from the heavens of rain, giving life thereby to the earth after its lifelessness and dispers"
25,root,bTn,بطن,,"Indeed, they who conceal what Allah has sent down of the Book and exchange it for a small price - those consume not into their bellies except the Fire. And Allah will not speak to them on the Day of Resurrection, nor will He purify them. And they will have a painful punishment. || [Mention, O Muhamm"
25,root,Hdd,حدد,,"It has been made permissible for you the night preceding fasting to go to your wives [for sexual relations]. They are clothing for you and you are clothing for them. Allah knows that you used to deceive yourselves, so He accepted your repentance and forgave you. So now, have relations with them and "
25,root,bsT,بسط,,"Who is it that would loan Allah a goodly loan so He may multiply it for him many times over? And it is Allah who withholds and grants abundance, and to Him you will be returned. || And their prophet said to them, ""Indeed, Allah has sent to you Saul as a king."" They said, ""How can he have kingship ov"
25,root,qsT,قسط,,"O you who have believed, when you contract a debt for a specified term, write it down. And let a scribe write [it] between you in justice. Let no scribe refuse to write as Allah has taught him. So let him write and let the one who has the obligation dictate. And let him fear Allah, his Lord, and not"
25,root,whb,وهب,,"[Who say], ""Our Lord, let not our hearts deviate after You have guided us and grant us from Yourself mercy. Indeed, You are the Bestower. || [Who say], ""Our Lord, let not our hearts deviate after You have guided us and grant us from Yourself mercy. Indeed, You are the Bestower."
25,root,lsn,لسن,,"And indeed, there is among them a party who alter the Scripture with their tongues so you may think it is from the Scripture, but it is not from the Scripture. And they say, ""This is from Allah,"" but it is not from Allah. And they speak untruth about Allah while they know. || Among the Jews are thos"
25,root,Sly,صلي,,"Indeed, those who devour the property of orphans unjustly are only consuming into their bellies fire. And they will be burned in a Blaze. || And whoever does that in aggression and injustice - then We will drive him into a Fire. And that, for Allah, is [always] easy."
24,lemma,<iy~aA,إِيَّا,PRON:24,It is You we worship and You we ask for help. || It is You we worship and You we ask for help.
24,lemma,kaAda,كَادَ,V:24,"The lightning almost snatches away their sight. Every time it lights [the way] for them, they walk therein; but when darkness comes over them, they stand [still]. And if Allah had willed, He could have taken away their hearing and their sight. Indeed, Allah is over all things competent. || He said, "
24,lemma,TaEaAm,طَعَام,N:24,"And [recall] when you said, ""O Moses, we can never endure one [kind of] food. So call upon your Lord to bring forth for us from the earth its green herbs and its cucumbers and its garlic and its lentils and its onions."" [Moses] said, ""Would you exchange what is better for what is less? Go into [any]"
24,lemma,waraA^',وَرَا^ء,"LOC:12,N:12","And when it is said to them, ""Believe in what Allah has revealed,"" they say, ""We believe [only] in what was revealed to us."" And they disbelieve in what came after it, while it is the truth confirming that which is with them. Say, ""Then why did you kill the prophets of Allah before, if you are [inde"
24,lemma,Hay~,حَيّ,"N:23,ADJ:1","And do not say about those who are killed in the way of Allah, ""They are dead."" Rather, they are alive, but you perceive [it] not. || Allah - there is no deity except Him, the Ever-Living, the Sustainer of [all] existence. Neither drowsiness overtakes Him nor sleep. To Him belongs whatever is in the"
24,lemma,>unvaY`,أُنثَىٰ,N:24,"O you who have believed, prescribed for you is legal retribution for those murdered - the free for the free, the slave for the slave, and the female for the female. But whoever overlooks from his brother anything, then there should be a suitable follow-up and payment to him with good conduct. This i"
24,lemma,>akobar,أَكْبَر,"N:13,ADJ:11","They ask you about the sacred month - about fighting therein. Say, ""Fighting therein is great [sin], but averting [people] from the way of Allah and disbelief in Him and [preventing access to] al-Masjid al-Haram and the expulsion of its people therefrom are greater [evil] in the sight of Allah. And "
24,lemma,tawaf~aY`,تَوَفَّىٰ,V:24,"And those who are taken in death among you and leave wives behind - they, [the wives, shall] wait four months and ten [days]. And when they have fulfilled their term, then there is no blame upon you for what they do with themselves in an acceptable manner. And Allah is [fully] Acquainted with what y"
24,lemma,ganiY~,غَنِىّ,"N:20,ADJ:4","Kind speech and forgiveness are better than charity followed by injury. And Allah is Free of need and Forbearing. || O you who have believed, spend from the good things which you have earned and from that which We have produced for you from the earth. And do not aim toward the defective therefrom, s"
24,lemma,TaA^}ifap,طَا^ئِفَة,"N:23,ADJ:1","A faction of the people of the Scripture wish they could mislead you. But they do not mislead except themselves, and they perceive [it] not. || And a faction of the People of the Scripture say [to each other], ""Believe in that which was revealed to the believers at the beginning of the day and rejec"
24,lemma,wakiyl,وَكِيل,N:24,"Those to whom hypocrites said, ""Indeed, the people have gathered against you, so fear them."" But it [merely] increased them in faith, and they said, ""Sufficient for us is Allah, and [He is] the best Disposer of affairs."" || And they say, ""[We pledge] obedience."" But when they leave you, a group of t"
24,lemma,liqaA^',لِقَا^ء,N:24,"Those will have lost who deny the meeting with Allah, until when the Hour [of resurrection] comes upon them unexpectedly, they will say, ""Oh, [how great is] our regret over what we neglected concerning it,"" while they bear their burdens on their backs. Unquestionably, evil is that which they bear. |"
24,lemma,EaAd2,عَاد²,PN:24,"And to the 'Aad [We sent] their brother Hud. He said, ""O my people, worship Allah; you have no deity other than Him. Then will you not fear Him?"" || And remember when He made you successors after the 'Aad and settled you in the land, [and] you take for yourselves palaces from its plains and carve fr"
24,root,gDb,غضب,,"The path of those upon whom You have bestowed favor, not of those who have evoked [Your] anger or of those who are astray. || And [recall] when you said, ""O Moses, we can never endure one [kind of] food. So call upon your Lord to bring forth for us from the earth its green herbs and its cucumbers an"
24,root,mrD,مرض,,"In their hearts is disease, so Allah has increased their disease; and for them is a painful punishment because they [habitually] used to lie. || In their hearts is disease, so Allah has increased their disease; and for them is a painful punishment because they [habitually] used to lie."
24,root,kwd,كود,,"The lightning almost snatches away their sight. Every time it lights [the way] for them, they walk therein; but when darkness comes over them, they stand [still]. And if Allah had willed, He could have taken away their hearing and their sight. Indeed, Allah is over all things competent. || He said, "
24,root,vmr,ثمر,,"[He] who made for you the earth a bed [spread out] and the sky a ceiling and sent down from the sky, rain and brought forth thereby fruits as provision for you. So do not attribute to Allah equals while you know [that there is nothing similar to Him]. || And give good tidings to those who believe an"
24,root,fjr,فجر,,"And [recall] when Moses prayed for water for his people, so We said, ""Strike with your staff the stone."" And there gushed forth from it twelve springs, and every people knew its watering place. ""Eat and drink from the provision of Allah, and do not commit abuse on the earth, spreading corruption."" |"
24,root,*ll,ذلل,,"And [recall] when you said, ""O Moses, we can never endure one [kind of] food. So call upon your Lord to bring forth for us from the earth its green herbs and its cucumbers and its garlic and its lentils and its onions."" [Moses] said, ""Would you exchange what is better for what is less? Go into [any]"
24,root,jhl,جهل,,"And [recall] when Moses said to his people, ""Indeed, Allah commands you to slaughter a cow."" They said, ""Do you take us in ridicule?"" He said, ""I seek refuge in Allah from being among the ignorant."" || [Charity is] for the poor who have been restricted for the cause of Allah, unable to move about in"
24,root,Emr,عمر,,"And you will surely find them the most greedy of people for life - [even] more than those who associate others with Allah. One of them wishes that he could be granted life a thousand years, but it would not remove him in the least from the [coming] punishment that he should be granted life. And Alla"
24,root,fH$,فحش,,"He only orders you to evil and immorality and to say about Allah what you do not know. || Satan threatens you with poverty and orders you to immorality, while Allah promises you forgiveness from Him and bounty. And Allah is all-Encompassing and Knowing."
24,root,rqb,رقب,,"Righteousness is not that you turn your faces toward the east or the west, but [true] righteousness is [in] one who believes in Allah, the Last Day, the angels, the Book, and the prophets and gives wealth, in spite of love for it, to relatives, orphans, the needy, the traveler, those who ask [for he"
24,root,A*y,اذي,,"And complete the Hajj and 'umrah for Allah. But if you are prevented, then [offer] what can be obtained with ease of sacrificial animals. And do not shave your heads until the sacrificial animal has reached its place of slaughter. And whoever among you is ill or has an ailment of the head [making sh"
24,root,wqE,وقع,,And whoever emigrates for the cause of Allah will find on the earth many [alternative] locations and abundance. And whoever leaves his home as an emigrant to Allah and His Messenger and then death overtakes him - his reward has already become incumbent upon Allah. And Allah is ever Forgiving and Mer
23,lemma,Zuluma`t,ظُلُمَٰت,"N:22,ADJ:1","Their example is that of one who kindled a fire, but when it illuminated what was around him, Allah took away their light and left them in darkness [so] they could not see. || Or [it is] like a rainstorm from the sky within which is darkness, thunder and lightning. They put their fingers in their ea"
23,lemma,saboE,سَبْع,"N:22,T:1","It is He who created for you all of that which is on the earth. Then He directed Himself to the heaven, [His being above all creation], and made them seven heavens, and He is Knowing of all things. || The example of those who spend their wealth in the way of Allah is like a seed [of grain] which gro"
23,lemma,<im~aA,إِمَّا,"EXL:22,COND:1","We said, ""Go down from it, all of you. And when guidance comes to you from Me, whoever follows My guidance - there will be no fear concerning them, nor will they grieve. || They said, ""O Moses, either you throw [your staff], or we will be the ones to throw [first]."""
23,lemma,>anjaY`,أَنجَىٰ,V:23,"And [recall] when We parted the sea for you and saved you and drowned the people of Pharaoh while you were looking on. || Say, ""Who rescues you from the darknesses of the land and sea [when] you call upon Him imploring [aloud] and privately, 'If He should save us from this [crisis], we will surely b"
23,lemma,saAjid,سَاجِد,"N:18,ADJ:5","And [recall] when We said, ""Enter this city and eat from it wherever you will in [ease and] abundance, and enter the gate bowing humbly and say, 'Relieve us of our burdens.' We will [then] forgive your sins for you, and We will increase the doers of good [in goodness and reward]."" || And We raised o"
23,lemma,bad~ala,بَدَّلَ,V:23,"But those who wronged changed [those words] to a statement other than that which had been said to them, so We sent down upon those who wronged a punishment from the sky because they were defiantly disobeying. || Then whoever alters the bequest after he has heard it - the sin is only upon those who h"
23,lemma,yatiym,يَتِيم,"N:21,ADJ:2","And [recall] when We took the covenant from the Children of Israel, [enjoining upon them], ""Do not worship except Allah; and to parents do good and to relatives, orphans, and the needy. And speak to people good [words] and establish prayer and give zakah."" Then you turned away, except a few of you, "
23,lemma,misokiyn,مِسْكِين,"N:22,ADJ:1","And [recall] when We took the covenant from the Children of Israel, [enjoining upon them], ""Do not worship except Allah; and to parents do good and to relatives, orphans, and the needy. And speak to people good [words] and establish prayer and give zakah."" Then you turned away, except a few of you, "
23,lemma,laEana,لَعَنَ,V:23,"And they said, ""Our hearts are wrapped."" But, [in fact], Allah has cursed them for their disbelief, so little is it that they believe. || Indeed, those who conceal what We sent down of clear proofs and guidance after We made it clear for the people in the Scripture - those are cursed by Allah and cu"
23,lemma,$aha`dap,شَهَٰدَة,N:23,"Or do you say that Abraham and Ishmael and Isaac and Jacob and the Descendants were Jews or Christians? Say, ""Are you more knowing or is Allah?"" And who is more unjust than one who conceals a testimony he has from Allah? And Allah is not unaware of what you do. || O you who have believed, when you c"
23,lemma,fulok,فُلْك,N:23,"Indeed, in the creation of the heavens and earth, and the alternation of the night and the day, and the [great] ships which sail through the sea with that which benefits people, and what Allah has sent down from the heavens of rain, giving life thereby to the earth after its lifelessness and dispers"
23,lemma,*aA,ذَا,"N:18,DEM:5","Who is it that would loan Allah a goodly loan so He may multiply it for him many times over? And it is Allah who withholds and grants abundance, and to Him you will be returned. || Allah - there is no deity except Him, the Ever-Living, the Sustainer of [all] existence. Neither drowsiness overtakes H"
23,lemma,>a*ina,أَذِنَ,V:23,"And if you do not, then be informed of a war [against you] from Allah and His Messenger. But if you repent, you may have your principal - [thus] you do no wrong, nor are you wronged. || Said Pharaoh, ""You believed in him before I gave you permission. Indeed, this is a conspiracy which you conspired "
23,lemma,fatanu,فَتَنُ,V:23,"And when you travel throughout the land, there is no blame upon you for shortening the prayer, [especially] if you fear that those who disbelieve may disrupt [or attack] you. Indeed, the disbelievers are ever to you a clear enemy. || And judge, [O Muhammad], between them by what Allah has revealed a"
23,lemma,qaron,قَرْن,N:23,Have they not seen how many generations We destroyed before them which We had established upon the earth as We have not established you? And We sent [rain from] the sky upon them in showers and made rivers flow beneath them; then We destroyed them for their sins and brought forth after them a genera
23,lemma,*ikoraY`,ذِكْرَىٰ,N:23,"And when you see those who engage in [offensive] discourse concerning Our verses, then turn away from them until they enter into another conversation. And if Satan should cause you to forget, then do not remain after the reminder with the wrongdoing people. || And those who fear Allah are not held a"
23,root,m$y,مشي,,"The lightning almost snatches away their sight. Every time it lights [the way] for them, they walk therein; but when darkness comes over them, they stand [still]. And if Allah had willed, He could have taken away their hearing and their sight. Indeed, Allah is over all things competent. || And is on"
23,root,lbs,لبس,,"And do not mix the truth with falsehood or conceal the truth while you know [it]. || It has been made permissible for you the night preceding fasting to go to your wives [for sexual relations]. They are clothing for you and you are clothing for them. Allah knows that you used to deceive yourselves, "
23,root,grq,غرق,,"And [recall] when We parted the sea for you and saved you and drowned the people of Pharaoh while you were looking on. || But they denied him, so We saved him and those who were with him in the ship. And We drowned those who denied Our signs. Indeed, they were a blind people."
23,root,ytm,يتم,,"And [recall] when We took the covenant from the Children of Israel, [enjoining upon them], ""Do not worship except Allah; and to parents do good and to relatives, orphans, and the needy. And speak to people good [words] and establish prayer and give zakah."" Then you turned away, except a few of you, "
23,root,srE,سرع,,"Those will have a share of what they have earned, and Allah is swift in account. || Indeed, the religion in the sight of Allah is Islam. And those who were given the Scripture did not differ except after knowledge had come to them - out of jealous animosity between themselves. And whoever disbelieve"
23,root,nkH,نكح,,"And do not marry polytheistic women until they believe. And a believing slave woman is better than a polytheist, even though she might please you. And do not marry polytheistic men [to your women] until they believe. And a believing slave is better than a polytheist, even though he might please you."
23,root,Tlq,طلق,,"And if they decide on divorce - then indeed, Allah is Hearing and Knowing. || Divorced women remain in waiting for three periods, and it is not lawful for them to conceal what Allah has created in their wombs if they believe in Allah and the Last Day. And their husbands have more right to take them "
23,root,srf,سرف,,"And their words were not but that they said, ""Our Lord, forgive us our sins and the excess [committed] in our affairs and plant firmly our feet and give us victory over the disbelieving people."" || And test the orphans [in their abilities] until they reach marriageable age. Then if you perceive in t"
23,root,wzn,وزن,,"And do not approach the orphan's property except in a way that is best until he reaches maturity. And give full measure and weight in justice. We do not charge any soul except [with that within] its capacity. And when you testify, be just, even if [it concerns] a near relative. And the covenant of A"
22,lemma,samoE,سَمْع,N:22,"Allah has set a seal upon their hearts and upon their hearing, and over their vision is a veil. And for them is a great punishment. || The lightning almost snatches away their sight. Every time it lights [the way] for them, they walk therein; but when darkness comes over them, they stand [still]. An"
22,lemma,rafaEa,رَفَعَ,V:22,"And [recall] when We took your covenant, [O Children of Israel, to abide by the Torah] and We raised over you the mount, [saying], ""Take what We have given you with determination and remember what is in it that perhaps you may become righteous."" || And [recall] when We took your covenant and raised "
22,lemma,xalof,خَلْف,"N:17,LOC:5","And We made it a deterrent punishment for those who were present and those who succeeded [them] and a lesson for those who fear Allah. || Allah - there is no deity except Him, the Ever-Living, the Sustainer of [all] existence. Neither drowsiness overtakes Him nor sleep. To Him belongs whatever is in"
22,lemma,balaY`,بَلَىٰ,ANS:22,"Yes, whoever earns evil and his sin has encompassed him - those are the companions of the Fire; they will abide therein eternally. || Yes [on the contrary], whoever submits his face in Islam to Allah while being a doer of good will have his reward with his Lord. And no fear will there be concerning "
22,lemma,say~i}ap,سَيِّئَة,"N:21,ADJ:1","Yes, whoever earns evil and his sin has encompassed him - those are the companions of the Fire; they will abide therein eternally. || If good touches you, it distresses them; but if harm strikes you, they rejoice at it. And if you are patient and fear Allah, their plot will not harm you at all. Inde"
22,lemma,>asolama,أَسْلَمَ,V:22,"Yes [on the contrary], whoever submits his face in Islam to Allah while being a doer of good will have his reward with his Lord. And no fear will there be concerning them, nor will they grieve. || When his Lord said to him, ""Submit"", he said ""I have submitted [in Islam] to the Lord of the worlds."""
22,lemma,duEaA^',دُعَا^ء,N:22,"The example of those who disbelieve is like that of one who shouts at what hears nothing but calls and cries cattle or sheep - deaf, dumb and blind, so they do not understand. || At that, Zechariah called upon his Lord, saying, ""My Lord, grant me from Yourself a good offspring. Indeed, You are the H"
22,lemma,naSor,نَصْر,N:22,"Or do you think that you will enter Paradise while such [trial] has not yet come to you as came to those who passed on before you? They were touched by poverty and hardship and were shaken until [even their] messenger and those who believed with him said, ""When is the help of Allah?"" Unquestionably,"
22,lemma,yarojuwA@,يَرْجُوا@,V:22,"Indeed, those who have believed and those who have emigrated and fought in the cause of Allah - those expect the mercy of Allah. And Allah is Forgiving and Merciful. || And do not weaken in pursuit of the enemy. If you should be suffering - so are they suffering as you are suffering, but you expect "
22,lemma,wahaba,وَهَبَ,V:22,"[Who say], ""Our Lord, let not our hearts deviate after You have guided us and grant us from Yourself mercy. Indeed, You are the Bestower. || At that, Zechariah called upon his Lord, saying, ""My Lord, grant me from Yourself a good offspring. Indeed, You are the Hearer of supplication."""
22,lemma,jamaEa,جَمَعَ,V:22,"So how will it be when We assemble them for a Day about which there is no doubt? And each soul will be compensated [in full for] what it earned, and they will not be wronged. || And if you are killed in the cause of Allah or die - then forgiveness from Allah and mercy are better than whatever they a"
22,lemma,makara,مَكَرَ,V:22,"And the disbelievers planned, but Allah planned. And Allah is the best of planners. || And the disbelievers planned, but Allah planned. And Allah is the best of planners."
22,lemma,ma>owaY`,مَأْوَىٰ,N:22,"We will cast terror into the hearts of those who disbelieve for what they have associated with Allah of which He had not sent down [any] authority. And their refuge will be the Fire, and wretched is the residence of the wrongdoers. || So is one who pursues the pleasure of Allah like one who brings u"
22,lemma,bar~,بَرّ,"N:21,ADJ:1","Our Lord, indeed we have heard a caller calling to faith, [saying], 'Believe in your Lord,' and we have believed. Our Lord, so forgive us our sins and remove from us our misdeeds and cause us to die with the righteous. || But those who feared their Lord will have gardens beneath which rivers flow, a"
22,lemma,m~u&omina`t,مُّؤْمِنَٰت,"N:18,ADJ:4","And whoever among you cannot [find] the means to marry free, believing women, then [he may marry] from those whom your right hands possess of believing slave girls. And Allah is most knowing about your faith. You [believers] are of one another. So marry them with the permission of their people and g"
22,lemma,>a*aAqa,أَذَاقَ,V:22,"Say, ""He is the [one] Able to send upon you affliction from above you or from beneath your feet or to confuse you [so you become] sects and make you taste the violence of one another."" Look how We diversify the signs that they might understand. || And when We give the people a taste of mercy after a"
22,lemma,jin~,جِنّ,N:22,"But they have attributed to Allah partners - the jinn, while He has created them - and have fabricated for Him sons and daughters. Exalted is He and high above what they describe || And thus We have made for every prophet an enemy - devils from mankind and jinn, inspiring to one another decorative s"
22,lemma,sa`Hir,سَٰحِر,N:22,"Said the eminent among the people of Pharaoh, ""Indeed, this is a learned magician || Who will bring you every learned magician."""
22,lemma,sax~ara,سَخَّرَ,V:22,"It is Allah who erected the heavens without pillars that you [can] see; then He established Himself above the Throne and made subject the sun and the moon, each running [its course] for a specified term. He arranges [each] matter; He details the signs that you may, of the meeting with your Lord, be "
22,root,rbE,ربع,,"And [recall] when We made an appointment with Moses for forty nights. Then you took [for worship] the calf after him, while you were wrongdoers. || For those who swear not to have sexual relations with their wives is a waiting time of four months, but if they return [to normal relations] - then inde"
22,root,xTA,خطا,,"And [recall] when We said, ""Enter this city and eat from it wherever you will in [ease and] abundance, and enter the gate bowing humbly and say, 'Relieve us of our burdens.' We will [then] forgive your sins for you, and We will increase the doers of good [in goodness and reward]."" || Yes, whoever ea"
22,root,Alf,الف,,"And you will surely find them the most greedy of people for life - [even] more than those who associate others with Allah. One of them wishes that he could be granted life a thousand years, but it would not remove him in the least from the [coming] punishment that he should be granted life. And Alla"
22,root,tmm,تمم,,"And [mention, O Muhammad], when Abraham was tried by his Lord with commands and he fulfilled them. [Allah] said, ""Indeed, I will make you a leader for the people."" [Abraham] said, ""And of my descendants?"" [Allah] said, ""My covenant does not include the wrongdoers."" || And from wherever you go out [f"
22,root,gwy,غوي,,"There shall be no compulsion in [acceptance of] the religion. The right course has become clear from the wrong. So whoever disbelieves in Taghut and believes in Allah has grasped the most trustworthy handhold with no break in it. And Allah is Hearing and Knowing. || [Satan] said, ""Because You have p"
22,root,trb,ترب,,"O you who have believed, do not invalidate your charities with reminders or injury as does one who spends his wealth [only] to be seen by the people and does not believe in Allah and the Last Day. His example is like that of a [large] smooth stone upon which is dust and is hit by a downpour that lea"
22,root,frH,فرح,,"If good touches you, it distresses them; but if harm strikes you, they rejoice at it. And if you are patient and fear Allah, their plot will not harm you at all. Indeed, Allah is encompassing of what they do. || Rejoicing in what Allah has bestowed upon them of His bounty, and they receive good tidi"
22,root,Erb,عرب,,"And those with excuses among the bedouins came to be permitted [to remain], and they who had lied to Allah and His Messenger sat [at home]. There will strike those who disbelieved among them a painful punishment. || The bedouins are stronger in disbelief and hypocrisy and more likely not to know the"
21,lemma,mufosid,مُفْسِد,N:21,"Unquestionably, it is they who are the corrupters, but they perceive [it] not. || And [recall] when Moses prayed for water for his people, so We said, ""Strike with your staff the stone."" And there gushed forth from it twelve springs, and every people knew its watering place. ""Eat and drink from the "
21,lemma,{sotuhozi}a,ٱسْتُهْزِئَ,V:21,"[But] Allah mocks them and prolongs them in their transgression [while] they wander blindly. || And it has already come down to you in the Book that when you hear the verses of Allah [recited], they are denied [by them] and ridiculed; so do not sit with them until they enter into another conversatio"
21,lemma,{$otaraY`,ٱشْتَرَىٰ,V:21,"Those are the ones who have purchased error [in exchange] for guidance, so their transaction has brought no profit, nor were they guided. || And believe in what I have sent down confirming that which is [already] with you, and be not the first to disbelieve in it. And do not exchange My signs for a "
21,lemma,>aEomaY`,أَعْمَىٰ,"N:18,ADJ:3","Deaf, dumb and blind - so they will not return [to the right path]. || The example of those who disbelieve is like that of one who shouts at what hears nothing but calls and cries cattle or sheep - deaf, dumb and blind, so they do not understand."
21,lemma,m~a$a,مَّشَ,V:21,"The lightning almost snatches away their sight. Every time it lights [the way] for them, they walk therein; but when darkness comes over them, they stand [still]. And if Allah had willed, He could have taken away their hearing and their sight. Indeed, Allah is over all things competent. || And is on"
21,lemma,>amaAta,أَمَاتَ,V:21,"How can you disbelieve in Allah when you were lifeless and He brought you to life; then He will cause you to die, then He will bring you [back] to life, and then to Him you will be returned. || Have you not considered the one who argued with Abraham about his Lord [merely] because Allah had given hi"
21,lemma,katama,كَتَمَ,V:21,"He said, ""O Adam, inform them of their names."" And when he had informed them of their names, He said, ""Did I not tell you that I know the unseen [aspects] of the heavens and the earth? And I know what you reveal and what you have concealed."" || And do not mix the truth with falsehood or conceal the "
21,lemma,Tay~iba`t,طَيِّبَٰت,N:21,"And We shaded you with clouds and sent down to you manna and quails, [saying], ""Eat from the good things with which We have provided you."" And they wronged Us not - but they were [only] wronging themselves. || O you who have believed, eat from the good things which We have provided for you and be gr"
21,lemma,ruwH,رُوح,N:21,"And We did certainly give Moses the Torah and followed up after him with messengers. And We gave Jesus, the son of Mary, clear proofs and supported him with the Pure Spirit. But is it [not] that every time a messenger came to you, [O Children of Israel], with what your souls did not desire, you were"
21,lemma,$ahor,شَهْر,N:21,"The month of Ramadhan [is that] in which was revealed the Qur'an, a guidance for the people and clear proofs of guidance and criterion. So whoever sights [the new moon of] the month, let him fast it; and whoever is ill or on a journey - then an equal number of other days. Allah intends for you ease "
21,lemma,>aHosana,أَحْسَنَ,V:21,"And spend in the way of Allah and do not throw [yourselves] with your [own] hands into destruction [by refraining]. And do good; indeed, Allah loves the doers of good. || Those [believers] who responded to Allah and the Messenger after injury had struck them. For those who did good among them and fe"
21,lemma,naSiyb,نَصِيب,N:21,"Those will have a share of what they have earned, and Allah is swift in account. || Do you not consider, [O Muhammad], those who were given a portion of the Scripture? They are invited to the Scripture of Allah that it should arbitrate between them; then a party of them turns away, and they are refu"
21,lemma,kam,كَم,"INTG:20,N:1","Ask the Children of Israel how many a sign of evidence We have given them. And whoever exchanges the favor of Allah [for disbelief] after it has come to him - then indeed, Allah is severe in penalty. || And when Saul went forth with the soldiers, he said, ""Indeed, Allah will be testing you with a ri"
21,lemma,Hasan,حَسَن,"ADJ:20,N:1","Who is it that would loan Allah a goodly loan so He may multiply it for him many times over? And it is Allah who withholds and grants abundance, and to Him you will be returned. || So her Lord accepted her with good acceptance and caused her to grow in a good manner and put her in the care of Zechar"
21,lemma,m~usam~FY,مُّسَمًّى,"N:16,ADJ:5","O you who have believed, when you contract a debt for a specified term, write it down. And let a scribe write [it] between you in justice. Let no scribe refuse to write as Allah has taught him. So let him write and let the one who has the obligation dictate. And let him fear Allah, his Lord, and not"
21,lemma,waDaEa,وَضَعَ,V:21,"But when she delivered her, she said, ""My Lord, I have delivered a female."" And Allah was most knowing of what she delivered, ""And the male is not like the female. And I have named her Mary, and I seek refuge for her in You and [for] her descendants from Satan, the expelled [from the mercy of Allah]"
21,lemma,$aAhid,شَاهِد,"N:19,ADJ:2","Our Lord, we have believed in what You revealed and have followed the messenger Jesus, so register us among the witnesses [to truth]."" || And [recall, O People of the Scripture], when Allah took the covenant of the prophets, [saying], ""Whatever I give you of the Scripture and wisdom and then there c"
21,lemma,m~uka*~ibiyn,مُّكَذِّبِين,N:21,"Similar situations [as yours] have passed on before you, so proceed throughout the earth and observe how was the end of those who denied. || Say, ""Travel through the land; then observe how was the end of the deniers."""
21,lemma,Zan~,ظَنّ,N:21,"Then after distress, He sent down upon you security [in the form of] drowsiness, overcoming a faction of you, while another faction worried about themselves, thinking of Allah other than the truth - the thought of ignorance, saying, ""Is there anything for us [to have done] in this matter?"" Say, ""Ind"
21,root,H*r,حذر,,"Or [it is] like a rainstorm from the sky within which is darkness, thunder and lightning. They put their fingers in their ears against the thunderclaps in dread of death. But Allah is encompassing of the disbelievers. || There is no blame upon you for that to which you [indirectly] allude concerning"
21,root,Hjr,حجر,,"But if you do not - and you will never be able to - then fear the Fire, whose fuel is men and stones, prepared for the disbelievers. || And [recall] when Moses prayed for water for his people, so We said, ""Strike with your staff the stone."" And there gushed forth from it twelve springs, and every pe"
21,root,ktm,كتم,,"He said, ""O Adam, inform them of their names."" And when he had informed them of their names, He said, ""Did I not tell you that I know the unseen [aspects] of the heavens and the earth? And I know what you reveal and what you have concealed."" || And do not mix the truth with falsehood or conceal the "
21,root,hwd,هود,,"Indeed, those who believed and those who were Jews or Christians or Sabeans [before Prophet Muhammad] - those [among them] who believed in Allah and the Last Day and did righteousness - will have their reward with their Lord, and no fear will there be concerning them, nor will they grieve. || And th"
21,root,mny,مني,,"And among them are unlettered ones who do not know the Scripture except in wishful thinking, but they are only assuming. || Say, [O Muhammad], ""If the home of the Hereafter with Allah is for you alone and not the [other] people, then wish for death, if you should be truthful."
21,root,$hr,شهر,,"The month of Ramadhan [is that] in which was revealed the Qur'an, a guidance for the people and clear proofs of guidance and criterion. So whoever sights [the new moon of] the month, let him fast it; and whoever is ill or on a journey - then an equal number of other days. Allah intends for you ease "
21,root,Hlm,حلم,,"Allah does not impose blame upon you for what is unintentional in your oaths, but He imposes blame upon you for what your hearts have earned. And Allah is Forgiving and Forbearing. || There is no blame upon you for that to which you [indirectly] allude concerning a proposal to women or for what you "
21,root,bqy,بقي,,"And their prophet said to them, ""Indeed, a sign of his kingship is that the chest will come to you in which is assurance from your Lord and a remnant of what the family of Moses and the family of Aaron had left, carried by the angels. Indeed in that is a sign for you, if you are believers."" || O you"
21,root,snn,سنن,,"Similar situations [as yours] have passed on before you, so proceed throughout the earth and observe how was the end of those who denied. || Allah wants to make clear to you [the lawful from the unlawful] and guide you to the [good] practices of those before you and to accept your repentance. And Al"
21,root,fty,فتي,,"And whoever among you cannot [find] the means to marry free, believing women, then [he may marry] from those whom your right hands possess of believing slave girls. And Allah is most knowing about your faith. You [believers] are of one another. So marry them with the permission of their people and g"
21,root,Avr,اثر,,"And We sent, following in their footsteps, Jesus, the son of Mary, confirming that which came before him in the Torah; and We gave him the Gospel, in which was guidance and light and confirming that which preceded it of the Torah as guidance and instruction for the righteous. || They said, ""By Allah"
21,root,Hmm,حمم,,"And leave those who take their religion as amusement and diversion and whom the worldly life has deluded. But remind with the Qur'an, lest a soul be given up to destruction for what it earned; it will have other than Allah no protector and no intercessor. And if it should offer every compensation, i"
21,root,n$r,نشر,,"And [for] every person We have imposed his fate upon his neck, and We will produce for him on the Day of Resurrection a record which he will encounter spread open. || [The youths said to one another], ""And when you have withdrawn from them and that which they worship other than Allah, retreat to the"
20,lemma,>aEad~a,أَعَدَّ,V:20,"But if you do not - and you will never be able to - then fear the Fire, whose fuel is men and stones, prepared for the disbelievers. || And fear the Fire, which has been prepared for the disbelievers."
20,lemma,Earafa,عَرَفَ,V:20,"And when there came to them a Book from Allah confirming that which was with them - although before they used to pray for victory against those who disbelieved - but [then] when there came to them that which they recognized, they disbelieved in it; so the curse of Allah will be upon the disbelievers"
20,lemma,saEaY`,سَعَىٰ,V:20,"And who are more unjust than those who prevent the name of Allah from being mentioned in His mosques and strive toward their destruction. It is not for them to enter them except in fear. For them in this world is disgrace, and they will have in the Hereafter a great punishment. || And when he goes a"
20,lemma,kal~ama,كَلَّمَ,V:20,"Those who do not know say, ""Why does Allah not speak to us or there come to us a sign?"" Thus spoke those before them like their words. Their hearts resemble each other. We have shown clearly the signs to a people who are certain [in faith]. || Indeed, they who conceal what Allah has sent down of the"
20,lemma,Hikomap,حِكْمَة,N:20,"Our Lord, and send among them a messenger from themselves who will recite to them Your verses and teach them the Book and wisdom and purify them. Indeed, You are the Exalted in Might, the Wise."" || Just as We have sent among you a messenger from yourselves reciting to you Our verses and purifying yo"
20,lemma,SaAbir,صَابِر,"N:19,ADJ:1","O you who have believed, seek help through patience and prayer. Indeed, Allah is with the patient. || And We will surely test you with something of fear and hunger and a loss of wealth and lives and fruits, but give good tidings to the patient,"
20,lemma,balawo,بَلَوْ,V:20,"And We will surely test you with something of fear and hunger and a loss of wealth and lives and fruits, but give good tidings to the patient, || And We have revealed to you, [O Muhammad], the Book in truth, confirming that which preceded it of the Scripture and as a criterion over it. So judge betw"
20,lemma,>aHal~a,أَحَلَّ,V:20,"It has been made permissible for you the night preceding fasting to go to your wives [for sexual relations]. They are clothing for you and you are clothing for them. Allah knows that you used to deceive yourselves, so He accepted your repentance and forgave you. So now, have relations with them and "
20,lemma,>amina,أَمِنَ,V:20,"And complete the Hajj and 'umrah for Allah. But if you are prevented, then [offer] what can be obtained with ease of sacrificial animals. And do not shave your heads until the sacrificial animal has reached its place of slaughter. And whoever among you is ill or has an ailment of the head [making sh"
20,lemma,EiqaAb,عِقَاب,N:20,"And complete the Hajj and 'umrah for Allah. But if you are prevented, then [offer] what can be obtained with ease of sacrificial animals. And do not shave your heads until the sacrificial animal has reached its place of slaughter. And whoever among you is ill or has an ailment of the head [making sh"
20,lemma,ha`ruwn,هَٰرُون,PN:20,"And their prophet said to them, ""Indeed, a sign of his kingship is that the chest will come to you in which is assurance from your Lord and a remnant of what the family of Moses and the family of Aaron had left, carried by the angels. Indeed in that is a sign for you, if you are believers."" || Indee"
20,lemma,laday,لَدَي,LOC:20,"That is from the news of the unseen which We reveal to you, [O Muhammad]. And you were not with them when they cast their pens as to which of them should be responsible for Mary. Nor were you with them when they disputed. || That is from the news of the unseen which We reveal to you, [O Muhammad]. A"
20,lemma,Zulom,ظُلْم,N:20,"These are the verses of Allah. We recite them to you, [O Muhammad], in truth; and Allah wants no injustice to the worlds. || Indeed, those who devour the property of orphans unjustly are only consuming into their bellies fire. And they will be burned in a Blaze."
20,lemma,qaS~a,قَصَّ,V:20,And [We sent] messengers about whom We have related [their stories] to you before and messengers about whom We have not related to you. And Allah spoke to Moses with [direct] speech. || And [We sent] messengers about whom We have related [their stories] to you before and messengers about whom We hav
20,lemma,>aqosamu,أَقْسَمُ,V:20,"And those who believe will say, ""Are these the ones who swore by Allah their strongest oaths that indeed they were with you?"" Their deeds have become worthless, and they have become losers. || O you who have believed, testimony [should be taken] among you when death approaches one of you at the time"
20,lemma,Hizob,حِزْب,N:20,"And whoever is an ally of Allah and His Messenger and those who have believed - indeed, the party of Allah - they will be the predominant. || So is one who [stands] upon a clear evidence from his Lord [like the aforementioned]? And a witness from Him follows it, and before it was the Scripture of Mo"
20,lemma,>an$a>a,أَنشَأَ,V:20,Have they not seen how many generations We destroyed before them which We had established upon the earth as We have not established you? And We sent [rain from] the sky upon them in showers and made rivers flow beneath them; then We destroyed them for their sins and brought forth after them a genera
20,lemma,Hamiym,حَمِيم,"N:14,ADJ:6","And leave those who take their religion as amusement and diversion and whom the worldly life has deluded. But remind with the Qur'an, lest a soul be given up to destruction for what it earned; it will have other than Allah no protector and no intercessor. And if it should offer every compensation, i"
20,lemma,taEa`laY`,تَعَٰلَىٰ,V:20,"But they have attributed to Allah partners - the jinn, while He has created them - and have fabricated for Him sons and daughters. Exalted is He and high above what they describe || But when He gives them a good [child], they ascribe partners to Him concerning that which He has given them. Exalted i"
20,lemma,Haq~a,حَقَّ,V:20,"A group [of you] He guided, and a group deserved [to be in] error. Indeed, they had taken the devils as allies instead of Allah while they thought that they were guided. || Thus the word of your Lord has come into effect upon those who defiantly disobeyed - that they will not believe."
20,lemma,sabaqa,سَبَقَ,V:20,"And [We had sent] Lot when he said to his people, ""Do you commit such immorality as no one has preceded you with from among the worlds? || And let not those who disbelieve think they will escape. Indeed, they will not cause failure [to Allah]."
20,root,snw,سنو,,"And you will surely find them the most greedy of people for life - [even] more than those who associate others with Allah. One of them wishes that he could be granted life a thousand years, but it would not remove him in the least from the [coming] punishment that he should be granted life. And Alla"
20,root,mry,مري,,"The truth is from your Lord, so never be among the doubters. || The truth is from your Lord, so do not be among the doubters."
20,root,drj,درج,,"Divorced women remain in waiting for three periods, and it is not lawful for them to conceal what Allah has created in their wombs if they believe in Allah and the Last Day. And their husbands have more right to take them back in this [period] if they want reconciliation. And due to the wives is sim"
20,root,rbw,ربو,,"And the example of those who spend their wealth seeking means to the approval of Allah and assuring [reward for] themselves is like a garden on high ground which is hit by a downpour - so it yields its fruits in double. And [even] if it is not hit by a downpour, then a drizzle [is sufficient]. And A"
20,root,nxl,نخل,,"Would one of you like to have a garden of palm trees and grapevines underneath which rivers flow in which he has from every fruit? But he is afflicted with old age and has weak offspring, and it is hit by a whirlwind containing fire and is burned. Thus does Allah make clear to you [His] verses that "
20,root,nzE,نزع,,"Say, ""O Allah, Owner of Sovereignty, You give sovereignty to whom You will and You take sovereignty away from whom You will. You honor whom You will and You humble whom You will. In Your hand is [all] good. Indeed, You are over all things competent. || And Allah had certainly fulfilled His promise t"
20,root,nfx,نفخ,,"And [make him] a messenger to the Children of Israel, [who will say], 'Indeed I have come to you with a sign from your Lord in that I design for you from clay [that which is] like the form of a bird, then I breathe into it and it becomes a bird by permission of Allah. And I cure the blind and the le"
20,root,fqh,فقه,,"Wherever you may be, death will overtake you, even if you should be within towers of lofty construction. But if good comes to them, they say, ""This is from Allah ""; and if evil befalls them, they say, ""This is from you."" Say, ""All [things] are from Allah."" So what is [the matter] with those people t"
20,root,SnE,صنع,,"And from those who say, ""We are Christians"" We took their covenant; but they forgot a portion of that of which they were reminded. So We caused among them animosity and hatred until the Day of Resurrection. And Allah is going to inform them about what they used to do. || Why do the rabbis and religi"
20,root,Hzb,حزب,,"And whoever is an ally of Allah and His Messenger and those who have believed - indeed, the party of Allah - they will be the predominant. || So is one who [stands] upon a clear evidence from his Lord [like the aforementioned]? And a witness from Him follows it, and before it was the Scripture of Mo"
20,root,lEb,لعب,,"O you who have believed, take not those who have taken your religion in ridicule and amusement among the ones who were given the Scripture before you nor the disbelievers as allies. And fear Allah, if you should [truly] be believers. || And when you call to prayer, they take it in ridicule and amuse"
20,root,fTr,فطر,,"Say, ""Is it other than Allah I should take as a protector, Creator of the heavens and the earth, while it is He who feeds and is not fed?"" Say, [O Muhammad], ""Indeed, I have been commanded to be the first [among you] who submit [to Allah] and [was commanded], 'Do not ever be of the polytheists.' "" |"
20,root,k$f,كشف,,"And if Allah should touch you with adversity, there is no remover of it except Him. And if He touches you with good - then He is over all things competent. || No, it is Him [alone] you would invoke, and He would remove that for which you invoked Him if He willed, and you would forget what you associ"
19,lemma,$ajarap,شَجَرَة,N:19,"And We said, ""O Adam, dwell, you and your wife, in Paradise and eat therefrom in [ease and] abundance from wherever you will. But do not approach this tree, lest you be among the wrongdoers."" || And ""O Adam, dwell, you and your wife, in Paradise and eat from wherever you will but do not approach thi"
19,lemma,muSad~iq,مُصَدِّق,"N:15,ADJ:4","And believe in what I have sent down confirming that which is [already] with you, and be not the first to disbelieve in it. And do not exchange My signs for a small price, and fear [only] Me. || And when there came to them a Book from Allah confirming that which was with them - although before they "
19,lemma,m~uEoriDuwn,مُّعْرِضُون,N:19,"And [recall] when We took the covenant from the Children of Israel, [enjoining upon them], ""Do not worship except Allah; and to parents do good and to relatives, orphans, and the needy. And speak to people good [words] and establish prayer and give zakah."" Then you turned away, except a few of you, "
19,lemma,yaDur~a,يَضُرَّ,V:19,"And they followed [instead] what the devils had recited during the reign of Solomon. It was not Solomon who disbelieved, but the devils disbelieved, teaching people magic and that which was revealed to the two angels at Babylon, Harut and Marut. But the two angels do not teach anyone unless they say"
19,lemma,>ayon,أَيْن,"INTG:12,LOC:4,COND:3","And to Allah belongs the east and the west. So wherever you [might] turn, there is the Face of Allah. Indeed, Allah is all-Encompassing and Knowing. || For each [religious following] is a direction toward which it faces. So race to [all that is] good. Wherever you may be, Allah will bring you forth "
19,lemma,>aqorab,أَقْرَب,"N:17,ADJ:2","Prescribed for you when death approaches [any] one of you if he leaves wealth [is that he should make] a bequest for the parents and near relatives according to what is acceptable - a duty upon the righteous. || They ask you, [O Muhammad], what they should spend. Say, ""Whatever you spend of good is "
19,lemma,mar~ap,مَرَّة,N:19,"Divorce is twice. Then, either keep [her] in an acceptable manner or release [her] with good treatment. And it is not lawful for you to take anything of what you have given them unless both fear that they will not be able to keep [within] the limits of Allah. But if you fear that they will not keep "
19,lemma,Tayor,طَيْر,N:19,"And [mention] when Abraham said, ""My Lord, show me how You give life to the dead."" [Allah] said, ""Have you not believed?"" He said, ""Yes, but [I ask] only that my heart may be satisfied."" [Allah] said, ""Take four birds and commit them to yourself. Then [after slaughtering them] put on each hill a por"
19,lemma,nafaxa,نَفَخَ,V:19,"And [make him] a messenger to the Children of Israel, [who will say], 'Indeed I have come to you with a sign from your Lord in that I design for you from clay [that which is] like the form of a bird, then I breathe into it and it becomes a bird by permission of Allah. And I cure the blind and the le"
19,lemma,fawoz,فَوْز,N:19,"These are the limits [set by] Allah, and whoever obeys Allah and His Messenger will be admitted by Him to gardens [in Paradise] under which rivers flow, abiding eternally therein; and that is the great attainment. || But if bounty comes to you from Allah, he will surely say, as if there had never be"
19,lemma,yafoqahu,يَفْقَهُ,V:19,"Wherever you may be, death will overtake you, even if you should be within towers of lofty construction. But if good comes to them, they say, ""This is from Allah ""; and if evil befalls them, they say, ""This is from you."" Say, ""All [things] are from Allah."" So what is [the matter] with those people t"
19,lemma,Dur~,ضُرّ,N:19,"And if Allah should touch you with adversity, there is no remover of it except Him. And if He touches you with good - then He is over all things competent. || And when affliction touches man, he calls upon Us, whether lying on his side or sitting or standing; but when We remove from him his afflicti"
19,lemma,{sotaEojala,ٱسْتَعْجَلَ,V:19,"Say, ""Indeed, I am on clear evidence from my Lord, and you have denied it. I do not have that for which you are impatient. The decision is only for Allah. He relates the truth, and He is the best of deciders."" || Say, ""If I had that for which you are impatient, the matter would have been decided bet"
19,lemma,ziynap,زِينَة,N:19,"O children of Adam, take your adornment at every masjid, and eat and drink, but be not excessive. Indeed, He likes not those who commit excess. || Say, ""Who has forbidden the adornment of Allah which He has produced for His servants and the good [lawful] things of provision?"" Say, ""They are for thos"
19,lemma,makor,مَكْر,N:19,Then did they feel secure from the plan of Allah? But no one feels secure from the plan of Allah except the losing people. || Then did they feel secure from the plan of Allah? But no one feels secure from the plan of Allah except the losing people.
19,root,vmn,ثمن,,"And believe in what I have sent down confirming that which is [already] with you, and be not the first to disbelieve in it. And do not exchange My signs for a small price, and fear [only] Me. || So woe to those who write the ""scripture"" with their own hands, then say, ""This is from Allah,"" in order "
19,root,grb,غرب,,"And to Allah belongs the east and the west. So wherever you [might] turn, there is the Face of Allah. Indeed, Allah is all-Encompassing and Knowing. || The foolish among the people will say, ""What has turned them away from their qiblah, which they used to face?"" Say, ""To Allah belongs the east and t"
19,root,bld,بلد,,"And [mention] when Abraham said, ""My Lord, make this a secure city and provide its people with fruits - whoever of them believes in Allah and the Last Day."" [Allah] said. ""And whoever disbelieves - I will grant him enjoyment for a little; then I will force him to the punishment of the Fire, and wret"
19,root,r$d,رشد,,"And when My servants ask you, [O Muhammad], concerning Me - indeed I am near. I respond to the invocation of the supplicant when he calls upon Me. So let them respond to Me [by obedience] and believe in Me that they may be [rightly] guided. || There shall be no compulsion in [acceptance of] the reli"
19,root,Swr,صور,,"And [mention] when Abraham said, ""My Lord, show me how You give life to the dead."" [Allah] said, ""Have you not believed?"" He said, ""Yes, but [I ask] only that my heart may be satisfied."" [Allah] said, ""Take four birds and commit them to yourself. Then [after slaughtering them] put on each hill a por"
19,root,TlE,طلع,,"Allah would not leave the believers in that [state] you are in [presently] until He separates the evil from the good. Nor would Allah reveal to you the unseen. But [instead], Allah chooses of His messengers whom He wills, so believe in Allah and His messengers. And if you believe and fear Him, then "
19,root,sEr,سعر,,"Indeed, those who devour the property of orphans unjustly are only consuming into their bellies fire. And they will be burned in a Blaze. || And some among them believed in it, and some among them were averse to it. And sufficient is Hell as a blaze."
19,root,fkh,فكه,,"And We brought forth for you thereby gardens of palm trees and grapevines in which for you are abundant fruits and from which you eat. || Indeed the companions of Paradise, that Day, will be amused in [joyful] occupation -"
18,lemma,rayob,رَيْب,N:18,"This is the Book about which there is no doubt, a guidance for those conscious of Allah - || And if you are in doubt about what We have sent down upon Our Servant [Muhammad], then produce a surah the like thereof and call upon your witnesses other than Allah, if you should be truthful."
18,lemma,>u*unN,أُذُنٌ,N:18,"Or [it is] like a rainstorm from the sky within which is darkness, thunder and lightning. They put their fingers in their ears against the thunderclaps in dread of death. But Allah is encompassing of the disbelievers. || And I will mislead them, and I will arouse in them [sinful] desires, and I will"
18,lemma,>awofaY`,أَوْفَىٰ,V:18,"O Children of Israel, remember My favor which I have bestowed upon you and fulfill My covenant [upon you] that I will fulfill your covenant [from Me], and be afraid of [only] Me. || O Children of Israel, remember My favor which I have bestowed upon you and fulfill My covenant [upon you] that I will "
18,lemma,>asar~a,أَسَرَّ,V:18,"But do they not know that Allah knows what they conceal and what they declare? || So you see those in whose hearts is disease hastening into [association with] them, saying, ""We are afraid a misfortune may strike us."" But perhaps Allah will bring conquest or a decision from Him, and they will become"
18,lemma,tabay~ana,تَبَيَّنَ,V:18,"Many of the People of the Scripture wish they could turn you back to disbelief after you have believed, out of envy from themselves [even] after the truth has become clear to them. So pardon and overlook until Allah delivers His command. Indeed, Allah is over all things competent. || It has been mad"
18,lemma,m~at~aEo,مَّتَّعْ,V:18,"And [mention] when Abraham said, ""My Lord, make this a secure city and provide its people with fruits - whoever of them believes in Allah and the Last Day."" [Allah] said. ""And whoever disbelieves - I will grant him enjoyment for a little; then I will force him to the punishment of the Fire, and wret"
18,lemma,daA^b~ap,دَا^بَّة,N:18,"Indeed, in the creation of the heavens and earth, and the alternation of the night and the day, and the [great] ships which sail through the sea with that which benefits people, and what Allah has sent down from the heavens of rain, giving life thereby to the earth after its lifelessness and dispers"
18,lemma,ra>os,رَأْس,N:18,"And complete the Hajj and 'umrah for Allah. But if you are prevented, then [offer] what can be obtained with ease of sacrificial animals. And do not shave your heads until the sacrificial animal has reached its place of slaughter. And whoever among you is ill or has an ailment of the head [making sh"
18,lemma,darajap,دَرَجَة,N:18,"Divorced women remain in waiting for three periods, and it is not lawful for them to conceal what Allah has created in their wombs if they believe in Allah and the Last Day. And their husbands have more right to take them back in this [period] if they want reconciliation. And due to the wives is sim"
18,lemma,>amosaka,أَمْسَكَ,V:18,"And when you divorce women and they have [nearly] fulfilled their term, either retain them according to acceptable terms or release them according to acceptable terms, and do not keep them, intending harm, to transgress [against them]. And whoever does that has certainly wronged himself. And do not "
18,lemma,niEoma,نِعْمَ,V:18,"If you disclose your charitable expenditures, they are good; but if you conceal them and give them to the poor, it is better for you, and He will remove from you some of your misdeeds [thereby]. And Allah, with what you do, is [fully] Acquainted. || Those - their reward is forgiveness from their Lor"
18,lemma,>uxofiYa,أُخْفِىَ,V:18,"If you disclose your charitable expenditures, they are good; but if you conceal them and give them to the poor, it is better for you, and He will remove from you some of your misdeeds [thereby]. And Allah, with what you do, is [fully] Acquainted. || To Allah belongs whatever is in the heavens and wh"
18,lemma,waf~aY`^,وَفَّىٰ^,V:18,"Not upon you, [O Muhammad], is [responsibility for] their guidance, but Allah guides whom He wills. And whatever good you [believers] spend is for yourselves, and you do not spend except seeking the countenance of Allah. And whatever you spend of good - it will be fully repaid to you, and you will n"
18,lemma,EaAda,عَادَ,V:18,"Those who consume interest cannot stand [on the Day of Resurrection] except as one stands who is being beaten by Satan into insanity. That is because they say, ""Trade is [just] like interest."" But Allah has permitted trade and has forbidden interest. So whoever has received an admonition from his Lo"
18,lemma,*uk~ira,ذُكِّرَ,V:18,"O you who have believed, when you contract a debt for a specified term, write it down. And let a scribe write [it] between you in justice. Let no scribe refuse to write as Allah has taught him. So let him write and let the one who has the obligation dictate. And let him fear Allah, his Lord, and not"
18,lemma,mawolaY`,مَوْلَىٰ,N:18,"Allah does not charge a soul except [with that within] its capacity. It will have [the consequence of] what [good] it has gained, and it will bear [the consequence of] what [evil] it has earned. ""Our Lord, do not impose blame upon us if we have forgotten or erred. Our Lord, and lay not upon us a bur"
18,lemma,t~aworaY`p,تَّوْرَىٰة,PN:18,"He has sent down upon you, [O Muhammad], the Book in truth, confirming what was before it. And He revealed the Torah and the Gospel. || And He will teach him writing and wisdom and the Torah and the Gospel"
18,lemma,l~adun,لَّدُن,"N:17,T:1","[Who say], ""Our Lord, let not our hearts deviate after You have guided us and grant us from Yourself mercy. Indeed, You are the Bestower. || At that, Zechariah called upon his Lord, saying, ""My Lord, grant me from Yourself a good offspring. Indeed, You are the Hearer of supplication."""
18,lemma,*akar,ذَكَر,N:18,"But when she delivered her, she said, ""My Lord, I have delivered a female."" And Allah was most knowing of what she delivered, ""And the male is not like the female. And I have named her Mary, and I seek refuge for her in You and [for] her descendants from Satan, the expelled [from the mercy of Allah]"
18,lemma,munkar,مُنكَر,N:18,"And let there be [arising] from you a nation inviting to [all that is] good, enjoining what is right and forbidding what is wrong, and those will be the successful. || You are the best nation produced [as an example] for mankind. You enjoin what is right and forbid what is wrong and believe in Allah"
18,lemma,dubur,دُبُر,N:18,"They will not harm you except for [some] annoyance. And if they fight you, they will show you their backs; then they will not be aided. || O you who were given the Scripture, believe in what We have sent down [to Muhammad], confirming that which is with you, before We obliterate faces and turn them "
18,lemma,Ea`lim,عَٰلِم,N:18,"And it is He who created the heavens and earth in truth. And the day He says, ""Be,"" and it is, His word is the truth. And His is the dominion [on] the Day the Horn is blown. [He is] Knower of the unseen and the witnessed; and He is the Wise, the Acquainted. || They will make excuses to you when you "
18,lemma,<ins,إِنس,N:18,"And thus We have made for every prophet an enemy - devils from mankind and jinn, inspiring to one another decorative speech in delusion. But if your Lord had willed, they would not have done it, so leave them and that which they invent. || And [mention, O Muhammad], the Day when He will gather them "
18,lemma,>uEiydu,أُعِيدُ,V:18,"To Him is your return all together. [It is] the promise of Allah [which is] truth. Indeed, He begins the [process of] creation and then repeats it that He may reward those who have believed and done righteous deeds, in justice. But those who disbelieved will have a drink of scalding water and a pain"
18,root,frD,فرض,,"They said, ""Call upon your Lord to make clear to us what it is."" [Moses] said, ""[Allah] says, 'It is a cow which is neither old nor virgin, but median between that,' so do what you are commanded."" || Hajj is [during] well-known months, so whoever has made Hajj obligatory upon himself therein [by ent"
18,root,mll,ملل,,"And never will the Jews or the Christians approve of you until you follow their religion. Say, ""Indeed, the guidance of Allah is the [only] guidance."" If you were to follow their desires after what has come to you of knowledge, you would have against Allah no protector or helper. || And who would be"
18,root,dbb,دبب,,"Indeed, in the creation of the heavens and earth, and the alternation of the night and the day, and the [great] ships which sail through the sea with that which benefits people, and what Allah has sent down from the heavens of rain, giving life thereby to the earth after its lifelessness and dispers"
18,root,rAs,راس,,"And complete the Hajj and 'umrah for Allah. But if you are prevented, then [offer] what can be obtained with ease of sacrificial animals. And do not shave your heads until the sacrificial animal has reached its place of slaughter. And whoever among you is ill or has an ailment of the head [making sh"
18,root,xSm,خصم,,"And of the people is he whose speech pleases you in worldly life, and he calls Allah to witness as to what is in his heart, yet he is the fiercest of opponents. || That is from the news of the unseen which We reveal to you, [O Muhammad]. And you were not with them when they cast their pens as to whi"
18,root,fkr,فكر,,"They ask you about wine and gambling. Say, ""In them is great sin and [yet, some] benefit for people. But their sin is greater than their benefit."" And they ask you what they should spend. Say, ""The excess [beyond needs]."" Thus Allah makes clear to you the verses [of revelation] that you might give t"
18,root,vbt,ثبت,,"And when they went forth to [face] Goliath and his soldiers, they said, ""Our Lord, pour upon us patience and plant firmly our feet and give us victory over the disbelieving people."" || And the example of those who spend their wealth seeking means to the approval of Allah and assuring [reward for] th"
18,root,ldn,لدن,,"[Who say], ""Our Lord, let not our hearts deviate after You have guided us and grant us from Yourself mercy. Indeed, You are the Bestower. || At that, Zechariah called upon his Lord, saying, ""My Lord, grant me from Yourself a good offspring. Indeed, You are the Hearer of supplication."""
18,root,HSn,حصن,,"And [also prohibited to you are all] married women except those your right hands possess. [This is] the decree of Allah upon you. And lawful to you are [all others] beyond these, [provided] that you seek them [in marriage] with [gifts from] your property, desiring chastity, not unlawful sexual inter"
18,root,nfr,نفر,,"O you who have believed, take your precaution and [either] go forth in companies or go forth all together. || O you who have believed, take your precaution and [either] go forth in companies or go forth all together."
18,root,mkn,مكن,,Have they not seen how many generations We destroyed before them which We had established upon the earth as We have not established you? And We sent [rain from] the sky upon them in showers and made rivers flow beneath them; then We destroyed them for their sins and brought forth after them a genera
18,root,nwb,نوب,,"Indeed, Abraham was forbearing, grieving and [frequently] returning [to Allah]. || He said, ""O my people, have you considered: if I am upon clear evidence from my Lord and He has provided me with a good provision from Him...? And I do not intend to differ from you in that which I have forbidden you;"
17,lemma,>anoEama,أَنْعَمَ,V:17,"The path of those upon whom You have bestowed favor, not of those who have evoked [Your] anger or of those who are astray. || O Children of Israel, remember My favor which I have bestowed upon you and fulfill My covenant [upon you] that I will fulfill your covenant [from Me], and be afraid of [only]"
17,lemma,m~uhotaduwn,مُّهْتَدُون,N:17,"Those are the ones who have purchased error [in exchange] for guidance, so their transaction has brought no profit, nor were they guided. || They said, ""Call upon your Lord to make clear to us what it is. Indeed, [all] cows look alike to us. And indeed we, if Allah wills, will be guided."""
17,lemma,Hawol,حَوْل,"N:13,LOC:3,T:1","Their example is that of one who kindled a fire, but when it illuminated what was around him, Allah took away their light and left them in darkness [so] they could not see. || Mothers may breastfeed their children two complete years for whoever wishes to complete the nursing [period]. Upon the fathe"
17,lemma,faD~ala,فَضَّلَ,V:17,"O Children of Israel, remember My favor that I have bestowed upon you and that I preferred you over the worlds. || O Children of Israel, remember My favor which I have bestowed upon you and that I preferred you over the worlds."
17,lemma,>ugoriqu,أُغْرِقُ,V:17,"And [recall] when We parted the sea for you and saved you and drowned the people of Pharaoh while you were looking on. || But they denied him, so We saved him and those who were with him in the ship. And We drowned those who denied Our signs. Indeed, they were a blind people."
17,lemma,>aHaATa,أَحَاطَ,V:17,"Yes, whoever earns evil and his sin has encompassed him - those are the companions of the Fire; they will abide therein eternally. || Allah - there is no deity except Him, the Ever-Living, the Sustainer of [all] existence. Neither drowsiness overtakes Him nor sleep. To Him belongs whatever is in the"
17,lemma,wad~a,وَدَّ,V:17,"And you will surely find them the most greedy of people for life - [even] more than those who associate others with Allah. One of them wishes that he could be granted life a thousand years, but it would not remove him in the least from the [coming] punishment that he should be granted life. And Alla"
17,lemma,sulayoma`n,سُلَيْمَٰن,PN:17,"And they followed [instead] what the devils had recited during the reign of Solomon. It was not Solomon who disbelieved, but the devils disbelieved, teaching people magic and that which was revealed to the two angels at Babylon, Harut and Marut. But the two angels do not teach anyone unless they say"
17,lemma,>ahowaA^',أَهْوَا^ء,N:17,"And never will the Jews or the Christians approve of you until you follow their religion. Say, ""Indeed, the guidance of Allah is the [only] guidance."" If you were to follow their desires after what has come to you of knowledge, you would have against Allah no protector or helper. || And if you broug"
17,lemma,<isoHaAq,إِسْحَاق,PN:17,"Or were you witnesses when death approached Jacob, when he said to his sons, ""What will you worship after me?"" They said, ""We will worship your God and the God of your fathers, Abraham and Ishmael and Isaac - one God. And we are Muslims [in submission] to Him."" || Say, [O believers], ""We have believ"
17,lemma,{nqalaba,ٱنقَلَبَ,V:17,And thus we have made you a just community that you will be witnesses over the people and the Messenger will be a witness over you. And We did not make the qiblah which you used to face except that We might make evident who would follow the Messenger from who would turn back on his heels. And indeed
17,lemma,baTon,بَطْن,N:17,"Indeed, they who conceal what Allah has sent down of the Book and exchange it for a small price - those consume not into their bellies except the Fire. And Allah will not speak to them on the Day of Resurrection, nor will He purify them. And they will have a painful punishment. || [Mention, O Muhamm"
17,lemma,taqowaY,تَقْوَى,N:17,"Hajj is [during] well-known months, so whoever has made Hajj obligatory upon himself therein [by entering the state of ihram], there is [to be for him] no sexual relations and no disobedience and no disputing during Hajj. And whatever good you do - Allah knows it. And take provisions, but indeed, th"
17,lemma,kariha,كَرِهَ,V:17,"Fighting has been enjoined upon you while it is hateful to you. But perhaps you hate a thing and it is good for you; and perhaps you love a thing and it is bad for you. And Allah Knows, while you know not. || O you who have believed, it is not lawful for you to inherit women by compulsion. And do no"
17,lemma,yatafak~aru,يَتَفَكَّرُ,V:17,"They ask you about wine and gambling. Say, ""In them is great sin and [yet, some] benefit for people. But their sin is greater than their benefit."" And they ask you what they should spend. Say, ""The excess [beyond needs]."" Thus Allah makes clear to you the verses [of revelation] that you might give t"
17,lemma,turaAb,تُرَاب,N:17,"O you who have believed, do not invalidate your charities with reminders or injury as does one who spends his wealth [only] to be seen by the people and does not believe in Allah and the Last Day. His example is like that of a [large] smooth stone upon which is dust and is hit by a downpour that lea"
17,lemma,Hamiyd,حَمِيد,"ADJ:16,N:1","O you who have believed, spend from the good things which you have earned and from that which We have produced for you from the earth. And do not aim toward the defective therefrom, spending [from that] while you would not take it [yourself] except with closed eyes. And know that Allah is Free of ne"
17,lemma,ta>owiyl,تَأْوِيل,N:17,"It is He who has sent down to you, [O Muhammad], the Book; in it are verses [that are] precise - they are the foundation of the Book - and others unspecific. As for those in whose hearts is deviation [from truth], they will follow that of it which is unspecific, seeking discord and seeking an interp"
17,lemma,qaA^}im,قَا^ئِم,N:17,"Allah witnesses that there is no deity except Him, and [so do] the angels and those of knowledge - [that He is] maintaining [creation] in justice. There is no deity except Him, the Exalted in Might, the Wise. || So the angels called him while he was standing in prayer in the chamber, ""Indeed, Allah "
17,lemma,fa`Hi$ap,فَٰحِشَة,N:17,"And those who, when they commit an immorality or wrong themselves [by transgression], remember Allah and seek forgiveness for their sins - and who can forgive sins except Allah? - and [who] do not persist in what they have done while they know. || Those who commit unlawful sexual intercourse of your"
17,lemma,banaAt,بَنَات,N:17,"Prohibited to you [for marriage] are your mothers, your daughters, your sisters, your father's sisters, your mother's sisters, your brother's daughters, your sister's daughters, your [milk] mothers who nursed you, your sisters through nursing, your wives' mothers, and your step-daughters under your "
17,lemma,HusonaY`,حُسْنَىٰ,"N:10,ADJ:7","Not equal are those believers remaining [at home] - other than the disabled - and the mujahideen, [who strive and fight] in the cause of Allah with their wealth and their lives. Allah has preferred the mujahideen through their wealth and their lives over those who remain [behind], by degrees. And to"
17,lemma,naEiym,نَعِيم,N:17,"And if only the People of the Scripture had believed and feared Allah, We would have removed from them their misdeeds and admitted them to Gardens of Pleasure. || Their Lord gives them good tidings of mercy from Him and approval and of gardens for them wherein is enduring pleasure."
17,lemma,faS~ala,فَصَّلَ,V:17,"And thus do We detail the verses, and [thus] the way of the criminals will become evident. || And it is He who placed for you the stars that you may be guided by them through the darknesses of the land and sea. We have detailed the signs for a people who know."
17,lemma,>adoraY`,أَدْرَىٰ,V:17,"Say, ""If Allah had willed, I would not have recited it to you, nor would He have made it known to you, for I had remained among you a lifetime before it. Then will you not reason?"" || People ask you concerning the Hour. Say,"" Knowledge of it is only with Allah. And what may make you perceive? Perhap"
17,root,swr,سور,,"And if you are in doubt about what We have sent down upon Our Servant [Muhammad], then produce a surah the like thereof and call upon your witnesses other than Allah, if you should be truthful. || They hypocrites are apprehensive lest a surah be revealed about them, informing them of what is in thei"
17,root,x$E,خشع,,"And seek help through patience and prayer, and indeed, it is difficult except for the humbly submissive [to Allah] || And indeed, among the People of the Scripture are those who believe in Allah and what was revealed to you and what was revealed to them, [being] humbly submissive to Allah. They do n"
17,root,bwA,بوا,,"And [recall] when you said, ""O Moses, we can never endure one [kind of] food. So call upon your Lord to bring forth for us from the earth its green herbs and its cucumbers and its garlic and its lentils and its onions."" [Moses] said, ""Would you exchange what is better for what is less? Go into [any]"
17,root,Ew*,عوذ,,"And [recall] when Moses said to his people, ""Indeed, Allah commands you to slaughter a cow."" They said, ""Do you take us in ridicule?"" He said, ""I seek refuge in Allah from being among the ignorant."" || But when she delivered her, she said, ""My Lord, I have delivered a female."" And Allah was most kno"
17,root,xff,خفف,,"Those are the ones who have bought the life of this world [in exchange] for the Hereafter, so the punishment will not be lightened for them, nor will they be aided. || Abiding eternally therein. The punishment will not be lightened for them, nor will they be reprieved."
17,root,mnE,منع,,"And who are more unjust than those who prevent the name of Allah from being mentioned in His mosques and strive toward their destruction. It is not for them to enter them except in fear. For them in this world is disgrace, and they will have in the Hereafter a great punishment. || Those who wait [an"
17,root,$rq,شرق,,"And to Allah belongs the east and the west. So wherever you [might] turn, there is the Face of Allah. Indeed, Allah is all-Encompassing and Knowing. || The foolish among the people will say, ""What has turned them away from their qiblah, which they used to face?"" Say, ""To Allah belongs the east and t"
17,root,Sfw,صفو,,"And who would be averse to the religion of Abraham except one who makes a fool of himself. And We had chosen him in this world, and indeed he, in the Hereafter, will be among the righteous. || And Abraham instructed his sons [to do the same] and [so did] Jacob, [saying], ""O my sons, indeed Allah has"
17,root,rbS,ربص,,"For those who swear not to have sexual relations with their wives is a waiting time of four months, but if they return [to normal relations] - then indeed, Allah is Forgiving and Merciful. || Divorced women remain in waiting for three periods, and it is not lawful for them to conceal what Allah has "
17,root,nqm,نقم,,"Before, as guidance for the people. And He revealed the Qur'an. Indeed, those who disbelieve in the verses of Allah will have a severe punishment, and Allah is exalted in Might, the Owner of Retribution. || Say, ""O People of the Scripture, do you resent us except [for the fact] that we have believed"
17,root,Awb,اوب,,"Beautified for people is the love of that which they desire - of women and sons, heaped-up sums of gold and silver, fine branded horses, and cattle and tilled land. That is the enjoyment of worldly life, but Allah has with Him the best return. || Those who have believed and done righteous deeds - a "
17,root,zEm,زعم,,"Have you not seen those who claim to have believed in what was revealed to you, [O Muhammad], and what was revealed before you? They wish to refer legislation to Taghut, while they were commanded to reject it; and Satan wishes to lead them far astray. || And [mention, O Muhammad], the Day We will ga"
17,root,swq,سوق,,"And it is He who sends the winds as good tidings before His mercy until, when they have carried heavy rainclouds, We drive them to a dead land and We send down rain therein and bring forth thereby [some] of all the fruits. Thus will We bring forth the dead; perhaps you may be reminded. || Arguing wi"
17,root,mdn,مدن,,"They said, ""Postpone [the matter of] him and his brother and send among the cities gatherers || Said Pharaoh, ""You believed in him before I gave you permission. Indeed, this is a conspiracy which you conspired in the city to expel therefrom its people. But you are going to know."
16,lemma,vamara`t,ثَمَرَٰت,N:16,"[He] who made for you the earth a bed [spread out] and the sky a ceiling and sent down from the sky, rain and brought forth thereby fruits as provision for you. So do not attribute to Allah equals while you know [that there is nothing similar to Him]. || And [mention] when Abraham said, ""My Lord, ma"
16,lemma,>an[bata,أَن[بَتَ,V:16,"And [recall] when you said, ""O Moses, we can never endure one [kind of] food. So call upon your Lord to bring forth for us from the earth its green herbs and its cucumbers and its garlic and its lentils and its onions."" [Moses] said, ""Would you exchange what is better for what is less? Go into [any]"
16,lemma,fataHa,فَتَحَ,V:16,"And when they meet those who believe, they say, ""We have believed""; but when they are alone with one another, they say, ""Do you talk to them about what Allah has revealed to you so they can argue with you about it before your Lord?"" Then will you not reason? || So when they forgot that by which they"
16,lemma,qurobaY`,قُرْبَىٰ,N:16,"And [recall] when We took the covenant from the Children of Israel, [enjoining upon them], ""Do not worship except Allah; and to parents do good and to relatives, orphans, and the needy. And speak to people good [words] and establish prayer and give zakah."" Then you turned away, except a few of you, "
16,lemma,>aZolam,أَظْلَم,N:16,"And who are more unjust than those who prevent the name of Allah from being mentioned in His mosques and strive toward their destruction. It is not for them to enter them except in fear. For them in this world is disgrace, and they will have in the Hereafter a great punishment. || Or do you say that"
16,lemma,>atam~a,أَتَمَّ,V:16,"And [mention, O Muhammad], when Abraham was tried by his Lord with commands and he fulfilled them. [Allah] said, ""Indeed, I will make you a leader for the people."" [Abraham] said, ""And of my descendants?"" [Allah] said, ""My covenant does not include the wrongdoers."" || And from wherever you go out [f"
16,lemma,yaEoquwb,يَعْقُوب,PN:16,"And Abraham instructed his sons [to do the same] and [so did] Jacob, [saying], ""O my sons, indeed Allah has chosen for you this religion, so do not die except while you are Muslims."" || Or were you witnesses when death approached Jacob, when he said to his sons, ""What will you worship after me?"" The"
16,lemma,Tay~ib,طَيِّب,"ADJ:8,N:8","O mankind, eat from whatever is on earth [that is] lawful and good and do not follow the footsteps of Satan. Indeed, he is to you a clear enemy. || Allah would not leave the believers in that [state] you are in [presently] until He separates the evil from the good. Nor would Allah reveal to you the "
16,lemma,>aloba`b,أَلْبَٰب,N:16,"And there is for you in legal retribution [saving of] life, O you [people] of understanding, that you may become righteous. || Hajj is [during] well-known months, so whoever has made Hajj obligatory upon himself therein [by entering the state of ihram], there is [to be for him] no sexual relations a"
16,lemma,{ntahaY`,ٱنتَهَىٰ,V:16,"And if they cease, then indeed, Allah is Forgiving and Merciful. || Fight them until there is no [more] fitnah and [until] worship is [acknowledged to be] for Allah. But if they cease, then there is to be no aggression except against the oppressors."
16,lemma,waqaY`,وَقَىٰ,V:16,"But among them is he who says, ""Our Lord, give us in this world [that which is] good and in the Hereafter [that which is] good and protect us from the punishment of the Fire."" || Those who say, ""Our Lord, indeed we have believed, so forgive us our sins and protect us from the punishment of the Fire,"
16,lemma,haAjara,هَاجَرَ,V:16,"Indeed, those who have believed and those who have emigrated and fought in the cause of Allah - those expect the mercy of Allah. And Allah is Forgiving and Merciful. || And their Lord responded to them, ""Never will I allow to be lost the work of [any] worker among you, whether male or female; you ar"
16,lemma,basaTa,بَسَطَ,V:16,"Who is it that would loan Allah a goodly loan so He may multiply it for him many times over? And it is Allah who withholds and grants abundance, and to Him you will be returned. || O you who have believed, remember the favor of Allah upon you when a people determined to extend their hands [in aggres"
16,lemma,daAwud,دَاوُد,PN:16,"So they defeated them by permission of Allah, and David killed Goliath, and Allah gave him the kingship and prophethood and taught him from that which He willed. And if it were not for Allah checking [some] people by means of others, the earth would have been corrupted, but Allah is full of bounty t"
16,lemma,marojiE,مَرْجِع,N:16,"[Mention] when Allah said, ""O Jesus, indeed I will take you and raise you to Myself and purify you from those who disbelieve and make those who follow you [in submission to Allah alone] superior to those who disbelieve until the Day of Resurrection. Then to Me is your return, and I will judge betwee"
16,lemma,fariHa,فَرِحَ,V:16,"If good touches you, it distresses them; but if harm strikes you, they rejoice at it. And if you are patient and fear Allah, their plot will not harm you at all. Indeed, Allah is encompassing of what they do. || And never think that those who rejoice in what they have perpetrated and like to be prai"
16,lemma,sun~ap,سُنَّة,N:16,"Similar situations [as yours] have passed on before you, so proceed throughout the earth and observe how was the end of those who denied. || Allah wants to make clear to you [the lawful from the unlawful] and guide you to the [good] practices of those before you and to accept your repentance. And Al"
16,lemma,saAra,سَارَ,V:16,"Similar situations [as yours] have passed on before you, so proceed throughout the earth and observe how was the end of those who denied. || Say, ""Travel through the land; then observe how was the end of the deniers."""
16,lemma,man~a,مَنَّ,V:16,"Certainly did Allah confer [great] favor upon the believers when He sent among them a Messenger from themselves, reciting to them His verses and purifying them and teaching them the Book and wisdom, although they had been before in manifest error. || O you who have believed, when you go forth [to fi"
16,lemma,saEiyr,سَعِير,N:16,"Indeed, those who devour the property of orphans unjustly are only consuming into their bellies fire. And they will be burned in a Blaze. || And some among them believed in it, and some among them were averse to it. And sufficient is Hell as a blaze."
16,lemma,xasira,خَسِرَ,V:16,"And I will mislead them, and I will arouse in them [sinful] desires, and I will command them so they will slit the ears of cattle, and I will command them so they will change the creation of Allah."" And whoever takes Satan as an ally instead of Allah has certainly sustained a clear loss. || Say, ""To"
16,lemma,>ufika,أُفِكَ,V:16,"The Messiah, son of Mary, was not but a messenger; [other] messengers have passed on before him. And his mother was a supporter of truth. They both used to eat food. Look how We make clear to them the signs; then look how they are deluded. || Indeed, Allah is the cleaver of grain and date seeds. He "
16,lemma,{sotamaEa,ٱسْتَمَعَ,V:16,"And among them are those who listen to you, but We have placed over their hearts coverings, lest they understand it, and in their ears deafness. And if they should see every sign, they will not believe in it. Even when they come to you arguing with you, those who disbelieve say, ""This is not but leg"
16,lemma,fu&aAd,فُؤَاد,N:16,"And We will turn away their hearts and their eyes just as they refused to believe in it the first time. And We will leave them in their transgression, wandering blindly. || And [it is] so the hearts of those who disbelieve in the Hereafter will incline toward it and that they will be satisfied with "
16,lemma,miyzaAn,مِيزَان,N:16,"And do not approach the orphan's property except in a way that is best until he reaches maturity. And give full measure and weight in justice. We do not charge any soul except [with that within] its capacity. And when you testify, be just, even if [it concerns] a near relative. And the covenant of A"
16,lemma,qara>a,قَرَأَ,V:16,"So when the Qur'an is recited, then listen to it and pay attention that you may receive mercy. || So if you are in doubt, [O Muhammad], about that which We have revealed to you, then ask those who have been reading the Scripture before you. The truth has certainly come to you from your Lord, so neve"
16,lemma,qad~ara,قَدَّرَ,V:16,"It is He who made the sun a shining light and the moon a derived light and determined for it phases - that you may know the number of years and account [of time]. Allah has not created this except in truth. He details the signs for a people who know || Except his wife."" Allah decreed that she is of "
16,root,jhr,جهر,,"And [recall] when you said, ""O Moses, we will never believe you until we see Allah outright""; so the thunderbolt took you while you were looking on. || Allah does not like the public mention of evil except by one who has been wronged. And ever is Allah Hearing and Knowing."
16,root,Eln,علن,,"But do they not know that Allah knows what they conceal and what they declare? || Those who spend their wealth [in Allah 's way] by night and by day, secretly and publicly - they will have their reward with their Lord. And no fear will there be concerning them, nor will they grieve."
16,root,lbb,لبب,,"And there is for you in legal retribution [saving of] life, O you [people] of understanding, that you may become righteous. || Hajj is [during] well-known months, so whoever has made Hajj obligatory upon himself therein [by entering the state of ihram], there is [to be for him] no sexual relations a"
16,root,xwn,خون,,"It has been made permissible for you the night preceding fasting to go to your wives [for sexual relations]. They are clothing for you and you are clothing for them. Allah knows that you used to deceive yourselves, so He accepted your repentance and forgave you. So now, have relations with them and "
16,root,mhd,مهد,,"And when it is said to him, ""Fear Allah,"" pride in the sin takes hold of him. Sufficient for him is Hellfire, and how wretched is the resting place. || Say to those who disbelieve, ""You will be overcome and gathered together to Hell, and wretched is the resting place."""
16,root,HbT,حبط,,"They ask you about the sacred month - about fighting therein. Say, ""Fighting therein is great [sin], but averting [people] from the way of Allah and disbelief in Him and [preventing access to] al-Masjid al-Haram and the expulsion of its people therefrom are greater [evil] in the sight of Allah. And "
16,root,xbv,خبث,,"O you who have believed, spend from the good things which you have earned and from that which We have produced for you from the earth. And do not aim toward the defective therefrom, spending [from that] while you would not take it [yourself] except with closed eyes. And know that Allah is Free of ne"
16,root,gdw,غدو,,"And [remember] when you, [O Muhammad], left your family in the morning to post the believers at their stations for the battle [of Uhud] - and Allah is Hearing and Knowing - || And do not send away those who call upon their Lord morning and afternoon, seeking His countenance. Not upon you is anything"
16,root,gll,غلل,,"It is not [attributable] to any prophet that he would act unfaithfully [in regard to war booty]. And whoever betrays, [taking unlawfully], will come with what he took on the Day of Resurrection. Then will every soul be [fully] compensated for what it earned, and they will not be wronged. || It is no"
16,root,Etd,عتد,,"But repentance is not [accepted] of those who [continue to] do evil deeds up until, when death comes to one of them, he says, ""Indeed, I have repented now,"" or of those who die while they are disbelievers. For them We have prepared a painful punishment. || Who are stingy and enjoin upon [other] peop"
16,root,sTr,سطر,,"And among them are those who listen to you, but We have placed over their hearts coverings, lest they understand it, and in their ears deafness. And if they should see every sign, they will not believe in it. Even when they come to you arguing with you, those who disbelieve say, ""This is not but leg"
16,root,lhw,لهو,,"And the worldly life is not but amusement and diversion; but the home of the Hereafter is best for those who fear Allah, so will you not reason? || And leave those who take their religion as amusement and diversion and whom the worldly life has deluded. But remind with the Qur'an, lest a soul be giv"
16,root,fAd,فاد,,"And We will turn away their hearts and their eyes just as they refused to believe in it the first time. And We will leave them in their transgression, wandering blindly. || And [it is] so the hearts of those who disbelieve in the Hereafter will incline toward it and that they will be satisfied with "
16,root,kyl,كيل,,"And do not approach the orphan's property except in a way that is best until he reaches maturity. And give full measure and weight in justice. We do not charge any soul except [with that within] its capacity. And when you testify, be just, even if [it concerns] a near relative. And the covenant of A"
15,lemma,>afosadu,أَفْسَدُ,V:15,"And when it is said to them, ""Do not cause corruption on the earth,"" they say, ""We are but reformers."" || Who break the covenant of Allah after contracting it and sever that which Allah has ordered to be joined and cause corruption on earth. It is those who are the losers."
15,lemma,kul~amaA,كُلَّمَا,T:15,"The lightning almost snatches away their sight. Every time it lights [the way] for them, they walk therein; but when darkness comes over them, they stand [still]. And if Allah had willed, He could have taken away their hearing and their sight. Indeed, Allah is over all things competent. || And give "
15,lemma,yubodiYa,يُبْدِىَ,V:15,"He said, ""O Adam, inform them of their names."" And when he had informed them of their names, He said, ""Did I not tell you that I know the unseen [aspects] of the heavens and the earth? And I know what you reveal and what you have concealed."" || If you disclose your charitable expenditures, they are "
15,lemma,sakana,سَكَنَ,V:15,"And We said, ""O Adam, dwell, you and your wife, in Paradise and eat therefrom in [ease and] abundance from wherever you will. But do not approach this tree, lest you be among the wrongdoers."" || And to Him belongs that which reposes by night and by day, and He is the Hearing, the Knowing."
15,lemma,Sabor,صَبْر,N:15,"And seek help through patience and prayer, and indeed, it is difficult except for the humbly submissive [to Allah] || O you who have believed, seek help through patience and prayer. Indeed, Allah is with the patient."
15,lemma,$ariba,شَرِبَ,V:15,"And [recall] when Moses prayed for water for his people, so We said, ""Strike with your staff the stone."" And there gushed forth from it twelve springs, and every people knew its watering place. ""Eat and drink from the provision of Allah, and do not commit abuse on the earth, spreading corruption."" |"
15,lemma,{EotadaY`,ٱعْتَدَىٰ,V:15,"And [recall] when you said, ""O Moses, we can never endure one [kind of] food. So call upon your Lord to bring forth for us from the earth its green herbs and its cucumbers and its garlic and its lentils and its onions."" [Moses] said, ""Would you exchange what is better for what is less? Go into [any]"
15,lemma,naSoraAniy~,نَصْرَانِيّ,PN:15,"Indeed, those who believed and those who were Jews or Christians or Sabeans [before Prophet Muhammad] - those [among them] who believed in Allah and the Last Day and did righteousness - will have their reward with their Lord, and no fear will there be concerning them, nor will they grieve. || And th"
15,lemma,bu$oraY`,بُشْرَىٰ,N:15,"Say, ""Whoever is an enemy to Gabriel - it is [none but] he who has brought the Qur'an down upon your heart, [O Muhammad], by permission of Allah, confirming that which was before it and as guidance and good tidings for the believers."" || And Allah made it not except as [a sign of] good tidings for y"
15,lemma,Zahor,ظَهْر,N:15,"And when a messenger from Allah came to them confirming that which was with them, a party of those who had been given the Scripture threw the Scripture of Allah behind their backs as if they did not know [what it contained]. || They ask you, [O Muhammad], about the new moons. Say, ""They are measurem"
15,lemma,mil~ap,مِلَّة,N:15,"And never will the Jews or the Christians approve of you until you follow their religion. Say, ""Indeed, the guidance of Allah is the [only] guidance."" If you were to follow their desires after what has come to you of knowledge, you would have against Allah no protector or helper. || And who would be"
15,lemma,Sadaqa,صَدَقَ,V:15,"Righteousness is not that you turn your faces toward the east or the west, but [true] righteousness is [in] one who believes in Allah, the Last Day, the angels, the Book, and the prophets and gives wealth, in spite of love for it, to relatives, orphans, the needy, the traveler, those who ask [for he"
15,lemma,mun*ir,مُنذِر,N:15,Mankind was [of] one religion [before their deviation]; then Allah sent the prophets as bringers of good tidings and warners and sent down with them the Scripture in truth to judge between the people concerning that in which they differed. And none differed over the Scripture except those who were g
15,lemma,Haliym,حَلِيم,"ADJ:11,N:4","Allah does not impose blame upon you for what is unintentional in your oaths, but He imposes blame upon you for what your hearts have earned. And Allah is Forgiving and Forbearing. || There is no blame upon you for that to which you [indirectly] allude concerning a proposal to women or for what you "
15,lemma,waEaZo,وَعَظْ,V:15,"And when you divorce women and they have [nearly] fulfilled their term, either retain them according to acceptable terms or release them according to acceptable terms, and do not keep them, intending harm, to transgress [against them]. And whoever does that has certainly wronged himself. And do not "
15,lemma,malik,مَلِك,"N:13,ADJ:2","Have you not considered the assembly of the Children of Israel after [the time of] Moses when they said to a prophet of theirs, ""Send to us a king, and we will fight in the way of Allah ""? He said, ""Would you perhaps refrain from fighting if fighting was prescribed for you?"" They said, ""And why shou"
15,lemma,galabu,غَلَبُ,V:15,"And when Saul went forth with the soldiers, he said, ""Indeed, Allah will be testing you with a river. So whoever drinks from it is not of me, and whoever does not taste it is indeed of me, excepting one who takes [from it] in the hollow of his hand."" But they drank from it, except a [very] few of th"
15,lemma,>atobaEa,أَتْبَعَ,V:15,"Those who spend their wealth in the way of Allah and then do not follow up what they have spent with reminders [of it] or [other] injury will have their reward with their Lord, and there will be no fear concerning them, nor will they grieve. || And recite to them, [O Muhammad], the news of him to wh"
15,lemma,qisoT,قِسْط,N:15,"Allah witnesses that there is no deity except Him, and [so do] the angels and those of knowledge - [that He is] maintaining [creation] in justice. There is no deity except Him, the Exalted in Might, the Wise. || Those who disbelieve in the signs of Allah and kill the prophets without right and kill "
15,lemma,bala`g,بَلَٰغ,N:15,"So if they argue with you, say, ""I have submitted myself to Allah [in Islam], and [so have] those who follow me."" And say to those who were given the Scripture and [to] the unlearned, ""Have you submitted yourselves?"" And if they submit [in Islam], they are rightly guided; but if they turn away - the"
15,lemma,gar~a,غَرَّ,V:15,"That is because they say, ""Never will the Fire touch us except for [a few] numbered days,"" and [because] they were deluded in their religion by what they were inventing. || Be not deceived by the [uninhibited] movement of the disbelievers throughout the land."
15,lemma,>uw*iYa,أُوذِىَ,V:15,"And their Lord responded to them, ""Never will I allow to be lost the work of [any] worker among you, whether male or female; you are of one another. So those who emigrated or were evicted from their homes or were harmed in My cause or fought or were killed - I will surely remove from them their misd"
15,lemma,yasiyr,يَسِير,"ADJ:10,N:5","And whoever does that in aggression and injustice - then We will drive him into a Fire. And that, for Allah, is [always] easy. || Except the path of Hell; they will abide therein forever. And that, for Allah, is [always] easy."
15,lemma,Haraj,حَرَج,"N:14,ADJ:1","But no, by your Lord, they will not [truly] believe until they make you, [O Muhammad], judge concerning that over which they dispute among themselves and then find within themselves no discomfort from what you have judged and submit in [full, willing] submission. || O you who have believed, when you"
15,lemma,>ax~ara,أَخَّرَ,V:15,"Have you not seen those who were told, ""Restrain your hands [from fighting] and establish prayer and give zakah""? But then when fighting was ordained for them, at once a party of them feared men as they fear Allah or with [even] greater fear. They said, ""Our Lord, why have You decreed upon us fighti"
15,lemma,$ak~,شَكّ,N:15,"And [for] their saying, ""Indeed, we have killed the Messiah, Jesus, the son of Mary, the messenger of Allah."" And they did not kill him, nor did they crucify him; but [another] was made to resemble him to them. And indeed, those who differ over it are in doubt about it. They have no knowledge of it "
15,lemma,rijol,رِجْل,N:15,"O you who have believed, when you rise to [perform] prayer, wash your faces and your forearms to the elbows and wipe over your heads and wash your feet to the ankles. And if you are in a state of janabah, then purify yourselves. But if you are ill or on a journey or one of you comes from the place o"
15,lemma,SanaEu,صَنَعُ,V:15,"And from those who say, ""We are Christians"" We took their covenant; but they forgot a portion of that of which they were reminded. So We caused among them animosity and hatred until the Day of Resurrection. And Allah is going to inform them about what they used to do. || Why do the rabbis and religi"
15,lemma,musorif,مُسْرِف,"N:12,ADJ:3","Because of that, We decreed upon the Children of Israel that whoever kills a soul unless for a soul or for corruption [done] in the land - it is as if he had slain mankind entirely. And whoever saves one - it is as if he had saved mankind entirely. And our messengers had certainly come to them with "
15,lemma,>agonaY`,أَغْنَىٰ,V:15,"And the companions of the Elevations will call to men [within Hell] whom they recognize by their mark, saying, ""Of no avail to you was your gathering and [the fact] that you were arrogant."" || Those who denied Shu'ayb - it was as though they had never resided there. Those who denied Shu'ayb - it was"
15,lemma,tanziyl,تَنزِيل,N:15,"And [it is] a Qur'an which We have separated [by intervals] that you might recite it to the people over a prolonged period. And We have sent it down progressively. || A revelation from He who created the earth and highest heavens,"
15,root,Smm,صمم,,"Deaf, dumb and blind - so they will not return [to the right path]. || The example of those who disbelieve is like that of one who shouts at what hears nothing but calls and cries cattle or sheep - deaf, dumb and blind, so they do not understand."
15,root,swm,سوم,,"And [recall] when We saved your forefathers from the people of Pharaoh, who afflicted you with the worst torment, slaughtering your [newborn] sons and keeping your females alive. And in that was a great trial from your Lord. || [Charity is] for the poor who have been restricted for the cause of Alla"
15,root,Hrr,حرر,,"O you who have believed, prescribed for you is legal retribution for those murdered - the free for the free, the slave for the slave, and the female for the female. But whoever overlooks from his brother anything, then there should be a suitable follow-up and payment to him with good conduct. This i"
15,root,kff,كفف,,"O you who have believed, enter into Islam completely [and perfectly] and do not follow the footsteps of Satan. Indeed, he is to you a clear enemy. || Have you not seen those who were told, ""Restrain your hands [from fighting] and establish prayer and give zakah""? But then when fighting was ordained "
15,root,rkb,ركب,,"And if you fear [an enemy, then pray] on foot or riding. But when you are secure, then remember Allah [in prayer], as He has taught you that which you did not [previously] know. || And it is He who sends down rain from the sky, and We produce thereby the growth of all things. We produce from it gree"
15,root,byE,بيع,,"O you who have believed, spend from that which We have provided for you before there comes a Day in which there is no exchange and no friendship and no intercession. And the disbelievers - they are the wrongdoers. || Those who consume interest cannot stand [on the Day of Resurrection] except as one "
15,root,Hrj,حرج,,"But no, by your Lord, they will not [truly] believe until they make you, [O Muhammad], judge concerning that over which they dispute among themselves and then find within themselves no discomfort from what you have judged and submit in [full, willing] submission. || O you who have believed, when you"
15,root,mTr,مطر,,"And when you are among them and lead them in prayer, let a group of them stand [in prayer] with you and let them carry their arms. And when they have prostrated, let them be [in position] behind you and have the other group come forward which has not [yet] prayed and let them pray with you, taking p"
15,root,$kk,شكك,,"And [for] their saying, ""Indeed, we have killed the Messiah, Jesus, the son of Mary, the messenger of Allah."" And they did not kill him, nor did they crucify him; but [another] was made to resemble him to them. And indeed, those who differ over it are in doubt about it. They have no knowledge of it "
15,root,bdA,بدا,,"Say, [O Muhammad], ""My Lord has ordered justice and that you maintain yourselves [in worship of Him] at every place [or time] of prostration, and invoke Him, sincere to Him in religion."" Just as He originated you, you will return [to life] - || Would you not fight a people who broke their oaths and "
14,lemma,DaA^l~,ضَا^لّ,"N:11,ADJ:3","The path of those upon whom You have bestowed favor, not of those who have evoked [Your] anger or of those who are astray. || There is no blame upon you for seeking bounty from your Lord [during Hajj]. But when you depart from 'Arafat, remember Allah at al- Mash'ar al-Haram. And remember Him, as He "
14,lemma,laqu,لَقُ,V:14,"And when they meet those who believe, they say, ""We believe""; but when they are alone with their evil ones, they say, ""Indeed, we are with you; we were only mockers."" || And when they meet those who believe, they say, ""We have believed""; but when they are alone with one another, they say, ""Do you ta"
14,lemma,kalima`t,كَلِمَٰت,N:14,"Then Adam received from his Lord [some] words, and He accepted his repentance. Indeed, it is He who is the Accepting of repentance, the Merciful. || And [mention, O Muhammad], when Abraham was tried by his Lord with commands and he fulfilled them. [Allah] said, ""Indeed, I will make you a leader for "
14,lemma,xaA$iE,خَاشِع,N:14,"And seek help through patience and prayer, and indeed, it is difficult except for the humbly submissive [to Allah] || And indeed, among the People of the Scripture are those who believe in Allah and what was revealed to you and what was revealed to them, [being] humbly submissive to Allah. They do n"
14,lemma,Eadol,عَدْل,N:14,"And fear a Day when no soul will suffice for another soul at all, nor will intercession be accepted from it, nor will compensation be taken from it, nor will they be aided. || And fear a Day when no soul will suffice for another soul at all, and no compensation will be accepted from it, nor will any"
14,lemma,gaDab,غَضَب,N:14,"And [recall] when you said, ""O Moses, we can never endure one [kind of] food. So call upon your Lord to bring forth for us from the earth its green herbs and its cucumbers and its garlic and its lentils and its onions."" [Moses] said, ""Would you exchange what is better for what is less? Go into [any]"
14,lemma,>axolafu,أَخْلَفُ,V:14,"And they say, ""Never will the Fire touch us, except for a few days."" Say, ""Have you taken a covenant with Allah? For Allah will never break His covenant. Or do you say about Allah that which you do not know?"" || Our Lord, surely You will gather the people for a Day about which there is no doubt. Ind"
14,lemma,waAlid,وَالِد,N:14,"And [recall] when We took the covenant from the Children of Israel, [enjoining upon them], ""Do not worship except Allah; and to parents do good and to relatives, orphans, and the needy. And speak to people good [words] and establish prayer and give zakah."" Then you turned away, except a few of you, "
14,lemma,laEonap,لَعْنَة,N:14,"And when there came to them a Book from Allah confirming that which was with them - although before they used to pray for victory against those who disbelieved - but [then] when there came to them that which they recognized, they disbelieved in it; so the curse of Allah will be upon the disbelievers"
14,lemma,m~uhiyn,مُّهِين,"ADJ:7,N:7",How wretched is that for which they sold themselves - that they would disbelieve in what Allah has revealed through [their] outrage that Allah would send down His favor upon whom He wills from among His servants. So they returned having [earned] wrath upon wrath. And for the disbelievers is a humili
14,lemma,>alof,أَلْف,N:14,"And you will surely find them the most greedy of people for life - [even] more than those who associate others with Allah. One of them wishes that he could be granted life a thousand years, but it would not remove him in the least from the [coming] punishment that he should be granted life. And Alla"
14,lemma,maqaAm,مَقَام,N:14,"And [mention] when We made the House a place of return for the people and [a place of] security. And take, [O believers], from the standing place of Abraham a place of prayer. And We charged Abraham and Ishmael, [saying], ""Purify My House for those who perform Tawaf and those who are staying [there]"
14,lemma,balad,بَلَد,N:14,"And [mention] when Abraham said, ""My Lord, make this a secure city and provide its people with fruits - whoever of them believes in Allah and the Last Day."" [Allah] said. ""And whoever disbelieves - I will grant him enjoyment for a little; then I will force him to the punishment of the Fire, and wret"
14,lemma,$aAkir,شَاكِر,N:14,"Indeed, as-Safa and al-Marwah are among the symbols of Allah. So whoever makes Hajj to the House or performs 'umrah - there is no blame upon him for walking between them. And whoever volunteers good - then indeed, Allah is appreciative and Knowing. || Muhammad is not but a messenger. [Other] messeng"
14,lemma,Huduwd,حُدُود,N:14,"It has been made permissible for you the night preceding fasting to go to your wives [for sexual relations]. They are clothing for you and you are clothing for them. Allah knows that you used to deceive yourselves, so He accepted your repentance and forgave you. So now, have relations with them and "
14,lemma,{botigaA^',ٱبْتِغَا^ء,N:14,"And of the people is he who sells himself, seeking means to the approval of Allah. And Allah is kind to [His] servants. || And the example of those who spend their wealth seeking means to the approval of Allah and assuring [reward for] themselves is like a garden on high ground which is hit by a dow"
14,lemma,nakaHa,نَكَحَ,V:14,"And do not marry polytheistic women until they believe. And a believing slave woman is better than a polytheist, even though she might please you. And do not marry polytheistic men [to your women] until they believe. And a believing slave is better than a polytheist, even though he might please you."
14,lemma,Halalo,حَلَلْ,V:14,"Divorced women remain in waiting for three periods, and it is not lawful for them to conceal what Allah has created in their wombs if they believe in Allah and the Last Day. And their husbands have more right to take them back in this [period] if they want reconciliation. And due to the wives is sim"
14,lemma,kaf~ara,كَفَّرَ,V:14,"If you disclose your charitable expenditures, they are good; but if you conceal them and give them to the poor, it is better for you, and He will remove from you some of your misdeeds [thereby]. And Allah, with what you do, is [fully] Acquainted. || Our Lord, indeed we have heard a caller calling to"
14,lemma,Sarafa,صَرَفَ,V:14,And Allah had certainly fulfilled His promise to you when you were killing the enemy by His permission until [the time] when you lost courage and fell to disputing about the order [given by the Prophet] and disobeyed after He had shown you that which you love. Among you are some who desire this worl
14,lemma,Eadala,عَدَلَ,V:14,"And if you fear that you will not deal justly with the orphan girls, then marry those that please you of [other] women, two or three or four. But if you fear that you will not be just, then [marry only] one or those your right hand possesses. That is more suitable that you may not incline [to injust"
14,lemma,>uxot,أُخْت,N:14,"And for you is half of what your wives leave if they have no child. But if they have a child, for you is one fourth of what they leave, after any bequest they [may have] made or debt. And for the wives is one fourth if you leave no child. But if you leave a child, then for them is an eighth of what "
14,lemma,>aEotadato,أَعْتَدَتْ,V:14,"But repentance is not [accepted] of those who [continue to] do evil deeds up until, when death comes to one of them, he says, ""Indeed, I have repented now,"" or of those who die while they are disbelievers. For them We have prepared a painful punishment. || Who are stingy and enjoin upon [other] peop"
14,lemma,Zil~,ظِلّ,N:14,"But those who believe and do righteous deeds - We will admit them to gardens beneath which rivers flow, wherein they abide forever. For them therein are purified spouses, and We will admit them to deepening shade. || And to Allah prostrates whoever is within the heavens and the earth, willingly or b"
14,lemma,layot,لَيْت,ACC:14,"But if bounty comes to you from Allah, he will surely say, as if there had never been between you and him any affection. ""Oh, I wish I had been with them so I could have attained a great attainment."" || If you could but see when they are made to stand before the Fire and will say, ""Oh, would that we"
14,lemma,<i*aA2,إِذَا²,SUR:14,"Have you not seen those who were told, ""Restrain your hands [from fighting] and establish prayer and give zakah""? But then when fighting was ordained for them, at once a party of them feared men as they fear Allah or with [even] greater fear. They said, ""Our Lord, why have You decreed upon us fighti"
14,lemma,>avar,أَثَر,N:14,"And We sent, following in their footsteps, Jesus, the son of Mary, confirming that which came before him in the Torah; and We gave him the Gospel, in which was guidance and light and confirming that which preceded it of the Torah as guidance and instruction for the righteous. || Then perhaps you wou"
14,lemma,Sidoq,صِدْق,N:14,"Allah will say, ""This is the Day when the truthful will benefit from their truthfulness."" For them are gardens [in Paradise] beneath which rivers flow, wherein they will abide forever, Allah being pleased with them, and they with Him. That is the great attainment. || And the word of your Lord has be"
14,lemma,qaAdir,قَادِر,N:14,"And they say, ""Why has a sign not been sent down to him from his Lord?"" Say, ""Indeed, Allah is Able to send down a sign, but most of them do not know."" || Say, ""He is the [one] Able to send upon you affliction from above you or from beneath your feet or to confuse you [so you become] sects and make "
14,lemma,ka$afa,كَشَفَ,V:14,"No, it is Him [alone] you would invoke, and He would remove that for which you invoked Him if He willed, and you would forget what you associate [with Him]. || And when the punishment descended upon them, they said, ""O Moses, invoke for us your Lord by what He has promised you. If you [can] remove t"
14,lemma,>amiyn,أَمِين,ADJ:14,"I convey to you the messages of my Lord, and I am to you a trustworthy adviser. || And the king said, ""Bring him to me; I will appoint him exclusively for myself."" And when he spoke to him, he said, ""Indeed, you are today established [in position] and trusted."""
14,lemma,madiynap,مَدِينَة,"N:10,PN:4","Said Pharaoh, ""You believed in him before I gave you permission. Indeed, this is a conspiracy which you conspired in the city to expel therefrom its people. But you are going to know. || And among those around you of the bedouins are hypocrites, and [also] from the people of Madinah. They have becom"
14,root,Hrv,حرث,,"He said, ""He says, 'It is a cow neither trained to plow the earth nor to irrigate the field, one free from fault with no spot upon her.' "" They said, ""Now you have come with the truth."" So they slaughtered her, but they could hardly do it. || And when he goes away, he strives throughout the land to "
14,root,Swm,صوم,,"O you who have believed, decreed upon you is fasting as it was decreed upon those before you that you may become righteous - || [Fasting for] a limited number of days. So whoever among you is ill or on a journey [during them] - then an equal number of days [are to be made up]. And upon those who are"
14,root,fqr,فقر,,"Satan threatens you with poverty and orders you to immorality, while Allah promises you forgiveness from Him and bounty. And Allah is all-Encompassing and Knowing. || If you disclose your charitable expenditures, they are good; but if you conceal them and give them to the poor, it is better for you,"
14,root,wlj,ولج,,"You cause the night to enter the day, and You cause the day to enter the night; and You bring the living out of the dead, and You bring the dead out of the living. And You give provision to whom You will without account."" || You cause the night to enter the day, and You cause the day to enter the ni"
14,root,rjm,رجم,,"But when she delivered her, she said, ""My Lord, I have delivered a female."" And Allah was most knowing of what she delivered, ""And the male is not like the female. And I have named her Mary, and I seek refuge for her in You and [for] her descendants from Satan, the expelled [from the mercy of Allah]"
14,root,E$w,عشو,,"He said, ""My Lord, make for me a sign."" He Said, ""Your sign is that you will not [be able to] speak to the people for three days except by gesture. And remember your Lord much and exalt [Him with praise] in the evening and the morning."" || And do not send away those who call upon their Lord morning "
14,root,vwy,ثوي,,"We will cast terror into the hearts of those who disbelieve for what they have associated with Allah of which He had not sent down [any] authority. And their refuge will be the Fire, and wretched is the residence of the wrongdoers. || And [mention, O Muhammad], the Day when He will gather them toget"
14,root,lwm,لوم,,"O you who have believed, whoever of you should revert from his religion - Allah will bring forth [in place of them] a people He will love and who will love Him [who are] humble toward the believers, powerful against the disbelievers; they strive in the cause of Allah and do not fear the blame of a c"
14,root,wSf,وصف,,"But they have attributed to Allah partners - the jinn, while He has created them - and have fabricated for Him sons and daughters. Exalted is He and high above what they describe || And they say, ""What is in the bellies of these animals is exclusively for our males and forbidden to our females. But "
14,root,zrE,زرع,,"And He it is who causes gardens to grow, [both] trellised and untrellised, and palm trees and crops of different [kinds of] food and olives and pomegranates, similar and dissimilar. Eat of [each of] its fruit when it yields and give its due [zakah] on the day of its harvest. And be not excessive. In"
14,root,rsw,رسو,,"They ask you, [O Muhammad], about the Hour: when is its arrival? Say, ""Its knowledge is only with my Lord. None will reveal its time except Him. It lays heavily upon the heavens and the earth. It will not come upon you except unexpectedly."" They ask you as if you are familiar with it. Say, ""Its know"
14,root,ETw,عطو,,Fight those who do not believe in Allah or in the Last Day and who do not consider unlawful what Allah and His Messenger have made unlawful and who do not adopt the religion of truth from those who were given the Scripture - [fight] until they give the jizyah willingly while they are humbled. || And
14,root,Sff,صفف,,"And they will be presented before your Lord in rows, [and He will say], ""You have certainly come to Us just as We created you the first time. But you claimed that We would never make for you an appointment."" || So resolve upon your plan and then come [forward] in line. And he has succeeded today who"
13,lemma,mufoliHuwn,مُفْلِحُون,N:13,"Those are upon [right] guidance from their Lord, and it is those who are the successful. || And let there be [arising] from you a nation inviting to [all that is] good, enjoining what is right and forbidding what is wrong, and those will be the successful."
13,lemma,m~araD,مَّرَض,N:13,"In their hearts is disease, so Allah has increased their disease; and for them is a painful punishment because they [habitually] used to lie. || In their hearts is disease, so Allah has increased their disease; and for them is a painful punishment because they [habitually] used to lie."
13,lemma,mad~a,مَدَّ,V:13,[But] Allah mocks them and prolongs them in their transgression [while] they wander blindly. || But their brothers - the devils increase them in error; then they do not stop short.
13,lemma,saw~aY`,سَوَّىٰ,V:13,"It is He who created for you all of that which is on the earth. Then He directed Himself to the heaven, [His being above all creation], and made them seven heavens, and He is Knowing of all things. || And when I have proportioned him and breathed into him of My [created] soul, then fall down to him "
13,lemma,>abaY,أَبَى,V:13,"And [mention] when We said to the angels, ""Prostrate before Adam""; so they prostrated, except for Iblees. He refused and was arrogant and became of the disbelievers. || O you who have believed, when you contract a debt for a specified term, write it down. And let a scribe write [it] between you in j"
13,lemma,$afa`Eap,شَفَٰعَة,N:13,"And fear a Day when no soul will suffice for another soul at all, nor will intercession be accepted from it, nor will compensation be taken from it, nor will they be aided. || And fear a Day when no soul will suffice for another soul at all, and no compensation will be accepted from it, nor will any"
13,lemma,Harov,حَرْث,N:13,"He said, ""He says, 'It is a cow neither trained to plow the earth nor to irrigate the field, one free from fault with no spot upon her.' "" They said, ""Now you have come with the truth."" So they slaughtered her, but they could hardly do it. || And when he goes away, he strives throughout the land to "
13,lemma,Huson,حُسْن,N:13,"And [recall] when We took the covenant from the Children of Israel, [enjoining upon them], ""Do not worship except Allah; and to parents do good and to relatives, orphans, and the needy. And speak to people good [words] and establish prayer and give zakah."" Then you turned away, except a few of you, "
13,lemma,vala`vap,ثَلَٰثَة,"N:12,T:1","And complete the Hajj and 'umrah for Allah. But if you are prevented, then [offer] what can be obtained with ease of sacrificial animals. And do not shave your heads until the sacrificial animal has reached its place of slaughter. And whoever among you is ill or has an ailment of the head [making sh"
13,lemma,qitaAl,قِتَال,N:13,"Fighting has been enjoined upon you while it is hateful to you. But perhaps you hate a thing and it is good for you; and perhaps you love a thing and it is bad for you. And Allah Knows, while you know not. || They ask you about the sacred month - about fighting therein. Say, ""Fighting therein is gre"
13,lemma,tarab~aSo,تَرَبَّصْ,V:13,"Divorced women remain in waiting for three periods, and it is not lawful for them to conceal what Allah has created in their wombs if they believe in Allah and the Last Day. And their husbands have more right to take them back in this [period] if they want reconciliation. And due to the wives is sim"
13,lemma,riDowa`n,رِضْوَٰن,N:13,"Say, ""Shall I inform you of [something] better than that? For those who fear Allah will be gardens in the presence of their Lord beneath which rivers flow, wherein they abide eternally, and purified spouses and approval from Allah. And Allah is Seeing of [His] servants - || So is one who pursues the"
13,lemma,gula`m,غُلَٰم,N:13,"He said, ""My Lord, how will I have a boy when I have reached old age and my wife is barren?"" The angel said, ""Such is Allah; He does what He wills."" || And there came a company of travelers; then they sent their water drawer, and he let down his bucket. He said, ""Good news! Here is a boy."" And they "
13,lemma,vawaAb,ثَوَاب,N:13,And it is not [possible] for one to die except by permission of Allah at a decree determined. And whoever desires the reward of this world - We will give him thereof; and whoever desires the reward of the Hereafter - We will give him thereof. And we will reward the grateful. || And it is not [possib
13,lemma,mavowFY,مَثْوًى,N:13,"We will cast terror into the hearts of those who disbelieve for what they have associated with Allah of which He had not sent down [any] authority. And their refuge will be the Fire, and wretched is the residence of the wrongdoers. || And [mention, O Muhammad], the Day when He will gather them toget"
13,lemma,ga$iya,غَشِيَ,V:13,"Then after distress, He sent down upon you security [in the form of] drowsiness, overcoming a faction of you, while another faction worried about themselves, thinking of Allah other than the truth - the thought of ignorance, saying, ""Is there anything for us [to have done] in this matter?"" Say, ""Ind"
13,lemma,jamoE,جَمْع,N:13,"Indeed, those of you who turned back on the day the two armies met, it was Satan who caused them to slip because of some [blame] they had earned. But Allah has already forgiven them. Indeed, Allah is Forgiving and Forbearing. || And what struck you on the day the two armies met was by permission of "
13,lemma,gaAlib,غَالِب,N:13,"If Allah should aid you, no one can overcome you; but if He should forsake you, who is there that can aid you after Him? And upon Allah let the believers rely. || Said two men from those who feared [to disobey] upon whom Allah had bestowed favor, ""Enter upon them through the gate, for when you have "
13,lemma,yaSolaY,يَصْلَى,V:13,"Indeed, those who devour the property of orphans unjustly are only consuming into their bellies fire. And they will be burned in a Blaze. || [It is] Hell, which they will [enter to] burn, and wretched is the settlement."
13,lemma,wariva,وَرِثَ,V:13,"Allah instructs you concerning your children: for the male, what is equal to the share of two females. But if there are [only] daughters, two or more, for them is two thirds of one's estate. And if there is only one, for her is half. And for one's parents, to each one of them is a sixth of his estat"
13,lemma,zaEama,زَعَمَ,V:13,"Have you not seen those who claim to have believed in what was revealed to you, [O Muhammad], and what was revealed before you? They wish to refer legislation to Taghut, while they were commanded to reject it; and Satan wishes to lead them far astray. || And [mention, O Muhammad], the Day We will ga"
13,lemma,{vonayon,ٱثْنَيْن,N:13,"And Allah had already taken a covenant from the Children of Israel, and We delegated from among them twelve leaders. And Allah said, ""I am with you. If you establish prayer and give zakah and believe in My messengers and support them and loan Allah a goodly loan, I will surely remove from you your m"
13,lemma,>aToEama,أَطْعَمَ,V:13,"Allah will not impose blame upon you for what is meaningless in your oaths, but He will impose blame upon you for [breaking] what you intended of oaths. So its expiation is the feeding of ten needy people from the average of that which you feed your [own] families or clothing them or the freeing of "
13,lemma,mak~a,مَكَّ,V:13,Have they not seen how many generations We destroyed before them which We had established upon the earth as We have not established you? And We sent [rain from] the sky upon them in showers and made rivers flow beneath them; then We destroyed them for their sins and brought forth after them a genera
13,lemma,bagotap,بَغْتَة,N:13,"Those will have lost who deny the meeting with Allah, until when the Hour [of resurrection] comes upon them unexpectedly, they will say, ""Oh, [how great is] our regret over what we neglected concerning it,"" while they bear their burdens on their backs. Unquestionably, evil is that which they bear. |"
13,lemma,n~ajom,نَّجْم,N:13,"And it is He who placed for you the stars that you may be guided by them through the darknesses of the land and sea. We have detailed the signs for a people who know. || Indeed, your Lord is Allah, who created the heavens and earth in six days and then established Himself above the Throne. He covers"
13,lemma,yaSifu,يَصِفُ,V:13,"But they have attributed to Allah partners - the jinn, while He has created them - and have fabricated for Him sons and daughters. Exalted is He and high above what they describe || And they brought upon his shirt false blood. [Jacob] said, ""Rather, your souls have enticed you to something, so patie"
13,lemma,>asomaEa,أَسْمَعَ,V:13,"Had Allah known any good in them, He would have made them hear. And if He had made them hear, they would [still] have turned away, while they were refusing. || Had Allah known any good in them, He would have made them hear. And if He had made them hear, they would [still] have turned away, while the"
13,lemma,Ha`fiZ,حَٰفِظ,N:13,"[Such believers are] the repentant, the worshippers, the praisers [of Allah], the travelers [for His cause], those who bow and prostrate [in prayer], those who enjoin what is right and forbid what is wrong, and those who observe the limits [set by] Allah. And give good tidings to the believers. || S"
13,lemma,SayoHap,صَيْحَة,N:13,"And the shriek seized those who had wronged, and they became within their homes [corpses] fallen prone || And when Our command came, We saved Shu'ayb and those who believed with him, by mercy from Us. And the shriek seized those who had wronged, and they became within their homes [corpses] fallen pr"
13,root,Aby,ابي,,"And [mention] when We said to the angels, ""Prostrate before Adam""; so they prostrated, except for Iblees. He refused and was arrogant and became of the disbelievers. || O you who have believed, when you contract a debt for a specified term, write it down. And let a scribe write [it] between you in j"
13,root,rkE,ركع,,And establish prayer and give zakah and bow with those who bow [in worship and obedience]. || And establish prayer and give zakah and bow with those who bow [in worship and obedience].
13,root,fdy,فدي,,"Then, you are those [same ones who are] killing one another and evicting a party of your people from their homes, cooperating against them in sin and aggression. And if they come to you as captives, you ransom them, although their eviction was forbidden to you. So do you believe in part of the Scrip"
13,root,qnt,قنت,,"They say, ""Allah has taken a son."" Exalted is He! Rather, to Him belongs whatever is in the heavens and the earth. All are devoutly obedient to Him, || Maintain with care the [obligatory] prayers and [in particular] the middle prayer and stand before Allah, devoutly obedient."
13,root,rAf,راف,,And thus we have made you a just community that you will be witnesses over the people and the Messenger will be a witness over you. And We did not make the qiblah which you used to face except that We might make evident who would follow the Messenger from who would turn back on his heels. And indeed
13,root,wqt,وقت,,"They ask you, [O Muhammad], about the new moons. Say, ""They are measurements of time for the people and for Hajj."" And it is not righteousness to enter houses from the back, but righteousness is [in] one who fears Allah. And enter houses from their doors. And fear Allah that you may succeed. || And "
13,root,qrD,قرض,,"Who is it that would loan Allah a goodly loan so He may multiply it for him many times over? And it is Allah who withholds and grants abundance, and to Him you will be returned. || Who is it that would loan Allah a goodly loan so He may multiply it for him many times over? And it is Allah who withho"
13,root,xll,خلل,,"O you who have believed, spend from that which We have provided for you before there comes a Day in which there is no exchange and no friendship and no intercession. And the disbelievers - they are the wrongdoers. || And who is better in religion than one who submits himself to Allah while being a d"
13,root,Tmn,طمن,,"And [mention] when Abraham said, ""My Lord, show me how You give life to the dead."" [Allah] said, ""Have you not believed?"" He said, ""Yes, but [I ask] only that my heart may be satisfied."" [Allah] said, ""Take four birds and commit them to yourself. Then [after slaughtering them] put on each hill a por"
13,root,Sgr,صغر,,"O you who have believed, when you contract a debt for a specified term, write it down. And let a scribe write [it] between you in justice. Let no scribe refuse to write as Allah has taught him. So let him write and let the one who has the obligation dictate. And let him fear Allah, his Lord, and not"
13,root,$hw,شهو,,"Beautified for people is the love of that which they desire - of women and sons, heaped-up sums of gold and silver, fine branded horses, and cattle and tilled land. That is the enjoyment of worldly life, but Allah has with Him the best return. || Allah wants to accept your repentance, but those who "
13,root,glm,غلم,,"He said, ""My Lord, how will I have a boy when I have reached old age and my wife is barren?"" The angel said, ""Such is Allah; He does what He wills."" || And there came a company of travelers; then they sent their water drawer, and he let down his bucket. He said, ""Good news! Here is a boy."" And they "
13,root,Hwr,حور,,"But when Jesus felt [persistence in] disbelief from them, he said, ""Who are my supporters for [the cause of] Allah?"" The disciples said, ""We are supporters for Allah. We have believed in Allah and testify that we are Muslims [submitting to Him]. || And [remember] when I inspired to the disciples, ""B"
13,root,ESm,عصم,,And how could you disbelieve while to you are being recited the verses of Allah and among you is His Messenger? And whoever holds firmly to Allah has [indeed] been guided to a straight path. || And hold firmly to the rope of Allah all together and do not become divided. And remember the favor of All
13,root,fwh,فوه,,"O you who have believed, do not take as intimates those other than yourselves, for they will not spare you [any] ruin. They wish you would have hardship. Hatred has already appeared from their mouths, and what their breasts conceal is greater. We have certainly made clear to you the signs, if you wi"
13,root,glZ,غلظ,,"So by mercy from Allah, [O Muhammad], you were lenient with them. And if you had been rude [in speech] and harsh in heart, they would have disbanded from about you. So pardon them and ask forgiveness for them and consult them in the matter. And when you have decided, then rely upon Allah. Indeed, Al"
13,root,jwr,جور,,"Worship Allah and associate nothing with Him, and to parents do good, and to relatives, orphans, the needy, the near neighbor, the neighbor farther away, the companion at your side, the traveler, and those whom your right hands possess. Indeed, Allah does not like those who are self-deluding and boa"
13,root,jld,جلد,,"Indeed, those who disbelieve in Our verses - We will drive them into a Fire. Every time their skins are roasted through We will replace them with other skins so they may taste the punishment. Indeed, Allah is ever Exalted in Might and Wise. || Indeed, those who disbelieve in Our verses - We will dri"
13,root,Hlf,حلف,,"So how [will it be] when disaster strikes them because of what their hands have put forth and then they come to you swearing by Allah, ""We intended nothing but good conduct and accommodation."" || Allah will not impose blame upon you for what is meaningless in your oaths, but He will impose blame upo"
13,root,yAs,ياس,,"Prohibited to you are dead animals, blood, the flesh of swine, and that which has been dedicated to other than Allah, and [those animals] killed by strangling or by a violent blow or by a head-long fall or by the goring of horns, and those from which a wild animal has eaten, except what you [are abl"
13,root,bgt,بغت,,"Those will have lost who deny the meeting with Allah, until when the Hour [of resurrection] comes upon them unexpectedly, they will say, ""Oh, [how great is] our regret over what we neglected concerning it,"" while they bear their burdens on their backs. Unquestionably, evil is that which they bear. |"
13,root,xzn,خزن,,"Say, [O Muhammad], ""I do not tell you that I have the depositories [containing the provision] of Allah or that I know the unseen, nor do I tell you that I am an angel. I only follow what is revealed to me."" Say, ""Is the blind equivalent to the seeing? Then will you not give thought?"" || And I do not"
13,root,njm,نجم,,"And it is He who placed for you the stars that you may be guided by them through the darknesses of the land and sea. We have detailed the signs for a people who know. || Indeed, your Lord is Allah, who created the heavens and earth in six days and then established Himself above the Throne. He covers"
13,root,Dyq,ضيق,,So whoever Allah wants to guide - He expands his breast to [contain] Islam; and whoever He wants to misguide - He makes his breast tight and constricted as though he were climbing into the sky. Thus does Allah place defilement upon those who do not believe. || Allah has already given you victory in 
13,root,nSH,نصح,,"And he swore [by Allah] to them, ""Indeed, I am to you from among the sincere advisors."" || I convey to you the messages of my Lord and advise you; and I know from Allah what you do not know."
13,root,SyH,صيح,,"And the shriek seized those who had wronged, and they became within their homes [corpses] fallen prone || And when Our command came, We saved Shu'ayb and those who believed with him, by mercy from Us. And the shriek seized those who had wronged, and they became within their homes [corpses] fallen pr"
12,lemma,yuwqinu,يُوقِنُ,V:12,"And who believe in what has been revealed to you, [O Muhammad], and what was revealed before you, and of the Hereafter they are certain [in faith]. || Those who do not know say, ""Why does Allah not speak to us or there come to us a sign?"" Thus spoke those before them like their words. Their hearts r"
12,lemma,>aSam~,أَصَمّ,N:12,"Deaf, dumb and blind - so they will not return [to the right path]. || The example of those who disbelieve is like that of one who shouts at what hears nothing but calls and cries cattle or sheep - deaf, dumb and blind, so they do not understand."
12,lemma,quTiEa,قُطِعَ,V:12,Who break the covenant of Allah after contracting it and sever that which Allah has ordered to be joined and cause corruption on earth. It is those who are the losers. || That He might cut down a section of the disbelievers or suppress them so that they turn back disappointed.
12,lemma,taw~aAb,تَوَّاب,"N:11,ADJ:1","Then Adam received from his Lord [some] words, and He accepted his repentance. Indeed, it is He who is the Accepting of repentance, the Merciful. || And [recall] when Moses said to his people, ""O my people, indeed you have wronged yourselves by your taking of the calf [for worship]. So repent to you"
12,lemma,>adonaY`,أَدْنَىٰ,"N:10,ADJ:1,T:1","And [recall] when you said, ""O Moses, we can never endure one [kind of] food. So call upon your Lord to bring forth for us from the earth its green herbs and its cucumbers and its garlic and its lentils and its onions."" [Moses] said, ""Would you exchange what is better for what is less? Go into [any]"
12,lemma,saqaY`,سَقَىٰ,V:12,"He said, ""He says, 'It is a cow neither trained to plow the earth nor to irrigate the field, one free from fault with no spot upon her.' "" They said, ""Now you have come with the truth."" So they slaughtered her, but they could hardly do it. || O two companions of prison, as for one of you, he will gi"
12,lemma,HaA^j~a,حَا^جَّ,V:12,"And when they meet those who believe, they say, ""We have believed""; but when they are alone with one another, they say, ""Do you talk to them about what Allah has revealed to you so they can argue with you about it before your Lord?"" Then will you not reason? || Say, [O Muhammad], ""Do you argue with "
12,lemma,>aEolan,أَعْلَن,V:12,"But do they not know that Allah knows what they conceal and what they declare? || Unquestionably, they the disbelievers turn away their breasts to hide themselves from Him. Unquestionably, [even] when they cover themselves in their clothing, Allah knows what they conceal and what they declare. Indee"
12,lemma,<iHosa`n,إِحْسَٰن,N:12,"And [recall] when We took the covenant from the Children of Israel, [enjoining upon them], ""Do not worship except Allah; and to parents do good and to relatives, orphans, and the needy. And speak to people good [words] and establish prayer and give zakah."" Then you turned away, except a few of you, "
12,lemma,m~anaEa,مَّنَعَ,V:12,"And who are more unjust than those who prevent the name of Allah from being mentioned in His mosques and strive toward their destruction. It is not for them to enter them except in fear. For them in this world is disgrace, and they will have in the Hereafter a great punishment. || Those who wait [an"
12,lemma,<imaAm,إِمَام,N:12,"And [mention, O Muhammad], when Abraham was tried by his Lord with commands and he fulfilled them. [Allah] said, ""Indeed, I will make you a leader for the people."" [Abraham] said, ""And of my descendants?"" [Allah] said, ""My covenant does not include the wrongdoers."" || And if they break their oaths a"
12,lemma,<isomaAEiyl,إِسْمَاعِيل,PN:12,"And [mention] when We made the House a place of return for the people and [a place of] security. And take, [O believers], from the standing place of Abraham a place of prayer. And We charged Abraham and Ishmael, [saying], ""Purify My House for those who perform Tawaf and those who are staying [there]"
12,lemma,zak~aY`,زَكَّىٰ,V:12,"Our Lord, and send among them a messenger from themselves who will recite to them Your verses and teach them the Book and wisdom and purify them. Indeed, You are the Exalted in Might, the Wise."" || Just as We have sent among you a messenger from yourselves reciting to you Our verses and purifying yo"
12,lemma,{SoTafaY`,ٱصْطَفَىٰ,V:12,"And who would be averse to the religion of Abraham except one who makes a fool of himself. And We had chosen him in this world, and indeed he, in the Hereafter, will be among the righteous. || And Abraham instructed his sons [to do the same] and [so did] Jacob, [saying], ""O my sons, indeed Allah has"
12,lemma,Haniyf,حَنِيف,N:12,"They say, ""Be Jews or Christians [so] you will be guided."" Say, ""Rather, [we follow] the religion of Abraham, inclining toward truth, and he was not of the polytheists."" || Abraham was neither a Jew nor a Christian, but he was one inclining toward truth, a Muslim [submitting to Allah]. And he was no"
12,lemma,yunZaru,يُنظَرُ,V:12,"Abiding eternally therein. The punishment will not be lightened for them, nor will they be reprieved. || Abiding eternally therein. The punishment will not be lightened for them, nor will they be reprieved."
12,lemma,laHom,لَحْم,N:12,"He has only forbidden to you dead animals, blood, the flesh of swine, and that which has been dedicated to other than Allah. But whoever is forced [by necessity], neither desiring [it] nor transgressing [its limit], there is no sin upon him. Indeed, Allah is Forgiving and Merciful. || Or [consider s"
12,lemma,HabiTa,حَبِطَ,V:12,"They ask you about the sacred month - about fighting therein. Say, ""Fighting therein is great [sin], but averting [people] from the way of Allah and disbelief in Him and [preventing access to] al-Masjid al-Haram and the expulsion of its people therefrom are greater [evil] in the sight of Allah. And "
12,lemma,>aroHaAm,أَرْحَام,N:12,"Divorced women remain in waiting for three periods, and it is not lawful for them to conceal what Allah has created in their wombs if they believe in Allah and the Last Day. And their husbands have more right to take them back in this [period] if they want reconciliation. And due to the wives is sim"
12,lemma,yaHo*aru,يَحْذَرُ,V:12,There is no blame upon you for that to which you [indirectly] allude concerning a proposal to women or for what you conceal within yourselves. Allah knows that you will have them in mind. But do not promise them secretly except for saying a proper saying. And do not determine to undertake a marriage
12,lemma,faqiyr,فَقِير,"N:10,ADJ:2","If you disclose your charitable expenditures, they are good; but if you conceal them and give them to the poor, it is better for you, and He will remove from you some of your misdeeds [thereby]. And Allah, with what you do, is [fully] Acquainted. || [Charity is] for the poor who have been restricted"
12,lemma,<injiyl,إِنجِيل,PN:12,"He has sent down upon you, [O Muhammad], the Book in truth, confirming what was before it. And He revealed the Torah and the Gospel. || And He will teach him writing and wisdom and the Torah and the Gospel"
12,lemma,Sal~aY`,صَلَّىٰ,V:12,"So the angels called him while he was standing in prayer in the chamber, ""Indeed, Allah gives you good tidings of John, confirming a word from Allah and [who will be] honorable, abstaining [from women], and a prophet from among the righteous."" || And when you are among them and lead them in prayer, "
12,lemma,Tiyn,طِين,N:12,"And [make him] a messenger to the Children of Israel, [who will say], 'Indeed I have come to you with a sign from your Lord in that I design for you from clay [that which is] like the form of a bird, then I breathe into it and it becomes a bird by permission of Allah. And I cure the blind and the le"
12,lemma,>afowa`h,أَفْوَٰه,N:12,"O you who have believed, do not take as intimates those other than yourselves, for they will not spare you [any] ruin. They wish you would have hardship. Hatred has already appeared from their mouths, and what their breasts conceal is greater. We have certainly made clear to you the signs, if you wi"
12,lemma,Ea`mil,عَٰمِل,N:12,"Those - their reward is forgiveness from their Lord and gardens beneath which rivers flow [in Paradise], wherein they will abide eternally; and excellent is the reward of the [righteous] workers. || And their Lord responded to them, ""Never will I allow to be lost the work of [any] worker among you, "
12,lemma,qaEada,قَعَدَ,V:12,"Those who said about their brothers while sitting [at home], ""If they had obeyed us, they would not have been killed."" Say, ""Then prevent death from yourselves, if you should be truthful."" || And it has already come down to you in the Book that when you hear the verses of Allah [recited], they are d"
12,lemma,>axozayo,أَخْزَيْ,V:12,"Our Lord, indeed whoever You admit to the Fire - You have disgraced him, and for the wrongdoers there are no helpers. || Our Lord, and grant us what You promised us through Your messengers and do not disgrace us on the Day of Resurrection. Indeed, You do not fail in [Your] promise."""
12,lemma,tadoriY,تَدْرِى,V:12,"Allah instructs you concerning your children: for the male, what is equal to the share of two females. But if there are [only] daughters, two or more, for them is two thirds of one's estate. And if there is only one, for her is half. And for one's parents, to each one of them is a sixth of his estat"
12,lemma,Halafo,حَلَفْ,V:12,"So how [will it be] when disaster strikes them because of what their hands have put forth and then they come to you swearing by Allah, ""We intended nothing but good conduct and accommodation."" || Allah will not impose blame upon you for what is meaningless in your oaths, but He will impose blame upo"
12,lemma,HafiyZ,حَفِيظ,"N:7,ADJ:5","He who obeys the Messenger has obeyed Allah; but those who turn away - We have not sent you over them as a guardian. || And He is the subjugator over His servants, and He sends over you guardian-angels until, when death comes to one of you, Our messengers take him, and they do not fail [in their dut"
12,lemma,waqaEa,وَقَعَ,V:12,And whoever emigrates for the cause of Allah will find on the earth many [alternative] locations and abundance. And whoever leaves his home as an emigrant to Allah and His Messenger and then death overtakes him - his reward has already become incumbent upon Allah. And Allah is ever Forgiving and Mer
12,lemma,bariY^',بَرِى^ء,"N:11,ADJ:1","But whoever earns an offense or a sin and then blames it on an innocent [person] has taken upon himself a slander and manifest sin. || Say, ""What thing is greatest in testimony?"" Say, ""Allah is witness between me and you. And this Qur'an was revealed to me that I may warn you thereby and whomever it"
12,lemma,fatoH,فَتْح,N:12,"Those who wait [and watch] you. Then if you gain a victory from Allah, they say, ""Were we not with you?"" But if the disbelievers have a success, they say [to them], ""Did we not gain the advantage over you, but we protected you from the believers?"" Allah will judge between [all of] you on the Day of "
12,lemma,qaT~aEa,قَطَّعَ,V:12,"Indeed, the penalty for those who wage war against Allah and His Messenger and strive upon earth [to cause] corruption is none but that they be killed or crucified or that their hands and feet be cut off from opposite sides or that they be exiled from the land. That is for them a disgrace in this wo"
12,lemma,wizor,وِزْر,N:12,"Those will have lost who deny the meeting with Allah, until when the Hour [of resurrection] comes upon them unexpectedly, they will say, ""Oh, [how great is] our regret over what we neglected concerning it,"" while they bear their burdens on their backs. Unquestionably, evil is that which they bear. |"
12,lemma,jaHadu,جَحَدُ,V:12,"We know that you, [O Muhammad], are saddened by what they say. And indeed, they do not call you untruthful, but it is the verses of Allah that the wrongdoers reject. || Who took their religion as distraction and amusement and whom the worldly life deluded."" So today We will forget them just as they "
12,lemma,xa`liq,خَٰلِق,"N:11,ADJ:1","That is Allah, your Lord; there is no deity except Him, the Creator of all things, so worship Him. And He is Disposer of all things. || Say, ""Who is Lord of the heavens and earth?"" Say, ""Allah."" Say, ""Have you then taken besides Him allies not possessing [even] for themselves any benefit or any harm"
12,lemma,muEojiz,مُعْجِز,N:12,"Indeed, what you are promised is coming, and you will not cause failure [to Allah]. || So travel freely, [O disbelievers], throughout the land [during] four months but know that you cannot cause failure to Allah and that Allah will disgrace the disbelievers."
12,lemma,bada>a,بَدَأَ,V:12,"Say, [O Muhammad], ""My Lord has ordered justice and that you maintain yourselves [in worship of Him] at every place [or time] of prostration, and invoke Him, sincere to Him in religion."" Just as He originated you, you will return [to life] - || Would you not fight a people who broke their oaths and "
12,lemma,>aworava,أَوْرَثَ,V:12,"And We will have removed whatever is within their breasts of resentment, [while] flowing beneath them are rivers. And they will say, ""Praise to Allah, who has guided us to this; and we would never have been guided if Allah had not guided us. Certainly the messengers of our Lord had come with the tru"
12,lemma,siniyn,سِنِين,"N:11,T:1",And We certainly seized the people of Pharaoh with years of famine and a deficiency in fruits that perhaps they would be reminded. || It is He who made the sun a shining light and the moon a derived light and determined for it phases - that you may know the number of years and account [of time]. All
12,lemma,xar~a,خَرَّ,V:12,"And when Moses arrived at Our appointed time and his Lord spoke to him, he said, ""My Lord, show me [Yourself] that I may look at You."" [Allah] said, ""You will not see Me, but look at the mountain; if it should remain in place, then you will see Me."" But when his Lord appeared to the mountain, He ren"
12,lemma,masokan,مَسْكَن,N:12,"Say, [O Muhammad], ""If your fathers, your sons, your brothers, your wives, your relatives, wealth which you have obtained, commerce wherein you fear decline, and dwellings with which you are pleased are more beloved to you than Allah and His Messenger and jihad in His cause, then wait until Allah ex"
12,lemma,{sota_#o*ana,ٱسْتَـ#ْذَنَ,V:12,"Those who believe in Allah and the Last Day would not ask permission of you to be excused from striving with their wealth and their lives. And Allah is Knowing of those who fear Him. || Only those would ask permission of you who do not believe in Allah and the Last Day and whose hearts have doubted,"
12,lemma,kafuwr,كَفُور,"ADJ:6,N:6","And if We give man a taste of mercy from Us and then We withdraw it from him, indeed, he is despairing and ungrateful. || Indeed, the wasteful are brothers of the devils, and ever has Satan been to his Lord ungrateful."
12,lemma,m~awoEid,مَّوْعِد,N:12,"So is one who [stands] upon a clear evidence from his Lord [like the aforementioned]? And a witness from Him follows it, and before it was the Scripture of Moses to lead and as mercy. Those [believers in the former revelations] believe in the Qur'an. But whoever disbelieves in it from the [various] "
12,lemma,TagaY`,طَغَىٰ,V:12,"So remain on a right course as you have been commanded, [you] and those who have turned back with you [to Allah], and do not transgress. Indeed, He is Seeing of what you do. || Go to Pharaoh. Indeed, he has transgressed."""
12,lemma,salaka,سَلَكَ,V:12,"Thus do We insert denial into the hearts of the criminals. || Then eat from all the fruits and follow the ways of your Lord laid down [for you]."" There emerges from their bellies a drink, varying in colors, in which there is healing for people. Indeed in that is a sign for a people who give thought."
12,lemma,n~uTofap,نُّطْفَة,N:12,"He created man from a sperm-drop; then at once, he is a clear adversary. || His companion said to him while he was conversing with him, ""Have you disbelieved in He who created you from dust and then from a sperm-drop and then proportioned you [as] a man?"
12,root,$bh,شبه,,"And give good tidings to those who believe and do righteous deeds that they will have gardens [in Paradise] beneath which rivers flow. Whenever they are provided with a provision of fruit therefrom, they will say, ""This is what we were provided with before."" And it is given to them in likeness. And "
12,root,wSl,وصل,,"Who break the covenant of Allah after contracting it and sever that which Allah has ordered to be joined and cause corruption on earth. It is those who are the losers. || Except for those who take refuge with a people between yourselves and whom is a treaty or those who come to you, their hearts str"
12,root,rhb,رهب,,"O Children of Israel, remember My favor which I have bestowed upon you and fulfill My covenant [upon you] that I will fulfill your covenant [from Me], and be afraid of [only] Me. || You will surely find the most intense of the people in animosity toward the believers [to be] the Jews and those who a"
12,root,ESw,عصو,,"And [recall] when Moses prayed for water for his people, so We said, ""Strike with your staff the stone."" And there gushed forth from it twelve springs, and every people knew its watering place. ""Eat and drink from the provision of Allah, and do not commit abuse on the earth, spreading corruption."" |"
12,root,bkr,بكر,,"They said, ""Call upon your Lord to make clear to us what it is."" [Moses] said, ""[Allah] says, 'It is a cow which is neither old nor virgin, but median between that,' so do what you are commanded."" || He said, ""My Lord, make for me a sign."" He Said, ""Your sign is that you will not [be able to] speak "
12,root,TmE,طمع,,"Do you covet [the hope, O believers], that they would believe for you while a party of them used to hear the words of Allah and then distort the Torah after they had understood it while they were knowing? || And why should we not believe in Allah and what has come to us of the truth? And we aspire t"
12,root,nb*,نبذ,,"Is it not [true] that every time they took a covenant a party of them threw it away? But, [in fact], most of them do not believe. || And when a messenger from Allah came to them confirming that which was with them, a party of those who had been given the Scripture threw the Scripture of Allah behind"
12,root,nyl,نيل,,"And [mention, O Muhammad], when Abraham was tried by his Lord with commands and he fulfilled them. [Allah] said, ""Indeed, I will make you a leader for the people."" [Abraham] said, ""And of my descendants?"" [Allah] said, ""My covenant does not include the wrongdoers."" || Never will you attain the good "
12,root,Hnf,حنف,,"They say, ""Be Jews or Christians [so] you will be guided."" Say, ""Rather, [we follow] the religion of Abraham, inclining toward truth, and he was not of the polytheists."" || Abraham was neither a Jew nor a Christian, but he was one inclining toward truth, a Muslim [submitting to Allah]. And he was no"
12,root,Hsr,حسر,,"Those who followed will say, ""If only we had another turn [at worldly life] so we could disassociate ourselves from them as they have disassociated themselves from us."" Thus will Allah show them their deeds as regrets upon them. And they are never to emerge from the Fire. || O you who have believed,"
12,root,lHm,لحم,,"He has only forbidden to you dead animals, blood, the flesh of swine, and that which has been dedicated to other than Allah. But whoever is forced [by necessity], neither desiring [it] nor transgressing [its limit], there is no sin upon him. Indeed, Allah is Forgiving and Merciful. || Or [consider s"
12,root,sfr,سفر,,"[Fasting for] a limited number of days. So whoever among you is ill or on a journey [during them] - then an equal number of days [are to be made up]. And upon those who are able [to fast, but with hardship] - a ransom [as substitute] of feeding a poor person [each day]. And whoever volunteers excess"
12,root,Esr,عسر,,"The month of Ramadhan [is that] in which was revealed the Qur'an, a guidance for the people and clear proofs of guidance and criterion. So whoever sights [the new moon of] the month, let him fast it; and whoever is ill or on a journey - then an equal number of other days. Allah intends for you ease "
12,root,byD,بيض,,"It has been made permissible for you the night preceding fasting to go to your wives [for sexual relations]. They are clothing for you and you are clothing for them. Allah knows that you used to deceive yourselves, so He accepted your repentance and forgave you. So now, have relations with them and "
12,root,xTb,خطب,,There is no blame upon you for that to which you [indirectly] allude concerning a proposal to women or for what you conceal within yourselves. Allah knows that you will have them in mind. But do not promise them secretly except for saying a proper saying. And do not determine to undertake a marriage
12,root,knn,كنن,,There is no blame upon you for that to which you [indirectly] allude concerning a proposal to women or for what you conceal within yourselves. Allah knows that you will have them in mind. But do not promise them secretly except for saying a proper saying. And do not determine to undertake a marriage
12,root,Tyn,طين,,"And [make him] a messenger to the Children of Israel, [who will say], 'Indeed I have come to you with a sign from your Lord in that I design for you from clay [that which is] like the form of a bird, then I breathe into it and it becomes a bird by permission of Allah. And I cure the blind and the le"
12,root,jby,جبي,,"Allah would not leave the believers in that [state] you are in [presently] until He separates the evil from the good. Nor would Allah reveal to you the unseen. But [instead], Allah chooses of His messengers whom He wills, so believe in Allah and His messengers. And if you believe and fear Him, then "
12,root,bxl,بخل,,"And let not those who [greedily] withhold what Allah has given them of His bounty ever think that it is better for them. Rather, it is worse for them. Their necks will be encircled by what they withheld on the Day of Resurrection. And to Allah belongs the heritage of the heavens and the earth. And A"
12,root,drk,درك,,"Wherever you may be, death will overtake you, even if you should be within towers of lofty construction. But if good comes to them, they say, ""This is from Allah ""; and if evil befalls them, they say, ""This is from you."" Say, ""All [things] are from Allah."" So what is [the matter] with those people t"
12,root,wdy,ودي,,And never is it for a believer to kill a believer except by mistake. And whoever kills a believer by mistake - then the freeing of a believing slave and a compensation payment presented to the deceased's family [is required] unless they give [up their right as] charity. But if the deceased was from 
12,root,xwD,خوض,,"And it has already come down to you in the Book that when you hear the verses of Allah [recited], they are denied [by them] and ridiculed; so do not sit with them until they enter into another conversation. Indeed, you would then be like them. Indeed Allah will gather the hypocrites and disbelievers"
12,root,jHd,جحد,,"We know that you, [O Muhammad], are saddened by what they say. And indeed, they do not call you untruthful, but it is the verses of Allah that the wrongdoers reject. || Who took their religion as distraction and amusement and whom the worldly life deluded."" So today We will forget them just as they "
12,root,$yE,شيع,,"Say, ""He is the [one] Able to send upon you affliction from above you or from beneath your feet or to confuse you [so you become] sects and make you taste the violence of one another."" Look how We diversify the signs that they might understand. || Indeed, those who have divided their religion and be"
12,root,$ml,شمل,,"[They are] eight mates - of the sheep, two and of the goats, two. Say, ""Is it the two males He has forbidden or the two females or that which the wombs of the two females contain? Inform me with knowledge, if you should be truthful."" || And of the camels, two and of the cattle, two. Say, ""Is it the "
12,root,xrr,خرر,,"And when Moses arrived at Our appointed time and his Lord spoke to him, he said, ""My Lord, show me [Yourself] that I may look at You."" [Allah] said, ""You will not see Me, but look at the mountain; if it should remain in place, then you will see Me."" But when his Lord appeared to the mountain, He ren"
12,root,E*r,عذر,,"And when a community among them said, ""Why do you advise [or warn] a people whom Allah is [about] to destroy or to punish with a severe punishment?"" they [the advisors] said, ""To be absolved before your Lord and perhaps they may fear Him."" || Make no excuse; you have disbelieved after your belief. I"
12,root,$qw,شقو,,"The Day it comes no soul will speak except by His permission. And among them will be the wretched and the prosperous. || As for those who were [destined to be] wretched, they will be in the Fire. For them therein is [violent] exhaling and inhaling."
12,root,sjn,سجن,,"And they both raced to the door, and she tore his shirt from the back, and they found her husband at the door. She said, ""What is the recompense of one who intended evil for your wife but that he be imprisoned or a painful punishment?"" || She said, ""That is the one about whom you blamed me. And I ce"
12,root,slk,سلك,,"Thus do We insert denial into the hearts of the criminals. || Then eat from all the fruits and follow the ways of your Lord laid down [for you]."" There emerges from their bellies a drink, varying in colors, in which there is healing for people. Indeed in that is a sign for a people who give thought."
12,root,nTf,نطف,,"He created man from a sperm-drop; then at once, he is a clear adversary. || His companion said to him while he was conversing with him, ""Have you disbelieved in He who created you from dust and then from a sperm-drop and then proportioned you [as] a man?"
12,root,nTq,نطق,,"He said, ""Rather, this - the largest of them - did it, so ask them, if they should [be able to] speak."" || Then they reversed themselves, [saying], ""You have already known that these do not speak!"""
11,lemma,ka*aba,كَذَبَ,V:11,"In their hearts is disease, so Allah has increased their disease; and for them is a painful punishment because they [habitually] used to lie. || See how they will lie about themselves. And lost from them will be what they used to invent."
11,lemma,EaraDa,عَرَضَ,V:11,"And He taught Adam the names - all of them. Then He showed them to the angels and said, ""Inform Me of the names of these, if you are truthful."" || And who is more unjust than he who invents a lie about Allah? Those will be presented before their Lord, and the witnesses will say, ""These are the ones "
11,lemma,<iboliys,إِبْلِيس,PN:11,"And [mention] when We said to the angels, ""Prostrate before Adam""; so they prostrated, except for Iblees. He refused and was arrogant and became of the disbelievers. || And We have certainly created you, [O Mankind], and given you [human] form. Then We said to the angels, ""Prostrate to Adam""; so the"
11,lemma,yaqorabu,يَقْرَبُ,V:11,"And We said, ""O Adam, dwell, you and your wife, in Paradise and eat therefrom in [ease and] abundance from wherever you will. But do not approach this tree, lest you be among the wrongdoers."" || It has been made permissible for you the night preceding fasting to go to your wives [for sexual relation"
11,lemma,vaman,ثَمَن,N:11,"And believe in what I have sent down confirming that which is [already] with you, and be not the first to disbelieve in it. And do not exchange My signs for a small price, and fear [only] Me. || So woe to those who write the ""scripture"" with their own hands, then say, ""This is from Allah,"" in order "
11,lemma,labaso,لَبَسْ,V:11,"And do not mix the truth with falsehood or conceal the truth while you know [it]. || O People of the Scripture, why do you confuse the truth with falsehood and conceal the truth while you know [it]?"
11,lemma,haAdu,هَادُ,V:11,"Indeed, those who believed and those who were Jews or Christians or Sabeans [before Prophet Muhammad] - those [among them] who believed in Allah and the Last Day and did righteousness - will have their reward with their Lord, and no fear will there be concerning them, nor will they grieve. || Among "
11,lemma,huzuw,هُزُو,N:11,"And [recall] when Moses said to his people, ""Indeed, Allah commands you to slaughter a cow."" They said, ""Do you take us in ridicule?"" He said, ""I seek refuge in Allah from being among the ignorant."" || And when you divorce women and they have [nearly] fulfilled their term, either retain them accordi"
11,lemma,xizoY,خِزْى,N:11,"Then, you are those [same ones who are] killing one another and evicting a party of your people from their homes, cooperating against them in sin and aggression. And if they come to you as captives, you ransom them, although their eviction was forbidden to you. So do you believe in part of the Scrip"
11,lemma,bagoy,بَغْي,N:11,How wretched is that for which they sold themselves - that they would disbelieve in what Allah has revealed through [their] outrage that Allah would send down His favor upon whom He wills from among His servants. So they returned having [earned] wrath upon wrath. And for the disbelievers is a humili
11,lemma,Ea`hada,عَٰهَدَ,V:11,"Is it not [true] that every time they took a covenant a party of them threw it away? But, [in fact], most of them do not believe. || Righteousness is not that you turn your faces toward the east or the west, but [true] righteousness is [in] one who believes in Allah, the Last Day, the angels, the Bo"
11,lemma,ma$oriq,مَشْرِق,N:11,"And to Allah belongs the east and the west. So wherever you [might] turn, there is the Face of Allah. Indeed, Allah is all-Encompassing and Knowing. || The foolish among the people will say, ""What has turned them away from their qiblah, which they used to face?"" Say, ""To Allah belongs the east and t"
11,lemma,yanaAlu,يَنَالُ,V:11,"And [mention, O Muhammad], when Abraham was tried by his Lord with commands and he fulfilled them. [Allah] said, ""Indeed, I will make you a leader for the people."" [Abraham] said, ""And of my descendants?"" [Allah] said, ""My covenant does not include the wrongdoers."" || Never will you attain the good "
11,lemma,waS~aY`,وَصَّىٰ,V:11,"And Abraham instructed his sons [to do the same] and [so did] Jacob, [saying], ""O my sons, indeed Allah has chosen for you this religion, so do not die except while you are Muslims."" || And to Allah belongs whatever is in the heavens and whatever is on the earth. And We have instructed those who wer"
11,lemma,EaAbid,عَابِد,"N:10,ADJ:1","[And say, ""Ours is] the religion of Allah. And who is better than Allah in [ordaining] religion? And we are worshippers of Him."" || [Such believers are] the repentant, the worshippers, the praisers [of Allah], the travelers [for His cause], those who bow and prostrate [in prayer], those who enjoin w"
11,lemma,muxoliS,مُخْلِص,N:11,"Say, [O Muhammad], ""Do you argue with us about Allah while He is our Lord and your Lord? For us are our deeds, and for you are your deeds. And we are sincere [in deed and intention] to Him."" || Say, [O Muhammad], ""My Lord has ordered justice and that you maintain yourselves [in worship of Him] at ev"
11,lemma,ra'uwf,رَءُوف,"N:10,ADJ:1",And thus we have made you a just community that you will be witnesses over the people and the Messenger will be a witness over you. And We did not make the qiblah which you used to face except that We might make evident who would follow the Messenger from who would turn back on his heels. And indeed
11,lemma,Eid~ap,عِدَّة,N:11,"[Fasting for] a limited number of days. So whoever among you is ill or on a journey [during them] - then an equal number of days [are to be made up]. And upon those who are able [to fast, but with hardship] - a ransom [as substitute] of feeding a poor person [each day]. And whoever volunteers excess"
11,lemma,tamat~aEa,تَمَتَّعَ,V:11,"And complete the Hajj and 'umrah for Allah. But if you are prevented, then [offer] what can be obtained with ease of sacrificial animals. And do not shave your heads until the sacrificial animal has reached its place of slaughter. And whoever among you is ill or has an ailment of the head [making sh"
11,lemma,>aEojaba,أَعْجَبَ,V:11,"And of the people is he whose speech pleases you in worldly life, and he calls Allah to witness as to what is in his heart, yet he is the fiercest of opponents. || And do not marry polytheistic women until they believe. And a believing slave woman is better than a polytheist, even though she might p"
11,lemma,fasaAd,فَسَاد,N:11,"And when he goes away, he strives throughout the land to cause corruption therein and destroy crops and animals. And Allah does not like corruption. || Because of that, We decreed upon the Children of Israel that whoever kills a soul unless for a soul or for corruption [done] in the land - it is as "
11,lemma,Eiz~ap,عِزَّة,N:11,"And when it is said to him, ""Fear Allah,"" pride in the sin takes hold of him. Sufficient for him is Hellfire, and how wretched is the resting place. || Those who take disbelievers as allies instead of the believers. Do they seek with them honor [through power]? But indeed, honor belongs to Allah ent"
11,lemma,Hasob,حَسْب,N:11,"And when it is said to him, ""Fear Allah,"" pride in the sin takes hold of him. Sufficient for him is Hellfire, and how wretched is the resting place. || Those to whom hypocrites said, ""Indeed, the people have gathered against you, so fear them."" But it [merely] increased them in faith, and they said,"
11,lemma,saxira,سَخِرَ,V:11,"Beautified for those who disbelieve is the life of this world, and they ridicule those who believe. But those who fear Allah are above them on the Day of Resurrection. And Allah gives provision to whom He wills without account. || And already were messengers ridiculed before you, but those who mocke"
11,lemma,nafoE,نَفْع,N:11,"They ask you about wine and gambling. Say, ""In them is great sin and [yet, some] benefit for people. But their sin is greater than their benefit."" And they ask you what they should spend. Say, ""The excess [beyond needs]."" Thus Allah makes clear to you the verses [of revelation] that you might give t"
11,lemma,sir~,سِرّ,N:11,There is no blame upon you for that to which you [indirectly] allude concerning a proposal to women or for what you conceal within yourselves. Allah knows that you will have them in mind. But do not promise them secretly except for saying a proper saying. And do not determine to undertake a marriage
11,lemma,qadar,قَدَر,N:11,"There is no blame upon you if you divorce women you have not touched nor specified for them an obligation. But give them [a gift of] compensation - the wealthy according to his capability and the poor according to his capability - a provision according to what is acceptable, a duty upon the doers of"
11,lemma,DiEof,ضِعْف,"N:7,ADJ:4","Who is it that would loan Allah a goodly loan so He may multiply it for him many times over? And it is Allah who withholds and grants abundance, and to Him you will be returned. || And the example of those who spend their wealth seeking means to the approval of Allah and assuring [reward for] themse"
11,lemma,kaviyrap,كَثِيرَة,ADJ:11,"Who is it that would loan Allah a goodly loan so He may multiply it for him many times over? And it is Allah who withholds and grants abundance, and to Him you will be returned. || And when Saul went forth with the soldiers, he said, ""Indeed, Allah will be testing you with a river. So whoever drinks"
11,lemma,Ealiy~,عَلِيّ,"N:8,ADJ:3","Allah - there is no deity except Him, the Ever-Living, the Sustainer of [all] existence. Neither drowsiness overtakes Him nor sleep. To Him belongs whatever is in the heavens and whatever is on the earth. Who is it that can intercede with Him except by His permission? He knows what is [presently] be"
11,lemma,$araAb,شَرَاب,N:11,"Or [consider such an example] as the one who passed by a township which had fallen into ruin. He said, ""How will Allah bring this to life after its death?"" So Allah caused him to die for a hundred years; then He revived him. He said, ""How long have you remained?"" The man said, ""I have remained a day"
11,lemma,Einab,عِنَب,N:11,"Would one of you like to have a garden of palm trees and grapevines underneath which rivers flow in which he has from every fruit? But he is afflicted with old age and has weak offspring, and it is hit by a whirlwind containing fire and is burned. Thus does Allah make clear to you [His] verses that "
11,lemma,<iHodaY,إِحْدَى,N:11,"O you who have believed, when you contract a debt for a specified term, write it down. And let a scribe write [it] between you in justice. Let no scribe refuse to write as Allah has taught him. So let him write and let the one who has the obligation dictate. And let him fear Allah, his Lord, and not"
11,lemma,naASir,نَاصِر,N:11,"They are the ones whose deeds have become worthless in this world and the Hereafter, and for them there will be no helpers. || And as for those who disbelieved, I will punish them with a severe punishment in this world and the Hereafter, and they will have no helpers."""
11,lemma,masiyH,مَسِيح,PN:11,"[And mention] when the angels said, ""O Mary, indeed Allah gives you good tidings of a word from Him, whose name will be the Messiah, Jesus, the son of Mary - distinguished in this world and the Hereafter and among those brought near [to Allah]. || And [for] their saying, ""Indeed, we have killed the "
11,lemma,>awolaY`,أَوْلَىٰ,"N:9,ADJ:2","Indeed, the most worthy of Abraham among the people are those who followed him [in submission to Allah] and this prophet, and those who believe [in his message]. And Allah is the ally of the believers. || O you who have believed, be persistently standing firm in justice, witnesses for Allah, even if"
11,lemma,badaA,بَدَا,V:11,"O you who have believed, do not take as intimates those other than yourselves, for they will not spare you [any] ruin. They wish you would have hardship. Hatred has already appeared from their mouths, and what their breasts conceal is greater. We have certainly made clear to you the signs, if you wi"
11,lemma,najowaY`^,نَجْوَىٰ^,N:11,"No good is there in much of their private conversation, except for those who enjoin charity or that which is right or conciliation between people. And whoever does that seeking means to the approval of Allah - then We are going to give him a great reward. || Did they not know that Allah knows their "
11,lemma,>a*ohaba,أَذْهَبَ,V:11,"If He wills, He can do away with you, O people, and bring others [in your place]. And ever is Allah competent to do that. || And your Lord is the Free of need, the possessor of mercy. If He wills, he can do away with you and give succession after you to whomever He wills, just as He produced you fro"
11,lemma,hawaA^',هَوَا^ء,N:11,"O you who have believed, be persistently standing firm in justice, witnesses for Allah, even if it be against yourselves or parents and relatives. Whether one is rich or poor, Allah is more worthy of both. So follow not [personal] inclination, lest you not be just. And if you distort [your testimony"
11,lemma,TabaEa,طَبَعَ,V:11,"And [We cursed them] for their breaking of the covenant and their disbelief in the signs of Allah and their killing of the prophets without right and their saying, ""Our hearts are wrapped"". Rather, Allah has sealed them because of their disbelief, so they believe not, except for a few. || Has it not"
11,lemma,$iyEap,شِيعَة,N:11,"Say, ""He is the [one] Able to send upon you affliction from above you or from beneath your feet or to confuse you [so you become] sects and make you taste the violence of one another."" Look how We diversify the signs that they might understand. || Indeed, those who have divided their religion and be"
11,lemma,naxol,نَخْل,N:11,"And it is He who sends down rain from the sky, and We produce thereby the growth of all things. We produce from it greenery from which We produce grains arranged in layers. And from the palm trees - of its emerging fruit are clusters hanging low. And [We produce] gardens of grapevines and olives and"
11,lemma,$uEayob,شُعَيْب,PN:11,"And to [the people of] Madyan [We sent] their brother Shu'ayb. He said, ""O my people, worship Allah; you have no deity other than Him. There has come to you clear evidence from your Lord. So fulfill the measure and weight and do not deprive people of their due and cause not corruption upon the earth"
11,lemma,qawiY~,قَوِىّ,"N:9,ADJ:2","[Theirs is] like the custom of the people of Pharaoh and of those before them. They disbelieved in the signs of Allah, so Allah seized them for their sins. Indeed, Allah is Powerful and severe in penalty. || So when Our command came, We saved Salih and those who believed with him, by mercy from Us, "
11,lemma,Eadon,عَدْن,PN:11,"Allah has promised the believing men and believing women gardens beneath which rivers flow, wherein they abide eternally, and pleasant dwellings in gardens of perpetual residence; but approval from Allah is greater. It is that which is the great attainment. || Gardens of perpetual residence; they wi"
11,lemma,banaY`,بَنَىٰ,V:11,"Their building which they built will not cease to be a [cause of] skepticism in their hearts until their hearts are stopped. And Allah is Knowing and Wise. || And similarly, We caused them to be found that they [who found them] would know that the promise of Allah is truth and that of the Hour there"
11,lemma,>anaAba,أَنَابَ,V:11,"He said, ""O my people, have you considered: if I am upon clear evidence from my Lord and He has provided me with a good provision from Him...? And I do not intend to differ from you in that which I have forbidden you; I only intend reform as much as I am able. And my success is not but through Allah"
11,lemma,Earabiy~,عَرَبِيّ,"ADJ:10,N:1","Indeed, We have sent it down as an Arabic Qur'an that you might understand. || And thus We have revealed it as an Arabic legislation. And if you should follow their inclinations after what has come to you of knowledge, you would not have against Allah any ally or any protector."
11,lemma,m~aEoluwm,مَّعْلُوم,"N:9,ADJ:2","And We did not destroy any city but that for it was a known decree. || And there is not a thing but that with Us are its depositories, and We do not send it down except according to a known measure."
11,lemma,majonuwn,مَجْنُون,N:11,"And they say, ""O you upon whom the message has been sent down, indeed you are mad. || [Pharaoh] said, ""Indeed, your 'messenger' who has been sent to you is mad."""
11,lemma,yas~ara,يَسَّرَ,V:11,"So, [O Muhammad], We have only made Qur'an easy in the Arabic language that you may give good tidings thereby to the righteous and warn thereby a hostile people. || And ease for me my task"
11,lemma,fa`kihap,فَٰكِهَة,N:11,"For them therein is fruit, and for them is whatever they request [or wish] || Reclining within them, they will call therein for abundant fruit and drink."
11,root,Ewn,عون,,"It is You we worship and You we ask for help. || And seek help through patience and prayer, and indeed, it is difficult except for the humbly submissive [to Allah]"
11,root,sfh,سفه,,"And when it is said to them, ""Believe as the people have believed,"" they say, ""Should we believe as the foolish have believed?"" Unquestionably, it is they who are the foolish, but they know [it] not. || And when it is said to them, ""Believe as the people have believed,"" they say, ""Should we believe "
11,root,wqd,وقد,,"Their example is that of one who kindled a fire, but when it illuminated what was around him, Allah took away their light and left them in darkness [so] they could not see. || But if you do not - and you will never be able to - then fear the Fire, whose fuel is men and stones, prepared for the disbe"
11,root,SEq,صعق,,"Or [it is] like a rainstorm from the sky within which is darkness, thunder and lightning. They put their fingers in their ears against the thunderclaps in dread of death. But Allah is encompassing of the disbelievers. || And [recall] when you said, ""O Moses, we will never believe you until we see Al"
11,root,gmm,غمم,,"And We shaded you with clouds and sent down to you manna and quails, [saying], ""Eat from the good things with which We have provided you."" And they wronged Us not - but they were [only] wronging themselves. || Do they await but that Allah should come to them in covers of clouds and the angels [as we"
11,root,Twr,طور,,"And [recall] when We took your covenant, [O Children of Israel, to abide by the Torah] and We raised over you the mount, [saying], ""Take what We have given you with determination and remember what is in it that perhaps you may become righteous."" || And [recall] when We took your covenant and raised "
11,root,Ayd,ايد,,"And We did certainly give Moses the Torah and followed up after him with messengers. And We gave Jesus, the son of Mary, clear proofs and supported him with the Pure Spirit. But is it [not] that every time a messenger came to you, [O Children of Israel], with what your souls did not desire, you were"
11,root,sHb,سحب,,"Indeed, in the creation of the heavens and earth, and the alternation of the night and the day, and the [great] ships which sail through the sea with that which benefits people, and what Allah has sent down from the heavens of rain, giving life thereby to the earth after its lifelessness and dispers"
11,root,sbb,سبب,,"[And they should consider that] when those who have been followed disassociate themselves from those who followed [them], and they [all] see the punishment, and cut off from them are the ties [of relationship], || And do not insult those they invoke other than Allah, lest they insult Allah in enmity"
11,root,lgw,لغو,,"Allah does not impose blame upon you for what is unintentional in your oaths, but He imposes blame upon you for what your hearts have earned. And Allah is Forgiving and Forbearing. || Allah will not impose blame upon you for what is meaningless in your oaths, but He will impose blame upon you for [b"
11,root,rDE,رضع,,"Mothers may breastfeed their children two complete years for whoever wishes to complete the nursing [period]. Upon the father is the mothers' provision and their clothing according to what is acceptable. No person is charged with more than his capacity. No mother should be harmed through her child, "
11,root,fAy,فاي,,"And when Saul went forth with the soldiers, he said, ""Indeed, Allah will be testing you with a river. So whoever drinks from it is not of me, and whoever does not taste it is indeed of me, excepting one who takes [from it] in the hollow of his hand."" But they drank from it, except a [very] few of th"
11,root,Enb,عنب,,"Would one of you like to have a garden of palm trees and grapevines underneath which rivers flow in which he has from every fruit? But he is afflicted with old age and has weak offspring, and it is hit by a whirlwind containing fire and is burned. Thus does Allah make clear to you [His] verses that "
11,root,ymm,يمم,,"O you who have believed, spend from the good things which you have earned and from that which We have produced for you from the earth. And do not aim toward the defective therefrom, spending [from that] while you would not take it [yourself] except with closed eyes. And know that Allah is Free of ne"
11,root,Hrb,حرب,,"And if you do not, then be informed of a war [against you] from Allah and His Messenger. But if you repent, you may have your principal - [thus] you do no wrong, nor are you wronged. || So her Lord accepted her with good acceptance and caused her to grow in a good manner and put her in the care of Z"
11,root,gyZ,غيظ,,"Here you are loving them but they are not loving you, while you believe in the Scripture - all of it. And when they meet you, they say, ""We believe."" But when they are alone, they bite their fingertips at you in rage. Say, ""Die in your rage. Indeed, Allah is Knowing of that within the breasts."" || H"
11,root,Trf,طرف,,"That He might cut down a section of the disbelievers or suppress them so that they turn back disappointed. || And establish prayer at the two ends of the day and at the approach of the night. Indeed, good deeds do away with misdeeds. That is a reminder for those who remember."
11,root,zbr,زبر,,"Then if they deny you, [O Muhammad] - so were messengers denied before you, who brought clear proofs and written ordinances and the enlightening Scripture. || Indeed, We have revealed to you, [O Muhammad], as We revealed to Noah and the prophets after him. And we revealed to Abraham, Ishmael, Isaac,"
11,root,qSr,قصر,,"And when you travel throughout the land, there is no blame upon you for shortening the prayer, [especially] if you fear that those who disbelieve may disrupt [or attack] you. Indeed, the disbelievers are ever to you a clear enemy. || And remember when He made you successors after the 'Aad and settle"
11,root,TbE,طبع,,"And [We cursed them] for their breaking of the covenant and their disbelief in the signs of Allah and their killing of the prophets without right and their saying, ""Our hearts are wrapped"". Rather, Allah has sealed them because of their disbelief, so they believe not, except for a few. || Has it not"
11,root,Trq,طرق,,"Indeed, those who disbelieve and commit wrong [or injustice] - never will Allah forgive them, nor will He guide them to a path. || Except the path of Hell; they will abide therein forever. And that, for Allah, is [always] easy."
11,root,jml,جمل,,"Indeed, those who deny Our verses and are arrogant toward them - the gates of Heaven will not be opened for them, nor will they enter Paradise until a camel enters into the eye of a needle. And thus do We recompense the criminals. || And they brought upon his shirt false blood. [Jacob] said, ""Rather"
11,root,wrd,ورد,,He will precede his people on the Day of Resurrection and lead them into the Fire; and wretched is the place to which they are led. || He will precede his people on the Day of Resurrection and lead them into the Fire; and wretched is the place to which they are led.
11,root,wkA,وكا,,"So when she heard of their scheming, she sent for them and prepared for them a banquet and gave each one of them a knife and said [to Joseph], ""Come out before them."" And when they saw him, they greatly admired him and cut their hands and said, ""Perfect is Allah! This is not a man; this is none but "
11,root,HSy,حصي,,"And He gave you from all you asked of Him. And if you should count the favor of Allah, you could not enumerate them. Indeed, mankind is [generally] most unjust and ungrateful. || And if you should count the favors of Allah, you could not enumerate them. Indeed, Allah is Forgiving and Merciful."
11,root,frr,فرر,,"And you would think them awake, while they were asleep. And We turned them to the right and to the left, while their dog stretched his forelegs at the entrance. If you had looked at them, you would have turned from them in flight and been filled by them with terror. || So I fled from you when I fear"
11,root,$fq,شفق,,"And the record [of deeds] will be placed [open], and you will see the criminals fearful of that within it, and they will say, ""Oh, woe to us! What is this book that leaves nothing small or great except that it has enumerated it?"" And they will find what they did present [before them]. And your Lord "
10,lemma,suwrap,سُورَة,N:10,"And if you are in doubt about what We have sent down upon Our Servant [Muhammad], then produce a surah the like thereof and call upon your witnesses other than Allah, if you should be truthful. || They hypocrites are apprehensive lest a surah be revealed about them, informing them of what is in thei"
10,lemma,HijaArap,حِجَارَة,N:10,"But if you do not - and you will never be able to - then fear the Fire, whose fuel is men and stones, prepared for the disbelievers. || Then your hearts became hardened after that, being like stones or even harder. For indeed, there are stones from which rivers burst forth, and there are some of the"
10,lemma,yaSilu,يَصِلُ,V:10,"Who break the covenant of Allah after contracting it and sever that which Allah has ordered to be joined and cause corruption on earth. It is those who are the losers. || Except for those who take refuge with a people between yourselves and whom is a treaty or those who come to you, their hearts str"
10,lemma,dam,دَم,N:10,"And [mention, O Muhammad], when your Lord said to the angels, ""Indeed, I will make upon the earth a successive authority."" They said, ""Will You place upon it one who causes corruption therein and sheds blood, while we declare Your praise and sanctify You?"" Allah said, ""Indeed, I know that which you "
10,lemma,musotaqar~,مُسْتَقَرّ,N:10,"But Satan caused them to slip out of it and removed them from that [condition] in which they had been. And We said, ""Go down, [all of you], as enemies to one another, and you will have upon the earth a place of settlement and provision for a time."" || For every happening is a finality; and you are g"
10,lemma,Eijol,عِجْل,N:10,"And [recall] when We made an appointment with Moses for forty nights. Then you took [for worship] the calf after him, while you were wrongdoers. || And [recall] when Moses said to his people, ""O my people, indeed you have wronged yourselves by your taking of the calf [for worship]. So repent to your"
10,lemma,fasaqa,فَسَقَ,V:10,"But those who wronged changed [those words] to a statement other than that which had been said to them, so We sent down upon those who wronged a punishment from the sky because they were defiantly disobeying. || But those who deny Our verses - the punishment will touch them for their defiant disobed"
10,lemma,EaSaA2,عَصَا²,N:10,"And [recall] when Moses prayed for water for his people, so We said, ""Strike with your staff the stone."" And there gushed forth from it twelve springs, and every people knew its watering place. ""Eat and drink from the provision of Allah, and do not commit abuse on the earth, spreading corruption."" |"
10,lemma,Tuwr,طُور,N:10,"And [recall] when We took your covenant, [O Children of Israel, to abide by the Torah] and We raised over you the mount, [saying], ""Take what We have given you with determination and remember what is in it that perhaps you may become righteous."" || And [recall] when We took your covenant and raised "
10,lemma,Eu*o,عُذْ,V:10,"And [recall] when Moses said to his people, ""Indeed, Allah commands you to slaughter a cow."" They said, ""Do you take us in ridicule?"" He said, ""I seek refuge in Allah from being among the ignorant."" || [Noah] said, ""My Lord, I seek refuge in You from asking that of which I have no knowledge. And unl"
10,lemma,jaAhil,جَاهِل,N:10,"And [recall] when Moses said to his people, ""Indeed, Allah commands you to slaughter a cow."" They said, ""Do you take us in ridicule?"" He said, ""I seek refuge in Allah from being among the ignorant."" || [Charity is] for the poor who have been restricted for the cause of Allah, unable to move about in"
10,lemma,naba*a,نَبَذَ,V:10,"Is it not [true] that every time they took a covenant a party of them threw it away? But, [in fact], most of them do not believe. || And when a messenger from Allah came to them confirming that which was with them, a party of those who had been given the Scripture threw the Scripture of Allah behind"
10,lemma,magorib,مَغْرِب,N:10,"And to Allah belongs the east and the west. So wherever you [might] turn, there is the Face of Allah. Indeed, Allah is all-Encompassing and Knowing. || The foolish among the people will say, ""What has turned them away from their qiblah, which they used to face?"" Say, ""To Allah belongs the east and t"
10,lemma,taqab~ala,تَقَبَّلَ,V:10,"And [mention] when Abraham was raising the foundations of the House and [with him] Ishmael, [saying], ""Our Lord, accept [this] from us. Indeed You are the Hearing, the Knowing. || [Mention, O Muhammad], when the wife of 'Imran said, ""My Lord, indeed I have pledged to You what is in my womb, consecra"
10,lemma,>aDaAEu,أَضَاعُ,V:10,And thus we have made you a just community that you will be witnesses over the people and the Messenger will be a witness over you. And We did not make the qiblah which you used to face except that We might make evident who would follow the Messenger from who would turn back on his heels. And indeed
10,lemma,xayora`t,خَيْرَٰت,N:10,"For each [religious following] is a direction toward which it faces. So race to [all that is] good. Wherever you may be, Allah will bring you forth [for judgement] all together. Indeed, Allah is over all things competent. || They believe in Allah and the Last Day, and they enjoin what is right and f"
10,lemma,m~uSiybap,مُّصِيبَة,N:10,"Who, when disaster strikes them, say, ""Indeed we belong to Allah, and indeed to Him we will return."" || Why [is it that] when a [single] disaster struck you [on the day of Uhud], although you had struck [the enemy in the battle of Badr] with one twice as great, you said, ""From where is this?"" Say, """
10,lemma,m~ariyD,مَّرِيض,N:10,"[Fasting for] a limited number of days. So whoever among you is ill or on a journey [during them] - then an equal number of days [are to be made up]. And upon those who are able [to fast, but with hardship] - a ransom [as substitute] of feeding a poor person [each day]. And whoever volunteers excess"
10,lemma,libaAs,لِبَاس,N:10,"It has been made permissible for you the night preceding fasting to go to your wives [for sexual relations]. They are clothing for you and you are clothing for them. Allah knows that you used to deceive yourselves, so He accepted your repentance and forgave you. So now, have relations with them and "
10,lemma,qatol,قَتْل,N:10,"And kill them wherever you overtake them and expel them from wherever they have expelled you, and fitnah is worse than killing. And do not fight them at al-Masjid al- Haram until they fight you there. But if they fight you, then kill them. Such is the recompense of the disbelievers. || They ask you "
10,lemma,sariyE,سَرِيع,"N:8,ADJ:2","Those will have a share of what they have earned, and Allah is swift in account. || Indeed, the religion in the sight of Allah is Islam. And those who were given the Scripture did not differ except after knowledge had come to them - out of jealous animosity between themselves. And whoever disbelieve"
10,lemma,>aHaq~,أَحَقّ,"N:5,ADJ:5","Divorced women remain in waiting for three periods, and it is not lawful for them to conceal what Allah has created in their wombs if they believe in Allah and the Last Day. And their husbands have more right to take them back in this [period] if they want reconciliation. And due to the wives is sim"
10,lemma,Tal~aqa,طَلَّقَ,V:10,"And if he has divorced her [for the third time], then she is not lawful to him afterward until [after] she marries a husband other than him. And if the latter husband divorces her [or dies], there is no blame upon the woman and her former husband for returning to each other if they think that they c"
10,lemma,fi}ap,فِئَة,N:10,"And when Saul went forth with the soldiers, he said, ""Indeed, Allah will be testing you with a river. So whoever drinks from it is not of me, and whoever does not taste it is indeed of me, excepting one who takes [from it] in the hollow of his hand."" But they drank from it, except a [very] few of th"
10,lemma,vab~ato,ثَبَّتْ,V:10,"And when they went forth to [face] Goliath and his soldiers, they said, ""Our Lord, pour upon us patience and plant firmly our feet and give us victory over the disbelieving people."" || And their words were not but that they said, ""Our Lord, forgive us our sins and the excess [committed] in our affai"
10,lemma,mar~a,مَرَّ,V:10,"Or [consider such an example] as the one who passed by a township which had fallen into ruin. He said, ""How will Allah bring this to life after its death?"" So Allah caused him to die for a hundred years; then He revived him. He said, ""How long have you remained?"" The man said, ""I have remained a day"
10,lemma,miA}ap,مِائَة,N:10,"Or [consider such an example] as the one who passed by a township which had fallen into ruin. He said, ""How will Allah bring this to life after its death?"" So Allah caused him to die for a hundred years; then He revived him. He said, ""How long have you remained?"" The man said, ""I have remained a day"
10,lemma,saEoy,سَعْي,N:10,"And [mention] when Abraham said, ""My Lord, show me how You give life to the dead."" [Allah] said, ""Have you not believed?"" He said, ""Yes, but [I ask] only that my heart may be satisfied."" [Allah] said, ""Take four birds and commit them to yourself. Then [after slaughtering them] put on each hill a por"
10,lemma,nazaEa,نَزَعَ,V:10,"Say, ""O Allah, Owner of Sovereignty, You give sovereignty to whom You will and You take sovereignty away from whom You will. You honor whom You will and You humble whom You will. In Your hand is [all] good. Indeed, You are over all things competent. || O children of Adam, let not Satan tempt you as "
10,lemma,yuwliju,يُولِجُ,V:10,"You cause the night to enter the day, and You cause the day to enter the night; and You bring the living out of the dead, and You bring the dead out of the living. And You give provision to whom You will without account."" || You cause the night to enter the day, and You cause the day to enter the ni"
10,lemma,m~uHoDar,مُّحْضَر,N:10,"The Day every soul will find what it has done of good present [before it] and what it has done of evil, it will wish that between itself and that [evil] was a great distance. And Allah warns you of Himself, and Allah is Kind to [His] servants."" || Then is he whom We have promised a good promise whic"
10,lemma,Ea$iY~,عَشِىّ,"N:8,T:2","He said, ""My Lord, make for me a sign."" He Said, ""Your sign is that you will not [be able to] speak to the people for three days except by gesture. And remember your Lord much and exalt [Him with praise] in the evening and the morning."" || And do not send away those who call upon their Lord morning "
10,lemma,>amad~a,أَمَدَّ,V:10,"[Remember] when you said to the believers, ""Is it not sufficient for you that your Lord should reinforce you with three thousand angels sent down? || Yes, if you remain patient and conscious of Allah and the enemy come upon you [attacking] in rage, your Lord will reinforce you with five thousand ang"
10,lemma,kaY,كَى,"SUB:7,NEG:3",[Remember] when you [fled and] climbed [the mountain] without looking aside at anyone while the Messenger was calling you from behind. So Allah repaid you with distress upon distress so you would not grieve for that which had escaped you [of victory and spoils of war] or [for] that which had befalle
10,lemma,{jotabaY`,ٱجْتَبَىٰ,V:10,"Allah would not leave the believers in that [state] you are in [presently] until He separates the evil from the good. Nor would Allah reveal to you the unseen. But [instead], Allah chooses of His messengers whom He wills, so believe in Allah and His messengers. And if you believe and fear Him, then "
10,lemma,baxila,بَخِلَ,V:10,"And let not those who [greedily] withhold what Allah has given them of His bounty ever think that it is better for them. Rather, it is worse for them. Their necks will be encircled by what they withheld on the Day of Resurrection. And to Allah belongs the heritage of the heavens and the earth. And A"
10,lemma,SaAHib,صَاحِب,N:10,"Worship Allah and associate nothing with Him, and to parents do good, and to relatives, orphans, the needy, the near neighbor, the neighbor farther away, the companion at your side, the traveler, and those whom your right hands possess. Indeed, Allah does not like those who are self-deluding and boa"
10,lemma,m~uqiym,مُّقِيم,"N:8,ADJ:2","But those firm in knowledge among them and the believers believe in what has been revealed to you, [O Muhammad], and what was revealed before you. And the establishers of prayer [especially] and the givers of zakah and the believers in Allah and the Last Day - those We will give a great reward. || T"
10,lemma,jab~aAr,جَبَّار,"ADJ:5,N:5","They said, ""O Moses, indeed within it is a people of tyrannical strength, and indeed, we will never enter it until they leave it; but if they leave it, then we will enter."" || And that was 'Aad, who rejected the signs of their Lord and disobeyed His messengers and followed the order of every obstina"
10,lemma,Dar~,ضَرّ,N:10,"Say, ""Do you worship besides Allah that which holds for you no [power of] harm or benefit while it is Allah who is the Hearing, the Knowing?"" || Say, ""I hold not for myself [the power of] benefit or harm, except what Allah has willed. And if I knew the unseen, I could have acquired much wealth, and "
10,lemma,rijos,رِجْس,N:10,"O you who have believed, indeed, intoxicants, gambling, [sacrificing on] stone alters [to other than Allah], and divining arrows are but defilement from the work of Satan, so avoid it that you may be successful. || So whoever Allah wants to guide - He expands his breast to [contain] Islam; and whoev"
10,lemma,HaAqa,حَاقَ,V:10,"And already were messengers ridiculed before you, but those who mocked them were enveloped by that which they used to ridicule. || And if We hold back from them the punishment for a limited time, they will surely say, ""What detains it?"" Unquestionably, on the Day it comes to them, it will not be ave"
10,lemma,lahow,لَهْو,N:10,"And the worldly life is not but amusement and diversion; but the home of the Hereafter is best for those who fear Allah, so will you not reason? || And leave those who take their religion as amusement and diversion and whom the worldly life has deluded. But remind with the Qur'an, lest a soul be giv"
10,lemma,Sar~afo,صَرَّفْ,V:10,"Say, ""Have you considered: if Allah should take away your hearing and your sight and set a seal upon your hearts, which deity other than Allah could bring them [back] to you?"" Look how we diversify the verses; then they [still] turn away. || Say, ""He is the [one] Able to send upon you affliction fro"
10,lemma,$afiyE,شَفِيع,"N:9,ADJ:1",And warn by the Qur'an those who fear that they will be gathered before their Lord - for them besides Him will be no protector and no intercessor - that they might become righteous. || And leave those who take their religion as amusement and diversion and whom the worldly life has deluded. But remin
10,lemma,S~uwr,صُّور,N:10,"And it is He who created the heavens and earth in truth. And the day He says, ""Be,"" and it is, His word is the truth. And His is the dominion [on] the Day the Horn is blown. [He is] Knower of the unseen and the witnessed; and He is the Wise, the Acquainted. || And We will leave them that day surging"
10,lemma,faTara,فَطَرَ,V:10,"Indeed, I have turned my face toward He who created the heavens and the earth, inclining toward truth, and I am not of those who associate others with Allah."" || O my people, I do not ask you for it any reward. My reward is only from the one who created me. Then will you not reason?"
10,lemma,zaroE,زَرْع,N:10,"And He it is who causes gardens to grow, [both] trellised and untrellised, and palm trees and crops of different [kinds of] food and olives and pomegranates, similar and dissimilar. Eat of [each of] its fruit when it yields and give its due [zakah] on the day of its harvest. And be not excessive. In"
10,lemma,m~uxotalif,مُّخْتَلِف,N:10,"And He it is who causes gardens to grow, [both] trellised and untrellised, and palm trees and crops of different [kinds of] food and olives and pomegranates, similar and dissimilar. Eat of [each of] its fruit when it yields and give its due [zakah] on the day of its harvest. And be not excessive. In"
10,lemma,Zahara,ظَهَرَ,V:10,"Say, ""Come, I will recite what your Lord has prohibited to you. [He commands] that you not associate anything with Him, and to parents, good treatment, and do not kill your children out of poverty; We will provide for you and them. And do not approach immoralities - what is apparent of them and what"
10,lemma,kayol,كَيْل,N:10,"And do not approach the orphan's property except in a way that is best until he reaches maturity. And give full measure and weight in justice. We do not charge any soul except [with that within] its capacity. And when you testify, be just, even if [it concerns] a near relative. And the covenant of A"
10,lemma,madoyan,مَدْيَن,PN:10,"And to [the people of] Madyan [We sent] their brother Shu'ayb. He said, ""O my people, worship Allah; you have no deity other than Him. There has come to you clear evidence from your Lord. So fulfill the measure and weight and do not deprive people of their due and cause not corruption upon the earth"
10,lemma,jin~ap,جِنَّة,N:10,"Then do they not give thought? There is in their companion [Muhammad] no madness. He is not but a clear warner. || Except whom your Lord has given mercy, and for that He created them. But the word of your Lord is to be fulfilled that, ""I will surely fill Hell with jinn and men all together."""
10,lemma,{sotaqa`mu,ٱسْتَقَٰمُ,V:10,"How can there be for the polytheists a treaty in the sight of Allah and with His Messenger, except for those with whom you made a treaty at al-Masjid al-Haram? So as long as they are upright toward you, be upright toward them. Indeed, Allah loves the righteous [who fear Him]. || How can there be for"
10,lemma,>aEoraAb,أَعْرَاب,N:10,"And those with excuses among the bedouins came to be permitted [to remain], and they who had lied to Allah and His Messenger sat [at home]. There will strike those who disbelieved among them a painful punishment. || The bedouins are stronger in disbelief and hypocrisy and more likely not to know the"
10,lemma,'aAminiyn,ءَامِنِين,N:10,"And when they entered upon Joseph, he took his parents to himself and said, ""Enter Egypt, Allah willing, safe [and secure]."" || [Having been told], ""Enter it in peace, safe [and secure]."""
10,lemma,rawa`siY,رَوَٰسِى,N:10,And it is He who spread the earth and placed therein firmly set mountains and rivers; and from all of the fruits He made therein two mates; He causes the night to cover the day. Indeed in that are signs for a people who give thought. || And the earth - We have spread it and cast therein firmly set m
10,lemma,$akuwr,شَكُور,"ADJ:9,N:1","And We certainly sent Moses with Our signs, [saying], ""Bring out your people from darknesses into the light and remind them of the days of Allah."" Indeed in that are signs for everyone patient and grateful. || O descendants of those We carried [in the ship] with Noah. Indeed, he was a grateful serva"
10,lemma,>aHoSaY`,أَحْصَىٰ,V:10,"And He gave you from all you asked of Him. And if you should count the favor of Allah, you could not enumerate them. Indeed, mankind is [generally] most unjust and ungrateful. || And if you should count the favors of Allah, you could not enumerate them. Indeed, Allah is Forgiving and Merciful."
10,lemma,wa`liday,وَٰلِدَي,N:10,"Our Lord, forgive me and my parents and the believers the Day the account is established."" || And dutiful to his parents, and he was not a disobedient tyrant."
10,lemma,Sad~aqa,صَدَّقَ,V:10,"And my brother Aaron is more fluent than me in tongue, so send him with me as support, verifying me. Indeed, I fear that they will deny me."" || And Iblees had already confirmed through them his assumption, so they followed him, except for a party of believers."
10,root,dmw,دمو,,"And [mention, O Muhammad], when your Lord said to the angels, ""Indeed, I will make upon the earth a successive authority."" They said, ""Will You place upon it one who causes corruption therein and sheds blood, while we declare Your praise and sanctify You?"" Allah said, ""Indeed, I know that which you "
10,root,qds,قدس,,"And [mention, O Muhammad], when your Lord said to the angels, ""Indeed, I will make upon the earth a successive authority."" They said, ""Will You place upon it one who causes corruption therein and sheds blood, while we declare Your praise and sanctify You?"" Allah said, ""Indeed, I know that which you "
10,root,rjz,رجز,,"But those who wronged changed [those words] to a statement other than that which had been said to them, so We sent down upon those who wronged a punishment from the sky because they were defiantly disobeying. || And when the punishment descended upon them, they said, ""O Moses, invoke for us your Lor"
10,root,rEy,رعي,,"O you who have believed, say not [to Allah 's Messenger], ""Ra'ina"" but say, ""Unthurna"" and listen. And for the disbelievers is a painful punishment. || Among the Jews are those who distort words from their [proper] usages and say, ""We hear and disobey"" and ""Hear but be not heard"" and ""Ra'ina,"" twist"
10,root,DyE,ضيع,,And thus we have made you a just community that you will be witnesses over the people and the Messenger will be a witness over you. And We did not make the qiblah which you used to face except that We might make evident who would follow the Messenger from who would turn back on his heels. And indeed
10,root,nqS,نقص,,"And We will surely test you with something of fear and hunger and a loss of wealth and lives and fruits, but give good tidings to the patient, || And We certainly seized the people of Pharaoh with years of famine and a deficiency in fruits that perhaps they would be reminded."
10,root,swd,سود,,"It has been made permissible for you the night preceding fasting to go to your wives [for sexual relations]. They are clothing for you and you are clothing for them. Allah knows that you used to deceive yourselves, so He accepted your repentance and forgave you. So now, have relations with them and "
10,root,zyl,زيل,,"They ask you about the sacred month - about fighting therein. Say, ""Fighting therein is great [sin], but averting [people] from the way of Allah and disbelief in Him and [preventing access to] al-Masjid al-Haram and the expulsion of its people therefrom are greater [evil] in the sight of Allah. And "
10,root,Ezl,عزل,,"And they ask you about menstruation. Say, ""It is harm, so keep away from wives during menstruation. And do not approach them until they are pure. And when they have purified themselves, then come to them from where Allah has ordained for you. Indeed, Allah loves those who are constantly repentant an"
10,root,dfE,دفع,,"So they defeated them by permission of Allah, and David killed Goliath, and Allah gave him the kingship and prophethood and taught him from that which He willed. And if it were not for Allah checking [some] people by means of others, the earth would have been corrupted, but Allah is full of bounty t"
10,root,mAy,ماي,,"Or [consider such an example] as the one who passed by a township which had fallen into ruin. He said, ""How will Allah bring this to life after its death?"" So Allah caused him to die for a hundred years; then He revived him. He said, ""How long have you remained?"" The man said, ""I have remained a day"
10,root,kfl,كفل,,"So her Lord accepted her with good acceptance and caused her to grow in a good manner and put her in the care of Zechariah. Every time Zechariah entered upon her in the prayer chamber, he found with her provision. He said, ""O Mary, from where is this [coming] to you?"" She said, ""It is from Allah. In"
10,root,mlw,ملو,,"And let not those who disbelieve ever think that [because] We extend their time [of enjoyment] it is better for them. We only extend it for them so that they may increase in sin, and for them is a humiliating punishment. || And let not those who disbelieve ever think that [because] We extend their t"
10,root,Twl,طول,,"And whoever among you cannot [find] the means to marry free, believing women, then [he may marry] from those whom your right hands possess of believing slave girls. And Allah is most knowing about your faith. You [believers] are of one another. So marry them with the permission of their people and g"
10,root,sfl,سفل,,"Indeed, the hypocrites will be in the lowest depths of the Fire - and never will you find for them a helper - || [Remember] when you were on the near side of the valley, and they were on the farther side, and the caravan was lower [in position] than you. If you had made an appointment [to meet], you"
10,root,jbr,جبر,,"They said, ""O Moses, indeed within it is a people of tyrannical strength, and indeed, we will never enter it until they leave it; but if they leave it, then we will enter."" || And that was 'Aad, who rejected the signs of their Lord and disobeyed His messengers and followed the order of every obstina"
10,root,rjs,رجس,,"O you who have believed, indeed, intoxicants, gambling, [sacrificing on] stone alters [to other than Allah], and divining arrows are but defilement from the work of Satan, so avoid it that you may be successful. || So whoever Allah wants to guide - He expands his breast to [contain] Islam; and whoev"
10,root,Hyq,حيق,,"And already were messengers ridiculed before you, but those who mocked them were enveloped by that which they used to ridicule. || And if We hold back from them the punishment for a limited time, they will surely say, ""What detains it?"" Unquestionably, on the Day it comes to them, it will not be ave"
10,root,qhr,قهر,,"And He is the subjugator over His servants. And He is the Wise, the Acquainted [with all]. || And He is the subjugator over His servants, and He sends over you guardian-angels until, when death comes to one of you, Our messengers take him, and they do not fail [in their duties]."
10,root,Etw,عتو,,"So they hamstrung the she-camel and were insolent toward the command of their Lord and said, ""O Salih, bring us what you promise us, if you should be of the messengers."" || So when they were insolent about that which they had been forbidden, We said to them, ""Be apes, despised."""
10,root,dmr,دمر,,"And We caused the people who had been oppressed to inherit the eastern regions of the land and the western ones, which We had blessed. And the good word of your Lord was fulfilled for the Children of Israel because of what they had patiently endured. And We destroyed [all] that Pharaoh and his peopl"
10,root,bT$,بطش,,"Do they have feet by which they walk? Or do they have hands by which they strike? Or do they have eyes by which they see? Or do they have ears by which they hear? Say, [O Muhammad], ""Call your 'partners' and then conspire against me and give me no respite. || And when you strike, you strike as tyran"
10,root,ASl,اصل,,"And remember your Lord within yourself in humility and in fear without being apparent in speech - in the mornings and the evenings. And do not be among the heedless. || And to Allah prostrates whoever is within the heavens and the earth, willingly or by compulsion, and their shadows [as well] in the"
10,root,DHk,ضحك,,"So let them laugh a little and [then] weep much as recompense for what they used to earn. || And his Wife was standing, and she smiled. Then We gave her good tidings of Isaac and after Isaac, Jacob."
10,root,rhq,رهق,,"For them who have done good is the best [reward] and extra. No darkness will cover their faces, nor humiliation. Those are companions of Paradise; they will abide therein eternally || But they who have earned [blame for] evil doings - the recompense of an evil deed is its equivalent, and humiliation"
10,root,zlf,زلف,,"And establish prayer at the two ends of the day and at the approach of the night. Indeed, good deeds do away with misdeeds. That is a reminder for those who remember. || And We advanced thereto the pursuers."
10,root,jdd,جدد,,"And if you are astonished, [O Muhammad] - then astonishing is their saying, ""When we are dust, will we indeed be [brought] into a new creation?"" Those are the ones who have disbelieved in their Lord, and those will have shackles upon their necks, and those are the companions of the Fire; they will a"
