surah,verse,word_index,original_word,synonyms_pipe,fragility,delta_rhyme,delta_hapax_end,delta_divine_name,delta_gzip,delta_palindrome,delta_saj
1,2,2,لله,هود2|روم|مدين,0.04289045999174789,0.0,0.0,0.0,0.06849613547708179,0.0,0.18884662447340556
1,4,3,الدين,عشاء|كلب|مواقعو,0.19069426240141954,0.6189226647069174,0.21856737478251206,0.0,0.09868497888026943,0.0,0.20799055603881847
1,7,6,المغضوب,معصرت|مبنية|رعايت,0.025244698424891632,0.0,0.0,0.0,0.0348523630665135,0.0,0.1166158274828363
1,1,4,الرحيم,ظالم|مؤمنة|مرقوم,0.22336923289716837,0.0,0.0,1.0337221229046423,0.13247289529799686,0.0,0.17402037918037097
1,4,1,مالك,بارد|عمت|خفيف,0.03169406145644099,0.0,0.0,0.0,0.040522130308885254,0.0,0.1496422384297607
1,1,1,بسم,م#ارب|ءازفة|رواكد,0.04012379364785964,0.0,0.0,0.0,0.03662485143789322,0.0,0.2041179104492646
1,3,1,الرحمن,وجلة|مسلمت|كثيرة,0.2065486995048981,0.0,0.0,1.0337221229046423,0.1243906759087021,0.0,0.08117939821604428
1,7,9,الضالين,تقدير|مثقال|عفريت,0.18100995204524384,0.6189226647069174,0.21856737478251206,0.0,0.06781514018363786,0.0,0.18075453259839566
2,125,21,والركع,عصا2|املق|خزنين,0.00027998214702235974,0.0,0.0,0.0,0.0005129445633732856,0.0,0.0011669483187608726
2,203,4,ايام,جناح|ذرة|رضي,7.194623787156525e-05,0.0,0.0,0.0,8.713470316243814e-05,0.0,0.00034454272406695335
2,255,41,وسع,انطق|التفت|تحلق,0.00021100585699413408,0.0,0.0,0.0,4.392990504301455e-05,0.0,0.00122210523692179
2,196,16,الهدي,مخلدون|زحف|مسكنة,0.00024323764367904213,0.0,0.0,0.0,0.00037051123946794153,0.0,0.0010889146226063112
2,273,14,اغنياء,سواء|انتقام|عدون,0.0001627477064293585,0.0,0.0,0.0,0.00013143246220527388,0.0,0.0008450537763708772
2,272,28,تظلمون,ان[با|اشتدت|يحذر,0.003903853280150388,0.015148456828490715,0.005349551131040504,0.0,0.0010137944792842435,0.0,0.0019113172420868643
2,217,25,والفتنة,خافية|احمال|مملوك,0.00039776207670385254,0.0,0.0,0.0,0.0007417773688236472,0.0,0.001644795091399468
2,184,9,سفر,وجيه|زاد|اشراق,0.00024138286665390454,0.0,0.0,0.0,0.0008925378349366256,0.0,0.0005557593649868017
3,154,40,لك,ايا,0.0005089541413780925,0.0,0.0,0.0,0.00010670340833497323,0.0,0.0029470214399335824
3,13,6,فئتين,مفرطون|جناح|امنيت,0.008099026723222246,0.0,0.0,0.0,0.0004579528238869142,0.04648001584212137,0.001656191673325192
3,94,1,فمن,ما|اى|لو,0.0003226072258536116,0.0,0.0,0.0,0.0005039245048653426,0.0,0.0014317188502563272
3,19,10,الكتاب,منصور|مصطفين|وريد,0.00029890049348438026,0.0,0.0,0.0,0.0006565804212980864,0.0,0.0011368225396081952
3,51,3,ربي,سندس|اربع|مدخل,0.0019118105391898981,0.0,0.0,0.008562679681300964,0.0005646291779173901,0.0,0.0023435543759210337
3,138,2,بيان,جذع|جلبيب|موعدة,0.0003714174498418404,0.0,0.0,0.0,0.00019339933297520814,0.0,0.0020351053660758343
3,49,8,باية,صادق|شعوب|مصلى,0.00019081380539120218,0.0,0.0,0.0,0.0011448828323472131,0.0,0.0
3,129,3,في,مع2|على|حتى,0.00038870188848480193,0.0,0.0,0.0,0.0011955910830128756,0.0,0.001136620247895936
3,31,3,كنتم,حاد|مهل|تنفذ,0.0006295669909608218,0.0,0.0,0.0,0.00031049718661433566,0.0,0.003466904759150595
4,171,28,بالله,حسبان|اساور|عشار,0.009276623214049031,0.0,0.0,0.0,0.0012282433587568558,0.052554108821489524,0.0018773871040478056
4,89,17,فان,من|مهما|اذا,0.0003119389250145908,0.0,0.0,0.0,0.00021039502994930925,0.0,0.0016612385201382354
4,94,5,اذا,قبض|يكلؤ|تنفذ,0.0006500453635570917,0.0,0.0,0.0,0.0006994528238783107,0.0,0.0032008193574642393
4,7,11,الوالدان,استبرق|تهلكة|ايقاظ,0.0003557721349425537,0.0,0.0,0.0,0.0012699102591779239,0.0,0.0008647225504773982
4,157,9,الله,جنة|هرون|يهودي,0.0017448719707558347,0.0,0.0,0.007966500548560901,0.0008415605653380574,0.0,0.0016611707106360496
4,75,25,لدنك,امة|واهية|فتيل,0.000612174848602984,0.0,0.0,0.0,0.0003506621671465193,0.0,0.003322386924471385
4,112,5,اثما,مغضب|مضي|ملح,0.00042448136203088383,0.0,0.0,0.0,0.00021040263058553946,0.0,0.002336485541599764
4,44,14,السبيل,عرجون|فتيت|بلغة,0.00022531648978344715,0.0,0.0,0.0,0.00046048845277270084,0.0,0.000891410485927982
5,82,19,ذلك,هذا|ذا|هنا,0.0006594213267825071,0.0,0.0,0.0,0.000706415368882571,0.0,0.0032501125918124713
5,82,17,انا,ليت|كان|لعل,0.0006970747064842311,0.0,0.0,0.0,0.001218804974511762,0.0,0.002963643264393625
5,74,2,يتوبون,اتسق|اسكن|يخلد,0.0009540846371607066,0.0,0.0,0.0,0.0003007540956157931,0.0,0.005423753727348446
5,97,13,لتعلموا,تستبين|يتغامز|انكدرت,0.0005040805101510573,0.0,0.0,0.0,0.0010879771179712304,0.0,0.0019365059429351135
5,73,7,ثالث,مسكنة|نقص|سبغت,0.0005095684680086122,0.0,0.0,0.0,9.375375350495837e-05,0.0,0.0029636570545467146
5,95,42,سلف,ان|ما|الذى,0.0003126752546760785,0.0,0.0,0.0,0.0005124373047074282,0.0,0.001363614223349043
5,67,1,يا,صدود|تكليم|مستمع,0.0005336650665372941,0.0,0.0,0.0,0.0009114251998384617,0.0,0.002290565199385303
5,66,5,والانجيل,نصراني|اسرائيل|ابراهيم,0.0010167838836043213,0.0,0.0,0.0,0.002732107312321278,0.0,0.0033685959893046493
5,119,5,ينفع,وزن|اصلي|انهار,0.00021509177665752932,0.0,0.0,0.0,0.00038149933630443595,0.0,0.00090905132364074
6,89,12,وكلنا,طبع|يطمع|يبلس,0.00021146969904644979,0.0,0.0,0.0,0.00019117759032018583,0.0,0.001077640603958513
6,104,12,وما,لم|لن|كى,0.00035181651314735774,0.0,0.0,0.0,0.0009589143730598665,0.0,0.0011519847058242799
6,31,25,ساء,الذى|من|هذا,0.0004437134404657132,0.0,0.0,0.0,0.000358436424287589,0.0,0.00230384421850669
6,84,6,هدينا,دخل|طفق|اهتدى,0.0003141538107678526,0.0,0.0,0.0,0.0008304735446279253,0.0,0.0010544493199791906
6,5,7,ياتيهم,تسترضع|تقطع|يولج,0.00041767620711840166,0.0,0.0,0.0,0.0007408599330036157,0.0,0.0017651973097067939
6,148,6,الله,يحيى|سبا|ادريس,0.0019786208143927966,0.0,0.0,0.009809535852171142,0.0015234322398837733,0.0,0.0005387567943018646
6,29,6,الدنيا,كثيرة|رفيع|عجاب,0.00040126657245514167,0.0,0.0,0.0,0.001060516920953449,0.0,0.001347082513777401
6,153,2,هذا,ذنك|هتين|هذن,0.0007928956659866123,0.0,0.0,0.0,0.0009349469922037202,0.0,0.003822427003715953
6,143,11,حرم,ضرب|فتق|تناد,0.00027539537998574854,0.0,0.0,0.0,0.001383015050325835,0.0,0.00026935722958865626
7,158,17,الا,ايا,0.007675766829930128,0.0,0.0,0.0,0.0007138012120210418,0.045340799767559725,0.0
7,193,5,لا,لما|لن|لم,0.0003080362530459587,0.0,0.0,0.0,0.00035209446073042935,0.0,0.0014961230575453227
7,124,3,وارجلكم,مثقال|حلقوم|اكراه,0.0005876989828563147,0.0,0.0,0.0,0.00018741055785767143,0.0,0.003338783339280217
7,89,39,بالحق,وهن|مدرار|وجلون,0.0005232904188059279,0.0,0.0,0.0,0.001119986297997994,0.0,0.0020197562148375737
7,172,7,من,مع2|الى|عن,0.0005240294861897622,0.0,0.0,0.0,0.0004980779711317486,0.0,0.0026460989460068253
7,144,13,وكن,الى|على|عن,0.0006080847809069179,0.0,0.0,0.0,0.0002728023178246609,0.0,0.0033757063676168463
7,82,4,قومه,مدرار|بينة|عشرة,0.00033447333497264024,0.0,0.0,0.0,0.000510716952290519,0.0,0.0014961230575453227
7,3,4,اليكم,مع2|على|حتى,0.0008558115130766803,0.0,0.0,0.0,0.001796085739178861,0.0,0.003338783339281221
7,163,7,البحر,ملقيت|غنم|هدهد,0.0003214003582463706,0.0,0.0,0.0,0.0002919954086074888,0.0,0.001636406740870735
8,39,12,فان,ويكان|كان|لعل,0.0011572670899176465,0.0,0.0,0.0,0.000673042345945241,0.0,0.006270560193560638
8,7,10,غير,خمدين|سيئ|ناصح,0.0012699686332144128,0.0,0.0,0.0,0.0019667964060134943,0.0,0.005653015393272983
8,38,9,قد,ان|الا,0.001392468611251308,0.0,0.0,0.0,0.0017275788508813086,0.0,0.00662723281662654
8,67,16,يريد,يقبل|حفظ|اصب,0.0017173514873469794,0.0,0.0,0.0,0.0006731307160838457,0.0,0.00963097820799803
8,34,2,لهم,ايا,0.000945696589139007,0.0,0.0,0.0,0.0006378564860363699,0.0,0.005036323048797672
8,69,2,مما,حتى|الى|عن,0.0007540815310472551,0.0,0.0,0.0,0.0005491664876591957,0.0,0.003975322698624335
8,32,9,من,حتى|على|الى,0.0014848995097925058,0.0,0.0,0.0,0.0006912544742996277,0.0,0.008218142584455407
8,7,19,الحق,ذريت|سي#ات|مورود,0.005784087264180569,0.0,0.0,0.024136828956710762,0.0038535319595665797,0.0,0.006714162668806073
8,29,3,الذين,استغش|تنزلت|نقتبس,0.0017216029143236249,0.0,0.0,0.0,0.0036145200875418405,0.0,0.006715097398399909
9,125,5,مرض,ركام|حسير|بارزة,0.0003354180110528287,0.0,0.0,0.0,0.00020007064060367685,0.0,0.0018124374257132954
9,72,5,جنات,نفع|عالي|مزدجر,0.0005824910356353326,0.0,0.0,0.0,0.0012393863782629514,0.0,0.002255559835549044
9,99,5,بالله,اسحاق|مروة|سينين,0.0007746551985299274,0.0,0.0,0.0,0.0017074525789081687,0.0,0.0029404786122713958
9,85,16,كافرون,عرض|هزو|تحت,0.006136002042446839,0.033584950798049844,0.0,0.0,0.0012171820543081385,0.0,0.002013879402323056
9,3,21,وان,اى|الذى|من,0.0005852937734933804,0.0,0.0,0.0,0.0005713006908544408,0.0,0.0029404619501058418
9,83,23,فاقعدوا,تستقسم|يستصرخ|استغنى,0.0005024467038306506,0.0,0.0,0.0,0.0008876905899375555,0.0,0.002126989633046348
9,120,39,عدو,مزدجر|ندامة|عمد,0.0002539079230826668,0.0,0.0,0.0,0.0007099585197601057,0.0,0.0008134890187358948
9,10,9,هم,ايا,0.00042885488172503825,0.0,0.0,0.0,0.0010746816637543064,0.0,0.001498447626595923
9,43,12,وتعلم,يطمع|يواط#|ربي,0.0009673774457230009,0.0,0.0,0.0039890807138036055,0.0005019594528933561,0.0,0.0013132245076410436
10,62,7,عليهم,مع2|الى|حتى,0.0005921370864038809,0.0,0.0,0.0,0.0008679209834750384,0.0,0.002684901534948247
10,49,10,شاء,اجلب|خر|تدور,0.0011546224295231075,0.0,0.0,0.0,0.001714193539711701,0.0,0.005213541037426945
10,48,5,ان,اى|الم|لولا,0.0004786786403182033,0.0,0.0,0.0,0.00033860299275375813,0.0,0.0025334688491554617
10,68,17,من,حتى|مع2|الى,0.001156665325837097,0.0,0.0,0.0,0.0011328548595111389,0.0,0.005807137095511443
10,52,7,الخلد,مرقد|رسول|مبلغ,0.0006604613149109154,0.0,0.0,0.0,0.0005377473685973327,0.0,0.0034250205208681598
10,30,14,ما,هذا|الذى|ال#ى,0.001053436745715492,0.0,0.0,0.0,0.001408488965215245,0.0,0.004912131509077707
10,88,14,ليضلوا,تبتئس|يعبؤا@|يتضرع,0.0008830267471670291,0.0,0.0,0.0,0.002019978156780885,0.0,0.0032781823262212893
10,73,7,وجعلناهم,اعتدى|يتعلم|استنكف,0.0008632019949460033,0.0,0.0,0.0,0.0018999691727741,0.0,0.00327924279690192
10,93,10,فما,كى|ان|لا,0.0005659992559493465,0.0,0.0,0.0,0.0011627986075125548,0.0,0.002233196928183524
11,99,5,ويوم,معلقة|عاصفة|حصور,0.0020207167254253865,0.0,0.0,0.0,0.0025880142465373956,0.0,0.009536286106014924
11,13,18,صادقين,ولى|حمدون|واد,0.00420600082785469,0.02348216072058762,0.0,0.0,0.0007231150260050851,0.0,0.0010307292205354354
11,102,11,اليم,اسود|مريد|غربى,0.0006026748165083335,0.0,0.0,0.0,0.0001453219879729717,0.0,0.0034707269110770293
11,25,6,اني,ويكان|ليت|كان,0.0006004142429393449,0.0,0.0,0.0,0.0015708296100860782,0.0,0.0020316558475499914
11,3,13,ويؤت,اكفل|تحر|يمحص,0.0005652591372128332,0.0,0.0,0.0,0.0006401955677712872,0.0,0.0027513592555057126
11,52,9,السماء,مع2|حتى|الى,0.00021137298498323582,0.0,0.0,0.0,0.0008014175895067585,0.0,0.0004668203203926564
11,51,6,اجرا,لم|لما|كى,0.0004546242975788061,0.0,0.0,0.0,0.00028700418757147554,0.0,0.002440741597901361
11,119,13,الجنة,سفه|جميع|بناء,0.004910858694843075,0.0,0.0,0.0,0.0009272627651312151,0.025066458408081756,0.00347143099584548
11,39,5,عذاب,خنزير|توصية|فعلت,0.0012524209647252502,0.0,0.0,0.0,0.003169236071593359,0.0,0.004345289716758142
12,57,6,وكانوا,تستبين|استخلف|استنكف,0.0009807977320508531,0.0,0.0,0.0,0.0009341596391676026,0.0,0.004950626753137516
12,5,2,يا,علق|عطاء|صوت,0.0008960181957679197,0.0,0.0,0.0,0.004138655649143799,0.0,0.001237453525463719
12,36,10,خمرا,نهى|كبير|مبشر,0.0008986941396929505,0.0,0.0,0.0,0.0011838610535463135,0.0,0.004208303784611389
12,8,3,ليوسف,ثمود|اليسع|صفا,0.0011117961243274782,0.0,0.0,0.0,0.0024618290916630565,0.0,0.004208947654301813
12,38,10,ان,ما|كى|لو,0.0002841227513114889,0.0,0.0,0.0,0.0004670798195838013,0.0,0.0012376566882851322
12,15,7,في,مع2|حتى|على,0.0005655266695978864,0.0,0.0,0.0,0.0011662925033233895,0.0,0.0022268675142639287
12,62,6,رحالهم,انثى|صغار|اعظم,0.0006672298019315288,0.0,0.0,0.0,0.0010309696481036036,0.0,0.002972409163485569
12,36,16,فوق,مانعت|كبر|لحم,0.0004496549854969627,0.0,0.0,0.0,0.0012132160201261542,0.0,0.001484713892855622
12,30,6,العزيز,منيب|سريع|مسلمت,0.004617302587626856,0.0,0.0,0.016700803099852043,0.0023385007401626736,0.0,0.008664511685746418
13,16,16,نفعا,نفثت|صيب|طارق,0.0020891058469629064,0.0,0.0,0.0,0.0007539134380207357,0.0,0.011780721643756702
13,22,12,وعلانية,كوافر|مشركت|واهية,0.0010412597862341113,0.0,0.0,0.0,0.0005427437284000483,0.0,0.005704814989004619
13,31,30,ولا,لن|ما|لم,0.0007935698048601165,0.0,0.0,0.0,0.000633919262662337,0.0,0.004127499566498362
13,22,2,صبروا,زحزح|يبلس|يوبق,0.00210627790960415,0.0,0.0,0.0,0.0008547863268262332,0.0,0.011782881130798667
13,3,15,اثنين,راجفة|زنجبيل|ظهير,0.0013363292686544126,0.0,0.0,0.0,0.0009649212264950261,0.0,0.0070530543854314485
13,18,20,اولئك,هكذا|تلكم|هتين,0.002073154360408246,0.0,0.0,0.0,0.0032078388864179128,0.0,0.009231087276031563
13,26,16,متاع,مغلوب|رباط|موفور,0.01930941828795451,0.03358495079804977,0.0711614708594225,0.0,0.001507229611215019,0.0,0.009602858459039769
13,13,17,وهو,ايا,0.001436366478160636,0.0,0.0,0.0,0.0009649767917064793,0.0,0.007653222077257337
13,11,7,خلفه,غرام|فصل|مهاجر,0.0014194668857029939,0.0,0.0,0.0,0.0008641293600900958,0.0,0.007652671954127867
14,31,3,الذين,هذا|ال#ى|اولاء,0.0020452744191754905,0.0,0.0,0.0,0.004302278458797176,0.0,0.007969368056255765
14,9,32,لفي,الى|على|من,0.0014066860463427195,0.0,0.0,0.0,0.0017251514817025846,0.0,0.006714964796353732
14,33,4,والقمر,مقصرين|قميص|مؤمنت,0.0005655033486020989,0.0,0.0,0.0,0.0005366174640289669,0.0,0.002856402627583626
14,19,9,ان,لو|مهما|حيث2,0.00137492002184518,0.0,0.0,0.0,0.0018368467566979411,0.0,0.006412673374373138
14,27,5,بالقول,شواظ|يسير|صفنت,0.0023557078192994983,0.0,0.0,0.0,0.0007503712129497955,0.0,0.013383875702847194
14,35,5,اجعل,نمير|اتى|رزق,0.001833681638369065,0.0,0.0,0.0,0.0033351702525791513,0.0,0.007666919577635238
14,14,8,مقامي,قبائل|معروفة|مصير,0.031121567494990603,0.0,0.0,0.0,0.0011886683233040397,0.17787544524196458,0.007665291404674995
14,32,3,خلق,تتقلب|صبر|بكت,0.0015819538182067876,0.0,0.0,0.0,0.0024800714906724575,0.0,0.0070116514185682675
14,18,11,يوم,طارق|اسباط|اصبع,0.0025074037883048724,0.0,0.0,0.0,0.0009689768785506368,0.0,0.014075445851278599
15,14,3,عليهم,حتى|الى|مع2,0.002109414432112318,0.0,0.0,0.0,0.00572032071828646,0.0,0.00693616587438745
15,15,8,مسحورون,موقنين|زيتون|مسبوقين,0.009661686710143275,0.0,0.04636277646901776,0.0,0.002518888064701228,0.0,0.009088455727140664
15,23,1,وانا,ويكان|لكن|كان,0.0024747683817716525,0.0,0.0,0.0,0.003451079328127516,0.0,0.011397530962502398
15,8,9,منظرين,قائمة|مقابر|فريق,0.009753253910580855,0.04376220861564091,0.0,0.0,0.0038559384588461496,0.0,0.010901376388998072
15,42,9,اتبعك,سابق|يسيغ|لعن,0.0008549538107921955,0.0,0.0,0.0,0.0019904012784614745,0.0,0.003139321586291699
15,55,2,بشرناك,توارت|تشمت|نهى,0.0019114520881127293,0.0,0.0,0.0,0.005187948388967135,0.0,0.00628076413970924
15,42,5,عليهم,حتى|الى|مع2,0.001732037969249523,0.0,0.0,0.0,0.003456061941109687,0.0,0.00693616587438745
15,9,6,له,ايا,0.0012552186890839878,0.0,0.0,0.0,0.0015852166073581225,0.0,0.005946095527145804
15,86,2,ربك,اجدر|عاصفة|مصيب,0.010846000403263972,0.0,0.0,0.04562852597295987,0.0021134169688446424,0.0,0.017334059477779322
16,80,6,سكنا,اواب|مغفرة|غبرة,0.00044616682493064854,0.0,0.0,0.0,0.001957768433748123,0.0,0.0007192325158357685
16,109,1,لا,كى|لما|ما,0.00015565866009070652,0.0,0.0,0.0,0.0004986386546907454,0.0,0.00043531330585349373
16,90,15,لعلكم,ليت|لكن|كان,0.00042217375277552206,0.0,0.0,0.0,0.0010940263489559398,0.0,0.0014390161676971925
16,33,9,امر,نشرت|نحاس|نهار,0.0006607730682298207,0.0,0.0,0.0,0.0009363142501646309,0.0,0.003028324159214293
16,111,2,تاتي,تعاطى|اتم|يوفق,0.0004861685052298401,0.0,0.0,0.0,0.0006078082110605287,0.0,0.0023092028203185117
16,124,10,ليحكم,منع|خلف|يجر,0.0006395173182661168,0.0,0.0,0.0,0.0006561673716531082,0.0,0.003180936537943593
16,99,2,ليس,تعجل|تعز|عزل,0.0005202548315070137,0.0,0.0,0.0,0.0003768292119681947,0.0,0.0027446997770738876
16,112,12,كل,بيان|حاجز|مولى,0.0005793876449323418,0.0,0.0,0.0,0.0003158800746043889,0.0,0.003160445794989662
16,37,14,ناصرين,كثرة|زجر|حلاف,0.010305779125860212,0.03384733322615955,0.023905806616837257,0.0,0.0010331549192217617,0.0,0.0030483799929427054
17,72,2,كان,نسى|يصفح|اخلف,0.001093762797505701,0.0,0.0,0.0,0.0008163153280220574,0.0,0.005746261457012149
17,3,4,مع,حيث|دون|فوق,0.000574014461095599,0.0,0.0,0.0,0.00019188801298257511,0.0,0.003252198753591019
17,47,18,رجلا,حوب|زور|زينة,0.0005543707204841691,0.0,0.0,0.0,0.0009047874955384202,0.0,0.002421436827366594
17,54,5,يشا,يلحد|املى|صلى,0.014513757742353042,0.0,0.0,0.0,0.0013325962238059633,0.0833290374106503,0.0024209128196619853
17,54,11,وما,لم|كى|لن,0.000469609483136912,0.0,0.0,0.0,0.0006245492254834772,0.0,0.002193107673337995
17,56,12,ولا,لم|كى|لن,0.000498298197133915,0.0,0.0,0.0,0.0007966815094654948,0.0,0.002193107673337995
17,97,16,القيامة,كلمة|مرفق|مرجو,0.001185530099894181,0.0,0.0,0.0,0.0023510633007775925,0.0,0.004762117298587494
17,47,4,يستمعون,يستوف|اجيبت|تراءت,0.0005862355010614462,0.0,0.0,0.0,0.0018540900896325178,0.0,0.0016633229167361588
17,19,9,فاولئك,ذلك|هتين|ذنك,0.0007992466616722522,0.0,0.0,0.0,0.0008653998804736274,0.0,0.003930080089559886
18,4,4,اتخذ,يضار|تفيض|وكل,0.001220049081674793,0.0,0.0,0.0,0.0009819045159212962,0.0,0.006338389974127462
18,103,5,اعمالا,محجوبون|مقيل|نفخة,0.012844374702657762,0.03938598775407682,0.027817665881410634,0.0,0.0005102820674973575,0.0,0.009352312512961753
18,21,6,وعد,شيخ|سنبلة|حما,0.0008417605522289966,0.0,0.0,0.0,0.0020368730957025195,0.0,0.00301369021767146
18,14,13,من,حتى|عن|فى,0.0012694874135161037,0.0,0.0,0.0,0.0012794158450259183,0.0,0.006337508636070704
18,18,12,ذراعيه,مفاتح|فرقان|عشية,0.0006605797920701896,0.0,0.0,0.0,0.0006959550717411503,0.0,0.0032675236806799877
18,58,6,يؤاخذهم,يستبدل|اصطنع|تراءت,0.0020117384766999455,0.0,0.0,0.0,0.0010827290739216723,0.0,0.010987701786278002
18,81,1,فاردنا,سطحت|تذكر|يستنقذ,0.000851332597923172,0.0,0.0,0.0,0.001840433177258923,0.0,0.0032675624102801093
18,22,12,سبعة,قوام|وال|تخوف,0.0012116347816619303,0.0,0.0,0.0,0.0009316294125824338,0.0,0.006338179277389148
18,64,1,قال,نقب|يل|ي#ود,0.0006723731183599672,0.0,0.0,0.0,0.0012736513670466348,0.0,0.0027605873431131686
19,46,4,عن,مع2|فى|على,0.0011126616506853095,0.0,0.0,0.0,0.0015388058902771696,0.0,0.005137164013834687
19,97,1,فانما,لعل|لكن|ليت,0.0025198236875121276,0.0,0.0,0.0,0.0019968519783561665,0.0,0.013122090146716598
19,38,8,اليوم,ثلث|ثلثة|بكرة,0.01818707143957019,0.0,0.0,0.0,0.003354492581664428,0.0953559087895069,0.010412027266249799
19,71,9,مقضيا,صفر|خبير|رءوف,0.011199199703094206,0.044208761764779864,0.015611955341607937,0.0,0.002776394544421458,0.0,0.004598086567755981
19,17,3,دونهم,شطط|مقتدون|تشاور,0.002200017281599844,0.0,0.0,0.0,0.005968313640103611,0.0,0.007231790049495453
19,52,6,وقربناه,ازلفت|ي#ود|ازينت,0.001327990715323013,0.0,0.0,0.0,0.001815856179128484,0.0,0.006152088112809595
19,48,10,الا,كى|ما|لو,0.0012836836421442279,0.0,0.0,0.0,0.0011427245591385561,0.0,0.006559377293726811
19,75,12,راوا,امطرت|شبه|انصت,0.0008202406881847235,0.0,0.0,0.0,0.0008669706457346051,0.0,0.004054473483373735
19,6,6,واجعله,اثار|يدحض|الهم,0.0007771948163842983,0.0,0.0,0.0,0.0018220751018438869,0.0,0.0028410937964619023
20,34,2,كثيرا,كبرى|عبوس|خير,0.0024855077607046534,0.010697428772712169,0.0,0.0,0.0022407616473290874,0.0,0.001974856144186665
20,75,1,ومن,لو|الم|لولا,0.000733554008083815,0.0,0.0,0.0,0.0010512933463370751,0.0,0.0033500307021658146
20,69,7,صنعوا,نداول|تنهر|ينال,0.001807869329140434,0.0,0.0,0.0,0.0021716225027042222,0.0,0.008675593472138383
20,80,13,عليكم,قوى|حسيس|محذور,0.0016720191203782285,0.0,0.0,0.0,0.002942250939310666,0.0,0.007089863782958704
20,106,2,قاعا,مسكونة|رجم|حاجز,0.0013481876162043437,0.0,0.0,0.0,0.0007014540723726218,0.0,0.007387671624853441
20,58,2,بسحر,مخسرين|مقتدون|مغيرت,0.0016443280594135498,0.0,0.0,0.0,0.001404408109749209,0.0,0.00846156024673209
20,73,7,وما,هذا|من|ال#ى,0.0052645168100229,0.0,0.0,0.0,0.0010521646280141227,0.02353568232209202,0.0069992539100312565
20,110,2,ما,من|الذى|ال#ى,0.0011710027875190753,0.0,0.0,0.0,0.0014035661725393972,0.0,0.0056224505525750545
21,97,4,فاذا,سبع|ثمنية|سنين,0.0022585754509829143,0.0,0.0,0.0,0.0011243811878478551,0.0,0.01242707151804963
21,28,2,ما,هذا|ال#ى|الذى,0.0014218165586511445,0.0,0.0,0.0,0.0013837102749242071,0.0,0.007147189076982659
21,105,4,الزبور,هروت|صلح2|مدين,0.001197133450501493,0.0,0.0,0.0,0.001480251164472195,0.0,0.005702549538536763
21,90,3,ووهبنا,اسلم|تضرع|ابرم,0.0009342263272468634,0.0,0.0,0.0,0.0024277450694839497,0.0,0.0031776128939972306
21,36,16,هم,ايا,0.0007207749515087163,0.0,0.0,0.0,0.0011008222092562428,0.0,0.0032238274997960547
21,26,4,ولدا,غوين|دية|مبصر,0.00028047521146732686,0.0,0.0,0.0,0.000982198663764086,0.0,0.0007006526050398753
21,63,5,هذا,هتين|ذنك|اولاء,0.0019378857343705076,0.0,0.0,0.0,0.0006511743060153997,0.0,0.010976140100207647
21,89,2,اذ,ادنى|قبل|ثلثة,0.0012229219231185058,0.0,0.0,0.0,0.0013125420700306229,0.0,0.006024989468680412
21,93,3,بينهم,حول|هنالك|اسفل,0.0012993294262461372,0.0,0.0,0.0,0.0003670408297093506,0.0,0.007428935727767473
22,2,14,الناس,صريم|اشتات|فكهين,0.0013704932901926713,0.0,0.0,0.0,0.0037789027001437713,0.0,0.0044440570410122565
22,14,7,الصالحات,كسوت|طائف|كبيرة,0.0026514326886174088,0.0,0.0,0.0,0.0061654509357538245,0.0,0.009743145195950629
22,5,11,خلقناكم,فى|مع2|على,0.0017703694461379978,0.0,0.0,0.0,0.0020095325432676276,0.0,0.008612684133560358
22,18,30,له,ايا,0.0005616035959608264,0.0,0.0,0.0,0.00025060254331315694,0.0,0.0031190190324518014
22,78,19,سماكم,تشيع|مهل|انتهى,0.0007013326824105653,0.0,0.0,0.0,0.0014660243871336767,0.0,0.0027419717073297145
22,69,5,القيامة,ءاكلون|منازل|ميزان,0.0009784305386387785,0.0,0.0,0.0,0.0023722755096402042,0.0,0.0034983077221924664
22,33,4,الى,فى|عن|من,0.0010566174567617432,0.0,0.0,0.0,0.0018953273840723638,0.0,0.004444377356498095
22,38,13,كفور,رفيع|موعود|سوى,0.016905561885439617,0.055544341704466996,0.0392300416276304,0.0,0.0019310602451579836,0.0,0.004727927735382324
22,28,3,لهم,ايا,0.0008509180863093004,0.0,0.0,0.0,0.0,0.0,0.005105508517855802
23,70,2,يقولون,اجلب|تخالط|ينغض,0.002473497923700072,0.0,0.0,0.0,0.000809649008346031,0.0,0.0140313385338544
23,82,5,ترابا,نوى|جائر|رشيد,0.0005603576488564901,0.0,0.0,0.0,0.0009027593044831911,0.0,0.002459386588655749
23,27,14,فيها,حتى|عن|الى,0.0009163460625242751,0.0,0.0,0.0,0.000578951443138031,0.0,0.00491912493200762
23,88,4,ملكوت,عقبة|ورقة|شهاب,0.0027478344993549886,0.0,0.0,0.0,0.00201618521782529,0.0,0.01447082177830464
23,88,11,عليه,عن|الى|مع2,0.0005853031184880994,0.0,0.0,0.0,0.0014939697467472087,0.0,0.002017848964181388
23,87,1,سيقولون,استعمر|يستن[ب#|يرجوا@,0.01612310661460238,0.0,0.0,0.0,0.00668878549005614,0.07838578942866246,0.011664064768895683
23,19,9,فيها,حتى|على|عن,0.0011403836254647987,0.0,0.0,0.0,0.0019231768207811713,0.0,0.00491912493200762
23,85,5,تذكرون,يصدع|امهل|اسفر,0.010746041016029299,0.03671575129617297,0.01296586121591174,0.0,0.0019921370319010557,0.0,0.012802496552190023
23,83,12,الاولين,مؤصدة|مرفوعة|اوفى2,0.008907819894388906,0.03671575129617297,0.0,0.0,0.004717579964975294,0.0,0.012013588105185173
24,52,7,ويتقه,ينكر|حلف|يوفض,0.0010878359608684877,0.0,0.0,0.0,0.0005976219995219902,0.0,0.0059293937656889366
24,58,49,عليم,عبدت|عسر|نصوح,0.0011752331775802425,0.0,0.0,0.0,0.003301231248000658,0.0,0.0037501678174807966
24,27,2,ايها,هذا|ال#ى|اولاء,0.0011043012873700505,0.0,0.0,0.0,0.0038416000726469624,0.0,0.002784207651573341
24,25,2,يوفيهم,تلهى|استجار|يخلد,0.0007133792569863779,0.0,0.0,0.0,0.0011363305759740639,0.0,0.0031439449659442036
24,28,22,عليم,اوبار|لمم|والد,0.004505240944788992,0.0,0.023905806616837257,0.0,0.0011950219930007217,0.0,0.0019306170588959748
24,61,11,المريض,داعى|تقدير|اوبار,0.0011444412296082154,0.0,0.0,0.0,0.0009372536119603553,0.0,0.0059293937656889366
24,53,4,ايمانهم,اقامت|فكهة|مكثين,0.0008184680582222244,0.0,0.0,0.0,0.0008003563197002089,0.0,0.004110452029633137
24,38,3,احسن,جارية|مدهنون|رفت,0.0015829186844956344,0.0,0.0,0.0,0.00042768552855418666,0.0,0.009069826578419619
24,8,8,بالله,لقمن|محمد|اسلم,0.0014392794114782906,0.0,0.0,0.0,0.0045262553054301645,0.0,0.00410942116343958
25,50,9,كفورا,تبديل|منشور|قدس,0.014251807377521597,0.05626569679153797,0.019869761343864697,0.0,0.0018655250113468898,0.0,0.007509861118380025
25,47,10,النهار,عارض|رجعون|بادون,0.0017184173376311165,0.0,0.0,0.0,0.0009795653900580574,0.0,0.009330938635728642
25,12,9,وزفيرا,البب|رماح|روسى,0.02049732926721054,0.05626569679153797,0.05960928403159422,0.0,0.0032343348216020405,0.0,0.0038746599585290035
25,53,11,وجعل,يسطر|يعصم|هلك,0.0008679568918385974,0.0,0.0,0.0,0.001966257380665385,0.0,0.003241483970366199
25,26,6,يوما,فكهين|اثنتين|سخري,0.0008601779470297409,0.0,0.0,0.0,0.0008933525100038995,0.0,0.004267715172174546
25,47,5,الليل,كفر|عاقر|رجز,0.0016042054914276566,0.0,0.0,0.0,0.0027443363866245345,0.0,0.006880896561941406
25,42,1,ان,من|حيث2|ما,0.0013553706337405963,0.0,0.0,0.0,0.0029561102972238463,0.0,0.005176113505219732
25,68,15,بالحق,امارة|اسلحت|متقين,0.00170232577643318,0.0,0.0,0.0,0.000885891305020389,0.0,0.009328063353578692
25,4,12,اخرون,اكبر|مقدسة|وفاق,0.00057012797795438,0.0,0.0,0.0,0.0010881505292443512,0.0,0.0023326173384819295
26,146,4,هاهنا,ذنك|هكذا|ذلك,0.0014705142288694096,0.0,0.0,0.0,0.0004977110038125353,0.0,0.008325374369403922
26,147,3,وعيون,شكر|كشفت|جثمين,0.004299926129528099,0.012723813958732295,0.0067399630990201635,0.0,0.0029756926391081282,0.0,0.003360087080308007
26,149,3,الجبال,الحاف|متاب|تقويم,0.0013167030632900596,0.0,0.0,0.0,0.0010359874677021326,0.0,0.006864230912038225
26,102,1,فلو,اذا|ان|مهما,0.0008369930626516654,0.0,0.0,0.0,0.00020308894818669423,0.0,0.0048188694277232985
26,28,7,ان,اى|اما|اذا,0.001143367243041279,0.0,0.0,0.0,0.0016042334934746093,0.0,0.005255969964773064
26,146,2,في,من|على|مع2,0.0008206980975596734,0.0,0.0,0.0,0.0012742490630085455,0.0,0.0036499395223494944
26,139,5,ذلك,تلكم|هنا|هذا,0.0017249645734490435,0.0,0.0,0.0,0.0033405913481860993,0.0,0.007009196092508161
26,158,8,كان,يتلوم|طاب|اسودت,0.0013068089864122863,0.0,0.0,0.0,0.004629363356934614,0.0,0.0032114905615391034
26,188,2,ربي,صخر|ورق|اجداث,0.005060687599712733,0.0,0.0,0.022710561791086957,0.0007919261580331018,0.0,0.0068616376491563375
27,28,6,ثم,او|ام|بل,0.00039396936646298315,0.0,0.0,0.0,0.0004758083863992382,0.0,0.001888007812378661
27,89,10,يومئذ,ليلة|هنالك|اخر,0.0006740050799186769,0.0,0.0,0.0,0.001444519636395983,0.0,0.0025995108431160784
27,40,1,قال,يخذل|قل|تبرا,0.0010404462465367235,0.0,0.0,0.0,0.0031774735683011484,0.0,0.003065203910919192
27,10,15,تخف,ليت|لعل|كان,0.0014569253692520523,0.0,0.0,0.0,0.0011895209659976702,0.0,0.007552031249514644
27,3,9,يوقنون,غلقت|يدمغ|يقصر,0.00945368685028481,0.046585576913423854,0.0,0.0,0.0002043928143919305,0.0,0.009932151373893076
27,59,9,الله,سليمن|طالوت|ملك2,0.005929148437247854,0.0,0.0,0.025865350788813267,0.0026252742443733947,0.0,0.007084265590300459
27,68,5,واباؤنا,متردية|مهتدون|مدهنون,0.0029502946801621636,0.0,0.0,0.0,0.002838585258986374,0.0,0.014863182821986608
27,71,5,ان,من|اى|اما,0.0010379123972816728,0.0,0.0,0.0,0.0012743601708352216,0.0,0.004953114212854816
27,91,11,كل,قدير|سقي|كللة,0.0007400039547676095,0.0,0.0,0.0,0.001375705311356195,0.0,0.003064318417249462
28,48,11,اوتي,وصى|مات|نبا,0.0010491141079298112,0.0,0.0,0.0,0.003047036721565418,0.0,0.0032476479260134497
28,10,4,موسى,ابليس|سليمن|داود,0.0008840798146502061,0.0,0.0,0.0,0.0011067936213721616,0.0,0.004197685266529075
28,30,6,الواد,احبار|ابكر|تقىة,0.0006121048683162476,0.0,0.0,0.0,0.0006222683074269601,0.0,0.003050360902470525
28,84,13,عملوا,اعثر|تفسح|يخسر,0.0008793732849374491,0.0,0.0,0.0,0.0005032827228430622,0.0,0.004772956986781632
28,64,6,يستجيبوا,يتفيؤا@|اتوكؤا@|يستن[ب#,0.00255409732466994,0.0,0.0,0.0,0.005975699778933458,0.0,0.009348884169086183
28,85,7,الى,فى|حتى|على,0.0002115762573220444,0.0,0.0,0.0,0.0006953445888505105,0.0,0.0005741129550817556
28,82,13,من,مع2|عن|حتى,0.0012737832240186772,0.0,0.0,0.0,0.0011663073803703902,0.0,0.006476391963741673
28,52,3,الكتاب,مغرقون|مظلم|ردم,0.0007977900179294796,0.0,0.0,0.0,0.0015558140354506762,0.0,0.003230926072126201
28,4,10,طائفة,عيلة|مكرمون|معجزين,0.0022050857445942242,0.0,0.0,0.0,0.00045740232941593093,0.0,0.012773112138149415
29,49,14,الظالمون,تثبيت|حمدون|مزدجر,0.012353826780614356,0.041859503893221656,0.0221735017895302,0.0,0.004657567402398829,0.0,0.005432387598535455
29,10,2,الناس,زلزلة|زان|رقيب,0.0014359892861669082,0.0,0.0,0.0,0.00261514875851655,0.0,0.0060007869584849
29,17,22,الرزق,يمين|طائعين|مساق,0.001606936166844525,0.0,0.0,0.0,0.0041497365324622395,0.0,0.00549188046860491
29,2,10,يفتنون,ارضعت|تفرق|استقر,0.023547154024819193,0.06278925583983248,0.06652050536859061,0.0,0.0025123855764178234,0.0,0.009460777364074248
29,36,7,قوم,احتنك|اعترف|يتخير,0.0015078636539063988,0.0,0.0,0.0,0.0012419812807058965,0.0,0.007805200642732496
29,65,16,يشركون,تفند|تن[بت|يتحاكم,0.011374551423101146,0.06278925583983248,0.0,0.0,0.0009820583603549727,0.0,0.004475994338419412
29,44,4,والارض,نعلي|عالين|ظهير,0.001314546814061347,0.0,0.0,0.0,0.0034730610030946187,0.0,0.0044142198812734635
29,68,4,افترى,ننكس|يواط#|نكر,0.0019265510931211185,0.0,0.0,0.0,0.0013673213483014457,0.0,0.010191985210425265
29,32,1,قال,يعصم|يحمد|يتعد,0.0007985115747321009,0.0,0.0,0.0,0.0019034661027243973,0.0,0.0028876033456682083
30,22,7,السنتكم,مشتركون|ناضرة|منهاج,0.001846854475854109,0.0,0.0,0.0,0.0019758970778129864,0.0,0.009105229777311668
30,39,15,من,فى|مع2|حتى,0.0029977115384869375,0.0,0.0,0.0,0.004306472802284158,0.0,0.013679796428637467
30,21,17,ذلك,ذا|ذنك|اولاء,0.001660144779065835,0.0,0.0,0.0,0.005723810344278047,0.0,0.004237058330116963
30,22,13,للعالمين,مغتسل|مكظوم|باطنة,0.02202745912050562,0.07220764421580726,0.05099905411591947,0.0,0.002800305780231807,0.0,0.00615775061107518
30,53,11,يؤمن,غشى|تخلت|زين,0.0013575348670088305,0.0,0.0,0.0,0.0009876938473523434,0.0,0.007157515354700639
30,6,6,وعده,ناعمة|مسنون|لون,0.0019247553379039613,0.0,0.0,0.0,0.0021029822252373745,0.0,0.009445549802186395
30,58,4,في,مع2|على|حتى,0.0010609578328004013,0.0,0.0,0.0,0.0014720698204391354,0.0,0.004893677176363272
30,9,20,مما,عن|على|مع2,0.0012331793675484583,0.0,0.0,0.0,0.001216357710073334,0.0,0.006182718495217416
30,41,7,كسبت,انسى|شغف|يعزب,0.0025311973456659895,0.0,0.0,0.0,0.0011888310202534968,0.0,0.013998353053742441
31,27,12,سبعة,خلفة|عصم|برهن,0.0019231801517205114,0.0,0.0,0.0,0.0006815982631036978,0.0,0.010857482647219372
31,33,28,ولا,يمحص|اعتزل|يرضع,0.0023103349011548515,0.0,0.0,0.0,0.003768653312222795,0.0,0.010093356094706313
31,20,2,تروا,حصل|قال|اتقى,0.0031889544120867488,0.0,0.0,0.0,0.007517986108599533,0.0,0.01161574036392096
31,28,10,سميع,واجفة|سيئة|غليظ,0.0014895845569864797,0.0,0.0,0.0,0.0022479692304077288,0.0,0.006689538111511149
31,21,12,وجدنا,خبت|جزع|ملئت,0.00226395149666097,0.0,0.0,0.0,0.0012047626715621636,0.0,0.012378946308403655
31,16,15,السماوات,بل|ثم|ام,0.0028568293680459444,0.0,0.0,0.0,0.004980833980192353,0.0,0.012160142228083313
31,17,6,بالمعروف,خلص|صلى|يغاث,0.002857225496493771,0.0,0.0,0.0,0.0024763342999604486,0.0,0.014667018679002178
31,9,3,وعد,نملة|مفاتح|جبلة,0.0035817318060025033,0.0,0.0,0.0,0.013165312877437099,0.0,0.00832507795857792
31,34,3,عنده,دون|تحت|تلقاء,0.0029126421590236744,0.0,0.0,0.0,0.00245234187575526,0.0,0.015023511078386788
32,5,13,مقداره,مرفوع|خليفة|منزلين,0.0031981267942754986,0.0,0.0,0.0,0.0032642265611239254,0.0,0.015924534204529064
32,25,6,يوم,مرد|خاشع|زيغ,0.005819138416784436,0.0,0.0,0.0,0.0023850864002254155,0.0,0.0325297441004812
32,16,9,ومما,مع2|على|فى,0.005064392394769496,0.0,0.0,0.0,0.004313112058782941,0.0,0.026073242309834033
32,17,7,من,الى|عن|فى,0.004734350937338315,0.0,0.0,0.0,0.0016549877358706694,0.0,0.026751117888159218
32,6,5,العزيز,اولى|عميق|فخور,0.018193088236295944,0.0,0.0,0.0805858644199855,0.0010732920838035273,0.0,0.027499372913986634
32,20,7,ارادوا,تخالط|استغفر|يتخلف,0.003322600411922359,0.0,0.0,0.0,0.006918897843780935,0.0,0.013016704627753218
32,24,9,باياتنا,متك#ين|تحرير|اعلون,0.004236879087288484,0.0,0.0,0.0,0.007339020832486481,0.0,0.018082253691244426
32,12,10,ابصرنا,اوجف|توجه|يحبر,0.003432512967478205,0.0,0.0,0.0,0.0046825817919643785,0.0,0.015912496012904852
32,28,1,ويقولون,يغادر|يحاور|ان[بت,0.009160217095582233,0.0,0.0,0.0,0.007145975630451461,0.0,0.04781532694304194
33,21,16,الله,موسى|يحيى|جالوت,0.00477081379942662,0.0,0.0,0.02300686229028035,0.003454480466351962,0.0,0.0021635400399274093
33,66,2,تقلب,تؤز|استرهب|عزم,0.0018890128671667404,0.0,0.0,0.0,0.00039672589108693754,0.0,0.010937351311913505
33,34,12,كان,برق|يوزع|يلمز,0.0007796343258248063,0.0,0.0,0.0,0.001553142401776276,0.0,0.003124663553172562
33,16,8,الموت,وردة|غمرت|داعى,0.001045042009944427,0.0,0.0,0.0,0.0013401254911316043,0.0,0.004930126568534958
33,37,47,الله,ابليس|صب#ين|شعيب,0.004501808296063899,0.0,0.0,0.02300686229028035,0.0028013010567224422,0.0,0.0012026864293805987
33,35,21,والذاكرين,مقتسمين|مشتركون|ناكسوا,0.0016063632490786654,0.0,0.0,0.0,0.00398749524069302,0.0,0.005650684253778973
33,62,3,في,الى|من|حتى,0.00107095929951318,0.0,0.0,0.0,0.002941581848051011,0.0,0.003484173949028069
33,70,2,ايها,ال#ى|هذا|اولاء,0.000999524569732426,0.0,0.0,0.0,0.0032320563382317044,0.0,0.0027650910801628515
33,73,12,وكان,استغث|اشرب|اسلفت,0.0018520525783194315,0.0,0.0,0.0,0.0029415510451792,0.0,0.00817076442473739
34,33,19,الندامة,طريقة|مغرقون|منتقمون,0.002625892907507595,0.0,0.0,0.0,0.0009697714393704552,0.0,0.014785586005675116
34,12,16,يديه,معشر|مشيد|معيشة,0.0016995981288772648,0.0,0.0,0.0,0.0035936317633253135,0.0,0.006603957009938276
34,16,12,واثل,ظعن|امرا|امت,0.0007207118809797676,0.0,0.0,0.0,0.0018072778482786764,0.0,0.0025169934375999293
34,10,7,جبال,حل|ينظر|الف,0.0010532519725168974,0.0,0.0,0.0,0.0009698498921670155,0.0,0.005349661942934369
34,13,1,يعملون,اربى|الهم|يخلد,0.001829624655122426,0.0,0.0,0.0,0.000276496961870909,0.0,0.010701250968863648
34,16,13,وشيء,مزدجر|مزجىة|نظرين,0.001421049643922892,0.0,0.0,0.0,0.002551589115595213,0.0,0.005974708747942139
34,37,3,ولا,ما|لم|لن,0.0007531270398596166,0.0,0.0,0.0,0.0004288229860740175,0.0,0.004089939253083682
34,9,9,من,مع2|على|الى,0.0022224371583529725,0.0,0.0,0.0,0.0010716312369098756,0.0,0.01226299171320796
35,10,10,الكلم,نخل|صحاف|سير,0.002425795145704942,0.0,0.0,0.0,0.0005852111136033165,0.0,0.013969559760626336
35,12,4,هذا,ذلك|اولاء|هنا,0.0024488623973445054,0.0,0.0,0.0,0.0012904842245520314,0.0,0.013402690159515
35,35,2,احلنا,مزق|اصفى|سجد,0.0019852479920487403,0.0,0.0,0.0,0.001292426515592922,0.0,0.010619061436699521
35,5,13,يغرنكم,ماجوج|ادريس|سيناء,0.03621739795335819,0.0,0.0,0.0,0.0028197599506294933,0.20554495894627062,0.008939668823249028
35,4,8,والى,فى|من|حتى,0.012674318689871391,0.0,0.0,0.0,0.0008242317968399373,0.06851498631542337,0.0067066940269650405
35,27,7,السماء,نافلة|حلاف|معمور,0.0021066906014378,0.0,0.0,0.0,0.004817134960646385,0.0,0.007823008647980415
35,7,6,والذين,اولاء|ما|ال#ى,0.0020682307920406565,0.0,0.0,0.0,0.004584821215977515,0.0,0.007824563536266423
35,2,16,بعده,تخويف|رافعة|نفع,0.0012538057467873136,0.0,0.0,0.0,0.000821317369419745,0.0,0.006701517111304137
35,18,1,ولا,كى|لم|لن,0.001038848232236363,0.0,0.0,0.0,0.0017628235722359973,0.0,0.004470265821182181
36,40,7,القمر,امل|سئحون|منقعر,0.001437650720727236,0.0,0.0,0.0,0.0004961622192914361,0.0,0.008129742105071981
36,58,5,رحيم,قنتت|مرسل|معدودة,0.001023764822914486,0.0,0.0,0.0,0.0024805221681012627,0.0,0.0036620667693856536
36,26,8,يعلمون,يعكفون|يعصرون|يعرشون,0.007928417990865086,0.0,0.03686678610789364,0.0,0.001860608322342956,0.0,0.00884311351495393
36,82,8,له,ايا,0.0010393211298039327,0.0,0.0,0.0,0.0007439181898684474,0.0,0.00549200858895515
36,71,11,لها,ايا,0.000186060832234324,0.0,0.0,0.0,0.001116364993405944,0.0,0.0
36,65,6,ايديهم,ذنوب|محجور|ليلة,0.0007505545660447576,0.0,0.0,0.0,0.0012408755937219948,0.0,0.003262451802546551
36,47,14,من,ال#ى|الذى|ما,0.0028998988945776534,0.0,0.0,0.0,0.0012398276284135957,0.0,0.016159565739052327
36,23,11,عني,فى|الى|مع2,0.0020116335492992095,0.0,0.0,0.0,0.00210892438361345,0.0,0.009960876912181806
37,39,2,تجزون,اجمع|يالم|استضعف,0.002235372181577016,0.0,0.0,0.0,0.0009231298377085372,0.0,0.012489103251753557
37,26,4,مستسلمون,خائنين|مثقلون|مستقدمين,0.005535057631738077,0.0,0.025219312474905147,0.0,0.0010302857269517704,0.0,0.006960747588571545
37,158,10,لمحضرون,اعجمى|رضاعة|معرضون,0.005489724553767498,0.01586981191556193,0.0,0.0,0.00563992533215822,0.0,0.011428610074884833
37,34,1,انا,ليت|ويكان|كان,0.002126366258382598,0.0,0.0,0.0,0.0016966358588215717,0.0,0.011061561691474016
37,21,7,تكذبون,يلفظ|ادر#|اقترف,0.007490936598182014,0.023804717873342894,0.008406437491635093,0.0,0.001306449491966882,0.0,0.011428014732147211
37,35,4,قيل,اوحى|يقرب|نذر,0.0015830418357196587,0.0,0.0,0.0,0.000222212773092163,0.0,0.00927603824122579
37,119,3,في,الى|على|مع2,0.001127972364991052,0.0,0.0,0.0,0.0024893306888011165,0.0,0.004278503501145196
37,91,2,الى,فى|مع2|حتى,0.0006372377481229859,0.0,0.0,0.0,0.002930275419009005,0.0,0.0008931510697289106
38,53,5,الحساب,بطانة|صافون|تبرج,0.01747692608913345,0.04923248469259566,0.03477208235176325,0.0,0.0051274129791050145,0.0,0.01572957651133678
38,63,2,سخريا,كفور|كتب|مسكونة,0.0026882413467064947,0.0,0.0,0.0,0.0008879472705399119,0.0,0.015241500809699056
38,86,5,من,على|حتى|فى,0.020119068767657313,0.0,0.0,0.0,0.00037206746673130667,0.10510821764297917,0.015234127496233409
38,33,2,علي,فى|مع2|عن,0.0020607438060283303,0.0,0.0,0.0,0.003995149828141819,0.0,0.008369313008028163
38,16,8,الحساب,ناصر|مجذوذ|سعيد,0.014110863141595814,0.04923248469259566,0.017386041175881627,0.0,0.006503019942099842,0.0,0.01154363303899776
38,3,2,اهلكنا,اعتصم|تدور|اورد,0.002244557816614943,0.0,0.0,0.0,0.002407132301060537,0.0,0.011060214598629122
38,12,1,كذبت,يبطل|يتكلم|يتعد,0.0019521566714380857,0.0,0.0,0.0,0.004579942365830694,0.0,0.0071329976627978195
38,10,7,بينهما,مكان|جانب|وراء,0.0018657381694455815,0.0,0.0,0.0,0.009740808431376724,0.0,0.001453620585296765
38,62,7,كنا,اشارت|يؤاخذ|يركع,0.0024322977051463505,0.0,0.0,0.0,0.003547192268850445,0.0,0.01104659396202766
39,57,8,من,مع2|عن|حتى,0.00155354397110486,0.0,0.0,0.0,0.0014768114941577952,0.0,0.007844452332471366
39,57,9,المتقين,ظم#ان|مختال|امساك,0.009118207283192514,0.03851074358176368,0.0,0.0,0.0025824590299563036,0.0,0.013616041087435103
39,65,8,لئن,مهما|ما|حيث2,0.0009820823485221539,0.0,0.0,0.0,0.0010416659719420934,0.0,0.00485082811919083
39,74,13,نشاء,اساء|نذل|يلت,0.0011636045100386556,0.0,0.0,0.0,0.000992471208044234,0.0,0.0059891558521877
39,18,8,هداهم,يجرم|رحم|اقتحم,0.0016869797626173702,0.0,0.0,0.0,0.0011374867901318,0.0,0.008984391785572421
39,10,10,في,ذا|هنا|ذلك,0.0006580654764106378,0.0,0.0,0.0,0.0002340248466999613,0.0,0.0037143680117638655
39,12,5,المسلمين,اسماعيل|نصراني|اسرائيل,0.011493483527493928,0.05776611537264552,0.0,0.0,0.0008804894256377873,0.0,0.01031429636668026
39,71,14,خزنتها,سماء|غرمين|بديع,0.002309718122782909,0.0,0.0,0.0,0.0025986615638302823,0.0,0.011259647172867171
40,29,14,ان,هلك|اعجب|فشل,0.0005358139532478297,0.0,0.0,0.0,0.0010186009719051904,0.0,0.0021962827475817885
40,40,7,مثلها,مثوبة|معارج|حمار,0.0009075835526105892,0.0,0.0,0.0,0.000805949472591269,0.0,0.004639551843072266
40,34,25,يضل,سخط|يدبر|اراد,0.0013235250328896512,0.0,0.0,0.0,0.002630435236831726,0.0,0.005310714960506182
40,34,29,مسرف,تربص|جميع|فصلين,0.0010143949330513465,0.0,0.0,0.0,0.0018734911790656966,0.0,0.004212878419242383
40,30,3,امن,مسخ|نهى|غوى,0.0013690210255686362,0.0,0.0,0.0,0.002902718114282621,0.0,0.0053114080391291965
40,7,27,الجحيم,عدون|مواضع|سرائر,0.003865982704122256,0.016990033933131084,0.0,0.0,0.0008933307157899173,0.0,0.005312531575812536
40,48,5,كل,ركن|انام|غليظ,0.0010073144053799178,0.0,0.0,0.0,0.000980074017988799,0.0,0.005063812414290708
40,45,5,مكروا,ي#ود|استطعم|يتعد,0.0009205198820654966,0.0,0.0,0.0,0.001310407662585666,0.0,0.004212711629807313
40,52,2,لا,لما|كى|لم,0.0005041643231561815,0.0,0.0,0.0,0.0005825768660721084,0.0,0.00244240907286498
41,24,7,يستعتبوا,يستن[ب#|استيقنت|يستن[بط,0.001509419427855206,0.0,0.0,0.0,0.004754382378751677,0.0,0.004302134188379559
41,51,2,انعمنا,تصعد|تسرح|ادلى,0.0005524199050262875,0.0,0.0,0.0,0.001696244179904755,0.0,0.00161827525025297
41,4,6,لا,لما|ما|لم,0.0008156077112523266,0.0,0.0,0.0,0.0011322141849791178,0.0,0.0037614320825348417
41,5,6,تدعونا,غلقت|نفشت|استعذ,0.0019382690031607079,0.0,0.0,0.0,0.002489276078805448,0.0,0.009140337940158798
41,10,3,رواسي,فاسق|مخسرين|مشهد,0.0011551894018757079,0.0,0.0,0.0,0.0010198356005989646,0.0,0.005911300810655283
41,47,19,ويوم,رقيم|حوايا|غير,0.001885997314033191,0.0,0.0,0.0,0.0005667992662288292,0.0,0.010749184617970317
41,18,2,الذين,اولاء|هذا|ال#ى,0.0021315917879198526,0.0,0.0,0.0,0.0041878384849469465,0.0,0.00860171224257217
41,19,8,يوزعون,اساء|اقتده|زلزل,0.01958869015899305,0.08023071579534102,0.02833280784217749,0.0,0.0009055307714552653,0.0,0.008063086544984537
41,2,3,الرحمن,ابتر|موقع|مشفقون,0.007359173159323343,0.0,0.0,0.037755593909615394,0.005320594879489352,0.0,0.0010788501668353133
42,16,8,استجيب,كورت|يجمح|عطلت,0.0010449382413909524,0.0,0.0,0.0,0.0018577964179800302,0.0,0.004411833030365684
42,23,29,شكور,سريع|اذلة|حميم,0.015446694342966008,0.08174450288581951,0.0,0.0,0.003232462642764917,0.0,0.00770320052921163
42,24,6,كذبا,نفقة|حر|صوت,0.0005628609300251217,0.0,0.0,0.0,0.0011717011248905224,0.0,0.0022054644552602074
42,13,18,ان,كى|لو|ما,0.00048182996233549837,0.0,0.0,0.0,0.00032324626427644916,0.0,0.0025677335097365407
42,48,14,الانسان,زبانية|عشرة|عليين,0.0017558519169990087,0.0,0.0,0.0,0.0028278829815060226,0.0,0.007707228520488029
42,23,23,له,ايا,0.0016638291201946291,0.0,0.0,0.0,0.005211931986356987,0.0,0.004771042734810788
42,16,11,داحضة,مخزى|عقود|فضة,0.0018390281293184062,0.0,0.0,0.0,0.0021005278478203743,0.0,0.008933640928090063
42,50,7,يشاء,الهم|جاء|تقرض,0.0012116904655774415,0.0,0.0,0.0,0.003111158355512835,0.0,0.004158984437951814
42,52,6,امرنا,زيغ|اعلى|نبات,0.0014243096672273874,0.0,0.0,0.0,0.0014539535365627905,0.0,0.007091904466801534
43,4,2,في,حتى|من|على,0.0011118591439102316,0.0,0.0,0.0,0.0010583627971061157,0.0,0.005612792066355274
43,86,9,من,ما|الذى|هذا,0.0025521077159387597,0.0,0.0,0.0,0.0006325080320759994,0.0,0.014680138263556559
43,3,6,تعقلون,يستعتب|يستثن|ازدجر,0.007473116884036759,0.032452873804857174,0.0,0.0,0.0029625555569503526,0.0,0.009423271942413027
43,19,7,اناثا,مفتون|مارج|فكهة,0.002923831315418991,0.0,0.0,0.0,0.001903745734553613,0.0,0.01563924215796033
43,51,13,الانهار,عصا|تور|يحرف,0.0018972624380331343,0.0,0.0,0.0,0.0017000430577052267,0.0,0.00968353157049358
43,33,3,يكون,تجلى|ذكر|يشعر,0.0018997686442859183,0.0,0.0,0.0,0.00042238915213208504,0.0,0.010976222713583424
43,68,7,ولا,ايا,0.001252917348475382,0.0,0.0,0.0,0.0,0.0,0.007517504090852292
43,81,5,ولد,اولين|وليد|شهدت,0.0011117112537728296,0.0,0.0,0.0,0.0010583362554069937,0.0,0.005611931267229984
43,43,6,على,مع2|الى|حتى,0.00033493427313213475,0.0,0.0,0.0,0.0020096056387928084,0.0,0.0
44,5,5,كنا,ينكر|يدين|تناد,0.003754836739793104,0.0,0.0,0.0,0.0037277051917639276,0.0,0.018801315246994695
44,21,3,تؤمنوا,يتخبط|يستن[بط|استسقى,0.004537407909394648,0.0,0.0,0.0,0.00881708679718778,0.0,0.01840736065918011
44,37,1,اهم,ايا,0.0003878857009683004,0.0,0.0,0.0,0.0023273142058098024,0.0,0.0
44,16,2,نبطش,تمار|تيسر|ذاق,0.002386614265619954,0.0,0.0,0.0,0.005997554475682743,0.0,0.008322131118036981
44,38,6,بينهما,تلقاء|هنالك|مكان,0.00325020910937298,0.0,0.0,0.0,0.011586110728756486,0.0,0.007915143927481392
44,24,5,جند,وهن|معكوف|تثبيت,0.0029022801669810086,0.0,0.0,0.0,0.001609660952577647,0.0,0.015804020049308403
44,4,3,كل,رباط|نزلة|ولدة,0.002492692194841261,0.0,0.0,0.0,0.003516736236986415,0.0,0.011439416932061153
44,36,5,صادقين,هني#|رميم|عشى,0.021953494130749304,0.07343150259234642,0.02593172243182346,0.0,0.007365754737581664,0.0,0.024991985022744294
44,31,2,فرعون,ماجوج|زقوم|نوح,0.002589891571089693,0.0,0.0,0.0,0.003671401479527107,0.0,0.011867947947011051
45,22,5,بالحق,برية|نفحة|حسير,0.002642020922705659,0.0,0.0,0.0,0.0055018005625630815,0.0,0.010350324973670874
45,17,13,بغيا,عوج|معذرة|غدوة,0.001163286685919152,0.0,0.0,0.0,0.0016458147938203398,0.0,0.005333905321694572
45,13,5,السماوات,صواف|عشية|مفتون,0.0038972765479619955,0.0,0.0,0.0,0.01067325224824874,0.0,0.012710407039523232
45,24,14,لهم,ايا,0.0024429957253891414,0.0,0.0,0.0,0.001645661515939684,0.0,0.013012312836395163
45,23,24,تذكرون,تعبث|نضجت|تدور,0.036131846777583645,0.11709347710671436,0.08270116883662619,0.0,0.004969051309932284,0.0,0.012027383412229028
45,17,6,اختلفوا,استطاع|انفطرت|استغفر,0.002061198055885231,0.0,0.0,0.0,0.002016863361640513,0.0,0.010350324973670874
45,28,8,الى,حتى|على|مع2,0.0005795003180891272,0.0,0.0,0.0,0.0034770019085347634,0.0,0.0
45,32,5,الله,شعيب|احمد|مدين,0.012689862595467736,0.0,0.0,0.06143020812343166,0.006034092225112317,0.0,0.008674875224262439
45,26,2,الله,صلح2|همن|اسلم,0.012138674311448239,0.0,0.0,0.06143020812343166,0.004396168358293435,0.0,0.007005669386964341
46,8,21,بيني,شطر|تلقاء|مع,0.002301902363971101,0.0,0.0,0.0,0.0010089481341821556,0.0,0.012802466049644448
46,6,2,حشر,استعذ|تستتر|يعزب,0.002576255766373404,0.0,0.0,0.0,0.00398080054618659,0.0,0.011476734052053834
46,28,5,من,فى|مع2|الى,0.003261894517605958,0.0,0.0,0.0,0.0018542427582415608,0.0,0.017717124347394187
46,33,1,اولم,كى|لما|لن,0.001169221383035448,0.0,0.0,0.0,0.0023092629678056068,0.0,0.004706065330407081
46,33,8,والارض,خلفة|مساق|ظلمت,0.002333852382641241,0.0,0.0,0.0,0.00644895531850364,0.0,0.007554158977343806
46,31,2,قومنا,اعتمر|اشتعل|انطلق,0.002621349975470938,0.0,0.0,0.0,0.005555369345182796,0.0,0.010172730507642834
46,31,15,اليم,الهيم|القيم,0.011882576837895583,0.0,0.06557021243475362,0.0,0.0006407897725529195,0.0,0.005084458820066953
46,16,9,عن,من|مع2|حتى,0.001709308448784977,0.0,0.0,0.0,0.002708914941288903,0.0,0.007546935751420959
46,17,9,وقد,الا|ان,0.0036922872580623955,0.0,0.0,0.0,0.004923804340849486,0.0,0.017229919207524886
47,22,8,الارض,بلاء|ملكوت|غمرة,0.0042864569219478385,0.0,0.0,0.0,0.006294029126962844,0.0,0.01942471240472419
47,12,18,تاكل,هاجر|نتق|قيض,0.0015605879950329785,0.0,0.0,0.0,0.001897226375521589,0.0,0.007466301594676283
47,36,4,لعب,زخرف|فصيلت|طعم,0.0012880820164232751,0.0,0.0,0.0,0.0009938912071162035,0.0,0.006734600891423447
47,14,10,سوء,لعنون|مريض|معصيت,0.0011987448104291403,0.0,0.0,0.0,0.0019772976205778953,0.0,0.005215171241996947
47,37,5,ويخرج,يتر|رجع|رمى,0.0013770412895923935,0.0,0.0,0.0,0.0015513632419046598,0.0,0.006710884495649701
47,28,1,ذلك,هذن|ذا|تلكم,0.0037052237289895134,0.0,0.0,0.0,0.008061234856675415,0.0,0.014170107517261665
47,15,37,خالد,محروم|تبيع|صلصل,0.00167846569248733,0.0,0.0,0.0,0.001121704140813955,0.0,0.008949090014110024
47,3,10,اتبعوا,استيقنت|اشكوا@|اكتسب,0.003076736130708701,0.0,0.0,0.0,0.007264501646295204,0.0,0.011195915137957002
48,6,18,لهم,ايا,0.0022594038719052295,0.0,0.0,0.0,0.0027473904569747694,0.0,0.010809032774456608
48,19,2,كثيرة,موقدة|ايمن|مشاء,0.0019112851979128087,0.0,0.0,0.0,0.004260253303195036,0.0,0.007207457884281816
48,24,11,بعد,اثام|قرح|شاكلت,0.0013437431151758555,0.0,0.0,0.0,0.0013518214831540103,0.0,0.006710637207901123
48,2,4,ما,الذى|من|ال#ى,0.020323385146157325,0.0,0.0,0.0,0.003076524628392552,0.10631635807565701,0.012547428172894391
48,29,47,الذين,هذا|ال#ى|اولاء,0.0020587258453922228,0.0,0.0,0.0,0.001043928080651341,0.0,0.011308426991701995
48,5,10,فيها,حتى|الى|عن,0.001828466056057081,0.0,0.0,0.0,0.0020138989794277412,0.0,0.008956897356914746
48,25,7,الحرام,غشوة|سبقت|مسكوب,0.003264380540111717,0.0,0.0,0.0,0.006531289990789487,0.0,0.013054993249880817
48,16,19,حسنا,لم|امشاج|ايمن,0.0029322168545425575,0.0,0.0,0.0,0.000937472606653669,0.0,0.016655828520601674
48,2,14,صراطا,لعن|حافين|قبول,0.003462748532939318,0.0,0.0,0.0,0.006849477933668181,0.0,0.013927013263967728
49,1,6,تقدموا,وراء|فوق|قبل,0.003550141561210571,0.0,0.0,0.0,0.009231520242243597,0.0,0.012069329125019826
49,9,4,المؤمنين,مقتسمين|ذائقوا|مفلحون,0.005364599857696582,0.0,0.0,0.0,0.007729852221553585,0.0,0.024457746924625903
49,11,16,نساء,مع2|عن|فى,0.0024391792212512162,0.0,0.0,0.0,0.00648316288650123,0.0,0.008151912441006066
49,11,32,الفسوق,اذا|ليل|بيت,0.005784946355536339,0.0,0.0,0.0,0.0059884048678368875,0.0,0.02872127326538115
49,17,13,عليكم,حتى|مع2|الى,0.005781964044538894,0.0,0.0,0.0,0.0034923948960121753,0.0,0.03119938937122119
49,1,4,امنوا,امشوا|امروا,0.002782764707084795,0.0,0.0,0.0,0.007847706225587937,0.0,0.00884888201692083
49,15,17,هم,ايا,0.002075607282241844,0.0,0.0,0.0,0.0014934899567158725,0.0,0.010960153736735194
49,12,27,واتقوا,هود|تورىة|لظى,0.004339309608117428,0.0,0.0,0.0,0.016214412539752407,0.0,0.009821445108952161
49,7,13,ولكن,لعل|ليت|كان,0.0035471653780633446,0.0,0.0,0.0,0.0027419274679119695,0.0,0.0185410648004681
50,41,6,مكان,جذوة|رضاعة|نظر,0.004562151171002838,0.0,0.0,0.0,0.003377931776943056,0.0,0.023994975249073975
50,44,4,عنهم,على|من|مع2,0.002739913577266891,0.0,0.0,0.0,0.004424250310367033,0.0,0.012015231153234315
50,11,2,للعباد,مدكر|مرسى|رحيق,0.0035095038179860194,0.0,0.0,0.0,0.007224740472031546,0.0,0.01383228243588457
50,15,1,افعيينا,استبق|تشتكى|انصرف,0.003736580945191132,0.0,0.0,0.0,0.00495867137690105,0.0,0.017460814294245744
50,16,12,من,فى|مع2|حتى,0.006037134039390876,0.0,0.0,0.0,0.004418918694699878,0.0,0.03180388554164538
50,29,7,بظلام,غار|تقلب|نزلة,0.0030728618978404826,0.0,0.0,0.0,0.00223239264681085,0.0,0.016204778740232045
50,36,1,وكم,اى|متى|ماذا,0.006252362071195773,0.0,0.0,0.0,0.0015091607620397736,0.0,0.03600501166513487
50,27,3,ربنا,رابع|رشد|دانية,0.016526700518190985,0.0,0.0,0.0803698165260982,0.0067895193197753225,0.0,0.012000867263272385
50,9,10,الحصيد,رحمة|خضعين|مصرخ,0.03535976533997326,0.09627685895440952,0.10199810823183898,0.0,0.008159114509877876,0.0,0.005724510343713172
51,17,5,ما,الذى|ال#ى|من,0.004446600879318522,0.0,0.0,0.0,0.006213391309665978,0.0,0.02046621396624515
51,16,9,محسنين,امرا|اصدق|رباط,0.022679383696976068,0.07220764421580678,0.05099905411591947,0.0,0.002625140758356133,0.0,0.010244463091774016
51,13,1,يوم,نشط|بهيمة|مدبرت,0.003665594198202233,0.0,0.0,0.0,0.0044597334308352984,0.0,0.0175338317583781
51,38,3,اذ,ساعة|ليل|امام,0.005035576081492803,0.0,0.0,0.0,0.004648173813673372,0.0,0.025565282675283445
51,1,2,ذروا,طى|خنس|هجر,0.015448479922160347,0.0,0.0764985811738792,0.0,0.008868873608462214,0.0,0.007323424750620667
51,52,8,رسول,صاخة|غائبة|نهار,0.00673610660652398,0.0,0.0,0.0,0.0016698046365394342,0.0,0.038746835002604445
51,11,4,غمرة,ثبات|نبا|اعلون,0.0014685679712956885,0.0,0.0,0.0,0.0029608067323670354,0.0,0.005850601095407095
51,12,1,يسالون,عادي|تعول|يتخبط,0.0020520849236824686,0.0,0.0,0.0,0.0027940465824221384,0.0,0.009518462959672673
51,32,1,قالوا,تكوى|ابتدع|يحبر,0.0016541405963849249,0.0,0.0,0.0,0.0026023702772205357,0.0,0.0073224733010890134
52,46,3,يغني,سيق|اخبت|مهد,0.0024542412665874017,0.0,0.0,0.0,0.0030521909654738096,0.0,0.0116732566340506
52,44,4,من,على|عن|الى,0.005103341189499456,0.0,0.0,0.0,0.0013237256268703193,0.0,0.029296321510126414
52,35,2,خلقوا,يستفت|اعجل|اعجب,0.002179748974463842,0.0,0.0,0.0,0.008235718648755198,0.0,0.004842775198027856
52,16,7,عليكم,مع2|الى|حتى,0.00654237580002126,0.0,0.0,0.0,0.004192494569528897,0.0,0.03506176023059866
52,21,4,ذريتهم,عاصفة|تناد|قرطاس,0.006007438792989095,0.0,0.0,0.0,0.008700548055173968,0.0,0.027344084702760604
52,33,5,لا,كى|لم|لما,0.0030135521265436936,0.0,0.0,0.0,0.008833098648905705,0.0,0.009248214110356458
52,47,10,يعلمون,يوزع|ابلغ|تشيع,0.0267352411041632,0.08841752352955973,0.031223910683216043,0.0,0.005708252181604764,0.0,0.03506176023059866
52,11,3,للمكذبين,مقترفون|مغلولة|رهبانية,0.020483835176944454,0.058945015686373156,0.031223910683216043,0.0,0.002532767465114557,0.0,0.03020131722696297
52,48,1,واصبر,سخر|يرقب|اري,0.0037117037021704856,0.0,0.0,0.0,0.004179506199885798,0.0,0.018090716013137116
53,14,2,سدرة,خفيف|حريق|عمارة,0.0036953269696574065,0.0,0.0,0.0,0.006130590514987521,0.0,0.01604137130295692
53,30,1,ذلك,ذا|هكذا|هنا,0.004408019279692935,0.0,0.0,0.0,0.0012047730309911985,0.0,0.02524334264716641
53,3,1,وما,لم|لما|لن,0.0014055563488532,0.0,0.0,0.0,0.0015847490523268966,0.0,0.006848589040792303
53,24,3,ما,هذا|ال#ى|من,0.0050191771560122965,0.0,0.0,0.0,0.007243821124987349,0.0,0.02287124181108643
53,55,4,تتمارى,تغلو|يستسخر|استجار,0.02716517739016237,0.06987836537013578,0.07403088500698009,0.0,0.005926333025764095,0.0,0.013155480938094242
53,25,1,فلله,زيد|روم|عمرن,0.004101469389762854,0.0,0.0,0.0,0.005133967579723369,0.0,0.019474848758853754
53,28,15,الحق,تماثيل|لهب|ازر,0.01642119296358003,0.0,0.0,0.08327205990065173,0.0031697747047645204,0.0,0.012085323176063924
53,21,3,وله,ايا,0.003155463161651556,0.0,0.0,0.0,0.0,0.0,0.018932778969909338
54,25,1,االقي,تبسم|ربت|يتعلم,0.0033101057798932128,0.0,0.0,0.0,0.0022505189278127563,0.0,0.01761011575154652
54,24,7,اذا,اذا2,0.0037154557562360884,0.0,0.0,0.0,0.010859665736793742,0.0,0.011433068800622786
54,27,4,فتنة,نجوى|م#اب|مصباح,0.002134817632826004,0.0,0.0,0.0,0.002841615047693898,0.0,0.009967290749262126
54,24,9,ضلال,اعلم|منسات|سلمون,0.0027910106125427748,0.0,0.0,0.0,0.005911869907045702,0.0,0.010834193768210947
54,42,4,فاخذناهم,يتخفت|تن[بت|تعاسر,0.01033781632971249,0.0,0.0,0.0,0.009127508022861155,0.0,0.05289938995541378
54,23,1,كذبت,باء|فرط|استطعم,0.0038687739701181857,0.0,0.0,0.0,0.010907286702448187,0.0,0.012305357118260926
54,24,3,منا,مع2|الى|عن,0.0033061861237996225,0.0,0.0,0.0,0.005180334715588936,0.0,0.014656782027208798
54,4,7,مزدجر,تقلب|خسرين|مطويت,0.031245709408396213,0.07877197550815315,0.0834529976442319,0.0,0.009120532603671848,0.0,0.016128750694320366
54,42,6,عزيز,مختال|كذب|صغيرة,0.0042091020372898155,0.0,0.0,0.0,0.004443741934001593,0.0,0.020810870289737302
55,40,4,تكذبان,انفجرت|القى|سيرت,0.012990357912855861,0.05554434170446675,0.0,0.0,0.016900202477048893,0.0,0.005497603295619518
55,65,1,فباي,ايان|ما|من,0.002959097299061683,0.0,0.0,0.0,0.009887036151519818,0.0,0.00786754764285028
55,77,4,تكذبان,يحتسب|يعمه|شارك,0.016500166951843177,0.05554434170446675,0.0196150208138152,0.0,0.013061371421522562,0.0,0.010780267771254548
55,51,3,ربكما,حسبين|مفعول|محسن,0.005619805559738888,0.0,0.0,0.0,0.015087709721167818,0.0,0.018631123637265507
55,44,5,ان,شكر|ظهر|انف,0.01124480225500781,0.05554434170446675,0.0,0.0,0.003101671009597938,0.0,0.008822800815982162
55,60,3,الاحسان,مذعنين|راكع|ضاحك,0.005945055453408534,0.0,0.0,0.0,0.006783574742008087,0.0,0.02888675797844312
55,30,1,فباي,متى|من|كيف,0.0037576186701409474,0.0,0.0,0.0,0.009184620970267494,0.0,0.013361091050578191
55,56,8,ولا,لن|ما|كى,0.002393590694620245,0.0,0.0,0.0,0.006712275322557274,0.0,0.007649268845164197
55,21,1,فباي,منخنقة|لوح|رشيد,0.004930207979783273,0.0,0.0,0.0,0.01644889277342387,0.0,0.013132355105275773
56,5,2,الجبال,ءانية|مطوعين|مكانت,0.0021552197974923962,0.0,0.0,0.0,0.0026282049656142503,0.0,0.010303113819340126
56,34,1,وفرش,رهين|جبلة|ملا,0.0025124770966288928,0.0,0.0,0.0,0.0015144271029368741,0.0,0.013560435476836483
56,59,2,تخلقونه,استغفر|استمسك|استكثر,0.005047793098892074,0.0,0.0,0.0,0.003996357936146419,0.0,0.026290400657206028
56,50,3,ميقات,نطيحة|مصروف|امرئ,0.003362416840484949,0.0,0.0,0.0,0.0028285295857441413,0.0,0.017345971457165554
56,17,3,ولدان,مطلوب|مكانت|حصون,0.0021755992477644503,0.0,0.0,0.0,0.0008577136770815356,0.0,0.012195881809505165
56,9,4,اصحاب,منش#ون|اهلة|اعز,0.004605037580053863,0.0,0.0,0.0,0.007709428490242872,0.0031073426044508625,0.016813454385629444
56,66,1,انا,ليت|لكن|ويكان,0.0054252042379322,0.0,0.0,0.0,0.0030275602005534474,0.0,0.02952366522703975
56,41,3,ما,ماذا|كيف|متى,0.007661637820880228,0.0,0.0,0.0,0.0028794873351772115,0.032799727491426116,0.010290612098678046
56,47,1,وكانوا,ابتدع|يترقب|يتبدل,0.004004964852583069,0.0,0.0,0.0,0.005310460418953544,0.0,0.01871932869654487
57,1,8,العزيز,دخلون|عنيد|حاجة,0.012798907703337312,0.0,0.0,0.052135550546494984,0.006426150331490369,0.0,0.018231745342038516
57,28,17,به,تنزع|اختار|افاء,0.001667740899487528,0.0,0.0,0.0,0.001561396490533506,0.0,0.008445048906391663
57,1,3,ما,ال#ى|هذا|من,0.003150163685147664,0.0,0.0,0.0,0.005131322127049335,0.0,0.013769659983836651
57,4,3,خلق,امكن|اذاق|من,0.0018065994369299001,0.0,0.0,0.0,0.0015117601516759953,0.0,0.009327836469903405
57,19,4,ورسله,قابل|مسفرة|مؤمن,0.002107600724906818,0.0,0.0,0.0,0.004644730625347177,0.0,0.008000873724093732
57,10,6,سبيل,فواق|تبيع|هالك,0.0023872247577346813,0.0,0.0,0.0,0.0072164271937206455,0.0,0.007106921352687441
57,8,9,بربكم,شرك|وعيد|منزل,0.0031610463457474695,0.0,0.0,0.0,0.002974657018550001,0.0,0.015991621055934817
57,10,37,خبير,مضطر|شهدت|تصلية,0.01788911440304883,0.09959675064249233,0.0,0.0,0.0019625153992452273,0.0,0.005775420376555436
57,22,13,من,الى|حتى|مع2,0.0035167949856381477,0.0,0.0,0.0,0.003778695894151141,0.0,0.017322074019677745
58,3,2,يظاهرون,يقبل|يبدل|ابتلى,0.0039116105866111375,0.0,0.0,0.0,0.006469006648531976,0.0,0.017000656871134848
58,10,1,انما,ليت|ويكان|كان,0.0030631080452472805,0.0,0.0,0.0,0.0024419976316854266,0.0,0.015936650639798256
58,6,5,فينبئهم,استكبر|ازلفت|يعبؤا@,0.0041901564743159385,0.0,0.0,0.0,0.012801810758312849,0.0,0.012339128087582784
58,3,11,من,عن|الى|حتى,0.003752945300944136,0.0,0.0,0.0,0.003915180501734528,0.0,0.01860249130393029
58,4,4,فصيام,جنف|زلفة|هزل,0.0015334073385070716,0.0,0.0,0.0,0.0011698351530228528,0.0,0.008030608878019577
58,2,21,الله,جنة|نسر|مصر,0.012568932664073348,0.0,0.0,0.06311145592470442,0.004274604128768958,0.0,0.008027535930966712
58,19,15,الخاسرون,اسراف|مضاجع|رضاعة,0.03496118309183592,0.19692993877038265,0.0,0.0,0.0015304899647433272,0.0,0.011306669815889556
58,14,3,الى,من|مع2|عن,0.0027102860578565625,0.0,0.0,0.0,0.006487748258868819,0.0,0.009773968088270557
58,8,2,تر,تعبر|تصدى|يسبت,0.0018688052618066131,0.0,0.0,0.0,0.004012876924808188,0.0,0.007199954646031491
59,14,14,شديد,خطبة|ملقي|مدخل,0.0019185111696928229,0.0,0.0,0.0,0.002329790448314829,0.0,0.00918127656984211
59,9,31,المفلحون,مبرمون|كبرياء|معتدين,0.024628782313905046,0.06017303684650597,0.06374881764489934,0.0,0.0025304969508795874,0.0,0.021320342441145394
59,11,18,نطيع,تكوى|رفع|خشى,0.0032541275865131665,0.0,0.0,0.0,0.002132098375601874,0.0,0.017392667143477123
59,2,38,فاعتبروا,يتفيؤا@|يستن[ب#|استيقنت,0.0029683805467037375,0.0,0.0,0.0,0.005838253014571072,0.0,0.011972030265651355
59,23,1,هو,ايا,0.002069782453381621,0.0,0.0,0.0,0.004068903623669248,0.0,0.008349791096620478
59,15,4,قبلهم,مقت|قبر|ثعبان,0.0031856545520238103,0.0,0.0,0.0,0.00797323196215271,0.0,0.011140695349990152
59,6,24,شيء,قوم|تربص|ضد,0.0018854890328192486,0.0,0.0,0.0,0.0031103714576331673,0.0,0.008202562739282325
59,18,5,اتقوا,انجيل|عاد2|عدن,0.0029998942119979174,0.0,0.0,0.0,0.006029168896074577,0.0,0.011970196375912926
59,10,18,للذين,اولاء|ال#ى|هذا,0.005250898814214815,0.0,0.0,0.0,0.003115734844691221,0.0,0.028389658040597673
60,4,19,دون,دسر|اعلم|ظلة,0.00530579235520235,0.0,0.0,0.0,0.00491012030658627,0.0,0.02692463382462783
60,9,12,وظاهروا,ابتغى|احترقت|يتعارف,0.0029454124074322747,0.0,0.0,0.0,0.002693245246620452,0.0,0.014979229197973197
60,12,29,يعصينك,على|مع2|الى,0.0037499806316878092,0.0,0.0,0.0,0.0039691025022373745,0.0,0.01853078128788948
60,11,21,مؤمنون,نعلي|وابل|مراضع,0.004306077034277725,0.0,0.0,0.0,0.003947769920095703,0.0,0.021888692285570645
60,1,12,بالمودة,ان|الا,0.004667829656537091,0.0,0.0,0.0,0.008906693841318801,0.0,0.019100284097903746
60,1,35,اليهم,مسكين|مدبرت|مذبذبين,0.0059927570466798835,0.0,0.0,0.0,0.014460315965962837,0.0,0.021496226314116462
60,10,12,بايمانهن,اذا|ما|لولا,0.002818151462451722,0.0,0.0,0.0,0.0024792419844077893,0.0,0.014429666790302541
60,4,37,لاستغفرن,استغلظ|يستاخر|تستانس,0.0029720882943726963,0.0,0.0,0.0,0.010338650101937187,0.0,0.007493879664298989
60,6,6,حسنة,اشر|مقتصدة|سوي,0.005458435700191184,0.0,0.0,0.0,0.009566171489420608,0.0,0.023184442711726493
61,11,3,ورسوله,امنيت|تكذيب|ظهيرة,0.00492974160553594,0.0,0.0,0.0,0.004965972372333201,0.0,0.024612477260882438
61,5,7,لم,تعاسر|يتردد|يدرؤا@,0.00878970091502902,0.0,0.0,0.0,0.010706436078799623,0.0,0.0420317694113745
61,5,17,ازاغ,مريم|يحيى|يونس,0.015227128174084498,0.0,0.0,0.0,0.007106022883385437,0.0,0.08425674616112155
61,10,12,اليم,القيم|الهيم,0.03041049141251986,0.0,0.16392553108688404,0.0,0.004509148378989197,0.0,0.01402826900924592
61,6,22,من,نظرين|صفوان|قائل,0.0054870690004349245,0.0,0.0,0.0,0.002554334955371681,0.0,0.03036807904723787
61,2,4,امنوا,من|كم|اين,0.005488661412765318,0.0,0.0,0.0,0.014055162817360158,0.0,0.01887680565923175
61,6,6,يا,صالوا|شقة|زبر,0.0047689155525863355,0.0,0.0,0.0,0.011058816843719713,0.0,0.0175546764717983
61,11,5,في,على|الى|مع2,0.005527550556279126,0.0,0.0,0.0,0.015593662032094665,0.0,0.017571641305580095
61,4,11,مرصوص,حامية|كذاب|ختار,0.040052517607586026,0.0,0.21856737478251206,0.0,0.005381452132568772,0.0,0.01636627873043532
62,10,14,لعلكم,ليت|لكن|كان,0.002738504322702815,0.0,0.0,0.0,0.0019499705843172724,0.0,0.014481055351899618
62,4,5,من,ما|ال#ى|هذا,0.012587826258674934,0.0,0.0,0.0,0.006868196770458259,0.0,0.06865876078159135
62,1,1,يسبح,تسور|يصحب|استسقى,0.005465583884293698,0.0,0.0,0.0,0.00661220882312034,0.0,0.026181294482641847
62,1,3,ما,ال#ى|من|هذا,0.009275667253826787,0.0,0.0,0.0,0.010500275202774858,0.0,0.04515372832018587
62,5,18,الله,هود|قرون|مروت,0.13314686588866145,0.0,0.0,0.16936690149285122,0.014604183893532983,0.5605771607625555,0.05433294918302897
62,11,12,عند,ثم|شطر|لدي,0.0037717138652301183,0.0,0.0,0.0,0.006295087392921888,0.0,0.016335195798458824
62,5,5,ثم,ام|بل|او,0.002708668460997461,0.0,0.0,0.0,0.0044765453736747216,0.0,0.011775465392310044
62,9,5,اذا,نبتهل|غشى|قنط,0.012170598578230501,0.0,0.0,0.0,0.005123505311129267,0.0,0.06790008615825374
62,1,12,الحكيم,مذكور|الفاف|سميع,0.04041008968923101,0.0,0.0,0.16936690149285122,0.028589816469097397,0.0,0.04450382017343744
63,5,14,مستكبرون,عائدون|غائبين|متجورت,0.07970970975852777,0.13128662584692194,0.27817665881410625,0.0,0.0035540834916947114,0.0,0.06524089039844369
63,5,7,رسول,ضر|ناصية|منسي,0.007532617018326551,0.0,0.0,0.0,0.018303057783999398,0.0,0.02689264432595991
63,5,2,قيل,يمحص|انشز|حصل,0.012440644445691755,0.0,0.0,0.0,0.004297484760325762,0.0,0.07034638191382477
63,3,8,قلوبهم,صمتون|ملوم|عابرى,0.007340181276846933,0.0,0.0,0.0,0.010124408981575059,0.0,0.03391667867950654
63,1,6,انك,ليت|ويكان|كان,0.005578049880148983,0.0,0.0,0.0,0.01357312815897551,0.0,0.019895171121918385
63,7,11,حتى,على|عن|فى,0.0956658183060574,0.0,0.0,0.0,0.002113302297172022,0.5605771607625553,0.011304446776617082
63,5,10,رءوسهم,قبلة|مكان|مطلع,0.0024192493236935447,0.0,0.0,0.0,0.006503456770419964,0.0,0.008012039171741304
63,11,3,الله,بدر|يغوث|شعيب,0.032746898128112246,0.0,0.0,0.16562398654273275,0.012567061373885365,0.0,0.01829034085205536
63,10,20,من,الى|على|مع2,0.010463870804302418,0.0,0.0,0.0,0.008049037737373206,0.0,0.054734187088441306
64,14,7,ازواجكم,يقطين|مطهرون|مبسوطتان,0.008529974787547296,0.0,0.0,0.0,0.007882314654493731,0.0,0.04329753407079004
64,3,2,السماوات,مبينة|لبوس|طاعة,0.009730306318663355,0.0,0.0,0.0,0.026542883986221625,0.0,0.031838953925758515
64,14,2,ايها,هذا|اولاء|ال#ى,0.0032266948161621244,0.0,0.0,0.0,0.004605162921779642,0.0,0.014755005975193105
64,16,1,فاتقوا,اتوكؤا@|تناصر|تبتئس,0.0035995988492685273,0.0,0.0,0.0,0.006435270450520822,0.0,0.015162322645090341
64,1,17,قدير,قرطاس|صىحب|ممنوعة,0.03792370527405407,0.0,0.16999684705306492,0.0,0.009261466719681947,0.0,0.04828391787157756
64,11,3,من,على|فى|حتى,0.007557421713914891,0.0,0.0,0.0,0.002106899155939924,0.0,0.04323763112754942
64,16,15,هم,ايا,0.002911781881237917,0.0,0.0,0.0,0.002326893166032131,0.0,0.01514379812139537
64,1,10,الملك,جمال|رهو|اضعف,0.02764901762968616,0.0,0.0,0.1238757915877464,0.0041632526055310985,0.0,0.03785506158483944
64,12,8,على,مع2|فى|الى,0.0016130319985012442,0.0,0.0,0.0,0.006438545289075195,0.0,0.0032396467019322702
65,2,20,كان,اعطى|تيمم|حرص,0.0052532335576010005,0.0,0.0,0.0,0.0014681163046870677,0.0,0.03005128504091894
65,6,13,اولات,مسحرين|موفور|مخرج,0.0032251460415664893,0.0,0.0,0.0,0.004314694113486473,0.0,0.015036182135912464
65,7,6,ومن,مهما|اذا|اين,0.007279145113100067,0.0,0.0,0.0,0.0016355392469559256,0.0,0.042039331431644476
65,2,14,الشهادة,ثعبان|البب|ظالمى,0.007275601272900116,0.0,0.0,0.0,0.004821802549955778,0.0,0.03883180508744492
65,11,24,من,مع2|عن|على,0.0059318218208876125,0.0,0.0,0.0,0.0041347966979937405,0.0,0.031456134227331935
65,4,8,ارتبتم,يتلوم|يعظم|اكبر,0.005048312384124098,0.0,0.0,0.0,0.0060510500987602965,0.0,0.02423882420598429
65,11,21,يدخله,سول|اكمل|تفرق,0.0021108642803276205,0.0,0.0,0.0,0.0023258823370718093,0.0,0.010339303344893915
65,6,11,وان,مهما|حيث2|اين,0.003356037164391232,0.0,0.0,0.0,0.003708853166556296,0.0,0.016427369819791097
66,5,12,قانتات,غنى|قصوى|شكور,0.004751550120964592,0.0,0.0,0.0,0.0107075328658432,0.0,0.01780176785994435
66,6,19,ما,يج#ر|يوفض|احترقت,0.003903157137832226,0.0,0.0,0.0,0.010681408762682558,0.0,0.0127375340643108
66,4,3,الى,على|فى|من,0.0034222880687509154,0.0,0.0,0.0,0.004150472214509301,0.0,0.01638325619799619
66,5,3,ان,لولا|اين|اذا,0.004991087259706028,0.0,0.0,0.0,0.007219999906259063,0.0,0.022726523651977106
66,11,20,وعمله,اجرام|زنيم|باسرة,0.13113933356249213,0.0,0.0,0.0,0.002861667987055084,0.7707935960485135,0.013180737339384217
66,12,15,وكانت,ارسى|اخطا|رتل,0.008562457597809277,0.0,0.0,0.0,0.010414971894350025,0.0,0.040959773692505634
66,6,21,ويفعلون,الذى|من|ال#ى,0.09236544766128985,0.0,0.0,0.0,0.004302661821926399,0.5138623973656761,0.03602762678013658
66,9,4,جاهد,مقيل|بغضاء|مصرف,0.004119644083075314,0.0,0.0,0.0,0.003361947601022678,0.0,0.02135591689742921
66,6,22,ما,انسلخ|تسترضع|اقرض,0.13190248406022395,0.0,0.0,0.0,0.008464785202801795,0.770793596048514,0.01215652311002787
67,23,10,قليلا,بينة|فاقع|لذة,0.005490380645188863,0.0,0.0,0.0,0.0025016666269625635,0.0,0.030440617244170614
67,26,7,انا,ايا,0.00042211090987723265,0.0,0.0,0.0,0.002532665459263396,0.0,0.0
67,12,4,ربهم,محلى|فجور|مكيدون,0.01858407997109576,0.0,0.0,0.09002384854124512,0.0029366660000702304,0.0,0.01854396528525921
67,22,8,يمشي,كسب|ظلل|يسيغ,0.0026060888255600317,0.0,0.0,0.0,0.0037850394947856383,0.0,0.011851493458574551
67,16,7,بكم,ايا,0.007558072912028829,0.0,0.0,0.0,0.005065330918527218,0.0,0.04028310655364575
67,29,12,ضلال,نسي|ضراء|قلب,0.003415393008618293,0.0,0.0,0.0,0.00547348313429471,0.0,0.015018874917415046
67,28,7,معي,اين|تحت|هنالك,0.0006118731696009502,0.0,0.0,0.0,0.002093558664565989,0.0,0.0015776803530397122
67,16,10,هي,ايا,0.002181500708716901,0.0,0.0,0.0,0.0006574224078536795,0.0,0.012431581844447728
67,27,7,كفروا,يهيج|اوحى|كاتب,0.003947940904417226,0.0,0.0,0.0,0.006099949325937926,0.0,0.017587696100565427
68,28,5,لكم,ايا,0.007903583938059105,0.0,0.0,0.0,0.005325813536991794,0.0,0.04209569009136283
68,8,2,تطع,اثبت|يمهد|جحد,0.0027159246238713766,0.0,0.0,0.0,0.009285038114318482,0.0,0.007010509628909778
68,16,3,الخرطوم,اشراق|محيطة|فكهين,0.019702774385143236,0.027772170852233376,0.058845062441445516,0.0,0.009428580123943849,0.0,0.02217083289323667
68,17,3,كما,ان|كى|لو,0.0018522950131412265,0.0,0.0,0.0,0.0015703372320477725,0.0,0.009543432846799586
68,49,1,لولا,مهما|اى|اما,0.006001824594669979,0.0,0.0,0.0,0.007376721312782992,0.0,0.028634226255236882
68,7,5,بمن,اولاء|ما|ال#ى,0.006752157387716691,0.0,0.0,0.0,0.0034783044678746156,0.0,0.03703463985842553
68,34,2,للمتقين,اتباع|ءامنة|مقطوعة,0.011163983020472662,0.0,0.0,0.0,0.005188826213267251,0.0,0.06179507190956873
68,48,9,نادى,حمل|فرجت|بيت,0.004214644092473688,0.0,0.0,0.0,0.0022518043327478536,0.0,0.023036060222094274
69,33,3,لا,كى|ان|ما,0.0008431073355040047,0.0,0.0,0.0,0.005058644013024028,0.0,0.0
69,25,8,ليتني,كى|لا|لما,0.009182009611311768,0.0,0.0,0.0,0.0035191826693291733,0.0,0.051572874998541435
69,43,1,تنزيل,نفقت|سائق|سرائر,0.006550182288266607,0.0,0.0,0.0,0.00047719273686088636,0.0,0.038823900992738754
69,51,3,اليقين,مبينة|مسنون|زلزلة,0.019606628544210986,0.05554434170446708,0.029422531220722758,0.0,0.0063719265451408135,0.0,0.02630097179493526
69,43,2,من,عن|مع2|فى,0.00685522101177433,0.0,0.0,0.0,0.004670534270457085,0.0,0.036460791800188894
69,47,6,حاجزين,محصنة|خفى|قدوس,0.019362718629484587,0.02777217085223354,0.058845062441445516,0.0,0.006672778539587538,0.0,0.02288629994364093
69,16,4,يومئذ,حين|ليل|وجه,0.0028301246262718485,0.0,0.0,0.0,0.005660624657175986,0.0,0.011320123100455104
69,7,13,اعجاز,خائنين|فسوق|رابع,0.007212415686398817,0.0,0.0,0.0,0.0067905962732223496,0.0,0.03648389784517055
69,21,2,في,مع2|الى|من,0.0036617189494889415,0.0,0.0,0.0,0.004908352437541128,0.0,0.01706196125939252
70,32,5,راعون,احد|ركن|مغرت,0.022369128562045388,0.06564331292346104,0.034772082351763337,0.0,0.009478218952597598,0.0,0.024321157144450368
70,14,2,في,مع2|عن|من,0.0037947599107658347,0.0,0.0,0.0,0.0078111387763227826,0.0,0.014957420688272228
70,29,3,لفروجهم,منزلين|ملقون|مرجومين,0.007592124623449859,0.0,0.0,0.0,0.009947556483555471,0.0,0.03560519125714368
70,39,4,مما,فى|على|حتى,0.006493422688231163,0.0,0.0,0.0,0.007342123197325382,0.0,0.03161841293206159
70,16,2,للشوى,عبرة|ذئب|سخط,0.009248496361768534,0.0,0.03477208235176325,0.0,0.002364499447682273,0.0,0.018354396371165673
70,43,6,كانهم,ليت|ويكان|لعل,0.004797932084419925,0.0,0.0,0.0,0.006161854600829368,0.0,0.022625737905690183
70,3,1,من,على|عن|فى,0.007779486919803719,0.0,0.0,0.0,0.003788122671476658,0.0,0.04288879884734566
70,9,1,وتكون,دحى|يرتع|يعد,0.012242551084077785,0.0,0.0,0.0,0.017779025272515448,0.0,0.05567628123195127
70,21,1,واذا,اول|ضحى|سنين,0.007514872631578128,0.0,0.0,0.0,0.00781541890448168,0.0,0.037273816884987085
71,3,5,واطيعون,يتماس|ازدجر|يستحى.,0.009660003543454426,0.0,0.0,0.0,0.02153820551935579,0.0,0.03642181574137076
71,7,10,واستغشوا,يتفيؤا@|ان[بجست|يستن[بط,0.009078991732688838,0.0,0.0,0.0,0.008773002878769018,0.0,0.04570094751736401
71,15,4,خلق,نذر|فتح|اخبت,0.003768323160325335,0.0,0.0,0.0,0.007398128025782256,0.0,0.015211810936169756
71,9,1,ثم,او|بل|ام,0.0019568891720101607,0.0,0.0,0.0,0.002369772937455495,0.0,0.00937156209460547
71,28,2,اغفر,اتسق|حارب|يسحت,0.006068148594151844,0.0,0.0,0.0,0.008294205281094657,0.0,0.028114686283816408
71,1,9,من,حتى|الى|عن,0.007518785309776642,0.0,0.0,0.0,0.005336930711786019,0.0,0.039775781146873836
71,10,5,كان,يصل|يضيف|يتفقه,0.002096722109931451,0.0,0.0,0.0,0.004423844582646059,0.0,0.008156488076942647
71,13,2,لكم,ايا,0.00996400532896884,0.0,0.0,0.0,0.003554659406183243,0.0,0.0562293725676298
71,25,1,مما,الى|حتى|على,0.005278224281666129,0.0,0.0,0.0,0.003554659406183384,0.0,0.028114686283813393
72,19,2,لما,قبل|اذ|ءاناء,0.004409231235721036,0.0,0.0,0.0,0.00537318057431713,0.0,0.021082206840009086
72,3,5,ما,لم|كى|ان,0.002209633720981665,0.0,0.0,0.0,0.005103106725084053,0.0,0.008154695600805936
72,27,4,من,فى|الى|مع2,0.06393129031230153,0.0,0.0,0.0,0.011122381916704734,0.3303401125922203,0.04212524736488415
72,7,9,احدا,سير|مقتدون|اربع,0.04705460391095261,0.1547306661767293,0.05464184369562804,0.0,0.02068170020568268,0.0,0.05227341338767565
72,16,7,ماء,شتى|مهاجر|اد,0.002708952954074502,0.0,0.0,0.0,0.0033335663188187783,0.0,0.012920151405628232
72,19,5,الله,زقوم|مريم|مسيح,0.024608874751674097,0.0,0.0,0.10481797749732374,0.018371184210303017,0.0,0.024464086802417812
72,17,8,يسلكه,اسفر|صبر|يعمر,0.004470591470036848,0.0,0.0,0.0,0.009121905812931215,0.0,0.017701643007289873
72,16,5,الطريقة,است#ذن|اتوكؤا@|يستنكح,0.008305514762607788,0.0,0.0,0.0,0.010413819949366585,0.0,0.039419268626280146
72,1,12,قرانا,داود|بعل2|جهنم,0.0028529692825218556,0.0,0.0,0.0,0.004186588104322708,0.0,0.012931227590808425
73,20,48,الله,عزير|زقوم|مروة,0.030074365327019823,0.0,0.0,0.14988970782117317,0.009377192756182616,0.0,0.021179291384763155
73,20,28,تيسر,تغشى|يجر|اوزع,0.01009259202120428,0.0,0.0,0.0,0.011778626071695402,0.0,0.04877692605553028
73,20,53,واقيموا,تستبين|استغنى|استعلى,0.012074058427914577,0.0,0.0,0.0,0.015250332156230322,0.0,0.057194018411257146
73,15,1,انا,كان|ليت|لكن,0.009271237732040962,0.0,0.0,0.0,0.0026791979303378904,0.0,0.05294822846190789
73,9,7,هو,ايا,0.003341659567026731,0.0,0.0,0.0,0.0008399685496633301,0.0,0.019209988852497056
73,6,6,وطئا,يسرى|انى|غراب,0.001860850341665772,0.0,0.0,0.0,0.006981385053121745,0.0,0.004183716996872886
73,20,54,الصلاة,صريم|مغشى|قاضية,0.006685311208342808,0.0,0.0,0.0,0.007990017752967446,0.0,0.0321218494970894
73,12,1,ان,ليت|لكن|لعل,0.006198778570729951,0.0,0.0,0.0,0.003516359567554458,0.0,0.03367631185682525
73,7,4,النهار,سفرة|غساق|شهيق,0.0057929860998526825,0.0,0.0,0.0,0.01576615765785,0.0,0.018991758941266097
74,23,3,واستكبر,افتدى|تقشعر|يتمطى,0.02790556993758961,0.05157688872557659,0.08196276554344224,0.0,0.009617575469072291,0.0,0.024276189887446543
74,31,31,قلوبهم,اخدان|باقين|مسكن,0.005719876468519795,0.0,0.0,0.0,0.003299664665011191,0.0,0.03101959414610758
74,8,3,في,حتى|من|مع2,0.013572070549038995,0.0,0.0,0.0,0.005925652498505034,0.056057716076255544,0.019449054719473398
74,13,2,شهودا,موقدة|وحد|قيوم,0.00967983462164264,0.0,0.0,0.0,0.00700271669063528,0.0,0.05107629103922057
74,10,2,الكافرين,مثقلون|كواعب|ناهون,0.003415708715612916,0.0,0.0,0.0,0.006957783110731906,0.0,0.01353646918294559
74,18,3,وقدر,سبح|تاخر|عمى,0.02550813656260389,0.05157688872557659,0.02732092184781408,0.0,0.014930449454428698,0.0,0.05922055934780398
74,28,4,تذر,يقنت|اوضع|استغش,0.025568984609820797,0.07736533308836488,0.02732092184781408,0.0,0.0031178715036437373,0.0,0.04560978121910209
74,49,2,لهم,ايا,0.004368868319465551,0.0,0.0,0.0,0.0,0.0,0.026213209916793306
74,49,4,التذكرة,انفاق|ناضرة|مطمئن,0.0056489608927532825,0.0,0.0,0.0,0.00961757546907215,0.0,0.024276189887447546
75,33,3,الى,فى|على|مع2,0.001949848088003539,0.0,0.0,0.0,0.00609021991038785,0.0,0.005608868617633383
75,40,3,بقادر,اطعم|لينة|صور,0.007540686386713497,0.0,0.0,0.0,0.009394137476329924,0.0,0.03584998084395106
75,29,3,بالساق,حملين|والد|مقعد,0.016734098875175022,0.0,0.03824929058693964,0.0,0.009766243189074217,0.0,0.05238905947503627
75,12,1,الى,عن|على|مع2,0.0033149375822849655,0.0,0.0,0.0,0.012100631264982488,0.0,0.007788994228727305
75,27,2,من,اين|ما|اى,0.008607114749968706,0.0,0.0,0.0,0.003742574025895637,0.0,0.047900114473916594
75,16,6,به,ايا,0.023664560694458516,0.0,0.11474787176081842,0.0,0.003941540687801464,0.0,0.023297951718131208
75,26,4,التراقي,تضليل|تشاور|حناجر,0.01845929426224152,0.0,0.07649858117387928,0.0,0.00960506265609912,0.0,0.024652121743470718
75,7,2,برق,سبح|ينقض|اجل,0.008326078971467386,0.0,0.0,0.0,0.002056359354887722,0.0,0.047900114473916594
76,24,5,تطع,يصف|امتز|اعترى,0.0042271817093423045,0.0,0.0,0.0,0.0024850761106295725,0.0,0.022878014145424258
76,22,3,كان,غر|تب|ترهب,0.052359325524574264,0.0,0.0,0.0,0.004000475018290456,0.29837171459942463,0.011783763529730502
76,28,2,خلقناهم,ابشر|يزجى|سالت,0.0029854360078214984,0.0,0.0,0.0,0.01171886124005145,0.0,0.006193754806877542
76,8,7,واسيرا,جارية|منهاج|مطويت,0.045796000468022374,0.13975673074027156,0.09870784667597328,0.0,0.005062604383641285,0.0,0.031248821008248107
76,31,9,عذابا,محيض|نصر|مسود,0.009503052803472757,0.0,0.0,0.0,0.004233378726125378,0.0,0.052784938094711166
76,31,6,والظالمين,مستعان|مغلولة|مثقلون,0.004351894619772767,0.0,0.0,0.0,0.007361252485420838,0.0,0.018750115233215767
76,20,6,وملكا,محلى|متبرجت|غلف,0.006847465783510327,0.0,0.0,0.0,0.002259295386495632,0.0,0.03882549931456633
76,26,3,فاسجد,ءانس|غيض|اناب,0.0024850910124830515,0.0,0.0,0.0,0.003777962730092926,0.0,0.011132583344805382
76,31,8,لهم,ايا,0.004159870018994312,0.0,0.0,0.0,0.0,0.0,0.024959220113965872
77,48,1,واذا,سنين|بعد|اصيل,0.008741844663911117,0.0,0.0,0.0,0.0023456326358855945,0.0,0.05010543534758111
77,34,3,للمكذبين,استبرق|مستمسكون|منكرون,0.02562733309476414,0.02888305768632284,0.06119886493910343,0.0,0.03137079395568216,0.0,0.032311281987476397
77,48,3,لهم,ايا,0.005376669097082832,0.0,0.0,0.0,0.0,0.0,0.03226001458249699
77,31,5,من,فى|على|عن,0.00909631681501045,0.0,0.0,0.0,0.004514853715322784,0.0,0.050063047174739916
77,45,1,ويل,بازغ|غفار|تصلية,0.015557719226421643,0.0,0.0,0.0,0.02215094054254821,0.0,0.07119537481598165
77,36,4,فيعتذرون,يستسخر|يتراجع|انتثرت,0.028054430017832786,0.08664917305896852,0.06119886493910326,0.0,0.00630310463246647,0.0,0.014175437476458465
77,24,2,يومئذ,هنالك|اخر|ساعة,0.009581842831237797,0.0,0.0,0.0,0.024889412286637415,0.0,0.03260164470078937
77,21,4,مكين,اشق|اعلى|موقوت,0.0271500397015373,0.08664917305896852,0.0,0.0,0.015093810758736977,0.0,0.06115725439151832
77,13,2,الفصل,موت|تناد|اكبر,0.013503650339495623,0.0,0.0,0.0,0.020376651133697694,0.0,0.06064525090327605
78,4,2,سيعلمون,يتبدل|تسترضع|اقترب,0.01667313864876023,0.0,0.03824929058693964,0.0,0.03050200788245636,0.0,0.031287533423165384
78,38,9,من,ما|ال#ى|الذى,0.010840002832892047,0.0,0.0,0.0,0.004589039032948011,0.0,0.06045097796440426
78,8,2,ازواجا,نكاح|محشورة|سرب,0.03428092857092907,0.10831146632371065,0.03824929058693964,0.0,0.01454183585685113,0.0,0.04458297865807299
78,5,3,سيعلمون,است#ذن|يستبدل|يتماس,0.019114321218286982,0.0,0.03824929058693964,0.0,0.032808906682636675,0.0,0.04362773004014558
78,15,4,ونباتا,هلوع|اسفل|سميع,0.046204694220029346,0.10831146632371065,0.11474787176081894,0.0,0.014275661642936652,0.0,0.03989316559270982
78,19,4,ابوابا,غروب|تبرج|اكرام,0.03307336328795588,0.10831146632371065,0.03824929058693964,0.0,0.007301294973252685,0.0,0.04457812784383234
78,8,1,وخلقناكم,اجتمع|يتجنب|استغلظ,0.011469285586456239,0.0,0.0,0.0,0.013726405996579589,0.0,0.055089307522157835
78,39,4,فمن,اما|لولا|مهما,0.0046559725442690825,0.0,0.0,0.0,0.005227584204599371,0.0,0.022708251061015122
78,15,3,حبا,قواعد|نفثت|حقيق,0.005432939981997266,0.0,0.0,0.0,0.0023318331327221694,0.0,0.030265806759261427
79,30,1,والارض,خطوت|هشيم|تذليل,0.006286900436783723,0.0,0.0,0.0,0.008934921260897897,0.0,0.02878648135980444
79,34,3,الطامة,دانية|ضنين|غثاء,0.0056451228116283425,0.0,0.0,0.0,0.005069523517919514,0.0,0.028801213351850537
79,19,1,واهديك,يدفع|اشرب|اقلع,0.006104278498878548,0.0,0.0,0.0,0.001578768621173535,0.0,0.03504690237209775
79,26,3,ذلك,ذا|اولئك|هنا,0.005211809225035185,0.0,0.0,0.0,0.0022498043212924312,0.0,0.029021051028918683
79,20,2,الاية,سابق|منشرين|نملة,0.00931518389217334,0.0,0.0,0.0,0.00412260151366496,0.0,0.05176850183937508
79,43,2,انت,ايا,0.005760227656875067,0.0,0.0,0.0,0.0,0.0,0.0345613659412504
79,7,2,الرادفة,منتظرون|خسرين|مائدة,0.027798569379033657,0.0,0.09978075805288587,0.0,0.020899410515961198,0.0,0.04611124770535487
79,40,1,واما,وانما|واثما,0.003475226651200958,0.0,0.0,0.0,0.0035926625383245624,0.0,0.017258697368881186
79,34,1,فاذا,بكرة|اول|وجه,0.016726047285154078,0.0,0.0,0.0,0.008251419034156375,0.0,0.09210486467676811
80,7,1,وما,لما|لا|لن,0.007139398965229054,0.0,0.0,0.0,0.02642340391606778,0.0,0.016412989875306542
80,4,4,الذكرى,بطانة|اذقان|حسنى,0.053179457137799375,0.0,0.03642789579708538,0.0,0.019746456206442567,0.23123807881455405,0.031664312008714286
80,30,1,وحدائق,نكير|مصلح|معين,0.010994735020766871,0.0,0.0,0.0,0.013065386474345377,0.0,0.05290302365025585
80,25,2,صببنا,قلب|توجه|وزن,0.04432474003394193,0.0,0.0,0.0,0.00708334214681364,0.23123807881455405,0.027627019242283838
80,34,4,من,على|مع2|الى,0.01421054760390999,0.0,0.0,0.0,0.009894381884394746,0.0,0.0753689037390652
80,20,2,السبيل,بنين|حريق|مستضعفون,0.0064798860861042945,0.0,0.0,0.0,0.0025464483047473157,0.0,0.03633286821187845
80,40,4,غبرة,زجاجة|منفطر|مولود,0.019309603599284932,0.0,0.03642789579708538,0.0,0.006430913372110174,0.0,0.07299881242651403
80,30,2,غلبا,سحيق|مري#|خلق,0.018944957422746687,0.0,0.07285579159417076,0.0,0.015629528260454384,0.0,0.025184424681854972
80,41,1,ترهقها,تيسر|يحرف|اخلف,0.006105646966882593,0.0,0.0,0.0,0.002556708909463756,0.0,0.0340771728918318
81,2,3,انكدرت,اتخذ|ينظر|استزل,0.07788479333800967,0.14939512596373875,0.15827292656664646,0.0,0.03228171588046416,0.0,0.12735899161720865
81,9,1,باي,ايان|انى|كيف,0.007717954074335482,0.0,0.0,0.0,0.013501821747234204,0.0,0.03280590269877869
81,27,2,هو,ايا,0.008823405714773178,0.0,0.0,0.0,0.01689208771846865,0.0,0.03604834657017042
81,23,2,راه,يحافظ|يحور|عمر,0.014751816003246931,0.0,0.0,0.0,0.014275778629868912,0.0,0.07423511738961268
81,23,4,المبين,عقيم|اكرم|عابد,0.024621990683790358,0.0,0.05275764218888233,0.0,0.021369812907229505,0.0,0.07360448900663033
81,22,1,وما,لن|ان|لا,0.010438256342107712,0.0,0.0,0.0,0.03302564755865944,0.0,0.029603890493986828
81,10,2,الصحف,بال|فصل|سموم,0.021887636436335015,0.0,0.0,0.0,0.008295663339209005,0.0,0.12303015527880108
81,11,3,كشطت,احترقت|ارتاب|كبر,0.04941904802092953,0.0995967506424925,0.15827292656664646,0.0,0.011274408090341864,0.0,0.027370202826096326
82,14,1,وان,لعل|ليت|لكن,0.010764818628226877,0.0,0.0,0.0,0.010273251581409385,0.0,0.054315660187951885
82,1,1,اذا,هنالك|عشر|ثمنية,0.02388834676137031,0.0,0.0,0.0,0.021971060715440673,0.0,0.12135901985278119
82,17,3,ما,انى|من|اى,0.014228924719541363,0.0,0.0,0.0,0.014063916603426723,0.0,0.07130963171382146
82,17,2,ادراك,احكمت|قرا|افاء,0.013501864668051778,0.0,0.0,0.0,0.03665420615269431,0.0,0.04435698185561636
82,12,1,يعلمون,توفى|يفقه|يبدى,0.021771863972374374,0.0,0.0,0.0,0.014943750503415804,0.0,0.11568743333083042
82,19,4,نفس,امساك|غم|فردى,0.008081128516354405,0.0,0.0,0.0,0.014417085839839755,0.0,0.03406968525828668
82,5,2,نفس,عاصف|محذور|حاقة,0.017190388094302404,0.0,0.0,0.0,0.021972965204147522,0.0,0.08116936336166691
82,5,5,واخرت,اجيبت|يولج|افسد,0.047720204103018894,0.0,0.16104964457658782,0.0,0.01639485758646053,0.0,0.10887672245506502
82,1,3,انفطرت,اناب|استهوت|اعلن,0.06799451140386091,0.07600804654295477,0.24157446686488174,0.0,0.02253100369292035,0.0,0.06785355132240857
83,23,2,الارائك,ايقاظ|وجلون|مهاجر,0.014437633080653689,0.0,0.0,0.0,0.02849555238555344,0.0,0.058130246098368685
83,31,2,انقلبوا,استنصر|تستانس|نتجاوز,0.009624308201142162,0.0,0.0,0.0,0.02036420197544333,0.0,0.03738164723140964
83,28,1,عينا,حسير|حساب|جوف,0.004502472052045147,0.0,0.0,0.0,0.0072936790571130365,0.0,0.019721153255157848
83,14,3,ران,شهد|يجهل|اهن,0.005201347865980993,0.0,0.0,0.0,0.002692582570553304,0.0,0.02851550462533265
83,23,3,ينظرون,اقرر|تجوع|يقصر,0.03426016827109373,0.12034607369301178,0.04249921176326617,0.0,0.016213748411624682,0.0,0.026501975758659736
83,16,1,ثم,بل|او|ام,0.002520194060562673,0.0,0.0,0.0,0.0030630878016512184,0.0,0.012058076561724819
83,32,5,هؤلاء,تلكم|هكذا|اولاء,0.010979621634876001,0.0,0.0,0.0,0.01759712686050696,0.0,0.04828060294874905
83,10,1,ويل,وط#|سفر|جزية,0.011509487509437734,0.0,0.0,0.0,0.01319800580463825,0.0,0.05585891925198815
83,4,4,انهم,لعل|ويكان|كان,0.006254797370401309,0.0,0.0,0.0,0.00576125879931696,0.0,0.031767525423090893
84,17,2,وما,اولاء|ال#ى|الذى,0.01477486690311152,0.0,0.0,0.0,0.020444602767798897,0.0,0.06820459865087022
84,15,6,بصيرا,رهين|سحر|دية,0.038846808582927654,0.1155322307452912,0.06119886493910343,0.0,0.023897467927763958,0.0,0.03245228788540734
84,14,4,لن,ما|لم|لا,0.00848240173756024,0.0,0.0,0.0,0.010249208531904194,0.0,0.040645201893457245
84,23,1,والله,ازر|ياجوج|منوة,0.010989218974650689,0.0,0.0,0.0,0.016876295617766136,0.0,0.04905901823013799
84,16,3,بالشفق,طريق|مقيم|غفران,0.04891764175816671,0.0,0.18359659481731005,0.0,0.012489675651946064,0.0,0.09741958007974413
84,18,2,اذا,اربع|ثلثة|حول,0.0173031334627168,0.0,0.0,0.0,0.02631040568575413,0.0,0.07750839509054668
84,24,1,فبشرهم,اصطاد|اشرك|احاط,0.006201085456465472,0.0,0.0,0.0,0.00846172637744909,0.0,0.028744786361343738
85,6,3,عليها,حتى|مع2|الى,0.006162568165938527,0.0,0.0,0.0,0.022482462342202306,0.0,0.014492946653428858
85,21,3,قران,احمد|ادريس|ازر,0.011274466558075999,0.0,0.0,0.0,0.009767850913070112,0.0,0.05787894843538588
85,15,3,المجيد,فقير|وجلة|مبركة,0.10542111550341889,0.19692993877038312,0.06954416470352667,0.2750269868278406,0.05470553800051423,0.0,0.03632006471824874
85,7,1,وهم,ايا,0.014525860754679057,0.0,0.0,0.0,0.029307249253275103,0.0,0.05784791527479924
85,20,4,محيط,زمر|وسع|تهلكة,0.008509786245792992,0.0,0.0,0.0,0.005210816945526929,0.0,0.045847900529231024
85,20,1,والله,عرفت|موسى|عيسى,0.009945280847011982,0.0,0.0,0.0,0.018593072881946983,0.0,0.04107861220012491
85,14,2,الغفور,نميم|قاضية|اتخاذ,0.06219012946889971,0.0,0.0,0.2750269868278406,0.020725347451309613,0.0,0.07738844253424805
85,10,6,ثم,بل|ام|او,0.004027863327857754,0.0,0.0,0.0,0.004884541542212446,0.0,0.019282638424934082
85,12,1,ان,ليت|لكن|كان,0.013843780551362964,0.0,0.0,0.0,0.022917262178491285,0.0,0.06014542112968651
86,16,1,واكيد,حصحص|يبخس|يغير,0.037613007532675664,0.0,0.0,0.0,0.04047805816759535,0.0,0.18519998702845863
86,2,4,الطارق,سراج|وقعت|مغفرة,0.11378118793966945,0.25485050899696593,0.2699949923783973,0.0,0.0721362600457097,0.0,0.08570536621694366
86,8,4,لقادر,ظهيرة|زرع|حيوان,0.06148556662583187,0.0,0.1799966615855982,0.0,0.017958350471517934,0.0,0.17095838769787505
86,17,4,رويدا,ثاقب|مرافق|اكلون,0.06065166416875239,0.08495016966565534,0.1799966615855982,0.0,0.013540363391751539,0.0,0.08542279036950924
86,10,6,ناصر,اعصار|نسب|نقض,0.03471407200468229,0.0,0.08999833079279894,0.0,0.017974132577327388,0.0,0.10031196865796739
86,12,3,الصدع,امر|ملقوا|اوفى2,0.07341742386591431,0.0,0.2699949923783973,0.0,0.020179199981932544,0.0,0.15033035083515595
86,6,4,دافق,موضونة|قمطرير|عاتية,0.06947831425162392,0.16990033933131063,0.0899983307927991,0.0,0.00918394328920901,0.0,0.1477872720964247
86,17,1,فمهل,تذل|سيق|يتخير,0.019956924717428385,0.0,0.0,0.0,0.026969368140502752,0.0,0.09277218016406755
87,14,3,من,ما|ال#ى|هذا,0.02979904999495186,0.0,0.0,0.0,0.009574976351053319,0.0,0.16921932361865785
87,1,2,اسم,خالص|هضم|لدن,0.01602483739849095,0.0,0.0,0.0,0.019201839124681867,0.0,0.07694718526626383
87,7,2,ما,من|ال#ى|الذى,0.01914232430304368,0.0,0.0,0.0,0.021145761945341526,0.0,0.09370818387292056
87,5,2,غثاء,شيعة|معز|مصر,0.01363094486553198,0.0,0.0,0.0,0.0192305995360516,0.0,0.06255506965714028
87,16,4,الدنيا,مفروض|رءوف|اقصا,0.01596517116693147,0.0,0.0,0.0,0.019563572768081783,0.0,0.07622745423350703
87,16,2,تؤثرون,استكثر|اشتهت|نسلخ,0.02205409089230725,0.0,0.0,0.0,0.026895848023526674,0.0,0.10542869733031683
87,13,2,لا,ما|كى|لم,0.008303022286131159,0.0,0.0,0.0,0.019265574861064276,0.0,0.03055255885572268
87,7,1,الا,لما,0.01720283691396777,0.0,0.0,0.0,0.011559344916638566,0.0,0.09165767656716804
88,2,3,خاشعة,شهب|اله|وارث,0.055771896766716955,0.16663302511340075,0.0,0.0,0.008791992827621886,0.0,0.1592063626592791
88,25,3,ايابهم,منهاج|كظيم|قروء,0.03859877639301159,0.0,0.11769012488289103,0.0,0.025967748504090744,0.0,0.08793478497108778
88,22,2,عليهم,الى|حتى|مع2,0.01326890044211357,0.0,0.0,0.0,0.013823952136794578,0.0,0.06578945051588685
88,18,1,والى,فى|حتى|على,0.012157360602390385,0.0,0.0,0.0,0.02914208851146448,0.0,0.043802075102877834
88,6,1,ليس,احتمل|تذود|زاد,0.007164612868024536,0.0,0.0,0.0,0.006584872174733977,0.0,0.03640280503341324
88,7,5,من,حتى|فى|مع2,0.022296403832428386,0.0,0.0,0.0,0.013738311774576139,0.0,0.12004011121999418
88,6,5,من,مع2|حتى|فى,0.025778164060559824,0.0,0.0,0.0,0.034628873143364755,0.0,0.12004011121999418
88,5,1,تسقى,نزل|نقرئ|يتجنب,0.016756844592523915,0.0,0.0,0.0,0.005962727076376831,0.0,0.09457834047876666
88,17,2,ينظرون,تصطل|تغمض|اترف,0.01946721937106814,0.0,0.0,0.0,0.0034161950721330976,0.0,0.11338712115427572
89,23,4,يومئذ,سبع|نهار|حول,0.006999969956074825,0.0,0.0,0.0,0.020219032585147356,0.0,0.0217807871513016
89,13,4,سوط,دهن|اقطار|نصيب,0.001998838371827893,0.0,0.0,0.0,0.0027597957936615963,0.0,0.009233234437305763
89,12,1,فاكثروا,يستسخر|استكبر|است#جر,0.00885926468358827,0.0,0.0,0.0,0.009833252772544133,0.0,0.04332233532898548
89,15,9,فيقول,تولى|فتن|مهد,0.009231699686085865,0.0,0.0,0.0,0.024137154098302444,0.0,0.031253044018212744
89,13,1,فصب,اذن|يلت|يخفى,0.007397465549688495,0.0,0.0,0.0,0.0041753221502986125,0.0,0.04020947114783236
89,14,2,ربك,معقب|قنطين|تعفف,0.049680227365099465,0.0,0.0,0.21566864434701175,0.020597660801975993,0.0,0.06181505904160906
89,8,5,في,على|حتى|عن,0.0047977440099653225,0.0,0.0,0.0,0.01030969588257854,0.0,0.018476768177213394
89,19,1,وتاكلون,يتسنه|يتحاج|اصطبر,0.0724825902436594,0.0,0.0,0.0,0.008187811533231597,0.34257493157711716,0.08413279835160764
89,27,2,ايتها,ذرع|تذكرة|فساد,0.004735687543319874,0.0,0.0,0.0,0.003653302240376544,0.0,0.0247608230195427
90,11,1,فلا,ان|لن|لما,0.01534443843932365,0.0,0.0,0.0,0.007308966889186638,0.0,0.08475766374675527
90,13,2,رقبة,مسحور|تفريق|اكل,0.0451014152661335,0.21662293264742105,0.0,0.0,0.016995714648386773,0.0,0.03698984430099319
90,12,3,ما,كم|اين|متى,0.009593134876607365,0.0,0.0,0.0,0.009991976114382442,0.0,0.04756683314526175
90,16,2,مسكينا,تبيع|صدقة|مسومين,0.012540232365991534,0.0,0.0,0.0,0.02219954554336603,0.0,0.05304184865258317
90,5,3,لن,كى|لا|لما,0.014733363104039934,0.0,0.0,0.0,0.01970966268837023,0.0,0.06869051593586938
90,5,5,عليه,عن|حتى|الى,0.009799867247861097,0.0,0.0,0.0,0.032262998057944504,0.0,0.026536205429222078
90,14,1,او,ثم|ام|بل,0.006076874880402262,0.0,0.0,0.0,0.010018098927753424,0.0,0.02644315035466015
90,15,1,يتيما,بخل|ازكى|مبلسون,0.017141567037814578,0.0,0.0,0.0,0.007312312425192563,0.0,0.0955370898016949
90,9,2,وشفتين,مدائن|مؤمن|مشهود,0.03205192182463843,0.0,0.15299716234775856,0.0,0.012778163170849944,0.0,0.026536205429222078
91,8,1,فالهمها,اصطاد|نبتهل|احتنك,0.04835661430279701,0.0,0.0,0.0,0.08122201677692441,0.0,0.20891766903985767
91,13,7,وسقياها,انفصام|باطنة|خالص,0.09887841442960998,0.28883057686322805,0.20399621646367788,0.0,0.02595218495438095,0.0,0.07449150829637305
91,12,2,انبعث,ازداد|يدحض|تمتع,0.02308012270020744,0.0,0.0,0.0,0.018296303527609317,0.050821555783418564,0.06936287689021674
91,7,3,سواها,نقتبس|سكت|عجل,0.1213472877294654,0.28883057686322805,0.10199810823183894,0.0,0.09074073650463371,0.0,0.2465143047770917
91,9,2,افلح,انفجرت|رحبت|يجمح,0.03747762843367986,0.0,0.0,0.0,0.008571744390247209,0.0,0.21629402621183197
91,14,3,فدمدم,خاطب|يحذر|اثار,0.03565720049777007,0.0,0.0,0.0,0.0129468910163983,0.0,0.2009963119702221
91,11,3,بطغواها,مسجور|نكبون|اجداث,0.13385740926562945,0.28883057686322805,0.3059943246955168,0.0,0.030590003277197422,0.0,0.1777295507578344
91,4,1,والليل,ظفر|بقل|قابل,0.0376620264997283,0.0,0.0,0.0,0.020884771033126845,0.050821555783418564,0.1542658321818244
92,7,2,لليسرى,بغال|تابع|نهار,0.06662400178958477,0.20630755490230604,0.07285579159417069,0.0,0.03916206178327894,0.0,0.08141860245775295
92,6,1,وصدق,دمدم|اراد|تربص,0.010820348495258411,0.0,0.0,0.0,0.007319814402799791,0.0,0.05760227656875067
92,20,5,الاعلى,فقير|سيئة|سواء,0.055100596081189966,0.20630755490230604,0.0,0.0,0.03180005824847468,0.0,0.09249596333635908
92,11,2,يغني,اغفل|حال|يسطر,0.017855219894284378,0.0,0.0,0.0,0.0071094749084664064,0.0,0.10002184445723986
92,12,2,علينا,الى|مع2|حتى,0.018548419487217107,0.0,0.0,0.0,0.02987191446554969,0.0,0.08141860245775295
92,1,1,والليل,مبصر|عشرون|خط#,0.028842684628958476,0.0,0.0,0.0,0.033577843659676,0.0,0.13947826411407485
92,19,2,لاحد,صدود|نقيب|بحر,0.0175366206788238,0.0,0.0,0.0,0.003449567707066511,0.0,0.10177015636587627
92,10,2,للعسرى,ربيون|معصيت|مواقعو,0.08365010375409347,0.20630755490230604,0.14571158318834138,0.0,0.032560553722799104,0.0,0.11732093071111432
93,4,5,الاولى,مستبصرين|افوه|مصفر,0.12181993084331556,0.3938598775407658,0.139088329407053,0.0,0.043044760132409904,0.0,0.1549266179796647
93,4,3,لك,ايا,0.043377382289868156,0.0,0.0,0.0,0.0017354342695827941,0.0,0.25852885946962617
93,6,3,يتيما,عصف|بكرة|مبطلون,0.05124762208487226,0.0,0.0,0.0,0.04979718746969054,0.0,0.257688545039543
93,3,3,ربك,سميع|اشراق|سرور,0.1705703858250337,0.0,0.0,0.7494485391058658,0.0389329812449632,0.0,0.23504079459937308
93,8,3,فاغنى,اقترب|يحبر|ابلغ,0.20452758506110777,0.3938598775407658,0.41726498822115954,0.0,0.02201425141531018,0.0,0.39402639318941096
93,7,3,فهدى,التقط|تدلى|يحبس,0.09552160636055923,0.2625732516938439,0.0,0.0,0.01438730991235123,0.0,0.2961690765571603
93,5,3,ربك,صئمت|علمت|سوءة,0.17698913132917812,0.0,0.0,0.7494485391058658,0.10843665097363578,0.0,0.20404959789556715
93,7,2,ضالا,حرب|اضغن|مقربون,0.05021013817980905,0.0,0.0,0.0,0.0062828647544445814,0.0,0.29497796432440976
94,6,2,مع,الى|عن|من,0.03685486094180162,0.0,0.0,0.0,0.08598367591702578,0.0,0.13514548973378393
94,4,3,ذكرك,شيطن|بضعة|كرهون,0.23291964035115043,0.5415573316185528,0.5737393588040942,0.0,0.06357813007673203,0.0,0.2186430216075235
94,5,2,مع,على|الى|فى,0.04409138690934872,0.0,0.0,0.0,0.08291966964826782,0.0,0.18162865180782448
94,7,2,فرغت,تلفح|تستانس|جحد,0.011992882314556532,0.0,0.0,0.0,0.019438538870304976,0.0,0.05251875501703422
94,3,3,ظهرك,حمر|علانية|مؤتفكة,0.17508203458598934,0.5415573316185528,0.3824929058693961,0.0,0.06880808072289074,0.0,0.05763388930509634
94,3,2,انقض,تقف|جهر|ردف,0.026981954502348762,0.0,0.0,0.0,0.019680864827176275,0.0,0.1422108621869163
94,3,1,الذي,هذا|اولاء|ما,0.035257043184318285,0.0,0.0,0.0,0.03322742891114514,0.0,0.17831483019476457
94,6,3,العسر,جوع|محيط|رعايت,0.0923639735243817,0.0,0.0,0.0,0.23282240639699323,0.0,0.321361434749297
95,2,1,وطور,وقر|بضعة|مناص,0.05610876464033141,0.0,0.0,0.0,0.036726310354863026,0.0,0.29992627748712547
95,3,3,الامين,اعجمى|نصوح|موعود,0.13342637912456404,0.5415573316185528,0.0,0.0,0.10479029351912163,0.0,0.1542106496097099
95,6,5,الصالحات,منسات|عسرة|صغير,0.04762837210300241,0.0,0.0,0.0,0.06173921457863891,0.0,0.2240310180393755
95,8,2,الله,جبريل|ود|لظى,0.18928955157999142,0.0,0.0,0.8817041636539598,0.030540100464035498,0.0,0.22349304536195327
95,1,1,والتين,اوبار|عصبة|عقدة,0.07752293725059557,0.0,0.0,0.0,0.13485898010254174,0.0,0.3302786434010317
95,6,6,فلهم,ايا,0.013526424235753634,0.0,0.0,0.0,0.018746140850725495,0.0,0.062412404563796306
95,8,3,باحكم,دكة|شكور|مسرور,0.028910754313206125,0.0,0.0,0.0,0.06761915561170735,0.0,0.1058453702675294
95,6,4,وعملوا,يتضرع|يستقدم|ابتغى,0.030713838414678302,0.0,0.0,0.0,0.030679168144951377,0.0,0.15360386234311846
96,8,3,ربك,سندس|فلق|مجيب,0.09108989529252189,0.0,0.0,0.41636029950325865,0.03619265874001217,0.0,0.09398641351186052
96,5,4,لم,لما|ما|كى,0.07087791538440015,0.0,0.0,0.0,0.020100948811060806,0.3245446720204268,0.08062187147491325
96,5,2,الانسان,مخذول|مامون|سفينة,0.11068678702924152,0.0,0.0,0.0,0.06926587781816322,0.4868170080306402,0.10803783632664571
96,7,2,راه,تيمم|تغلو|ينف,0.026152670070436937,0.0,0.0,0.0,0.004690626977399545,0.0,0.15222539344522207
96,12,2,امر,يعد|افسد|امن,0.008905248238967293,0.0,0.0,0.0,0.004319513818357554,0.0,0.04911197561544621
96,14,5,يرى,سلط|حاسب|يدع,0.04744160595989013,0.2280241396288643,0.0,0.0,0.0075135205150302755,0.0,0.04911197561544621
96,11,2,ان,اى|مهما|حيث2,0.01896851097214285,0.0,0.0,0.0,0.04256273270053818,0.0,0.07124833313231892
96,3,1,اقرا,بكت|تجسس|راغ,0.014335642194485262,0.0,0.0,0.0,0.022992547095176886,0.0,0.06302130607173469
97,2,2,ادراك,اغترف|يتعلم|يشقق,0.04785348851324978,0.0,0.0,0.0,0.08086435831314694,0.0,0.20625657276635176
97,5,4,مطلع,نطيحة|اربع|رحيق,0.02635646807000236,0.0,0.0,0.0,0.03136630183965806,0.0,0.1267725065803561
97,3,6,شهر,ارض|قسط|اخدود,0.17125519813565623,0.8664917305896842,0.0,0.0,0.023252072764182494,0.0,0.13778738546007063
97,5,3,حتى,من|عن|الى,0.03391614524765688,0.0,0.0,0.0,0.026212793890782946,0.0,0.17728407759515835
97,4,5,باذن,عتي|مدثر|عصيان,0.03361426329716981,0.0,0.0,0.0,0.025935759937072787,0.0,0.17574981984594606
97,4,2,الملائكة,قطران|برزون|دوائر,0.08089750085011542,0.0,0.0,0.0,0.11746388019712284,0.0,0.3679211249035697
97,3,5,الف,امس|وتر|ظهيرة,0.0364009496061341,0.0,0.0,0.0,0.042978831270569576,0.0,0.17542686636623503
97,5,5,الفجر,كظيم|جحيم|زيت,0.17337642233626607,0.8664917305896842,0.0,0.0,0.057022176867882336,0.0,0.11674462656002985
98,6,1,ان,لكن|كان|لعل,0.011053062131721345,0.0,0.0,0.0,0.01845307070720468,0.0,0.04786530208312338
98,8,3,ربهم,كسف|منسي|اصفاد,0.07137296084234408,0.0,0.0,0.31891427195994293,0.019851347327802606,0.0,0.08947214576631898
98,8,17,عنه,الى|مع2|فى,0.0062697753487859845,0.0,0.0,0.0,0.029064566135419613,0.0,0.008554085957296296
98,8,16,ورضوا,تقهر|يمنى|يتمن,0.012330185042418696,0.0,0.0,0.0,0.009881011587503376,0.0,0.0641000986670088
98,5,10,ويقيموا,يتنافس|استعصم|يستحى.,0.2334784502875584,0.0,0.0,0.0,0.0394933367028986,1.1561903940727705,0.20518697094968127
98,6,4,من,عن|حتى|مع2,0.02227678791045619,0.0,0.0,0.0,0.03898028581332771,0.0,0.09468044164940942
98,3,2,كتب,مرتفق|حوت|سجود,0.0076336202796740485,0.0,0.0,0.0,0.004305735580487112,0.0,0.041495986097557176
98,1,3,الذين,هذا|اولاء|ال#ى,0.020251511262916317,0.0,0.0,0.0,0.05086725143355238,0.0,0.07064181614394553
98,6,13,اولئك,تلكم|هكذا|هتين,0.021811990701168762,0.0,0.0,0.0,0.04966367362541218,0.0,0.08120827058160039
99,8,2,يعمل,يقنت|اسل|ينطق,0.046828274965516024,0.0,0.0,0.0,0.08045539591453471,0.0,0.20051425387856142
99,5,1,بان,كان|لكن|لعل,0.013178670562322517,0.0,0.0,0.0,0.02183431817587341,0.0,0.05723770519806169
99,2,3,اثقالها,محتظر|لاهية|مؤتون,0.22857047766901142,0.5415573316185528,0.3824929058693961,0.0,0.09734204673796966,0.0,0.35003058178815005
99,4,3,اخبارها,ملكوت|صالوا|مغتسل,0.1921948719089107,0.36103822107903516,0.3824929058693961,0.0,0.0016360007855122786,0.0,0.4080021037195207
99,5,2,ربك,ورد|جبت|نفس,0.15907901924354442,0.0,0.0,0.8327205990065174,0.0072781060586241874,0.0,0.11447541039612488
99,1,2,زلزلت,اظهر|ارتاب|شدد,0.21829052693094894,0.0,0.0,0.0,0.06678010729717711,1.1561903940727705,0.086772660215746
99,3,3,ما,انى|اين|متى,0.01670573854045647,0.0,0.0,0.0,0.015277837363854097,0.0,0.08495659387888471
99,3,4,لها,ايا,0.10290133252597337,0.0,0.5737393588040942,0.0,0.043668636351745976,0.0,0.0
100,11,2,ربهم,فريق|ندمين|خبز,0.15497003257360645,0.0,0.0,0.7494485391058658,0.027112489952502122,0.0,0.15325916638327072
100,5,3,جمعا,عير|حية|منتصر,0.13718428280924758,0.3938598775407655,0.27817665881410636,0.0,0.021062307859046864,0.0,0.13000685264156678
100,9,3,اذا,ضحى|ثلث|ابدا,0.026242420707058917,0.0,0.0,0.0,0.027766196446563043,0.0,0.12968832779579048
100,8,4,لشديد,طبق|هرب|تصدية,0.044537896405562966,0.0,0.13908832940705318,0.0,0.020473836484966302,0.0,0.10766521254135832
100,6,4,لكنود,غير|مرقد|رعب,0.11377804650192187,0.0,0.41726498822115926,0.0,0.04027870353362133,0.0,0.22512458725675066
100,9,1,افلا,لن|لما|لم,0.05592164095170405,0.0,0.0,0.0,0.019768727487536643,0.0,0.31576111822268765
100,7,3,ذلك,هذن|تلكم|هذا,0.042944491095440684,0.0,0.0,0.0,0.020954270595860656,0.0,0.23671267597678344
100,11,5,لخبير,تمام|كظمين|شفعين,0.024989430528543733,0.0,0.0,0.0,0.019659921248565512,0.0,0.13027666192269688
101,3,2,ادراك,اتى|اتم|اجل,0.03825700394208308,0.0,0.0,0.0,0.1680114905645811,0.0,0.061530533087917394
101,7,4,راضية,حسنى|امشاج|رصد,0.10714057948454886,0.3938598775407655,0.1390883294070531,0.0,0.022058791542322053,0.0,0.08783647841715254
101,8,4,موازينه,حسرتى|مستكبر|مؤصدة,0.0796217748586308,0.13128662584692194,0.0,0.0,0.15310477475612402,0.0,0.19333924854873877
101,8,1,واما,وانما|واثما,0.017620683501051494,0.0,0.0,0.0,0.02146735484518591,0.0,0.08425674616112305
101,10,4,هيه,ايا,0.0035980496148973642,0.0,0.0,0.0,0.021588297689384185,0.0,0.0
101,9,2,هاوية,توكيد|حبل|مخلفون,0.1922171248068971,0.3938598775407655,0.41726498822115954,0.0,0.028930320835184452,0.0,0.31324756224427297
101,2,2,القارعة,مطهرون|خسرين|عبادت,0.14176308656923958,0.3938598775407655,0.0,0.0,0.18933036213573548,0.0,0.26738827973893653
101,11,1,نار,حش|كوافر|اجر,0.015731316042551468,0.0,0.0,0.0,0.007017399155807481,0.0,0.08737049709950133
102,7,3,عين,فكهين|صياصي|عمت,0.02483916299032352,0.0,0.0,0.0,0.023748621471333442,0.0,0.12528635647060768
102,8,5,النعيم,شعئر|سبحت|مجمع,0.04648383542454964,0.0,0.0,0.0,0.08202653572815992,0.0,0.1968764768191379
102,4,1,ثم,ام|بل|او,0.018492519468959506,0.0,0.0,0.0,0.037430259730067736,0.0,0.0735248570836893
102,8,1,ثم,ام|بل|او,0.018492519468959506,0.0,0.0,0.0,0.037430259730067736,0.0,0.0735248570836893
102,7,2,لترونها,انطلق|يستبشر|تغتسل,0.039314017901558924,0.0,0.0,0.0,0.13764011567545542,0.0,0.09824399173389813
102,3,3,تعلمون,تركن|يفجر|تمور,0.09402371294292296,0.36103822107903516,0.0,0.0,0.10101995748709777,0.0,0.10208409909140487
102,7,1,ثم,بل|او|ام,0.023171301935217974,0.0,0.0,0.0,0.06550295452761853,0.0,0.0735248570836893
102,2,1,حتى,بل|الا,0.03845631244292251,0.0,0.0,0.0,0.04361108675191522,0.0,0.18712678790561985
103,3,6,وتواصوا,استوقد|يستنقذ|تستقسم,0.11199260590817471,0.0,0.0,0.0,0.47064356956408393,0.0,0.2013120658849643
103,3,8,وتواصوا,ينشؤا@|استمتع|يستصرخ,0.12516580849025968,0.0,0.0,0.0,0.4498870600879755,0.0,0.3011077908535826
103,3,5,الصالحات,زينة|موعظة|غافر,0.08962285744895897,0.0,0.0,0.0,0.29289242662554155,0.0,0.24484471806821223
103,2,2,الانسان,ظالم|جمال|اذلة,0.10828615022202681,0.0,0.0,0.0,0.3134593846891413,0.0,0.3362575166430196
103,2,3,لفي,حتى|الى|على,0.06461996785700179,0.0,0.0,0.0,0.016066762431302714,0.0,0.371653044710708
103,1,1,والعصر,بلغة|معتدين|مخضرة,0.4819899722814567,1.4441528843161406,1.0199810823183895,0.0,0.11281197848158644,0.0,0.31499388857262356
103,2,1,ان,لعل|لكن|كان,0.06489505283999171,0.0,0.0,0.0,0.09640057458781685,0.0,0.29296974245213336
103,3,4,وعملوا,استضعف|يتمطى|ابتلى,0.10349705220383641,0.0,0.0,0.0,0.12372430432767503,0.0,0.49725800889534344
104,7,1,التي,ما|من|هذا,0.04616988600261352,0.0,0.0,0.0,0.04308277719771629,0.0,0.23393653881796483
104,4,2,لينبذن,ين[بغى|يتعلم|اشتملت,0.046343181710141436,0.0,0.0,0.0,0.046159991308358586,0.0,0.23189909895249003
104,2,3,مالا,قطوف|ادنى|هشيم,0.024021281880763634,0.0,0.0,0.0,0.07663845679731403,0.0,0.06748923448726779
104,9,3,ممددة,مثلى|معروف|جياد,0.2010400776455589,0.48138429477204714,0.5099905411591945,0.0,0.0205169321329128,0.0,0.19434869780919892
104,3,3,ماله,اختلق|متكلفين|مطلقت,0.06714428430901778,0.0,0.0,0.0,0.05916870569802307,0.0,0.3436970001560836
104,8,3,مؤصدة,مقوين|مذموم|اعلون,0.18031045016908173,0.48138429477204714,0.16999684705306503,0.0,0.02554615226577134,0.0,0.40493540692360674
104,5,1,وما,هل|اى|كيف,0.02171474617481337,0.0,0.0,0.0,0.003429013726949109,0.0,0.1268594633219311
104,2,1,الذي,ال#ى|ما|من,0.03491726044524524,0.0,0.0,0.0,0.055096374677872824,0.0,0.15440718799359862
105,3,3,طيرا,امل|عنق|معرة,0.035056341837921064,0.0,0.0,0.0,0.05106577685525437,0.0,0.159272274172272
105,4,3,من,مع2|حتى|الى,0.08398665269157675,0.0,0.0,0.0,0.047270688059722676,0.0,0.4566492280897379
105,2,1,الم,ان|كى|ما,0.02656834145202233,0.0,0.0,0.0,0.06035046355620935,0.0,0.09905958515592464
105,5,3,ماكول,مسلم|مختال|مهيمن,0.2795086667582823,0.5776611537264561,0.9179829740865509,0.0,0.05515546028305606,0.0,0.12625241245363045
105,2,3,كيدهم,ابقى|ضائق|زنى,0.09190812495005929,0.0,0.0,0.0,0.04086763715002697,0.0,0.5105811125503288
105,1,3,كيف,ايان|ما|من,0.028366589315781454,0.0,0.0,0.0,0.01606060156943345,0.0,0.15413893432525527
105,1,6,باصحاب,بارزة|ءاكلون|طلح,0.09148605803410731,0.0,0.0,0.0,0.02057789746375008,0.0,0.5283384507408938
105,4,2,بحجارة,خصاصة|ابنت|شواظ,0.07134471296416094,0.0,0.0,0.0,0.01625028723581386,0.0,0.41181799054915175
106,4,5,وامنهم,يتغامز|يلتفت|توارت,0.5862763142914516,0.0,0.0,0.0,0.1810413591944017,3.083174384194055,0.2534421423602527
106,1,2,قريش,جهلية2|مكة|هود,0.26138611786449567,0.0,0.7649858117387922,0.0,0.05664444911895942,0.5138623973656757,0.23282404896354672
106,3,1,فليعبدوا,ان[بجست|استيقنت|اتوكؤا@,0.07602170182214153,0.0,0.0,0.0,0.16714435348548948,0.0,0.2889858574473597
106,1,1,لايلاف,منهاج|ابتر|ضيف,0.20419404913874353,0.0,0.0,0.0,0.21365022704570721,0.7707935960485135,0.24072047173824054
106,2,3,الشتاء,وادي|ذراع|يابس,0.06367408194316183,0.0,0.0,0.0,0.12365713676486066,0.0,0.2583873548941103
106,4,4,جوع,رهو|زكوة|جزوع,0.02697694924864986,0.0,0.0,0.0,0.029355359648766163,0.0,0.13250633584313298
106,4,3,من,مع2|حتى|فى,0.6356475035273705,0.0,0.0,0.0,0.13142061804327052,3.083174384194055,0.5992900189268977
106,4,7,خوف,تخفيف|محتضر|صنع,0.33789745948357575,0.7220764421580703,1.1474787176081884,0.0,0.04335418673907116,0.0,0.1144754103961244
107,3,3,على,من|فى|الى,0.03175935802258383,0.0,0.0,0.0,0.030493184926761892,0.0,0.1600629632087411
107,1,2,الذي,من|ما|هذا,0.05488248937296766,0.0,0.0,0.0,0.09440303917936398,0.0,0.23489189705844202
107,5,1,الذين,ال#ى|هذا|اولاء,0.06406947704428624,0.0,0.0,0.0,0.13677558914342205,0.0,0.2476412731222954
107,5,5,ساهون,ابرص|مشهود|جاثية,0.20834240525338563,0.6189226647069171,0.4371347495650241,0.0,0.06341933673597813,0.0,0.1305776805123942
107,5,3,عن,حتى|مع2|الى,0.03165318907190742,0.0,0.0,0.0,0.03884826675308052,0.0,0.15107086767836403
107,2,4,اليتيم,تتبير|سي#ات|اقوم,0.09736891720197675,0.0,0.21856737478251206,0.0,0.0674711926586789,0.0,0.29817493577066956
107,1,4,بالدين,بلغة|ظالم|غالب,0.18017006863980636,0.6189226647069171,0.0,0.0,0.045618129046020056,0.0,0.4164796180859011
107,5,4,صلاتهم,محتظر|بازغة|مقام,0.0558686291385351,0.0,0.0,0.0,0.07173720577120814,0.0,0.2634745690600025
108,1,3,الكوثر,باقين|بائس|شرقية,0.549585121993567,1.4441528843161406,1.0199810823183897,0.0,0.21281231542283774,0.0,0.6205644499040341
108,3,4,الابتر,بازغ|قواعد|زهوق,0.6442955427250701,1.4441528843161406,1.5299716234775844,0.0,0.2116048876896096,0.0,0.6800438608670857
108,3,3,هو,ايا,0.08497600676667687,0.0,0.0,0.0,0.15136407093989288,0.0,0.35849196966016833
108,1,1,انا,لكن|ويكان|لعل,0.19249853427304223,0.0,0.0,0.0,0.15482516524709905,0.0,1.0001660403911543
108,2,3,وانحر,قال|تزور|يحدث,0.5019534623991131,0.9627685895440938,1.5299716234775844,0.0,0.2677502772847115,0.0,0.25123028408828885
108,2,1,فصل,عطلت|يثبت|اهتزت,0.1360291470106754,0.0,0.0,0.0,0.2003122331485976,0.0,0.6158626489154547
108,2,2,لربك,سنين|مكلبين|سندس,0.14573961592398144,0.0,0.0,0.0,0.07523959784815168,0.0,0.7991980976957369
108,3,2,شانئك,مقيل|لينة|طين,0.2504330511445088,0.0,0.0,0.0,0.12919794489679898,0.0,1.3734003619702537
109,5,5,اعبد,كتم|استوقد|بدل,0.20769349040231777,0.0,0.7649858117387922,0.0,0.11387768842818162,0.0,0.36729744224693284
109,2,4,تعبدون,يعمر|يطيق|يفرط,0.21808396739786898,0.7220764421580703,0.25499527057959737,0.0,0.176044507091233,0.0,0.15538758455831314
109,3,4,ما,الذى|ال#ى|هذا,0.08625255986186155,0.0,0.0,0.0,0.1280156088481187,0.0,0.3894997503230506
109,3,1,ولا,لما|لن|كى,0.044182637029188426,0.0,0.0,0.0,0.17281462399866251,0.0,0.09228119817646804
109,3,5,اعبد,رمى|تنابز|يقصر,0.10343305243918842,0.0,0.25499527057959737,0.0,0.18258798900535286,0.0,0.1830150550501803
109,5,3,عابدون,زبر|حفي|اصيل,0.06932060473747748,0.0,0.0,0.0,0.2595648714630623,0.0,0.1563587569618026
109,6,4,دين,صرف|سئحون|غلظة,0.29126755232085405,0.4813842947720469,0.5099905411591947,0.0,0.12344374789747121,0.0,0.6327867300964113
109,2,2,اعبد,حاق|عجل|صلب,0.04304869515404993,0.0,0.0,0.0,0.1044901739635195,0.0,0.15380199696078006
110,1,5,والفتح,ريبة|مشعر|محشورة,0.13243657629409797,0.0,0.5099905411591947,0.0,0.14549726397010346,0.0,0.13913165263528962
110,2,6,الله,ثمود|همن|زيد,0.3196447611824437,0.0,0.0,1.5777863981176123,0.10111474977514133,0.0,0.23896741920190875
110,2,5,دين,رجم|بس|تبيع,0.04504867752325139,0.0,0.0,0.0,0.042895848685970024,0.0,0.2273962164535383
110,2,7,افواجا,اكرام|استغفار|متاب,0.5030926699391,1.4441528843161406,1.0199810823183895,0.0,0.07209790339516284,0.0,0.48232414960490666
110,1,3,نصر,ضير|مركوم|مستمر,0.06311178553472054,0.0,0.0,0.0,0.06986631345682635,0.0,0.30880439975149687
110,3,4,واستغفره,يستسخر|يستنكح|استجار,0.08795891985573344,0.0,0.0,0.0,0.029198430524612767,0.0,0.4985550886097878
110,2,2,الناس,غنم|علم|تسعة,0.07173127535393976,0.0,0.0,0.0,0.12379902094735121,0.0,0.3065886311762874
110,3,2,بحمد,غدو|قبضة|اجداث,0.06583747313408046,0.0,0.0,0.0,0.057410707927885954,0.0,0.3376141308765968
111,5,4,من,حتى|على|مع2,0.10371462603462293,0.0,0.0,0.0,0.09944432805705467,0.0,0.5228434281506829
111,1,4,لهب,طلق|مضغة|مثقال,0.06313565540837114,0.0,0.0,0.0,0.07539676229852522,0.0,0.30341717015170167
111,1,1,تبت,تفتح|عز|اختلف,0.12977292915940208,0.0,0.0,0.0,0.09541251578160802,0.0,0.6832250591748045
111,2,5,وما,من|ال#ى|الذى,0.07650681667642854,0.0,0.0,0.0,0.044884911106138944,0.0,0.4141559889524323
111,3,2,نارا,معتر|كبير|نزل,0.07252890603236982,0.0,0.0,0.0,0.034633161516543984,0.0,0.40054027467767495
111,4,2,حمالة,عجوز|مهدون|خسرين,0.07486829726549905,0.0,0.0,0.0,0.04866950891531938,0.0,0.40054027467767495
111,5,3,حبل,قطع|رحم|سراء,0.016413228532478927,0.0,0.0,0.0,0.03448551410351322,0.0,0.06399385709136035
111,3,3,ذات,قطر|رجال|شهوت,0.08244917019790089,0.0,0.0,0.0,0.06852316438750007,0.0,0.4261718567999053
112,2,1,الله,طالوت|انجيل|عاد2,0.49213201632606607,0.0,0.0,1.9985294376156424,0.2727889184879372,0.0,0.6814737418528166
112,1,3,الله,يهودي|قريش|فردوس,0.46121175688533883,0.0,0.0,1.9985294376156424,0.2756748081205287,0.0,0.49306629557586196
112,1,4,احد,رحمة|حبة|انفاق,0.23020851176286572,1.0831146632371056,0.0,0.0,0.16740470992342546,0.0,0.1307316974166633
112,3,2,يلد,عن|سمع|يجير,0.1476521454721911,0.0,0.0,0.0,0.18979877437786385,0.0,0.6961140984552828
112,3,1,لم,لما|لن|ان,0.06744919944864224,0.0,0.0,0.0,0.0799930020443341,0.0,0.32470219464751926
112,4,3,له,ايا,0.07065877363679425,0.0,0.0,0.0,0.02709440391824206,0.0,0.3968582379025234
112,4,2,يكن,ضاق|يخيل|اخس#,0.22824790062200084,0.0,0.0,0.0,0.1548606756061004,0.0,1.2146267281259047
112,1,2,هو,ايا,0.07065877363679425,0.0,0.0,0.0,0.02709440391824206,0.0,0.3968582379025234
113,2,1,من,حتى|الى|على,0.10424768367202257,0.0,0.0,0.0,0.05796185808200195,0.0,0.5675242439501335
113,3,2,شر,كلتا|اثم|تترا,0.06514000287538453,0.0,0.0,0.0,0.10583905179487077,0.0,0.2850009654574364
113,3,4,اذا,ثلث|لما|نهار,0.10818518294163737,0.0,0.0,0.0,0.10000209465382492,0.0,0.5491090029959993
113,1,2,اعوذ,يضر|ضرب|تلفت,0.11120386533834543,0.0,0.0,0.0,0.030595291368214213,0.0,0.6366279006618584
113,3,5,وقب,ينقض|نسفت|حفف,0.16007365481381006,0.0,0.305994324695517,0.0,0.026655298932772502,0.0,0.6277923052545709
113,2,4,خلق,التمس|يعد|يرتع,0.1671830913101723,0.28883057686322805,0.6119886493910336,0.0,0.03547105957559216,0.0,0.06680826203118018
113,4,4,في,الى|مع2|عن,0.0315987958907582,0.0,0.0,0.0,0.055663750223575,0.0,0.1339290251209742
113,1,1,قل,مكث|اخفض|حلف,0.10929789499844966,0.0,0.0,0.0,0.026343273426301796,0.0,0.6294440965643961
114,6,3,والناس,اباريق|ارصاد|اخراج,0.2221930611727784,0.7220764421580702,0.25499527057959737,0.0,0.13715243191641308,0.0,0.2189342223825898
114,4,2,شر,رزاق|غرام|معتر,0.02575179493864081,0.0,0.0,0.0,0.03595193758439529,0.0,0.11855883204744956
114,1,3,برب,ملتحد|ضراء|جد,0.04128380347219964,0.0,0.0,0.0,0.014826279384071423,0.0,0.23287654144912642
114,4,3,الوسواس,محريب|عاصفة|تئبون,0.14068900921005897,0.0,0.0,0.0,0.13978006379419702,0.0,0.7043539914661567
114,6,1,من,على|الى|مع2,0.09378529677690317,0.0,0.0,0.0,0.04773142750440746,0.0,0.5149803531570115
114,6,2,الجنة,حين|اسر|جذع,0.04565261335598133,0.0,0.0,0.0,0.05072532070011082,0.0,0.2231903594357771
114,3,2,الناس,اقل|كافور|فضل,0.1976998583915316,0.7220764421580702,0.0,0.0,0.21774373998279192,0.0,0.2463789682083274
114,5,4,صدور,راس|مختال|ميسور,0.055435372085749966,0.0,0.0,0.0,0.05354308775715731,0.0,0.27906914475734246
