surah,verse,word,seg,form,lemma,root,pgn,addressee,rule
1,6,1,1,{hodi,hadaY,hdy,2MS,prophet:Muhammad,2MS-default
2,13,4,1,'aAminu,'aAmana,Amn,2MP,believers-or-group,2MP-default
2,21,3,1,{Eobudu,Eabada,Ebd,2MP,humanity,voc
2,23,9,2,>otu,>ataY,Aty,2MP,believers-or-group,2MP-default
2,23,13,2,{doEu,daEaA,dEw,2MP,believers-or-group,2MP-default
2,24,6,2,{t~aqu,{t~aqaY`,wqy,2MP,believers-or-group,2MP-default
2,25,1,2,ba$~iri,bu$~ira,b$r,2MS,prophet:Muhammad,2MS-default
2,31,10,1,>an[bi_#u,>an[ba>a,nbA,2MP,believers-or-group,2MP-default
2,33,3,1,>an[bi}o,>an[ba>a,nbA,2MS,prophet:Muhammad,2MS-default
2,34,4,1,{sojudu,sajada,sjd,2MP,believers-or-group,2MP-default
2,35,3,1,{sokuno,sakana,skn,2MS,prophet:Muhammad,2MS-default
2,35,7,2,kula,>akala,Akl,,unknown,unknown
2,36,9,1,{hobiTu,yahobiTu,hbT,2MP,believers-or-group,2MP-default
2,38,2,1,{hobiTu,yahobiTu,hbT,2MP,believers-or-group,2MP-default
2,40,3,1,{*okuru,*akara,*kr,2MP,believers-or-group,2MP-default
2,40,8,2,>awofu,>awofaY`,wfy,2MP,believers-or-group,2MP-default
2,40,13,2,{rohabu,yarohabu,rhb,2MP,believers-or-group,2MP-default
2,41,1,2,'aAminu,'aAmana,Amn,2MP,believers-or-group,2MP-default
2,41,18,2,{t~aqu,{t~aqaY`,wqy,2MP,believers-or-group,2MP-default
2,43,1,2,>aqiymu,>aqaAma,qwm,2MP,believers-or-group,2MP-default
2,43,3,2,'aAtu,A^taY,Aty,2MP,believers-or-group,2MP-default
2,43,5,2,{rokaEu,yarokaEu,rkE,2MP,believers-or-group,2MP-default
2,45,1,2,{sotaEiynu,{sotaEiynu,Ewn,2MP,believers-or-group,2MP-default
2,47,3,1,{*okuru,*akara,*kr,2MP,believers-or-group,2MP-default
2,48,1,2,{t~aqu,{t~aqaY`,wqy,2MP,believers-or-group,2MP-default
2,54,11,2,tuwbu,taAba,twb,2MP,believers-or-group,2MP-default
2,54,14,2,{qotulu,qatala,qtl,2MP,believers-or-group,2MP-default
2,57,8,1,kulu,>akala,Akl,2MP,believers-or-group,2MP-default
2,58,3,1,{doxulu,daxala,dxl,2MP,believers-or-group,2MP-default
2,58,6,2,kulu,>akala,Akl,2MP,believers-or-group,2MP-default
2,58,11,2,{doxulu,daxala,dxl,2MP,believers-or-group,2MP-default
2,58,14,2,quwlu,qaAla,qwl,2MP,believers-or-group,2MP-default
2,60,6,1,{Dorib,Daraba,Drb,2MS,prophet:Muhammad,2MS-default
2,60,19,1,kulu,>akala,Akl,2MP,believers-or-group,2MP-default
2,60,20,2,{$orabu,$ariba,$rb,2MP,believers-or-group,2MP-default
2,61,9,2,{doEu,daEaA,dEw,2MS,prophet:Muhammad,2MS-default
2,61,31,1,{hobiTu,yahobiTu,hbT,2MP,believers-or-group,2MP-default
2,63,7,1,xu*u,>axa*a,Ax*,2MP,believers-or-group,2MP-default
2,63,11,2,{*okuru,*akara,*kr,2MP,believers-or-group,2MP-default
2,65,10,1,kuwnu,kaAna,kwn,2MP,believers-or-group,2MP-default
2,68,2,1,{doEu,daEaA,dEw,2MS,prophet:Muhammad,2MS-default
2,68,21,2,{foEalu,faEala,fEl,2MP,believers-or-group,2MP-default
2,69,2,1,{doEu,daEaA,dEw,2MS,prophet:Muhammad,2MS-default
2,70,2,1,{doEu,daEaA,dEw,2MS,prophet:Muhammad,2MS-default
2,73,2,1,{Doribu,Daraba,Drb,2MP,believers-or-group,2MP-default
2,80,8,1,qulo,qaAla,qwl,2MS,prophet:Muhammad,qul
2,83,16,2,quwlu,qaAla,qwl,2MP,believers-or-group,2MP-default
2,83,19,2,>aqiymu,>aqaAma,qwm,2MP,believers-or-group,2MP-default
2,83,21,2,'aAtu,A^taY,Aty,2MP,believers-or-group,2MP-default
2,91,4,1,'aAminu,'aAmana,Amn,2MP,believers-or-group,2MP-default
2,91,21,1,qulo,qaAla,qwl,2MS,prophet:Muhammad,qul
2,93,7,1,xu*u,>axa*a,Ax*,2MP,believers-or-group,2MP-default
2,93,11,2,{somaEu,samiEa,smE,2MP,believers-or-group,2MP-default
2,93,20,1,qulo,qaAla,qwl,2MS,prophet:Muhammad,qul
2,94,1,1,qulo,qaAla,qwl,2MS,prophet:Muhammad,qul
2,94,13,2,taman~a,yataman~a,mny,2MP,believers-or-group,2MP-default
2,97,1,1,qulo,qaAla,qwl,2MS,prophet:Muhammad,qul
2,104,6,1,ra`Ei,ra`Ei,rEy,2MS,believers,voc
2,104,7,2,quwlu,qaAla,qwl,2MP,believers,voc
2,104,8,1,{nZuro,n~aZara,nZr,2MS,believers,voc
2,104,9,2,{somaEu,samiEa,smE,2MP,believers,voc
2,109,22,2,{Eofu,EafaA,Efw,2MP,believers-or-group,2MP-default
2,109,23,2,{SofaHu,yaSofaHu,SfH,2MP,believers-or-group,2MP-default
2,110,1,2,>aqiymu,>aqaAma,qwm,2MP,believers-or-group,2MP-default
2,110,3,2,'aAtu,A^taY,Aty,2MP,believers-or-group,2MP-default
2,111,13,1,qulo,qaAla,qwl,2MS,prophet:Muhammad,qul
2,111,14,1,haAtu,haAtu,hAt,2MP,believers-or-group,2MP-default
2,117,10,1,kun,kaAna,kwn,2MS,prophet:Muhammad,2MS-default
2,120,10,1,qulo,qaAla,qwl,2MS,prophet:Muhammad,qul
2,122,3,1,{*okuru,*akara,*kr,2MP,believers-or-group,2MP-default
2,123,1,2,{t~aqu,{t~aqaY`,wqy,2MP,believers-or-group,2MP-default
2,125,7,2,{t~axi*u,{t~axa*a,Ax*,2MP,believers-or-group,2MP-default
2,125,17,1,Tah~ira,Tah~ara,Thr,2MD,dual-addressee,2MD
2,126,5,1,{joEalo,jaEala,jEl,2MS,prophet:Muhammad,2MS-default
2,126,9,2,{rozuqo,razaqa,rzq,2MS,prophet:Muhammad,2MS-default
2,127,9,1,taqab~alo,taqab~ala,qbl,2MS,prophet:Muhammad,2MS-default
2,128,2,2,{joEalo,jaEala,jEl,2MS,prophet:Muhammad,2MS-default
2,128,10,2,>ari,>arayo,rAy,2MS,prophet:Muhammad,2MS-default
2,128,12,2,tubo,taAba,twb,2MS,prophet:Muhammad,2MS-default
2,129,2,2,{boEavo,baEava,bEv,2MS,prophet:Muhammad,2MS-default
2,131,5,1,>asolimo,>asolama,slm,2MS,prophet:Muhammad,2MS-default
2,135,2,1,kuwnu,kaAna,kwn,2MP,believers-or-group,2MP-default
2,135,7,1,qulo,qaAla,qwl,2MS,prophet:Muhammad,qul
2,136,1,1,quwlu,qaAla,qwl,2MP,believers-or-group,2MP-default
2,139,1,1,qulo,qaAla,qwl,2MS,prophet:Muhammad,qul
2,140,13,1,qulo,qaAla,qwl,2MS,prophet:Muhammad,qul
2,142,12,1,qul,qaAla,qwl,2MS,prophet:Muhammad,qul
2,144,10,2,wal~i,wal~aY`,wly,2MS,prophet:Muhammad,2MS-default
2,144,18,2,wal~u,wal~aY`,wly,2MP,believers-or-group,2MP-default
2,148,5,2,{sotabiqu,{sotabaqa,sbq,2MP,believers-or-group,2MP-default
2,149,4,2,wal~i,wal~aY`,wly,2MS,prophet:Muhammad,2MS-default
2,150,4,2,wal~i,wal~aY`,wly,2MS,prophet:Muhammad,2MS-default
2,150,12,2,wal~u,wal~aY`,wly,2MP,believers-or-group,2MP-default
2,150,26,2,{xo$a,xa$iYa,x$y,2MP,believers-or-group,2MP-default
2,152,1,2,{*okuru,*akara,*kr,2MP,believers-or-group,2MP-default
2,152,3,2,{$okuru,$akara,$kr,2MP,believers-or-group,2MP-default
2,153,4,1,{sotaEiynu,{sotaEiynu,Ewn,2MP,believers,voc
2,155,11,2,ba$~iri,bu$~ira,b$r,2MS,prophet:Muhammad,2MS-default
2,167,11,1,tabar~a'u,tabar~a>a,brA,2MP,believers-or-group,2MP-default
2,168,3,1,kulu,>akala,Akl,2MP,humanity,voc
2,170,4,1,{t~abiEu,{t~abaEa,tbE,2MP,believers-or-group,2MP-default
2,172,4,1,kulu,>akala,Akl,2MP,believers,voc
2,172,9,2,{$okuru,$akara,$kr,2MP,believers,voc
2,186,11,1,daEa,daEaA,dEw,2MD,dual-addressee,2MD
2,187,25,1,ba`$iru,ba`$iru,b$r,2MP,believers-or-group,2MP-default
2,187,26,2,{botagu,{botagaY`,bgy,2MP,believers-or-group,2MP-default
2,187,31,2,kulu,>akala,Akl,2MP,believers-or-group,2MP-default
2,187,32,2,{$orabu,$ariba,$rb,2MP,believers-or-group,2MP-default
2,187,44,1,>atim~u,>atam~a,tmm,2MP,believers-or-group,2MP-default
2,189,4,1,qulo,qaAla,qwl,2MS,prophet:Muhammad,qul
2,189,20,2,>otu,>ataY,Aty,2MP,believers-or-group,2MP-default
2,189,24,2,{t~aqu,{t~aqaY`,wqy,2MP,believers-or-group,2MP-default
2,190,1,2,qa`tilu,qa`tala,qtl,2MP,believers-or-group,2MP-default
2,191,1,2,{qotulu,qatala,qtl,2MP,believers-or-group,2MP-default
2,191,4,2,>axoriju,>axoraja,xrj,2MP,believers-or-group,2MP-default
2,191,22,2,{qotulu,qatala,qtl,2MP,believers-or-group,2MP-default
2,193,1,2,qa`tilu,qa`tala,qtl,2MP,believers-or-group,2MP-default
2,194,10,2,{Eotadu,{EotadaY`,Edw,2MP,believers-or-group,2MP-default
2,194,16,2,{t~aqu,{t~aqaY`,wqy,2MP,believers-or-group,2MP-default
2,194,18,2,{Eolamu,Ealima,Elm,2MP,believers-or-group,2MP-default
2,195,1,2,>anfiqu,>anfaqa,nfq,2MP,believers-or-group,2MP-default
2,195,10,2,>aHosinu,>aHosana,Hsn,2MP,believers-or-group,2MP-default
2,196,1,2,>atim~u,>atam~a,tmm,2MP,believers-or-group,2MP-default
2,196,67,2,{t~aqu,{t~aqaY`,wqy,2MP,believers-or-group,2MP-default
2,196,69,2,{Eolamu,Ealima,Elm,2MP,believers-or-group,2MP-default
2,197,22,2,tazaw~adu,tazaw~adu,zwd,2MP,believers-or-group,2MP-default
2,197,27,2,{t~aqu,{t~aqaY`,wqy,2MP,believers-or-group,2MP-default
2,198,13,2,{*okuru,*akara,*kr,2MP,believers-or-group,2MP-default
2,198,18,2,{*okuru,*akara,*kr,2MP,believers-or-group,2MP-default
2,199,2,1,>afiyDu,>afaADa,fyD,2MP,believers-or-group,2MP-default
2,199,7,2,{sotagofiru,{sotagofara,gfr,2MP,believers-or-group,2MP-default
2,200,4,2,{*okuru,*akara,*kr,2MP,believers-or-group,2MP-default
2,200,16,1,'aAti,A^taY,Aty,2MS,prophet:Muhammad,2MS-default
2,201,5,1,'aAti,A^taY,Aty,2MS,prophet:Muhammad,2MS-default
2,201,12,2,qi,waqaY`,wqy,2MS,prophet:Muhammad,2MS-default
2,203,1,2,{*okuru,*akara,*kr,2MP,believers-or-group,2MP-default
2,203,20,2,{t~aqu,{t~aqaY`,wqy,2MP,believers-or-group,2MP-default
2,203,22,2,{Eolamu,Ealima,Elm,2MP,believers-or-group,2MP-default
2,206,4,1,{t~aqi,{t~aqaY`,wqy,2MS,prophet:Muhammad,2MS-default
2,208,4,1,{doxulu,daxala,dxl,2MP,believers,voc
2,209,8,2,{Eolamu,Ealima,Elm,2MP,believers-or-group,2MP-default
2,211,1,1,salo,sa>ala,sAl,2MS,prophet:Muhammad,2MS-default
2,215,4,1,qulo,qaAla,qwl,2MS,prophet:Muhammad,qul
2,217,7,1,qulo,qaAla,qwl,2MS,prophet:Muhammad,qul
2,219,5,1,qulo,qaAla,qwl,2MS,prophet:Muhammad,qul
2,219,18,1,quli,qaAla,qwl,2MS,prophet:Muhammad,qul
2,220,7,1,qulo,qaAla,qwl,2MS,prophet:Muhammad,qul
2,222,4,1,qulo,qaAla,qwl,2MS,prophet:Muhammad,qul
2,222,7,2,{Eotazilu,{Eotazala,Ezl,2MP,believers-or-group,2MP-default
2,222,17,2,>otu,>ataY,Aty,2MP,believers-or-group,2MP-default
2,223,4,2,>otu,>ataY,Aty,2MP,believers-or-group,2MP-default
2,223,8,2,qad~imu,qad~ama,qdm,2MP,believers-or-group,2MP-default
2,223,10,2,{t~aqu,{t~aqaY`,wqy,2MP,believers-or-group,2MP-default
2,223,12,2,{Eolamu,Ealima,Elm,2MP,believers-or-group,2MP-default
2,223,15,2,ba$~iri,bu$~ira,b$r,2MS,prophet:Muhammad,2MS-default
2,231,6,2,>amosiku,>amosaka,msk,2MP,believers-or-group,2MP-default
2,231,9,1,sar~iHu,sar~iHu,srH,2MP,believers-or-group,2MP-default
2,231,26,2,{*okuru,*akara,*kr,2MP,believers-or-group,2MP-default
2,231,38,2,{t~aqu,{t~aqaY`,wqy,2MP,believers-or-group,2MP-default
2,231,40,2,{Eolamu,Ealima,Elm,2MP,believers-or-group,2MP-default
2,233,57,2,{t~aqu,{t~aqaY`,wqy,2MP,believers-or-group,2MP-default
2,233,59,2,{Eolamu,Ealima,Elm,2MP,believers-or-group,2MP-default
2,235,35,2,{Eolamu,Ealima,Elm,2MP,believers-or-group,2MP-default
2,235,42,2,{Ho*aru,yaHo*aru,H*r,2MP,believers-or-group,2MP-default
2,235,43,2,{Eolamu,Ealima,Elm,2MP,believers-or-group,2MP-default
2,236,14,2,mat~iEu,m~at~aEo,mtE,2MP,believers-or-group,2MP-default
2,238,1,1,Ha`fiZu,yuHaAfiZu,HfZ,2MP,believers-or-group,2MP-default
2,238,6,2,quwmu,qaAma,qwm,2MP,believers-or-group,2MP-default
2,239,8,2,{*okuru,*akara,*kr,2MP,believers-or-group,2MP-default
2,243,15,1,muwtu,m~aAta,mwt,2MP,believers-or-group,2MP-default
2,244,1,2,qa`tilu,qa`tala,qtl,2MP,believers-or-group,2MP-default
2,244,5,2,{Eolamu,Ealima,Elm,2MP,believers-or-group,2MP-default
2,246,15,1,{boEavo,baEava,bEv,2MS,prophet:Muhammad,2MS-default
2,250,7,1,>aforigo,>aforigo,frg,2MS,prophet:Muhammad,2MS-default
2,250,10,2,vab~ito,vab~ato,vbt,2MS,prophet:Muhammad,2MS-default
2,250,12,2,{nSuro,naSara,nSr,2MS,prophet:Muhammad,2MS-default
2,254,4,1,>anfiqu,>anfaqa,nfq,2MP,believers,voc
2,258,32,2,>oti,>ataY,Aty,2MS,prophet:Muhammad,2MS-default
2,259,37,2,{nZuro,n~aZara,nZr,2MS,prophet:Muhammad,2MS-default
2,259,43,2,{nZuro,n~aZara,nZr,2MS,prophet:Muhammad,2MS-default
2,259,49,2,{nZuro,n~aZara,nZr,2MS,prophet:Muhammad,2MS-default
2,260,5,1,>ari,>arayo,rAy,2MS,prophet:Muhammad,2MS-default
2,260,18,2,xu*o,>axa*a,Ax*,2MS,prophet:Muhammad,2MS-default
2,260,22,2,Suro,Suro,Swr,2MS,prophet:Muhammad,2MS-default
2,260,25,1,{joEalo,jaEala,jEl,2MS,prophet:Muhammad,2MS-default
2,260,32,1,{doEu,daEaA,dEw,2MS,prophet:Muhammad,2MS-default
2,260,35,2,{Eolamo,Ealima,Elm,2MS,prophet:Muhammad,2MS-default
2,267,4,1,>anfiqu,>anfaqa,nfq,2MP,believers,voc
2,267,25,2,{Eolamu,Ealima,Elm,2MP,believers,voc
2,278,4,1,{t~aqu,{t~aqaY`,wqy,2MP,believers,voc
2,278,6,2,*aru,ya*ara,w*r,2MP,believers,voc
2,279,4,2,>o*anu,>a*ina,A*n,2MP,believers-or-group,2MP-default
2,281,1,2,{t~aqu,{t~aqaY`,wqy,2MP,believers-or-group,2MP-default
2,282,10,2,{kotubu,kataba,ktb,2MP,believers,voc
2,282,52,2,{sota$ohidu,{sota$ohidu,$hd,2MP,believers,voc
2,282,108,2,>a$ohidu,>a$ohada,$hd,2MP,believers,voc
2,282,121,2,{t~aqu,{t~aqaY`,wqy,2MP,believers,voc
2,286,39,2,{Eofu,EafaA,Efw,2MS,prophet:Muhammad,2MS-default
2,286,41,2,{gofiro,gafara,gfr,2MS,prophet:Muhammad,2MS-default
2,286,43,2,{roHamo,r~aHima,rHm,2MS,prophet:Muhammad,2MS-default
2,286,46,2,{nSuro,naSara,nSr,2MS,prophet:Muhammad,2MS-default
3,8,8,2,habo,wahaba,whb,2MS,prophet:Muhammad,2MS-default
3,12,1,1,qul,qaAla,qwl,2MS,prophet:Muhammad,qul
3,15,1,1,qulo,qaAla,qwl,2MS,prophet:Muhammad,qul
3,16,6,2,{gofiro,gafara,gfr,2MS,prophet:Muhammad,2MS-default
3,16,9,2,qi,waqaY`,wqy,2MS,prophet:Muhammad,2MS-default
3,20,3,2,qulo,qaAla,qwl,2MS,prophet:Muhammad,qul
3,20,9,2,qul,qaAla,qwl,2MS,prophet:Muhammad,qul
3,21,16,2,ba$~iro,bu$~ira,b$r,2MS,prophet:Muhammad,2MS-default
3,26,1,1,quli,qaAla,qwl,2MS,prophet:Muhammad,qul
3,29,1,1,qulo,qaAla,qwl,2MS,prophet:Muhammad,qul
3,31,1,1,qulo,qaAla,qwl,2MS,prophet:Muhammad,qul
3,31,6,2,{t~abiEu,{t~abaEa,tbE,2MP,believers-or-group,2MP-default
3,32,1,1,qulo,qaAla,qwl,2MS,prophet:Muhammad,qul
3,32,2,1,>aTiyEu,>aTaAEa,TwE,2MP,believers-or-group,2MP-default
3,35,13,2,taqab~alo,taqab~ala,qbl,2MS,prophet:Muhammad,2MS-default
3,38,7,1,habo,wahaba,whb,2MS,prophet:Muhammad,2MS-default
3,41,3,1,{joEal,jaEala,jEl,2MS,prophet:Muhammad,2MS-default
3,41,15,2,{*okur,*akara,*kr,2MS,prophet:Muhammad,2MS-default
3,41,18,2,sab~iHo,sab~aHa,sbH,2MS,prophet:Muhammad,2MS-default
3,43,2,1,{qonuti,yaqonuto,qnt,2FS,female-individual,2FS
3,43,4,2,{sojudi,sajada,sjd,2FS,female-individual,2FS
3,43,5,2,{rokaEi,yarokaEu,rkE,2FS,female-individual,2FS
3,47,22,1,kun,kaAna,kwn,2MS,prophet:Muhammad,2MS-default
3,50,17,2,{t~aqu,{t~aqaY`,wqy,2MP,believers-or-group,2MP-default
3,50,19,2,>aTiyEu,>aTaAEa,TwE,2MP,believers-or-group,2MP-default
3,51,5,2,{Eobudu,Eabada,Ebd,2MP,believers-or-group,2MP-default
3,52,18,2,{$ohado,$ahida,$hd,2MS,prophet:Muhammad,2MS-default
3,53,7,2,{kotubo,kataba,ktb,2MS,prophet:Muhammad,2MS-default
3,59,14,1,kun,kaAna,kwn,2MS,prophet:Muhammad,2MS-default
3,61,10,2,qulo,qaAla,qwl,2MS,prophet:Muhammad,qul
3,61,11,1,taEaAla,taEaAla,Elw,2MP,believers-or-group,2MP-default
3,64,1,1,qulo,qaAla,qwl,2MS,prophet:Muhammad,qul
3,64,4,1,taEaAla,taEaAla,Elw,2MP,believers-or-group,2MP-default
3,64,28,2,quwlu,qaAla,qwl,2MP,believers-or-group,2MP-default
3,64,29,1,{$ohadu,$ahida,$hd,2MP,believers-or-group,2MP-default
3,72,6,1,'aAminu,'aAmana,Amn,2MP,believers-or-group,2MP-default
3,72,14,2,{kofuru,kafara,kfr,2MP,believers-or-group,2MP-default
3,73,7,1,qulo,qaAla,qwl,2MS,prophet:Muhammad,qul
3,73,22,1,qulo,qaAla,qwl,2MS,prophet:Muhammad,qul
3,79,13,1,kuwnu,kaAna,kwn,2MP,believers-or-group,2MP-default
3,79,20,1,kuwnu,kaAna,kwn,2MP,believers-or-group,2MP-default
3,81,29,2,{$ohadu,$ahida,$hd,2MP,believers-or-group,2MP-default
3,84,1,1,qulo,qaAla,qwl,2MS,prophet:Muhammad,qul
3,93,18,1,qulo,qaAla,qwl,2MS,prophet:Muhammad,qul
3,93,19,2,>otu,>ataY,Aty,2MP,believers-or-group,2MP-default
3,93,21,2,{tolu,talaY`,tlw,2MP,believers-or-group,2MP-default
3,95,1,1,qulo,qaAla,qwl,2MS,prophet:Muhammad,qul
3,95,4,2,{t~abiEu,{t~abaEa,tbE,2MP,believers-or-group,2MP-default
3,98,1,1,qulo,qaAla,qwl,2MS,prophet:Muhammad,qul
3,99,1,1,qulo,qaAla,qwl,2MS,prophet:Muhammad,qul
3,102,4,1,{t~aqu,{t~aqaY`,wqy,2MP,believers,voc
3,103,1,2,{EotaSimu,{EotaSamu,ESm,2MP,believers-or-group,2MP-default
3,103,7,2,{*okuru,*akara,*kr,2MP,believers-or-group,2MP-default
3,106,13,2,*uwqu,*aAqu,*wq,2MP,believers-or-group,2MP-default
3,119,20,1,qulo,qaAla,qwl,2MS,prophet:Muhammad,qul
3,119,21,1,muwtu,m~aAta,mwt,2MP,believers-or-group,2MP-default
3,123,7,2,{t~aqu,{t~aqaY`,wqy,2MP,believers-or-group,2MP-default
3,130,9,2,{t~aqu,{t~aqaY`,wqy,2MP,believers,voc
3,131,1,2,{t~aqu,{t~aqaY`,wqy,2MP,believers-or-group,2MP-default
3,132,1,2,>aTiyEu,>aTaAEa,TwE,2MP,believers-or-group,2MP-default
3,133,1,2,saAriEu,yusa`riEu,srE,2MP,believers-or-group,2MP-default
3,137,6,2,siyru,saAra,syr,2MP,believers-or-group,2MP-default
3,137,9,2,{nZuru,n~aZara,nZr,2MP,believers-or-group,2MP-default
3,147,8,1,{gofiro,gafara,gfr,2MS,prophet:Muhammad,2MS-default
3,147,14,2,vab~ito,vab~ato,vbt,2MS,prophet:Muhammad,2MS-default
3,147,16,2,{nSuro,naSara,nSr,2MS,prophet:Muhammad,2MS-default
3,154,29,1,qulo,qaAla,qwl,2MS,prophet:Muhammad,qul
3,154,51,1,qul,qaAla,qwl,2MS,prophet:Muhammad,qul
3,159,15,2,{Eofu,EafaA,Efw,2MS,prophet:Muhammad,2MS-default
3,159,17,2,{sotagofiro,{sotagofara,gfr,2MS,prophet:Muhammad,2MS-default
3,159,19,2,$aAwiro,$aAwiro,$wr,2MS,prophet:Muhammad,2MS-default
3,159,24,2,tawak~alo,tawak~alo,wkl,2MS,prophet:Muhammad,2MS-default
3,165,10,1,qulo,qaAla,qwl,2MS,prophet:Muhammad,qul
3,167,6,1,taEaAla,taEaAla,Elw,2MP,believers-or-group,2MP-default
3,167,7,1,qa`tilu,qa`tala,qtl,2MP,believers-or-group,2MP-default
3,167,12,1,{dofaEu,dafaEo,dfE,2MP,believers-or-group,2MP-default
3,168,9,1,qulo,qaAla,qwl,2MS,prophet:Muhammad,qul
3,168,10,2,{dora'u,yadora&uA@,drA,2MP,believers-or-group,2MP-default
3,173,10,2,{xo$a,xa$iYa,x$y,2MP,believers-or-group,2MP-default
3,175,8,2,xaAfu,xaAfa,xwf,2MP,believers-or-group,2MP-default
3,179,28,2,_#aAminu,'aAmana,Amn,2MP,believers-or-group,2MP-default
3,181,20,1,*uwqu,*aAqu,*wq,2MP,believers-or-group,2MP-default
3,183,15,1,qulo,qaAla,qwl,2MS,prophet:Muhammad,qul
3,191,19,2,qi,waqaY`,wqy,2MS,prophet:Muhammad,2MS-default
3,193,8,1,'aAminu,'aAmana,Amn,2MP,believers-or-group,2MP-default
3,193,12,2,{gofiro,gafara,gfr,2MS,prophet:Muhammad,2MS-default
3,193,15,2,kaf~iro,kaf~ara,kfr,2MS,prophet:Muhammad,2MS-default
3,193,18,2,tawaf~a,tawaf~aY`,wfy,2MS,prophet:Muhammad,2MS-default
3,194,2,2,'aAti,A^taY,Aty,2MS,prophet:Muhammad,2MS-default
3,200,4,1,{Sobiru,Sabara,Sbr,2MP,believers,voc
3,200,5,2,SaAbiru,SaAbiru,Sbr,2MP,believers,voc
3,200,6,2,raAbiTu,raAbiTu,rbT,2MP,believers,voc
3,200,7,2,{t~aqu,{t~aqaY`,wqy,2MP,believers,voc
4,1,3,1,{t~aqu,{t~aqaY`,wqy,2MP,humanity,voc
4,1,18,2,{t~aqu,{t~aqaY`,wqy,2MP,humanity,voc
4,2,1,2,'aAtu,A^taY,Aty,2MP,believers-or-group,2MP-default
4,3,7,2,{nkiHu,nakaHa,nkH,2MP,believers-or-group,2MP-default
4,4,1,2,'aAtu,A^taY,Aty,2MP,believers-or-group,2MP-default
4,4,12,2,kulu,>akala,Akl,2MP,believers-or-group,2MP-default
4,5,10,2,{rozuqu,razaqa,rzq,2MP,believers-or-group,2MP-default
4,5,12,2,{kosu,kasawo,ksw,2MP,believers-or-group,2MP-default
4,5,13,2,quwlu,qaAla,qwl,2MP,believers-or-group,2MP-default
4,6,1,2,{botalu,{botalaY`^,blw,2MP,believers-or-group,2MP-default
4,6,11,2,{dofaEu,dafaEo,dfE,2MP,believers-or-group,2MP-default
4,6,33,2,>a$ohidu,>a$ohada,$hd,2MP,believers-or-group,2MP-default
4,8,8,2,{rozuqu,razaqa,rzq,2MP,believers-or-group,2MP-default
4,8,10,2,quwlu,qaAla,qwl,2MP,believers-or-group,2MP-default
4,15,6,2,{sota$ohidu,{sota$ohidu,$hd,2MP,believers-or-group,2MP-default
4,15,12,2,>amosiku,>amosaka,msk,2MP,believers-or-group,2MP-default
4,16,4,2,_#aA*u,>uw*iYa,A*y,2MP,believers-or-group,2MP-default
4,16,8,2,>aEoriDu,>aEoraDa,ErD,2MP,believers-or-group,2MP-default
4,19,22,2,EaA$iru,EaA$iru,E$r,2MP,believers,voc
4,24,26,2,_#aAtu,A^taY,Aty,2MP,believers-or-group,2MP-default
4,25,23,2,{nkiHu,nakaHa,nkH,2MP,believers-or-group,2MP-default
4,25,26,2,'aAtu,A^taY,Aty,2MP,believers-or-group,2MP-default
4,32,18,2,so_#alu,sa>ala,sAl,2MP,believers-or-group,2MP-default
4,33,11,2,_#aAtu,A^taY,Aty,2MP,believers-or-group,2MP-default
4,34,25,2,EiZu,waEaZo,wEZ,2MP,believers-or-group,2MP-default
4,34,26,2,{hojuru,{hojuro,hjr,2MP,believers-or-group,2MP-default
4,34,29,2,{Doribu,Daraba,Drb,2MP,believers-or-group,2MP-default
4,35,5,2,{boEavu,baEava,bEv,2MP,believers-or-group,2MP-default
4,36,1,2,{Eobudu,Eabada,Ebd,2MP,believers-or-group,2MP-default
4,43,38,2,tayam~amu,tayam~amu,ymm,2MP,believers,voc
4,43,41,2,{mosaHu,{mosaHu,msH,2MP,believers,voc
4,46,11,2,{somaEo,samiEa,smE,2MS,prophet:Muhammad,2MS-default
4,46,14,2,ra`Ei,ra`Ei,rEy,2MS,prophet:Muhammad,2MS-default
4,46,25,2,{somaEo,samiEa,smE,2MS,prophet:Muhammad,2MS-default
4,46,26,2,{nZuro,n~aZara,nZr,2MS,prophet:Muhammad,2MS-default
4,47,5,1,'aAminu,'aAmana,Amn,2MP,believers,voc
4,50,1,1,{nZuro,n~aZara,nZr,2MS,prophet:Muhammad,2MS-default
4,59,4,1,>aTiyEu,>aTaAEa,TwE,2MP,believers,voc
4,59,6,2,>aTiyEu,>aTaAEa,TwE,2MP,believers,voc
4,59,15,2,rud~u,rad~a,rdd,2MP,believers,voc
4,61,4,1,taEaAla,taEaAla,Elw,2MP,believers-or-group,2MP-default
4,63,8,2,>aEoriDo,>aEoraDa,ErD,2MS,prophet:Muhammad,2MS-default
4,63,10,2,EiZo,waEaZo,wEZ,2MS,prophet:Muhammad,2MS-default
4,63,11,2,qul,qaAla,qwl,2MS,prophet:Muhammad,qul
4,66,6,1,{qotulu,qatala,qtl,2MP,believers-or-group,2MP-default
4,66,9,1,{xoruju,xaraja,xrj,2MP,believers-or-group,2MP-default
4,71,4,1,xu*u,>axa*a,Ax*,2MP,believers,voc
4,71,6,2,{nfiru,nafara,nfr,2MP,believers,voc
4,71,9,1,{nfiru,nafara,nfr,2MP,believers,voc
4,75,16,1,>axorijo,>axoraja,xrj,2MS,prophet:Muhammad,2MS-default
4,75,22,2,{joEal,jaEala,jEl,2MS,prophet:Muhammad,2MS-default
4,75,27,2,{joEal,jaEala,jEl,2MS,prophet:Muhammad,2MS-default
4,76,13,2,qa`tilu,qa`tala,qtl,2MP,believers-or-group,2MP-default
4,77,7,1,kuf~u,kaf~a,kff,2MP,believers-or-group,2MP-default
4,77,9,2,>aqiymu,>aqaAma,qwm,2MP,believers-or-group,2MP-default
4,77,11,2,'aAtu,A^taY,Aty,2MP,believers-or-group,2MP-default
4,77,38,1,qulo,qaAla,qwl,2MS,prophet:Muhammad,qul
4,78,25,1,qulo,qaAla,qwl,2MS,prophet:Muhammad,qul
4,81,17,2,>aEoriDo,>aEoraDa,ErD,2MS,prophet:Muhammad,2MS-default
4,81,19,2,tawak~alo,tawak~alo,wkl,2MS,prophet:Muhammad,2MS-default
4,84,1,2,qa`tilo,qa`tala,qtl,2MS,prophet:Muhammad,2MS-default
4,84,9,2,Har~iDi,Har~iDi,HrD,2MS,prophet:Muhammad,2MS-default
4,86,4,2,Hay~u,Hay~a,Hyy,2MP,believers-or-group,2MP-default
4,86,8,1,rud~u,rad~a,rdd,2MP,believers-or-group,2MP-default
4,89,19,2,xu*u,>axa*a,Ax*,2MP,believers-or-group,2MP-default
4,89,20,2,{qotulu,qatala,qtl,2MP,believers-or-group,2MP-default
4,91,23,2,xu*u,>axa*a,Ax*,2MP,believers-or-group,2MP-default
4,91,24,2,{qotulu,qatala,qtl,2MP,believers-or-group,2MP-default
4,94,9,2,tabay~anu,tabay~ana,byn,2MP,believers,voc
4,94,33,2,tabay~anu,tabay~ana,byn,2MP,believers,voc
4,102,55,2,xu*u,>axa*a,Ax*,2MP,believers-or-group,2MP-default
4,103,4,2,{*okuru,*akara,*kr,2MP,believers-or-group,2MP-default
4,103,12,2,>aqiymu,>aqaAma,qwm,2MP,believers-or-group,2MP-default
4,106,1,2,{sotagofiri,{sotagofara,gfr,2MS,prophet:Muhammad,2MS-default
4,127,4,1,quli,qaAla,qwl,2MS,prophet:Muhammad,qul
4,131,17,1,{t~aqu,{t~aqaY`,wqy,2MP,believers-or-group,2MP-default
4,135,4,1,kuwnu,kaAna,kwn,2MP,believers,voc
4,136,4,1,'aAminu,'aAmana,Amn,2MP,believers,voc
4,138,1,1,ba$~iri,bu$~ira,b$r,2MS,prophet:Muhammad,2MS-default
4,153,17,1,>ari,>arayo,rAy,2MS,prophet:Muhammad,2MS-default
4,154,7,1,{doxulu,daxala,dxl,2MP,believers-or-group,2MP-default
4,170,9,2,_#aAminu,'aAmana,Amn,2MP,humanity,voc
4,171,26,2,_#aAminu,'aAmana,Amn,2MP,believers-or-group,2MP-default
4,171,32,1,{ntahu,{ntahaY`,nhy,2MP,believers-or-group,2MP-default
4,176,2,1,quli,qaAla,qwl,2MS,prophet:Muhammad,qul
5,1,4,1,>awofu,>awofaY`,wfy,2MP,believers,voc
5,2,26,2,{SoTaAdu,{SoTaAdu,Syd,2MP,believers,voc
5,2,38,2,taEaAwanu,taEaAwanu,Ewn,2MP,believers,voc
5,2,47,2,{t~aqu,{t~aqaY`,wqy,2MP,believers,voc
5,3,39,2,{xo$a,xa$iYa,x$y,2MP,believers-or-group,2MP-default
5,4,5,1,qulo,qaAla,qwl,2MS,prophet:Muhammad,qul
5,4,18,2,kulu,>akala,Akl,2MP,believers-or-group,2MP-default
5,4,22,2,{*okuru,*akara,*kr,2MP,believers-or-group,2MP-default
5,4,26,2,{t~aqu,{t~aqaY`,wqy,2MP,believers-or-group,2MP-default
5,6,8,2,{gosilu,{gosilu,gsl,2MP,believers,voc
5,6,13,2,{mosaHu,{mosaHu,msH,2MP,believers,voc
5,6,21,2,{T~ah~aru,taTah~aro,Thr,2MP,believers,voc
5,6,40,2,tayam~amu,tayam~amu,ymm,2MP,believers,voc
5,6,43,2,{mosaHu,{mosaHu,msH,2MP,believers,voc
5,7,1,2,{*okuru,*akara,*kr,2MP,believers-or-group,2MP-default
5,7,13,2,{t~aqu,{t~aqaY`,wqy,2MP,believers-or-group,2MP-default
5,8,4,1,kuwnu,kaAna,kwn,2MP,believers,voc
5,8,16,1,{Eodilu,Eadala,Edl,2MP,believers,voc
5,8,20,2,{t~aqu,{t~aqaY`,wqy,2MP,believers,voc
5,11,4,1,{*okuru,*akara,*kr,2MP,believers,voc
5,11,18,2,{t~aqu,{t~aqaY`,wqy,2MP,believers,voc
5,13,26,2,{Eofu,EafaA,Efw,2MS,prophet:Muhammad,2MS-default
5,13,28,2,{SofaHo,yaSofaHu,SfH,2MS,prophet:Muhammad,2MS-default
5,17,11,1,qulo,qaAla,qwl,2MS,prophet:Muhammad,qul
5,18,8,1,qulo,qaAla,qwl,2MS,prophet:Muhammad,qul
5,20,6,1,{*okuru,*akara,*kr,2MP,believers-or-group,2MP-default
5,21,2,1,{doxulu,daxala,dxl,2MP,believers-or-group,2MP-default
5,23,9,1,{doxulu,daxala,dxl,2MP,believers-or-group,2MP-default
5,23,18,2,tawak~alu,tawak~alo,wkl,2MP,believers-or-group,2MP-default
5,24,10,2,{*ohabo,*ahaba,*hb,2MS,prophet:Muhammad,2MS-default
5,24,13,2,qa`tila,qa`tala,qtl,2MD,dual-addressee,2MD
5,25,9,2,{foruqo,faraqo,frq,2MS,prophet:Muhammad,2MS-default
5,27,1,2,{tolu,talaY`,tlw,2MS,prophet:Muhammad,2MS-default
5,34,9,2,{Eolamu,Ealima,Elm,2MP,believers-or-group,2MP-default
5,35,4,1,{t~aqu,{t~aqaY`,wqy,2MP,believers,voc
5,35,6,2,{botagu,{botagaY`,bgy,2MP,believers,voc
5,35,9,2,ja`hidu,ja`hada,jhd,2MP,believers,voc
5,38,3,2,{qoTaEu,quTiEa,qTE,2MP,believers-or-group,2MP-default
5,41,36,2,xu*u,>axa*a,Ax*,2MP,prophet:Muhammad,voc-rasul
5,41,40,2,{Ho*aru,yaHo*aru,H*r,2MP,prophet:Muhammad,voc-rasul
5,42,7,2,{Hokum,Hakama,Hkm,2MS,prophet:Muhammad,2MS-default
5,42,10,1,>aEoriDo,>aEoraDa,ErD,2MS,prophet:Muhammad,2MS-default
5,42,20,2,{Hokum,Hakama,Hkm,2MS,prophet:Muhammad,2MS-default
5,44,27,2,{xo$a,xa$iYa,x$y,2MP,believers-or-group,2MP-default
5,48,13,2,{Hokum,Hakama,Hkm,2MS,prophet:Muhammad,2MS-default
5,48,41,2,{sotabiqu,{sotabaqa,sbq,2MP,believers-or-group,2MP-default
5,49,2,1,{Hokum,Hakama,Hkm,2MS,prophet:Muhammad,2MS-default
5,49,10,2,{Ho*aro,yaHo*aru,H*r,2MS,prophet:Muhammad,2MS-default
5,49,21,2,{Eolamo,Ealima,Elm,2MS,prophet:Muhammad,2MS-default
5,57,19,2,{t~aqu,{t~aqaY`,wqy,2MP,believers,voc
5,59,1,1,qulo,qaAla,qwl,2MS,prophet:Muhammad,qul
5,60,1,1,qulo,qaAla,qwl,2MS,prophet:Muhammad,qul
5,67,3,1,bal~igo,bal~ago,blg,2MS,prophet:Muhammad,voc-rasul
5,68,1,1,qulo,qaAla,qwl,2MS,prophet:Muhammad,qul
5,72,15,1,{Eobudu,Eabada,Ebd,2MP,believers-or-group,2MP-default
5,75,17,1,{nZuro,n~aZara,nZr,2MS,prophet:Muhammad,2MS-default
5,75,23,1,{nZuro,n~aZara,nZr,2MS,prophet:Muhammad,2MS-default
5,76,1,1,qulo,qaAla,qwl,2MS,prophet:Muhammad,qul
5,77,1,1,qulo,qaAla,qwl,2MS,prophet:Muhammad,qul
5,83,19,2,{kotubo,kataba,ktb,2MS,prophet:Muhammad,2MS-default
5,88,1,2,kulu,>akala,Akl,2MP,believers-or-group,2MP-default
5,88,7,2,{t~aqu,{t~aqaY`,wqy,2MP,believers-or-group,2MP-default
5,89,37,2,{HofaZu,HafiZa,HfZ,2MP,believers-or-group,2MP-default
5,90,13,2,{jotanibu,{jotanabu,jnb,2MP,believers,voc
5,92,1,2,>aTiyEu,>aTaAEa,TwE,2MP,believers-or-group,2MP-default
5,92,3,2,>aTiyEu,>aTaAEa,TwE,2MP,believers-or-group,2MP-default
5,92,5,2,{Ho*aru,yaHo*aru,H*r,2MP,believers-or-group,2MP-default
5,92,8,2,{Eolamu,Ealima,Elm,2MP,believers-or-group,2MP-default
5,96,16,2,{t~aqu,{t~aqaY`,wqy,2MP,believers-or-group,2MP-default
5,98,1,1,{Eolamu,Ealima,Elm,2MP,believers-or-group,2MP-default
5,100,1,1,qul,qaAla,qwl,2MS,prophet:Muhammad,qul
5,100,10,2,{t~aqu,{t~aqaY`,wqy,2MP,believers-or-group,2MP-default
5,104,4,1,taEaAla,taEaAla,Elw,2MP,believers-or-group,2MP-default
5,108,15,2,{t~aqu,{t~aqaY`,wqy,2MP,believers-or-group,2MP-default
5,108,17,2,{somaEu,samiEa,smE,2MP,believers-or-group,2MP-default
5,110,7,1,{*okuro,*akara,*kr,2MS,prophet:Muhammad,2MS-default
5,111,6,1,'aAminu,'aAmana,Amn,2MP,believers-or-group,2MP-default
5,111,11,2,{$ohado,$ahida,$hd,2MS,prophet:Muhammad,2MS-default
5,112,17,1,{t~aqu,{t~aqaY`,wqy,2MP,believers-or-group,2MP-default
5,114,7,1,>anzilo,>anzala,nzl,2MS,prophet:Muhammad,2MS-default
5,114,19,2,{rozuqo,razaqa,rzq,2MS,prophet:Muhammad,2MS-default
5,116,10,1,{t~axi*u,{t~axa*a,Ax*,2MP,believers-or-group,2MP-default
5,117,9,1,{Eobudu,Eabada,Ebd,2MP,believers-or-group,2MP-default
6,11,1,1,qulo,qaAla,qwl,2MS,prophet:Muhammad,qul
6,11,2,1,siyru,saAra,syr,2MP,believers-or-group,2MP-default
6,11,6,1,{nZuru,n~aZara,nZr,2MP,believers-or-group,2MP-default
6,12,1,1,qul,qaAla,qwl,2MS,prophet:Muhammad,qul
6,12,7,1,qul,qaAla,qwl,2MS,prophet:Muhammad,qul
6,14,1,1,qulo,qaAla,qwl,2MS,prophet:Muhammad,qul
6,14,13,1,qulo,qaAla,qwl,2MS,prophet:Muhammad,qul
6,15,1,1,qulo,qaAla,qwl,2MS,prophet:Muhammad,qul
6,19,1,1,qulo,qaAla,qwl,2MS,prophet:Muhammad,qul
6,19,6,1,quli,qaAla,qwl,2MS,prophet:Muhammad,qul
6,19,26,1,qul,qaAla,qwl,2MS,prophet:Muhammad,qul
6,19,29,1,qulo,qaAla,qwl,2MS,prophet:Muhammad,qul
6,24,1,1,{nZuro,n~aZara,nZr,2MS,prophet:Muhammad,2MS-default
6,30,15,2,*uwqu,*aAqu,*wq,2MP,believers-or-group,2MP-default
6,37,8,1,qulo,qaAla,qwl,2MS,prophet:Muhammad,qul
6,40,1,1,qulo,qaAla,qwl,2MS,prophet:Muhammad,qul
6,46,1,1,qulo,qaAla,qwl,2MS,prophet:Muhammad,qul
6,46,17,1,{nZuro,n~aZara,nZr,2MS,prophet:Muhammad,2MS-default
6,47,1,1,qulo,qaAla,qwl,2MS,prophet:Muhammad,qul
6,50,1,1,qul,qaAla,qwl,2MS,prophet:Muhammad,qul
6,50,22,1,qulo,qaAla,qwl,2MS,prophet:Muhammad,qul
6,51,1,2,>an*iro,>an*ara,n*r,2MS,prophet:Muhammad,2MS-default
6,54,6,2,qulo,qaAla,qwl,2MS,prophet:Muhammad,qul
6,56,1,1,qulo,qaAla,qwl,2MS,prophet:Muhammad,qul
6,56,11,1,qul,qaAla,qwl,2MS,prophet:Muhammad,qul
6,57,1,1,qulo,qaAla,qwl,2MS,prophet:Muhammad,qul
6,58,1,1,qul,qaAla,qwl,2MS,prophet:Muhammad,qul
6,63,1,1,qulo,qaAla,qwl,2MS,prophet:Muhammad,qul
6,64,1,1,quli,qaAla,qwl,2MS,prophet:Muhammad,qul
6,65,1,1,qulo,qaAla,qwl,2MS,prophet:Muhammad,qul
6,65,22,1,{nZuro,n~aZara,nZr,2MS,prophet:Muhammad,2MS-default
6,66,6,1,qul,qaAla,qwl,2MS,prophet:Muhammad,qul
6,68,7,2,>aEoriDo,>aEoraDa,ErD,2MS,prophet:Muhammad,2MS-default
6,70,1,2,*ari,ya*ara,w*r,2MS,prophet:Muhammad,2MS-default
6,70,10,2,*ak~iro,*uk~ira,*kr,2MS,prophet:Muhammad,2MS-default
6,71,1,1,qulo,qaAla,qwl,2MS,prophet:Muhammad,qul
6,71,29,1,{}oti,>ataY,Aty,2MS,prophet:Muhammad,2MS-default
6,71,30,1,qulo,qaAla,qwl,2MS,prophet:Muhammad,qul
6,72,2,1,>aqiymu,>aqaAma,qwm,2MP,believers-or-group,2MP-default
6,72,4,2,{t~aqu,{t~aqaY`,wqy,2MP,believers-or-group,2MP-default
6,73,9,1,kun,kaAna,kwn,2MS,prophet:Muhammad,2MS-default
6,90,6,1,{qotadiho,{qotadiho,qdw,2MS,prophet:Muhammad,2MS-default
6,90,7,1,qul,qaAla,qwl,2MS,prophet:Muhammad,qul
6,91,15,1,qulo,qaAla,qwl,2MS,prophet:Muhammad,qul
6,91,38,1,quli,qaAla,qwl,2MS,prophet:Muhammad,qul
6,91,41,1,*aro,ya*ara,w*r,2MS,prophet:Muhammad,2MS-default
6,93,33,1,>axoriju,>axoraja,xrj,2MP,believers-or-group,2MP-default
6,99,33,1,{nZuru,n~aZara,nZr,2MP,believers-or-group,2MP-default
6,102,11,2,{Eobudu,Eabada,Ebd,2MP,believers-or-group,2MP-default
6,106,1,1,{t~abiEo,{t~abaEa,tbE,2MS,prophet:Muhammad,2MS-default
6,106,11,2,>aEoriDo,>aEoraDa,ErD,2MS,prophet:Muhammad,2MS-default
6,109,10,1,qulo,qaAla,qwl,2MS,prophet:Muhammad,qul
6,112,21,2,*aro,ya*ara,w*r,2MS,prophet:Muhammad,2MS-default
6,118,1,2,kulu,>akala,Akl,2MP,believers-or-group,2MP-default
6,120,1,2,*aru,ya*ara,w*r,2MP,believers-or-group,2MP-default
6,135,1,1,qulo,qaAla,qwl,2MS,prophet:Muhammad,qul
6,135,3,1,{Eomalu,Eamila,Eml,2MP,believers-or-group,2MP-default
6,137,18,2,*aro,ya*ara,w*r,2MS,prophet:Muhammad,2MS-default
6,141,17,1,kulu,>akala,Akl,2MP,believers-or-group,2MP-default
6,141,22,2,'aAtu,A^taY,Aty,2MP,believers-or-group,2MP-default
6,142,5,1,kulu,>akala,Akl,2MP,believers-or-group,2MP-default
6,143,9,1,qulo,qaAla,qwl,2MS,prophet:Muhammad,qul
6,143,19,1,nab~i_#u,nab~a>a,nbA,2MP,believers-or-group,2MP-default
6,144,7,1,qulo,qaAla,qwl,2MS,prophet:Muhammad,qul
6,145,1,1,qul,qaAla,qwl,2MS,prophet:Muhammad,qul
6,147,3,2,qul,qaAla,qwl,2MS,prophet:Muhammad,qul
6,148,23,1,qulo,qaAla,qwl,2MS,prophet:Muhammad,qul
6,149,1,1,qulo,qaAla,qwl,2MS,prophet:Muhammad,qul
6,150,1,1,qulo,qaAla,qwl,2MS,believers,voc
6,150,2,2,lum~a,lum~a,lmm,2MP,believers,voc
6,151,1,1,qulo,qaAla,qwl,2MS,prophet:Muhammad,qul
6,151,2,1,taEaAla,taEaAla,Elw,2MP,believers-or-group,2MP-default
6,152,12,2,>awofu,>awofaY`,wfy,2MP,believers-or-group,2MP-default
6,152,23,2,{Eodilu,Eadala,Edl,2MP,believers-or-group,2MP-default
6,152,30,1,>awofu,>awofaY`,wfy,2MP,believers-or-group,2MP-default
6,153,5,2,{t~abiEu,{t~abaEa,tbE,2MP,believers-or-group,2MP-default
6,155,5,2,{t~abiEu,{t~abaEa,tbE,2MP,believers-or-group,2MP-default
6,155,6,2,{t~aqu,{t~aqaY`,wqy,2MP,believers-or-group,2MP-default
6,158,34,1,quli,qaAla,qwl,2MS,prophet:Muhammad,qul
6,158,35,1,{ntaZiru,yantaZiru,nZr,2MP,believers-or-group,2MP-default
6,161,1,1,qulo,qaAla,qwl,2MS,prophet:Muhammad,qul
6,162,1,1,qulo,qaAla,qwl,2MS,prophet:Muhammad,qul
6,164,1,1,qulo,qaAla,qwl,2MS,prophet:Muhammad,qul
7,3,1,1,{t~abiEu,{t~abaEa,tbE,2MP,believers-or-group,2MP-default
7,11,8,1,{sojudu,sajada,sjd,2MP,believers-or-group,2MP-default
7,13,2,2,{hobiTo,yahobiTu,hbT,2MS,prophet:Muhammad,2MS-default
7,13,10,2,{xorujo,xaraja,xrj,2MS,prophet:Muhammad,2MS-default
7,14,2,1,>anZiro,yunZaru,nZr,2MS,prophet:Muhammad,2MS-default
7,18,2,1,{xorujo,xaraja,xrj,2MS,prophet:Muhammad,2MS-default
7,19,2,1,{sokuno,sakana,skn,2MS,prophet:Muhammad,2MS-default
7,19,6,2,kula,>akala,Akl,2MD,dual-addressee,2MD
7,24,2,1,{hobiTu,yahobiTu,hbT,2MP,believers-or-group,2MP-default
7,28,11,1,qulo,qaAla,qwl,2MS,prophet:Muhammad,qul
7,29,1,1,qulo,qaAla,qwl,2MS,prophet:Muhammad,qul
7,29,5,2,>aqiymu,>aqaAma,qwm,2MP,believers-or-group,2MP-default
7,29,10,2,{doEu,daEaA,dEw,2MP,believers-or-group,2MP-default
7,31,3,1,xu*u,>axa*a,Ax*,2MP,believers-or-group,2MP-default
7,31,8,2,kulu,>akala,Akl,2MP,believers-or-group,2MP-default
7,31,9,2,{$orabu,$ariba,$rb,2MP,believers-or-group,2MP-default
7,32,1,1,qulo,qaAla,qwl,2MS,prophet:Muhammad,qul
7,32,12,1,qulo,qaAla,qwl,2MS,prophet:Muhammad,qul
7,33,1,1,qulo,qaAla,qwl,2MS,prophet:Muhammad,qul
7,38,2,1,{doxulu,daxala,dxl,2MP,believers-or-group,2MP-default
7,38,21,1,{d~aAraku,{d~a`raka,drk,2MP,believers-or-group,2MP-default
7,38,30,2,_#aAti,A^taY,Aty,2MS,prophet:Muhammad,2MS-default
7,39,10,2,*uwqu,*aAqu,*wq,2MP,believers-or-group,2MP-default
7,49,8,1,{doxulu,daxala,dxl,2MP,believers-or-group,2MP-default
7,50,7,1,>afiyDu,>afaADa,fyD,2MP,believers-or-group,2MP-default
7,55,1,1,{doEu,daEaA,dEw,2MP,believers-or-group,2MP-default
7,56,7,2,{doEu,daEaA,dEw,2MP,believers-or-group,2MP-default
7,59,8,1,{Eobudu,Eabada,Ebd,2MP,believers-or-group,2MP-default
7,65,7,1,{Eobudu,Eabada,Ebd,2MP,believers-or-group,2MP-default
7,69,11,2,{*okuru,*akara,*kr,2MP,believers-or-group,2MP-default
7,69,23,2,{*okuru,*akara,*kr,2MP,believers-or-group,2MP-default
7,70,11,2,>oti,>ataY,Aty,2MS,prophet:Muhammad,2MS-default
7,71,21,2,{ntaZiru,yantaZiru,nZr,2MP,believers-or-group,2MP-default
7,73,7,1,{Eobudu,Eabada,Ebd,2MP,believers-or-group,2MP-default
7,73,24,2,*aru,ya*ara,w*r,2MP,believers-or-group,2MP-default
7,74,1,2,{*okuru,*akara,*kr,2MP,believers-or-group,2MP-default
7,74,18,2,{*okuru,*akara,*kr,2MP,believers-or-group,2MP-default
7,77,9,1,{}oti,>ataY,Aty,2MS,prophet:Muhammad,2MS-default
7,82,8,1,>axoriju,>axoraja,xrj,2MP,believers-or-group,2MP-default
7,84,4,2,{nZuro,n~aZara,nZr,2MS,prophet:Muhammad,2MS-default
7,85,7,1,{Eobudu,Eabada,Ebd,2MP,believers-or-group,2MP-default
7,85,19,2,>awofu,>awofaY`,wfy,2MP,believers-or-group,2MP-default
7,86,15,2,{*okuru,*akara,*kr,2MP,believers-or-group,2MP-default
7,86,20,2,{nZuru,n~aZara,nZr,2MP,believers-or-group,2MP-default
7,87,12,2,{Sobiru,Sabara,Sbr,2MP,believers-or-group,2MP-default
7,89,35,1,{fotaHo,fataHa,ftH,2MS,prophet:Muhammad,2MS-default
7,103,12,2,{nZuro,n~aZara,nZr,2MS,prophet:Muhammad,2MS-default
7,105,15,2,>arosilo,>arosala,rsl,2MS,prophet:Muhammad,2MS-default
7,106,6,2,>oti,>ataY,Aty,2MS,prophet:Muhammad,2MS-default
7,111,2,1,>aroji,turojiY,rjw,2MS,prophet:Muhammad,2MS-default
7,111,4,2,>arosilo,>arosala,rsl,2MS,prophet:Muhammad,2MS-default
7,116,2,1,>aloqu,>aloqaY`^,lqy,2MP,believers-or-group,2MP-default
7,117,5,1,>aloqi,>aloqaY`^,lqy,2MS,prophet:Muhammad,2MS-default
7,126,12,1,>aforigo,>aforigo,frg,2MS,prophet:Muhammad,2MS-default
7,126,15,2,tawaf~a,tawaf~aY`,wfy,2MS,prophet:Muhammad,2MS-default
7,128,4,1,{sotaEiynu,{sotaEiynu,Ewn,2MP,believers-or-group,2MP-default
7,128,6,2,{Sobiru,Sabara,Sbr,2MP,believers-or-group,2MP-default
7,134,7,1,{doEu,daEaA,dEw,2MS,prophet:Muhammad,2MS-default
7,138,14,1,{joEal,jaEala,jEl,2MS,prophet:Muhammad,2MS-default
7,142,16,1,{xolufo,xalafa,xlf,2MS,prophet:Muhammad,2MS-default
7,142,19,2,>aSoliHo,>aSolaHa,SlH,2MS,prophet:Muhammad,2MS-default
7,143,9,1,>ari,>arayo,rAy,2MS,prophet:Muhammad,2MS-default
7,143,16,1,{nZuro,n~aZara,nZr,2MS,prophet:Muhammad,2MS-default
7,144,9,2,xu*o,>axa*a,Ax*,2MS,prophet:Muhammad,2MS-default
7,144,12,2,kun,kaAna,kwn,2MS,prophet:Muhammad,2MS-default
7,145,12,2,xu*o,>axa*a,Ax*,2MS,prophet:Muhammad,2MS-default
7,145,14,2,>omuro,>amara,Amr,2MS,prophet:Muhammad,2MS-default
7,151,3,1,{gofiro,gafara,gfr,2MS,prophet:Muhammad,2MS-default
7,151,6,2,>adoxilo,>udoxila,dxl,2MS,prophet:Muhammad,2MS-default
7,155,36,2,{gofiro,gafara,gfr,2MS,prophet:Muhammad,2MS-default
7,155,38,2,{roHamo,r~aHima,rHm,2MS,prophet:Muhammad,2MS-default
7,156,1,2,{kotubo,kataba,ktb,2MS,prophet:Muhammad,2MS-default
7,158,1,1,qulo,qaAla,qwl,2MS,humanity,voc
7,158,20,2,_#aAminu,'aAmana,Amn,2MP,humanity,voc
7,158,29,2,{t~abiEu,{t~abaEa,tbE,2MP,humanity,voc
7,160,13,1,{Dorib,Daraba,Drb,2MS,prophet:Muhammad,2MS-default
7,160,33,1,kulu,>akala,Akl,2MP,believers-or-group,2MP-default
7,161,4,1,{sokunu,sakana,skn,2MP,believers-or-group,2MP-default
7,161,7,2,kulu,>akala,Akl,2MP,believers-or-group,2MP-default
7,161,11,2,quwlu,qaAla,qwl,2MP,believers-or-group,2MP-default
7,161,13,2,{doxulu,daxala,dxl,2MP,believers-or-group,2MP-default
7,163,1,2,so_#alo,sa>ala,sAl,2MS,prophet:Muhammad,2MS-default
7,166,9,1,kuwnu,kaAna,kwn,2MP,believers-or-group,2MP-default
7,171,11,1,xu*u,>axa*a,Ax*,2MP,believers-or-group,2MP-default
7,171,15,2,{*okuru,*akara,*kr,2MP,believers-or-group,2MP-default
7,175,1,2,{tolu,talaY`,tlw,2MS,prophet:Muhammad,2MS-default
7,176,27,2,{qoSuSi,qaS~a,qSS,2MS,prophet:Muhammad,2MS-default
7,180,4,2,{doEu,daEaA,dEw,2MP,believers-or-group,2MP-default
7,180,6,2,*aru,ya*ara,w*r,2MP,believers-or-group,2MP-default
7,187,6,1,qulo,qaAla,qwl,2MS,prophet:Muhammad,qul
7,187,28,1,qulo,qaAla,qwl,2MS,prophet:Muhammad,qul
7,188,1,1,qul,qaAla,qwl,2MS,prophet:Muhammad,qul
7,194,9,2,{doEu,daEaA,dEw,2MP,believers-or-group,2MP-default
7,195,20,1,quli,qaAla,qwl,2MS,prophet:Muhammad,qul
7,195,21,1,{doEu,daEaA,dEw,2MP,believers-or-group,2MP-default
7,195,24,1,kiydu,kiydu,kyd,2MP,believers-or-group,2MP-default
7,199,1,1,xu*i,>axa*a,Ax*,2MS,prophet:Muhammad,2MS-default
7,199,3,2,>omuro,>amara,Amr,2MS,prophet:Muhammad,2MS-default
7,199,5,2,>aEoriDo,>aEoraDa,ErD,2MS,prophet:Muhammad,2MS-default
7,200,6,2,{sotaEi*o,{sotaEi*o,Ew*,2MS,prophet:Muhammad,2MS-default
7,203,8,1,qulo,qaAla,qwl,2MS,prophet:Muhammad,qul
7,204,4,2,{sotamiEu,{sotamaEa,smE,2MP,believers-or-group,2MP-default
7,204,6,2,>anSitu,>anSitu,nSt,2MP,believers-or-group,2MP-default
7,205,1,2,{*okur,*akara,*kr,2MS,prophet:Muhammad,2MS-default
8,1,4,1,quli,qaAla,qwl,2MS,prophet:Muhammad,qul
8,1,8,2,{t~aqu,{t~aqaY`,wqy,2MP,believers-or-group,2MP-default
8,1,10,2,>aSoliHu,>aSolaHa,SlH,2MP,believers-or-group,2MP-default
8,1,13,2,>aTiyEu,>aTaAEa,TwE,2MP,believers-or-group,2MP-default
8,12,8,2,vab~itu,vab~ato,vbt,2MP,believers-or-group,2MP-default
8,12,17,2,{Doribu,Daraba,Drb,2MP,believers-or-group,2MP-default
8,12,20,2,{Doribu,Daraba,Drb,2MP,believers-or-group,2MP-default
8,14,2,2,*uwqu,*aAqu,*wq,2MP,believers-or-group,2MP-default
8,20,4,1,>aTiyEu,>aTaAEa,TwE,2MP,believers,voc
8,24,4,1,{sotajiybu,{sotajaAba,jwb,2MP,believers,voc
8,24,11,2,{Eolamu,Ealima,Elm,2MP,believers,voc
8,25,1,2,{t~aqu,{t~aqaY`,wqy,2MP,believers-or-group,2MP-default
8,25,9,2,{Eolamu,Ealima,Elm,2MP,believers-or-group,2MP-default
8,26,1,2,{*okuru,*akara,*kr,2MP,believers-or-group,2MP-default
8,28,1,2,{Eolamu,Ealima,Elm,2MP,believers-or-group,2MP-default
8,32,11,2,>amoTiro,>umoTirato,mTr,2MS,prophet:Muhammad,2MS-default
8,32,17,1,{}oti,>ataY,Aty,2MS,prophet:Muhammad,2MS-default
8,35,9,2,*uwqu,*aAqu,*wq,2MP,believers-or-group,2MP-default
8,38,1,1,qul,qaAla,qwl,2MS,prophet:Muhammad,qul
8,39,1,2,qa`tilu,qa`tala,qtl,2MP,believers-or-group,2MP-default
8,40,3,2,{Eolamu,Ealima,Elm,2MP,believers-or-group,2MP-default
8,41,1,2,{Eolamu,Ealima,Elm,2MP,believers-or-group,2MP-default
8,45,7,2,{vobutu,{vobutu,vbt,2MP,believers,voc
8,45,8,2,{*okuru,*akara,*kr,2MP,believers,voc
8,46,1,2,>aTiyEu,>aTaAEa,TwE,2MP,believers-or-group,2MP-default
8,46,9,2,{Sobiru,Sabara,Sbr,2MP,believers-or-group,2MP-default
8,50,11,2,*uwqu,*aAqu,*wq,2MP,believers-or-group,2MP-default
8,57,5,2,$ar~ido,$ar~ido,$rd,2MS,prophet:Muhammad,2MS-default
8,58,6,2,{n[bi*o,naba*a,nb*,2MS,prophet:Muhammad,2MS-default
8,60,1,2,>aEid~u,>aEad~a,Edd,2MP,believers-or-group,2MP-default
8,61,4,2,{jonaHo,janaHu,jnH,2MS,prophet:Muhammad,2MS-default
8,61,6,2,tawak~alo,tawak~alo,wkl,2MS,prophet:Muhammad,2MS-default
8,65,3,1,Har~iDi,Har~iDi,HrD,2MS,prophet:Muhammad,2MS-default
8,69,1,2,kulu,>akala,Akl,2MP,believers-or-group,2MP-default
8,69,6,2,{t~aqu,{t~aqaY`,wqy,2MP,believers-or-group,2MP-default
8,70,3,1,qul,qaAla,qwl,2MS,prophet:Muhammad,qul
9,2,1,2,siyHu,siyHu,syH,2MP,believers-or-group,2MP-default
9,2,6,2,{Eolamu,Ealima,Elm,2MP,believers-or-group,2MP-default
9,3,23,2,{Eolamu,Ealima,Elm,2MP,believers-or-group,2MP-default
9,3,28,2,ba$~iri,bu$~ira,b$r,2MS,prophet:Muhammad,2MS-default
9,4,14,2,>atim~u,>atam~a,tmm,2MP,believers-or-group,2MP-default
9,5,5,2,{qotulu,qatala,qtl,2MP,believers-or-group,2MP-default
9,5,9,2,xu*u,>axa*a,Ax*,2MP,believers-or-group,2MP-default
9,5,10,2,{HoSuru,HaSirato,HSr,2MP,believers-or-group,2MP-default
9,5,11,2,{qoEudu,qaEada,qEd,2MP,believers-or-group,2MP-default
9,5,21,2,xal~u,xal~u,xlw,2MP,believers-or-group,2MP-default
9,6,6,2,>ajiro,yujiyru,jwr,2MS,prophet:Muhammad,2MS-default
9,6,12,1,>aboligo,>abolagu,blg,2MS,prophet:Muhammad,2MS-default
9,7,18,2,{sotaqiymu,{sotaqa`mu,qwm,2MP,believers-or-group,2MP-default
9,12,10,2,qa`tilu,qa`tala,qtl,2MP,believers-or-group,2MP-default
9,14,1,1,qa`tilu,qa`tala,qtl,2MP,believers-or-group,2MP-default
9,24,1,1,qulo,qaAla,qwl,2MS,prophet:Muhammad,qul
9,24,24,2,tarab~aSu,tarab~aSo,rbS,2MP,believers-or-group,2MP-default
9,29,1,1,qa`tilu,qa`tala,qtl,2MP,believers-or-group,2MP-default
9,34,26,2,ba$~iro,bu$~ira,b$r,2MS,believers,voc
9,35,16,2,*uwqu,*aAqu,*wq,2MP,believers-or-group,2MP-default
9,36,26,2,qa`tilu,qa`tala,qtl,2MP,believers-or-group,2MP-default
9,36,32,2,{Eolamu,Ealima,Elm,2MP,believers-or-group,2MP-default
9,38,9,1,{nfiru,nafara,nfr,2MP,believers,voc
9,41,1,1,{nfiru,nafara,nfr,2MP,believers-or-group,2MP-default
9,41,4,2,ja`hidu,ja`hada,jhd,2MP,believers-or-group,2MP-default
9,46,13,1,{qoEudu,qaEada,qEd,2MP,believers-or-group,2MP-default
9,49,4,1,{}o*an,>a*ina,A*n,2MS,prophet:Muhammad,2MS-default
9,51,1,1,qul,qaAla,qwl,2MS,prophet:Muhammad,qul
9,52,1,1,qulo,qaAla,qwl,2MS,prophet:Muhammad,qul
9,52,19,2,tarab~aSu,tarab~aSo,rbS,2MP,believers-or-group,2MP-default
9,53,1,1,qulo,qaAla,qwl,2MS,prophet:Muhammad,qul
9,53,2,1,>anfiqu,>anfaqa,nfq,2MP,believers-or-group,2MP-default
9,61,8,1,qulo,qaAla,qwl,2MS,prophet:Muhammad,qul
9,64,11,1,quli,qaAla,qwl,2MS,prophet:Muhammad,qul
9,64,12,1,{sotahozi'u,{sotuhozi}a,hzA,2MP,believers-or-group,2MP-default
9,65,8,1,qulo,qaAla,qwl,2MS,prophet:Muhammad,qul
9,73,3,1,ja`hidi,ja`hada,jhd,2MS,prophet:Muhammad,2MS-default
9,73,6,2,{goluZo,{goluZo,glZ,2MS,prophet:Muhammad,2MS-default
9,80,1,1,{sotagofiro,{sotagofara,gfr,2MS,prophet:Muhammad,2MS-default
9,81,20,1,qulo,qaAla,qwl,2MS,prophet:Muhammad,qul
9,83,9,2,qul,qaAla,qwl,2MS,prophet:Muhammad,qul
9,83,23,2,{qoEudu,qaEada,qEd,2MP,believers-or-group,2MP-default
9,86,5,1,'aAminu,'aAmana,Amn,2MP,believers-or-group,2MP-default
9,86,7,2,ja`hidu,ja`hada,jhd,2MP,believers-or-group,2MP-default
9,86,15,1,*aro,ya*ara,w*r,2MS,prophet:Muhammad,2MS-default
9,94,6,1,qul,qaAla,qwl,2MS,prophet:Muhammad,qul
9,95,9,2,>aEoriDu,>aEoraDa,ErD,2MP,believers-or-group,2MP-default
9,103,1,1,xu*o,>axa*a,Ax*,2MS,prophet:Muhammad,2MS-default
9,103,8,2,Sal~i,Sal~aY`,Slw,2MS,prophet:Muhammad,2MS-default
9,105,1,2,quli,qaAla,qwl,2MS,prophet:Muhammad,qul
9,105,2,1,{Eomalu,Eamila,Eml,2MP,believers-or-group,2MP-default
9,111,29,2,{sotabo$iru,yasotabo$iru,b$r,2MP,believers-or-group,2MP-default
9,112,15,2,ba$~iri,bu$~ira,b$r,2MS,prophet:Muhammad,2MS-default
9,119,4,1,{t~aqu,{t~aqaY`,wqy,2MP,believers,voc
9,119,6,2,kuwnu,kaAna,kwn,2MP,believers,voc
9,123,4,1,qa`tilu,qa`tala,qtl,2MP,believers,voc
9,123,12,2,{Eolamu,Ealima,Elm,2MP,believers,voc
9,129,3,2,qulo,qaAla,qwl,2MS,prophet:Muhammad,qul
10,2,10,1,>an*iri,>an*ara,n*r,2MS,prophet:Muhammad,2MS-default
10,2,12,2,ba$~iri,bu$~ira,b$r,2MS,prophet:Muhammad,2MS-default
10,3,27,2,{Eobudu,Eabada,Ebd,2MP,believers-or-group,2MP-default
10,15,11,1,{}oti,>ataY,Aty,2MS,prophet:Muhammad,2MS-default
10,15,16,1,bad~ilo,bad~ala,bdl,2MS,prophet:Muhammad,2MS-default
10,15,17,1,qulo,qaAla,qwl,2MS,prophet:Muhammad,qul
10,16,1,1,qul,qaAla,qwl,2MS,prophet:Muhammad,qul
10,18,15,1,qulo,qaAla,qwl,2MS,prophet:Muhammad,qul
10,20,8,2,qulo,qaAla,qwl,2MS,prophet:Muhammad,qul
10,20,12,2,{ntaZiru,yantaZiru,nZr,2MP,believers-or-group,2MP-default
10,21,14,1,quli,qaAla,qwl,2MS,prophet:Muhammad,qul
10,31,1,1,qulo,qaAla,qwl,2MS,prophet:Muhammad,qul
10,31,25,2,qulo,qaAla,qwl,2MS,prophet:Muhammad,qul
10,34,1,1,qulo,qaAla,qwl,2MS,prophet:Muhammad,qul
10,34,10,1,quli,qaAla,qwl,2MS,prophet:Muhammad,qul
10,35,1,1,qulo,qaAla,qwl,2MS,prophet:Muhammad,qul
10,35,9,1,quli,qaAla,qwl,2MS,prophet:Muhammad,qul
10,38,4,1,qulo,qaAla,qwl,2MS,prophet:Muhammad,qul
10,38,5,2,>otu,>ataY,Aty,2MP,believers-or-group,2MP-default
10,38,8,2,{doEu,daEaA,dEw,2MP,believers-or-group,2MP-default
10,39,15,2,{nZuro,n~aZara,nZr,2MS,prophet:Muhammad,2MS-default
10,41,3,2,qul,qaAla,qwl,2MS,prophet:Muhammad,qul
10,49,1,1,qul,qaAla,qwl,2MS,prophet:Muhammad,qul
10,50,1,1,qulo,qaAla,qwl,2MS,prophet:Muhammad,qul
10,52,5,1,*uwqu,*aAqu,*wq,2MP,believers-or-group,2MP-default
10,53,4,1,qulo,qaAla,qwl,2MS,prophet:Muhammad,qul
10,58,1,1,qulo,qaAla,qwl,2MS,prophet:Muhammad,qul
10,59,1,1,qulo,qaAla,qwl,2MS,prophet:Muhammad,qul
10,59,13,1,qulo,qaAla,qwl,2MS,prophet:Muhammad,qul
10,69,1,1,qulo,qaAla,qwl,2MS,prophet:Muhammad,qul
10,71,1,2,{tolu,talaY`,tlw,2MS,prophet:Muhammad,2MS-default
10,71,20,2,>ajomiEu,>ajomaEu,jmE,2MP,believers-or-group,2MP-default
10,71,30,1,{qoDu,qaDaY`^,qDy,2MP,believers-or-group,2MP-default
10,73,13,2,{nZuro,n~aZara,nZr,2MS,prophet:Muhammad,2MS-default
10,79,3,1,{}otu,>ataY,Aty,2MP,believers-or-group,2MP-default
10,80,7,1,>aloqu,>aloqaY`^,lqy,2MP,believers-or-group,2MP-default
10,84,9,1,tawak~alu,tawak~alo,wkl,2MP,believers-or-group,2MP-default
10,86,1,2,naj~i,naj~aY`,njw,2MS,prophet:Muhammad,2MS-default
10,87,6,1,tabaw~a'a,yatabaw~a>u,bwA,2MD,dual-addressee,2MD
10,87,10,2,{joEalu,jaEala,jEl,2MP,believers-or-group,2MP-default
10,87,13,2,>aqiymu,>aqaAma,qwm,2MP,believers-or-group,2MP-default
10,87,15,2,ba$~iri,bu$~ira,b$r,2MS,prophet:Muhammad,2MS-default
10,88,18,1,{Tomiso,Tumisato,Tms,2MS,prophet:Muhammad,2MS-default
10,88,21,2,{$odudo,$adado,$dd,2MS,prophet:Muhammad,2MS-default
10,89,5,2,{sotaqiyma,{sotaqa`mu,qwm,2MD,dual-addressee,2MD
10,94,8,2,so_#ali,sa>ala,sAl,2MS,prophet:Muhammad,2MS-default
10,101,1,1,quli,qaAla,qwl,2MS,prophet:Muhammad,qul
10,101,2,1,{nZuru,n~aZara,nZr,2MP,believers-or-group,2MP-default
10,102,10,1,qulo,qaAla,qwl,2MS,prophet:Muhammad,qul
10,102,11,2,{ntaZiru,yantaZiru,nZr,2MP,believers-or-group,2MP-default
10,104,1,1,qulo,qaAla,qwl,2MS,humanity,voc
10,105,2,1,>aqimo,>aqaAma,qwm,2MS,prophet:Muhammad,2MS-default
10,108,1,1,qulo,qaAla,qwl,2MS,humanity,voc
10,109,1,2,{t~abiEo,{t~abaEa,tbE,2MS,prophet:Muhammad,2MS-default
10,109,5,2,{Sobiro,Sabara,Sbr,2MS,prophet:Muhammad,2MS-default
11,3,2,1,{sotagofiru,{sotagofara,gfr,2MP,believers-or-group,2MP-default
11,3,5,1,tuwbu,taAba,twb,2MP,believers-or-group,2MP-default
11,13,4,1,qulo,qaAla,qwl,2MS,prophet:Muhammad,qul
11,13,5,2,>otu,>ataY,Aty,2MP,believers-or-group,2MP-default
11,13,10,2,{doEu,daEaA,dEw,2MP,believers-or-group,2MP-default
11,14,4,2,{Eolamu,Ealima,Elm,2MP,believers-or-group,2MP-default
11,32,7,2,>oti,>ataY,Aty,2MS,prophet:Muhammad,2MS-default
11,35,4,1,qulo,qaAla,qwl,2MS,prophet:Muhammad,qul
11,37,1,2,{SonaEi,SanaEu,SnE,2MS,prophet:Muhammad,2MS-default
11,37,6,1,tuxa`Tibo,xaATaba,xTb,2MS,prophet:Muhammad,2MS-default
11,40,8,1,{Homilo,Hamala,Hml,2MS,prophet:Muhammad,2MS-default
11,41,2,1,{rokabu,rakiba,rkb,2MP,believers-or-group,2MP-default
11,42,14,1,{rokab,rakiba,rkb,2MS,prophet:Muhammad,2MS-default
11,44,3,1,{bolaEi,{bolaEi,blE,2FS,female-individual,2FS
11,44,6,1,>aqoliEi,>aqoliEi,qlE,2FS,female-individual,2FS
11,48,3,1,{hobiTo,yahobiTu,hbT,2MS,prophet:Muhammad,2MS-default
11,49,16,2,{Sobiro,Sabara,Sbr,2MS,prophet:Muhammad,2MS-default
11,50,7,1,{Eobudu,Eabada,Ebd,2MP,believers-or-group,2MP-default
11,52,2,1,{sotagofiru,{sotagofara,gfr,2MP,believers-or-group,2MP-default
11,52,5,1,tuwbu,taAba,twb,2MP,believers-or-group,2MP-default
11,54,12,2,{$ohadu,$ahida,$hd,2MP,believers-or-group,2MP-default
11,61,7,1,{Eobudu,Eabada,Ebd,2MP,believers-or-group,2MP-default
11,61,20,2,{sotagofiru,{sotagofara,gfr,2MP,believers-or-group,2MP-default
11,61,22,1,tuwbu,taAba,twb,2MP,believers-or-group,2MP-default
11,64,7,2,*aru,ya*ara,w*r,2MP,believers-or-group,2MP-default
11,65,3,1,tamat~aEu,tamat~aEa,mtE,2MP,believers-or-group,2MP-default
11,76,2,1,>aEoriDo,>aEoraDa,ErD,2MS,prophet:Muhammad,2MS-default
11,78,17,2,{t~aqu,{t~aqaY`,wqy,2MP,believers-or-group,2MP-default
11,81,9,2,>asori,>asoraY`,sry,2MS,prophet:Muhammad,2MS-default
11,84,7,1,{Eobudu,Eabada,Ebd,2MP,believers-or-group,2MP-default
11,85,2,1,>awofu,>awofaY`,wfy,2MP,believers-or-group,2MP-default
11,90,1,2,{sotagofiru,{sotagofara,gfr,2MP,believers-or-group,2MP-default
11,90,4,1,tuwbu,taAba,twb,2MP,believers-or-group,2MP-default
11,93,2,1,{Eomalu,Eamila,Eml,2MP,believers-or-group,2MP-default
11,93,16,2,{rotaqibu,{rotaqibo,rqb,2MP,believers-or-group,2MP-default
11,112,1,2,{sotaqimo,{sotaqa`mu,qwm,2MS,prophet:Muhammad,2MS-default
11,114,1,2,>aqimi,>aqaAma,qwm,2MS,prophet:Muhammad,2MS-default
11,115,1,2,{Sobiro,Sabara,Sbr,2MS,prophet:Muhammad,2MS-default
11,121,1,2,qul,qaAla,qwl,2MS,prophet:Muhammad,qul
11,121,5,1,{Eomalu,Eamila,Eml,2MP,believers-or-group,2MP-default
11,122,1,2,{ntaZiru,yantaZiru,nZr,2MP,believers-or-group,2MP-default
11,123,9,2,{Eobudo,Eabada,Ebd,2MS,prophet:Muhammad,2MS-default
11,123,10,2,tawak~alo,tawak~alo,wkl,2MS,prophet:Muhammad,2MS-default
12,9,1,1,{qotulu,qatala,qtl,2MP,believers-or-group,2MP-default
12,9,4,1,{ToraHu,{ToraHu,TrH,2MP,believers-or-group,2MP-default
12,10,7,2,>aloqu,>aloqaY`^,lqy,2MP,believers-or-group,2MP-default
12,12,1,1,>arosilo,>arosala,rsl,2MS,prophet:Muhammad,2MS-default
12,21,7,1,>akorimi,>akorama,krm,2FS,female-individual,2FS
12,23,11,1,hayota,hayota,hyt,2MS,prophet:Muhammad,2MS-default
12,29,2,1,>aEoriDo,>aEoraDa,ErD,2MS,prophet:Muhammad,2MS-default
12,29,5,2,{sotagofiri,{sotagofara,gfr,2FS,female-individual,2FS
12,31,15,1,{xorujo,xaraja,xrj,2MS,prophet:Muhammad,2MS-default
12,36,22,1,nab~i}o,nab~a>a,nbA,2MS,prophet:Muhammad,2MS-default
12,42,7,1,{*okuro,*akara,*kr,2MS,prophet:Muhammad,2MS-default
12,43,18,1,>afotu,yufotiy,fty,2MP,believers-or-group,2MP-default
12,45,11,2,>arosilu,>arosala,rsl,2MP,believers-or-group,2MP-default
12,46,4,1,>afoti,yufotiy,fty,2MS,prophet:Muhammad,2MS-default
12,47,8,2,*aru,ya*ara,w*r,2MP,believers-or-group,2MP-default
12,50,3,1,{}otu,>ataY,Aty,2MP,believers-or-group,2MP-default
12,50,9,1,{rojiEo,rajaEa,rjE,2MS,prophet:Muhammad,2MS-default
12,50,12,2,so_#alo,sa>ala,sAl,2MS,prophet:Muhammad,2MS-default
12,54,3,1,{}otu,>ataY,Aty,2MP,believers-or-group,2MP-default
12,55,2,1,{joEalo,jaEala,jEl,2MS,prophet:Muhammad,2MS-default
12,59,5,1,{}otu,>ataY,Aty,2MP,believers-or-group,2MP-default
12,62,3,1,{joEalu,jaEala,jEl,2MP,believers-or-group,2MP-default
12,63,10,2,>arosilo,>arosala,rsl,2MS,prophet:Muhammad,2MS-default
12,67,8,2,{doxulu,daxala,dxl,2MP,believers-or-group,2MP-default
12,78,9,2,xu*o,>axa*a,Ax*,2MS,prophet:Muhammad,2MS-default
12,81,1,1,{rojiEu,rajaEa,rjE,2MP,believers-or-group,2MP-default
12,81,4,2,quwlu,qaAla,qwl,2MP,believers-or-group,2MP-default
12,82,1,2,so_#ali,sa>ala,sAl,2MS,prophet:Muhammad,2MS-default
12,87,2,1,{*ohabu,*ahaba,*hb,2MP,believers-or-group,2MP-default
12,87,3,2,taHas~asu,taHas~asu,Hss,2MP,believers-or-group,2MP-default
12,88,13,2,>awofi,>awofaY`,wfy,2MS,prophet:Muhammad,2MS-default
12,88,16,2,taSad~aqo,taSad~aqa,Sdq,2MS,prophet:Muhammad,2MS-default
12,93,1,1,{*ohabu,*ahaba,*hb,2MP,believers-or-group,2MP-default
12,93,4,2,>aloqu,>aloqaY`^,lqy,2MP,believers-or-group,2MP-default
12,93,10,2,>otu,>ataY,Aty,2MP,believers-or-group,2MP-default
12,97,3,1,{sotagofiro,{sotagofara,gfr,2MS,prophet:Muhammad,2MS-default
12,99,9,1,{doxulu,daxala,dxl,2MP,believers-or-group,2MP-default
12,101,20,2,>aloHiqo,>aloHaqo,lHq,2MS,prophet:Muhammad,2MS-default
12,108,1,1,qulo,qaAla,qwl,2MS,prophet:Muhammad,qul
13,16,1,1,qulo,qaAla,qwl,2MS,prophet:Muhammad,qul
13,16,6,1,quli,qaAla,qwl,2MS,prophet:Muhammad,qul
13,16,8,1,qulo,qaAla,qwl,2MS,prophet:Muhammad,qul
13,16,19,1,qulo,qaAla,qwl,2MS,prophet:Muhammad,qul
13,16,38,1,quli,qaAla,qwl,2MS,prophet:Muhammad,qul
13,27,10,1,qulo,qaAla,qwl,2MS,prophet:Muhammad,qul
13,30,18,1,qulo,qaAla,qwl,2MS,prophet:Muhammad,qul
13,33,12,1,qulo,qaAla,qwl,2MS,prophet:Muhammad,qul
13,33,13,1,sam~u,sam~aY`,smw,2MP,believers-or-group,2MP-default
13,36,13,1,qulo,qaAla,qwl,2MS,prophet:Muhammad,qul
13,43,6,1,qulo,qaAla,qwl,2MS,prophet:Muhammad,qul
14,5,6,1,>axorijo,>axoraja,xrj,2MS,prophet:Muhammad,2MS-default
14,5,12,2,*ak~iro,*uk~ira,*kr,2MS,prophet:Muhammad,2MS-default
14,6,5,1,{*okuru,*akara,*kr,2MP,believers-or-group,2MP-default
14,10,31,2,>otu,>ataY,Aty,2MP,believers-or-group,2MP-default
14,22,26,2,luwmu,lumo,lwm,2MP,believers-or-group,2MP-default
14,30,7,1,qulo,qaAla,qwl,2MS,prophet:Muhammad,qul
14,30,8,1,tamat~aEu,tamat~aEa,mtE,2MP,believers-or-group,2MP-default
14,31,1,1,qul,qaAla,qwl,2MS,prophet:Muhammad,qul
14,35,5,1,{joEalo,jaEala,jEl,2MS,prophet:Muhammad,2MS-default
14,35,9,2,{jonubo,{jonubo,jnb,2MS,prophet:Muhammad,2MS-default
14,37,16,2,{joEalo,jaEala,jEl,2MS,prophet:Muhammad,2MS-default
14,37,22,2,{rozuqo,razaqa,rzq,2MS,prophet:Muhammad,2MS-default
14,40,2,1,{joEalo,jaEala,jEl,2MS,prophet:Muhammad,2MS-default
14,40,8,2,taqab~alo,taqab~ala,qbl,2MS,prophet:Muhammad,2MS-default
14,41,2,1,{gofiro,gafara,gfr,2MS,prophet:Muhammad,2MS-default
14,44,1,2,>an*iri,>an*ara,n*r,2MS,prophet:Muhammad,2MS-default
14,44,10,1,>ax~iro,>ax~ara,Axr,2MS,prophet:Muhammad,2MS-default
15,3,1,1,*aro,ya*ara,w*r,2MS,prophet:Muhammad,2MS-default
15,29,7,2,qaEu,waqaEa,wqE,2MP,believers-or-group,2MP-default
15,34,2,2,{xorujo,xaraja,xrj,2MS,prophet:Muhammad,2MS-default
15,36,3,2,>anZiro,yunZaru,nZr,2MS,prophet:Muhammad,2MS-default
15,46,1,1,{doxulu,daxala,dxl,2MP,believers-or-group,2MP-default
15,49,1,1,nab~i}o,nab~a>a,nbA,2MS,prophet:Muhammad,2MS-default
15,51,1,2,nab~i}o,nab~a>a,nbA,2MS,prophet:Muhammad,2MS-default
15,65,1,2,>asori,>asoraY`,sry,2MS,prophet:Muhammad,2MS-default
15,65,6,2,{t~abiEo,{t~abaEa,tbE,2MS,prophet:Muhammad,2MS-default
15,65,12,2,{moDu,maDaY`,mDy,2MP,believers-or-group,2MP-default
15,69,1,2,{t~aqu,{t~aqaY`,wqy,2MP,believers-or-group,2MP-default
15,85,12,2,{SofaHi,yaSofaHu,SfH,2MS,prophet:Muhammad,2MS-default
15,88,13,2,{xofiDo,{xofiDo,xfD,2MS,prophet:Muhammad,2MS-default
15,89,1,2,qulo,qaAla,qwl,2MS,prophet:Muhammad,qul
15,94,1,2,{SodaEo,{SodaEo,SdE,2MS,prophet:Muhammad,2MS-default
15,94,4,2,>aEoriDo,>aEoraDa,ErD,2MS,prophet:Muhammad,2MS-default
15,98,1,2,sab~iHo,sab~aHa,sbH,2MS,prophet:Muhammad,2MS-default
15,98,4,2,kun,kaAna,kwn,2MS,prophet:Muhammad,2MS-default
15,99,1,2,{Eobudo,Eabada,Ebd,2MS,prophet:Muhammad,2MS-default
16,2,12,1,>an*iru,>an*ara,n*r,2MP,believers-or-group,2MP-default
16,2,18,2,{t~aqu,{t~aqaY`,wqy,2MP,believers-or-group,2MP-default
16,29,1,2,{doxulu,daxala,dxl,2MP,believers-or-group,2MP-default
16,32,8,1,{doxulu,daxala,dxl,2MP,believers-or-group,2MP-default
16,36,8,1,{Eobudu,Eabada,Ebd,2MP,believers-or-group,2MP-default
16,36,10,2,{jotanibu,{jotanabu,jnb,2MP,believers-or-group,2MP-default
16,36,21,2,siyru,saAra,syr,2MP,believers-or-group,2MP-default
16,36,24,2,{nZuru,n~aZara,nZr,2MP,believers-or-group,2MP-default
16,40,9,1,kun,kaAna,kwn,2MS,prophet:Muhammad,2MS-default
16,43,9,2,so_#alu,sa>ala,sAl,2MP,believers-or-group,2MP-default
16,51,12,2,{rohabu,yarohabu,rhb,2MP,believers-or-group,2MP-default
16,55,4,2,tamat~aEu,tamat~aEa,mtE,2MP,believers-or-group,2MP-default
16,68,6,1,{t~axi*i,{t~axa*a,Ax*,2FS,female-individual,2FS
16,69,2,1,kuli,>akala,Akl,2FS,female-individual,2FS
16,69,6,2,{soluki,salaka,slk,2FS,female-individual,2FS
16,91,1,2,>awofu,>awofaY`,wfy,2MP,believers-or-group,2MP-default
16,98,4,2,{sotaEi*o,{sotaEi*o,Ew*,2MS,prophet:Muhammad,2MS-default
16,102,1,1,qulo,qaAla,qwl,2MS,prophet:Muhammad,qul
16,114,1,2,kulu,>akala,Akl,2MP,believers-or-group,2MP-default
16,114,7,2,{$okuru,$akara,$kr,2MP,believers-or-group,2MP-default
16,123,5,1,{t~abiEo,{t~abaEa,tbE,2MS,prophet:Muhammad,2MS-default
16,125,1,1,{doEu,daEaA,dEw,2MS,prophet:Muhammad,2MS-default
16,125,8,2,ja`dilo,ja`dalu,jdl,2MS,prophet:Muhammad,2MS-default
16,126,3,2,EaAqibu,EaAqaba,Eqb,2MP,believers-or-group,2MP-default
16,127,1,2,{Sobiro,Sabara,Sbr,2MS,prophet:Muhammad,2MS-default
17,14,1,1,{qora>o,qara>a,qrA,2MS,prophet:Muhammad,2MS-default
17,21,1,1,{nZuro,n~aZara,nZr,2MS,prophet:Muhammad,2MS-default
17,23,22,2,qul,qaAla,qwl,2MS,prophet:Muhammad,qul
17,24,1,2,{xofiDo,{xofiDo,xfD,2MS,prophet:Muhammad,2MS-default
17,24,7,2,qul,qaAla,qwl,2MS,prophet:Muhammad,qul
17,24,9,1,{roHamo,r~aHima,rHm,2MS,prophet:Muhammad,2MS-default
17,26,1,2,'aAti,A^taY,Aty,2MS,prophet:Muhammad,2MS-default
17,28,9,2,qul,qaAla,qwl,2MS,prophet:Muhammad,qul
17,34,12,2,>awofu,>awofaY`,wfy,2MP,believers-or-group,2MP-default
17,35,1,2,>awofu,>awofaY`,wfy,2MP,believers-or-group,2MP-default
17,35,5,2,zinu,w~azanu,wzn,2MP,believers-or-group,2MP-default
17,42,1,1,qul,qaAla,qwl,2MS,prophet:Muhammad,qul
17,48,1,1,{nZuro,n~aZara,nZr,2MS,prophet:Muhammad,2MS-default
17,50,1,1,qulo,qaAla,qwl,2MS,prophet:Muhammad,qul
17,50,2,1,kuwnu,kaAna,kwn,2MP,believers-or-group,2MP-default
17,51,10,1,quli,qaAla,qwl,2MS,prophet:Muhammad,qul
17,51,21,1,qulo,qaAla,qwl,2MS,prophet:Muhammad,qul
17,53,1,2,qul,qaAla,qwl,2MS,prophet:Muhammad,qul
17,56,1,1,quli,qaAla,qwl,2MS,prophet:Muhammad,qul
17,56,2,1,{doEu,daEaA,dEw,2MP,believers-or-group,2MP-default
17,61,4,1,{sojudu,sajada,sjd,2MP,believers-or-group,2MP-default
17,63,2,1,{*ohabo,*ahaba,*hb,2MS,prophet:Muhammad,2MS-default
17,64,1,2,{sotafozizo,yasotafiz~a,fzz,2MS,prophet:Muhammad,2MS-default
17,64,6,2,>ajolibo,>ajolibo,jlb,2MS,prophet:Muhammad,2MS-default
17,64,10,2,$aAriko,$aAriko,$rk,2MS,prophet:Muhammad,2MS-default
17,64,14,2,Eido,waEada,wEd,2MS,prophet:Muhammad,2MS-default
17,78,1,1,>aqimi,>aqaAma,qwm,2MS,prophet:Muhammad,2MS-default
17,79,3,2,tahaj~ado,tahaj~ado,hjd,2MS,prophet:Muhammad,2MS-default
17,80,1,2,qul,qaAla,qwl,2MS,prophet:Muhammad,qul
17,80,3,1,>adoxilo,>udoxila,dxl,2MS,prophet:Muhammad,2MS-default
17,80,6,2,>axorijo,>axoraja,xrj,2MS,prophet:Muhammad,2MS-default
17,80,9,2,{joEal,jaEala,jEl,2MS,prophet:Muhammad,2MS-default
17,81,1,2,qulo,qaAla,qwl,2MS,prophet:Muhammad,qul
17,84,1,1,qulo,qaAla,qwl,2MS,prophet:Muhammad,qul
17,85,4,1,quli,qaAla,qwl,2MS,prophet:Muhammad,qul
17,88,1,1,qul,qaAla,qwl,2MS,prophet:Muhammad,qul
17,93,19,1,qulo,qaAla,qwl,2MS,prophet:Muhammad,qul
17,95,1,1,qul,qaAla,qwl,2MS,prophet:Muhammad,qul
17,96,1,1,qulo,qaAla,qwl,2MS,prophet:Muhammad,qul
17,100,1,1,qul,qaAla,qwl,2MS,prophet:Muhammad,qul
17,101,7,2,so_#alo,sa>ala,sAl,2MS,prophet:Muhammad,2MS-default
17,104,6,1,{sokunu,sakana,skn,2MP,believers-or-group,2MP-default
17,107,1,1,qulo,qaAla,qwl,2MS,prophet:Muhammad,qul
17,107,2,1,'aAminu,'aAmana,Amn,2MP,believers-or-group,2MP-default
17,110,1,1,quli,qaAla,qwl,2MS,prophet:Muhammad,qul
17,110,2,1,{doEu,daEaA,dEw,2MP,believers-or-group,2MP-default
17,110,5,1,{doEu,daEaA,dEw,2MP,believers-or-group,2MP-default
17,110,19,2,{botagi,{botagaY`,bgy,2MS,prophet:Muhammad,2MS-default
17,111,1,2,quli,qaAla,qwl,2MS,prophet:Muhammad,qul
17,111,20,2,kab~iro,kab~iro,kbr,2MS,prophet:Muhammad,2MS-default
18,10,8,1,'aAti,A^taY,Aty,2MS,prophet:Muhammad,2MS-default
18,10,12,2,hay~i}o,yuhay~i}o,hyA,2MS,prophet:Muhammad,2MS-default
18,16,7,2,>owu,>awaY,Awy,2MP,believers-or-group,2MP-default
18,19,21,2,{boEavu,baEava,bEv,2MP,believers-or-group,2MP-default
18,21,19,1,{bonu,banaY`,bny,2MP,believers-or-group,2MP-default
18,22,15,1,qul,qaAla,qwl,2MS,prophet:Muhammad,qul
18,24,5,2,{*okur,*akara,*kr,2MS,prophet:Muhammad,2MS-default
18,24,9,2,qulo,qaAla,qwl,2MS,prophet:Muhammad,qul
18,26,1,1,quli,qaAla,qwl,2MS,prophet:Muhammad,qul
18,26,10,1,>aboSiro,>aboSara,bSr,2MS,prophet:Muhammad,2MS-default
18,26,12,2,>asomiEo,>asomaEa,smE,2MS,prophet:Muhammad,2MS-default
18,27,1,2,{tolu,talaY`,tlw,2MS,prophet:Muhammad,2MS-default
18,28,1,2,{Sobiro,Sabara,Sbr,2MS,prophet:Muhammad,2MS-default
18,29,1,2,quli,qaAla,qwl,2MS,prophet:Muhammad,qul
18,32,1,2,{Doribo,Daraba,Drb,2MS,prophet:Muhammad,2MS-default
18,45,1,2,{Doribo,Daraba,Drb,2MS,prophet:Muhammad,2MS-default
18,50,4,1,{sojudu,sajada,sjd,2MP,believers-or-group,2MP-default
18,52,3,1,naAdu,naAdaY`,ndw,2MP,believers-or-group,2MP-default
18,62,5,1,'aAti,A^taY,Aty,2MS,prophet:Muhammad,2MS-default
18,83,5,1,qulo,qaAla,qwl,2MS,prophet:Muhammad,qul
18,95,7,2,>aEiynu,>aEaAna,Ewn,2MP,believers-or-group,2MP-default
18,96,1,1,'aAtu,A^taY,Aty,2MP,believers-or-group,2MP-default
18,96,10,1,{nfuxu,nafaxa,nfx,2MP,believers-or-group,2MP-default
18,96,16,1,'aAtu,A^taY,Aty,2MP,believers-or-group,2MP-default
18,103,1,1,qulo,qaAla,qwl,2MS,prophet:Muhammad,qul
18,109,1,1,qul,qaAla,qwl,2MS,prophet:Muhammad,qul
18,110,1,1,qulo,qaAla,qwl,2MS,prophet:Muhammad,qul
19,5,9,2,habo,wahaba,whb,2MS,prophet:Muhammad,2MS-default
19,6,6,2,{joEalo,jaEala,jEl,2MS,prophet:Muhammad,2MS-default
19,10,3,1,{joEal,jaEala,jEl,2MS,prophet:Muhammad,2MS-default
19,11,9,1,sab~iHu,sab~aHa,sbH,2MP,believers-or-group,2MP-default
19,12,2,1,xu*i,>axa*a,Ax*,2MS,prophet:Muhammad,2MS-default
19,16,1,2,{*okuro,*akara,*kr,2MS,prophet:Muhammad,2MS-default
19,25,1,2,huz~i,huz~i,hzz,2FS,female-individual,2FS
19,26,1,2,kuli,>akala,Akl,2FS,female-individual,2FS
19,26,2,2,{$orabi,$ariba,$rb,2FS,female-individual,2FS
19,26,3,2,qar~i,taqar~a,qrr,2FS,female-individual,2FS
19,26,10,2,quwli,qaAla,qwl,2FS,female-individual,2FS
19,35,15,1,kun,kaAna,kwn,2MS,prophet:Muhammad,2MS-default
19,36,5,2,{Eobudu,Eabada,Ebd,2MP,believers-or-group,2MP-default
19,38,1,1,>asomiEo,>asomaEa,smE,2MS,prophet:Muhammad,2MS-default
19,38,3,2,>aboSiro,>aboSara,bSr,2MS,prophet:Muhammad,2MS-default
19,39,1,2,>an*iro,>an*ara,n*r,2MS,prophet:Muhammad,2MS-default
19,41,1,2,{*okuro,*akara,*kr,2MS,prophet:Muhammad,2MS-default
19,43,10,2,{t~abiEo,{t~abaEa,tbE,2MS,prophet:Muhammad,2MS-default
19,46,11,2,{hojuro,{hojuro,hjr,2MS,prophet:Muhammad,2MS-default
19,51,1,2,{*okuro,*akara,*kr,2MS,prophet:Muhammad,2MS-default
19,54,1,2,{*okuro,*akara,*kr,2MS,prophet:Muhammad,2MS-default
19,56,1,2,{*okuro,*akara,*kr,2MS,prophet:Muhammad,2MS-default
19,65,6,2,{Eobudo,Eabada,Ebd,2MS,prophet:Muhammad,2MS-default
19,65,7,2,{SoTabiro,{SoTabiro,Sbr,2MS,prophet:Muhammad,2MS-default
19,75,1,1,qulo,qaAla,qwl,2MS,prophet:Muhammad,qul
20,10,6,1,{mokuvu,makava,mkv,2MP,believers-or-group,2MP-default
20,12,4,2,{xolaEo,{xolaEo,xlE,2MS,prophet:Muhammad,2MS-default
20,13,3,2,{sotamiEo,{sotamaEa,smE,2MS,prophet:Muhammad,2MS-default
20,14,8,2,{Eobudo,Eabada,Ebd,2MS,prophet:Muhammad,2MS-default
20,14,9,2,>aqimi,>aqaAma,qwm,2MS,prophet:Muhammad,2MS-default
20,19,2,1,>aloqi,>aloqaY`^,lqy,2MS,prophet:Muhammad,2MS-default
20,21,2,1,xu*o,>axa*a,Ax*,2MS,prophet:Muhammad,2MS-default
20,22,1,2,{Domumo,{Domumo,Dmm,2MS,prophet:Muhammad,2MS-default
20,24,1,1,{*ohabo,*ahaba,*hb,2MS,prophet:Muhammad,2MS-default
20,25,3,1,{$oraHo,$araHa,$rH,2MS,prophet:Muhammad,2MS-default
20,26,1,2,yas~iro,yas~ara,ysr,2MS,prophet:Muhammad,2MS-default
20,27,1,2,{Holulo,Halalo,Hll,2MS,prophet:Muhammad,2MS-default
20,29,1,2,{joEal,jaEala,jEl,2MS,prophet:Muhammad,2MS-default
20,31,1,1,{$odudo,$adado,$dd,2MS,prophet:Muhammad,2MS-default
20,32,1,2,>a$oriko,>a$oraka,$rk,2MS,prophet:Muhammad,2MS-default
20,39,2,1,{qo*ifi,qa*afa,q*f,2FS,female-individual,2FS
20,39,5,2,{qo*ifi,qa*afa,q*f,2FS,female-individual,2FS
20,42,1,1,{*ohabo,*ahaba,*hb,2MS,prophet:Muhammad,2MS-default
20,43,1,1,{*ohaba,*ahaba,*hb,2MD,dual-addressee,2MD
20,44,1,2,quwla,qaAla,qwl,,unknown,unknown
20,47,1,2,>otiya,>ataY,Aty,2MD,dual-addressee,2MD
20,47,2,2,quwla,qaAla,qwl,,unknown,unknown
20,47,6,2,>arosilo,>arosala,rsl,2MS,prophet:Muhammad,2MS-default
20,54,1,1,kulu,>akala,Akl,2MP,believers-or-group,2MP-default
20,54,2,2,{roEa,raEa,rEy,2MP,believers-or-group,2MP-default
20,58,4,2,{joEalo,jaEala,jEl,2MS,prophet:Muhammad,2MS-default
20,64,1,2,>ajomiEu,>ajomaEu,jmE,2MP,believers-or-group,2MP-default
20,64,4,1,{}otu,>ataY,Aty,2MP,believers-or-group,2MP-default
20,66,3,1,>aloqu,>aloqaY`^,lqy,2MP,believers-or-group,2MP-default
20,69,1,2,>aloqi,>aloqaY`^,lqy,2MS,prophet:Muhammad,2MS-default
20,72,11,2,{qoDi,qaDaY`^,qDy,2MS,prophet:Muhammad,2MS-default
20,77,6,1,>asori,>asoraY`,sry,2MS,prophet:Muhammad,2MS-default
20,77,8,2,{Doribo,Daraba,Drb,2MS,prophet:Muhammad,2MS-default
20,81,1,1,kulu,>akala,Akl,2MP,believers-or-group,2MP-default
20,90,14,2,{t~abiEu,{t~abaEa,tbE,2MP,believers-or-group,2MP-default
20,90,15,2,>aTiyEu,>aTaAEa,TwE,2MP,believers-or-group,2MP-default
20,97,2,2,{*ohabo,*ahaba,*hb,2MS,prophet:Muhammad,2MS-default
20,97,16,2,{nZuro,n~aZara,nZr,2MS,prophet:Muhammad,2MS-default
20,105,4,2,qulo,qaAla,qwl,2MS,prophet:Muhammad,qul
20,114,14,2,qul,qaAla,qwl,2MS,prophet:Muhammad,qul
20,114,16,1,zido,zaAda,zyd,2MS,prophet:Muhammad,2MS-default
20,116,4,1,{sojudu,sajada,sjd,2MP,believers-or-group,2MP-default
20,123,2,1,{hobiTa,yahobiTu,hbT,2MD,dual-addressee,2MD
20,130,1,2,{Sobiro,Sabara,Sbr,2MS,prophet:Muhammad,2MS-default
20,130,5,2,sab~iHo,sab~aHa,sbH,2MS,prophet:Muhammad,2MS-default
20,130,16,2,sab~iHo,sab~aHa,sbH,2MS,prophet:Muhammad,2MS-default
20,132,1,2,>omuro,>amara,Amr,2MS,prophet:Muhammad,2MS-default
20,132,4,2,{SoTabiro,{SoTabiro,Sbr,2MS,prophet:Muhammad,2MS-default
20,135,1,1,qulo,qaAla,qwl,2MS,prophet:Muhammad,qul
20,135,4,2,tarab~aSu,tarab~aSo,rbS,2MP,believers-or-group,2MP-default
21,7,8,2,so_#alu,sa>ala,sAl,2MP,believers-or-group,2MP-default
21,13,3,2,{rojiEu,rajaEa,rjE,2MP,believers-or-group,2MP-default
21,24,6,1,qulo,qaAla,qwl,2MS,prophet:Muhammad,qul
21,24,7,1,haAtu,haAtu,hAt,2MP,believers-or-group,2MP-default
21,25,15,2,{Eobudu,Eabada,Ebd,2MP,believers-or-group,2MP-default
21,42,1,1,qulo,qaAla,qwl,2MS,prophet:Muhammad,qul
21,45,1,1,qulo,qaAla,qwl,2MS,prophet:Muhammad,qul
21,61,2,2,>otu,>ataY,Aty,2MP,believers-or-group,2MP-default
21,63,6,2,so_#alu,sa>ala,sAl,2MP,believers-or-group,2MP-default
21,68,2,1,Har~iqu,Har~iqu,Hrq,2MP,believers-or-group,2MP-default
21,68,3,2,{nSuru,naSara,nSr,2MP,believers-or-group,2MP-default
21,69,3,1,kuwni,kaAna,kwn,2FS,female-individual,2FS
21,92,8,2,{Eobudu,Eabada,Ebd,2MP,believers-or-group,2MP-default
21,108,1,1,qulo,qaAla,qwl,2MS,prophet:Muhammad,qul
21,109,3,2,qulo,qaAla,qwl,2MS,prophet:Muhammad,qul
21,112,3,1,{Hokum,Hakama,Hkm,2MS,prophet:Muhammad,2MS-default
22,1,3,1,{t~aqu,{t~aqaY`,wqy,2MP,humanity,voc
22,22,10,2,*uwqu,*aAqu,*wq,2MP,believers-or-group,2MP-default
22,26,11,2,Tah~iro,Tah~ara,Thr,2MS,prophet:Muhammad,2MS-default
22,27,1,2,>a*~in,>a*~ana,A*n,2MS,prophet:Muhammad,2MS-default
22,28,16,2,kulu,>akala,Akl,2MP,believers-or-group,2MP-default
22,28,18,2,>aToEimu,>aToEama,TEm,2MP,believers-or-group,2MP-default
22,30,18,2,{jotanibu,{jotanabu,jnb,2MP,believers-or-group,2MP-default
22,30,22,2,{jotanibu,{jotanabu,jnb,2MP,believers-or-group,2MP-default
22,34,18,1,>asolimu,>asolama,slm,2MP,believers-or-group,2MP-default
22,34,19,2,ba$~iri,bu$~ira,b$r,2MS,prophet:Muhammad,2MS-default
22,36,10,2,{*okuru,*akara,*kr,2MP,believers-or-group,2MP-default
22,36,18,2,kulu,>akala,Akl,2MP,believers-or-group,2MP-default
22,36,20,2,>aToEimu,>aToEama,TEm,2MP,believers-or-group,2MP-default
22,37,19,2,ba$~iri,bu$~ira,b$r,2MS,prophet:Muhammad,2MS-default
22,49,1,1,qulo,qaAla,qwl,2MS,humanity,voc
22,67,11,2,{doEu,daEaA,dEw,2MS,prophet:Muhammad,2MS-default
22,68,3,2,quli,qaAla,qwl,2MS,prophet:Muhammad,qul
22,72,18,1,qulo,qaAla,qwl,2MS,prophet:Muhammad,qul
22,73,5,2,{sotamiEu,{sotamaEa,smE,2MP,humanity,voc
22,77,4,1,{rokaEu,yarokaEu,rkE,2MP,believers,voc
22,77,5,2,{sojudu,sajada,sjd,2MP,believers,voc
22,77,6,2,{Eobudu,Eabada,Ebd,2MP,believers,voc
22,77,8,2,{foEalu,faEala,fEl,2MP,believers,voc
22,78,1,2,ja`hidu,ja`hada,jhd,2MP,believers-or-group,2MP-default
22,78,33,2,>aqiymu,>aqaAma,qwm,2MP,believers-or-group,2MP-default
22,78,35,2,'aAtu,A^taY,Aty,2MP,believers-or-group,2MP-default
22,78,37,2,{EotaSimu,{EotaSamu,ESm,2MP,believers-or-group,2MP-default
23,23,8,1,{Eobudu,Eabada,Ebd,2MP,believers-or-group,2MP-default
23,25,7,2,tarab~aSu,tarab~aSo,rbS,2MP,believers-or-group,2MP-default
23,26,3,1,{nSuro,naSara,nSr,2MS,prophet:Muhammad,2MS-default
23,27,4,1,{SonaEi,SanaEu,SnE,2MS,prophet:Muhammad,2MS-default
23,27,13,2,{soluko,salaka,slk,2MS,prophet:Muhammad,2MS-default
23,28,8,2,quli,qaAla,qwl,2MS,prophet:Muhammad,qul
23,29,1,2,qul,qaAla,qwl,2MS,prophet:Muhammad,qul
23,29,3,1,>anzilo,>anzala,nzl,2MS,prophet:Muhammad,2MS-default
23,32,6,1,{Eobudu,Eabada,Ebd,2MP,believers-or-group,2MP-default
23,39,3,1,{nSuro,naSara,nSr,2MS,prophet:Muhammad,2MS-default
23,51,3,1,kulu,>akala,Akl,2MP,believers-or-group,2MP-default
23,51,6,2,{Eomalu,Eamila,Eml,2MP,believers-or-group,2MP-default
23,52,8,2,{t~aqu,{t~aqaY`,wqy,2MP,believers-or-group,2MP-default
23,54,1,2,*aro,ya*ara,w*r,2MS,prophet:Muhammad,2MS-default
23,84,1,1,qul,qaAla,qwl,2MS,prophet:Muhammad,qul
23,85,3,1,qulo,qaAla,qwl,2MS,prophet:Muhammad,qul
23,86,1,1,qulo,qaAla,qwl,2MS,prophet:Muhammad,qul
23,87,3,1,qulo,qaAla,qwl,2MS,prophet:Muhammad,qul
23,88,1,1,qulo,qaAla,qwl,2MS,prophet:Muhammad,qul
23,89,3,1,qulo,qaAla,qwl,2MS,prophet:Muhammad,qul
23,93,1,1,qul,qaAla,qwl,2MS,prophet:Muhammad,qul
23,96,1,1,{dofaEo,dafaEo,dfE,2MS,prophet:Muhammad,2MS-default
23,97,1,2,qul,qaAla,qwl,2MS,prophet:Muhammad,qul
23,99,8,1,{rojiEu,rajaEa,rjE,2MP,believers-or-group,2MP-default
23,107,2,1,>axorijo,>axoraja,xrj,2MS,prophet:Muhammad,2MS-default
23,108,2,1,{xosa_#u,{xosa_#u,xsA,2MP,believers-or-group,2MP-default
23,109,9,2,{gofiro,gafara,gfr,2MS,prophet:Muhammad,2MS-default
23,109,11,2,{roHamo,r~aHima,rHm,2MS,prophet:Muhammad,2MS-default
23,113,7,2,so_#ali,sa>ala,sAl,2MS,prophet:Muhammad,2MS-default
23,118,1,2,qul,qaAla,qwl,2MS,prophet:Muhammad,qul
23,118,3,1,{gofiro,gafara,gfr,2MS,prophet:Muhammad,2MS-default
23,118,4,2,{roHamo,r~aHima,rHm,2MS,prophet:Muhammad,2MS-default
24,2,3,2,{jolidu,{jolidu,jld,2MP,believers-or-group,2MP-default
24,4,9,2,{jolidu,{jolidu,jld,2MP,believers-or-group,2MP-default
24,28,14,1,{rojiEu,rajaEa,rjE,2MP,believers-or-group,2MP-default
24,28,15,2,{rojiEu,rajaEa,rjE,2MP,believers-or-group,2MP-default
24,30,1,1,qul,qaAla,qwl,2MS,prophet:Muhammad,qul
24,31,1,2,qul,qaAla,qwl,2MS,prophet:Muhammad,qul
24,31,71,2,tuwbu,taAba,twb,2MP,believers-or-group,2MP-default
24,32,1,2,>ankiHu,tunkiHu,nkH,2MP,believers-or-group,2MP-default
24,33,17,2,kaAtibu,kaAtibu,ktb,2MP,believers-or-group,2MP-default
24,33,22,2,'aAtu,A^taY,Aty,2MP,believers-or-group,2MP-default
24,53,8,1,qul,qaAla,qwl,2MS,prophet:Muhammad,qul
24,54,1,1,qulo,qaAla,qwl,2MS,prophet:Muhammad,qul
24,54,2,1,>aTiyEu,>aTaAEa,TwE,2MP,believers-or-group,2MP-default
24,54,4,2,>aTiyEu,>aTaAEa,TwE,2MP,believers-or-group,2MP-default
24,56,1,2,>aqiymu,>aqaAma,qwm,2MP,believers-or-group,2MP-default
24,56,3,2,'aAtu,A^taY,Aty,2MP,believers-or-group,2MP-default
24,56,5,2,>aTiyEu,>aTaAEa,TwE,2MP,believers-or-group,2MP-default
24,61,61,2,sal~imu,sal~ama,slm,2MP,believers-or-group,2MP-default
24,62,29,2,>o*an,>a*ina,A*n,2MS,prophet:Muhammad,2MS-default
24,62,33,2,{sotagofiro,{sotagofara,gfr,2MS,prophet:Muhammad,2MS-default
25,6,1,1,qulo,qaAla,qwl,2MS,prophet:Muhammad,qul
25,9,1,1,{nZuro,n~aZara,nZr,2MS,prophet:Muhammad,2MS-default
25,14,6,2,{doEu,daEaA,dEw,2MP,believers-or-group,2MP-default
25,15,1,1,qulo,qaAla,qwl,2MS,prophet:Muhammad,qul
25,36,2,1,{*ohaba,*ahaba,*hb,2MD,dual-addressee,2MD
25,52,4,2,ja`hido,ja`hada,jhd,2MS,prophet:Muhammad,2MS-default
25,57,1,1,qulo,qaAla,qwl,2MS,prophet:Muhammad,qul
25,58,1,2,tawak~alo,tawak~alo,wkl,2MS,prophet:Muhammad,2MS-default
25,58,7,2,sab~iHo,sab~aHa,sbH,2MS,prophet:Muhammad,2MS-default
25,59,15,2,so_#alo,sa>ala,sAl,2MS,prophet:Muhammad,2MS-default
25,60,4,1,{sojudu,sajada,sjd,2MP,believers-or-group,2MP-default
25,65,4,1,{Sorifo,Sarafa,Srf,2MS,prophet:Muhammad,2MS-default
25,74,4,1,habo,wahaba,whb,2MS,prophet:Muhammad,2MS-default
25,74,11,2,{joEalo,jaEala,jEl,2MS,prophet:Muhammad,2MS-default
25,77,1,1,qulo,qaAla,qwl,2MS,prophet:Muhammad,qul
26,10,6,1,{}oti,>ataY,Aty,2MS,prophet:Muhammad,2MS-default
26,13,6,2,>arosilo,>arosala,rsl,2MS,prophet:Muhammad,2MS-default
26,15,3,2,{*ohaba,*ahaba,*hb,2MD,dual-addressee,2MD
26,16,1,2,>otiya,>ataY,Aty,2MD,dual-addressee,2MD
26,16,3,2,quwla,qaAla,qwl,,unknown,unknown
26,17,2,1,>arosilo,>arosala,rsl,2MS,prophet:Muhammad,2MS-default
26,31,2,2,>oti,>ataY,Aty,2MS,prophet:Muhammad,2MS-default
26,36,2,1,>aroji,turojiY,rjw,2MS,prophet:Muhammad,2MS-default
26,36,4,2,{boEavo,baEava,bEv,2MS,prophet:Muhammad,2MS-default
26,43,4,1,>aloqu,>aloqaY`^,lqy,2MP,believers-or-group,2MP-default
26,52,5,1,>asori,>asoraY`,sry,2MS,prophet:Muhammad,2MS-default
26,63,5,1,{Dorib,Daraba,Drb,2MS,prophet:Muhammad,2MS-default
26,69,1,2,{tolu,talaY`,tlw,2MS,prophet:Muhammad,2MS-default
26,83,2,1,habo,wahaba,whb,2MS,prophet:Muhammad,2MS-default
26,83,5,2,>aloHiqo,>aloHaqo,lHq,2MS,prophet:Muhammad,2MS-default
26,84,1,2,{joEal,jaEala,jEl,2MS,prophet:Muhammad,2MS-default
26,85,1,2,{joEalo,jaEala,jEl,2MS,prophet:Muhammad,2MS-default
26,86,1,2,{gofiro,gafara,gfr,2MS,prophet:Muhammad,2MS-default
26,108,1,2,{t~aqu,{t~aqaY`,wqy,2MP,believers-or-group,2MP-default
26,108,3,2,>aTiyEu,>aTaAEa,TwE,2MP,believers-or-group,2MP-default
26,110,1,2,{t~aqu,{t~aqaY`,wqy,2MP,believers-or-group,2MP-default
26,110,3,2,>aTiyEu,>aTaAEa,TwE,2MP,believers-or-group,2MP-default
26,118,1,2,{fotaHo,fataHa,ftH,2MS,prophet:Muhammad,2MS-default
26,118,5,2,naj~i,naj~aY`,njw,2MS,prophet:Muhammad,2MS-default
26,126,1,2,{t~aqu,{t~aqaY`,wqy,2MP,believers-or-group,2MP-default
26,126,3,2,>aTiyEu,>aTaAEa,TwE,2MP,believers-or-group,2MP-default
26,131,1,2,{t~aqu,{t~aqaY`,wqy,2MP,believers-or-group,2MP-default
26,131,3,2,>aTiyEu,>aTaAEa,TwE,2MP,believers-or-group,2MP-default
26,132,1,2,{t~aqu,{t~aqaY`,wqy,2MP,believers-or-group,2MP-default
26,144,1,2,{t~aqu,{t~aqaY`,wqy,2MP,believers-or-group,2MP-default
26,144,3,2,>aTiyEu,>aTaAEa,TwE,2MP,believers-or-group,2MP-default
26,150,1,2,{t~aqu,{t~aqaY`,wqy,2MP,believers-or-group,2MP-default
26,150,3,2,>aTiyEu,>aTaAEa,TwE,2MP,believers-or-group,2MP-default
26,154,6,2,>oti,>ataY,Aty,2MS,prophet:Muhammad,2MS-default
26,163,1,2,{t~aqu,{t~aqaY`,wqy,2MP,believers-or-group,2MP-default
26,163,3,2,>aTiyEu,>aTaAEa,TwE,2MP,believers-or-group,2MP-default
26,169,2,1,naj~i,naj~aY`,njw,2MS,prophet:Muhammad,2MS-default
26,179,1,2,{t~aqu,{t~aqaY`,wqy,2MP,believers-or-group,2MP-default
26,179,3,2,>aTiyEu,>aTaAEa,TwE,2MP,believers-or-group,2MP-default
26,181,1,1,>awofu,>awofaY`,wfy,2MP,believers-or-group,2MP-default
26,182,1,2,zinu,w~azanu,wzn,2MP,believers-or-group,2MP-default
26,184,1,2,{t~aqu,{t~aqaY`,wqy,2MP,believers-or-group,2MP-default
26,187,1,2,>asoqiTo,tusoqiTa,sqT,2MS,prophet:Muhammad,2MS-default
26,214,1,2,>an*iro,>an*ara,n*r,2MS,prophet:Muhammad,2MS-default
26,215,1,2,{xofiDo,{xofiDo,xfD,2MS,prophet:Muhammad,2MS-default
26,216,3,2,qulo,qaAla,qwl,2MS,prophet:Muhammad,qul
26,217,1,2,tawak~alo,tawak~alo,wkl,2MS,prophet:Muhammad,2MS-default
27,10,1,2,>aloqi,>aloqaY`^,lqy,2MS,prophet:Muhammad,2MS-default
27,12,1,2,>adoxilo,>udoxila,dxl,2MS,prophet:Muhammad,2MS-default
27,14,7,2,{nZuro,n~aZara,nZr,2MS,prophet:Muhammad,2MS-default
27,18,11,1,{doxulu,daxala,dxl,2MP,believers-or-group,2MP-default
27,19,7,1,>awoziEo,>awoziEo,wzE,2MS,prophet:Muhammad,2MS-default
27,19,20,2,>adoxilo,>udoxila,dxl,2MS,prophet:Muhammad,2MS-default
27,28,1,1,{*ohab,*ahaba,*hb,2MS,prophet:Muhammad,2MS-default
27,28,4,2,>aloqi,>aloqaY`^,lqy,2MS,prophet:Muhammad,2MS-default
27,28,7,1,tawal~a,tawal~aY`,wly,2MS,prophet:Muhammad,2MS-default
27,28,9,2,{nZuro,n~aZara,nZr,2MS,prophet:Muhammad,2MS-default
27,31,4,2,>otu,>ataY,Aty,2MP,believers-or-group,2MP-default
27,32,4,1,>afotu,yufotiy,fty,2MP,believers-or-group,2MP-default
27,33,10,2,{nZuri,n~aZara,nZr,2FS,female-individual,2FS
27,37,1,1,{rojiEo,rajaEa,rjE,2MS,prophet:Muhammad,2MS-default
27,41,2,1,nak~iru,nak~iru,nkr,2MP,believers-or-group,2MP-default
27,44,3,1,{doxuli,daxala,dxl,2FS,female-individual,2FS
27,45,8,1,{Eobudu,Eabada,Ebd,2MP,believers-or-group,2MP-default
27,49,2,1,taqaAsamu,taqaAsamu,qsm,2MP,believers-or-group,2MP-default
27,51,1,2,{nZuro,n~aZara,nZr,2MS,prophet:Muhammad,2MS-default
27,56,8,1,>axoriju,>axoraja,xrj,2MP,believers-or-group,2MP-default
27,59,1,1,quli,qaAla,qwl,2MS,prophet:Muhammad,qul
27,64,14,1,qulo,qaAla,qwl,2MS,prophet:Muhammad,qul
27,64,15,1,haAtu,haAtu,hAt,2MP,believers-or-group,2MP-default
27,65,1,1,qul,qaAla,qwl,2MS,prophet:Muhammad,qul
27,69,1,1,qulo,qaAla,qwl,2MS,prophet:Muhammad,qul
27,69,2,1,siyru,saAra,syr,2MP,believers-or-group,2MP-default
27,69,5,2,{nZuru,n~aZara,nZr,2MP,believers-or-group,2MP-default
27,72,1,1,qulo,qaAla,qwl,2MS,prophet:Muhammad,qul
27,79,1,2,tawak~alo,tawak~alo,wkl,2MS,prophet:Muhammad,2MS-default
27,92,11,2,qulo,qaAla,qwl,2MS,prophet:Muhammad,qul
27,93,1,2,quli,qaAla,qwl,2MS,prophet:Muhammad,qul
28,7,6,1,>aroDiEi,>aroDaEato,rDE,2FS,female-individual,2FS
28,7,10,2,>aloqi,>aloqaY`^,lqy,2FS,female-individual,2FS
28,11,3,1,quS~i,qaS~a,qSS,2FS,female-individual,2FS
28,16,6,2,{gofiro,gafara,gfr,2MS,prophet:Muhammad,2MS-default
28,20,14,2,{xorujo,xaraja,xrj,2MS,prophet:Muhammad,2MS-default
28,21,7,1,naj~i,naj~aY`,njw,2MS,prophet:Muhammad,2MS-default
28,26,4,1,{sota_#ojiro,{sota_#ojaro,Ajr,2MS,prophet:Muhammad,2MS-default
28,29,14,1,{mokuvu,makava,mkv,2MP,believers-or-group,2MP-default
28,31,2,1,>aloqi,>aloqaY`^,lqy,2MS,prophet:Muhammad,2MS-default
28,31,14,1,>aqobilo,>aqobala,qbl,2MS,prophet:Muhammad,2MS-default
28,32,1,1,{soluko,salaka,slk,2MS,prophet:Muhammad,2MS-default
28,32,10,2,{Domumo,{Domumo,Dmm,2MS,prophet:Muhammad,2MS-default
28,34,7,2,>arosilo,>arosala,rsl,2MS,prophet:Muhammad,2MS-default
28,38,11,2,>awoqido,>awoqadu,wqd,2MS,prophet:Muhammad,2MS-default
28,38,16,2,{joEal,jaEala,jEl,2MS,prophet:Muhammad,2MS-default
28,40,6,2,{nZuro,n~aZara,nZr,2MS,prophet:Muhammad,2MS-default
28,49,1,1,qulo,qaAla,qwl,2MS,prophet:Muhammad,qul
28,49,2,2,>otu,>ataY,Aty,2MP,believers-or-group,2MP-default
28,50,5,2,{Eolamo,Ealima,Elm,2MS,prophet:Muhammad,2MS-default
28,64,2,1,{doEu,daEaA,dEw,2MP,believers-or-group,2MP-default
28,71,1,1,qulo,qaAla,qwl,2MS,prophet:Muhammad,qul
28,72,1,1,qulo,qaAla,qwl,2MS,prophet:Muhammad,qul
28,75,7,1,haAtu,haAtu,hAt,2MP,believers-or-group,2MP-default
28,77,1,2,{botagi,{botagaY`,bgy,2MS,prophet:Muhammad,2MS-default
28,77,12,2,>aHosin,>aHosana,Hsn,2MS,prophet:Muhammad,2MS-default
28,85,9,1,qul,qaAla,qwl,2MS,prophet:Muhammad,qul
28,87,10,2,{doEu,daEaA,dEw,2MS,prophet:Muhammad,2MS-default
29,12,6,1,{t~abiEu,{t~abaEa,tbE,2MP,believers-or-group,2MP-default
29,16,5,1,{Eobudu,Eabada,Ebd,2MP,believers-or-group,2MP-default
29,16,7,2,{t~aqu,{t~aqaY`,wqy,2MP,believers-or-group,2MP-default
29,17,19,2,{botagu,{botagaY`,bgy,2MP,believers-or-group,2MP-default
29,17,23,2,{Eobudu,Eabada,Ebd,2MP,believers-or-group,2MP-default
29,17,24,2,{$okuru,$akara,$kr,2MP,believers-or-group,2MP-default
29,20,1,1,qulo,qaAla,qwl,2MS,prophet:Muhammad,qul
29,20,2,1,siyru,saAra,syr,2MP,believers-or-group,2MP-default
29,20,5,2,{nZuru,n~aZara,nZr,2MP,believers-or-group,2MP-default
29,24,8,1,{qotulu,qatala,qtl,2MP,believers-or-group,2MP-default
29,24,10,1,Har~iqu,Har~iqu,Hrq,2MP,believers-or-group,2MP-default
29,29,17,1,{}oti,>ataY,Aty,2MS,prophet:Muhammad,2MS-default
29,30,3,1,{nSuro,naSara,nSr,2MS,prophet:Muhammad,2MS-default
29,36,7,1,{Eobudu,Eabada,Ebd,2MP,believers-or-group,2MP-default
29,36,9,2,{roju,yarojuwA@,rjw,2MP,believers-or-group,2MP-default
29,45,1,1,{tolu,talaY`,tlw,2MS,prophet:Muhammad,2MS-default
29,45,7,2,>aqimi,>aqaAma,qwm,2MS,prophet:Muhammad,2MS-default
29,46,13,2,quwlu,qaAla,qwl,2MP,believers-or-group,2MP-default
29,50,8,1,qulo,qaAla,qwl,2MS,prophet:Muhammad,qul
29,52,1,1,qulo,qaAla,qwl,2MS,prophet:Muhammad,qul
29,55,10,1,*uwqu,*aAqu,*wq,2MP,believers-or-group,2MP-default
29,56,8,2,{Eobudu,Eabada,Ebd,2MP,believers,voc
29,63,16,1,quli,qaAla,qwl,2MS,prophet:Muhammad,qul
30,30,1,2,>aqimo,>aqaAma,qwm,2MS,prophet:Muhammad,2MS-default
30,31,3,2,{t~aqu,{t~aqaY`,wqy,2MP,believers-or-group,2MP-default
30,31,4,2,>aqiymu,>aqaAma,qwm,2MP,believers-or-group,2MP-default
30,34,4,2,tamat~aEu,tamat~aEa,mtE,2MP,believers-or-group,2MP-default
30,38,1,2,_#aAti,A^taY,Aty,2MS,prophet:Muhammad,2MS-default
30,42,1,1,qulo,qaAla,qwl,2MS,prophet:Muhammad,qul
30,42,2,1,siyru,saAra,syr,2MP,believers-or-group,2MP-default
30,42,5,2,{nZuru,n~aZara,nZr,2MP,believers-or-group,2MP-default
30,43,1,2,>aqimo,>aqaAma,qwm,2MS,prophet:Muhammad,2MS-default
30,50,1,2,{nZuro,n~aZara,nZr,2MS,prophet:Muhammad,2MS-default
30,60,1,2,{Sobiro,Sabara,Sbr,2MS,prophet:Muhammad,2MS-default
31,7,14,2,ba$~iro,bu$~ira,b$r,2MS,prophet:Muhammad,2MS-default
31,11,4,2,>aru,>arayo,rAy,2MP,believers-or-group,2MP-default
31,12,6,1,{$okuro,$akara,$kr,2MS,prophet:Muhammad,2MS-default
31,14,13,1,{$okuro,$akara,$kr,2MS,prophet:Muhammad,2MS-default
31,15,14,2,SaAHibo,tuSa`Hibo,SHb,2MS,prophet:Muhammad,2MS-default
31,15,18,2,{t~abiEo,{t~abaEa,tbE,2MS,prophet:Muhammad,2MS-default
31,17,2,1,>aqimi,>aqaAma,qwm,2MS,prophet:Muhammad,2MS-default
31,17,4,2,>omuro,>amara,Amr,2MS,prophet:Muhammad,2MS-default
31,17,6,2,{noha,nahaY`,nhy,2MS,prophet:Muhammad,2MS-default
31,17,9,2,{Sobiro,Sabara,Sbr,2MS,prophet:Muhammad,2MS-default
31,19,1,2,{qoSido,{qoSido,qSd,2MS,prophet:Muhammad,2MS-default
31,19,4,2,{goDuDo,yaguD~u,gDD,2MS,prophet:Muhammad,2MS-default
31,21,4,1,{t~abiEu,{t~abaEa,tbE,2MP,believers-or-group,2MP-default
31,25,9,1,quli,qaAla,qwl,2MS,prophet:Muhammad,qul
31,33,3,1,{t~aqu,{t~aqaY`,wqy,2MP,humanity,voc
31,33,5,2,{xo$a,xa$iYa,x$y,2MP,humanity,voc
32,11,1,1,qulo,qaAla,qwl,2MS,prophet:Muhammad,qul
32,12,12,2,{rojiEo,rajaEa,rjE,2MS,prophet:Muhammad,2MS-default
32,14,1,2,*uwqu,*aAqu,*wq,2MP,believers-or-group,2MP-default
32,14,9,2,*uwqu,*aAqu,*wq,2MP,believers-or-group,2MP-default
32,20,15,1,*uwqu,*aAqu,*wq,2MP,believers-or-group,2MP-default
32,29,1,1,qulo,qaAla,qwl,2MS,prophet:Muhammad,qul
32,30,1,2,>aEoriDo,>aEoraDa,ErD,2MS,prophet:Muhammad,2MS-default
32,30,3,2,{ntaZiro,yantaZiru,nZr,2MS,prophet:Muhammad,2MS-default
33,1,3,1,{t~aqi,{t~aqaY`,wqy,2MS,prophet:Muhammad,2MS-default
33,2,1,2,{t~abiEo,{t~abaEa,tbE,2MS,prophet:Muhammad,2MS-default
33,3,1,2,tawak~alo,tawak~alo,wkl,2MS,prophet:Muhammad,2MS-default
33,5,1,1,{doEu,daEaA,dEw,2MP,believers-or-group,2MP-default
33,9,4,1,{*okuru,*akara,*kr,2MP,believers,voc
33,13,10,2,{rojiEu,rajaEa,rjE,2MP,believers-or-group,2MP-default
33,16,1,1,qul,qaAla,qwl,2MS,prophet:Muhammad,qul
33,17,1,1,qulo,qaAla,qwl,2MS,prophet:Muhammad,qul
33,18,8,2,lum~a,lum~a,lmm,2MP,believers-or-group,2MP-default
33,28,3,1,qul,qaAla,qwl,2MS,prophet:Muhammad,qul
33,28,11,2,taEaAlayo,taEaAla,Elw,2FP,women,2FP
33,32,17,2,qulo,qaAla,qwl,2FP,women,2FP
33,33,1,2,qaro,taqar~a,qrr,2FP,women,2FP
33,33,9,2,>aqimo,>aqaAma,qwm,2FP,women,2FP
33,33,11,2,'aAtiy,A^taY,Aty,2FP,women,2FP
33,33,13,2,>aTiEo,>aTaAEa,TwE,2FP,women,2FP
33,34,1,2,{*okuro,*akara,*kr,2FP,women,2FP
33,37,9,1,>amosiko,>amosaka,msk,2MS,prophet:Muhammad,2MS-default
33,37,12,2,{t~aqi,{t~aqaY`,wqy,2MS,prophet:Muhammad,2MS-default
33,41,4,1,{*okuru,*akara,*kr,2MP,believers,voc
33,42,1,2,sab~iHu,sab~aHa,sbH,2MP,believers-or-group,2MP-default
33,47,1,2,ba$~iri,bu$~ira,b$r,2MS,prophet:Muhammad,2MS-default
33,48,5,2,daEo,daEo,wdE,2MS,prophet:Muhammad,2MS-default
33,48,7,2,tawak~alo,tawak~alo,wkl,2MS,prophet:Muhammad,2MS-default
33,49,19,2,mat~iEu,m~at~aEo,mtE,2MP,believers,voc
33,49,20,2,sar~iHu,sar~iHu,srH,2MP,believers,voc
33,53,20,2,{doxulu,daxala,dxl,2MP,believers,voc
33,53,23,2,{nta$iru,tanta$iru,n$r,2MP,believers,voc
33,53,42,2,so_#alu,sa>ala,sAl,2MP,believers,voc
33,55,22,2,{t~aqiy,{t~aqaY`,wqy,2FP,women,2FP
33,56,10,1,Sal~u,Sal~aY`,Slw,2MP,believers,voc
33,56,12,2,sal~imu,sal~ama,slm,2MP,believers,voc
33,59,3,1,qul,qaAla,qwl,2MS,prophet:Muhammad,qul
33,63,5,1,qulo,qaAla,qwl,2MS,prophet:Muhammad,qul
33,68,2,1,'aAti,A^taY,Aty,2MS,prophet:Muhammad,2MS-default
33,68,6,2,{loEano,laEana,lEn,2MS,prophet:Muhammad,2MS-default
33,70,4,1,{t~aqu,{t~aqaY`,wqy,2MP,believers,voc
33,70,6,2,quwlu,qaAla,qwl,2MP,believers,voc
34,3,7,1,qulo,qaAla,qwl,2MS,prophet:Muhammad,qul
34,10,7,1,>aw~ibi,>aw~ibi,Awb,2FS,female-individual,2FS
34,11,2,1,{Eomalo,Eamila,Eml,2MS,prophet:Muhammad,2MS-default
34,11,4,2,qad~iro,qad~ara,qdr,2MS,prophet:Muhammad,2MS-default
34,11,7,2,{Eomalu,Eamila,Eml,2MP,believers-or-group,2MP-default
34,13,12,1,{Eomalu,Eamila,Eml,2MP,believers-or-group,2MP-default
34,15,11,1,kulu,>akala,Akl,2MP,believers-or-group,2MP-default
34,15,15,2,{$okuru,$akara,$kr,2MP,believers-or-group,2MP-default
34,18,13,1,siyru,saAra,syr,2MP,believers-or-group,2MP-default
34,19,3,1,ba`Eido,ba`Eido,bEd,2MS,prophet:Muhammad,2MS-default
34,22,1,1,quli,qaAla,qwl,2MS,prophet:Muhammad,qul
34,22,2,1,{doEu,daEaA,dEw,2MP,believers-or-group,2MP-default
34,24,1,1,qulo,qaAla,qwl,2MS,prophet:Muhammad,qul
34,24,7,1,quli,qaAla,qwl,2MS,prophet:Muhammad,qul
34,25,1,1,qul,qaAla,qwl,2MS,prophet:Muhammad,qul
34,26,1,1,qulo,qaAla,qwl,2MS,prophet:Muhammad,qul
34,27,1,1,qulo,qaAla,qwl,2MS,prophet:Muhammad,qul
34,27,2,1,>aru,>arayo,rAy,2MP,believers-or-group,2MP-default
34,30,1,1,qul,qaAla,qwl,2MS,prophet:Muhammad,qul
34,36,1,1,qulo,qaAla,qwl,2MS,prophet:Muhammad,qul
34,39,1,1,qulo,qaAla,qwl,2MS,prophet:Muhammad,qul
34,42,12,1,*uwqu,*aAqu,*wq,2MP,believers-or-group,2MP-default
34,46,1,1,qulo,qaAla,qwl,2MS,prophet:Muhammad,qul
34,47,1,1,qulo,qaAla,qwl,2MS,prophet:Muhammad,qul
34,48,1,1,qulo,qaAla,qwl,2MS,prophet:Muhammad,qul
34,49,1,1,qulo,qaAla,qwl,2MS,prophet:Muhammad,qul
34,50,1,1,qulo,qaAla,qwl,2MS,prophet:Muhammad,qul
35,3,3,1,{*okuru,*akara,*kr,2MP,humanity,voc
35,6,5,2,{t~axi*u,{t~axa*a,Ax*,2MP,believers-or-group,2MP-default
35,37,5,1,>axorijo,>axoraja,xrj,2MS,prophet:Muhammad,2MS-default
35,37,21,2,*uwqu,*aAqu,*wq,2MP,believers-or-group,2MP-default
35,40,1,1,qulo,qaAla,qwl,2MS,prophet:Muhammad,qul
35,40,9,1,>aru,>arayo,rAy,2MP,believers-or-group,2MP-default
36,11,9,2,ba$~iro,bu$~ira,b$r,2MS,prophet:Muhammad,2MS-default
36,13,1,2,{Doribo,Daraba,Drb,2MS,prophet:Muhammad,2MS-default
36,20,9,1,{t~abiEu,{t~abaEa,tbE,2MP,believers-or-group,2MP-default
36,21,1,1,{t~abiEu,{t~abaEa,tbE,2MP,believers-or-group,2MP-default
36,25,4,2,{somaEu,samiEa,smE,2MP,believers-or-group,2MP-default
36,26,2,1,{doxuli,daxala,dxl,2MS,prophet:Muhammad,2MS-default
36,45,4,1,{t~aqu,{t~aqaY`,wqy,2MP,believers-or-group,2MP-default
36,47,4,1,>anfiqu,>anfaqa,nfq,2MP,believers-or-group,2MP-default
36,59,1,2,{mota`zu,{mota`zu,myz,2MP,believers-or-group,2MP-default
36,61,2,1,{Eobudu,Eabada,Ebd,2MP,believers-or-group,2MP-default
36,64,1,1,{Sola,yaSolaY,Sly,2MP,believers-or-group,2MP-default
36,79,1,1,qulo,qaAla,qwl,2MS,prophet:Muhammad,qul
36,82,9,1,kun,kaAna,kwn,2MS,prophet:Muhammad,2MS-default
37,11,1,2,{sotafoti,yasotafotu,fty,2MS,prophet:Muhammad,2MS-default
37,18,1,1,qulo,qaAla,qwl,2MS,prophet:Muhammad,qul
37,22,1,1,{Ho$uru,Ha$ara,H$r,2MP,believers-or-group,2MP-default
37,23,4,2,{hodu,hadaY,hdy,2MP,believers-or-group,2MP-default
37,24,1,2,qifu,wuqifu,wqf,2MP,believers-or-group,2MP-default
37,73,1,2,{nZuro,n~aZara,nZr,2MS,prophet:Muhammad,2MS-default
37,97,2,1,{bonu,banaY`,bny,2MP,believers-or-group,2MP-default
37,97,5,2,>aloqu,>aloqaY`^,lqy,2MP,believers-or-group,2MP-default
37,100,2,1,habo,wahaba,whb,2MS,prophet:Muhammad,2MS-default
37,102,13,2,{nZuro,n~aZara,nZr,2MS,prophet:Muhammad,2MS-default
37,102,18,1,{foEalo,faEala,fEl,2MS,prophet:Muhammad,2MS-default
37,149,1,2,{sotafoti,yasotafotu,fty,2MS,prophet:Muhammad,2MS-default
37,157,1,2,>otu,>ataY,Aty,2MP,believers-or-group,2MP-default
37,174,1,2,tawal~a,tawal~aY`,wly,2MS,prophet:Muhammad,2MS-default
37,175,1,2,>aboSiro,>aboSara,bSr,2MS,prophet:Muhammad,2MS-default
37,178,1,2,tawal~a,tawal~aY`,wly,2MS,prophet:Muhammad,2MS-default
37,179,1,2,>aboSiro,>aboSara,bSr,2MS,prophet:Muhammad,2MS-default
38,6,5,1,{mo$u,m~a$a,m$y,2MP,believers-or-group,2MP-default
38,6,6,2,{Sobiru,Sabara,Sbr,2MP,believers-or-group,2MP-default
38,16,3,1,Eaj~il,Eaj~ala,Ejl,2MS,prophet:Muhammad,2MS-default
38,17,1,1,{Sobiro,Sabara,Sbr,2MS,prophet:Muhammad,2MS-default
38,17,5,2,{*okuro,*akara,*kr,2MS,prophet:Muhammad,2MS-default
38,22,15,2,{Hokum,Hakama,Hkm,2MS,prophet:Muhammad,2MS-default
38,22,20,2,{hodi,hadaY,hdy,2MS,prophet:Muhammad,2MS-default
38,23,12,1,>akofilo,>akofilo,kfl,2MS,prophet:Muhammad,2MS-default
38,26,7,2,{Hokum,Hakama,Hkm,2MS,prophet:Muhammad,2MS-default
38,33,1,1,rud~u,rad~a,rdd,2MP,believers-or-group,2MP-default
38,35,3,1,{gofiro,gafara,gfr,2MS,prophet:Muhammad,2MS-default
38,35,5,2,habo,wahaba,whb,2MS,prophet:Muhammad,2MS-default
38,39,3,2,{monuno,man~a,mnn,2MS,prophet:Muhammad,2MS-default
38,39,5,1,>amosiko,>amosaka,msk,2MS,prophet:Muhammad,2MS-default
38,41,1,2,{*okuro,*akara,*kr,2MS,prophet:Muhammad,2MS-default
38,42,1,1,{rokuDo,yarokuDu,rkD,2MS,prophet:Muhammad,2MS-default
38,44,1,2,xu*o,>axa*a,Ax*,2MS,prophet:Muhammad,2MS-default
38,44,4,2,{Dorib,Daraba,Drb,2MS,prophet:Muhammad,2MS-default
38,45,1,2,{*okuro,*akara,*kr,2MS,prophet:Muhammad,2MS-default
38,48,1,2,{*okuro,*akara,*kr,2MS,prophet:Muhammad,2MS-default
38,61,7,2,zido,zaAda,zyd,2MS,prophet:Muhammad,2MS-default
38,65,1,1,qulo,qaAla,qwl,2MS,prophet:Muhammad,qul
38,67,1,1,qulo,qaAla,qwl,2MS,prophet:Muhammad,qul
38,72,7,2,qaEu,waqaEa,wqE,2MP,believers-or-group,2MP-default
38,77,2,2,{xorujo,xaraja,xrj,2MS,prophet:Muhammad,2MS-default
38,79,3,2,>anZiro,yunZaru,nZr,2MS,prophet:Muhammad,2MS-default
38,86,1,1,qulo,qaAla,qwl,2MS,prophet:Muhammad,qul
39,2,6,2,{Eobudi,Eabada,Ebd,2MS,prophet:Muhammad,2MS-default
39,8,27,1,qulo,qaAla,qwl,2MS,prophet:Muhammad,qul
39,8,28,1,tamat~aEo,tamat~aEa,mtE,2MS,prophet:Muhammad,2MS-default
39,9,13,1,qulo,qaAla,qwl,2MS,prophet:Muhammad,qul
39,10,1,1,qulo,qaAla,qwl,2MS,believers,voc
39,10,5,1,{t~aqu,{t~aqaY`,wqy,2MP,believers,voc
39,11,1,1,qulo,qaAla,qwl,2MS,prophet:Muhammad,qul
39,13,1,1,qulo,qaAla,qwl,2MS,prophet:Muhammad,qul
39,14,1,1,quli,qaAla,qwl,2MS,prophet:Muhammad,qul
39,15,1,2,{Eobudu,Eabada,Ebd,2MP,believers-or-group,2MP-default
39,15,6,1,qulo,qaAla,qwl,2MS,prophet:Muhammad,qul
39,16,16,2,{t~aqu,{t~aqaY`,wqy,2MP,believers-or-group,2MP-default
39,17,11,2,ba$~iro,bu$~ira,b$r,2MS,prophet:Muhammad,2MS-default
39,24,10,1,*uwqu,*aAqu,*wq,2MP,believers-or-group,2MP-default
39,38,9,1,qulo,qaAla,qwl,2MS,prophet:Muhammad,qul
39,38,31,1,qulo,qaAla,qwl,2MS,prophet:Muhammad,qul
39,39,1,1,qulo,qaAla,qwl,2MS,prophet:Muhammad,qul
39,39,3,1,{Eomalu,Eamila,Eml,2MP,believers-or-group,2MP-default
39,43,7,1,qulo,qaAla,qwl,2MS,prophet:Muhammad,qul
39,44,1,1,qul,qaAla,qwl,2MS,prophet:Muhammad,qul
39,46,1,1,quli,qaAla,qwl,2MS,prophet:Muhammad,qul
39,53,1,1,qulo,qaAla,qwl,2MS,believers,voc
39,54,1,2,>aniybu,>anaAba,nwb,2MP,believers-or-group,2MP-default
39,54,4,2,>asolimu,>asolama,slm,2MP,believers-or-group,2MP-default
39,55,1,2,{t~abiEu,{t~abaEa,tbE,2MP,believers-or-group,2MP-default
39,64,1,1,qulo,qaAla,qwl,2MS,prophet:Muhammad,qul
39,66,3,2,{Eobudo,Eabada,Ebd,2MS,prophet:Muhammad,2MS-default
39,66,4,2,kun,kaAna,kwn,2MS,prophet:Muhammad,2MS-default
39,72,2,1,{doxulu,daxala,dxl,2MP,believers-or-group,2MP-default
39,73,19,2,{doxulu,daxala,dxl,2MP,believers-or-group,2MP-default
40,7,20,2,{gofiro,gafara,gfr,2MS,prophet:Muhammad,2MS-default
40,7,25,2,qi,waqaY`,wqy,2MS,prophet:Muhammad,2MS-default
40,8,2,2,>adoxilo,>udoxila,dxl,2MS,prophet:Muhammad,2MS-default
40,9,1,2,qi,waqaY`,wqy,2MS,prophet:Muhammad,2MS-default
40,14,1,2,{doEu,daEaA,dEw,2MP,believers-or-group,2MP-default
40,18,1,2,>an*iro,>an*ara,n*r,2MS,prophet:Muhammad,2MS-default
40,25,7,1,{qotulu,qatala,qtl,2MP,believers-or-group,2MP-default
40,25,12,2,{sotaHoyu,yasotaHoYi.^,Hyy,2MP,believers-or-group,2MP-default
40,26,3,1,*aru,ya*ara,w*r,2MP,believers-or-group,2MP-default
40,36,4,1,{boni,banaY`,bny,2MS,prophet:Muhammad,2MS-default
40,38,5,1,{t~abiEu,{t~abaEa,tbE,2MP,believers-or-group,2MP-default
40,46,9,1,>adoxilu,>udoxila,dxl,2MP,believers-or-group,2MP-default
40,49,7,1,{doEu,daEaA,dEw,2MP,believers-or-group,2MP-default
40,50,10,2,{doEu,daEaA,dEw,2MP,believers-or-group,2MP-default
40,55,1,2,{Sobiro,Sabara,Sbr,2MS,prophet:Muhammad,2MS-default
40,55,6,2,{sotagofiro,{sotagofara,gfr,2MS,prophet:Muhammad,2MS-default
40,55,8,2,sab~iHo,sab~aHa,sbH,2MS,prophet:Muhammad,2MS-default
40,56,18,2,{sotaEi*o,{sotaEi*o,Ew*,2MS,prophet:Muhammad,2MS-default
40,60,3,1,{doEu,daEaA,dEw,2MP,believers-or-group,2MP-default
40,65,7,2,{doEu,daEaA,dEw,2MP,believers-or-group,2MP-default
40,66,1,1,qulo,qaAla,qwl,2MS,prophet:Muhammad,qul
40,68,11,1,kun,kaAna,kwn,2MS,prophet:Muhammad,2MS-default
40,76,1,1,{doxulu,daxala,dxl,2MP,believers-or-group,2MP-default
40,77,1,2,{Sobiro,Sabara,Sbr,2MS,prophet:Muhammad,2MS-default
41,5,15,2,{Eomalo,Eamila,Eml,2MS,prophet:Muhammad,2MS-default
41,6,1,1,qulo,qaAla,qwl,2MS,prophet:Muhammad,qul
41,6,12,2,{sotaqiymu,{sotaqa`mu,qwm,2MP,believers-or-group,2MP-default
41,6,14,2,{sotagofiru,{sotagofara,gfr,2MP,believers-or-group,2MP-default
41,9,1,1,qulo,qaAla,qwl,2MS,prophet:Muhammad,qul
41,11,10,1,{}otiya,>ataY,Aty,2MD,dual-addressee,2MD
41,13,3,2,qulo,qaAla,qwl,2MS,prophet:Muhammad,qul
41,26,8,2,{loga,{loga,lgw,2MP,believers-or-group,2MP-default
41,29,5,1,>ari,>arayo,rAy,2MS,prophet:Muhammad,2MS-default
41,30,15,2,>abo$iru,>abo$iru,b$r,2MP,believers-or-group,2MP-default
41,34,6,1,{dofaEo,dafaEo,dfE,2MS,prophet:Muhammad,2MS-default
41,36,6,2,{sotaEi*o,{sotaEi*o,Ew*,2MS,prophet:Muhammad,2MS-default
41,37,12,2,{sojudu,sajada,sjd,2MP,believers-or-group,2MP-default
41,40,20,1,{Eomalu,Eamila,Eml,2MP,believers-or-group,2MP-default
41,44,11,1,qulo,qaAla,qwl,2MS,prophet:Muhammad,qul
41,52,1,1,qulo,qaAla,qwl,2MS,prophet:Muhammad,qul
42,13,19,1,>aqiymu,>aqaAma,qwm,2MP,believers-or-group,2MP-default
42,15,2,2,{doEu,daEaA,dEw,2MS,prophet:Muhammad,2MS-default
42,15,3,2,{sotaqimo,{sotaqa`mu,qwm,2MS,prophet:Muhammad,2MS-default
42,15,9,2,qulo,qaAla,qwl,2MS,prophet:Muhammad,qul
42,23,10,1,qul,qaAla,qwl,2MS,prophet:Muhammad,qul
42,47,1,1,{sotajiybu,{sotajaAba,jwb,2MP,believers-or-group,2MP-default
43,25,3,2,{nZuro,n~aZara,nZr,2MS,prophet:Muhammad,2MS-default
43,43,1,2,{sotamosiko,{sotamosaka,msk,2MS,prophet:Muhammad,2MS-default
43,45,1,2,so_#alo,sa>ala,sAl,2MS,prophet:Muhammad,2MS-default
43,49,4,1,{doEu,daEaA,dEw,2MS,prophet:Muhammad,2MS-default
43,61,7,2,{t~abiEu,{t~abaEa,tbE,2MP,believers-or-group,2MP-default
43,63,15,2,{t~aqu,{t~aqaY`,wqy,2MP,believers-or-group,2MP-default
43,63,17,2,>aTiyEu,>aTaAEa,TwE,2MP,believers-or-group,2MP-default
43,64,6,2,{Eobudu,Eabada,Ebd,2MP,believers-or-group,2MP-default
43,70,1,1,{doxulu,daxala,dxl,2MP,believers-or-group,2MP-default
43,81,1,1,qulo,qaAla,qwl,2MS,prophet:Muhammad,qul
43,83,1,2,*aro,ya*ara,w*r,2MS,prophet:Muhammad,2MS-default
43,89,1,2,{SofaHo,yaSofaHu,SfH,2MS,prophet:Muhammad,2MS-default
43,89,3,2,qulo,qaAla,qwl,2MS,prophet:Muhammad,qul
44,10,1,2,{rotaqibo,{rotaqibo,rqb,2MS,prophet:Muhammad,2MS-default
44,12,2,1,{ko$ifo,ka$afa,k$f,2MS,prophet:Muhammad,2MS-default
44,18,2,1,>ad~u,yu&ad~i,Ady,2MP,believers-or-group,2MP-default
44,21,5,2,{Eotazilu,{Eotazala,Ezl,2MP,believers-or-group,2MP-default
44,23,1,2,>asori,>asoraY`,sry,2MS,prophet:Muhammad,2MS-default
44,24,1,2,{toruki,taraka,trk,2MS,prophet:Muhammad,2MS-default
44,36,1,2,>otu,>ataY,Aty,2MP,believers-or-group,2MP-default
44,47,1,1,xu*u,>axa*a,Ax*,2MP,believers-or-group,2MP-default
44,47,2,2,{Eotilu,{Eotilu,Etl,2MP,believers-or-group,2MP-default
44,48,2,1,Sub~u,Sab~a,Sbb,2MP,believers-or-group,2MP-default
44,49,1,1,*uqo,*aAqu,*wq,2MS,prophet:Muhammad,2MS-default
44,59,1,2,{rotaqibo,{rotaqibo,rqb,2MS,prophet:Muhammad,2MS-default
45,8,12,2,ba$~iro,bu$~ira,b$r,2MS,prophet:Muhammad,2MS-default
45,14,1,1,qul,qaAla,qwl,2MS,prophet:Muhammad,qul
45,18,7,2,{t~abiEo,{t~abaEa,tbE,2MS,prophet:Muhammad,2MS-default
45,25,12,1,{}otu,>ataY,Aty,2MP,believers-or-group,2MP-default
45,26,1,1,quli,qaAla,qwl,2MS,prophet:Muhammad,qul
46,4,1,1,qulo,qaAla,qwl,2MS,prophet:Muhammad,qul
46,4,8,1,>aru,>arayo,rAy,2MP,believers-or-group,2MP-default
46,4,18,1,{}otu,>ataY,Aty,2MP,believers-or-group,2MP-default
46,8,4,1,qulo,qaAla,qwl,2MS,prophet:Muhammad,qul
46,9,1,1,qulo,qaAla,qwl,2MS,prophet:Muhammad,qul
46,10,1,1,qulo,qaAla,qwl,2MS,prophet:Muhammad,qul
46,15,23,1,>awoziEo,>awoziEo,wzE,2MS,prophet:Muhammad,2MS-default
46,15,36,2,>aSoliHo,>aSolaHa,SlH,2MS,prophet:Muhammad,2MS-default
46,17,18,1,'aAmino,'aAmana,Amn,2MS,prophet:Muhammad,2MS-default
46,21,1,2,{*okuro,*akara,*kr,2MS,prophet:Muhammad,2MS-default
46,22,6,2,>oti,>ataY,Aty,2MS,prophet:Muhammad,2MS-default
46,29,12,1,>anSitu,>anSitu,nSt,2MP,believers-or-group,2MP-default
46,31,2,1,>ajiybu,>ujiybat,jwb,2MP,believers-or-group,2MP-default
46,31,5,2,'aAminu,'aAmana,Amn,2MP,believers-or-group,2MP-default
46,34,14,2,*uwqu,*aAqu,*wq,2MP,believers-or-group,2MP-default
46,35,1,2,{Sobiro,Sabara,Sbr,2MS,prophet:Muhammad,2MS-default
47,4,10,2,$ud~u,$adado,$dd,2MP,believers-or-group,2MP-default
47,19,1,2,{Eolamo,Ealima,Elm,2MS,prophet:Muhammad,2MS-default
47,19,7,2,{sotagofiro,{sotagofara,gfr,2MS,prophet:Muhammad,2MS-default
47,33,4,1,>aTiyEu,>aTaAEa,TwE,2MP,believers,voc
47,33,6,2,>aTiyEu,>aTaAEa,TwE,2MP,believers,voc
48,11,9,2,{sotagofiro,{sotagofara,gfr,2MS,prophet:Muhammad,2MS-default
48,11,17,1,qulo,qaAla,qwl,2MS,prophet:Muhammad,qul
48,15,8,1,*aru,ya*ara,w*r,2MP,believers-or-group,2MP-default
48,15,15,1,qul,qaAla,qwl,2MS,prophet:Muhammad,qul
48,16,1,1,qul,qaAla,qwl,2MS,prophet:Muhammad,qul
48,25,34,1,tazay~alu,tazay~alu,zyl,2MP,believers-or-group,2MP-default
49,1,10,2,{t~aqu,{t~aqaY`,wqy,2MP,believers,voc
49,6,8,2,tabay~anu,tabay~ana,byn,2MP,believers,voc
49,7,1,2,{Eolamu,Ealima,Elm,2MP,believers-or-group,2MP-default
49,9,6,2,>aSoliHu,>aSolaHa,SlH,2MP,believers-or-group,2MP-default
49,9,13,2,qa`tilu,qa`tala,qtl,2MP,believers-or-group,2MP-default
49,9,23,2,>aSoliHu,>aSolaHa,SlH,2MP,believers-or-group,2MP-default
49,9,26,2,>aqosiTu,tuqosiTu,qsT,2MP,believers-or-group,2MP-default
49,10,4,2,>aSoliHu,>aSolaHa,SlH,2MP,believers-or-group,2MP-default
49,10,7,2,{t~aqu,{t~aqaY`,wqy,2MP,believers-or-group,2MP-default
49,12,4,1,{jotanibu,{jotanabu,jnb,2MP,believers,voc
49,12,26,2,{t~aqu,{t~aqaY`,wqy,2MP,believers,voc
49,14,4,1,qul,qaAla,qwl,2MS,prophet:Muhammad,qul
49,14,8,1,quwlu,qaAla,qwl,2MP,believers-or-group,2MP-default
49,16,1,1,qulo,qaAla,qwl,2MS,prophet:Muhammad,qul
49,17,5,1,qul,qaAla,qwl,2MS,prophet:Muhammad,qul
50,24,1,1,>aloqiya,>aloqaY`^,lqy,2MD,dual-addressee,2MD
50,26,7,2,>aloqiya,>aloqaY`^,lqy,2MD,dual-addressee,2MD
50,34,1,1,{doxulu,daxala,dxl,2MP,believers-or-group,2MP-default
50,39,1,2,{Sobiro,Sabara,Sbr,2MS,prophet:Muhammad,2MS-default
50,39,5,2,sab~iHo,sab~aHa,sbH,2MS,prophet:Muhammad,2MS-default
50,40,3,2,sab~iHo,sab~aHa,sbH,2MS,prophet:Muhammad,2MS-default
50,41,1,2,{sotamiEo,{sotamaEa,smE,2MS,prophet:Muhammad,2MS-default
50,45,9,2,*ak~iro,*uk~ira,*kr,2MS,prophet:Muhammad,2MS-default
51,14,1,1,*uwqu,*aAqu,*wq,2MP,believers-or-group,2MP-default
51,43,6,1,tamat~aEu,tamat~aEa,mtE,2MP,believers-or-group,2MP-default
51,50,1,2,fir~u,far~ato,frr,2MP,believers-or-group,2MP-default
51,54,1,2,tawal~a,tawal~aY`,wly,2MS,prophet:Muhammad,2MS-default
51,55,1,2,*ak~iro,*uk~ira,*kr,2MS,prophet:Muhammad,2MS-default
52,16,1,1,{Sola,yaSolaY,Sly,2MP,believers-or-group,2MP-default
52,16,2,2,{Sobiru,Sabara,Sbr,2MP,believers-or-group,2MP-default
52,19,1,1,kulu,>akala,Akl,2MP,believers-or-group,2MP-default
52,19,2,2,{$orabu,$ariba,$rb,2MP,believers-or-group,2MP-default
52,29,1,2,*ak~iro,*uk~ira,*kr,2MS,prophet:Muhammad,2MS-default
52,31,1,1,qulo,qaAla,qwl,2MS,prophet:Muhammad,qul
52,31,2,1,tarab~aSu,tarab~aSo,rbS,2MP,believers-or-group,2MP-default
52,45,1,2,*aro,ya*ara,w*r,2MS,prophet:Muhammad,2MS-default
52,48,1,2,{Sobiro,Sabara,Sbr,2MS,prophet:Muhammad,2MS-default
52,48,6,2,sab~iHo,sab~aHa,sbH,2MS,prophet:Muhammad,2MS-default
52,49,3,2,sab~iHo,sab~aHa,sbH,2MS,prophet:Muhammad,2MS-default
53,29,1,2,>aEoriDo,>aEoraDa,ErD,2MS,prophet:Muhammad,2MS-default
53,62,1,2,{sojudu,sajada,sjd,2MP,believers-or-group,2MP-default
53,62,3,2,{Eobudu,Eabada,Ebd,2MP,believers-or-group,2MP-default
54,6,1,2,tawal~a,tawal~aY`,wly,2MS,prophet:Muhammad,2MS-default
54,10,5,2,{ntaSiro,{ntaSara,nSr,2MS,prophet:Muhammad,2MS-default
54,27,6,2,{rotaqibo,{rotaqibo,rqb,2MS,prophet:Muhammad,2MS-default
54,27,7,2,{SoTabiro,{SoTabiro,Sbr,2MS,prophet:Muhammad,2MS-default
54,28,1,2,nab~i}o,nab~a>a,nbA,2MS,prophet:Muhammad,2MS-default
54,37,7,2,*uwqu,*aAqu,*wq,2MP,believers-or-group,2MP-default
54,39,1,2,*uwqu,*aAqu,*wq,2MP,believers-or-group,2MP-default
54,48,7,1,*uwqu,*aAqu,*wq,2MP,believers-or-group,2MP-default
55,9,1,2,>aqiymu,>aqaAma,qwm,2MP,believers-or-group,2MP-default
55,33,12,2,{nfu*u,tanfu*u,nf*,2MP,believers-or-group,2MP-default
56,49,1,1,qulo,qaAla,qwl,2MS,prophet:Muhammad,qul
56,74,1,2,sab~iHo,sab~aHa,sbH,2MS,prophet:Muhammad,2MS-default
56,96,1,2,sab~iHo,sab~aHa,sbH,2MS,prophet:Muhammad,2MS-default
57,7,1,1,'aAminu,'aAmana,Amn,2MP,believers-or-group,2MP-default
57,7,4,2,>anfiqu,>anfaqa,nfq,2MP,believers-or-group,2MP-default
57,13,7,1,{nZuru,n~aZara,nZr,2MP,believers-or-group,2MP-default
57,13,12,1,{rojiEu,rajaEa,rjE,2MP,believers-or-group,2MP-default
57,13,14,2,{lotamisu,{lotamisu,lms,2MP,believers-or-group,2MP-default
57,17,1,1,{Eolamu,Ealima,Elm,2MP,believers-or-group,2MP-default
57,20,1,1,{Eolamu,Ealima,Elm,2MP,believers-or-group,2MP-default
57,21,1,1,saAbiqu,saAbiqu,sbq,2MP,believers-or-group,2MP-default
57,28,4,1,{t~aqu,{t~aqaY`,wqy,2MP,believers,voc
57,28,6,2,'aAminu,'aAmana,Amn,2MP,believers,voc
58,9,12,2,tana`ja,tana`jayo,njw,2MP,believers,voc
58,9,15,2,{t~aqu,{t~aqaY`,wqy,2MP,believers,voc
58,11,7,1,tafas~aHu,tafas~aHu,fsH,2MP,believers,voc
58,11,10,2,{fosaHu,yafosaHi,fsH,2MP,believers,voc
58,11,16,1,{n$uzu,{n$uzu,n$z,2MP,believers,voc
58,11,17,2,{n$uzu,{n$uzu,n$z,2MP,believers,voc
58,12,7,2,qad~imu,qad~ama,qdm,2MP,believers,voc
58,13,14,2,>aqiymu,>aqaAma,qwm,2MP,believers-or-group,2MP-default
58,13,16,2,'aAtu,A^taY,Aty,2MP,believers-or-group,2MP-default
58,13,18,2,>aTiyEu,>aTaAEa,TwE,2MP,believers-or-group,2MP-default
59,2,38,2,{Eotabiru,{Eotabiru,Ebr,2MP,believers-or-group,2MP-default
59,7,27,2,xu*u,>axa*a,Ax*,2MP,believers-or-group,2MP-default
59,7,31,2,{ntahu,{ntahaY`,nhy,2MP,believers-or-group,2MP-default
59,7,32,2,{t~aqu,{t~aqaY`,wqy,2MP,believers-or-group,2MP-default
59,9,2,1,tabaw~a,yatabaw~a>u,bwA,2MP,believers-or-group,2MP-default
59,10,7,1,{gofiro,gafara,gfr,2MS,prophet:Muhammad,2MS-default
59,16,6,1,{kofuro,kafara,kfr,2MS,prophet:Muhammad,2MS-default
59,18,4,1,{t~aqu,{t~aqaY`,wqy,2MP,believers,voc
59,18,11,2,{t~aqu,{t~aqaY`,wqy,2MP,believers,voc
60,5,7,2,{gofiro,gafara,gfr,2MS,prophet:Muhammad,2MS-default
60,10,8,2,{motaHinu,{motaHana,mHn,2MP,believers,voc
60,10,27,2,'aAtu,A^taY,Aty,2MP,believers,voc
60,10,42,2,so_#alu,sa>ala,sAl,2MP,believers,voc
60,11,9,2,_#aAtu,A^taY,Aty,2MP,believers-or-group,2MP-default
60,11,16,2,{t~aqu,{t~aqaY`,wqy,2MP,believers-or-group,2MP-default
60,12,31,2,baAyiEo,baAyaEo,byE,2MS,prophet:Muhammad,2MS-default
60,12,32,2,{sotagofiro,{sotagofara,gfr,2MS,prophet:Muhammad,2MS-default
61,13,8,2,ba$~iri,bu$~ira,b$r,2MS,prophet:Muhammad,2MS-default
61,14,4,1,kuwnu,kaAna,kwn,2MP,believers,voc
62,6,1,1,qulo,qaAla,qwl,2MS,believers,voc
62,6,13,2,taman~a,yataman~a,mny,2MP,believers,voc
62,8,1,1,qulo,qaAla,qwl,2MS,prophet:Muhammad,qul
62,9,10,2,{soEa,saEaY`,sEy,2MP,believers,voc
62,9,14,2,*aru,ya*ara,w*r,2MP,believers,voc
62,10,4,2,{nta$iru,tanta$iru,n$r,2MP,believers-or-group,2MP-default
62,10,7,2,{botagu,{botagaY`,bgy,2MP,believers-or-group,2MP-default
62,10,11,2,{*okuru,*akara,*kr,2MP,believers-or-group,2MP-default
62,11,10,1,qulo,qaAla,qwl,2MS,prophet:Muhammad,qul
63,4,18,2,{Ho*aro,yaHo*aru,H*r,2MS,prophet:Muhammad,2MS-default
63,5,4,1,taEaAla,taEaAla,Elw,2MP,believers-or-group,2MP-default
63,10,1,2,>anfiqu,>anfaqa,nfq,2MP,believers-or-group,2MP-default
64,7,7,1,qulo,qaAla,qwl,2MS,prophet:Muhammad,qul
64,8,1,2,_#aAminu,'aAmana,Amn,2MP,believers-or-group,2MP-default
64,12,1,2,>aTiyEu,>aTaAEa,TwE,2MP,believers-or-group,2MP-default
64,12,3,2,>aTiyEu,>aTaAEa,TwE,2MP,believers-or-group,2MP-default
64,14,10,2,{Ho*aru,yaHo*aru,H*r,2MP,believers,voc
64,16,1,2,{t~aqu,{t~aqaY`,wqy,2MP,believers-or-group,2MP-default
64,16,5,2,{somaEu,samiEa,smE,2MP,believers-or-group,2MP-default
64,16,6,2,>aTiyEu,>aTaAEa,TwE,2MP,believers-or-group,2MP-default
64,16,7,2,>anfiqu,>anfaqa,nfq,2MP,believers-or-group,2MP-default
65,1,6,2,Tal~iqu,Tal~aqa,Tlq,2MP,believers-or-group,2MP-default
65,1,8,2,>aHoSu,>aHoSaY`,HSy,2MP,believers-or-group,2MP-default
65,1,10,2,{t~aqu,{t~aqaY`,wqy,2MP,believers-or-group,2MP-default
65,2,4,2,>amosiku,>amosaka,msk,2MP,believers-or-group,2MP-default
65,2,7,1,faAriqu,faAriqu,frq,2MP,believers-or-group,2MP-default
65,2,9,2,>a$ohidu,>a$ohada,$hd,2MP,believers-or-group,2MP-default
65,2,13,2,>aqiymu,>aqaAma,qwm,2MP,believers-or-group,2MP-default
65,6,1,1,>asokinu,>asokan,skn,2MP,believers-or-group,2MP-default
65,6,15,2,>anfiqu,>anfaqa,nfq,2MP,believers-or-group,2MP-default
65,6,23,2,_#aAtu,A^taY,Aty,2MP,believers-or-group,2MP-default
65,6,25,2,>otamiru,ya>otamiru,Amr,2MP,believers-or-group,2MP-default
65,10,6,2,{t~aqu,{t~aqaY`,wqy,2MP,believers,voc
66,6,4,1,qu,waqaY`,wqy,2MP,believers,voc
66,8,4,1,tuwbu,taAba,twb,2MP,believers,voc
66,8,36,1,>atomimo,>atam~a,tmm,2MS,believers,voc
66,8,39,2,{gofiro,gafara,gfr,2MS,believers,voc
66,9,3,1,ja`hidi,ja`hada,jhd,2MS,prophet:Muhammad,2MS-default
66,9,6,2,{goluZo,{goluZo,glZ,2MS,prophet:Muhammad,2MS-default
66,10,24,1,{doxula,daxala,dxl,2MD,dual-addressee,2MD
66,11,11,1,{boni,banaY`,bny,2MS,prophet:Muhammad,2MS-default
66,11,17,2,naj~i,naj~aY`,njw,2MS,prophet:Muhammad,2MS-default
66,11,21,2,naj~i,naj~aY`,njw,2MS,prophet:Muhammad,2MS-default
67,3,13,2,{rojiEi,rajaEa,rjE,2MS,prophet:Muhammad,2MS-default
67,4,2,1,{rojiEi,rajaEa,rjE,2MS,prophet:Muhammad,2MS-default
67,13,1,2,>asir~u,>asar~a,srr,2MP,believers-or-group,2MP-default
67,13,4,1,{joharu,jahara,jhr,2MP,believers-or-group,2MP-default
67,15,7,2,{mo$u,m~a$a,m$y,2MP,believers-or-group,2MP-default
67,15,10,2,kulu,>akala,Akl,2MP,believers-or-group,2MP-default
67,23,1,1,qulo,qaAla,qwl,2MS,prophet:Muhammad,qul
67,24,1,1,qulo,qaAla,qwl,2MS,prophet:Muhammad,qul
67,26,1,1,qulo,qaAla,qwl,2MS,prophet:Muhammad,qul
67,28,1,1,qulo,qaAla,qwl,2MS,prophet:Muhammad,qul
67,29,1,1,qulo,qaAla,qwl,2MS,prophet:Muhammad,qul
67,30,1,1,qulo,qaAla,qwl,2MS,prophet:Muhammad,qul
68,22,2,1,{godu,gada,gdw,2MP,believers-or-group,2MP-default
68,40,1,1,salo,sa>ala,sAl,2MS,prophet:Muhammad,2MS-default
68,44,1,2,*aro,ya*ara,w*r,2MS,prophet:Muhammad,2MS-default
68,48,1,2,{Sobiro,Sabara,Sbr,2MS,prophet:Muhammad,2MS-default
69,19,8,1,{qora'u,qara>a,qrA,2MP,believers-or-group,2MP-default
69,24,1,1,kulu,>akala,Akl,2MP,believers-or-group,2MP-default
69,24,2,2,{$orabu,$ariba,$rb,2MP,believers-or-group,2MP-default
69,30,1,1,xu*u,>axa*a,Ax*,2MP,believers-or-group,2MP-default
69,30,2,2,gul~u,gal~a,gll,2MP,believers-or-group,2MP-default
69,31,3,1,Sal~u,Sal~u,Sly,2MP,believers-or-group,2MP-default
69,32,7,2,{soluku,salaka,slk,2MP,believers-or-group,2MP-default
69,52,1,2,sab~iHo,sab~aHa,sbH,2MS,prophet:Muhammad,2MS-default
70,5,1,2,{Sobiro,Sabara,Sbr,2MS,prophet:Muhammad,2MS-default
70,42,1,2,*aro,ya*ara,w*r,2MS,prophet:Muhammad,2MS-default
71,1,7,1,>an*iro,>an*ara,n*r,2MS,prophet:Muhammad,2MS-default
71,3,2,1,{Eobudu,Eabada,Ebd,2MP,believers-or-group,2MP-default
71,3,4,2,{t~aqu,{t~aqaY`,wqy,2MP,believers-or-group,2MP-default
71,3,5,2,>aTiyEu,>aTaAEa,TwE,2MP,believers-or-group,2MP-default
71,10,2,1,{sotagofiru,{sotagofara,gfr,2MP,believers-or-group,2MP-default
71,28,2,1,{gofiro,gafara,gfr,2MS,prophet:Muhammad,2MS-default
72,1,1,1,qulo,qaAla,qwl,2MS,prophet:Muhammad,qul
72,20,1,1,qulo,qaAla,qwl,2MS,prophet:Muhammad,qul
72,21,1,1,qulo,qaAla,qwl,2MS,prophet:Muhammad,qul
72,22,1,1,qulo,qaAla,qwl,2MS,prophet:Muhammad,qul
72,25,1,1,qulo,qaAla,qwl,2MS,prophet:Muhammad,qul
73,2,1,1,qumi,qaAma,qwm,2MS,prophet:Muhammad,2MS-default
73,3,3,1,{nquSo,yunqaSu,nqS,2MS,prophet:Muhammad,2MS-default
73,4,2,1,zido,zaAda,zyd,2MS,prophet:Muhammad,2MS-default
73,4,4,2,rat~ili,rat~alo,rtl,2MS,prophet:Muhammad,2MS-default
73,8,1,2,{*okuri,*akara,*kr,2MS,prophet:Muhammad,2MS-default
73,8,4,2,tabat~alo,tabat~alo,btl,2MS,prophet:Muhammad,2MS-default
73,9,8,2,{t~axi*o,{t~axa*a,Ax*,2MS,prophet:Muhammad,2MS-default
73,10,1,2,{Sobiro,Sabara,Sbr,2MS,prophet:Muhammad,2MS-default
73,10,5,2,{hojuro,{hojuro,hjr,2MS,prophet:Muhammad,2MS-default
73,11,1,2,*aro,ya*ara,w*r,2MS,prophet:Muhammad,2MS-default
73,11,5,2,mah~ilo,mah~ili,mhl,2MS,prophet:Muhammad,2MS-default
73,20,26,2,{qora'u,qara>a,qrA,2MP,believers-or-group,2MP-default
73,20,49,2,{qora'u,qara>a,qrA,2MP,believers-or-group,2MP-default
73,20,53,2,>aqiymu,>aqaAma,qwm,2MP,believers-or-group,2MP-default
73,20,55,2,'aAtu,A^taY,Aty,2MP,believers-or-group,2MP-default
73,20,57,2,>aqoriDu,>aqoraDu,qrD,2MP,believers-or-group,2MP-default
73,20,73,2,{sotagofiru,{sotagofara,gfr,2MP,believers-or-group,2MP-default
74,2,1,1,qumo,qaAma,qwm,2MS,prophet:Muhammad,2MS-default
74,2,2,2,>an*iro,>an*ara,n*r,2MS,prophet:Muhammad,2MS-default
74,3,2,2,kab~iro,kab~iro,kbr,2MS,prophet:Muhammad,2MS-default
74,4,2,2,Tah~iro,Tah~ara,Thr,2MS,prophet:Muhammad,2MS-default
74,5,2,2,{hojuro,{hojuro,hjr,2MS,prophet:Muhammad,2MS-default
74,7,2,2,{Sobiro,Sabara,Sbr,2MS,prophet:Muhammad,2MS-default
74,11,1,1,*aro,ya*ara,w*r,2MS,prophet:Muhammad,2MS-default
75,18,3,2,{t~abiEo,{t~abaEa,tbE,2MS,prophet:Muhammad,2MS-default
76,24,1,2,{Sobiro,Sabara,Sbr,2MS,prophet:Muhammad,2MS-default
76,25,1,2,{*okuri,*akara,*kr,2MS,prophet:Muhammad,2MS-default
76,26,3,2,{sojudo,sajada,sjd,2MS,prophet:Muhammad,2MS-default
76,26,5,2,sab~iHo,sab~aHa,sbH,2MS,prophet:Muhammad,2MS-default
77,29,1,1,{nTaliqu,{nTalaqa,Tlq,2MP,believers-or-group,2MP-default
77,30,1,1,{nTaliqu,{nTalaqa,Tlq,2MP,believers-or-group,2MP-default
77,39,5,2,kiydu,kiydu,kyd,2MP,believers-or-group,2MP-default
77,43,1,1,kulu,>akala,Akl,2MP,believers-or-group,2MP-default
77,43,2,2,{$orabu,$ariba,$rb,2MP,believers-or-group,2MP-default
77,46,1,1,kulu,>akala,Akl,2MP,believers-or-group,2MP-default
77,46,2,2,tamat~aEu,tamat~aEa,mtE,2MP,believers-or-group,2MP-default
77,48,4,1,{rokaEu,yarokaEu,rkE,2MP,believers-or-group,2MP-default
78,30,1,2,*uwqu,*aAqu,*wq,2MP,believers-or-group,2MP-default
79,17,1,1,{*ohabo,*ahaba,*hb,2MS,prophet:Muhammad,2MS-default
79,18,1,2,qulo,qaAla,qwl,2MS,prophet:Muhammad,qul
84,24,1,2,ba$~iro,bu$~ira,b$r,2MS,prophet:Muhammad,2MS-default
86,17,1,2,mah~ili,mah~ili,mhl,2MS,prophet:Muhammad,2MS-default
86,17,3,1,>amohilo,>amohilo,mhl,2MS,prophet:Muhammad,2MS-default
87,1,1,1,sab~iHi,sab~aHa,sbH,2MS,prophet:Muhammad,2MS-default
87,9,1,2,*ak~iro,*uk~ira,*kr,2MS,prophet:Muhammad,2MS-default
88,21,1,2,*ak~iro,*uk~ira,*kr,2MS,prophet:Muhammad,2MS-default
89,28,1,1,{rojiEi,rajaEa,rjE,2FS,female-individual,2FS
89,29,1,2,{doxuli,daxala,dxl,2FS,female-individual,2FS
89,30,1,2,{doxuli,daxala,dxl,2FS,female-individual,2FS
93,11,4,2,Had~ivo,tuHad~ivu,Hdv,2MS,prophet:Muhammad,2MS-default
94,7,3,2,{nSabo,nuSibato,nSb,2MS,prophet:Muhammad,2MS-default
94,8,3,2,{rogab,yarogabu,rgb,2MS,prophet:Muhammad,2MS-default
96,1,1,1,{qora>o,qara>a,qrA,2MS,prophet:Muhammad,2MS-default
96,3,1,1,{qora>o,qara>a,qrA,2MS,prophet:Muhammad,2MS-default
96,19,4,2,{sojudo,sajada,sjd,2MS,prophet:Muhammad,2MS-default
96,19,5,2,{qotarib,{qotaraba,qrb,2MS,prophet:Muhammad,2MS-default
108,2,1,2,Sal~i,Sal~aY`,Slw,2MS,prophet:Muhammad,2MS-default
108,2,3,2,{noHaro,{noHaro,nHr,2MS,prophet:Muhammad,2MS-default
109,1,1,1,qulo,qaAla,qwl,2MS,prophet:Muhammad,qul
110,3,1,2,sab~iHo,sab~aHa,sbH,2MS,prophet:Muhammad,2MS-default
110,3,4,2,{sotagofiro,{sotagofara,gfr,2MS,prophet:Muhammad,2MS-default
112,1,1,1,qulo,qaAla,qwl,2MS,prophet:Muhammad,qul
113,1,1,1,qulo,qaAla,qwl,2MS,prophet:Muhammad,qul
114,1,1,1,qulo,qaAla,qwl,2MS,prophet:Muhammad,qul
