surah	verse	surah_name_translit	source	peak_keyword_context	char_pos	confidence	snippet_verbatim
2	1	al-Baqara	biqai-nazm-al-durar	غاية	4093994	MEDIUM	ير عفو، ومن أول السورة إلى هنا تفصيل لقوله تعالى أول البقرة {ذلك الكتاب لا ريب فيه هدى للمتقين الذين يؤمنون بالغيب} [البقرة: 1] مع نظره إلى قوله آخر يوسف {ما كان حديثا يفترى} [يوسف: 111] . # ولما كان الوفاء بالعهد في غاية الشدة على ال
2	2	al-Baqara	biqai-nazm-al-durar	المقصود	399629	MEDIUM	بالإقبال على إصلاح النفس والإحسان إلى الغير مما اتصف به المهتدون في قوله تعالى: {ويقيمون الصلاة ومما رزقناهم ينفقون} [البقرة: 2] ولما كان المقصود من الصلاة قصر الهمة والنية على الحضرة الإلهية وتفريغ البال من جميع الشواغل علم أن التقد
2	3	al-Baqara	biqai-nazm-al-durar	غاية	1389340	MEDIUM	ة التقبيح، وهو كما ترى إقبال متلطف مناد لهم باسم الإيمان الناظر إلى الإنفاق المعرض عن التحصيل {ومما رزقناهم ينفقون} [البقرة: 3] ؛ {والمنفقين والمستغفرين بالأسحار} [آل عمران: 17] ؛ {لن تنالوا البر حتى تنفقوا مما تحبون} [آل عمران: 92] ن
2	6	al-Baqara	biqai-nazm-al-durar	المقصود	569831	MEDIUM	~[البقرة: 8] يعني كما أن في أهل الكتاب منافقين ومصارحين فكذلك في العرب، فصار قوله: {إن ms0331 الذين كفروا سواء عليهم} [البقرة: 6] شاملا للأقسام الأربعة، ثم أتبع ذلك المنافقين من العرب ثم المنافقين والمشاققين من أهل الكتاب ثم المجاهرين
2	8	al-Baqara	biqai-nazm-al-durar	المقصود	569712	MEDIUM	هى. # ولعل الآية ناظرة إلى قوله أول # PageV02P313 # السورة {ومن الناس من يقول آمنا بالله واليوم الآخر وما هم بمؤمنين} [البقرة: 8] يعني كما أن في أهل الكتاب منافقين ومصارحين فكذلك في العرب، فصار قوله: {إن ms0331 الذين كفروا سواء عليهم} [
2	21	al-Baqara	biqai-nazm-al-durar	المقصود	39863	MEDIUM	ن ضمائرهم، فلما تم ذلك وكان المقصود منه الدعاء إلى الله انتهزت تلك الفلبرصة بقوله تعالى (يا أيها الناس اعبدوا ربكم) [البقرة: 21] لما أسس لها من الترغيب بالترهيب، ثم أقيم الدليل على حقية نظمه بتقصيرهم عن مدى سهمه، فرجع حاصل ذلك إلى إ
2	24	al-Baqara	biqai-nazm-al-durar	المقصود	9894031	MEDIUM	04 # أنها تقع للمضارع الذي لم يقع سواء كان في غاية القرب من الحال أم لا، كما نقلته عنه في أول البقرة عند {ولن تفعلوا} [البقرة: 24] على أن نطقنا بهذا الكلام لا يكاد يتحقق حتى يمضي زمن فيصير مستقبلا، فلذا عبر ب «لا» دون «ما» بشارة بأنه
2	28	al-Baqara	biqai-nazm-al-durar	المقصود	2794297	MEDIUM	سياق خطابة سبحانه لجميع الناس بقوله: {اعبدوا ربكم الذي خلقكم} [البقرة: 21] {كيف تكفرون بالله وكنتم أمواتا فأحياكم} [البقرة: 28] وما شاكله من الاستعطاف بتعداد النعم ودفع النقم - والله أعلم. # PageV08P070 # ولما استفيد من كلامه لهم غاي
2	29	al-Baqara	biqai-nazm-al-durar	المقصود	542054	MEDIUM	ن ذلك؛ ولا يبعد عندي وإن بعد المدى أن تكون الواو في قوله {وإلهكم} عاطفة على قوله في أوائل السورة # {وهو بكل شيء عليم} [البقرة: 29] قبل قوله {وإذ قال ربك للملائكة إني جاعل في الأرض خليفة} [البقرة: 30] فإن التوحيد هو المقصود بالذات وعنه ~
2	30	al-Baqara	biqai-nazm-al-durar	المقصود	542125	MEDIUM	فة على قوله في أوائل السورة # {وهو بكل شيء عليم} [البقرة: 29] قبل قوله {وإذ قال ربك للملائكة إني جاعل في الأرض خليفة} [البقرة: 30] فإن التوحيد هو المقصود بالذات وعنه تنشأ جميع العبادات، فلما قال أولا {يا أيها الناس اعبدوا ربكم} [البقرة:
2	38	al-Baqara	biqai-nazm-al-durar	مقصود	370264	MEDIUM	الرسول من الأمر البين الذي يشهد به كتابهم وقد أخذ عليهم العهد باتباعه كما أرشد إلى قوله تعالى: {فإما يأتينكم مني هدى} [البقرة: 38] الآية، أنكر عليهم ثانيا كفرهم بما أتى به الرسل بقوله: {أو كلما عاهدوا عهدا نبذه} أي طرحه محتقرا له {فري
2	40	al-Baqara	biqai-nazm-al-durar	المقصود	1844835	MEDIUM	حل بيد الشرع القوية، تذكيرا بما أشار إليه قوله تعالى في حق أولئك {اذكروا نعمتي وأوفوا بعهدي أوف بعهدكم وإياي فارهبون} [البقرة: 40] وإخبارا لهم بأنه أحل لهم ما حرم على أولئك، فقال على سبيل التعليل مشيرا إلى أن المقصود من النعمة كونها،
2	43	al-Baqara	biqai-nazm-al-durar	المقصود	1247095	MEDIUM	ود الآن فأخبرت أنه ليس فيها ركوع، ثم رأيت البغوي # PageV04P379 # صرح في تفسير قوله سبحانه وتعالى: {واركعوا مع الراكعين} [البقرة: 43] بأن صلاتهم لا ركوع فيها، وكذا بان عطية وغيرهما. # ولما كان المقصود من ذكر هذه الآيات بيان الخوارق التي كا
2	60	al-Baqara	biqai-nazm-al-durar	غاية	735624	MEDIUM	ا له ميراثا كاليوم - هذا نصه وقد تقدم ذلك مستوفى من السفر الثاني من التوراة عند قوله تعالى: {وإذ استسقى موسى لقومه} [البقرة: 60] فكان الرجوع إلى قص ما يريد الله سبحانه وتعالى # PageV03P192 # من أحوال بني إسرائيل للأغراض الماضية على غا
2	67	al-Baqara	biqai-nazm-al-durar	مقصود	10030137	MEDIUM	ر الأمر، فهي للعون بخير الأمر، والفلق للعوذ من شر الخلق المحصي لكل خير، وفي البقرة # {أعوذ بالله أن أكون من الجاهلين} [البقرة: 67] {يعلمون الناس السحر} [البقرة: 102]- الآيات، {ود كثير من أهل الكتاب لو يردونكم من بعد إيمانكم كفارا حسدا
2	87	al-Baqara	biqai-nazm-al-durar	مقصود	370087	MEDIUM	كتاب الذي هو مقصود السورة. # ولما ms0214 أنكر عليهم أولا ردهم للرسل لأمرهم بمخالفة الهوى في قوله: {أفكلما جاءكم رسول} [البقرة: 87] وأتبعه بما يلائمه إلى أن ختم بأن آيات هذا الرسول من الأمر البين الذي يشهد به كتابهم وقد أخذ عليهم العهد ب
2	89	al-Baqara	biqai-nazm-al-durar	غاية	9786722	MEDIUM	أو مجيء {البينة *} فكان حالهم كما قال سبحانه {وكانوا من قبل يستفتحون على الذين كفروا فلما جاءهم ما عرفوا كفروا به} [البقرة: 89] وقد كان مجيء البينة يقتضي اجتماعهم على الحق، لا تفرقهم فيه، وكأنه أشار إلى المشركين بالعاطف ولم يصرح بذكر
2	102	al-Baqara	biqai-nazm-al-durar	مقصود	10030173	MEDIUM	ق للعوذ من شر الخلق المحصي لكل خير، وفي البقرة # {أعوذ بالله أن أكون من الجاهلين} [البقرة: 67] {يعلمون الناس السحر} [البقرة: 102]- الآيات، {ود كثير من أهل الكتاب لو يردونكم من بعد إيمانكم كفارا حسدا من عند أنفسهم} [البقرة: 109] الآية،
2	109	al-Baqara	biqai-nazm-al-durar	المقصود	2599398	MEDIUM	جة قاطعة وآية باهرة. # ولما أعقب تعالى قصصهم في البقرة بأمره نبيه والمؤمنين بالعفو والصفح فقال تعالى {فاعفوا واصفحوا} [البقرة: 109] أعقب تعالى أيضا هنا بقوله لنبيه عليه الصلاة والسلام {خذ العفو وأمر بالعرف وأعرض عن الجاهلين} [الأعراف:
2	122	al-Baqara	biqai-nazm-al-durar	غاية	433897	MEDIUM	اة والسلام، وأنهم المنعم عليهم؛ والظاهر عطف {إذ} على {نعمتي} في قوله {يا بني إسرائيل اذكروا نعمتي التي أنعمت عليكم} [البقرة: 122] أي واذكروا إذ ابتلى أباكم إبراهيم فأتم ما ابتلاه به فما لكم أنتم لا تقتدون به فتفعلوا عند الابتلاء فعله
2	143	al-Baqara	biqai-nazm-al-durar	مقصد	6263854	MEDIUM	جتماعها حالة متشابهة هي العدالة، فبهذا الاعتبار عبر عن العدالة بالوساطة، أي في قوله تعالى: {وكذلك جعلناكم أمة وسطا} [البقرة: 143] وإليه أشير بقوله عليه الصلاة والسلام «خير الأمور أوساطها» والحكمة في النفس البهيمية بقاء البدن الذي هو م
2	148	al-Baqara	biqai-nazm-al-durar	المقصود	6770941	MEDIUM	أوجدوه. ولما كان المقصود بيان إسراعهم في الهرب، عدى الفعل مضمنا له معنى {ابتدروا} كما قال تعالى: {واستبقوا الخيرات} [البقرة: 148] فقال: {الصراط} أي الطريق الواضح الذي ألفوه واعتادوه، ولهم به غاية المعرفة. ولما كان الأعمى لا يمكنه في ~
2	163	al-Baqara	biqai-nazm-al-durar	مقصود	1078451	MEDIUM	قوا فتأهلوا لأنواع المعارف قال معليا لهم من مصاعد الربوبية إلى معارج ms0629 الإلهية # {وإلهكم إله واحد لا إله إلا هو} [البقرة: 163] فلما تسنموا هذا الشرف لقنهم العبادات المزكية ونقاهم أرواحها المصفية فذكر أمهات الأعمال أصولا وفروعا ال
2	179	al-Baqara	biqai-nazm-al-durar	غاية	7554876	MEDIUM	ولا تأخير، ولا أن يبدل شيء منها بما يؤدي معناه أو يقوم مقامه، كما أن ذلك في غاية الظهور في موازنة {في القصاص حياة} [البقرة: 179] مع «القتل أنفى للقتل» وذلك بعض آية فكيف بآية # PageV17P379 # فما فوقها فتخضع له جبابرة ألبابكم وتسجد له
2	187	al-Baqara	biqai-nazm-al-durar	غاية	1876138	MEDIUM	كقوله تعالى {من المسجد الحرام إلى المسجد الأقصى} [الإسراء: 1] وتارة لا تدخل كقوله تعالى {ثم أتموا الصيام إلى الليل} # [البقرة: 187] والمرفق ملتقى العظمين، وعفي عما فوق ذلك تخفيفا {وامسحوا} ولما عدل عن تعدية الفعل إلى الرأس، فلم يفعل كما
2	188	al-Baqara	biqai-nazm-al-durar	غرض	199436	MEDIUM	زنا وإتيان الحائض - إلى ما دون ذلك من النهي عما يعدونه في دنياهم كيسا، نحو قوله: {ولا تأكلوا أموالكم بينكم بالباطل} [البقرة: 188] {ولا تأكلوا الربا أضعافا مضاعفة} [آل عمران: 13] {ولا تجسسوا ولا يغتب بعضكم بعضا} [الحجرات: 12] و {لا ي
2	197	al-Baqara	biqai-nazm-al-durar	مقصود	752099	MEDIUM	. وقال الحرالي: لما التف حكم الحج بالحرب تداخلت آيات اشتراكهما وكما تقدم تأسيس فرض الحج في آية {فمن فرض فيهن الحج} [البقرة: 197] انتظم به كتب القتال، والفرض من الشيء ما ينزل بمنزلة الجزء منه، والكتب ما خرز بالشيء فصار كالوصلة فيه، كم
2	213	al-Baqara	biqai-nazm-al-durar	غاية	5151914	MEDIUM	ة ليس سببا للتقطع، بل ربما كان عنه الاجتماع على الضلال، كما يكون في آخر الزمان وكما قال تعالى {كان الناس أمة واحدة} [البقرة: 213] الآية {وما تفرق الذين أوتوا الكتاب إلا من بعد ما جاءتهم البينة} [البينة: 4] . # ولما كان كأنه قيل: فماذا
2	217	al-Baqara	biqai-nazm-al-durar	مقصود	492233	MEDIUM	انتهى. وعبر عنه بذلك لأن السياق للصلاة التي أعظم مقصودها السجود، وسيأتي عند # PageV02P219 # {يسألونك عن الشهر الحرام} [البقرة: 217] زيادة على هذا، وفي الموطأ عن سعيد بن المسيب أنه قال: «صلى رسول الله صلى الله عليه وسلم بعد أن قدم المد
2	249	al-Baqara	biqai-nazm-al-durar	غاية	911870	MEDIUM	موت الحجاج أو بقوله: له فرجة! لأني كنت أطلب شاهدا لاختياري # PageV03P441 # القراءة في سورة البقرة {إلا من اغترف غرفة} [البقرة: 249]- انتهى. ولعل ختام قصص بني إسرائيل بهذه القصة لما فيها للنبي صلى الله عليه وسلم من واضح الدلالة على صحة
2	256	al-Baqara	biqai-nazm-al-durar	غاية	1072853	MEDIUM	الة لهم على ربهم المذكورين أول السورة، فتضمن ذلك وجوب قتالهم وأنهم أعدى الأعداء، وأن قوله تعالى {لا إكراه في الدين} [البقرة: 256] ليس ناهيا عن ذلك وإنما هو إشارة إلى أن الدين صار في الوضوح إلى حد لا يتصور فيه إكراه بل ينبغي لكل عاقل أ
2	268	al-Baqara	biqai-nazm-al-durar	غرض	688205	MEDIUM	نا أن في التمسك به النجاة وفي إنفاقه الهلاك أخبرهم أن الأمر على غير ما يسول به الشيطان من ذلك {الشيطان يعدكم الفقر} [البقرة: 268] وقال الحرالي: ولمكان ما لزم العفو من العز الذي جاء على خلاف غرض النفس نظم به تعالى ما يجيء على خلاف مد
2	281	al-Baqara	biqai-nazm-al-durar		130763	MEDIUM	وهذا آخر خطاب الإقبال عليهم من دعوة الله لهم ولسان النكير عليهم، ولذلك كانت آية: {واتقوا يوما ترجعون فيه إلى الله} [البقرة: 281] آخر آية أنزلت في القرآن، لأنها نهاية ليس وراءه قول يعم أهل الجزاء؛ والرجع عود # PageV01P218 # الشيء عند
2	282	al-Baqara	biqai-nazm-al-durar	غاية	822080	MEDIUM	يهم الله ملكة يميزون بها ما يلبس على غيرهم {أن تتقوا الله يجعل لكم فرقانا} [الأنفال: 29] {واتقوا الله ويعلمكم الله} [البقرة: 282] . # ولما ذكر الطلاق رجعية وبائنة عقبه ببيان وصف الرجعة من الحل والحرمة وبيان وقتها وتحديده والإشارة إلى
2	285	al-Baqara	biqai-nazm-al-durar	غاية	2803914	MEDIUM	ة بالتعبير بالمسلمين دون المؤمنين في قوله {وأنا أول المسلمين} [المائدة: 163] والثانية تومي إلى عدمها وهي {آمن الرسول} [البقرة: 285] إلى قوله: {كل آمن بالله} [البقرة: 285]- والله أعلم -، وكل هذا تبكيت على قومه وتبكيت لهم في عبادتهم الع
3	10	Al Imran	biqai-nazm-al-durar	غاية	1376391	MEDIUM	ية النفوذ في الدقائق من عجائب المقدور في قوله تعالى: {إن الذين كفروا لن تغني عنهم أموالهم ولا أولادهم من الله شيئا} [آل عمران: 10] {قل للذين كفروا ستغلبون} [آل عمران: 12] ذكرهم الله تعالى نصره لهم في غزوة بدر، وهم في القلة دون ما هم ا
3	13	Al Imran	biqai-nazm-al-durar	غرض	199485	MEDIUM	يعدونه في دنياهم كيسا، نحو قوله: {ولا تأكلوا أموالكم بينكم بالباطل} [البقرة: 188] {ولا تأكلوا الربا أضعافا مضاعفة} [آل عمران: 13] {ولا تجسسوا ولا يغتب بعضكم بعضا} [الحجرات: 12] و {لا يسخر قوم من قوم} [الحجرات: 11] وما لحق بهذا النمط
3	14	Al Imran	biqai-nazm-al-durar	المقصد	1396180	MEDIUM	النهي عنه الصرف عن مطلق الإقبال على الدنيا، المشار إلى ذمها في قوله تعالى: {زين للناس حب الشهوات من النساء والبنين} [آل عمران: 14] ، وأمر بما تضمن الفوز والنجاة والقرب، وكان ذلك قد يكون مع التواني أمر بالمسارعة فيه # PageV05P070 # توص
3	15	Al Imran	biqai-nazm-al-durar	المقصد	1396614	MEDIUM	ان: 120] الموصوفين بما تقدم في قوله تعالى في المقصد الثالث من دعائم هذه السورة {قل أأنبئكم بخير من ذلك للذين اتقوا} [آل عمران: 15] ، على وجه أبلغ من ذلك بالمسارعة إلى ما يوجب المغفرة من الرب اللطيف بعباده، وإلى ما يبيح الجنة أعدت لل
3	25	Al Imran	biqai-nazm-al-durar	غاية	7398127	MEDIUM	وحقير، ms4339 وقليل وكثير، والبراءة من الظلم، كما قال تعالى {وقضى بينهم بالحق وهم لا يظلمون} {ووفيت كل نفس ما عملت} [آل عمران: 25] {وهو أعلم بما يفعلون} وأشير إلى التوعد بالجزاء في يوم الفصل لأنا نشاهد أكثر الخلق يموت من غير جزاء، وكا
3	40	Al Imran	biqai-nazm-al-durar	غرض	1496350	MEDIUM	~بالجعل، لخلو السياق عن هذا الغرض، ويؤيد هذا أنه قال تعالى في أمر يحيى عليه الصلاة والسلام # {كذلك الله يفعل ما يشاء} [آل عمران: 40] وفي أمر عيسى عليه الصلاة والسلام {يخلق ما يشاء} [آل عمران: 47] ، وأيضا فالسياق هنا للترهيب الموجب للت
3	47	Al Imran	biqai-nazm-al-durar	غرض	1496415	MEDIUM	يحيى عليه الصلاة والسلام # {كذلك الله يفعل ما يشاء} [آل عمران: 40] وفي أمر عيسى عليه الصلاة والسلام {يخلق ما يشاء} [آل عمران: 47] ، وأيضا فالسياق هنا للترهيب الموجب للتقوى، فكان بالخلق الذي هو أعظم في إظهار الاقتداء - لأنه اختراع الأ
3	55	Al Imran	biqai-nazm-al-durar	غاية	8750099	MEDIUM	[النمل: 40] قوة مستفادة من علم، والظاهر كما هو ظاهر قوله تعالى: {جاعل الذين اتبعوك فوق الذين كفروا إلى يوم القيامة} [آل عمران: 55] وغيرها أن تأييد المؤمنين به كان بعد رفعه بيسير حين ظهر # PageV20P042 # الحواريون وانبثوا في البلاد يدعو
3	59	Al Imran	biqai-nazm-al-durar	غاية	415524	MEDIUM	وقال الإمام أبو علي الفارسي في كتاب الحجة: إن ذلك لا يطرد في مثل ثاني حرفي آل عمران وهو قوله: {ثم قال له كن فيكون} [آل عمران: 59] لأنه لا يحسن تخالف الفعلين المتعاطفين بالمضي وغيره، وأول قوله: # ولقد أمر على اللئيم يسبني ... فمضيت ثم
3	75	Al Imran	biqai-nazm-al-durar	المقصود	2890573	MEDIUM	كأنه قيل: أنتم قائلون بأن من أشرك لا يغفر له لتركه ما نصب له من الأدلة حتى إنكم لتقولون {ليس علينا في الأميين سبيل} [آل عمران: 75] لذلك، فما لكم توسعون المغفرة لكم في ترك ما أخذ عليكم به الميثاق الخاص وقد ضيقتموها على غيركم في ترك م
3	92	Al Imran	biqai-nazm-al-durar	غاية	1389444	MEDIUM	رزقناهم ينفقون} [البقرة: 3] ؛ {والمنفقين والمستغفرين بالأسحار} [آل عمران: 17] ؛ {لن تنالوا البر حتى تنفقوا مما تحبون} [آل عمران: 92] ناه عن الالتفات إلى الدنيا بالإقبال على غنيمة أو غيرها # PageV05P063 # بطريق الإشارة بدلالة التضمن، إذ
3	120	Al Imran	biqai-nazm-al-durar	المقصد	1396487	MEDIUM	~في قوله: {بلى إن تصبروا وتتقوا ويأتوكم من فورهم هذا يمددكم} [آل عمران: 125] ، {وإن تصبرو وتتقوا لا يضركم كيدهم شيئا} [آل عمران: 120] الموصوفين بما تقدم في قوله تعالى في المقصد الثالث من دعائم هذه السورة {قل أأنبئكم بخير من ذلك للذين
3	123	Al Imran	biqai-nazm-al-durar	غاية	1416864	MEDIUM	~تعالى - عطفا على قوله: {بلى إن تصبروا وتتقوا} [آل عمران: 125] ، مصرحا بما لوح إليه تقديرا قبل {ولقد نصركم الله ببدر} [آل عمران: 123] كما مضى -: {ولقد صدقكم الله وعده} أي في قوله {وإن تصبروا وتتقوا لا يضركم كيدهم} [آل عمران: 120] {إذ
3	126	Al Imran	biqai-nazm-al-durar	غاية	2974551	MEDIUM	ى البأس ولو كان فيه لقاء جميع الناس. # ولما أكد هنا، لم يحتج إلى إعادة تأكيده في ms1741 آل عمران فقيل {العزيز الحكيم} [آل عمران: 126] أي الذي أخبركم عن عزته وحكمته في غزوة بدر بما يليق بذلك المقام من التأكيد، وأخبركم أنكم إن فاديتم الأس
3	130	Al Imran	biqai-nazm-al-durar	المقصد	1396810	MEDIUM	اللطيف بعباده، وإلى ما يبيح الجنة أعدت للمتقين الذين تقدمت الإشارة إليهم في قوله تعالى: {واتقوا الله لعلكم تفلحون} [آل عمران: 130] الذين يتخلون عن الأموال وجميع مصانع الدنيا فلا تمتد أعينهم إلى الازدياد من شيء منها ويتحلون بالزهد فيه
3	146	Al Imran	biqai-nazm-al-durar	غاية	2332119	MEDIUM	غى عليهم، ومجيء نبأهم تقدم إجمالا وتفصيلا، أما إجمالا ففي مثل قوله # PageV07P098 # {وكأين من نبي قاتل معه ربيون كثير} [آل عمران: 146] ، {أفكلما جاءكم رسول بما لا تهوى أنفسكم} [البقرة: 87] وأما تفصيلا ففي ذكر موسى وعيسى وغيرهما؛ وفي قو
3	164	Al Imran	biqai-nazm-al-durar	مقصود	8780571	MEDIUM	لا يدعوهم إلا لما يحييهم من الصلاة والوعظ الذي هو عين تنزيه الله وتسبيحه {يتلو عليهم آياته ويعلمهم الكتاب والحكمة} [آل عمران: 164] يزكيهم ربهم ويرزقهم من فضله إنه كريم وهاب - والله أعلم بالصواب. # PageV20P072 # سورة المنافقون # مقصود
3	173	Al Imran	biqai-nazm-al-durar	المقصود	3200815	MEDIUM	ئله واحد وأسند إلى الكل كما يقال: فلان يركب الخيول وقد لا يكون له إلا فرس واحد، وهو كقوله تعالى {الذين قال لهم الناس} [آل عمران: 173] وقيل: كان فاشيا فيهم فلما عابهم الله به تركوه وهم الآن ينكرونه، والله تعالى أصدق حديثا {وقالت النصار
3	200	Al Imran	biqai-nazm-al-durar	مقصود	1493744	MEDIUM	: 169] ، {الذين استجابوا لله والرسول من بعد ما أصابهم القرح} [آل عمران: 172] ، {يا أيها الذين آمنوا اصبروا وصابروا} [آل عمران: 200] ، وكانت قصة أحد قد أسفرت عن أيتام استشهد مورثوهم في حب الله، وكان من أمرهم في الجاهلية منع أمثالهم م
4	1	al-Nisa	biqai-nazm-al-durar	المقصود	1512738	MEDIUM	وت المكتوب علينا، وناسب هذا المقصود من التواصل والألفة ما افتتحت به السورة من قوله تعالى: {الذي خلقكم من نفس واحدة} [النساء: 1] ، فافتتحها بالالتئام والوصلة ولهذا خصت من حكم تشاجر الزوجين بالإعلام بصورة الإصلاح والمعدلة إبقاء لذلك الت
4	13	al-Nisa	biqai-nazm-al-durar	المقصود	1512957	MEDIUM	لمعدلة إبقاء لذلك التواصل فلم يكن الطلاق ليناسب هذا، فلم يقع له هنا ذكر إلا إيماء {وإن يتفرقا يغن الله كلا من سعته} [النساء: 13] ولكثرة ما يعرض من رعي حظوظ النفوس عند الزوجية ومع القرابة - ويدق ذلك ويغمض - تكرر كثيرا في هذه السورة الأ
4	26	al-Nisa	biqai-nazm-al-durar	مقصود	9932111	MEDIUM	لا ينطق عن الهوى، وحال الضال الذي إنما ينطق عن الهوى - قوله تعالى: # {يريد الله ليبين لكم ويهديكم سنن الذين من قبلكم} [النساء: 26] وختمها إشارة إلى التحذير من مثل حاله، فكأنه قيل: يبين الله لكم أن تضلوا فكونوا كأبي لهب في البوار، وصلي
4	31	al-Nisa	biqai-nazm-al-durar	غاية	6881109	MEDIUM	ا اكتسبت} «ومن هم بسيئة ولم # PageV16P270 # يعملها كتبت له حسنة» {وأن تجتنبوا كبائر ما تنهون عنه نكفر عنكم سيئاتكم} [النساء: 31] . # قصة ذبح إبراهيم لولده عليهما السلام من التوارة وبيان أنهم بدلوها، قال مترجمهم: فغرس إبراهيم ببئر سبع
4	32	al-Nisa	biqai-nazm-al-durar	المقصود	1589683	MEDIUM	لتذكير بالتقوى التي افتتحت السورة بالأمر بها، فكان التقدير حتما: فاتقوه؛ عطف عليه، أو على نحو {وسئلوا الله من فضله} [النساء: 32] أو على {اتقوا ربكم} الخلق المقصود من الخلق المبثوثين على تلك الصفة، وهو العبادة الخالصة التي هي الإحسان ف
4	43	al-Nisa	biqai-nazm-al-durar	المقصود	6485436	MEDIUM	الا للشيء في حقيقته ومجازه كما هو مذهب إمامنا الشافعي رضي الله عنه، ومثل بآية النساء # {لا تقربوا الصلاة وأنتم سكارى} [النساء: 43] وبقوله: {أو لامستم النساء} [النساء: 43، المائدة: 6] وغير ذلك، وقد بينت في سورة الرعد أن مادة «صلوا» بجم
4	44	al-Nisa	biqai-nazm-al-durar	مقصود	1719940	MEDIUM	صره في وقت ما! وما أشد التئامها بختام أول الآيات المحذرة منهم {ألم تر إلى الذين أوتوا نصيبا من الكتاب يشترون الضلالة} [النساء: 44] إلى قوله {وكفى بالله وليا وكفى بالله نصيرا} [النساء: 45] إشارة إلى أن مقصود المنافقين من مشايعة أهل الك
4	45	al-Nisa	biqai-nazm-al-durar	مقصود	1719999	MEDIUM	هم {ألم تر إلى الذين أوتوا نصيبا من الكتاب يشترون الضلالة} [النساء: 44] إلى قوله {وكفى بالله وليا وكفى بالله نصيرا} [النساء: 45] إشارة إلى أن مقصود المنافقين من مشايعة أهل الكتاب ومتابعتهم إنما هو الولاية والنصرة، وأنهم قد ضيعوا مني
4	48	al-Nisa	biqai-nazm-al-durar	غاية	4055484	MEDIUM	~فلذلك يقيم الناس دهرا طويلا يكفرون ولا يعاقبون حلما منه سبحانه، والآية مقيدة بآية النساء {ويعفر ما دون ذلك لمن يشاء} [النساء: 48] وإن لم يكن توبة، فإن التائب ليس على ظلمه. ms2376 # ولما كان يمهل سبحانه ولا يهمل وذكر إمهاله، ذكر أخذه مؤ
4	56	al-Nisa	biqai-nazm-al-durar	مقصود	6616387	MEDIUM	اد شيء إلا وجد في أسرع وقت، فهي دار الإبداع والاختراع بالحقيقة وكذا النار)) كلما نضجت جلودهم بدلناهم جلودا غيرها () [النساء: 56] ؛ وكذا تسميتها بالملائكة فإنهم يبدعون خلقا جديدا كل واحد منهم على صورته التي أراد الله المطابقة لقدرته
4	82	al-Nisa	biqai-nazm-al-durar	غرض	8998136	MEDIUM	شاهد قاطع لكل عاقل متصف بصحة نبوته صلى الله عليه وسلم وجليل صدقه # {ولو كان من عند غير الله لوجدوا فيه اختلافا كثيرا} [النساء: 82] فقد تبين موقع هذه السورة هنا، وتلاؤم ما بعده من آيها يذكر في التفسير - انتهى. # ولما نفى سبحانه عنه صلى
4	84	al-Nisa	biqai-nazm-al-durar	غاية	1675647	MEDIUM	نى الأسنان إلى أن الراسخين غير محتاجين إلى مزيد التأكيد في التأديب، وما أحسن التفاته إلى قوله تعالى {وحرض المؤمنين} [النساء: 84] إشارة منه تعالى إلى أنهم يتأثرون من تحريضه صلى الله عليه وسلم # PageV05P365 # وينقادون لأمره، بما دلت علي
4	94	al-Nisa	biqai-nazm-al-durar	غرض	199785	MEDIUM	لطية غرض النفس # PageV01P323 # نحو قوله تعالى: {ولا تقولوا لمن ألقى إليكم السلام لست مؤمنا تبتغون عرض الحياة الدنيا} [النساء: 94] إلى ما دون ذلك من النهي عما يقدح في الفضل وإن كان من حكم العدل نحو قوله تعالى: {ولا يأتل أولو الفضل منكم
4	119	al-Nisa	biqai-nazm-al-durar	غاية	1846144	MEDIUM	ك ما أشير إليه بقوله تعالى في التي قبلها حكاية عن الشيطان {ولآمرنهم فليبتكن أذان الأنعام ولآمرنهم فليغيرن خلق الله} [النساء: 119] من السائبة وما معها مما كانوا اتخذوه دينا، وفصلو فيه تفاصيل - كما سيأتي صريحا في آخر هذه السورة بقوله تع
4	148	al-Nisa	biqai-nazm-al-durar	مقصود	2605253	MEDIUM	ال: واستضعف إعمال المصدر وفيه لام التعريف وقد ذكرنا أنه جاء في التنزيل {لا يحب الله الجهر بالسوء من القول إلا من ظلم} [النساء: 148]- انتهى. أي والوزن في ذلك اليوم مقصور على الحق، يطابقه الواقع # PageV07P359 # مطابقة حقيقية لا فضل فيها أ
4	171	al-Nisa	biqai-nazm-al-durar	غاية	1738556	MEDIUM	ا، وإذا تأملت ختام قوله تعالى في قصة عيسى عليه الصلاة والسلام # PageV05P429 # في آخر هذه السورة {سبحانه أن يكون له ولد} [النساء: 171] زاد ذلك هذا السر - وهو كونه لا اعتراض عليه - وضوحا. # ولما كان في هذا تهديد بليغ وتعريف بسعة الملك وكمال
5	3	al-Maida	biqai-nazm-al-durar	المقصود	21164	MEDIUM	# PageV01P048 # الأمر والخلق من جميع وجوهه، فصار قرآنا جامعا للكل متمما للنعمة مكملا للدين # {اليوم أكملت لكم دينكم} [المائدة: 3] الآية، بعثت لأتمم مكارم الأخلاق. وإن إلى ربك المنتهى. # ووجه فوت أم القرآن للقرآن أن القرآن مقصود تنزيله
5	12	al-Maida	biqai-nazm-al-durar	غرض	1895111	MEDIUM	ي قوله تعالى # {أوفوا بعهدي} [البقرة: 40] فقال تعالى: {ولقد أخذ الله ميثاق بني إسرائيل} إلى قوله {فقد ضل سواء السبيل} [المائدة: 12] ثم بين نقضهم وبنى اللعنة وكل محنة ابتلوا بها عليه فقال {فبما نقضهم ميثاقهم} [النساء: 55 والمائدة: 13]
5	14	al-Maida	biqai-nazm-al-durar	غرض	1895303	MEDIUM	فبما نقضهم ميثاقهم} [النساء: 55 والمائدة: 13] وذكر تعالى عهد الآخرين فقال {ومن الذين قالوا إنا نصارى أخذنا ميثاقهم} [المائدة: 14] ثم فصل تعالى للمؤمنين أفعال الفريقين ليتبين لهم ما نقضوا فيه من ادعائهم في المسيح ما ادعوا، وقولهم نحن أ
5	20	al-Maida	biqai-nazm-al-durar	غرض	1957985	MEDIUM	ل أن تكون أنت ابنه، لما كان ذلك كذلك ناسب أن تعقب بقصة ابني آدم لما يذكر، فقال تعالى عاطفا على قوله: {وإذ قال موسى} [المائدة: 20] {واتل عليهم} # PageV06P112 # أي على المدعوين الذين من جملتهم اليهود تلاوة، وهي من أعظم الأدلة على نبوتك،
5	24	al-Maida	biqai-nazm-al-durar	غرض	753461	MEDIUM	نهم يتبلدون في الإنفاق تبلدا إسرائيليا ويتقاعدون عن الجهاد تقاعد أهل التيه منهم الذين قالوا: # {اذهب أنت وربك فقاتلا} [المائدة: 24] انتهى. {وهو كره} وهو ما يخالف غرض النفس وهواها، ولعله لكونه لما كان خيرا عبر باللام في {لكم} وهذا باعتبا
5	41	al-Maida	biqai-nazm-al-durar	غاية	2070781	MEDIUM	ى كثيرا منهم} [المائدة: 62] # PageV06P220 # مؤكدا لمضمون ما سبق من قوله {ومن يرد الله فتنته فلن تملك له من الله شيئا} [المائدة: 41] بأنه جعل سبب هذا القول منهم ما أتاهم من الهدى الأكمل في هذا الكتاب المعجز على لسان هذا النبي الذي هم به
5	60	al-Maida	biqai-nazm-al-durar		2807230	MEDIUM	ت من التوراة لاح لك هذا المعنى، وكذا ما ذكر من التوراة عند قوله في المائدة {قل هو أنبئكم بشر من ذلك مثوبة عند الله} [المائدة: 60] وفي هذه الجملة المختصرة بشارة يإتمام الوعد بنصرتهم عليهم بطاعتهم ونذارة على تقدير معصيتهم، فكأنه قيل: إن
5	62	al-Maida	biqai-nazm-al-durar	غاية	2070675	MEDIUM	ما هو دونه في الفحش، فكيف وقد انضم إلى ذلك ما أنزل في القرآن من واضح البيان، قال سبحانه عاطفا على {وترى كثيرا منهم} [المائدة: 62] # PageV06P220 # مؤكدا لمضمون ما سبق من قوله {ومن يرد الله فتنته فلن تملك له من الله شيئا} [المائدة: 41]
5	67	al-Maida	biqai-nazm-al-durar	غاية	1904675	MEDIUM	اود من وجه مرسل أنه قتل اليهودية. والأول هو الصحيح، وسيأتي لهذا الحديث ذكر في هذه السورة عند {والله يعصمك من الناس} [المائدة: 67] ، فهذا غاية العفو والإحسان امتثالا لأمر الله سبحانه. # ولما دخل النصارى فيما مضى ms1112 لأنهم من بني إسرائ
5	75	al-Maida	biqai-nazm-al-durar	مقصود	9849237	MEDIUM	كل حبة فبقي صفرا منه أو كتبن أكلته الدواب وراثته، ولكنه جاء على ما عليه آداب القرآن كقوله تعالى: {كانا يأكلان الطعام} [المائدة: 75] وهذا الإهلاك في إعجابه هو من معاني الاستفهام التقريري في أولها، فقد تعانق طرفاها، والتف أخراها بأولاها
5	76	al-Maida	biqai-nazm-al-durar	غاية	2265819	MEDIUM	لغ من البصير، وذلك مثل ما تقدم في قوله: {قل أتعبدون من دون الله ما لا يملك لكم ضرا ولا نفعا والله هو السميع العليم} [المائدة: 76] وهو ترجمة قوله: {يعلم سركم وجهركم ويعلم ما تكسبون} [الأنعام: 3] . # PageV07P034 # ولما نهض من الحجج ما ل
5	87	al-Maida	biqai-nazm-al-durar	غاية	2174723	MEDIUM	ما أرادوا من تحريم ما أحل لهم ميلا إلى الرهبانية والتعمق في الدين المنهي عنه بقوله: {لا تحرموا طيبات ما أحل الله لكم} [المائدة: 87] . # ولما فرغ من زجرهم عن أن يشرعوا لأنفسهم أو يسألوه عن أن يشرع لهم وأن ms1271 يسألوا من رحمهم بابتدائهم
5	103	al-Maida	biqai-nazm-al-durar	غاية	1846304	MEDIUM	نوا اتخذوه دينا، وفصلو فيه تفاصيل - كما سيأتي صريحا في آخر هذه السورة بقوله تعالى: {ما جعل الله من بحيرة ولا سائبة} [المائدة: 103] الآية، وكذا في آخر الأنعام، وفي الأمر بالوفاء بالعقود بعد الإخبار بأنه بكل شيء عليم غاية التحذير من ت
5	110	al-Maida	biqai-nazm-al-durar	المقصود	2221763	MEDIUM	تهديد لمن يكفر - عما كفر به النصارى، فلذلك قال تعالى عاطفا على قوله {إذا قال الله يا عيسى ابن مريم اذكر نعمتي عليك} [المائدة: 110] {وإذ قال الله} أي بما له من صفات الجلال والجمال مشيرا إلى ما له من علو الرتبة بأداة النداء: {يا عيسى بن
5	118	al-Maida	biqai-nazm-al-durar	غاية	6141495	MEDIUM	أن يفهم أنه قد يقع من بعض من عبدوه شفاعة، أو تلويح بها كقول عيسى عليه السلام {وإن تغفر لهم فإنك أنت العزيز الحكيم} [المائدة: 118] . # ولما ذكر حال الشفعاء معهم، ذكر حالهم مع الشفعاء فقال: {وكانوا} أي كونا هو في غاية الرسوخ {بشركائهم}
5	163	al-Maida	biqai-nazm-al-durar	غاية	2803858	MEDIUM	ى الله عليه وسلم آيتان: إحداهما يمكن أن تشير إلى الرؤية بالتعبير بالمسلمين دون المؤمنين في قوله {وأنا أول المسلمين} [المائدة: 163] والثانية تومي إلى عدمها وهي {آمن الرسول} [البقرة: 285] إلى قوله: {كل آمن بالله} [البقرة: 285]- والله أع
6	1	al-Anam	biqai-nazm-al-durar	مقصود	2591283	MEDIUM	ا وهو رب كل شيء} [الأنعام: 164] هو معنى قوله: {خلق السماوات والأرض وجعل الظلمات والنور ثم الذين كفروا بربهم يعدلون} [الأنعام: 1] ، - والله الموفق. # PageV07P346 # سورة الأعراف # مقصودها إنذار من أعراض عما إليه الكتاب في السورة الماضية م
6	2	al-Anam	biqai-nazm-al-durar	غاية	2383485	MEDIUM	لله} أي المنفرد بجميع الأمر. # ولما كان السياق لتعداد النعم {الذي خلق السماوات والأرض} [الأنعام: 73] {خلقكم من طين} [الأنعام: 2] {يطعم ولا يطعم} [الأنعام: 14] {ويرسل ms1394 عليكم حفظة} [الأنعام: 61] {من ينجيكم من ظلمات البر والبحر} [ا
6	3	al-Anam	biqai-nazm-al-durar	غاية	2265886	MEDIUM	ا لا يملك لكم ضرا ولا نفعا والله هو السميع العليم} [المائدة: 76] وهو ترجمة قوله: {يعلم سركم وجهركم ويعلم ما تكسبون} [الأنعام: 3] . # PageV07P034 # ولما نهض من الحجج ما لم يبق معه لذي بصيرة شك، كان لسان الحال مقتضيا لأن ينادي بالإنكار
6	4	al-Anam	biqai-nazm-al-durar	غاية	2332740	MEDIUM	عما يأتيهم به من الآيات الذي قدمنا الإخبار عنه بقولنا {وما تأتيهم من آية من آيات ربهم إلا كانوا ms1364 عنها معرضين} [الأنعام: 4] وأردت أن تنتقل - في إخبارنا لك بأنه لا ينفعهم الآيات المقترحات - من علم اليقين إلى عين اليقين {فإن استط
6	5	al-Anam	biqai-nazm-al-durar	غاية	2259753	MEDIUM	أنه فاعل ذلك في سياق متكفل بتسليته، وأن ذلك لم يزل سنته فيمن فعل فعلهم، فقال - عاطفا على قوله {فسوف يأتيهم أنباؤا} [الأنعام: 5]-: {ولقد} أي هذا منهم إنما هو استهزاء بك {ولقد استهزئ} أي أوقع الهزء وأوجد من الأمم، وبني للمفعول لأن المن
6	8	al-Anam	biqai-nazm-al-durar	غرض	4138452	MEDIUM	لبشر حتى قالوا: {أبشر يهدوننا} [التغابن: 6] ، {ما أنتم إلا بشر مثلنا} [يس: 15] وحتى قالت قريش: {لولا أنزل عليه ملك} [الأنعام: 8] ، {ما لهذا الرسول يأكل الطعام ويمشي في الأسواق} {وقالوا لولا أنزل هذا القرآن على رجل من القريتين عظيم} [ا
6	14	al-Anam	biqai-nazm-al-durar	غاية	2383514	MEDIUM	. # ولما كان السياق لتعداد النعم {الذي خلق السماوات والأرض} [الأنعام: 73] {خلقكم من طين} [الأنعام: 2] {يطعم ولا يطعم} [الأنعام: 14] {ويرسل ms1394 عليكم حفظة} [الأنعام: 61] {من ينجيكم من ظلمات البر والبحر} [الأنعام: 63] {الله ينجيكم من
6	23	al-Anam	biqai-nazm-al-durar	غاية	7273360	MEDIUM	ذلك أنهم لا يجدون دفاعا بغير الاعتذار وأنه غير نافعهم ms4267 لأنهم لا يعتذرون إلا بالكذب {والله ربنا ما كنا مشركين} [الأنعام: 23] أو بالقدر {ربنا غلبت علينا شقوتنا} [المؤمون: 106] {ولهم} أي خاصة {اللعنة} أي البعد عن كل خير، مع الإهانة
6	24	al-Anam	biqai-nazm-al-durar	غاية	7305984	MEDIUM	ولعن بعضهم بعضا بحيث لا يزالون في ندم كما كان حالهم في الدنيا {انظر كيف كذبوا على أنفسهم وضل عنهم ما كانوا يفترون} [الأنعام: 24] فالآية من الاحتباك: ذكر الإشراك أولا دليلا على نفيهم له ثانيا، والدعاء ثانيا دليلا على تقديره أولا. # ول
6	38	al-Anam	biqai-nazm-al-durar	مقصود	2235010	MEDIUM	ة من النعم الأربع، فقوله: {خلق السماوات والأرض} - الآية ثم {خلقكم من طين} ثم # {وما من # PageV07P005 # دابة في الأرض} [الأنعام: 38]- الآية، متكفل بتفصيل نعمة الإيجاد الأول لجميع العالمين من السماوات والأرض وما بينهما وما فيهما من آدمي و
6	42	al-Anam	biqai-nazm-al-durar	غاية	2353808	MEDIUM	يقة الرسالة إشارة إلى ظلمهم في طلبهم من الرسل ما لا يطلب إلا من الإله، فقال عاطفا على {ولقد أرسلنا إلى أمم من قبلك} [الأنعام: 42] {وما نرسل} أي بما لنا من العظمة {المرسلين} أي نوجد هذا الأمر في هذا الزمان وكل زمان من الماضي وغيره {إ
6	52	al-Anam	biqai-nazm-al-durar	غاية	5673807	MEDIUM	عرب {ما لهذا الرسول} الآيات، وقال: لو طردت هؤلاء الضعفاء لرجونا أن نتبعك حتى نزل في ذلك {ولا تطرد الذين يدعون ربهم} [الأنعام: 52] ونحوها من الآيات، بأن {قالوا} أي قومه، منكرين لاتباعه استنادا إلى داء الكبر الذي ينشأ منه ms3322 بطر الح
6	56	al-Anam	biqai-nazm-al-durar	المقصود	2383849	MEDIUM	ن ذلك، ليكونوا على غاية اليأس من اتباع حزب الله لهم، وهذا كالتعليل لقوله {إني نهيت أن أعبد الذين تدعون من دون الله} [الأنعام: 56] . # ولما ذكر عدم المنفعة في دعائهم، أشار إلى وجود الخسارة في # PageV07P150 # رجائهم فقال: {ونرد} أي برجوعن
6	60	al-Anam	biqai-nazm-al-durar	مقصود	2239303	MEDIUM	ويؤكده إثبات قوله: {عنده} في هذه الجملة وحذفها # PageV07P009 # من الأولى هنا وفي قوله {ثم يبعثكم فيه ليقضي أجل مسمى} [الأنعام: 60] ، وقدم المبتدأ مع تنكيره - والأصل تأخيره - إفادة لتعظيمه. # ولما كان في هذا البيان لوحدانيته وتمام قدرته
6	61	al-Anam	biqai-nazm-al-durar	غاية	2383556	MEDIUM	السماوات والأرض} [الأنعام: 73] {خلقكم من طين} [الأنعام: 2] {يطعم ولا يطعم} [الأنعام: 14] {ويرسل ms1394 عليكم حفظة} [الأنعام: 61] {من ينجيكم من ظلمات البر والبحر} [الأنعام: 63] {الله ينجيكم منها ومن كل كرب} [الأنعام: 64] قدم النفع في
6	63	al-Anam	biqai-nazm-al-durar	غاية	2383603	MEDIUM	} [الأنعام: 2] {يطعم ولا يطعم} [الأنعام: 14] {ويرسل ms1394 عليكم حفظة} [الأنعام: 61] {من ينجيكم من ظلمات البر والبحر} [الأنعام: 63] {الله ينجيكم منها ومن كل كرب} [الأنعام: 64] قدم النفع في قوله: {ما لا ينفعنا ولا يضرنا} أي لا يقدر على
6	64	al-Anam	biqai-nazm-al-durar	غاية	2383649	MEDIUM	ويرسل ms1394 عليكم حفظة} [الأنعام: 61] {من ينجيكم من ظلمات البر والبحر} [الأنعام: 63] {الله ينجيكم منها ومن كل كرب} [الأنعام: 64] قدم النفع في قوله: {ما لا ينفعنا ولا يضرنا} أي لا يقدر على شيء من ذلك، ليكونوا على غاية اليأس من اتباع ~
6	73	al-Anam	biqai-nazm-al-durar	غاية	2383454	MEDIUM	حقارة معبوداتهم فقال: {من دون الله} أي المنفرد بجميع الأمر. # ولما كان السياق لتعداد النعم {الذي خلق السماوات والأرض} [الأنعام: 73] {خلقكم من طين} [الأنعام: 2] {يطعم ولا يطعم} [الأنعام: 14] {ويرسل ms1394 عليكم حفظة} [الأنعام: 61] {من
6	75	al-Anam	biqai-nazm-al-durar	غرض	2242578	MEDIUM	، وقد أري المثال سبحانه وتعالى في ذلك في قصة إبراهيم عليه السلام في قوله: {وكذلك نري إبراهيم ملكوت السماوات والأرض} [الأنعام: 75] ، فكأنه يقول لعباده المتقين: تعالوا فانهجوا طريق الاعتبار ملة أبيكم # PageV07P012 # إبراهيم كيف نظر عليه
6	76	al-Anam	biqai-nazm-al-durar	مقصد	2234187	MEDIUM	الحال أن تقلباتهما ms1306 تدل بأدنى النظر على أمرين: الأول بعدهما عن الصلاحية للإلهية لتغيرهما {قال لا أحب الآفلين} [الأنعام: 76] ، والثاني قدرة خالقهما ومغيرهما على البعث لإيجاد كل منهما بعد إعدامه كما هو شأن البعث - إلى غير ذلك من ا
6	83	al-Anam	biqai-nazm-al-durar	مقصود	2244604	MEDIUM	قد اكتنفتهم عما يتوهمه المبطلون ويتقوله المفترون، ويشهد لما قلناه قوله تعالى: {وتلك حجتنا آتيناها إبراهيم على قومه} [الأنعام: 83] فهذه حال من علت درجته من الذين يسمعون، ms1312 فمن الخلق من جعله الله سامعا بأول وهلة وهذا مثال شاف في ذل
6	90	al-Anam	biqai-nazm-al-durar	المقصود	2412688	MEDIUM	ذ سبعة كما أن بين هارون ولوط سبعة، وإذا ضممت إليهم المقصود بالذات المخاطب بهذه الآيات المأمور بقوله {فبهداهم اقتده} [الأنعام: 90] كان منزله في السلك بين ابن عمه لوط وأبيه إبراهيم، ويكون من بين يديه تسعة، ومن خلفه تسعة، فمن إبراهيم إلى
6	124	al-Anam	biqai-nazm-al-durar	المقصود	5505785	MEDIUM	، وارتفاع الهمم، ولا شك أن الرسول دال على مرسله في مقدار علمه، وكثرة جنده، واتساع ملكه {الله أعلم حيث يجعل رسالاته} [الأنعام: 124] ثم علل إنزاله عليه بقوله: {ليكون} أي العبد أو الفرقان. # ولما كان العالم ما سوى الله، وكان ربما ادعى مد
6	130	al-Anam	biqai-nazm-al-durar	غاية	8327774	MEDIUM	روج الإنسان إلى جميع البلد، وإنما خرج من دار منها كما نسب الرسل إلى الجن والإنس بجمعهما في خطاب واحد فقال: {رسل منكم} [الأنعام: 130] وكذا {وجعل القمر فيهن نورا} [نوح: 16] ومثله كثير {اللؤلؤ} وهو الدر الذي هو في غاية البياض والإشراق وا
6	132	al-Anam	biqai-nazm-al-durar	مقصود	7834275	MEDIUM	م *} واقتصارهم على المغفرة تذكير بذنوبهم لأن مقصودهم الإنذار لا ينافي صريح قوله ي هذه السورة {ولكل درجات مما عملوا} [الأنعام: 132] في إثبات الثواب، ونقله أبو حيان عن ابن عباس رضي الله عنهما قال: لهم ثواب وعليهم عقاب يلتقون في الجنة وي
6	148	al-Anam	biqai-nazm-al-durar	غاية	8294445	MEDIUM	صبروا عليه وارضوا به كما كنتم ترضون أعمالكم السيئة ثم تحتجون على عبادنا بأنها مشيئتنا بنحو {ولو شاء الله ما أشركنا} [الأنعام: 148] فقد أوصلكم إلى ما ترون وانكشف أتم انكشاف أنه لا يكون شيء على خلاف مرادنا، ولا يقال لشيء قدرناه: لم؟ قال
6	153	al-Anam	biqai-nazm-al-durar	غاية	953984	MEDIUM	و ما يظهر الباديات حسا أو معنى - قاله الحرالي، ووحده لأن الصراط المستقيم واحد {ولا تتبعوا السبل فتفرق بكم عن سبيله} [الأنعام: 153] ومن المحامل الحسنة أن يشار بالجمع إلى ما ينشأ من الجهل عن المشاعر التي أخبر بالختم عليها، فصار البصر
6	164	al-Anam	biqai-nazm-al-durar	مقصود	2591182	MEDIUM	ي جعلكم خلائف الأرض} هو المراد بقوله: {هو الذي خلقكم من طين} [الأنعام: 2] وقوله: {أغير الله أبغي ربا وهو رب كل شيء} [الأنعام: 164] هو معنى قوله: {خلق السماوات والأرض وجعل الظلمات والنور ثم الذين كفروا بربهم يعدلون} [الأنعام: 1] ، - وا
7	2	al-Araf	biqai-nazm-al-durar	المقصد	2642691	MEDIUM	يه. # ولما تقدمت الإشارة إلى الحث على اتباع الرسل بآيات المقصد الأول من مقاصد هذه السورة كقوله تعالى {كتاب أنزل إليك} [الأعراف: 2] و {لتنذر} [الأعراف: 2] و {اتبعوا ما أنزل إليكم} [الأعراف: 3] وقوله {فلنسئلن الذين أرسل إليهم} [الأعراف:
7	3	al-Araf	biqai-nazm-al-durar	المقصد	2642754	MEDIUM	الأول من مقاصد هذه السورة كقوله تعالى {كتاب أنزل إليك} [الأعراف: 2] و {لتنذر} [الأعراف: 2] و {اتبعوا ما أنزل إليكم} [الأعراف: 3] وقوله {فلنسئلن الذين أرسل إليهم} [الأعراف: 6] وقوله {قل أمر ربي بالقسط} [الأعراف: 29] ، {إنما حرم ربي ا
7	6	al-Araf	biqai-nazm-al-durar	المقصد	2642802	MEDIUM	زل إليك} [الأعراف: 2] و {لتنذر} [الأعراف: 2] و {اتبعوا ما أنزل إليكم} [الأعراف: 3] وقوله {فلنسئلن الذين أرسل إليهم} [الأعراف: 6] وقوله {قل أمر ربي بالقسط} [الأعراف: 29] ، {إنما حرم ربي الفواحش} [الأعراف: 33] والتحذير من الشياطين بقوله
7	7	al-Araf	biqai-nazm-al-durar	المقصود	2597050	MEDIUM	اختتمت يلح لك ما أشرت إليه - والله أعلم بمراده، وتأمل افتتاح سورة الأعراف بقوله {فلنقصن عليهم بعلم وما كنا غائبين} [الأعراف: 7] وختم القصص فيها بقوله: {فاقصص القصص لعلهم يتفكرون} [الأعراف: 176] بعد تعقيب قصص بني إسرائيل بقصة بلعام {و
7	12	al-Araf	biqai-nazm-al-durar		532120	MEDIUM	ما} فليست {لا} نافية على حد ما نفت معناه عائشة رضي الله تعالى عنها وإنما هي مؤكدة للإثبات بمنزلة {ما منعك ألا تسجد} [الأعراف: 12] و {لئلا ms0309 يعلم أهل الكتاب} [الحديد: 29] لأن من تمام المبهم استعماله في المتقابلين من النفي والإثبات
7	17	al-Araf	biqai-nazm-al-durar	غاية	6565821	MEDIUM	ي في قوله: {لأحتنكن ذريته إلا قليلا} [الإسراء: 62] {ولأغوينهم أجمعين إلا عبادك} [الحجر: 39] {ولا تجد أكثرهم شاكرين} [الأعراف: 17] فكأنه لما قال ذلك على سبيل الظن تقاضاه ظنه الصدق فصدقه في إعمال الحيلة حتى كان ذلك الظن - هذا على قراءة
7	25	al-Araf	biqai-nazm-al-durar	المقصد	2642419	MEDIUM	حين المستقر والمتاع أشد من استشرافها إلى هذا لكونه أخفى منه، فهو أبعد من خطوره في البال؛ قدم قوله: {قال فيها تحيون} [الأعراف: 25] ولما كان ذكر الدواء لداء هتك السوءة أهم قدم {أنزلنا عليكم لباسا} [الأعراف: 26] ثم ما بعده حتى كان الأنسب
7	26	al-Araf	biqai-nazm-al-durar	المقصد	2642500	MEDIUM	في البال؛ قدم قوله: {قال فيها تحيون} [الأعراف: 25] ولما كان ذكر الدواء لداء هتك السوءة أهم قدم {أنزلنا عليكم لباسا} [الأعراف: 26] ثم ما بعده حتى كان الأنسب بهذه الاية هذا الموضع فنظمت فيه. # ولما تقدمت الإشارة إلى الحث على اتباع الرسل
7	29	al-Araf	biqai-nazm-al-durar	المقصد	2642841	MEDIUM	راف: 2] و {اتبعوا ما أنزل إليكم} [الأعراف: 3] وقوله {فلنسئلن الذين أرسل إليهم} [الأعراف: 6] وقوله {قل أمر ربي بالقسط} [الأعراف: 29] ، {إنما حرم ربي الفواحش} [الأعراف: 33] والتحذير من الشياطين بقوله {ولا تتبعوا من دونه أولياء} [الأعراف
7	33	al-Araf	biqai-nazm-al-durar	المقصد	2642882	MEDIUM	: 3] وقوله {فلنسئلن الذين أرسل إليهم} [الأعراف: 6] وقوله {قل أمر ربي بالقسط} [الأعراف: 29] ، {إنما حرم ربي الفواحش} [الأعراف: 33] والتحذير من الشياطين بقوله {ولا تتبعوا من دونه أولياء} [الأعراف: 3] وبقوله {لأقعدن لهم صراطك المستقيم} [
7	38	al-Araf	biqai-nazm-al-durar	غاية	4763754	MEDIUM	: 28] أي بالقلوب أي جعلنا ما كان بينهم من الوصلة عداوة، ومثل قوله تعالى {ربنا هؤلاء أضلونا فأتهم عذابا ضعفا من النار} [الأعراف: 38] {هؤلاء شركاؤنا الذين كنا ندعو من دونك} [النحل: 86] ونحوه، لأن معنى ذلك كله أنه يبدل ما كان بينهم من ال
7	52	al-Araf	biqai-nazm-al-durar	مقصد	2643782	MEDIUM	لعلم كما تقدم في {فلنقصن عليهم بعلم وما ms1547 كنا غائبين} [الأعراف: 7] ويأتي في {ولقد جئناهم بكتاب فصلناه على علم} [الأعراف: 52] وغيرها، كان التعبير بالقص - الذي هو تتبع الأثر كما تقدم في الأنعام - أليق فقال: {يقصون عليكم آياتي} أي ي
7	53	al-Araf	biqai-nazm-al-durar	مقصود	6350061	MEDIUM	نوع ارتياب، وأيضا فأولها في التذكيب بتنزيله، وآخرها في الاستهزاء بتأويله، {يوم يأتي تأويله يقول الذين نسوه من قبل} [الأعراف: 53]- الآية، وأيضا فالأول في التكذيب بإنزال الروح المعنوي، والآخر في التكذيب بإعادة الروح العيني الحسي الذي
7	57	al-Araf	biqai-nazm-al-durar	المقصود	9392882	MEDIUM	الفصول وتجدد الحالات وإحياء الأرض بعد موتها، جرى ذلك في البعث واطراد الحكم، وإليه الإشارة بقوله: # {كذلك نخرج الموتى} [الأعراف: 57] وقال تعالى منبها على ما ذكرناه {ألم نجعل الأرض مهادا} [النبأ: 6] إلى قوله: {وجنات ألفافا} [النبأ: 16] فه
7	61	al-Araf	biqai-nazm-al-durar	مقصود	8182149	MEDIUM	غواية الشياطين وغيرها، وقد دفع سبحانه عن نبينا صلى الله عليه وسلم، وأما بقية الأنبياء فدفعوا أنفسهم {ليس بي ضلالة} [الأعراف: 61] {ليس بي سفاهة} [الأعراف: 67] ، ونحو ذلك - قاله القشيري. # ولما كان قد يكون مع الهدى مصادفة قال: {وما ينط
7	64	al-Araf	biqai-nazm-al-durar	المقصود	2696166	MEDIUM	كذبوا بآياتنا} وهي جارية مجرى التعليل لأخذهم مؤذنة بأنه لا يحصل منهم صلاح كما ختم قصة نوح بقول {إنهم كانوا قوما عمين} [الأعراف: 64] تعليلا لإغراقهم، أي أنا قطعنا دابرهم وهم مستحقون لذلك، لأنهم غير قابلين للايمان لما فيهم من شدة العناد
7	67	al-Araf	biqai-nazm-al-durar	مقصود	8182180	MEDIUM	فع سبحانه عن نبينا صلى الله عليه وسلم، وأما بقية الأنبياء فدفعوا أنفسهم {ليس بي ضلالة} [الأعراف: 61] {ليس بي سفاهة} [الأعراف: 67] ، ونحو ذلك - قاله القشيري. # ولما كان قد يكون مع الهدى مصادفة قال: {وما ينطق} # PageV19P042 # أي يجاوز نطق
7	102	al-Araf	biqai-nazm-al-durar	المقصود	2793696	MEDIUM	ود من قصة موسى عليه السلام وفرعون - عليه اللعنة والملام - هذا الاستدلال الوجودي على قوله # {وإن وجدنا أكثرهم لفاسقين} [الأعراف: 102] ومن هنا تعلم أن سياق قصة بني إسرائيل بعد الخلاص من عدوهم لبيان إسراعهم في الكفر ونقضهم للعهود، واستمر ~
7	133	al-Araf	biqai-nazm-al-durar	غاية	3057303	MEDIUM	ن يتصف بالعظمة والنقمة وإلا لم تتم ربوبيته، وهذا واضح مما تقدم في الأعراف عن التوراة في شرح {فأرسلنا عليهم الطوفان} [الأعراف: 133]- إلى آخرها، من ms1790 أن فرعون كان يسأل موسى عليه السلام عند كل نازلة الدعاء برفعها معتلا بأن الرب ذو ح
7	138	al-Araf	biqai-nazm-al-durar	غاية	2810770	MEDIUM	ك كله مما يتعجب الموفق من ارتكابه، أعقبه تعالى مبينا ومصورا ومحققا لوقوعه ومقررا قوله عطفا على {فأتوا على قوم يعكفون} [الأعراف: 138] مبينا لإسراعهم في الكفر: {واتخذ} أي بغاية الرغبة {قوم موسى} أي باتخاذ السامري ورضاهم، ولم يعتبروا شيئ
7	159	al-Araf	biqai-nazm-al-durar	غاية	2879930	MEDIUM	م قالوا على الله غير الحق فلا يغفر لهم، بين ما للصالحين المذكورين في قوله {ومن قوم موسى أمة يهدون بالحق وبه يعدلون} [الأعراف: 159] فقال عاطفا على تقديره: أولئك حبطت أعمالهم فيما # PageV08P148 # درسوا من الكتاب، ولا يغفر لهم ما أتوا من ا
7	163	al-Araf	biqai-nazm-al-durar	المقصود	2890044	MEDIUM	راك الشيطان له أن كان {من الغاوين*} أي الضالين الراكبين هوى نفوسهم، وعبر في هذه القصة بقوله: {اتل} دون # {وأسألهم عن} [الأعراف: 163] نحو ما مضى في القرية، لأن هذا الخبر مما يحبون ذكره لأن سلخه من الآيات كان لأجلهم، فهو شرف لهم، فلو سأله
7	169	al-Araf	biqai-nazm-al-durar	المقصود	2890397	MEDIUM	وقع ما لو أخبرهم به قبل، ولعل المقصود الأعظم من هذه الآية والتي قبلها الاستدلال على كذب دعواهم في قولهم {سيغفر لنا} [الأعراف: 169] بما هم قائلون به، فيكون من باب الإلزام، وكأنه قيل: أنتم قائلون بأن من أشرك لا يغفر له لتركه ما نصب له م
7	172	al-Araf	biqai-nazm-al-durar	المقصود	2793893	MEDIUM	ان إسراعهم في الكفر ونقضهم للعهود، واستمر سبحانه في هذا الاستدلال إلى آخر السورة، وما أنسب {وإذ أخذ ربك من بني آدم} [الأعراف: 172] الآية، لقوله {وما وجدنا لأكثرهم من عهد} [الأعراف: 102] وذكر في أول التي تليها تنازعهم في الأنفال تحذيرا
7	175	al-Araf	biqai-nazm-al-durar	المقصود	2597206	MEDIUM	{فاقصص القصص لعلهم يتفكرون} [الأعراف: 176] بعد تعقيب قصص بني إسرائيل بقصة بلعام {واتل عليهم نبأ الذي آتيناه آياتنا} [الأعراف: 175] ، ثم قال: {ذلك مثل القوم الذين كذبوا بآياتنا} [الأعراف: 176] فتأمل هذا الإيماء بعد ذكر القصص، وكيف أل
7	176	al-Araf	biqai-nazm-al-durar	المقصود	2597116	MEDIUM	رة الأعراف بقوله {فلنقصن عليهم بعلم وما كنا غائبين} [الأعراف: 7] وختم القصص فيها بقوله: {فاقصص القصص لعلهم يتفكرون} [الأعراف: 176] بعد تعقيب قصص بني إسرائيل بقصة بلعام {واتل عليهم نبأ الذي آتيناه آياتنا} [الأعراف: 175] ، ثم قال: {ذلك
7	185	al-Araf	biqai-nazm-al-durar	مقصود	9206878	MEDIUM	عراض عنه حب العاجلة التي هي عين النقصان، وختم المرسلات بنهاية ما تخيل الأوهام والظنون، فقال # {فبأي حديث بعده يؤمنون} [الأعراف: 185] فسبحان من نظمه هذا النظام، وجعله أقصى المراد وغاية المرام، وصلى الله على من لا نبي بعده على الدوام. # P
7	199	al-Araf	biqai-nazm-al-durar	المقصود	2599509	MEDIUM	واصفحوا} [البقرة: 109] أعقب تعالى أيضا هنا بقوله لنبيه عليه الصلاة والسلام {خذ العفو وأمر بالعرف وأعرض عن الجاهلين} [الأعراف: 199] وقد خرجنا عن المقصود فلنخرج ms1521 إليه - انتهى. # PageV07P354 # ولما تقدم سبحانه إليه صلى الله عليه وسلم
8	4	al-Anfal	biqai-nazm-al-durar	غاية	9874178	MEDIUM	لإيماء إلى ملاحظتها عند قراءتها، انظر إلى قوله تعالى: {الذين يقيمون الصلاة ومما رزقناهم ينفقون أولئك هم المؤمنون حقا} [الأنفال: 4] الآية {وإذا قالوا اللهم إن كان هذا هو الحق من عندك} [الأنفال: 32] الآية {وما كان صلاتهم عند البيت إلا م
8	29	al-Anfal	biqai-nazm-al-durar	غاية	822039	MEDIUM	التأمل بغاية الاجتهاد في كل وقت فبذلك يعطيهم الله ملكة يميزون بها ما يلبس على غيرهم {أن تتقوا الله يجعل لكم فرقانا} [الأنفال: 29] {واتقوا الله ويعلمكم الله} [البقرة: 282] . # ولما ذكر الطلاق رجعية وبائنة عقبه ببيان وصف الرجعة من الحل وا
8	39	al-Anfal	biqai-nazm-al-durar	غاية	3260137	MEDIUM	رجة {يبغونكم} أي حال كونهم يريدون لكم {الفتنة} أي بتشتيت الشمل وتفريق الأصحاب وتقدم عند {وقاتلوهم حتى لا تكون فتنة} [الأنفال: 39] أنها الخلطة المميلة المحلية، أي يريدون لكم الشيء الذي يصيبكم فغير حالتكم إلى ما يسوءكم فيسرهم {وفيكم}
8	42	al-Anfal	biqai-nazm-al-durar	مقصود	5504276	MEDIUM	ذلك، فإن الكتاب ما نزل إلا للتفرقة بين الملتبسات، وتمييز الحق من الباطل)) ليهلك من هلك عن بينة ويحيى من حي عن بينة () [الأنفال: 42] فلا يكون لأحد على الله حجة) بسم الله (الذي له الحجة البالغة، لإحاطة عظمته، وشمول علمه وقدرته) الرحمن (
8	57	al-Anfal	biqai-nazm-al-durar	مقصود	3105725	MEDIUM	~إلا حال وكذا بعده، والمشردة عظيمة المناسبة مع ذلك عظيمة المناسبة مع ذلك لما أشارت إليه الأنفال في) فشرد بهم من خلفهم [الأنفال: 57] وسورة العذاب أيضا واضحة في مقصودها، وكذا المقشقشة لأنهم قالوا: إن معناه # PageV08P350 # المبرئة من النفا
8	67	al-Anfal	biqai-nazm-al-durar	غاية	7850910	MEDIUM	ا حراك بهم كالذي ثخن فأفرط ثخنه؛ فجعل ذلك شرطا للأسر كما قال تعالى {وما كان لنبي أن يكون له أسرى حتى يثخن في الأرض} [الأنفال: 67] ثم قال تعالى مبينا لما بعد الثخن: {فشدوا} أي لأنه لا مانع لكم الآن من الأسر {الوثاق} أي # PageV18P202 #
9	34	al-Tawba	biqai-nazm-al-durar	غاية	3238162	MEDIUM	وله {إذا قيل لكم} أي من رسول الله صلى عليه وسلم استنصارا منه لكم، وإظهارا في قوله ms1897 تعالى # {هو الذي أرسل رسوله} [التوبة: 34] الاية وقوة ما في كل جملة من المناسبة المقتضية لأن تعانق التي بعدها ولا تنفك عنها قصر الفصل بين الظاهر وضم
9	61	al-Tawba	biqai-nazm-al-durar	غاية	233797	MEDIUM	من تفاصيل ما يأتيهم به، فمن آمن لأحد فقد آمن بأمور لأجله، ومن آمن به فقد قبل أصل رسالته {يؤمن بالله ويؤمن للمؤمنين} [التوبة: 61] {حتى} كلمة تفهم غاية محوطة يدخل ما بعدها في حكم ما قبلها مقابل معنى لكي {نرى} من الرؤية وهي اطلاع على باط
9	71	al-Tawba	biqai-nazm-al-durar	المقصود	9919522	MEDIUM	{لكم دينك ولي دين} {أنتم بريئون مما أعمل وأنا بريء مما تعملون} [يونس: 41] ، {والمؤمنون والمؤمنات بعضهم أولياء بعض} [التوبة: 71] وههنا انتهى الكتاب بجملته - انتهى. # ولما كان ربما خص التباب بالهلاك، وحمل على هلاك اليدين حقيقة، وكان ال
9	111	al-Tawba	biqai-nazm-al-durar	مقصود	7937882	MEDIUM	أنفسهم فيها من الله بالجنة وهذا معنى الإسلام، فكل من أسلم فقد باع نفسه سبحانه منه {إن الله اشترى من المؤمنين أنفسهم} [التوبة: 111] ، الآية. {إنما يبايعون الله} أي الملك الأعظم لأن عملك كله من قول وفعل له {وما ينطق عن الهوى} [النجم: 3
9	128	al-Tawba	biqai-nazm-al-durar	المقصود	9700803	MEDIUM	م فحسبك من تعرف رحمته ورفقه {وكان بالمؤمنين رحيما} [الأحزاب: 43] {عزيز عليه ما عنتم حريص عليكم بالمؤمنين رؤوف رحيم} [التوبة: 128] ثم تأمل استفتاح هذه السورة ومناسبة ذلك المقصود ولذلك السورة قبلها برفع القسم في الأولى بقوله: {والليل
10	2	Yunus	biqai-nazm-al-durar	مقصود	3602151	MEDIUM	اية الكمال، وهذا التقدير يرشد إليه قوله تعالى أول التي قبلها {أكان للناس عجبا أن أوحينا إلى رجل منهم أن أنذر الناس} [يونس: 2] مع إيضاحه لما عطف عليه قوله تعالى: # {ولقد أرسلنا نوحا إلى قومه أن} [هود: 25] عطفناه عليه، وإظهاره لفائدة
10	3	Yunus	biqai-nazm-al-durar	المقصود	3606386	MEDIUM	ك بعد بسط حال وإيضاح أدلة، فلهذا كانت سورة يونس مضمنة من هذا ما لم يضمن غيرها، ألا ترى افتتاحها بقوله: {إن ربكم الله} [يونس: 3] الآيات. ms2114 ومناسبة هذا الافتتاح دعاء الخلق إلى الله في سورة البقرة بقوله تعالى: {يا أيها الناس اعبدوا
10	19	Yunus	biqai-nazm-al-durar	مقصود	739694	MEDIUM	دة} أي على الصراط المستقيم فزل بعضهم فاختلفوا وتفرقت بهم السبل كما في آية يونس {وما كان الناس إلا أمة واحدة فاختلفوا} [يونس: 19] وعلى هذا أكثر المحققين كما قاله الأصفهاني وقد رواه أبو يعلى الموصلي في مسنده بسند متصل عن ابن عباس رضي ال
10	25	Yunus	biqai-nazm-al-durar	غاية	6627295	MEDIUM	لإبعاد في الأجل، للإفساد في العمل، والرحمن سبحانه إنما يدعو عباده ليكونوا من أهل النعيم {والله يدعو إلى دار السلام} [يونس: 25] . # PageV16P012 # ولما أنهى البيان في غرض الشيطان ms3885 إلى منتهاه، نبه على ما حكم به هو سبحانه في أشياعه
10	28	Yunus	biqai-nazm-al-durar	غاية	4763629	MEDIUM	فاصلا حائلا بينهم، مهلكا قويا ثابتا حفيظا، لا يشذ عنه منهم أحد، وإنما فسرته بذلك لأنه مثل قوله تعالى {فزيلنا بينهم} [يونس: 28] أي بالقلوب أي جعلنا ما كان بينهم من الوصلة عداوة، ومثل قوله تعالى {ربنا هؤلاء أضلونا فأتهم عذابا ضعفا من ال
10	41	Yunus	biqai-nazm-al-durar	المقصود	9919468	MEDIUM	وأن القرابات غير نافعه ولا مجدية شيئا إلا مع الإيمان {لكم دينك ولي دين} {أنتم بريئون مما أعمل وأنا بريء مما تعملون} [يونس: 41] ، {والمؤمنون والمؤمنات بعضهم أولياء بعض} [التوبة: 71] وههنا انتهى الكتاب بجملته - انتهى. # ولما كان ربما خص
10	65	Yunus	biqai-nazm-al-durar	المقصود	4956538	MEDIUM	ء وتوقفهم، فيستجيب من انطوى على الخشية إذا ذكر وحرك إلى النظر في آيات الله كما قيل له في موضع آخر {فلا يحزنك قولهم} [يونس: 65] ثم تبع ذلك سبحانه تعريفا وتأنيسا بقوله {الرحمن على العرش استوى} إلى أول قصص موسى عليه السلام، فأعلم سبحانه
10	93	Yunus	biqai-nazm-al-durar	المقصود	2826660	MEDIUM	بائكم أن يعطيهم ويرثها نسلهم - وستأتي تتمته إن شاء الله تعالى عند # {ولقد بوأنا بني إسرائيل # PageV08P099 # مبوأ صدق} [يونس: 93] ، وفيه من المتشابه قوله: فم الله، وإصبع الله، والأول - لكونه لا يجوز إطلاقه في شرعنا - مؤول بالكلام، والثان
11	2	Hud	biqai-nazm-al-durar	المقصود	3609818	MEDIUM	فأشار إليه قوله: {ألا تعبدوا إلا الله} [هود: 2] وأما فصل الرسالة فأشار إليه قوله سبحانه: {إنني لكم منه نذير وبشير} [هود: 2] وأما فصل التالكيف فأشار إليه قوله سبحانه {وأن استغفروا ربكم ثم توبوا إليه} [هود: 3] . وهذه الفصول الثلاثة ه
11	3	Hud	biqai-nazm-al-durar	المقصود	3609904	MEDIUM	سبحانه: {إنني لكم منه نذير وبشير} [هود: 2] وأما فصل التالكيف فأشار إليه قوله سبحانه {وأن استغفروا ربكم ثم توبوا إليه} [هود: 3] . وهذه الفصول الثلاثة هي التي تدور عليها آي القرآن وعليها مدار السورة الكريمة، فلما حصل استيفاء ذلك كله فيم
11	12	Hud	biqai-nazm-al-durar	غاية	3649126	MEDIUM	ه وسلم في قوله: {إنني لكم منه ms2139 نذير وبشير} [هود: 2] إرشادا إلى ما سيقت له القصة من تقرير معنى {إنما أنت نذير} [هود: 12] ولذلك صرح بالألم بخلاف الأعراف، وكذا ما أمر به النبي صلى الله عليه وسلم أول هذه من عذاب يوم كبير، وهما متقار
11	17	Hud	biqai-nazm-al-durar	المقصود	3610352	MEDIUM	تلاء السورة الكريمة لما تقدمها، ومما يشهد لهذا - والله أعلم - قوله تعالى: {أفمن كان على بينة من ربه ويتلوه شاهد منه} [هود: 17] وقوله تعالى: {فاستقم كما أمرت ومن تاب معك ولا تطغوا} [هود: 112] # PageV09P233 # فقد وضح طريقك وفاز بالفلاح ح
11	25	Hud	biqai-nazm-al-durar	مقصود	3602231	MEDIUM	أن أوحينا إلى رجل منهم أن أنذر الناس} [يونس: 2] مع إيضاحه لما عطف عليه قوله تعالى: # {ولقد أرسلنا نوحا إلى قومه أن} [هود: 25] عطفناه عليه، وإظهاره لفائدة عطفه كما سيأتي إن شاء الله تعالى، ويرجح أن «لا» ناهية جازمة ل {تعبدوا} عطف {أن
11	26	Hud	biqai-nazm-al-durar	المقصود	2679157	MEDIUM	ستأنفا مخوفا مؤكدا لأجل تكذيبهم: {إني أخاف عليكم} في الدنيا والآخرة، ولعلة قال هنا: {عذاب يوم عظيم*} وفي هود {أليم} [هود: 26] وقال في المؤمنون {أفلا تتقون} [المؤمنون: 23] لأن ترتيب السور الثلاث - وإن كان الصحيح أنه باجتهاد الصحابة ر
11	112	Hud	biqai-nazm-al-durar	المقصود	3610417	MEDIUM	له تعالى: {أفمن كان على بينة من ربه ويتلوه شاهد منه} [هود: 17] وقوله تعالى: {فاستقم كما أمرت ومن تاب معك ولا تطغوا} [هود: 112] # PageV09P233 # فقد وضح طريقك وفاز بالفلاح حزبك وفريقك {ولا تركنوا إلى الذين ظلموا} [هود: 113] فقد عرفتم سب
11	113	Hud	biqai-nazm-al-durar	المقصود	3610514	MEDIUM	ومن تاب معك ولا تطغوا} [هود: 112] # PageV09P233 # فقد وضح طريقك وفاز بالفلاح حزبك وفريقك {ولا تركنوا إلى الذين ظلموا} [هود: 113] فقد عرفتم سبيلهم ومصيرهم فقد بان طريق الحق، وكيف ينكب من جزم سلوكه من الخلق! ونظيره قوله سبحانه {وجاءك في ه
11	120	Hud	biqai-nazm-al-durar	المقصود	2596863	MEDIUM	لإحالة عليه، واستوفى الكثير من قصصهم إلى آخر سورة هود إلى قوله سبحانه {وكلا نقص عليك من أنباء الرسل ما نثبت به فؤادك} [هود: 120] فتأمل بما افتتحت به السورة المقصودة بها قصص الأمم وبما اختتمت يلح لك ما أشرت إليه - والله أعلم بمراده، وت
12	25	Yusuf	biqai-nazm-al-durar	غاية	3855069	MEDIUM	ن المصروف عنهم السوء، وأن السجن أحب إليه من ذلك، مع قيام القاطع على كذب ما تضمنه قولها {ما جزاء من أراد بأهلك سوءا} [يوسف: 25]- الآية، من مطلق الإرادة، ومع ما تحتم تقدير ما ذكر بعد «لولا» في خصوص هذا التركيب من أساليب كلام العرب، فإ
12	38	Yusuf	biqai-nazm-al-durar	مقصود	2244463	MEDIUM	ليقلع خصمه وهو على يقين من أمره، فهذا ما ينبغي أن يعتمد هنا لقول يوسف عليه السلام {ما كان لنا أن نشرك بالله من شيء} [يوسف: 38] ، فالعصمة قد اكتنفتهم عما يتوهمه المبطلون ويتقوله المفترون، ويشهد لما قلناه قوله تعالى: {وتلك حجتنا آتيناها
12	103	Yusuf	biqai-nazm-al-durar	المقصود	4035356	MEDIUM	ون: إنه من عند محمد صلى الله عليه وعلى آله وسلم، وإنه تخييل ليست معاينة - كما قلنا {وما أكثر الناس ولو حرصت بؤمنين} [يوسف: 103] فليس هدى لهم كاملا ولا رحمة تامة، هذا التقدير محتمل، ولكن الذي يدل عليه ظاهر قوله تعالى: {أفمن يعلم أنما
12	105	Yusuf	biqai-nazm-al-durar	غاية	4069519	MEDIUM	لتأم - والله أعلم. # ولما بين تعالى تصديقا لقوله {وكأين من آية في السماوات ms2384 والأرض يمرون عليها وهم عنها معرضون} [يوسف: 105] ما له من الآيات التابعة لصفات الكمال التي منها التنزه عما لا يليق بالجلال وأنه شديد المحال، شرع يبين ضلاله
12	110	Yusuf	biqai-nazm-al-durar	غاية	3986786	MEDIUM	في ذلك فوائد من أجلها امتحان أولى الطاعة والعصيان - كما ستأتي الإشارة إليه آخر السورة بقوله؛ {حتى إذا استيئس الرسل} [يوسف: 110] الآية والله أعلم. # ولما كان ما ذكر، كان كأنه قيل: لقد أتاهم ما لم يكونوا يحتسبون فما قالوا؟ فقيل: {قالوا}
12	111	Yusuf	biqai-nazm-al-durar	غرض	3802043	MEDIUM	ى، وهو جميع المرادات لمن أمعن التدبر وأنعم التفكير، ولأنه من عند الله {ما كان حديثا يفترى ولكن تصديق الذي بين يديه} [يوسف: 111] و {موعظه وذكرى للمؤمنين} [هود: 120] ؛ والبيان: إظهار المعنى للنفس بما يفصله # PageV10P005 # عن غيره وهو غر
13	19	al-Rad	biqai-nazm-al-durar	المقصود	4035500	MEDIUM	كاملا ولا رحمة تامة، هذا التقدير محتمل، ولكن الذي يدل عليه ظاهر قوله تعالى: {أفمن يعلم أنما أنزل إليك من ربك الحق} [الرعد: 19] أن {الذي} مبتدأ، و {من ربك} صلة {أنزل} والخبر {الحق} والمقصود من هذه السورة هذه الآية، وهي وصف المنزل بأ
13	23	al-Rad	biqai-nazm-al-durar	المقصود	4320037	MEDIUM	ضعف منها، وكأن هذا حقيقة المكر التي هي التغطية والستر كما بين في الرعد عند قوله تعالى: # {بل زين للذين كفروا مكرهم} [الرعد: 23] شرع يهدد الماكرين ويحذرهم وقوع ما وقع بمن كانوا أكثر منهم عددا وأقوى يدا، ويرجي المؤمنين في نصرهم عليهم،
14	34	Ibrahim	biqai-nazm-al-durar	المقصود	2432730	MEDIUM	نئذ ينفتح لك باب من المكاشفات لا آخر له، ويظهر لك أن نعم الله في خلقك غير متناهية # {وإن تعدوا نعمت الله لا تحصوها} [إبراهيم: 34]- والله الهادي. # PageV07P197 # ولما كان فلقهما عن النبات من جنس الإحياء لما فيه من النمو فسر معنى الفلق
14	36	Ibrahim	biqai-nazm-al-durar	غاية	6141220	MEDIUM	، فيقال: إنك لا تدري ما أحدثوا بعدك، فيقول: فسحقا سحقا» وقول إبراهيم عليه الصلاة والسلام {ومن عصاني فإنك غفور رحيم} [إبراهيم: 36] {شفعاء} ينقذونهم مما هم فيه وما يستقبلونه وإتيانه بصيغة جمع الكثرة يمكن أن يكون لا مفهوم له، لأن مورده ~
15	9	al-Hijr	biqai-nazm-al-durar	غاية	5284253	MEDIUM	نفسه {لا ينطق عن الهوى إن هو إلا وحي يوحى} [النجم: 3، 4] محفوظ عن تلبيس غيره {إنا نحن نزلنا الذكر وإنا له لحافظون} [الحجر: 9] {وإلى الله} أي الذي لا كفوء له، وحده {ترجع} أي بغاية السهولة بوعد فصل لا بد منه {الأمور*} يوم يتجلى لفصل ال
15	21	al-Hijr	biqai-nazm-al-durar		8654874	MEDIUM	لذي يقول {يخلقكم في بطون أمهاتكم خلقا من بعد خلق} [الزمر: 6] {وإن من شيء إلا عندنا خزائنه وما ننزله إلا بقدر معلوم} [الحجر: 21] ومن ناشئة القدر الفرق والترتيب، ومن ناشئة # PageV19P475 # الفرق والترتيب الإحياء والإماتة، ومن معاد الفرق
15	39	al-Hijr	biqai-nazm-al-durar	غاية	6565783	MEDIUM	ن ذلك أعظم في التبكيت والتوبيخ {ظنه} أي في قوله: {لأحتنكن ذريته إلا قليلا} [الإسراء: 62] {ولأغوينهم أجمعين إلا عبادك} [الحجر: 39] {ولا تجد أكثرهم شاكرين} [الأعراف: 17] فكأنه لما قال ذلك على سبيل الظن تقاضاه ظنه الصدق فصدقه في إعمال ال
15	88	al-Hijr	biqai-nazm-al-durar	غرض	9878634	MEDIUM	عليه حصر مما لا يناسب أدناه نعيم الدنيا بجملتها، قال مبينا له منبها على عظيم ما أعطاه # {لا تمدن عينيك إلى ما متعنا} [الحجر: 88] إلى قوله {ورزق ربك خير وأبقى} فقد اضمحل في جانب نعمة الكوثر الذي أوتي كل ما ذكره الله تعالى في الكتاب من
16	10	al-Nahl	biqai-nazm-al-durar	مقصد	4376463	MEDIUM	نه شراب ومنه شجر فيه تسيمون ينبت لكم به الزرع والزيتون والنخيل والأعناب ومن كل الثمرات إن في ذلك لآية لقوم يتفكرون} [النحل: 10] أفرد الآية لاستناد كثرته إلى وحدة الماء ابتداء ووحدة الانتفاع انتهاء؛ ثم يلي ما يدرك بفكر العقل الأدنى ما
16	12	al-Nahl	biqai-nazm-al-durar	مقصد	4376146	MEDIUM	عقل الأدنى ببداهة نظره {وسخر لكم الليل والنهار والشمس والقمر والنجوم مسخرات ms2561 بأمره إن في ذلك لآيات لقوم يعقلون} [النحل: 12] جمع الآيات لتعدد وجوهها في مقصد البيان، ثم يلي ما يدرك ببداهة العقل ما يحتاج إلى فكر يثيره العقل الأدنى
16	23	al-Nahl	biqai-nazm-al-durar	مقصود	2612660	MEDIUM	والعظمة والتجبر، ولا مفهوم لقوله {لك} ولا لقوله {فيها} لوجود الصرائح بالمنع من الكبر مطلقا {إنه لا يحب المستكبرين} [النحل: 23] ، {كذلك يطبع الله على قلب كل متكبر} [غافر: 35] {قال الذين استكبروا إنا كل فيها} [غافر: 48] ، وإنما قيد بذل
16	35	al-Nahl	biqai-nazm-al-durar	غاية	9686501	MEDIUM	ين # PageV22P088 # في الوصف بالإرضاء أو الإغضاب، فبطل ما أراد المشركون من قولهم {لو شاء الله ما عبدنا من دونه من شيء} [النحل: 35] الآية وما ضاهاها. # وقال الإمام أبو جعفر بن الزبير: لما بين قبل حالهم في الافتراق، أقسم سبحانه على ذلك الش
16	60	al-Nahl	biqai-nazm-al-durar	غاية	4116475	MEDIUM	ولا غيرها، قال أبو حيان: تقول: مثلت الشيء - إذا وصفته وقربته للفهم، وليس هذا ضرب مثل، فهو كقوله {ولله المثل الأعلى} [النحل: 60] ، أي الصفة العليا - كذا قال، ويمكن أن يكون ذلك حقيقة، ويكون هناك محذوف، وهو جنة من جنان الدنيا تجري من ت
16	61	al-Nahl	biqai-nazm-al-durar	غاية	4055351	MEDIUM	و إيقاعهم الأشياء في غير مواضعها، فلا يؤاخذهم بجميع ماكسبوا {ولو يؤاخذ الله الناس بما كسبوا ما ترك على ظهرها من دابة} [النحل: 61] فلذلك يقيم الناس دهرا طويلا يكفرون ولا يعاقبون حلما منه سبحانه، والآية مقيدة بآية النساء {ويعفر ما دون ذ
16	74	al-Nahl	biqai-nazm-al-durar	غاية	4588599	MEDIUM	مثل، أو إحكام الأمر في عمل، وهذا بعد أن نهاهم الله بقوله تعالى {فلا تضربوا لله الأمثال إن الله يعلم وأنتم لا تعلمون} [النحل: 74] فكأن هذا أول دليل على ما وصفناهم به من عدم الفهم والسمع فضلا عن أن يكون لهم إلى مقاومة هذا القرآن - الذي
16	98	al-Nahl	biqai-nazm-al-durar	غاية	9748998	MEDIUM	ياطين الإنس والجن- {حجابا مستورا} [الإسراء: 45] وقوله تعالى: {فإذا قرأت القرآن فاستعذ بالله من الشيطان الرجيم} ms5725 [النحل: 98] . # ولما خصه تشريفا بإضافة هذا الوصف الشريف إليه، وصفه على جهة العموم بالخلق والأمر إعلاما بأن له التدبير
17	1	al-Isra	biqai-nazm-al-durar	غاية	1876067	MEDIUM	الماء على مرفقيه، وإنما كان الاعتماد على البيان لأن الغاية تارة تدل كقوله تعالى {من المسجد الحرام إلى المسجد الأقصى} [الإسراء: 1] وتارة لا تدخل كقوله تعالى {ثم أتموا الصيام إلى الليل} # [البقرة: 187] والمرفق ملتقى العظمين، وعفي عما فوق
17	15	al-Isra	biqai-nazm-al-durar	المقصود	4296031	MEDIUM	من سلكه ضل عن الوصول فهلك {وما كان الله ليضل قوما بعد إذ هداهم} [التوبة: 115] الآية {وما كنا معذبين حتى نبعث رسولا} [الإسراء: 15] فالآية من الاحتباك: ذكر أن عليه بيان القصد أولا دلالة على حذف أن عليه بيان الجائر ثانيا، وذكر أن من ال
17	17	al-Isra	biqai-nazm-al-durar	المقصود	5066323	MEDIUM	هم بوصفها بقوله في مظهر العظمة المقتضي لإهلاك المعاندين: {أهلكناها} أي على كثرتهم {وكم أهلكنا من القرون من بعد نوح} [الإسراء: 17] ، {وما أهلكنا من قرية إلا لها منذرون} [الشعراء: 208] ، {وما كنا معذبين حتى نبعث رسولا} [الإسراء: 15] «
17	29	al-Isra	biqai-nazm-al-durar	غاية	2068679	MEDIUM	من غير نظر إلى مدلول كل من ألفاظه على حياله أصلا، كما قال تعالى: {ولا تجعل يدك مغلولة إلى عنقك ولا تبسطها كل البسط} [الإسراء: 29] ولم يقصد من ذلك غير الجود وضده، لا غل ولا عنق ولا بسط أصلا، بل صار هذا الكلام عبارة عما وقع مجازا عنه، ك
17	55	al-Isra	biqai-nazm-al-durar	غاية	4612188	MEDIUM	دها من العدم يفضل بعضها على بعض بما يحدث فيها من الأعراض، كما تقدمت الإشارة إليه في {ولقد فضلنا بعض النبين على بعض} [الإسراء: 55] . # ولما أخبر تعالى بتكبره، كان كأنه قيل: إن هذه لوقاحة عظيمة واجتراء على الجناب الأعلى، فهل كان غير هذا
17	62	al-Isra	biqai-nazm-al-durar	غاية	6565740	MEDIUM	ه - والإبلاس - وهو اليأس من كل خير - ليكون ذلك أعظم في التبكيت والتوبيخ {ظنه} أي في قوله: {لأحتنكن ذريته إلا قليلا} [الإسراء: 62] {ولأغوينهم أجمعين إلا عبادك} [الحجر: 39] {ولا تجد أكثرهم شاكرين} [الأعراف: 17] فكأنه لما قال ذلك على سبي
17	90	al-Isra	biqai-nazm-al-durar	غاية	2259319	MEDIUM	ك قبل اقتراحهم لذلك بما حكاه الله تعالى عنهم في سورة الإسراء بقوله # {وقالوا لن نؤمن لك حتى تفجر لنا من الأرض ينبوعا} [الإسراء: 90]- إلى آخرها، فيكون إخبارا بمغيب. # ولما قطع الرجاء لهداية من حكم بشقاوته، وكان طلبهم لإنزال الملك ونحوه ~
17	91	al-Isra	biqai-nazm-al-durar	غاية	4742028	MEDIUM	{مرتفقا *} . # PageV12P056 # ولما كان إنما محط حال المشركين العاجل، وكان قد تقدم قولهم {أو يكون لك جنة من نخيل وعنب} [الإسراء: 91] الآية، وقوله تعالى: {إنا جعلنا ما على الأرض زينة لها} [الكهف: 7] الآية، وقوله تعالى: في حق فقراء المؤمني
17	105	al-Isra	biqai-nazm-al-durar	مقصود	4907651	MEDIUM	ولا تخلف عن مراد، أتبعه ما بعده إشارة إلى ما تنال به التقوى، وهو الوقوف مع الأمر مراقبة للأمر على {وبالحق أنزلناه} [الإسراء: 105] لأنه لما كان العلم واقعا بأن جميع سورة الكهف شارحة لمسألتين من مسائل قريش، وبعض سورة سبحان شارح للثالثة
17	108	al-Isra	biqai-nazm-al-durar	مقصود	4905738	MEDIUM	ن} أي كونا هو سنة ماضية {وعده مأتيا *} أي مقصودا بالفعل، فلا بد من وقوعه، فهو كقوله تعالى {إن كان وعد ربنا لمفعولا} [الإسراء: 108] . # ولما كانت الجنة دار الحق، وكان أنكأ شيء لذوي الأقدار الباطل، وكان أقل ما ينكأ منه سماعه، نفى ذلك عن
18	49	al-Kahf	biqai-nazm-al-durar	غاية	9538647	MEDIUM	ك، والصديقة رضي الله عنها عالمة بأن الكتاب يثبت فيه جميع الأعمال من قوله تعالى: {لا يغادر صغيرة ولا كبيرة إلا أحصاها} [الكهف: 49] ومن حديث الحافظين وغير ذلك، فرجع الأمر إلى أن بعض من يحاسب بجميع أعماله لا يهلك، وحينئذ فالظاهر التعارض
19	3	Maryam	biqai-nazm-al-durar	المقصود	2669797	MEDIUM	ذللا # PageV07P418 # ظاهرا {وخفية} أي وتذللا باطنا، وقد أثنى على عبده زكريا عليه السلام فقال: {إذ نادى ربه نداء خفيا} [مريم: 3] أي اجمعوا إلى خضوع الظاهر خضوع الباطن، أي أخلصوا له العبادة، إنه يحب المخلصين لأن تفرده بأن يدعى هو اللائق
19	17	Maryam	biqai-nazm-al-durar	غاية	922674	MEDIUM	بين عيسى عليه الصلاة والسلام في كيانه فجرى نحوه في عمله من واسطة الروح كما قال سبحانه وتعالى: {فأرسلنا إليها روحنا} [مريم: 17] كذلك كان فعله مع تأييده؛ وفي ذلك بينه وبين موسى عليهما الصلاة والسلام موازنة ابتدائية، حيث كان أمر موسى م
19	31	Maryam	biqai-nazm-al-durar	مقصود	4286410	MEDIUM	د بحال ما دام حيا - انتهى. وقال البغوي: وهذا معنى ما في سورة مريم عليها السلام {وأوصاني بالصلاة والزكاة ما دمت حيا} [مريم: 31] فقد انطبق آخر السورة - في الأمر باتخاذ القرآن بلاغا لكل خير والإعراض عن الكفار - على أولها أتم انطباق، واعت
19	34	Maryam	biqai-nazm-al-durar	المقصود	7418202	MEDIUM	ى أنه إشارة إلى أن الدين قسمان: أصول وفروع، دلت مريم على الأصول # {ذلك عيسى ابن مريم ms4351 قول الحق الذي فيه تمترون} [مريم: 34] ، وإن الله ربي وربكم فاعبدوه هذا صراط مستقيم، # {هل تعلم له سميا} [مريم: 65] والشورى على مجموع الدين أصولا
19	38	Maryam	biqai-nazm-al-durar	غاية	5041631	MEDIUM	لى المحشر عمي، أو يكون ذلك - وهو أقرب مفهوم العبارة - في بعض أهل الضلال ليجتمع مع قوله {أسمع بهم وأبصر يوم يأتوننا} [مريم: 38] وحديث عبد الله بن عمر رضي الله عنهما في الصحيح من هذا أن النبي صلى الله عليه وسلم قال: «الظلم ظلمات يوم الق
19	65	Maryam	biqai-nazm-al-durar	المقصود	7418281	MEDIUM	بن مريم ms4351 قول الحق الذي فيه تمترون} [مريم: 34] ، وإن الله ربي وربكم فاعبدوه هذا صراط مستقيم، # {هل تعلم له سميا} [مريم: 65] والشورى على مجموع الدين أصولا وفروعا) شرع لكم من الدين ما وصى به نوحا والذي أوحينا إليك (الآية، هذا موافقة
19	74	Maryam	biqai-nazm-al-durar	غرض	5057865	MEDIUM	تعالى لما قال {وتنذر ms2961 به قوما لدا} [مريم: 97] وهم الشديدو الخصومة في الباطل، ثم قال {وكم أهلكنا قبلهم من قرن} [مريم: 74] إلى آخرها، استدعت هذه الجملة بسط حال، فابتدئت بتأنيسه عليه الصلاة السلام وتسليتة، حتى لا يشق عليه لددهم، فت
19	98	Maryam	biqai-nazm-al-durar	غرض	5059750	MEDIUM	وملاءمة ما تضمنته سورة طه وتفسير لمجمل {وكم أهلكنا قبلهم من قرن هل تحس منهم # PageV12P381 # من أحد أو تسمع لهم ركزا} [مريم: 98] انتهى. # ولما أخبر سبحانه عن غفلتهم وإعراضهم، علل ذلك بقوله: {ما يأتيهم} وأعرق في النفي بقوله: من {ذكر} أي
20	2	Ta Ha	biqai-nazm-al-durar	غرض	5058056	MEDIUM	~الصلاة السلام وتسليتة، حتى لا يشق عليه لددهم، فتضمنت سورة طه من هذا الغرض بشارته بقوله {ما أنزلنا عليك القرآن لتشقى} [طه: 2] وتأنيسه بقصة موسى عليه السلام وما كان من حال بني إسرائيل وانتهاء أمر فرعون ومكابدة موسى عليه السلام لرد فرعو
20	8	Ta Ha	biqai-nazm-al-durar	المقصود	612141	MEDIUM	والسماوات العلى * الرحمن على العرش استوى} [طه: 2-5]- إلى قوله {الله # PageV03P012 # لا إله إلا هو له الأسماء الحسنى*} [طه: 8] هذا التوحيد وإظهاره هو كان يومئذ المقصود الأول وذلك قبل إسلام عمر بن الخطاب رضي الله تعالى عنه وعمر موفي أرب
20	25	Ta Ha	biqai-nazm-al-durar	غاية	9752712	MEDIUM	وجليل وعده الكريم له في قوله {ولسوف يعطيك ربك فترضى} [الضحى: 5] وفضل حال ابتداء {ألم نشرح} على تقدم سؤال {رب اشرح} [طه: 25] إلى ما أشارت إليه آي السورتين من خصائصه الجليلة، وذلك أعلى مقام يناله أحد ممن ذكر، فوقع تعقيب - ذلك بسورة #
20	52	Ta Ha	biqai-nazm-al-durar	غاية	108278	MEDIUM	{قل إنما العلم عند الله} [الملك: 26] وعن المنقطع كونه بحسب إحاطته بالكائن وسبحانه من النسيان {لا يضل ربي ولا ينسى} [طه: 52] وعن الأتي بما هو الحق الواقع {فلنقصن عليهم بعلم وما كنا غائبين * والوزن يومئذ الحق} [الأعراف: 7، 8] والمبين ا
20	84	Ta Ha	biqai-nazm-al-durar	مقصود	9302329	MEDIUM	لات بالنسبة إليك وإلى إخوانك من الأنبياء عليهم الصلاة والسلام كما قال موسى عليه الصلاة والسلام: {وعجلت إليك رب لترضى} [طه: 84] # PageV21P099 # لأنها من النفس اللوامة التي تلوم على ترك المبادرة إلى أفعال الخير فغيرها من أفعال المطمئنة أك
20	85	Ta Ha	biqai-nazm-al-durar	غاية	356598	MEDIUM	أن الاتخاذ في بعض زمن البعد فقال: من بعده أي بعد مفارقة موسى لكم إلى الطور كما في الآية الأخرى # {فتنا قومك من بعدك} [طه: 85] ) وأنتم) أي والحال أنكم) ظالمون) أي لم تزعموا أنه إلهكم على جهل منكم بل بعد مجيء البينات إليكم أن إلهكم إنما
20	114	Ta Ha	biqai-nazm-al-durar	غاية	5706984	MEDIUM	وعى شيئا غاية الوعي حفظه كل الحفظ، انظر إلى قوله تعالى {ولا تعجل بالقرآن من قبل أن يقضى إليك وحيه وقل رب زدني علما} [طه: 114] {لا تحرك به لسانك لتعجل به} [القيامة: 16] . # ولما كان السياق في هذه السورة للتحذير، قال معللا للجملة التي قبل
21	6	al-Anbiya	biqai-nazm-al-durar	مقصود	5058934	MEDIUM	أنه سبحانه قد سبقت سنته بإهلاك من لم يكن منه الإيمان من متقدمي القرون وسالفي الأمم # {ما آمنت قبلهم من قرية أهلكناها} [الأنبياء: 6] وفي قوله {أفهم يؤمنون} [الأنبياء: 6] تعزية لرسول الله صلى الله عليه وسلم في أمر قريش ومن قبل ما الكلام
21	9	al-Anbiya	biqai-nazm-al-durar	مقصود	5059343	MEDIUM	ض لله سبحانه والصبر علىلابتلاء وهو من مقصود السورة، وفي قوله {ثم صدقناهم الوعد فأنجيناهم ومن نشاء وأهلكنا المسرفين} [الأنبياء: 9] إجمال لما فسره النصف الأخير من هذه السورة من تخليص الرسل عليهم السلام من قومهم وإهلاك من أسرف وأفك ولم ي
21	23	al-Anbiya	biqai-nazm-al-durar	غاية	1684528	MEDIUM	~عليه شيء # PageV05P374 # ولا يقبح منه شيء، بل له أن يعذب الطائع وينعم العاصي، ويفعل ويقول ما يشاء {لا يسأل عما يفعل} [الأنبياء: 23] أحل هؤلاء المعذورين محل الرجاء إيذانا بأن ترك الهجرة في غاية الخطر فقال: {عسى الله} أي المرجو والخليق ~
21	29	al-Anbiya	biqai-nazm-al-durar	غاية	2295865	MEDIUM	متهم فليسوا ممن يخوف، ويزيد ذلك وضوحا قوله تعالى: {ومن يقل منهم إني إله من دونه فذلك نجزيه جهنم كذلك نجزي الظالمين} [الأنبياء: 29] ولا إنذار أعظم من ذلك، وإن عيسى عليه السلام من هذه الأمة وممن شملته الآيات الدالة على عموم الرسالة بغير
21	43	al-Anbiya	biqai-nazm-al-durar	غاية	8962364	MEDIUM	نا أم كان الذي عذب من كذب الرسل سوانا أم لكم جند يصار إليه ينصركم دوننا كما قال تعالى {أم لهم آلهة تمنعهم من دوننا} [الأنبياء: 43] ولكنه أخرجه مخرج الاستفهام عن تعيين الجند تعريفا بأنهم لغاية جهلهم اعتقدوا أن لهم من أجناد الأرض أو ا
21	51	al-Anbiya	biqai-nazm-al-durar	مقصود	5059571	MEDIUM	ف وأفك ولم يؤمن، وفي ذكر تخليص الرسل وتأييدهم الذي ms2962 تضمنه النصف الأخير من لدن قوله {ولقد ءاتينا إبراهيم رشده} [الأنبياء: 51] إلى آخر السورة كمال الغرض المتقدم من التأنيس وملاءمة ما تضمنته سورة طه وتفسير لمجمل {وكم أهلكنا قبلهم م
21	104	al-Anbiya	biqai-nazm-al-durar	غاية	1039223	MEDIUM	ى أعلم أن ذلك يكون ستة آلاف # PageV04P145 # سنة وأنها كما بنيت في ستة أيام تهدم في ستة أيام {كما بدأنا أول خلق نعيده} [الأنبياء: 104] ، فيكون ذلك تسعة أيام؛ ويكون مجيئه في اليوم العاشر الذي هو يوم عاشوراء ذلك اليوم الذي تكرر مجيء أمره ف
22	39	al-Hajj	biqai-nazm-al-durar	مقصود	752546	MEDIUM	فهمهما لينزل كل من القلب في محله ويختص النية في كل واحد على وجهه وقد كان من أول منزلة آي القتال {أذن للذين يقاتلون} [الحج: 39] فكان الأول إذنا لمن شأنه المدافعة عن الدين بداعية من نفسه من نحو ما كانت الصلاة قبل الفرض واقعة من الأولين
22	40	al-Hajj	biqai-nazm-al-durar	المقصود	3026667	MEDIUM	رين، ومن كان معه نصر، ومن كان عليه خذل وأخذ وقسر {كتب الله لأغلبن أنا ورسلي} [المجادلة: 21] # {ولينصرن الله من ينصره} [الحج: 40] {والعاقبة للمتقين} [القصص: 128] وإن كانت الحرب سجالا. # ولما أشار ختم الآية قتالهم إن أصروا، وكان التقدير:
23	23	al-Muminun	biqai-nazm-al-durar	المقصود	2679199	MEDIUM	اف عليكم} في الدنيا والآخرة، ولعلة قال هنا: {عذاب يوم عظيم*} وفي هود {أليم} [هود: 26] وقال في المؤمنون {أفلا تتقون} [المؤمنون: 23] لأن ترتيب السور الثلاث - وإن كان الصحيح أنه باجتهاد الصحابة رضي الله عنهم - فلعله جاء على ترتيبها في ال
23	60	al-Muminun	biqai-nazm-al-durar	غاية	9788949	MEDIUM	حياء منه لكونه يرى أنه ما قام بحق السيد على ما ينبغي كما قال تعالى: {يؤتون ما آتوا وقلوبهم وجلة أنهم إلى ربهم راجعون} [المؤمنون: 60] قال القشيري: ويقال: الإخلاص تصفية العمل من الخلل، وقال الرازي: الإخلاص النية الصافية لأن النية دائمة،
23	100	al-Muminun	biqai-nazm-al-durar	غاية	6215228	MEDIUM	ع الكمال الذي كتبه في كتابه الذي كان يخبر به الدنيا {إلى يوم البعث} كما قال تعالى: {ومن ورائهم برزخ إلى يوم يبعثون} [المؤمنون: 100] وأما تعيين مدة اللبث فأخفاه عن عباده، ولما أعلم القرآن أن غاية البرزخ البعث، وصدق في إخباره، سببوا ع
23	107	al-Muminun	biqai-nazm-al-durar	غاية	4831707	MEDIUM	حد منهم غير ما عنده سواء كان في الفردوس أو فيما دونه، وهو تعريض بالكفرة في أنهم يصطرخون في النار {ربنا أخرجنا منها} [المؤمنون: 107] وذلك عكس ما كان في الدنيا من ركون الكفار إليها، ومحبتهم في طول البقاء فيها، وعزوف المؤمنين عنها، وشوقه
24	22	al-Nur	biqai-nazm-al-durar	غرض	199970	MEDIUM	من حكم العدل نحو قوله تعالى: {ولا يأتل أولو الفضل منكم والسعة أن يؤتوا أولي القربى والمساكين والمهاجرين في سبيل الله} [النور: 22] إلى تمام ما لا تحصل السلامة إلا به من النهي عما زاد على الكفاف والبلغة في الدنيا الذي به يصح العمل بالحك
24	47	al-Nur	biqai-nazm-al-durar	غرض	8711257	MEDIUM	] {من الذين قالوا آمنا بأفواههم ولم تؤمن قلوبهم} [المائدة: 41] {ويقولون آمنا بالله والرسول وأطعنا ثم يتولى فريق منهم} [النور: 47] وبمجموع هذا استجمعوا اللعنة والغضب فقيل للمؤمنين: {يا أيها الذين آمنوا لم تقولون ما لا تفعلون} [الصف: 2]
25	1	al-Furqan	biqai-nazm-al-durar	غاية	2295386	MEDIUM	ر أبو عمر وهو متروك، ويؤيد عموم هذه الآية في تناولها الملائكة عليهم ms1342 السلام قوله تعالى {ليكون للعالمين نذيرا} [الفرقان: 1] وإذا # PageV07P063 # تأملت سياق الآيات التي بعدها مع آخر السورة التي قبلها قطعت بذلك # {لينذر من كان حيا} [
26	4	al-Shuara	biqai-nazm-al-durar	غاية	2336911	MEDIUM	م أي آية، كانت تلجئهم وتضطرهم إليه في آن واحد كما قال تعالى # {إن نشأ ننزل عليهم من السماء آية فظلت أعناقهم لها خاضعين} [الشعراء: 4] ولكنه لا يسأل ذلك إلا بالتدريج كما يشير إليه صيغة التفعيل في قراءة غيره المذكرة # PageV07P103 # بأن آية
26	54	al-Shuara	biqai-nazm-al-durar	المقصود	3051150	MEDIUM	قول فرعون بعد أن سار # PageV08P301 # بنو إسرائيل زمانا أقله ليلة وبعض يوم كما حكاه الله عنهم # {إن هؤلاء لشرذمة قليلون} [الشعراء: 54] على أن البغوي قد نقل في تفسير قوله تعالى {يرونهم مثليهم رأي العين} [آل عمران: 13] أن جماعة من اليهود ح
26	208	al-Shuara	biqai-nazm-al-durar	المقصود	5066377	MEDIUM	دين: {أهلكناها} أي على كثرتهم {وكم أهلكنا من القرون من بعد نوح} [الإسراء: 17] ، {وما أهلكنا من قرية إلا لها منذرون} [الشعراء: 208] ، {وما كنا معذبين حتى نبعث رسولا} [الإسراء: 15] «وما من ms2966 الأنبياء # PageV12P388 # نبي إلا أعطي من
26	227	al-Shuara	biqai-nazm-al-durar	مقصود	6222466	MEDIUM	على الظالم والعود بالفضل على المحسن كذلك يأتي وهو صاغرون، ويحشرون وهو داخرون، {وسيعلم الذين ظلموا أي منقلب ينقلبون} [الشعراء: 227] ، فقد انعطف آخرها على أولها عطف الحبيب على الحبيب، واتصل به اتصال القريب بالقريب، والتحم التحام النسيب
27	40	al-Naml	biqai-nazm-al-durar	غاية	8749979	MEDIUM	ء عن علم مستفاد من قوة، وإلا لقال: علمه كثير العلم. {قال الذي عنده علم من الكتاب أنا آتيك به قبل أن يرتد إليك طرفك} [النمل: 40] قوة مستفادة من علم، والظاهر كما هو ظاهر قوله تعالى: {جاعل الذين اتبعوك فوق الذين كفروا إلى يوم القيامة}
28	88	al-Qasas	biqai-nazm-al-durar	غاية	9959918	MEDIUM	غيرها، فالكل بالنسبة إليه عدم {إنك ميت وإنهم ميتون} [الزمر: 30] {كل من عليها فان} [الرحمن: 26] {كل شيء هالك إلا وجهه} [القصص: 88] هذا مراده بدليل سابقه ولاحقه فلا شبهة فيه لأهل الوحدة عليهم الخزي واللعنة، قال: والوحدة # PageV22P370 #
28	128	al-Qasas	biqai-nazm-al-durar	المقصود	3026697	MEDIUM	عليه خذل وأخذ وقسر {كتب الله لأغلبن أنا ورسلي} [المجادلة: 21] # {ولينصرن الله من ينصره} [الحج: 40] {والعاقبة للمتقين} [القصص: 128] وإن كانت الحرب سجالا. # ولما أشار ختم الآية قتالهم إن أصروا، وكان التقدير: فأقدموا عليهم حيثما عادوكم إ
29	2	al-Ankabut	biqai-nazm-al-durar	مقصود	7991774	MEDIUM	رائطها وأركانها وحدودها لتكون بينة على الباطن وحجة شاهدة له) الم أحسب الناس أن يتركوا أن يقولوا آمنا وهم لا يفتنون) [العنكبوت: 2] فحاصل مقصودها مراقبة النبي (صلى الله عليه وسلم) في الأدب مغعه لأتها أول المفصل الذي هو ملخص # PageV18P34
29	20	al-Ankabut	biqai-nazm-al-durar	مقصود	9962016	MEDIUM	ود الكتاب العزيز بجملته عاد الأمر إلى ما كان، وأشعر العالم بحالهم من ترددهم بين عدمين {ثم الله ينشىء النشأة الآخرة} [العنكبوت: 20] فوجودهم منه سبحانه وتعالى وبقاؤهم به وهم وجميع ما يصدر عنهم من أقوالهم وأفعالهم # PageV22P372 # كل ذلك
29	25	al-Ankabut	biqai-nazm-al-durar	المقصود	34935	MEDIUM	ودة بأوثانهم وقال تعالى) إنما اتخذتم من دون الله أوثانا مودة بينكم في الحياة الدنيا ثم يوم القيامة يكفر بعضكم ببعض) [العنكبوت: 25] الآية، فابتدأ سبحانه وتعالى ترتيل الأمة بإصلاح المعاد الأهم لأن عليه يصلح أمر الدنيا، من استقل بآخرته ك
29	64	al-Ankabut	biqai-nazm-al-durar	مقصود	9962583	MEDIUM	يكن له كفوا أحد} هو الموجود الحق، وكلامه الصدق، {وما هذه الحياة الدنيا إلا لهو ولعب والدار الآخرة خير للذين يتقون} [العنكبوت: 64] فطوبى لمن استوضح آي كتاب الله، وأتى الأمر من بابه وعرف نفسه ودنياه، وأجاب داعي الله ولم ير فاعلا في الو
29	69	al-Ankabut	biqai-nazm-al-durar	غاية	3468543	MEDIUM	لحسن من الجزاء {وزيادة} أي عظيمة من فضل الله فالناس: مزيد خرجت هدايته من الجهاد {والذين جاهدوا فينا لنهدينهم سبلنا} [العنكبوت: 69] ، ومراد خرجت هدايته من المشيئة، فالدعوة إلى الجنة بالبيان عامة، والهداية إلى الصراط خاصة لأنها الطريق إ
30	8	al-Rum	biqai-nazm-al-durar	مقصود	2239802	MEDIUM	كون إلى مجرد الهوى والإعراض عن الأدلة التي هي أظهر من ساطع الضياء، وهذه الآية نظير آية الروم {أولم يتفكروا في أنفسهم} [الروم: 8] أي كيف خلقهم الله من طين، وسلط بعضهم على بعض بالظلم والعدوان، وجعل لهم آجالا فاوت بينها وساوى في ذلك بين
30	18	al-Rum	biqai-nazm-al-durar	غاية	74012	MEDIUM	P131 # العرش ومن حوله يسبحون بحمد ربهم} [غافر: 7] وذلك المثل الأعلى لإحاطته اسمه الحمد {وله الحمد في السماوات والأرض} [الروم: 18] وأحمده أنهاه وأدناه إلى الله تعالى بحيث لا يكون بينه وبين الله تعالى واسطة، فلذلك ما استحق أكمل الخلق وأ
30	27	al-Rum	biqai-nazm-al-durar	غاية	73855	MEDIUM	، فتكون تلك الغاية مثلا أعلى كالسماوات والأرض فيما يحس والعرش والكرسي فيما يعلم {وله المثل الأعلى في السماوات والأرض} [الروم: 27] {الذين يحملون # PageV01P131 # العرش ومن حوله يسبحون بحمد ربهم} [غافر: 7] وذلك المثل الأعلى لإحاطته اسمه
30	60	al-Rum	biqai-nazm-al-durar	غرض	7328180	MEDIUM	وا عنا بل لمن نكن ندعو من قبل شيئا} [غافر: 74] ثم صبر تعالى نبيه (صلى الله عليه وسلم) بقوله: # {فاصبر إن وعد الله حق} [الروم: 60] ثم أعاد تنبيههم فقال تعالى: (أفلم يسيروا في الأرض (إلى ختم السورة، ولم ms4298 يقع من هذا التنبيه الذي دارت
31	18	Luqman	biqai-nazm-al-durar	مقصود	9451871	MEDIUM	، ومنه قوله سبحانه {لئن أشركت ليحبطن عملك} [الزمر: 65] و {لا تدع مع الله إلها آخر} [ص: 88] و {لا تمش في الأرض مرحا} [لقمان: 18] وهو كثير، وبسط هذا الضرب لا يلائم مقصودنا في هذا التعليق، لما دخل عليه صلى الله عليه وسلم ابن أم مكتوم س
31	26	Luqman	biqai-nazm-al-durar	مقصود	4833865	MEDIUM	أن يجعلوا الواو للحال فيجعلوا النفاد مقيدا بذلك، وأما سورة لقمان فاقتضى سياقها في تأسيس ما فيها على {الغني الحميد} [لقمان: 26] ومقصودها أن يكون التعبير فيها بغير ما ههنا، فما في كل سورة أبلغ بالنسبة إلى سياقه، مع أنه ليس في إفصاح واح
33	10	al-Ahzab	biqai-nazm-al-durar	مقصود	9900271	MEDIUM	غون ربعهم ولا مدد لهم ممن حولهم ولا ناصر إلا الله، بل جاءتهم الأعداء - كما قال الله تعالى: {من فوقهم ومن أسفل منهم} [الأحزاب: 10] {وما زادهم إلا إيمانا وتسليما} [الأحزاب: 22] وإلى هذا أيضا أشار بلوغ عدد كلمات النصر خطيها واصطلاحيها
33	11	al-Ahzab	biqai-nazm-al-durar	غاية	10020181	MEDIUM	ن الموسوس يكرر ما ينفثه في القلب ويؤكده في خفاء ليقبل، ومصدره بالكسر كالزلزال كما قال تعالى: {وزلزلوا زلزالا شديدا} [الأحزاب: 11] وكل مضاعف من الزلزلة والرضرضة معناه متكرر، والموسوس من ms5884 # PageV22P430 # الجن يجري من ابن آدم مجرى
33	22	al-Ahzab	biqai-nazm-al-durar	مقصود	9900318	MEDIUM	الله، بل جاءتهم الأعداء - كما قال الله تعالى: {من فوقهم ومن أسفل منهم} [الأحزاب: 10] {وما زادهم إلا إيمانا وتسليما} [الأحزاب: 22] وإلى هذا أيضا أشار بلوغ عدد كلمات النصر خطيها واصطلاحيها ظاهرها ومستترها إلى عدد كلمات الكافرون الخطية،
33	43	al-Ahzab	biqai-nazm-al-durar	المقصود	9700736	MEDIUM	ق من وفق من أمة محمد صلى الله عليه وسلم، أما هو صلى الله عليه وسلم فحسبك من تعرف رحمته ورفقه {وكان بالمؤمنين رحيما} [الأحزاب: 43] {عزيز عليه ما عنتم حريص عليكم بالمؤمنين رؤوف رحيم} [التوبة: 128] ثم تأمل استفتاح هذه السورة ومناسبة ذل
34	28	Saba	biqai-nazm-al-durar	مقصود	2307950	MEDIUM	قان: 1] قال المفسرون كلهم في تفسيرها: للجن والإنس، وقال بعضهم: والملائكة. الثانية عشرة {وما أرسلناك إلا كافة للناس} [سبأ: 28] قال المفسرون: معناها: إلا إرسالا عاما شاملا لجميع الناس، أي ليس بخاص ببعض الناس، فمقصود الآية نفي الخصوص و
35	8	Fatir	biqai-nazm-al-durar	المقصود	9129232	MEDIUM	ه وسلم في غير هذا الموضع {فاصبر كما صبر أولو العزم من الرسل ولا تستعجل لهم} [الأحقاف: 35] {فلا تذهب نفسك عليهم حسرات} [فاطر: 8] فقد دام دعاء نوح عليه السلام مع قومه أدوم من مدتك، ومع ذلك فلم يزدهم إلا فرارا {قال رب إني دعوت قومي ليلا
35	10	Fatir	biqai-nazm-al-durar	غاية	6520023	MEDIUM	ولما كانت السماوات أجساما كثيفة متراقية، لم يعبر # PageV15P442 # بحرف الغاية كما في قوله تعالى {إليه يصعد الكلم الطيب} [فاطر: 10] بل قال: {فيها} أي من الأعمال والملائكة وكل ما يتصاعد من الأرض في جهة العلو وأنتم كما ترونه يميز كل شيء عن
35	27	Fatir	biqai-nazm-al-durar	غاية	9099544	MEDIUM	المصبوغ ألوانا المنقوش، تطيره الريح كالهباء، وذلك لأن الجبال في أصلها متلونة كما قال تعالى {ومن الجبال جدد وبيض وحمر} [فاطر: 27] الآية، قال البغوي: ولا يقال عهن إلا للمصبوغ، قال: وأول ما تتغير الجبال تصير رملا مهيلا ثم عهنا منفوشا ثم
36	11	Ya Sin	biqai-nazm-al-durar	غاية	2295542	MEDIUM	ملت سياق الآيات التي بعدها مع آخر السورة التي قبلها قطعت بذلك # {لينذر من كان حيا} [يس: 70] ، {إنما تنذر من اتبع الذكر} [يس: 11] إذ هم من جملة العالمين وممن بلغه القرآن وممن هو حي وممن اتبع الذكر، والخطاب بالإنذار وارد مورد التغليب، إذ
36	15	Ya Sin	biqai-nazm-al-durar	غرض	4138404	MEDIUM	قلوبهم وطبع عليها على أن أنكروا كون الرسل من البشر حتى قالوا: {أبشر يهدوننا} [التغابن: 6] ، {ما أنتم إلا بشر مثلنا} [يس: 15] وحتى قالت قريش: {لولا أنزل عليه ملك} [الأنعام: 8] ، {ما لهذا الرسول يأكل الطعام ويمشي في الأسواق} {وقالوا ل
36	70	Ya Sin	biqai-nazm-al-durar	غاية	2295505	MEDIUM	[الفرقان: 1] وإذا # PageV07P063 # تأملت سياق الآيات التي بعدها مع آخر السورة التي قبلها قطعت بذلك # {لينذر من كان حيا} [يس: 70] ، {إنما تنذر من اتبع الذكر} [يس: 11] إذ هم من جملة العالمين وممن بلغه القرآن وممن هو حي وممن اتبع الذكر، والخ
36	81	Ya Sin	biqai-nazm-al-durar	غاية	4271558	MEDIUM	يه شيء منه؛ ويدل على ما قلته آية يس # {أو ليس الذي خلق السماوات والأرض بقادر على أن يخلق مثلهم بلى وهو الخلاق العليم} [يس: 81] أو يقال: فما أغنى عنهم ما كانوا يكسبون شيئا مما أردنا من الحق، لأنا ما خلقنا عذابهم إلا بالحق كما خلقناهم بال
37	51	al-Saffat	biqai-nazm-al-durar	غاية	9276451	MEDIUM	بهم ليقر الله أعينهم بعذابهم، زيادة في نعيمهم وثوابهم، كما تقدم في الصافات عند قوله {قال قائل منهم إني كان لي قرين} [الصافات: 51] وكان بساط - الكلام دالا على هذا كله، أشار لنا سبحانه إليه بقوله حكاية عما يقول لهم أولياؤهم توبيخا # P
38	26	Sad	biqai-nazm-al-durar	المقصود	5096243	MEDIUM	. # ولما كان من آيات الأولين التي طلبوها العذاب بأنواع الهول، وكانوا هم أيضا قد طلبوا ذلك واستعجلوا به {عجل لنا قطنا} [ص: 26] ونحو ذلك، وكان الذي جرأهم على هذا حلم الله عنهم بإمهاله لهم، قال معللا لذلك: {خلق} وبناه للمفعول لأن المقصود
38	86	Sad	biqai-nazm-al-durar	مقصود	6776349	MEDIUM	اني عليها ويجتلب الألفاظ تكلفا إليها كما كان زهير في قصائده الحوليات وغيره من أصحاب التكلفات {وما أنا من المتكلفين} [ص: 86] لأن ذلك وإن كنتم أنتم تعدونه فخرا لا يليق بجنابنا لأنه لا يفرح به إلا من يريد ترويج كلامه وتحليته بصوغه على
38	88	Sad	biqai-nazm-al-durar	مقصود	9451838	MEDIUM	ن وقع يشعر بعظيم الاعتناء بمن حذر، ومنه قوله سبحانه {لئن أشركت ليحبطن عملك} [الزمر: 65] و {لا تدع مع الله إلها آخر} [ص: 88] و {لا تمش في الأرض مرحا} [لقمان: 18] وهو كثير، وبسط هذا الضرب لا يلائم مقصودنا في هذا التعليق، لما دخل عليه صل
39	3	al-Zumar	biqai-nazm-al-durar	غرض	7189227	MEDIUM	شاكسة إذ بذلك الغرض يتضح عدم استمرار مراد لأحدهم، وذكر قبح اعتذار لهم بقولهم {ما نعبدهم إلا ليقربونا إلى الله زلفى} [الزمر: 3] ثم أعقب تعالى بالإعلام بقهره وعزته حتى لا يتخبل مخذول شذوذ أمر عن يده وقهره، فقال الله تعالى {أليس الله بكا
39	6	al-Zumar	biqai-nazm-al-durar	غاية	8654806	MEDIUM	«سبق العلم العمل» فالخالق في الحقيقة هو الذي كل شيء عنده بمقدار، الذي يقول {يخلقكم في بطون أمهاتكم خلقا من بعد خلق} [الزمر: 6] {وإن من شيء إلا عندنا خزائنه وما ننزله إلا بقدر معلوم} [الحجر: 21] ومن ناشئة القدر الفرق والترتيب، ومن نا
39	37	al-Zumar	biqai-nazm-al-durar	غرض	7189397	MEDIUM	لا يتخبل مخذول شذوذ أمر عن يده وقهره، فقال الله تعالى {أليس الله بكاف عبده} - إلى قوله: {أليس الله بعزيز ذي انتقام} [الزمر: 37] ثم أتبع ذلك بحال أندادهم من أنها لا تضر ولا تنفع فقال {قل أفرءيتم ما تدعون من دون الله أن أرادني الله بضر
39	65	al-Zumar	biqai-nazm-al-durar	مقصود	9451796	MEDIUM	لم من ذلك، ولكن التحذير من هذا وإن لم يكن وقع يشعر بعظيم الاعتناء بمن حذر، ومنه قوله سبحانه {لئن أشركت ليحبطن عملك} [الزمر: 65] و {لا تدع مع الله إلها آخر} [ص: 88] و {لا تمش في الأرض مرحا} [لقمان: 18] وهو كثير، وبسط هذا الضرب لا يلا
40	3	Ghafir	biqai-nazm-al-durar	غاية	9261411	MEDIUM	ثلاثة: الوليد بن الوليد وخالد وهشام، وقيل: إنه لما نزل على النبي صلى الله عليه وسلم أول سورة غافر إلى قوله: {المصير} [غافر: 3] أو أول «فصلت» قرأها النبي صلى الله عليه وسلم في المسجد والوليد يسمعه، فأعاد القراءة فانطلق الوليد حتى أتى
40	4	Ghafir	biqai-nazm-al-durar	غرض	7326700	MEDIUM	م، وكان بناء السورة على هذا الغرض بدليل افتتاحها وختمها، ألا ترى قوله تعالى # {ما يجادل في آيات الله إلا الذين كفروا} [غافر: 4] وتأنيس نبيه عليه أفضل الصلاة والسلام بقوله # {فلا يغررك تقبلهم في البلاد} [غافر: 4] فقد تقدم ذلك من غيرهم فأ
40	7	Ghafir	biqai-nazm-al-durar	غاية	73932	MEDIUM	يعلم {وله المثل الأعلى في السماوات والأرض} [الروم: 27] {الذين يحملون # PageV01P131 # العرش ومن حوله يسبحون بحمد ربهم} [غافر: 7] وذلك المثل الأعلى لإحاطته اسمه الحمد {وله الحمد في السماوات والأرض} [الروم: 18] وأحمده أنهاه وأدناه إلى ال
40	11	Ghafir	biqai-nazm-al-durar	غرض	7172516	MEDIUM	س صلى الله عليه وسلم فكان العدول عن الثانية إلى الآخرة مفيدا أنها أربع، ولعل ذلك معنى # {أمتنا اثنتين وأحيينا اثنتين} [غافر: 11] وسميت إماتة لشدة الغشي بها لعظم أمرها ومعنى زلزلة الساعة التي تسكر، ويؤيده التعبير عن القيام منها بالإفاق
40	35	Ghafir	biqai-nazm-al-durar	مقصود	2612708	MEDIUM	له {فيها} لوجود الصرائح بالمنع من الكبر مطلقا {إنه لا يحب المستكبرين} [النحل: 23] ، {كذلك يطبع الله على قلب كل متكبر} [غافر: 35] {قال الذين استكبروا إنا كل فيها} [غافر: 48] ، وإنما قيد بذلك تهويلا للأمر، فكأنه قيل: لا ينبغي التكبر إلا
40	37	Ghafir	biqai-nazm-al-durar	غاية	2037761	MEDIUM	فيكون النصب إشارة إلى ما يخفون من ذلك، وهو مثل ما يأتي إن شاء الله تعالى في توجيه قراءة حفص عن عاصم في غافر {فاطلع} [غافر: 37] بالنصب {على ما أسروا} . # ولما كان الإسرار لا يكون إلا لما يخشى من إظهاره فساد، وكان يطلق على ما دار بين جم
40	51	Ghafir	biqai-nazm-al-durar	غاية	746897	MEDIUM	حانه وتعالى ناصره دون حجاب ولا وسيلة شيء من خلقه، كذلك سنته مع رسله {إنا لننصر رسلنا والذين آمنوا في الحياة الدنيا} [غافر: 51] وعلى ذلك جرت خوارق العادات للأولياء وأهل الكرامات لا يكاد يقع لهم إلا عن ضرورة قطع الأسباب، وفي قراءة النصب
40	74	Ghafir	biqai-nazm-al-durar	غرض	7328096	MEDIUM	ت بعد بيانها، ثم ذكر تعالى سوء حالهم في العذاب الأخروي وواهي اعتذارهم بقولهم # {ضلوا عنا بل لمن نكن ندعو من قبل شيئا} [غافر: 74] ثم صبر تعالى نبيه (صلى الله عليه وسلم) بقوله: # {فاصبر إن وعد الله حق} [الروم: 60] ثم أعاد تنبيههم فقال تعا
41	5	Fussilat	biqai-nazm-al-durar	غاية	6575182	MEDIUM	فاعلا ما لا يفعله # PageV15P499 # من له نوع من العقل، ففي هذا حث على النظر الذي كانوا يأبونه بقوله: # {قلوبنا في أكنة} [فصلت: 5] ونحوه في الأدلة التي يتميز بها الحق من الباطل على أحسن وجه بأنصف دعاء وألطف نداء حيث شرك الداعي نفسه معهم في
41	44	Fussilat	biqai-nazm-al-durar	المقصود	5735736	MEDIUM	إنذار للكافرين {يضل به كثيرا ويهدي به كثيرا فأما الذين في قلوبهم زيغ} - الآية، {قل هو ms3358 للذين آمنوا هدى وشفاء} [فصلت: 44] ، {والذين لا يؤمنون في آذانهم وقر وهو عليهم عمي} - إلى غير ذلك من الآيات. # ولما كان وصف الإيمان خفيا، وصفه
41	50	Fussilat	biqai-nazm-al-durar	غاية	9118354	MEDIUM	سعد بها منهم كما أنا أسعد منهم في هذه الدار كما قال تعالى حاكيا عنهم في قوله: {ولئن رجعت إلى ربي إن لي عنده للحسنى} [فصلت: 50] وذلك أنه كثيرا ما يأتي الغلط من أن الإنسان يكون في خير في الدنيا فيظن أن ذلك مانع له من النار لأنه خير في ~
42	11	al-Shura	biqai-nazm-al-durar	غاية	469478	MEDIUM	آمنوا} أي أهل الكتاب الذين أرادوا أن يستتبعوكم {بمثل} أي بنفس وحقيقة {ما آمنتم به} كما يأتي بيانه في {ليس كمثله شيء} [الشورى: 11] من الشورى، فكانوا تبعا لكم {فقد اهتدوا} عكس ما قالوا مثلنا تهتدوا، وعبر بفعل المطاوعة لكون الإيمان مع ظ
42	27	al-Shura	biqai-nazm-al-durar	غاية	4561402	MEDIUM	ق لمن يشاء} البسط له دون غيره {ويقدر} أي يضيق كذلك سواء قبض يده أو بسطها {ولو بسط الله الرزق لعباده لبغوا في الأرض} [الشورى: 27] ولكنه تعالى لا يبلغ بالمبسوط له غاية مراده، ولا بالمقبوض عنه أقصى مكروهه، فاستنوا في إنفاقكم على عباده بس
42	30	al-Shura	biqai-nazm-al-durar	مقصود	7834041	MEDIUM	الدنيا بالعقوبات والنكبات والهموم ونحوها مما أشار إيه قوله تعالى {وما أصابكم من مصيبة فبما كسبت أيديكم ويعفو عن كثير} [الشورى: 30] {ويجركم} أي يمنعكم «إذا أجبتم» منع الجار لجاره لكونكم بالتحيز إلى داعيه صرتم من حزبه {من عذاب أليم *} و
42	34	al-Shura	biqai-nazm-al-durar	غرض	3412265	MEDIUM	ذامة لهم على عدم التوبة بإصابة المصائب لعدم تذكر # PageV09P053 # أنه سبحانه ما أصابهم بها إلا بذنوبهم {ويعفو عن كثير} [الشورى: 34] كما أن أحدهم لا يعاقب فتاة إلا بذنب وما لم يتب فهو يوالي عقابه. # ولما ذكر ما يحدث منهم من القول استهزاء،
42	48	al-Shura	biqai-nazm-al-durar		7819205	MEDIUM	م إلا له سبحانه وتعالى لا لي ولا لغيري، وليس علي إلا البلاغ كما أوحى إلي ربي بقوله سبحانه {إن عليك إلا ms4588 البلاغ} [الشورى: 48] وقد أبلغتكم ما أرسلت به إليكم من الوعظ بأن أعمالكم أعمال من قد أعرض عن سيده وعرض نفسه للهلاك والعذاب بإ
43	2	al-Zukhruf	biqai-nazm-al-durar	غاية	532586	MEDIUM	ن اقتصر من النحو والأدب على ما دون # PageV02P269 # الغاية لعلوه في رتبة العربية # {إنا جعلناه قرآنا عربيا لعلكم تعقلون} [الزخرف: 2] انتهى. والذين قرؤوا بزيادة «لا» علي وابن عباس - بخلاف عنه - وأبي بن كعب وابن مسعود وأنس بن مالك رضي الله
43	31	al-Zukhruf	biqai-nazm-al-durar	غرض	4138570	MEDIUM	[الأنعام: 8] ، {ما لهذا الرسول يأكل الطعام ويمشي في الأسواق} {وقالوا لولا أنزل هذا القرآن على رجل من القريتين عظيم} [الزخرف: 31] فما كثر هذا منهم وتبع خلفهم في هذا سلفهم، رد تعالى أزعامهم ms2424 وأبطل توهمهم في آيات وردت على التدريج
43	44	al-Zukhruf	biqai-nazm-al-durar	غرض	7674122	MEDIUM	بتنزيله من عند الله وتفصيله وكونه قرآنا عربيا إلى ما ذكر تعالى من خصائصه إلى قوله {وإنه لذكر لك ولقومك وسوف تسئلون} [الزخرف: 44] وتعلق الكلام بعد هذا بعضه ببعض إلى آخر السورة، افتتح تعالى سورة الدخان بما يكمل ذلك الغرض، وهو التعريف بو
43	54	al-Zukhruf	biqai-nazm-al-durar	غاية	2744527	MEDIUM	لى قوله، يقوله بعضكم لبعض إعلاما بأنهم على غاية الطواعية له خوفا على رئاستهم تحقيقا لقوله تعالى {فاستخف قومه فأطاعوه} [الزخرف: 54] واختير ms1606 هنا إسناده إليهم، لأن السياق للاستدلال على فسق الأكثر، وأما هناك فالسياق لأنه إن أراد سبح
45	11	al-Jathiya	biqai-nazm-al-durar		8239976	MEDIUM	في الأعراف: ms4836 {فبأي حديث بعده يؤمنون} [الأعراف: 185] إلى قوله: {والذين كفروا بآيات ربهم لهم عذاب من رجز أليم} [الجاثية: 11] وقوله: {أفرءيت من اتخذ إلهه هواه} [الجاثية: 23] إلى آخر السورة، وقوله في الأحقاف: {والذين كفروا عما أن
45	23	al-Jathiya	biqai-nazm-al-durar	غرض	8240026	MEDIUM	عراف: 185] إلى قوله: {والذين كفروا بآيات ربهم لهم عذاب من رجز أليم} [الجاثية: 11] وقوله: {أفرءيت من اتخذ إلهه هواه} [الجاثية: 23] إلى آخر السورة، وقوله في الأحقاف: {والذين كفروا عما أنذروا معرضون} [الأحقاف: 3] ومعظم هذه الآية لم يخرج
45	24	al-Jathiya	biqai-nazm-al-durar	غاية	6280034	MEDIUM	أمر محسوس يشاهد كل يوم مرتين، مع ms3679 دلالته على تسخير ما في السماوات والأرض، وإبطال قولهم: {ما يهلكنا إلا الدهر} [الجاثية: 24] بأنه، هو الذي أوجد الزمان بتحريك الأفلاك، خاصا بالخطاب من لا يفهم ذلك حق فهمه غيره، أو عاما كل عاقل، إشا
46	3	al-Ahqaf	biqai-nazm-al-durar	غرض	8240109	MEDIUM	وقوله: {أفرءيت من اتخذ إلهه هواه} [الجاثية: 23] إلى آخر السورة، وقوله في الأحقاف: {والذين كفروا عما أنذروا معرضون} [الأحقاف: 3] ومعظم هذه الآية لم يخرج عن هذا إلى ختامها، وكذلك سورة القتال ولم يتضمن إلا الأمر بقتلهم وأسرهم وتعجيل حرب
46	35	al-Ahqaf	biqai-nazm-al-durar	المقصود	9129190	MEDIUM	ر والرفق والدعاء كما قيل له صلى الله عليه وسلم في غير هذا الموضع {فاصبر كما صبر أولو العزم من الرسل ولا تستعجل لهم} [الأحقاف: 35] {فلا تذهب نفسك عليهم حسرات} [فاطر: 8] فقد دام دعاء نوح عليه السلام مع قومه أدوم من مدتك، ومع ذلك فلم يزد
47	4	Muhammad	biqai-nazm-al-durar	غرض	8240271	MEDIUM	ا إلى ختامها، وكذلك سورة القتال ولم يتضمن إلا الأمر بقتلهم وأسرهم وتعجيل حربهم {فإذا لقيتم الذين كفروا فضرب الرقاب} [محمد: 4] وأما سورة الفتح فما تضمنته من البشارة والفتح أشد على الكفار من كل ما قرعوا به، ولم تخرج عن الغرض المتقدم،
48	2	al-Fath	biqai-nazm-al-durar	غاية	3249472	MEDIUM	بإيحاء واصل جديد، أو استناد إلى وحي سابق حاصل عتيد، والذي أشار إليه سبحانه أحسن مثل {ليغفر لك الله ما تقدم من ذنبك} [الفتح: 2] من باب «حسنات الأبرار سيئات المقربين» ومن باب الترقية من مقام عال إلى مقام اعلى تسييرا فيهم بالعدل لما انكش
48	10	al-Fath	biqai-nazm-al-durar	غاية	6163080	MEDIUM	د بالتدبير وإن لم يكن هنا سرير ولا جلوس، وإذا ذكر بطشه سبحانه وأخذه لأعدائه في نحو قوله تعالى: {يد الله فوق أيديهم} [الفتح: 10] {إن بطش ربك لشديد} [البروج: 12] مثلناه بما لو قهر # PageV15P077 # سلطان أعدائه بحزمه وصحة تدبيره وكثرة جنو
49	11	al-Hujurat	biqai-nazm-al-durar	غرض	199572	MEDIUM	لا تأكلوا الربا أضعافا مضاعفة} [آل عمران: 13] {ولا تجسسوا ولا يغتب بعضكم بعضا} [الحجرات: 12] و {لا يسخر قوم من قوم} [الحجرات: 11] وما لحق بهذا النمط - إلى ما دون ذلك على اتصال التفاوت من النهي عن سوء التأويل لطية غرض النفس # PageV01P3
50	22	Qaf	biqai-nazm-al-durar	غاية	9295416	MEDIUM	ما مع ذهاب النور وتفرق البصر مدركان لوجود الكشف التام عن الخفيات كما قال تعالى: {فكشفنا عنك غطاءك فبصرك اليوم حديد} [ق: 22] وبعد جمعهما يلقيان في النار كأنهما ثوران عقيران، وبني الفعل للمفعول لأن المهول مطلق جمعهما المخرج لهما عن ال
51	33	al-Dhariyat	biqai-nazm-al-durar	غاية	3731916	MEDIUM	للعذاب من السيما والسومة وهي العلامة تجعل للإبل السائمة لتتميز إذا اختلطت في المرعى، وفي الذاريات # {حجارة من طين} [الذاريات: 33] وذلك أن الحجارة أصلها تراب يجعل الله فيه بواسطة الماء قابلية للاستحجار كما جعل فيه قابلية التحول إلى ال
51	44	al-Dhariyat	biqai-nazm-al-durar	غاية	2871292	MEDIUM	اتي هو المبالغ في ركوب المعاصي، وقيل: المتمرد الذي لا ينفع فيه الوعظ والتنبيه، ومنه قوله سبحانه {فعتوا عن أمر ربهم} [الذاريات: 44] أي جاوزوا المقدار والحد في الكفر - انتهى. وحقيقته: جاوزوا الأمر إلى النهي، أو جاوزوا الائتمار بأمره، وا
52	7	al-Tur	biqai-nazm-al-durar	غاية	9385320	MEDIUM	، وكان ذلك آجلا، وكان المكذبون في اتساع في الدنيا، وتقدم قوله # PageV21P184 # تعالى {إن عذاب ربك لواقع ما له من دافع} [الطور: 7] وكان الشقاء متى وقع بعد نعيم نسخه وعد النعيم - ولو كان كثيرا طويلا - قليلا، قال نتيجة لجواب القسم ضد ما ي
53	3	al-Najm	biqai-nazm-al-durar	مقصود	7937993	MEDIUM	أنفسهم} [التوبة: 111] ، الآية. {إنما يبايعون الله} أي الملك الأعظم لأن عملك كله من قول وفعل له {وما ينطق عن الهوى} [النجم: 3] . # ولما عظم بيعته بما رغب فيها ترغيبا مشعرا بالترهيب، زادها تعظيما بما الترهيب فيه أظهر من الأول، فقال مبي
53	5	al-Najm	biqai-nazm-al-durar	غاية	8749780	MEDIUM	في أقوالهم وأفعالهم لا يخافون أحدا إلا الله ولا يستخفون منه، فالتأييد تارة يكون بالعلم وتارة بالفعل {علمه شديد القوى} [النجم: 5] فصار علمه في غاية الإحكام وتبعته قوة هي في منتهى التمام، لأنه ناشىء عن علم مستفاد من قوة، وإلا لقال: علمه
54	17	al-Qamar	biqai-nazm-al-durar	مقصد	656991	MEDIUM	على قبائل العرب بحسب ما في ألسنة بعضها من التمكين وما في ألسنة بعضها من الحذف {ولقد يسرنا القرآن للذكر فهل من مدكر} [القمر: 17] وفي إجابته حجة عليهم بأن السيد إذا التزم إجابة عبده كان إجابة العبد لسيده أوجب التزاما لاستغناء السيد وحاج
54	18	al-Qamar	biqai-nazm-al-durar		8360656	MEDIUM	P191 # بقوله: {فهل من مدكر} [القمر: 17] في القمر، بالحسن فيها إلى الحواس الخمس وبتكرارها، وتكرار {كيف كان عذابي ونذر} [القمر: 18] ستا إلى الجهات الست من جهة الوراء والخلف، أوترها بنعمة أخرى واحدة إشارة إلى أن السبب في هذا اعتقاد وحدان
54	46	al-Qamar	biqai-nazm-al-durar	مقصود	1491969	MEDIUM	نزل لا تزنوا لقالوا: لا تدع الزنى أبدا، لقد نزل بمكة على محمد وإني لجارية ألعب) بل الساعة موعدهم والساعة أدهى وأمر) [القمر: 46] وما نزلت سورة البقرة والنساء إلأا وأنا عنده، قال: فأخرجت له المصحف فأملت عليه آي السورة انتهي. وقد عنت ب
55	26	al-Rahman	biqai-nazm-al-durar	غاية	9959882	MEDIUM	ناظر لمساواة أو مباراة بمعاندة أو غيرها، فالكل بالنسبة إليه عدم {إنك ميت وإنهم ميتون} [الزمر: 30] {كل من عليها فان} [الرحمن: 26] {كل شيء هالك إلا وجهه} [القصص: 88] هذا مراده بدليل سابقه ولاحقه فلا شبهة فيه لأهل الوحدة عليهم الخزي وا
55	68	al-Rahman	biqai-nazm-al-durar	المقصود	116499	MEDIUM	أصنافه، ويضعفه ما يلزم منه كمال الدلالة في المعنى والصورة في نحو # PageV01P195 # قوله تعالى: {فيهما فاكهة ونخل ورمان} [الرحمن: 68] وما يجري مجراه - انتهى. # ولما ذكر المسكن الذي هو محل اللذة وأتبعه المطعم المقصود بالذات وكانت لذة الدا
56	86	al-Waqia	biqai-nazm-al-durar	غاية	9645670	MEDIUM	حتى بهذا القسم الذي أنتم عارفون بأنه في غاية العظمة، فيكون كقوله {فلا أقسم بمواقع النجوم وإنه لقسم لو تعلمون عظيم} [الواقعة: 86] {بهذا البلد *} أي الحرام وهو مكة التي لا يصل إليها قاصدوها إلا بشق الأنفس، ولا يزدادون لها مع ذلك إلا حب
57	10	al-Hadid	biqai-nazm-al-durar	غاية	8909922	MEDIUM	ملوا ما شئتم فقد غفرت لكم «» # وقال تعالى: {لا يستوي منكم من أنفق من قبل الفتح وقاتل أولئك أعظم درجة من الذين أنفقوا} [الحديد: 10] إلى قوله {وكلا وعد الله الحسنى} [الحديد: 10] ونساءه رضي الله عنهن أحق بأن يكن أول راغب في الكون معه في ال
57	22	al-Hadid	biqai-nazm-al-durar	غاية	1983664	MEDIUM	هم ممن عصى شيئا من هذه الأحكام، كما قال تعالى: {ما أصاب من مصيبة في الأرض ولا في أنفسكم إلا في كتاب من قبل أن نبرأها} [الحديد: 22] إلى أن قال: {لكيلا تأسوا على ما فاتكم} [الحديد: 23] ، فقوله: {يا أيها الرسول} أي المبلغ لما أرسل به - م
57	23	al-Hadid	biqai-nazm-al-durar	غاية	1983718	MEDIUM	ب من مصيبة في الأرض ولا في أنفسكم إلا في كتاب من قبل أن نبرأها} [الحديد: 22] إلى أن قال: {لكيلا تأسوا على ما فاتكم} [الحديد: 23] ، فقوله: {يا أيها الرسول} أي المبلغ لما أرسل به - معلول لما قبله. وأدل دليل # PageV06P137 # على ذلك قوله
57	27	al-Hadid	biqai-nazm-al-durar	مقصود	3418660	MEDIUM	ب هذين الاسمين الشريفين هكذا لغير مراعاة الفواصل قوله تعالى في سورة الحديد {وجعلنا في قلوب الذين اتبعوه رأفة ورحمة} [الحديد: 27] وسيأتي إن شاء الله في سورة طه عن الفخر الرازي والقاضي أبي بكر الباقلاني منع النظر إلى السجع في الكتاب الع
57	29	al-Hadid	biqai-nazm-al-durar	غاية	532168	MEDIUM	رضي الله تعالى عنها وإنما هي مؤكدة للإثبات بمنزلة {ما منعك ألا تسجد} [الأعراف: 12] و {لئلا ms0309 يعلم أهل الكتاب} [الحديد: 29] لأن من تمام المبهم استعماله في المتقابلين من النفي والإثبات كاستعماله في وجوه من التقابل كما تستعمل {ما}
58	14	al-Mujadila	biqai-nazm-al-durar	المقصود	6372908	MEDIUM	ارة له بتشريفه في ذلك الموقف العظيم، وطوى سؤال الكفار إشارة إلى استهانتهم بفضيحة الكذب {ويحلفون على الكذب وهو يعلمون} [المجادلة: 14] {فيحلفون له كما يحلفون لكم} [المجادلة: 18] وذكر ما هو أنكى لهم. # PageV15P295 # ولما أكد سبحانه وجوب ال
58	18	al-Mujadila	biqai-nazm-al-durar	المقصود	6372953	MEDIUM	ل الكفار إشارة إلى استهانتهم بفضيحة الكذب {ويحلفون على الكذب وهو يعلمون} [المجادلة: 14] {فيحلفون له كما يحلفون لكم} [المجادلة: 18] وذكر ما هو أنكى لهم. # PageV15P295 # ولما أكد سبحانه وجوب الصدع بكل أمره وإن عظمت مشقته وزادت حرقته من غي
58	21	al-Mujadila	biqai-nazm-al-durar	المقصود	3026626	MEDIUM	ب القطع بأن الله مع المؤمنين وعلى الكافرين، ومن كان معه نصر، ومن كان عليه خذل وأخذ وقسر {كتب الله لأغلبن أنا ورسلي} [المجادلة: 21] # {ولينصرن الله من ينصره} [الحج: 40] {والعاقبة للمتقين} [القصص: 128] وإن كانت الحرب سجالا. # ولما أشار
58	22	al-Mujadila	biqai-nazm-al-durar	المقصود	8670713	MEDIUM	إلى آخر السورة، وقد حصل منها أن أسنى أحوال أهل الإيمان وأعلى مناصبهم {أولئك كتب في قلوبهم الإيمان وأيدهم بروح منه} [المجادلة: 22] فوصى عباده في افتتاح الممتحنة بالتنزه عن موالاة الأعداء ووعظهم بقصة إبراهيم عليه الصلاة والسلام والذي
59	13	al-Hashr	biqai-nazm-al-durar	المقصود	3051568	MEDIUM	ب {لا يفقهون} تبكيت شديد لهم كما قال تعالى في آية الحشر {لأنتم أشد رهبة في صدورهم من الله ذلك بأنهم قوم لا يفقهون} [الحشر: 13] . # ولما عذبوهم قولا وفعلا، عللوا لهم ذلك بقولهم زيادة في تأسيفهم: {ذلك} أي هذا الفعل العظيم الذي يفعله بك
60	1	al-Mumtahana	biqai-nazm-al-durar	غرض	8711876	MEDIUM	عد ما تمهد في السورة قبل أوقع في الزجر، وتأمل كم بين قوله سبحانه # {يا أيها الذين آمنوا لا تتخذوا عدوي وعدوكم أولياء} [الممتحنة: 1] وما تضمنته من اللطف وبين قوله {لم تقولون ما لا تفعلون كبر مقتا عند الله أن تقولوا ما لا تفعلون} [الصف:
61	2	al-Saff	biqai-nazm-al-durar	غرض	8711368	MEDIUM	يق منهم} [النور: 47] وبمجموع هذا استجمعوا اللعنة والغضب فقيل للمؤمنين: {يا أيها الذين آمنوا لم تقولون ما لا تفعلون} [الصف: 2] احذروا أن تشبه أحوالكم حال من استحق المقت واللعنة والغضب، ثم أتبع بحسن الجزاء لمن وفى قولا وعقدا ولسانا وض
61	4	al-Saff	biqai-nazm-al-durar	غرض	8711575	MEDIUM	اء لمن وفى قولا وعقدا ولسانا وضميرا، وثبت على ما أمر به فقال: {إن الله يحب الذي يقاتلون في سبيله # PageV20P003 # صفا} [الصف: 4] الآية ثم تناسج ما بعد. ولما كان الوارد من هذا الغرض في سورة الممتحنة قد جاء على طريق الوصية وسبيل النصح والإ
61	6	al-Saff	biqai-nazm-al-durar	غاية	7981426	MEDIUM	واختصت به سورة الصف ليعادل ذلك بتصريح المبشر به عليه الصلاة والسلام بالبعدية في قوله {برسول يأتي من بعدي اسمه أحمد} [الصف: 6] وأشارت الميم أوله أيضا إلى بعثه عند الأربعين، وما بقي من حروفه وهي حمد يفيد له كمال الحمد بالفعل في السنة ال
62	4	al-Jumua	biqai-nazm-al-durar	المقصود	8783676	MEDIUM	ب حال المؤمنين فيما خصهم الله به مما انطوت عليه الآيات الثلاث إلى صدر سورة الجمعة إلى قوله: {والله ذو الفضل العظيم} [الجمعة: 4] بذكر حال من لم ينتفع بما حمل حسبما تقدم، وكان في ذلك من المواعظ والتنبيه ما ينتفع به من سبقت له السعادة، أ
63	7	al-Munafiqun	biqai-nazm-al-durar	غاية	8784592	MEDIUM	بجودة الرأي وحسن النظر # {وإذا رأيتهم تعجبك أجسامهم وإن يقولوا تسمع لقولهم} [المنافقين: 4] {ولكن المنافقين لا يفقهون} [المنافقين: 7] قلت: وقد مر في الخطبة ما رويناه في مصنف ابن أبي شيبة من قول أناس من المؤمنين: كان رسول الله صلى الله
64	6	al-Taghabun	biqai-nazm-al-durar	غرض	4138363	MEDIUM	لهم الحسد والعناد وبعد الفهم بما جبل على قلوبهم وطبع عليها على أن أنكروا كون الرسل من البشر حتى قالوا: {أبشر يهدوننا} [التغابن: 6] ، {ما أنتم إلا بشر مثلنا} [يس: 15] وحتى قالت قريش: {لولا أنزل عليه ملك} [الأنعام: 8] ، {ما لهذا الرسول
65	1	al-Talaq	biqai-nazm-al-durar	غاية	846522	MEDIUM	ل الحرالي ما تطيب به نفس المرأة ويبقى باطنها وباطن أهلها سلما أو ذا مودة # PageV03P354 # {لعل الله يحدث بعد ذلك أمرا} [الطلاق: 1] انتهى. ولا شك في أن هذا إحسان. # ولما نفي الجناح بانتفاء المسيس والفرض فأفهم أنهما إذا وجدا وجد الجناح ب
65	5	al-Talaq	biqai-nazm-al-durar	غاية	8878054	MEDIUM	، وهو معنى إدخاله الجنة، ولما كان قد تقدم قريبا في آية التقوى أنه يكفر عنه سيئاته، قال شارحا لقوله: {ويعظم له أجرا} [الطلاق: 5] : {يدخله} أي عاجلا مجازا بما يتيح له من لذات العرفان ويفتح له من الأنس آجلا حقيقة {جنات} أي بساتين هي في غ
65	10	al-Talaq	biqai-nazm-al-durar	غاية	5715241	MEDIUM	دت إليه فطر عقولهم، وقادت إليه بصائر قلوبهم، وجعل المنذرين نفس الذكرى كما قال تعالى {قد أنزل الله إليكم ذكرا رسولا} [الطلاق: 10] وذلك إشارة إلى إمعانهم في التذكير حتى صاروا إياه. # ولما كان التقدير: فما أهلكنا قرية منها إلا بالحق، عطف
67	14	al-Mulk	biqai-nazm-al-durar	غاية	9236122	MEDIUM	تحرير {اليل والنهار} فيعلم كل دقيقة منهما على ما هي عليه لأنه خالقهما ولا يوجد شيء منهما إلا به # {ألا يعلم من خلق} [الملك: 14] . # ولما علم من هذا المشقة عليهم في قيام الليل على هذا الوجه علما وعملا، ترجم ذلك بقوله: {علم} أي الله سبح
67	18	al-Mulk	biqai-nazm-al-durar	غاية	9273230	MEDIUM	يد إيلامها وإضرارها، حال كونها {نذيرا} عظيما أو من جهة نذارتها أو إنذارا بالغا: فعيل بمعنى المصدر مثل {فكيف كان نكير} [الملك: 18] أي إنكاري، وعبر بقوله: {للبشر *} لما تقدم من الإشارة إلى إسراع الجسم العادي في قبول التأثر لا سيما بالنا
67	26	al-Mulk	biqai-nazm-al-durar	غاية	108184	MEDIUM	الإنسان ليفجر أمامه} [القيامة: 5] وبيان الله سبحانه عن الكائن بالغ إلى غاية ما أحاط به علمه {قل إنما العلم عند الله} [الملك: 26] وعن المنقطع كونه بحسب إحاطته بالكائن وسبحانه من النسيان {لا يضل ربي ولا ينسى} [طه: 52] وعن الأتي بما هو
68	2	al-Qalam	biqai-nazm-al-durar	غرض	8997462	MEDIUM	لإنس والجن على أن يأتوا بمثل هذا القرآن لا يأتون بمثله} [الإسراء: 88] فقوله سبحانه وتعالى {ما أنت بنعمة ربك بمجنون} [القلم: 2] جوابا لقوله تعالى في آخر السورة إنه لمجنون، وتقدم الجواب بنفي قولهم والتنزيه عنه على حكاية قولهم ليكون أبلغ
68	44	al-Qalam	biqai-nazm-al-durar	غاية	5343092	MEDIUM	إلا مسببه، ولكنهم كالبهائم {لا يشعرون*} أنهم في غاية البعد عن الخيرات # {سنستدرجهم من # PageV13P158 # حيث لا يعلمون} [القلم: 44] . # ولما ذكر أهل الافتراق، أتبعهم أهل النفاق، فكان كأنه قيل: فمن الذي يكون له الخيرات؟ فأجيب بأنه الخائف م
70	5	al-Maarij	biqai-nazm-al-durar	غرض	9211780	MEDIUM	منه الاكتراث بعناد من قدم عناده وكثرة لججه، وأتبع ذلك بما يشهد لهذا الغرض ويعضده وهو قوله تعالى {فاصبر صبرا جميلا} [المعارج: 5] {واصبر على ما يقولون واهجرهم هجرا جميلا وذرني والمكذبين أولي النعمة ومهلهم قليلا} [المزمل: 10 - 11] وهذ
71	16	Nuh	biqai-nazm-al-durar	غاية	8327819	MEDIUM	منها كما نسب الرسل إلى الجن والإنس بجمعهما في خطاب واحد فقال: {رسل منكم} [الأنعام: 130] وكذا {وجعل القمر فيهن نورا} [نوح: 16] ومثله كثير {اللؤلؤ} وهو الدر الذي هو في غاية البياض والإشراق والصفاء {والمرجان *} أي القضبان الحمر التي هي ~
72	1	al-Jinn	biqai-nazm-al-durar	المقصود	9168555	MEDIUM	سنى فآمنوا وصدقوا، وأمر صلى الله عليه وسلم بالإخبار بذلك، فأنزل الله تعالى عليه {قل أوحي إلي أنه استمع نفر من الجن} [الجن: 1] الآيات إلى قوله إخبارا عن تعريف الجن سائر أخوانهم بما شاهدوه من عناد كفار العرب «وأنه لما قام عبد الله يدع
73	1	al-Muzzammil	biqai-nazm-al-durar	غاية	9211531	MEDIUM	مه من وظائف عبادته وما يلزمه في أذكاره من ليله ونهاره، مفتتحا ذلك بأجمل مكالمة وألطف مخاطبة {يا أيها ms5409 المزمل} [المزمل: 1] وكان ذلك تسلية له صلى الله عليه وسلم كما # PageV21P005 # ورد {فلا تذهب نفسك عليهم حسرات} [فاطر: 8] إلى آخر
73	12	al-Muzzammil	biqai-nazm-al-durar	غرض	9212055	MEDIUM	هب نفسك عليهم حسرات} [فاطر: 8] وفي قوله {نحن أعلم بما يقولون وما أنت عليهم بجبار} [ق: 45] ثم قال: {إن لدينا أنكالا} [المزمل: 12] فذكر ما أعد لهم، وإذا تأملت هذه الآي وجدتها قاطعة بما قدمناه، وبان لك التحام ما ذكره، ثم رجع الكلام إلى
73	20	al-Muzzammil	biqai-nazm-al-durar	غاية	9212368	MEDIUM	جزاءهم مع وقوع التقصير ممن يصح منه تعظيم المعبود الحق جل جلاله # {علم أن لن تحصوه فتاب عليكم فاقرؤوا ما تيسر من القرآن} [المزمل: 20] ثم ختم السورة بالاستغفار من كل ما تقدم من عناد الجاحدين المقدم ذكرهم فيما قبل من السور إلى ما لا يفي ال
74	1	al-Muddaththir	biqai-nazm-al-durar	غاية	1037674	MEDIUM	بي صلى الله عليه وسلم في مقابلة {اقرأ باسم ربك} [العلق: 1] الذي هو أول منزل النبوة # PageV04P143 # و {يا أيها المدثر} [المدثر: 1] الذي هو أول منزل الرسالة فكان أول الأمر نذارة وآخره موعظة تبعث النفس على الخوف وتبعث القلب على الشوق من مع
75	5	al-Qiyama	biqai-nazm-al-durar	غاية	108086	MEDIUM	ا ما يقدره أو يزوره؛ فبيانه في الكائن ناقص وبيانه في الماضي أنقص وبيانه في الآتي ساقط # {بل يريد الإنسان ليفجر أمامه} [القيامة: 5] وبيان الله سبحانه عن الكائن بالغ إلى غاية ما أحاط به علمه {قل إنما العلم عند الله} [الملك: 26] وعن المن
75	16	al-Qiyama	biqai-nazm-al-durar	غاية	5707022	MEDIUM	نظر إلى قوله تعالى {ولا تعجل بالقرآن من قبل أن يقضى إليك وحيه وقل رب زدني علما} [طه: 114] {لا تحرك به لسانك لتعجل به} [القيامة: 16] . # ولما كان السياق في هذه السورة للتحذير، قال معللا للجملة التي قبله: {لتكون من المنذرين*} أي المخوفين
75	30	al-Qiyama	biqai-nazm-al-durar	مقصود	8342565	MEDIUM	م عبارة عن وقت يمتد إلى انقضاء أمر مقدر فيه ظاهر من ليل ms4896 أو نهار أو غيرهما لقوله تعالى {إلى ربك يومئذ المساق} [القيامة: 30] أي يوم إذا بلغت الروح التراقي وهو لا يختص بليل ولا نهار، وبناه للمفعول تعظيما للأمر بالإشارة إلى أن شأن
75	35	al-Qiyama	biqai-nazm-al-durar	مقصود	8271458	MEDIUM	لحظة أو أياما أو شهورا أو كثيرا من ذلك أو أقل كيوم البعث ويوم بدر ويوم الموت بقوله تعالى: - {إلى ربك يومئذ المساق} -[القيامة: 35] : {في يوم} وأكد شؤمها بذم زمانها فقال: {نحس} أي شديد القباحة، قيل: كان يوم الأربعاء آخر الشهر وهو شوال ل
76	1	al-Insan	biqai-nazm-al-durar	المقصود	9324578	MEDIUM	يكن. # PageV21P122 # وقال الإمام أبو جعفر بن الزبير: قوله تعالى: {هل أتى على الإنسان حين من الدهر لم يكن شيئا مذكورا} [الإنسان: 1] تعريف الإنسان بحاله وابتداء أمره ليعلم أن لا طريق له للكبر واعتقاد السيادة لنفسه، وأن لا يغلطه ما اكتنفه
78	6	al-Naba	biqai-nazm-al-durar	المقصود	9392952	MEDIUM	الحكم، وإليه الإشارة بقوله: # {كذلك نخرج الموتى} [الأعراف: 57] وقال تعالى منبها على ما ذكرناه {ألم نجعل الأرض مهادا} [النبأ: 6] إلى قوله: {وجنات ألفافا} [النبأ: 16] فهذه المصنوعات المقصود بها الاعتبار كما قدم، ثم قال تعالى: {إن يوم الف
78	16	al-Naba	biqai-nazm-al-durar	المقصود	9392988	MEDIUM	نخرج الموتى} [الأعراف: 57] وقال تعالى منبها على ما ذكرناه {ألم نجعل الأرض مهادا} [النبأ: 6] إلى قوله: {وجنات ألفافا} [النبأ: 16] فهذه المصنوعات المقصود بها الاعتبار كما قدم، ثم قال تعالى: {إن يوم الفصل كان ميقاتا} [النبأ: 17] أي موعد
78	17	al-Naba	biqai-nazm-al-durar	المقصود	9393089	MEDIUM	له: {وجنات ألفافا} [النبأ: 16] فهذه المصنوعات المقصود بها الاعتبار كما قدم، ثم قال تعالى: {إن يوم الفصل كان ميقاتا} [النبأ: 17] أي موعدا لجزائكم لو اعتبرتم بما ذكر لكم لعلمتم منه وقوعه وكونه ليقع جزاؤكم على ما سلف منكم «فويل يومئذ للم
79	26	al-Naziat	biqai-nazm-al-durar	المقصود	9451039	MEDIUM	خفيف كما هي عادة العقلاء. # PageV21P252 # وقال الإمام أبو جعفر بن الزبير: لما قال سبحانه {إن في ذلك لعبرة لمن يخشى} [النازعات: 26] وقال بعد {إنما أنت منذر من يخشاها} [النازعات: 45] افتتحت هذه السورة الأخرى بمثال يكشف عن المقصود من حال
79	45	al-Naziat	biqai-nazm-al-durar	مقصود	9447218	MEDIUM	و الموفق للصواب وإليه المرجع والمآب. # PageV21P248 # سورة عبس # وتسمى الصاخة. # مقصودها شرح) إنما أنت منذر من يخشاها) [النازعات: 45] بأن المراد الأعظم تزكية القابل للخشية بالتخويف بالقيامة التي قام الدليل على القدرة عليها بابتداء الخل
80	24	Abasa	biqai-nazm-al-durar	غاية	252523	MEDIUM	تعظيم {لن نصبر} أي طويلا {على طعام} قال الحرالي: الطعام ما يقوت المتطعم ويصير جزاء منه {فلينظر الإنسان إلى طعامه *} [عبس: 24] الآية - انتهى. {واحد} أي لا يتبدل وإن كان متعددا # PageV01P412 # وإن كان شريفا لا تعب فيه {فادع لنا} قال الح
81	14	al-Takwir	biqai-nazm-al-durar	مقصود	9550865	MEDIUM	كان العرض لا بد فيه من شهود ومشهود عليهم وجدال على عهود، قال منكرا للإبهام للتعظيم والتعميم مثل {علمت نفس ما أحضرت} [التكوير: 14] : {وشاهد} أي كريم من الأولياء {ومشهود *} أي في نفسه من الأعيان والآثار الهائلة، أو عليه فإنه يوم تشهده ج
82	8	al-Infitar	biqai-nazm-al-durar	غاية	9501507	MEDIUM	ماؤه في كل عرق وعصب منها، فلما كان اليوم السابع أحضر الله له كل عرق بينه وبين آدم، ثم قرأ {في أي صورة ما شاء ركبك} [الانفطار: 8] » فتحرر بهذا الإنسان رقيق رقا لازما، ومن خلع ربقة ذلك الرق اللازم وكل إلى نفسه فهلك. # PageV21P304 # ولم
83	34	al-Mutaffifin	biqai-nazm-al-durar	غاية	9276666	MEDIUM	لهم أولياؤهم توبيخا # PageV21P072 # وتعنيفا وشماتة وتقريعا تصديقا لقوله تعالى {فاليوم الذين آمنوا من الكفار يضحكون} [المطففين: 34] الآية، ولتكون حكاية ذلك موعظة للسامعين وذكرى للذاكرين: {ما} هي محتملة للتوبيخ والتعجيب {سلككم} أي أدخلك
84	8	al-Inshiqaq	biqai-nazm-al-durar	المقصود	9537872	MEDIUM	هلك «والثاني» من نوقش الحساب عذب «قالت عائشة رضي الله عنها: فقلت: يا رسول الله! أليس الله يقول {فأما من أوتي كتابه} [الانشقاق: 8] الآية، فقال: صلى الله عليه وسلم: إنما ذلك العرض» فإن كان اللفظ الأول هو الذي سمعته فالإشكال فيه واضح،
85	12	al-Buruj	biqai-nazm-al-durar	غاية	6163111	MEDIUM	ر ولا جلوس، وإذا ذكر بطشه سبحانه وأخذه لأعدائه في نحو قوله تعالى: {يد الله فوق أيديهم} [الفتح: 10] {إن بطش ربك لشديد} [البروج: 12] مثلناه بما لو قهر # PageV15P077 # سلطان أعدائه بحزمه وصحة تدبيره وكثرة جنوده فقلنا «محق سيفه أعداءه» فأ
88	21	al-Ghashiya	biqai-nazm-al-durar	المقصود	9627067	MEDIUM	مقسم به، أوضح تلك القدرة بأمر العذاب الأدنى - للأمم الماضية، فقال مخاطبا لمن قال له في آخر تلك {فذكر إنما أنت مذكر} [الغاشية: 21] تسلية له صلى الله عليه وسلم وإشعارا بأنه لا يتدبره حق تدبره غيره، وتهديدا لمن كذب من قومه: {ألم تر} أي ت
92	1	al-Layl	biqai-nazm-al-durar	المقصود	9700949	MEDIUM	تاح هذه السورة ومناسبة ذلك المقصود ولذلك السورة قبلها برفع القسم في الأولى بقوله: {والليل إذا # PageV22P104 # يغشى} [الليل: 1] تنبيها على إبهام الأمر في السلوك على المكلفين وغيبة حكم العواقب، وليناسب هذا حال المتذكر بالآيات وما يلحقه
93	5	al-Duha	biqai-nazm-al-durar	غاية	9752648	MEDIUM	يما أوضحت السورتان قبل من حال نبينا المصطفى صلى الله عليه وسلم وجليل وعده الكريم له في قوله {ولسوف يعطيك ربك فترضى} [الضحى: 5] وفضل حال ابتداء {ألم نشرح} على تقدم سؤال {رب اشرح} [طه: 25] إلى ما أشارت إليه آي السورتين من خصائصه الجلي
93	7	al-Duha	biqai-nazm-al-durar	مقصود	21599	MEDIUM	ه من بدء الملك إلى ختم الحمد، وبما لعبده مصورة تأديه من براءته من الضلال إلى هدى الصراط المستقيم، {ووجدك ضالا فهدى} [الضحى: 7] وبما بينه وبينه قيام ذات الأمر والخلق فكان ذلك هو القرآن # PageV01P049 # العظيم الجامع لما حواه القرآن المط
96	1	al-Alaq	biqai-nazm-al-durar	غاية	1037604	MEDIUM	على النبي صلى الله عليه وسلم هو في الشكاية وهي آخر آية أنزلت على النبي صلى الله عليه وسلم في مقابلة {اقرأ باسم ربك} [العلق: 1] الذي هو أول منزل النبوة # PageV04P143 # و {يا أيها المدثر} [المدثر: 1] الذي هو أول منزل الرسالة فكان أول الأم
97	5	al-Qadr	biqai-nazm-al-durar	غاية	8795473	MEDIUM	ي حكم ما قبلها مقابل معنى «إلى» ، وقال أهل العربية: لا يجر بها إلى آخر أو متصل بالآخر نحو الفجر في {حتى مطلع الفجر} [القدر: 5] وحتى آخر الليل، ولا تقولوا: حتى نصف الليل، وما درى الأجلاف أنهم لو فعلوا ذلك # PageV20P087 # أتاح الله غيره
98	4	al-Bayyina	biqai-nazm-al-durar	غاية	5151994	MEDIUM	وكما قال تعالى {كان الناس أمة واحدة} [البقرة: 213] الآية {وما تفرق الذين أوتوا الكتاب إلا من بعد ما جاءتهم البينة} [البينة: 4] . # ولما كان كأنه قيل: فماذا يفعل بهم؟ قال ما هو غاية في الدلالة على باهر العظمة وتام القدرة ليكون أشد في
102	8	al-Takathur	biqai-nazm-al-durar	غرض	5057686	MEDIUM	معرضون} أي لا تمدن عينيك إلى ذلك فإني جعلته فتنة لمن ناله بغير حق، ونسأل عن قليل ذلك وكثيره {ولتسألن يومئذ عن النعيم} [التكاثر: 8] والأمر قريب {اقترب للناس حسابهم} وأيضا فإنه تعالى لما قال {وتنذر ms2961 به قوما لدا} [مريم: 97] وهم الش
114	2	al-Nas	biqai-nazm-al-durar	غاية	10546	MEDIUM	عرض، فلا يكون لأحد معه أمر ولا معنى للملك سوى هذا، ولما لم تفد إضافته إلى الناس هذا المعنى لم يكن خلاف في {ملك الناس} [الناس: 2] . فلما استجمع الأمر استحقاقا وتحبيبا وترغيبا وترهيبا كان من شأن كل ذي لب الإقبال إليه وقصر الهمم عليه فقا
