surah	verse	A	D	DISPUTE	A_resid	D_resid	DISPUTE_resid	len_char	len_word	n_hapax	rarity	ar-tafsir-al-tabari	ar-tafseer-al-qurtubi	ar-tafsir-ibn-kathir	ar-tafsir-al-baghawi	ar-tafseer-tanwir-al-miqbas	ar-tafseer-al-saddi	ar-tafsir-al-wasit	ar-tafsir-muyassar
1	1	0.954598	0.043558	0.920760	3.246700	-0.872993	3.258065	22	4	0	6.393421	0.979073	0.998156	0.999759	0.976828	0.998958	0.792816	0.927197	0.963999
1	2	0.938382	0.084870	0.873477	3.140077	-0.442219	2.845871	21	4	0	6.326401	0.978111	0.999920	0.980837	0.913967	0.999759	0.851427	0.922146	0.860888
1	3	0.614747	0.335712	0.560226	2.183907	0.148797	1.572473	13	2	0	7.203575	0.747194	0.435295	0.546745	0.787123	0.969291	0.709589	0.379971	0.342768
1	4	0.860107	0.157934	0.667770	2.837772	-0.514028	1.839873	14	3	0	7.939887	0.983082	0.952935	0.901940	0.924551	0.937700	0.667094	0.810375	0.703175
1	5	0.872134	0.090663	0.855184	2.210777	-0.956800	2.216351	22	4	0	9.827357	0.918297	0.792976	0.939625	0.723861	0.993666	0.873557	0.846296	0.888791
1	6	0.851798	0.177277	0.722579	2.469957	-0.201350	1.922123	21	3	0	7.888065	0.980516	0.776379	0.965523	0.802678	0.972659	0.602149	0.919901	0.794580
1	7	0.959068	0.060034	0.807466	2.208331	-0.137871	1.659832	52	9	0	9.198654	0.946600	0.926796	0.992383	0.957425	0.994468	0.934894	0.924070	0.995911
2	1	0.843339	0.087656	0.891517	4.019116	-1.805197	3.858079	3	1	0	0.000000	0.946600	0.964641	0.997996	0.917094	0.997675	0.188502	0.903384	0.830821
2	2	0.921123	0.013771	0.866421	2.137659	-1.843064	2.184418	37	9	0	8.158130	0.958226	0.964801	0.953576	0.944596	0.993826	0.964801	0.953175	0.635985
2	3	0.978091	0.029506	0.805713	2.644796	-0.211238	1.803672	54	8	0	8.038847	0.959830	0.996873	0.958868	0.986770	0.992864	0.988053	0.959509	0.981960
2	4	0.855887	0.134060	0.611599	1.380106	-0.185217	0.789244	63	12	0	7.751709	0.786161	0.792575	0.922146	0.694676	0.950690	0.881735	0.885423	0.933691
2	5	0.782292	0.098661	0.630544	1.373138	-1.095425	1.069721	42	9	0	7.754601	0.850465	0.812460	0.868105	0.613454	0.979554	0.803801	0.841806	0.488695
2	6	0.823465	0.100545	0.668675	1.302451	-0.794626	1.115934	57	11	0	7.761583	0.933531	0.884942	0.860167	0.858884	0.987893	0.632136	0.892479	0.537684
2	7	0.874619	0.146769	0.752669	1.271965	0.109396	1.296795	68	14	0	8.482290	0.971376	0.976507	0.947162	0.843409	0.970574	0.765795	0.967367	0.554763
2	8	0.834840	0.117102	0.760756	1.582988	-0.572069	1.804197	57	11	0	6.133429	0.884782	0.929041	0.870029	0.647530	0.999599	0.921264	0.858964	0.567511
2	9	0.834600	0.072021	0.665823	1.238472	-1.120584	0.948361	58	10	0	9.035063	0.925834	0.799631	0.842768	0.872434	0.953255	0.818473	0.819676	0.644724
2	10	0.808972	0.227029	0.662444	1.050985	0.474363	0.956036	64	13	0	8.128439	0.949086	0.930645	0.938823	0.704458	0.934493	0.899214	0.709910	0.405148
2	11	0.759161	0.190407	0.870762	1.182149	-0.121056	2.267254	53	11	0	6.911903	0.880613	0.921023	0.878207	0.747194	0.862011	0.531751	0.740619	0.511867
2	12	0.470624	0.287284	0.394621	0.161792	0.272415	-0.601103	35	7	0	10.125825	0.294500	0.674391	0.119468	0.426475	0.527582	0.822803	0.578095	0.321681
2	13	0.788176	0.071580	0.804969	0.598709	-1.112112	1.525384	97	20	0	7.089871	0.845975	0.734044	0.711835	0.819917	0.809894	0.786241	0.759221	0.838278
2	14	0.764202	0.117864	0.688056	0.612370	-0.649399	0.995527	88	16	0	7.533310	0.893281	0.728752	0.821280	0.819275	0.951010	0.451090	0.699407	0.749519
2	15	0.788436	0.172085	0.820329	1.301015	-0.280920	1.786942	40	7	0	9.677222	0.960391	0.894564	0.924230	0.791453	0.950208	0.780228	0.693874	0.312540
2	16	0.740769	0.193353	0.520663	0.414659	-0.117097	-0.186140	67	11	1	9.545911	0.924551	0.736049	0.760744	0.449326	0.961033	0.849984	0.751523	0.492944
2	17	0.902441	0.071721	0.938434	1.125353	-0.463505	2.276481	88	17	0	9.032936	0.970253	0.863775	0.853993	0.865378	0.996392	0.870269	0.873958	0.925513
2	18	0.640294	0.254751	0.443680	0.936704	-0.034608	-0.040200	24	6	0	11.049545	0.874519	0.750962	0.921023	0.456382	0.657473	0.356479	0.554843	0.550674
2	19	0.812570	0.225245	0.703461	0.360235	0.713140	0.671808	106	20	0	9.653680	0.982280	0.966244	0.699567	0.905949	0.920542	0.409958	0.709108	0.906911
2	20	0.914458	0.059333	0.719188	0.712218	-0.364694	0.697683	132	28	0	8.516278	0.911642	0.928400	0.971216	0.900657	0.966244	0.909638	0.968169	0.759702
2	21	0.670833	0.290330	0.548509	0.655401	0.586144	0.569110	64	12	0	7.243447	0.806366	0.892479	0.180244	0.744468	0.988855	0.277421	0.829458	0.647370
2	22	0.909227	0.077975	0.801991	0.833464	-0.164684	1.182039	123	24	0	8.276629	0.941549	0.930164	0.977951	0.771167	0.965924	0.971536	0.920943	0.794580
2	23	0.887759	0.125501	0.830592	1.044139	0.129618	1.548762	97	20	0	7.615497	0.930805	0.829618	0.831703	0.829137	0.981799	0.949006	0.972979	0.777021
2	24	0.875090	0.128287	0.789689	1.117234	-0.033428	1.346846	80	14	0	8.969315	0.885744	0.942431	0.979875	0.656511	0.992223	0.949006	0.940908	0.654025
2	25	0.938823	0.058631	0.897725	0.478589	0.138417	1.385068	188	39	0	8.499083	0.980677	0.929522	0.940908	0.797787	0.987091	0.989817	0.906030	0.978752
2	26	0.961474	0.027121	0.779346	0.713777	-0.113171	0.815453	203	44	0	7.396163	0.973621	0.947482	0.960231	0.866822	0.994147	0.978993	0.983082	0.987412
2	27	0.865138	0.143421	0.867864	0.706679	0.221923	1.554983	103	21	0	8.789058	0.939464	0.875000	0.940427	0.773012	0.981479	0.944275	0.806286	0.661161
2	28	0.802227	0.137648	0.663223	0.993820	-0.350754	1.001714	74	14	0	7.407657	0.963518	0.879490	0.839721	0.518922	0.967527	0.609686	0.813903	0.825048
2	29	0.864917	0.233924	0.801246	0.938769	0.987827	1.424472	90	20	0	7.798845	0.970574	0.989657	0.958226	0.668297	0.993345	0.944756	0.765795	0.628688
2	30	0.973430	0.043918	0.907072	1.273075	0.384731	1.778313	142	30	0	8.088479	0.997514	0.996713	0.991902	0.957104	0.997996	0.939785	0.965763	0.940667
2	31	0.861520	0.205801	0.866318	1.214673	0.663020	1.954626	84	15	0	7.086429	0.976347	0.973461	0.944436	0.850786	0.985006	0.694836	0.792896	0.674391
2	32	0.685125	0.262568	0.543331	0.806858	0.377711	0.658376	61	13	0	6.575058	0.795863	0.924230	0.616100	0.563903	0.898172	0.711594	0.543778	0.427357
2	33	0.806056	0.141437	0.566320	0.412875	-0.044125	0.247520	125	24	0	7.166484	0.899695	0.891998	0.883339	0.792575	0.921183	0.608884	0.779586	0.671183
2	34	0.923729	0.073324	0.857693	1.645762	-0.328020	1.849251	75	13	0	7.859730	0.965603	0.980837	0.990940	0.935616	0.989978	0.908355	0.910279	0.708226
2	35	0.855125	0.204919	0.890898	0.742479	0.714057	1.757799	98	19	0	8.670704	0.969612	0.992383	0.935616	0.799792	0.972178	0.661963	0.859365	0.650096
2	36	0.921945	0.088598	0.841725	1.011320	0.058502	1.364185	108	21	0	8.928058	0.988053	0.991260	0.947643	0.959028	0.960151	0.893281	0.834269	0.801876
2	37	0.797727	0.121793	0.835597	1.117263	-0.659043	1.830285	55	12	0	8.167665	0.923108	0.938663	0.865218	0.866421	0.877726	0.535760	0.530468	0.844452
2	38	0.750401	0.206282	0.743746	0.424188	0.227390	1.129710	86	18	0	8.248484	0.849824	0.870350	0.586835	0.642720	0.954538	0.760343	0.650657	0.687941
2	39	0.596847	0.393882	0.479818	0.357477	1.147505	0.129134	62	11	0	7.876063	0.679522	0.343169	0.597338	0.269644	0.827133	0.760343	0.901139	0.396488
2	40	0.888941	0.060656	0.817488	1.146039	-0.802495	1.411505	82	14	0	9.309514	0.934894	0.914288	0.883098	0.894163	0.997033	0.867704	0.788326	0.832024
2	41	0.908415	0.079017	0.696348	1.136650	-0.276617	0.881598	98	19	0	7.984589	0.925192	0.981158	0.918778	0.743185	0.996873	0.967527	0.923268	0.811337
2	42	0.793477	0.131976	0.541602	1.242101	-0.612938	0.471149	49	8	0	8.916432	0.910600	0.858964	0.793056	0.695879	0.862251	0.725946	0.772691	0.728432
2	43	0.778043	0.137227	0.609079	1.207722	-0.629403	0.786243	47	7	0	9.212073	0.845093	0.998637	0.695398	0.714881	0.735327	0.670943	0.850305	0.713759
2	44	0.884371	0.111390	0.734502	1.360797	-0.246143	1.207992	68	12	0	8.797778	0.839962	0.967768	0.970574	0.885423	0.927758	0.921985	0.775898	0.785600
2	45	0.800784	0.180103	0.860888	1.064506	-0.029200	1.808153	56	9	0	9.969983	0.944917	0.948765	0.931286	0.853031	0.933130	0.760343	0.742864	0.291934
2	46	0.657753	0.311097	0.634347	0.850314	0.594149	1.031242	45	8	0	8.124860	0.904346	0.640795	0.829939	0.560215	0.367303	0.611289	0.891677	0.456462
2	47	0.648733	0.330019	0.537994	0.439507	0.862219	0.385630	69	12	0	7.873636	0.826090	0.237572	0.773573	0.297947	0.830260	0.702534	0.958387	0.563502
2	48	0.850465	0.255392	0.719600	0.856715	1.035809	1.028045	87	19	0	8.120413	0.965443	0.947803	0.902742	0.684253	0.955019	0.702534	0.955019	0.690908
2	49	0.786121	0.186037	0.716153	0.337350	0.238192	0.836586	103	19	0	8.948751	0.975385	0.968008	0.891357	0.926796	0.025176	0.730677	0.971376	0.800192
2	50	0.679402	0.439284	0.612962	0.553302	1.477921	0.642549	59	10	0	9.458927	0.952293	0.973140	0.841806	0.974262	0.025176	0.049711	0.944436	0.674391
2	51	0.590583	0.778023	0.671080	0.175901	3.081184	0.938522	64	12	0	8.745221	0.963999	0.933852	0.197081	0.951491	0.025176	0.049711	0.792014	0.811337
2	52	0.388631	0.403384	0.470597	-0.146910	1.121244	0.122348	37	8	0	9.197177	0.360568	0.808691	0.197081	0.728752	0.025176	0.049711	0.430484	0.508579
2	53	0.492814	0.435215	0.579790	0.395959	1.189306	0.895312	43	7	0	7.635772	0.726267	0.734365	0.603993	0.517720	0.025176	0.049711	0.911081	0.374198
2	54	0.688853	0.283535	0.721181	-0.398070	0.980479	0.717017	149	28	0	8.068427	0.940427	0.910760	0.928881	0.847739	0.025176	0.049711	0.960311	0.847819
2	55	0.619147	0.357000	0.675410	0.212125	1.028859	0.998048	74	15	0	7.742741	0.879009	0.751523	0.729634	0.870750	0.025176	0.049711	0.976187	0.671183
2	56	0.515705	0.289328	0.587533	0.436079	0.269068	0.828690	36	7	0	8.724280	0.919660	0.615539	0.914609	0.420863	0.025176	0.447883	0.370911	0.411001
2	57	0.799591	0.078436	0.755727	0.308894	-0.880443	0.949343	111	20	0	9.137763	0.972017	0.916052	0.989015	0.918457	0.025176	0.763871	0.888470	0.923669
2	58	0.742343	0.181867	0.695031	-0.003838	0.125094	0.617867	116	21	0	9.249153	0.948765	0.974743	0.914929	0.812781	0.025176	0.550353	0.906751	0.805244
2	59	0.714691	0.183732	0.852687	0.290467	-0.031368	1.678100	94	18	0	7.689584	0.928640	0.846456	0.934173	0.766758	0.025176	0.588679	0.879650	0.747996
2	60	0.763580	0.116020	0.763184	-0.348371	-0.364614	0.718317	153	32	0	9.118950	0.902582	0.942832	0.886546	0.913566	0.025176	0.649936	0.934333	0.853672
2	61	0.861339	0.033675	0.816526	-1.221742	-1.020756	-0.124974	326	65	5	9.303261	0.987893	0.987091	0.964801	0.939304	0.025176	0.990619	0.999278	0.996552
2	62	0.829298	0.047867	0.800777	0.363724	-1.199170	1.184652	131	24	0	8.034176	0.972819	0.926315	0.958547	0.948926	0.025176	0.936418	0.878047	0.988133
2	63	0.702644	0.193614	0.739920	0.267045	-0.011352	1.072877	84	15	0	9.037648	0.902742	0.901139	0.760183	0.864897	0.025176	0.474022	0.875962	0.817030
2	64	0.440918	0.231258	0.500367	-0.278639	0.075648	0.264960	68	14	0	7.211493	0.863534	0.459269	0.343970	0.447883	0.025176	0.240619	0.525337	0.621552
2	65	0.742423	0.224543	0.770812	0.664037	0.232863	1.336503	65	12	0	9.264197	0.949407	0.959830	0.963999	0.920863	0.025176	0.470574	0.813101	0.836434
2	66	0.576672	0.478131	0.686383	0.337336	1.515417	1.105937	53	9	0	8.989019	0.905148	0.717126	0.904747	0.804442	0.025176	0.386867	0.244949	0.624920
2	67	0.788376	0.160500	0.630131	0.412490	0.007219	0.529561	106	22	0	7.668860	0.939304	0.935055	0.979554	0.966084	0.025176	0.741421	0.920221	0.800192
2	68	0.611199	0.235067	0.547776	-0.369449	0.339941	0.049573	106	25	0	8.141884	0.941870	0.829298	0.778945	0.665170	0.025176	0.402341	0.607842	0.638951
2	69	0.509722	0.310536	0.506082	-0.845949	0.732488	-0.469812	90	19	1	9.205086	0.889272	0.771408	0.691950	0.527742	0.025176	0.235728	0.480035	0.456462
2	70	0.583457	0.292856	0.450953	0.028091	0.611751	-0.188978	78	17	0	7.497538	0.955661	0.744548	0.674551	0.566629	0.025176	0.209349	0.847017	0.644724
2	71	0.736790	0.184754	0.736278	-0.435309	0.106232	0.407619	124	26	1	9.511894	0.954378	0.924070	0.877726	0.693072	0.025176	0.723942	0.802678	0.893281
2	72	0.573815	0.397591	0.598999	0.297094	1.119777	0.722745	56	11	0	8.213185	0.941068	0.777502	0.615138	0.584910	0.025176	0.384140	0.857441	0.405148
2	73	0.808832	0.126263	0.799826	1.120093	-0.495963	1.686890	69	12	0	7.516666	0.824326	0.973621	0.891838	0.960552	0.025176	0.995911	0.957264	0.841966
2	74	0.845694	0.019544	0.815896	-0.266507	-1.541392	0.773454	185	41	0	9.431007	0.964160	0.930003	0.954859	0.972819	0.025176	0.966645	0.988695	0.963198
2	75	0.703776	0.205861	0.574842	0.111899	0.172908	0.256996	97	20	0	8.242607	0.890394	0.877405	0.875321	0.725946	0.025176	0.519804	0.888871	0.827293
2	76	0.734295	0.104294	0.783962	0.021784	-0.714040	1.157314	125	24	0	7.754996	0.925674	0.819756	0.891196	0.864897	0.025176	0.681847	0.798268	0.867543
2	77	0.318513	0.204759	0.336319	-0.348643	-0.102454	-1.136387	44	9	0	7.526143	0.551956	0.224904	0.561017	0.197162	0.025176	0.356479	0.379650	0.251764
2	78	0.707976	0.288526	0.671733	0.748066	0.597806	1.042020	55	11	0	8.518484	0.962716	0.897290	0.885423	0.876764	0.025176	0.604554	0.826090	0.585792
2	79	0.784237	0.054983	0.661825	0.142565	-1.275889	0.520928	127	25	0	8.121217	0.938823	0.871151	0.894564	0.865539	0.025176	0.942191	0.832906	0.903544
2	80	0.736570	0.120109	0.626145	0.170587	-0.548059	0.560874	117	25	0	6.969692	0.909317	0.788085	0.876123	0.779426	0.025176	0.871873	0.923589	0.718970
2	81	0.656390	0.107260	0.508980	0.242263	-1.091396	0.018956	68	14	0	9.414524	0.910279	0.716244	0.815186	0.690587	0.025176	0.769644	0.623316	0.700690
2	82	0.320237	0.327534	0.336319	-0.684163	0.989464	-1.356995	63	11	0	7.865828	0.523012	0.024455	0.332665	0.156430	0.025176	0.427197	0.387428	0.685536
2	83	0.815056	0.081342	0.736392	-0.064330	-0.550612	0.674607	178	29	0	8.137464	0.963839	0.966084	0.905148	0.824968	0.025176	0.985167	0.947643	0.902421
2	84	0.684062	0.262488	0.593810	0.130891	0.538670	0.299300	85	15	0	9.877569	0.845654	0.811017	0.744387	0.597418	0.025176	0.965603	0.894243	0.588999
2	85	0.809333	0.056968	0.578187	-0.789460	-0.724693	-0.472214	287	53	0	8.465674	0.973300	0.939625	0.915892	0.919660	0.025176	0.829618	0.908194	0.963198
2	86	0.402702	0.354254	0.336319	-0.717163	1.074397	-1.616778	77	14	0	8.876894	0.617463	0.608082	0.256414	0.260183	0.025176	0.829618	0.255452	0.369227
2	87	0.754099	0.153905	0.716531	-0.370274	0.069839	0.545124	169	30	0	8.501314	0.920863	0.838278	0.950369	0.910038	0.025176	0.734124	0.886867	0.767078
2	88	0.649154	0.215322	0.668056	0.581236	-0.082960	1.082373	57	11	0	7.978615	0.936899	0.695237	0.863374	0.795943	0.025176	0.457906	0.644003	0.774695
2	89	0.794931	0.203075	0.415834	0.222881	0.548137	-0.755066	135	27	0	7.280663	0.915731	0.711995	0.864416	0.707425	0.848541	0.457906	0.913326	0.940106
2	90	0.833447	0.082705	0.732097	0.223649	-0.558291	0.774962	137	29	0	8.198808	0.958066	0.838037	0.805725	0.873877	0.897130	0.457906	0.929923	0.906911
2	91	0.851868	0.152822	0.792930	0.445201	0.388919	1.265497	150	31	0	6.509725	0.912364	0.762829	0.775176	0.674070	0.863534	0.966244	0.962556	0.898172
2	92	0.467357	0.382437	0.378138	-0.139832	1.097151	-0.832137	63	12	0	7.779937	0.684814	0.387508	0.618185	0.238935	0.247835	0.253929	0.547947	0.759702
2	93	0.876594	0.133559	0.710105	0.313539	0.387878	0.582526	161	29	0	8.223037	0.886546	0.782072	0.846296	0.779426	0.949727	0.826972	0.992543	0.949166
2	94	0.727359	0.140435	0.615493	0.467174	-0.490734	0.639579	83	17	0	7.641115	0.902261	0.757777	0.394965	0.753608	0.804282	0.547867	0.922947	0.735167
2	95	0.697994	0.179903	0.619055	0.790732	-0.341164	0.836645	54	10	0	8.293563	0.767880	0.604394	0.955019	0.478512	0.693714	0.547867	0.759541	0.777021
2	96	0.824006	0.096055	0.667942	0.133667	-0.438665	0.362049	130	27	0	9.494191	0.927598	0.844131	0.836514	0.741100	0.850064	0.547867	0.942351	0.902421
2	97	0.825840	0.265996	0.591783	0.883090	1.002689	0.571652	89	18	0	7.155247	0.973461	0.512428	0.989657	0.922707	0.933371	0.536562	0.973942	0.764593
2	98	0.809163	0.113153	0.664677	1.298219	-0.676142	1.234271	66	12	0	6.536629	0.943794	0.883659	0.922787	0.824006	0.649134	0.536562	0.868906	0.844452
2	99	0.446851	0.234024	0.336319	-0.055569	0.009399	-1.247082	55	11	0	7.489934	0.777341	0.224182	0.754169	0.276299	0.324727	0.411883	0.328736	0.477470
2	100	0.644464	0.197502	0.525142	0.474495	-0.248767	0.276917	55	11	0	8.962452	0.828656	0.715683	0.706222	0.742543	0.392720	0.473060	0.561658	0.735167
2	101	0.601367	0.164448	0.577935	-0.308625	-0.305914	0.287716	110	22	0	7.671963	0.702453	0.485568	0.683291	0.536321	0.195959	0.637989	0.964962	0.604394
2	102	0.896258	0.003087	0.798417	-0.759236	-1.642817	0.363467	397	82	0	7.926479	0.997354	0.995750	0.999599	0.995911	0.195959	0.995109	0.992383	0.997996
2	103	0.763821	0.426315	0.685032	1.029982	1.612087	1.265650	62	13	0	6.918682	0.968810	0.422466	0.994468	0.303720	0.834910	0.992864	0.985808	0.607521
2	104	0.887267	0.132016	0.647301	1.377680	0.086961	0.872794	79	14	0	7.502937	0.958708	0.947001	0.905308	0.825609	0.788085	0.783194	0.951972	0.938262
2	105	0.669079	0.256234	0.538463	-0.276492	0.641223	-0.022032	126	27	0	7.714160	0.691309	0.506254	0.457505	0.755051	0.834108	0.522691	0.897771	0.687941
2	106	0.870500	0.188302	0.785531	1.004789	0.595097	1.369361	83	21	0	7.788418	0.977951	0.984365	0.948284	0.959189	0.996232	0.632136	0.844291	0.621552
2	107	0.695628	0.335171	0.669534	0.523761	1.031083	1.074316	77	18	0	6.705044	0.899535	0.533194	0.913807	0.377806	0.808932	0.793778	0.418297	0.819676
2	108	0.771518	0.238234	0.644129	0.473362	0.587275	0.647841	92	19	0	7.961297	0.947482	0.612011	0.930164	0.701251	0.912845	0.844131	0.486209	0.738053
2	109	0.893231	0.058571	0.640303	0.361019	-0.466723	0.231728	159	35	0	7.950103	0.946039	0.907793	0.883499	0.871232	0.901459	0.751924	0.947242	0.936658
2	110	0.563011	0.287564	0.443439	-0.260213	0.650618	-0.370560	96	19	0	7.497474	0.748877	0.692832	0.753528	0.456382	0.227149	0.307970	0.631815	0.685536
2	111	0.711373	0.181206	0.570272	0.133429	-0.047482	0.222941	93	20	0	8.494188	0.837316	0.547386	0.667736	0.707986	0.775657	0.574808	0.958547	0.621552
2	112	0.703416	0.282513	0.515921	0.434707	0.668986	0.163382	74	17	0	7.921946	0.797386	0.372114	0.813743	0.567832	0.485487	0.877806	0.812781	0.900176
2	113	0.775237	0.153885	0.718719	-0.144202	0.138589	0.760928	175	33	0	6.860566	0.888631	0.500641	0.881575	0.815026	0.895366	0.466325	0.849503	0.904827
2	114	0.921173	0.049531	0.814774	0.586340	-0.427865	1.034330	146	32	0	8.565296	0.933852	0.917335	0.959830	0.906591	0.944275	0.965122	0.867623	0.874759
2	115	0.823515	0.255713	0.772977	1.118556	0.772507	1.515104	67	14	0	7.647759	0.969452	0.971216	0.981158	0.887187	0.565507	0.849343	0.618024	0.746232
2	116	0.830420	0.083166	0.698731	1.019920	-0.858724	1.114647	75	17	0	7.475717	0.771889	0.819035	0.911883	0.887027	0.856238	0.900577	0.842688	0.654025
2	117	0.696911	0.314966	0.765624	0.768514	0.797282	1.588443	59	12	0	7.485548	0.961273	0.955821	0.829217	0.757858	0.811498	0.275497	0.599743	0.384381
2	118	0.835512	0.135363	0.512577	0.456780	0.059176	-0.085748	132	27	0	7.125500	0.923348	0.605516	0.836915	0.662203	0.880131	0.875641	0.955981	0.944355
2	119	0.805615	0.209890	0.563216	1.123083	0.263225	0.509690	57	11	0	8.545262	0.915411	0.698124	0.901299	0.802197	0.685375	0.967207	0.658275	0.817030
2	120	0.780468	0.113354	0.578324	-0.090585	-0.365366	0.065648	148	34	0	7.548015	0.704939	0.823364	0.762749	0.794339	0.915170	0.723220	0.662043	0.857922
2	121	0.792545	0.182328	0.645526	0.719702	0.135145	0.751285	86	16	0	7.811742	0.940587	0.679602	0.903063	0.786722	0.746953	0.859686	0.457906	0.965843
2	122	0.266918	0.348060	0.336319	-0.999402	1.315495	-1.407591	69	12	0	7.873636	0.488855	0.011145	0.282713	0.142399	0.114256	0.000962	0.675914	0.419099
2	123	0.373436	0.233343	0.399100	-0.952359	0.307408	-0.799429	84	18	0	8.343041	0.398012	0.011145	0.282713	0.183130	0.484525	0.648412	0.511065	0.468489
2	124	0.945197	0.050794	0.891380	1.268634	-0.203296	1.744183	109	23	0	8.178687	0.988214	0.993826	0.990779	0.948284	0.992062	0.955019	0.916373	0.777021
2	125	0.971236	0.020165	0.804304	1.287579	-0.209498	1.045147	138	23	0	9.166589	0.989015	0.978111	0.996071	0.986129	0.973781	0.969772	0.919580	0.957425
2	126	0.893281	0.097579	0.709899	0.458307	0.096889	0.641007	155	32	0	7.746196	0.976026	0.917014	0.983403	0.818794	0.949888	0.690747	0.938182	0.872194
2	127	0.770496	0.389893	0.675857	0.651583	1.562428	0.890682	80	15	0	8.264747	0.984044	0.975706	0.998797	0.945237	0.806366	0.304121	0.548749	0.600946
2	128	0.823785	0.174972	0.613992	0.641199	0.246482	0.427359	94	18	0	8.587943	0.938983	0.952133	0.908515	0.744869	0.878608	0.730035	0.795061	0.642078
2	129	0.809062	0.135203	0.734228	0.676497	-0.217796	1.113024	98	17	0	7.806743	0.881976	0.744869	0.870189	0.918137	0.717126	0.788887	0.867944	0.683371
2	130	0.722508	0.289849	0.416659	0.030842	0.897189	-0.848520	95	20	0	9.927603	0.824006	0.854073	0.783114	0.875962	0.877405	0.571761	0.430244	0.563502
2	131	0.400216	0.336093	0.457654	0.116666	0.722081	0.368143	43	10	0	6.270192	0.593890	0.658355	0.087075	0.522611	0.311257	0.184493	0.266196	0.577854
2	132	0.745390	0.166974	0.602893	0.403682	-0.150804	0.441199	86	17	0	8.513010	0.821280	0.878207	0.853271	0.875321	0.877085	0.607761	0.307729	0.742463
2	133	0.755993	0.093048	0.644621	0.057229	-0.716729	0.537882	140	27	0	7.021327	0.827534	0.781751	0.759702	0.811177	0.959750	0.744949	0.509060	0.654025
2	134	0.589410	0.177498	0.385137	-0.026491	-0.365977	-0.925570	72	17	0	8.497531	0.643281	0.556607	0.465603	0.276299	0.648894	0.487332	0.946360	0.690908
2	135	0.738174	0.249339	0.655022	0.507386	0.510241	0.805540	81	17	0	7.855861	0.934012	0.620430	0.672947	0.879891	0.645366	0.438342	0.914208	0.800192
2	136	0.891006	0.057288	0.793973	0.451165	-0.521270	1.070140	165	31	0	7.400328	0.873557	0.825609	0.862492	0.833708	0.870750	0.997354	0.892880	0.971697
2	137	0.773432	0.112773	0.711537	0.406259	-0.583878	0.982129	103	22	0	7.436661	0.802518	0.829137	0.597739	0.789047	0.638390	0.906751	0.868425	0.755452
2	138	0.786893	0.122555	0.700151	1.066314	-0.727354	1.176200	50	12	0	8.637445	0.807809	0.790892	0.670141	0.752165	0.921504	0.970173	0.831783	0.550674
2	139	0.737662	0.109706	0.378138	0.760457	-0.891526	-0.805605	76	14	0	6.973380	0.659157	0.733563	0.639913	0.704458	0.656671	0.910680	0.858804	0.738053
2	140	0.801876	0.225204	0.541189	-0.036709	0.877543	-0.138273	162	33	0	7.395334	0.899294	0.650657	0.619468	0.704458	0.702774	0.961915	0.896809	0.979634
2	141	0.463689	0.517800	0.399100	-0.474907	1.890093	-0.738062	72	17	0	8.497531	0.651539	0.185375	0.516758	0.173188	0.146648	0.203175	0.986931	0.845895
2	142	0.895556	0.084710	0.727573	0.887647	-0.216434	0.968206	115	24	0	7.654090	0.974904	0.967207	0.948765	0.608724	0.994628	0.988614	0.735167	0.946440
2	143	0.974663	0.038606	0.963335	0.747914	0.577631	1.940955	248	49	0	7.294318	0.991260	0.961273	0.932409	0.980196	0.996713	0.997835	0.942832	0.994788
2	144	0.941359	0.046865	0.664609	0.521030	-0.059927	0.218999	189	39	0	8.231245	0.974743	0.910920	0.927437	0.968650	0.992543	0.953416	0.835231	0.967928
2	145	0.837326	0.172025	0.574750	0.020385	0.588336	-0.052727	169	36	0	7.616774	0.800112	0.743666	0.664208	0.829618	0.939304	0.980516	0.781831	0.959349
2	146	0.717688	0.062660	0.401448	0.354540	-1.493181	-0.704978	88	15	0	8.312556	0.765635	0.600385	0.635022	0.730436	0.715443	0.802999	0.736129	0.755452
2	147	0.444446	0.349062	0.536459	0.308796	0.693269	0.756917	35	8	0	7.392631	0.709990	0.689384	0.188663	0.237251	0.354394	0.606559	0.291854	0.477470
2	148	0.766938	0.273212	0.477366	0.444382	0.886222	-0.128117	99	22	0	7.173668	0.890555	0.936418	0.628448	0.640154	0.901780	0.946520	0.409798	0.781831
2	149	0.473972	0.357641	0.481330	-0.633619	1.090634	-0.205532	86	19	0	8.523230	0.424391	0.665330	0.632697	0.276299	0.159557	0.696520	0.294901	0.642078
2	150	0.924731	0.080220	0.789391	0.438379	0.216672	0.780662	170	32	0	9.111285	0.952614	0.837797	0.845654	0.952935	0.889593	0.994307	0.969772	0.955180
2	151	0.792876	0.104013	0.733792	0.670512	-0.651464	1.213568	103	17	0	7.051464	0.792415	0.617062	0.651860	0.793618	0.826251	0.945318	0.934654	0.781831
2	152	0.785269	0.260985	0.538440	1.578188	0.419192	0.742712	37	6	0	7.697556	0.676555	0.816148	0.835311	0.927919	0.598621	0.945318	0.914769	0.567511
2	153	0.635644	0.316208	0.336319	0.389875	0.746668	-1.428075	65	12	0	8.155590	0.621953	0.075609	0.796504	0.192511	0.769163	0.982280	0.713438	0.933691
2	154	0.722138	0.265194	0.487492	0.744578	0.501999	0.182660	64	14	0	7.421894	0.891677	0.484124	0.675754	0.687219	0.465443	0.977790	0.897130	0.697963
2	155	0.837055	0.087476	0.485075	0.894715	-0.750069	-0.187603	79	13	0	9.636219	0.773012	0.814064	0.641517	0.847739	0.864256	0.966405	0.901620	0.887829
2	156	0.618004	0.472839	0.378138	0.635361	1.515577	-0.667468	54	10	0	7.316490	0.302919	0.868666	0.368987	0.789047	0.297386	0.810856	0.877486	0.628688
2	157	0.707986	0.342527	0.602492	0.984463	0.918947	0.928533	52	10	0	7.289988	0.787123	0.524936	0.897611	0.965603	0.517078	0.830180	0.854795	0.286562
2	158	0.970885	0.017920	0.856353	1.384581	-0.343376	1.391771	118	27	0	8.514260	0.976668	0.972338	0.947482	0.973781	0.986450	0.987893	0.983242	0.939224
2	159	0.887749	0.131996	0.723724	0.856252	0.272781	0.926581	112	21	0	8.057974	0.962075	0.921344	0.801636	0.750241	0.983242	0.884381	0.960792	0.838278
2	160	0.543908	0.282553	0.450953	0.023026	0.446916	-0.179589	69	12	0	8.232635	0.739336	0.516357	0.659237	0.426475	0.408435	0.734766	0.172226	0.694436
2	161	0.563602	0.214340	0.716851	0.089594	-0.060004	1.255026	76	13	0	7.498205	0.745590	0.882858	0.402261	0.619548	0.448204	0.352229	0.597899	0.460231
2	162	0.398563	0.198204	0.667335	-0.304069	-0.278789	1.023840	47	10	0	9.087551	0.629570	0.176956	0.402261	0.383339	0.258419	0.352229	0.724022	0.261706
2	163	0.739316	0.190146	0.493746	1.351189	-0.239944	0.622200	45	10	0	6.053800	0.761546	0.647771	0.533595	0.738855	0.846456	0.933932	0.827453	0.624920
2	164	0.974583	0.041974	0.988168	0.689425	0.602513	2.138642	229	43	0	8.523883	0.956302	0.991421	0.913326	0.951972	0.998156	0.998156	0.996873	0.990459
2	165	0.940868	0.064324	0.790708	0.849445	0.158439	1.060756	157	33	0	7.404860	0.939144	0.895045	0.874759	0.923028	0.988053	0.996552	0.932569	0.977790
2	166	0.772360	0.202433	0.639467	0.774871	0.146158	0.705678	68	12	0	9.132050	0.913647	0.527903	0.874759	0.711353	0.829618	0.918698	0.808772	0.594131
2	167	0.763290	0.105496	0.633098	0.027424	-0.621103	0.334545	122	25	0	8.546097	0.922947	0.749840	0.599904	0.731078	0.853031	0.709589	0.816389	0.723541
2	168	0.827393	0.139132	0.724251	0.693847	-0.121635	0.966953	86	18	0	8.927498	0.761225	0.850866	0.864256	0.724984	0.927437	0.879250	0.954057	0.657072
2	169	0.623527	0.154105	0.633052	0.600852	-0.683936	1.049419	60	11	0	6.960704	0.623637	0.564464	0.293297	0.601748	0.584910	0.974423	0.892319	0.453416
2	170	0.798679	0.147029	0.868677	0.420703	-0.059073	1.686127	112	23	0	7.552646	0.863294	0.941549	0.591645	0.863133	0.957264	0.619227	0.778624	0.774695
2	171	0.845053	0.071741	0.795370	0.431349	-0.962140	0.880853	85	19	1	9.974525	0.949727	0.721937	0.628849	0.886466	0.932409	0.892239	0.866742	0.882056
2	172	0.662845	0.295722	0.440919	0.388579	0.692578	-0.226587	76	15	0	7.435654	0.531190	0.469131	0.635022	0.755292	0.446199	0.834028	0.806847	0.825048
2	173	0.962606	0.036522	0.868379	1.193544	-0.124603	1.402455	121	27	0	9.098530	0.951010	0.997835	0.927117	0.958547	0.989496	0.970815	0.978913	0.927117
2	174	0.808220	0.086454	0.707436	-0.023663	-0.564342	0.567559	152	30	0	8.378007	0.785199	0.789689	0.805404	0.824407	0.866180	0.554682	0.938663	0.901539
2	175	0.663065	0.225225	0.636832	0.399609	0.109677	0.769591	73	12	0	8.290877	0.815026	0.641437	0.579699	0.557088	0.549551	0.554682	0.770606	0.836434
2	176	0.693373	0.087837	0.961056	0.515012	-1.243187	2.691793	73	15	0	7.590680	0.745991	0.512909	0.549792	0.672787	0.711674	0.934894	0.724503	0.694436
2	177	0.987612	0.014031	0.891391	0.637437	0.775639	0.996242	324	55	0	8.736401	0.993024	0.970574	0.971536	0.985648	0.987733	0.998316	0.998637	0.995430
2	178	0.983633	0.008559	0.918217	0.917343	0.126088	1.523005	208	42	0	8.920078	0.989657	0.991902	0.956944	0.983884	0.995269	0.974984	0.987572	0.988855
2	179	0.678269	0.230797	0.666292	0.745518	0.024502	1.021942	47	9	0	9.238503	0.743265	0.788647	0.581703	0.583948	0.545863	0.974984	0.848220	0.359525
2	180	0.947001	0.032954	0.918171	1.454683	-0.617029	2.089348	94	17	0	8.913653	0.967367	0.989817	0.954298	0.940266	0.980516	0.930003	0.946199	0.867543
2	181	0.637037	0.133439	0.563216	0.318000	-0.812987	0.469519	68	14	0	8.026411	0.770526	0.698525	0.380372	0.591164	0.637829	0.765795	0.554121	0.697963
2	182	0.823625	0.098420	0.671779	0.851716	-0.692852	0.826430	72	17	0	8.768777	0.948124	0.899375	0.814945	0.900818	0.602389	0.836915	0.809413	0.777021
2	183	0.880643	0.050172	0.834108	1.286145	-1.112419	1.706739	75	15	0	7.869917	0.879650	0.927117	0.979233	0.889272	0.953095	0.884702	0.924551	0.607521
2	184	0.974242	0.021789	0.974915	0.948587	0.012518	2.054020	164	37	0	8.934953	0.991902	0.994628	0.979073	0.971376	0.995109	0.904266	0.988534	0.969051
2	185	0.983263	0.016838	0.903258	0.794345	0.436374	1.299873	234	47	0	8.758841	0.994147	0.997514	0.980677	0.997354	0.992704	0.947803	0.978271	0.977630
2	186	0.917846	0.078716	0.793675	1.135008	-0.178127	1.251779	97	19	0	8.632375	0.933050	0.974583	0.972017	0.965443	0.841405	0.904025	0.950369	0.801876
2	187	0.994508	0.006254	0.895858	0.791710	1.507997	0.875845	366	73	0	9.218947	0.999118	0.998958	0.997514	0.992864	0.982922	0.989336	0.997996	0.997354
2	188	0.889442	0.092126	0.690003	0.931481	-0.213629	0.733482	103	17	0	8.966250	0.886867	0.934333	0.752566	0.921825	0.981960	0.955581	0.942030	0.740378
2	189	0.956412	0.028624	0.705546	0.841467	-0.273187	0.463272	156	32	0	8.911000	0.947643	0.972819	0.885824	0.943313	0.982441	0.968650	0.975545	0.975064
2	190	0.838619	0.124419	0.660359	1.168101	-0.349400	0.985044	73	14	0	7.451415	0.795863	0.933050	0.869548	0.905308	0.781591	0.744949	0.903945	0.774695
2	191	0.884401	0.075810	0.734571	0.280969	-0.267440	0.611123	162	29	0	8.885768	0.871232	0.908836	0.845975	0.832344	0.969612	0.794580	0.942191	0.910439
2	192	0.254650	0.154707	0.336319	-0.268856	-0.485723	-0.912799	29	6	0	7.218688	0.266597	0.152742	0.226748	0.170702	0.175994	0.326331	0.338518	0.379570
2	193	0.763360	0.111369	0.463026	0.683392	-0.764466	-0.104886	81	16	0	7.478943	0.875962	0.635183	0.867463	0.882858	0.880292	0.326331	0.829618	0.809173
2	194	0.873797	0.124900	0.675147	0.551611	0.159699	0.549626	132	24	0	8.334294	0.941228	0.976668	0.824647	0.815507	0.796905	0.855035	0.822242	0.958146
2	195	0.925694	0.038546	0.792633	1.532228	-0.869158	1.490767	83	16	0	7.692496	0.973781	0.956302	0.942511	0.958708	0.952453	0.855035	0.939464	0.827293
2	196	0.998316	0.001203	0.916052	1.102191	2.067421	1.018121	378	81	0	9.410990	0.998958	0.999759	0.996713	0.998958	0.998637	0.995590	0.998316	0.999599
2	197	0.981940	0.015996	0.984949	1.108680	0.173675	2.180497	158	34	0	9.724823	0.999920	0.984205	0.994788	0.981960	0.976988	0.988374	0.964320	0.964962
2	198	0.965673	0.036402	0.884942	1.213950	-0.006899	1.546065	139	28	0	8.128602	0.993826	0.993185	0.985487	0.978752	0.964480	0.926956	0.959028	0.923669
2	199	0.846596	0.126964	0.705741	1.229137	-0.327769	1.158913	62	13	0	8.241238	0.970093	0.935455	0.858643	0.929682	0.756174	0.820157	0.828175	0.674391
2	200	0.814685	0.082144	0.698742	0.371799	-0.720902	0.783462	122	25	0	7.667171	0.930324	0.796584	0.830420	0.848701	0.941709	0.509541	0.797627	0.862572
2	201	0.730336	0.103492	0.576113	0.754490	-1.012167	0.653717	70	14	0	7.192493	0.830420	0.834910	0.889112	0.953576	0.156350	0.509541	0.828656	0.840122
2	202	0.611790	0.193694	0.583639	0.585917	-0.402757	0.699111	44	9	0	8.841699	0.685936	0.855436	0.460552	0.550112	0.706142	0.509541	0.666373	0.460231
2	203	0.946580	0.073224	0.706795	1.068040	0.311879	0.732065	135	29	0	7.738868	0.993666	0.993987	0.912684	0.961033	0.947963	0.897771	0.887187	0.978352
2	204	0.863705	0.042515	0.730379	0.987878	-1.327366	1.063725	81	17	0	8.672926	0.932890	0.884301	0.896167	0.884622	0.856559	0.810295	0.871392	0.773412
2	205	0.749218	0.157312	0.718593	0.504048	-0.306867	0.997478	74	15	0	9.324404	0.909958	0.855276	0.668217	0.722097	0.897931	0.769003	0.743906	0.427357
2	206	0.689254	0.137187	0.865252	0.521043	-0.693057	1.899237	67	14	0	8.078840	0.653384	0.741341	0.524856	0.626764	0.755372	0.550353	0.940667	0.721296
2	207	0.821741	0.126483	0.749977	1.183192	-0.472144	1.420834	61	12	0	8.018835	0.908194	0.871953	0.848380	0.990779	0.820799	0.634622	0.898252	0.600946
2	208	0.850305	0.084108	0.760400	0.846452	-0.692175	1.150020	84	17	0	8.968785	0.921825	0.844131	0.828335	0.881895	0.966725	0.700449	0.889673	0.769403
2	209	0.608914	0.133679	0.521328	0.400582	-0.894451	0.366437	60	12	0	7.752400	0.655789	0.566790	0.415731	0.573845	0.752165	0.484445	0.809012	0.613534
2	210	0.897059	0.114677	0.654128	1.162246	0.048237	0.716810	90	18	0	7.986641	0.960953	0.859766	0.879811	0.874198	0.985969	0.989657	0.795301	0.830821
2	211	0.765034	0.190567	0.648286	0.433730	0.175260	0.709372	95	21	0	7.472057	0.762909	0.797547	0.563983	0.624198	0.978752	0.665250	0.900337	0.827293
2	212	0.857431	0.125060	0.621254	0.675038	-0.005262	0.444992	116	22	0	7.792014	0.682168	0.853432	0.731639	0.951171	0.967688	0.924391	0.918137	0.830821
2	213	0.965924	0.035139	0.999599	0.489878	0.298531	2.677722	268	52	0	7.424410	0.971216	0.931767	0.923669	0.955741	0.998797	0.968970	0.996071	0.981158
2	214	0.899274	0.081964	0.671882	0.449174	-0.032270	0.420136	160	32	0	7.950849	0.856398	0.904185	0.837797	0.860327	0.934012	0.963198	0.967848	0.870430
2	215	0.798318	0.145787	0.621632	0.228537	-0.009833	0.344130	129	24	0	8.047247	0.864416	0.787203	0.574808	0.665170	0.775337	0.921584	0.888149	0.909878
2	216	0.878959	0.085752	0.738729	0.577270	-0.292340	0.869659	123	28	0	8.152498	0.846456	0.861690	0.700289	0.898412	0.966405	0.940266	0.953736	0.864416
2	217	0.988815	0.009421	0.860957	0.729004	0.796754	0.807980	317	64	0	8.421493	0.988695	0.988053	0.976507	0.977149	0.998316	0.990779	0.997033	0.993987
2	218	0.735207	0.192191	0.504914	0.493570	0.061839	0.125605	89	17	0	7.293202	0.789448	0.761786	0.820799	0.522611	0.578335	0.975866	0.804121	0.628688
2	219	0.984175	0.010604	0.880326	1.367158	0.097817	1.380454	156	30	0	8.556069	0.989336	0.989015	0.934654	0.995430	0.999278	0.985808	0.996713	0.983162
2	220	0.943072	0.050513	0.693680	0.812399	-0.065012	0.527470	155	32	0	7.985646	0.971857	0.951331	0.865619	0.909638	0.978432	0.957104	0.927437	0.983162
2	221	0.963719	0.048990	0.846032	0.567528	0.467005	0.970964	232	45	0	8.126665	0.955821	0.994949	0.934333	0.934573	0.973300	0.938903	0.993185	0.984686
2	222	0.976578	0.022310	0.890990	1.119303	0.117381	1.371136	156	31	0	9.211643	0.996392	0.990459	0.969612	0.988695	0.987412	0.958467	0.980516	0.941068
2	223	0.944436	0.077433	0.777341	1.394680	0.193219	1.194847	102	19	0	8.199410	0.971697	0.967768	0.997033	0.982601	0.968810	0.879971	0.887428	0.900176
2	224	0.894454	0.059233	0.713003	1.395212	-0.803141	1.191741	81	15	0	7.395486	0.937861	0.850305	0.888951	0.842447	0.965443	0.876443	0.921985	0.872194
2	225	0.822673	0.226187	0.820466	0.895887	0.608974	1.571042	80	15	0	8.161688	0.991421	0.927758	0.942030	0.954699	0.938823	0.506414	0.777903	0.542335
2	226	0.850485	0.136245	0.765669	1.033090	-0.151950	1.243861	68	14	0	9.543003	0.993505	0.985487	0.792656	0.942832	0.825449	0.851427	0.849022	0.563502
2	227	0.733473	0.280649	0.701972	1.265919	0.430001	1.425717	35	7	0	8.320674	0.994628	0.805164	0.912203	0.425353	0.776620	0.649936	0.866020	0.437861
2	228	0.992062	0.004290	0.963598	1.263413	0.711540	1.850877	226	45	0	8.339290	0.997675	0.993666	0.969933	0.992062	0.999439	0.995750	0.995911	0.992062
2	229	0.990970	0.007898	0.819149	1.053645	0.862486	0.716487	248	51	0	8.553230	0.998316	0.998797	0.997675	0.989978	0.995750	0.966004	0.991421	0.989817
2	230	0.964811	0.037985	0.767078	1.034159	0.056654	0.836654	147	32	0	8.477255	0.946199	0.985808	0.992062	0.949968	0.990619	0.961594	0.937380	0.954859
2	231	0.942591	0.049030	0.730207	0.185941	0.133921	0.356951	257	50	0	8.102837	0.957264	0.914609	0.906110	0.892800	0.955661	0.974262	0.952935	0.987091
2	232	0.908545	0.083226	0.756827	0.260438	0.117698	0.655678	185	36	0	8.444285	0.981318	0.859606	0.876924	0.910920	0.906110	0.801956	0.984205	0.947322
2	233	0.987692	0.010463	0.903269	0.361325	0.807261	0.937901	369	73	0	9.365738	0.997835	0.994788	0.957585	0.985327	0.997835	0.984365	0.990138	0.993666
2	234	0.960932	0.039047	0.797134	0.971284	-0.024594	0.919419	150	27	0	9.272020	0.992864	0.994147	0.964160	0.984525	0.993024	0.858483	0.977309	0.922947
2	235	0.968800	0.036341	0.900921	0.450133	0.370913	1.249160	254	51	0	8.355946	0.993345	0.986931	0.929442	0.959509	0.984686	0.918297	0.985648	0.992543
2	236	0.935425	0.055384	0.874530	0.734773	-0.162686	1.308635	139	27	0	9.920207	0.996232	0.982601	0.896408	0.982761	0.982280	0.750241	0.955340	0.937540
2	237	0.928319	0.056807	0.841714	0.324377	-0.064325	0.912999	180	38	0	9.580409	0.992062	0.960151	0.944596	0.941389	0.842126	0.860247	0.919740	0.966244
2	238	0.897490	0.099603	0.914219	1.757854	-0.370847	2.419151	51	8	0	9.096704	0.999278	0.995269	0.996392	0.980516	0.955821	0.564304	0.972017	0.716325
2	239	0.858814	0.092928	0.482406	1.193083	-0.538287	0.082525	81	16	0	7.118188	0.976828	0.922146	0.935936	0.840763	0.632377	0.808371	0.898974	0.855115
2	240	0.918608	0.057168	0.830924	0.607871	-0.322845	1.113006	146	29	0	8.870565	0.969772	0.904987	0.941068	0.890715	0.910279	0.802999	0.954859	0.974182
2	241	0.611530	0.230236	0.747366	0.683574	-0.123977	1.511495	41	7	0	9.017064	0.829137	0.777021	0.633419	0.644804	0.458387	0.471777	0.672547	0.405148
2	242	0.262488	0.332525	0.336319	-0.333597	1.001835	-0.950339	37	7	0	6.933702	0.273733	0.079298	0.242543	0.062540	0.048108	0.374359	0.507457	0.511867
2	243	0.921234	0.064685	0.791315	0.759078	-0.192950	1.075212	137	30	0	7.946356	0.980356	0.975866	0.901058	0.971857	0.961594	0.675994	0.987091	0.916052
2	244	0.513330	0.219852	0.436440	0.539506	-0.230336	0.182996	46	9	0	6.347161	0.770927	0.538165	0.677758	0.479955	0.291613	0.587877	0.400818	0.359525
2	245	0.928019	0.067311	0.651287	1.328930	-0.262112	0.593849	86	17	0	9.131071	0.961754	0.971857	0.917816	0.925593	0.885343	0.898974	0.971857	0.890956
2	246	0.935856	0.080581	0.669042	0.081542	0.598896	0.087948	278	58	0	7.498753	0.984365	0.860728	0.846937	0.975064	0.969933	0.951972	0.908836	0.989015
2	247	0.890866	0.080360	0.821841	0.035412	-0.008300	0.960444	215	47	0	7.578225	0.948445	0.873477	0.708066	0.938342	0.909317	0.939545	0.825208	0.984525
2	248	0.828536	0.080340	0.787719	0.180379	-0.594995	1.051838	145	31	0	7.696002	0.995590	0.915731	0.883820	0.975706	0.890314	0.312219	0.750080	0.904827
2	249	0.941990	0.030308	0.740619	-0.099204	-0.169742	0.198388	307	64	0	8.890675	0.980837	0.967046	0.766597	0.943794	0.946360	0.959670	0.974423	0.997194
2	250	0.512889	0.410319	0.415834	-0.459147	1.390010	-0.683297	91	15	0	8.931713	0.440507	0.488614	0.871953	0.414609	0.116501	0.217607	0.778624	0.774695
2	251	0.819927	0.086053	0.671000	0.196270	-0.543130	0.552157	150	28	0	7.528303	0.982922	0.963358	0.003127	0.996552	0.958708	0.900577	0.827053	0.927117
2	252	0.461644	0.495891	0.399100	0.162216	1.592734	-0.267849	51	10	0	6.968780	0.622675	0.228352	0.365298	0.095334	0.165491	0.969291	0.966084	0.280629
2	253	0.932028	0.069235	0.934768	0.029562	0.371507	1.619913	271	58	0	7.778685	0.801555	0.952614	0.821600	0.940427	0.991742	0.976026	0.974583	0.997675
2	254	0.800283	0.118766	0.513734	0.334260	-0.376122	-0.157359	110	23	0	8.392747	0.857360	0.867944	0.596216	0.668297	0.900337	0.778384	0.874679	0.859044
2	255	0.992082	0.003728	0.905823	0.700688	0.667115	0.818064	254	58	2	8.642040	0.996071	0.990298	0.997354	0.990298	0.990298	0.993024	0.985969	0.993345
2	256	0.947943	0.026439	0.890223	0.742805	-0.649960	1.198523	131	27	1	9.014568	0.983403	0.937861	0.968329	0.922707	0.957906	0.942832	0.956623	0.913887
2	257	0.759722	0.163667	0.585517	-0.064889	0.098139	0.137312	147	27	0	7.691976	0.896809	0.606238	0.718730	0.866421	0.564785	0.844131	0.730436	0.850225
2	258	0.948815	0.030649	0.720586	0.556188	-0.213839	0.549806	215	45	0	7.296789	0.944355	0.960632	0.908996	0.949326	0.900016	0.982761	0.959189	0.985247
2	259	0.968780	0.029546	0.975339	-0.168679	0.263092	1.348561	329	74	1	8.842864	0.998477	0.987412	0.881815	0.997194	0.936738	0.974583	0.980196	0.993826
2	260	0.936097	0.065948	0.866638	0.432259	0.234061	1.192171	194	43	0	7.957435	0.986770	0.966725	0.906911	0.988534	0.821600	0.902421	0.966244	0.949567
2	261	0.855556	0.089761	0.748809	0.425411	-0.381563	0.858128	124	26	0	8.681544	0.888951	0.936979	0.934012	0.760985	0.558371	0.959830	0.872996	0.932328
2	262	0.730807	0.325690	0.459750	-0.062395	1.258353	-0.554993	117	25	0	8.500487	0.835872	0.889913	0.547065	0.869708	0.536883	0.468008	0.871713	0.827293
2	263	0.738835	0.237131	0.454137	0.796523	0.286437	-0.123186	58	13	0	8.237620	0.472178	0.811658	0.818874	0.629089	0.947001	0.925513	0.760022	0.546344
2	264	0.918046	0.065687	0.629834	-0.112452	-0.057179	-0.393764	218	42	1	8.562410	0.951652	0.908515	0.787284	0.962396	0.848300	0.958066	0.972819	0.955340
2	265	0.902612	0.064605	0.664334	0.233129	-0.395032	-0.002711	151	28	1	9.066991	0.959670	0.945879	0.747354	0.891437	0.864577	0.973300	0.909317	0.929362
2	266	0.886806	0.069656	0.664128	0.047161	-0.263124	0.119838	184	36	0	9.263650	0.979554	0.899054	0.849824	0.884140	0.661001	0.940908	0.921825	0.958146
2	267	0.910530	0.084890	0.746002	0.170940	0.013872	0.335979	158	32	1	8.930887	0.978432	0.983724	0.951010	0.987091	0.924230	0.672627	0.896167	0.890956
2	268	0.826080	0.126523	0.440919	0.879015	-0.314836	-0.380299	84	15	0	8.146537	0.906751	0.767399	0.754731	0.880372	0.709028	0.948605	0.879410	0.762348
2	269	0.823835	0.056727	0.651883	0.833412	-1.275122	0.772052	84	18	0	7.758926	0.859124	0.804602	0.832344	0.814865	0.935455	0.898733	0.827854	0.617704
2	270	0.668708	0.107220	0.447918	0.394081	-1.058481	-0.183073	73	16	0	7.552229	0.650577	0.610969	0.373797	0.692591	0.727470	0.664288	0.820799	0.809173
2	271	0.862362	0.087215	0.574819	0.624224	-0.418622	0.143611	114	23	0	8.353782	0.869548	0.960471	0.895847	0.916052	0.863294	0.790411	0.821440	0.781831
2	272	0.869768	0.089340	0.616066	0.361856	-0.217120	0.221722	147	32	0	7.727267	0.817271	0.912043	0.848861	0.837877	0.953576	0.729474	0.952133	0.906911
2	273	0.943714	0.047446	0.811830	0.406577	-0.154257	0.587686	165	31	1	9.249989	0.967207	0.980196	0.951491	0.974583	0.888951	0.866421	0.979394	0.941469
2	274	0.729484	0.239396	0.400245	0.214611	0.487195	-0.894342	95	17	0	8.998449	0.731799	0.633419	0.804522	0.867784	0.358483	0.626844	0.881334	0.931687
2	275	0.984275	0.014352	0.926177	0.520922	0.419020	1.186109	240	50	1	9.019668	0.941389	0.995109	0.980997	0.990940	0.997514	0.980196	0.995269	0.992784
2	276	0.691870	0.268261	0.531018	0.626044	0.433457	0.316567	57	12	0	8.646327	0.945398	0.539769	0.956302	0.524695	0.732521	0.701411	0.377646	0.757216
2	277	0.349763	0.207244	0.336319	-1.163512	0.216244	-1.676922	105	19	0	7.822758	0.472418	0.196681	0.370911	0.231318	0.054041	0.321841	0.415731	0.735167
2	278	0.621001	0.180825	0.501936	0.328390	-0.356005	0.208605	67	14	0	7.646856	0.740459	0.674551	0.713919	0.891838	0.418137	0.321841	0.627004	0.580260
2	279	0.708297	0.258639	0.504868	0.199793	0.578030	-0.076579	90	18	0	8.508281	0.865218	0.980356	0.850946	0.771648	0.492623	0.321841	0.630292	0.753448
2	280	0.768081	0.264252	0.687162	0.760816	0.659488	1.040364	69	16	0	7.912931	0.963037	0.949086	0.966084	0.966565	0.570799	0.223541	0.763069	0.742463
2	281	0.750331	0.117764	0.676155	0.717002	-0.777766	1.034705	70	16	0	7.604497	0.833627	0.768682	0.787043	0.725946	0.110006	0.996071	0.920382	0.860888
2	282	0.880362	0.017399	0.903017	-1.284028	-0.832051	0.740360	711	145	0	8.338730	0.998156	0.999118	0.943954	0.994147	0.110006	0.998637	0.998958	0.999920
2	283	0.938703	0.065467	0.748248	0.559712	0.226631	0.641066	179	37	0	8.278828	0.920382	0.994468	0.820959	0.894885	0.989817	0.940427	0.976026	0.972659
2	284	0.863745	0.095193	0.777364	0.507103	-0.215725	1.123953	136	31	0	7.111340	0.981799	0.947162	0.985006	0.986289	0.867864	0.334990	0.893922	0.912925
2	285	0.838629	0.123877	0.671768	0.320435	-0.002617	0.621664	150	30	0	7.033192	0.904666	0.963999	0.967046	0.900016	0.850465	0.334990	0.812139	0.975706
2	286	0.970805	0.022270	0.764845	0.391159	0.136948	0.411500	256	55	0	8.711267	0.983724	0.953897	0.918938	0.966405	0.990779	0.991260	0.977630	0.983804
3	1	0.563131	0.746793	0.624175	2.924226	1.954428	2.520039	3	1	0	0.000000	0.177999	0.923589	0.987572	0.920622	0.164288	0.405067	0.896648	0.029266
3	2	0.495710	0.453857	0.601278	0.820187	1.172181	1.370555	30	7	0	5.647620	0.961434	0.934654	0.381254	0.115298	0.211273	0.405067	0.660359	0.296344
3	3	0.794039	0.162785	0.753379	1.131103	-0.199748	1.508929	63	11	0	7.596500	0.733724	0.833307	0.532633	0.852710	0.808210	0.989496	0.948204	0.654025
3	4	0.644303	0.137207	0.548509	0.008014	-0.608268	0.250821	95	20	0	7.489727	0.802999	0.244548	0.631976	0.472819	0.702774	0.704859	0.940427	0.654025
3	5	0.235959	0.234826	0.336319	-0.749666	0.480163	-1.109627	47	11	0	7.007402	0.346937	0.187139	0.071119	0.087155	0.128047	0.428319	0.369788	0.269163
3	6	0.723621	0.212576	0.550754	0.686254	0.079278	0.444176	64	14	0	7.875286	0.798108	0.802999	0.538005	0.892479	0.672547	0.632136	0.897931	0.554763
3	7	0.994207	0.006695	0.990023	1.279488	1.207653	2.220917	250	50	0	8.254778	0.997033	0.990138	0.990298	0.992543	0.999118	0.994788	0.998797	0.990940
3	8	0.794590	0.175573	0.426956	0.732363	0.007860	-0.529982	70	16	0	9.104055	0.972338	0.837636	0.911081	0.868345	0.741260	0.525657	0.878849	0.621552
3	9	0.456462	0.307148	0.460162	-0.197812	0.621005	-0.004700	61	14	0	7.559117	0.523012	0.266918	0.254891	0.358082	0.249759	0.860969	0.715202	0.422867
3	10	0.657814	0.264192	0.414277	0.153984	0.494051	-0.576810	83	17	0	8.123607	0.404426	0.627646	0.832104	0.379009	0.813262	0.813903	0.794660	0.597498
3	11	0.683130	0.137588	0.640498	0.289589	-0.601890	0.709316	85	16	0	7.950715	0.811818	0.762107	0.654987	0.707986	0.582826	0.382457	0.894724	0.668137
3	12	0.686889	0.159998	0.522152	0.706112	-0.557768	0.298666	53	10	0	8.882662	0.819195	0.554201	0.621151	0.898252	0.542415	0.645606	0.746151	0.668137
3	13	0.841515	0.062781	0.713117	0.126247	-0.767864	0.609510	150	32	0	8.196231	0.990459	0.925032	0.901459	0.946761	0.147611	0.888149	0.977149	0.955500
3	14	0.932429	0.085111	0.871186	0.667610	0.333554	1.248253	152	26	0	9.912170	0.982601	0.986289	0.954298	0.907793	0.963999	0.870269	0.990940	0.803239
3	15	0.749549	0.254991	0.535405	-0.063129	0.830109	-0.097288	136	27	0	7.851876	0.842688	0.566389	0.637749	0.769965	0.518201	0.870269	0.902341	0.888791
3	16	0.352700	0.277562	0.420553	-0.422434	0.522626	-0.159810	60	11	0	7.136696	0.519965	0.224904	0.313182	0.440747	0.097338	0.220734	0.504250	0.500481
3	17	0.764833	0.054041	0.641654	1.051201	-1.751765	0.872402	59	6	0	9.224529	0.789128	0.895205	0.780629	0.859445	0.504330	0.788887	0.754811	0.746232
3	18	0.881725	0.094311	0.604818	1.166126	-0.315444	0.639120	91	19	0	6.953543	0.919660	0.927437	0.853271	0.893842	0.794500	0.996873	0.949246	0.718970
3	19	0.899575	0.105456	0.972556	0.772113	0.157024	2.437349	136	28	0	7.245851	0.921183	0.763470	0.773573	0.950850	0.997194	0.881013	0.923428	0.985888
3	20	0.872985	0.113474	0.616295	0.413119	0.101018	0.257630	155	30	0	7.461365	0.807649	0.733323	0.851908	0.841325	0.971857	0.881013	0.952453	0.944355
3	21	0.808391	0.162885	0.528258	0.591608	0.096645	0.085119	105	18	0	7.830962	0.856559	0.942992	0.807168	0.883018	0.725305	0.735407	0.934012	0.582665
3	22	0.320137	0.186899	0.397336	-0.750574	-0.133762	-0.653866	60	11	0	8.645377	0.500641	0.074166	0.003127	0.280548	0.387588	0.328496	0.635343	0.351187
3	23	0.747154	0.143542	0.680713	0.323137	-0.318307	0.831898	100	20	0	7.660816	0.883499	0.792094	0.193473	0.926155	0.800914	0.626203	0.927598	0.827293
3	24	0.445688	0.390856	0.336319	-0.569251	1.271543	-1.583450	81	16	0	8.215823	0.667976	0.203817	0.193473	0.312460	0.321681	0.454618	0.710792	0.700690
3	25	0.448535	0.204899	0.400245	-0.428653	-0.142671	-0.654516	67	15	0	8.452578	0.691629	0.327534	0.433451	0.446280	0.127325	0.321841	0.762749	0.477470
3	26	0.900036	0.061077	0.818084	0.848017	-0.492216	1.335914	120	27	0	7.550935	0.922787	0.944917	0.803079	0.935135	0.801876	0.960712	0.930805	0.900978
3	27	0.785339	0.203636	0.466542	0.216618	0.431572	-0.476271	110	23	0	8.790303	0.958387	0.696039	0.691469	0.923428	0.581703	0.736209	0.890234	0.805244
3	28	0.889893	0.100485	0.648057	0.602607	0.051730	0.469516	145	30	0	7.262237	0.882858	0.784718	0.816068	0.934092	0.984044	0.855997	0.983724	0.877646
3	29	0.576511	0.260002	0.399100	-0.313031	0.486130	-0.759586	104	24	0	7.086374	0.508579	0.238294	0.565827	0.629089	0.338037	0.855997	0.762508	0.713759
3	30	0.771618	0.121913	0.704790	0.043704	-0.373746	0.700310	125	28	0	8.160099	0.810696	0.689064	0.595334	0.765876	0.713919	0.937219	0.828817	0.832024
3	31	0.828686	0.071681	0.630005	1.140243	-1.053255	0.891948	77	15	0	6.807071	0.804602	0.853191	0.717126	0.803319	0.934974	0.788085	0.803239	0.924952
3	32	0.590593	0.336774	0.483517	0.532448	0.778357	0.373879	59	12	0	6.460914	0.455019	0.335311	0.537604	0.853271	0.314144	0.759381	0.769323	0.700690
3	33	0.700900	0.209650	0.611083	0.755109	-0.028374	0.832367	60	12	0	7.584399	0.604153	0.872915	0.609846	0.799792	0.795221	0.944596	0.758178	0.222498
3	34	0.472087	0.167736	0.597693	0.392975	-0.753737	1.031653	35	8	0	7.508348	0.491661	0.347418	0.367944	0.609445	0.201171	0.815106	0.439705	0.504250
3	35	0.685606	0.360347	0.689762	0.185975	1.231312	0.886034	85	19	0	8.166862	0.895686	0.858804	0.491421	0.887668	0.225225	0.510423	0.761947	0.853672
3	36	0.855156	0.076712	0.628413	0.372974	-0.543226	0.234571	134	25	0	8.817571	0.968169	0.839320	0.875962	0.878608	0.809734	0.624679	0.949888	0.894885
3	37	0.916032	0.079217	0.827098	0.356119	0.127456	1.025189	180	39	0	8.031172	0.982761	0.911402	0.884942	0.973300	0.837636	0.861851	0.953416	0.922947
3	38	0.568934	0.466325	0.443439	-0.057778	1.595259	-0.327796	70	17	0	8.277124	0.846616	0.833467	0.406831	0.632617	0.261225	0.162524	0.893281	0.514913
3	39	0.897871	0.078456	0.898034	0.885246	-0.298639	1.779845	111	20	0	8.680705	0.982120	0.954538	0.934894	0.977389	0.868586	0.578897	0.977470	0.909076
3	40	0.641226	0.283415	0.650268	0.113270	0.614471	0.754683	81	18	0	7.928334	0.800754	0.754169	0.296905	0.828015	0.442431	0.551395	0.845975	0.610167
3	41	0.726397	0.289468	0.660955	-0.149779	0.842435	0.301865	103	22	1	8.299576	0.943313	0.885423	0.424872	0.827614	0.338037	0.660520	0.908034	0.823364
3	42	0.742453	0.246793	0.631815	0.669869	0.440207	0.735736	72	13	0	8.275782	0.953255	0.888631	0.865378	0.885824	0.241581	0.697482	0.910600	0.496873
3	43	0.527431	0.327013	0.675570	0.221212	0.607409	1.040981	44	8	0	10.096413	0.749439	0.450289	0.720574	0.700369	0.298188	0.241822	0.653624	0.405148
3	44	0.716725	0.142399	0.545187	-0.010930	-0.378331	-0.041351	102	21	0	9.266757	0.907713	0.925914	0.752967	0.564705	0.246232	0.754330	0.828496	0.753448
3	45	0.796003	0.114176	0.854268	0.436124	-0.457354	1.580985	111	21	0	7.692935	0.889753	0.856158	0.663807	0.786001	0.686097	0.814304	0.900096	0.771809
3	46	0.678440	0.235487	0.604153	0.852609	0.004819	0.738942	39	7	0	10.282005	0.855196	0.847418	0.572001	0.742303	0.378287	0.615138	0.819676	0.597498
3	47	0.625030	0.162925	0.547856	-0.135666	-0.317099	0.261552	105	25	0	6.816174	0.606078	0.705821	0.585712	0.464080	0.301956	0.703416	0.877726	0.755452
3	48	0.486730	0.370370	0.548039	0.620567	0.783519	0.917430	39	5	0	7.018800	0.711273	0.172466	0.408836	0.556046	0.088117	0.778384	0.746632	0.432088
3	49	0.908335	0.107360	0.755991	-0.342834	0.443372	0.120044	239	49	1	8.877560	0.976507	0.887508	0.787043	0.970414	0.876604	0.828496	0.978432	0.961674
3	50	0.709900	0.207625	0.574132	0.186829	0.206077	0.330829	100	20	0	7.633913	0.832826	0.648813	0.486369	0.608724	0.630452	0.915892	0.832585	0.723541
3	51	0.322853	0.342808	0.385137	-0.176035	0.915121	-0.306558	43	9	0	6.556718	0.510423	0.004811	0.159397	0.066469	0.151139	0.815747	0.414609	0.460231
3	52	0.771929	0.237472	0.814567	0.402682	0.646032	1.478810	109	22	0	7.140135	0.955180	0.813422	0.713919	0.981639	0.680003	0.330099	0.938823	0.762348
3	53	0.366802	0.175132	0.426956	-0.208746	-0.431423	-0.029099	54	9	0	7.040212	0.514352	0.294179	0.253528	0.440747	0.060696	0.330099	0.360327	0.680484
3	54	0.605156	0.358583	0.401448	0.855107	0.760260	-0.170437	37	7	0	7.800715	0.582906	0.690106	0.673108	0.965763	0.399535	0.330099	0.307008	0.892720
3	55	0.939484	0.030127	0.911035	0.793572	-0.499844	1.789315	164	32	0	7.588352	0.956783	0.910119	0.931527	0.949326	0.900898	0.956142	0.951010	0.960071
3	56	0.401209	0.321240	0.336319	-0.504762	0.837105	-1.417785	72	13	0	7.734501	0.301716	0.041774	0.257858	0.278544	0.574246	0.655709	0.401860	0.697963
3	57	0.408535	0.246292	0.336319	-0.397464	0.234634	-1.357595	71	12	0	7.495089	0.543217	0.004811	0.195718	0.362251	0.365860	0.637989	0.673268	0.485167
3	58	0.433421	0.143501	0.523916	0.186089	-0.948824	0.596526	38	7	0	7.994022	0.567832	0.073284	0.485407	0.611530	0.182890	0.548428	0.489416	0.508579
3	59	0.742714	0.134842	0.518063	0.849178	-0.628261	0.405540	63	16	0	6.936605	0.888791	0.704378	0.587797	0.792575	0.539689	0.798348	0.805083	0.825048
3	60	0.426285	0.465102	0.436440	0.335368	1.315923	0.167859	31	7	0	7.392631	0.541052	0.214480	0.155388	0.297947	0.065346	0.798348	0.660760	0.676956
3	61	0.828646	0.181005	0.492200	0.020035	0.428635	-0.682468	138	25	1	8.272898	0.809092	0.764833	0.989978	0.934814	0.744628	0.586995	0.958708	0.840122
3	62	0.437099	0.280689	0.397336	-0.346144	0.504522	-0.519827	72	17	0	6.735486	0.355597	0.304763	0.264994	0.297947	0.496552	0.586995	0.607280	0.582665
3	63	0.406400	0.404165	0.385137	0.345845	1.025050	-0.234486	33	6	0	6.929421	0.926155	0.004811	0.228111	0.240779	0.232200	0.586995	0.780388	0.251764
3	64	0.879781	0.059413	0.696429	0.371394	-0.564291	0.620888	162	33	0	7.282077	0.913807	0.862973	0.889593	0.949567	0.641036	0.933932	0.883579	0.963759
3	65	0.645556	0.228452	0.528830	0.015845	0.215558	0.071095	87	17	0	8.602638	0.750882	0.460391	0.606398	0.567832	0.910840	0.440507	0.602550	0.825048
3	66	0.633770	0.178299	0.488534	-0.025676	-0.199047	-0.037082	96	21	0	7.234449	0.638550	0.726668	0.521248	0.741100	0.562219	0.440507	0.697402	0.742463
3	67	0.547987	0.159557	0.573788	0.020998	-0.582979	0.562834	74	14	0	7.504010	0.696520	0.292816	0.613614	0.486209	0.745430	0.440507	0.558130	0.550674
3	68	0.693834	0.275237	0.532942	0.578706	0.596546	0.423926	80	14	0	6.932000	0.905789	0.504570	0.586835	0.981479	0.820077	0.440507	0.682729	0.628688
3	69	0.508519	0.162664	0.401448	-0.175370	-0.584949	-0.615221	66	13	0	8.831519	0.779907	0.503608	0.159397	0.466645	0.383178	0.730035	0.567912	0.477470
3	70	0.324236	0.280007	0.378138	-0.286012	0.511774	-0.543311	47	9	0	6.988903	0.582024	0.156831	0.124920	0.280548	0.036241	0.377806	0.361129	0.674391
3	71	0.502055	0.557449	0.523916	-0.076053	2.030753	0.260870	62	11	0	8.676241	0.735006	0.190908	0.191068	0.527742	0.105436	0.788887	0.841405	0.635985
3	72	0.657072	0.224964	0.889982	0.117642	0.223045	1.930976	95	17	0	7.610742	0.863133	0.636065	0.658675	0.799792	0.274054	0.623236	0.908675	0.492944
3	73	0.914849	0.043177	0.818691	0.699392	-0.609425	1.259659	150	34	0	7.021212	0.920622	0.935776	0.703736	0.958868	0.938182	0.913326	0.976988	0.971296
3	74	0.283194	0.190206	0.336319	-0.567397	-0.123670	-1.228474	43	9	0	8.174979	0.517078	0.186257	0.265956	0.144804	0.068714	0.338999	0.447402	0.296344
3	75	0.924952	0.029626	0.800444	0.121860	-0.749476	0.522984	183	38	1	8.594477	0.916533	0.943153	0.908034	0.925994	0.946681	0.860006	0.966886	0.932328
3	76	0.571230	0.388751	0.506220	0.536000	0.982790	0.420238	44	9	0	8.002464	0.628849	0.339160	0.368987	0.736530	0.142479	0.743105	0.838919	0.771809
3	77	0.843720	0.211995	0.619548	0.276503	0.881233	0.225253	142	27	0	8.253476	0.949246	0.726106	0.946039	0.975385	0.593329	0.743105	0.955661	0.860888
3	78	0.766958	0.120550	0.385137	-0.003035	-0.338225	-1.177323	148	29	0	7.235756	0.843970	0.505292	0.724984	0.723861	0.750401	0.771328	0.966725	0.849102
3	79	0.886325	0.068894	0.694802	0.694576	-0.436885	0.813563	147	28	0	6.655282	0.934894	0.869067	0.855597	0.938823	0.875802	0.885664	0.934493	0.796264
3	80	0.652692	0.130192	0.594738	0.330195	-0.772557	0.627358	81	14	0	7.498918	0.817752	0.634541	0.598461	0.674711	0.681928	0.451090	0.816709	0.546344
3	81	0.884551	0.093790	0.698135	0.207829	0.060772	0.484621	184	36	0	7.720139	0.965924	0.900176	0.584589	0.945558	0.871552	0.863775	0.982280	0.962556
3	82	0.388540	0.340964	0.336319	-0.007093	0.722687	-1.170384	35	7	0	8.445588	0.704217	0.154586	0.831062	0.170702	0.085872	0.279266	0.442110	0.440507
3	83	0.787374	0.138911	0.641849	0.816259	-0.385942	0.783664	75	14	0	8.047918	0.871232	0.806046	0.791693	0.899535	0.582505	0.573685	0.831062	0.943233
3	84	0.475635	0.498016	0.423566	-1.134908	2.122305	-0.826378	154	29	0	7.468965	0.644885	0.004811	0.529185	0.492303	0.271007	0.007938	0.878368	0.976588
3	85	0.518281	0.262227	0.385137	-0.085764	0.269530	-0.825330	64	13	0	8.490564	0.672306	0.462155	0.687620	0.435856	0.091244	0.348060	0.623958	0.825048
3	86	0.677638	0.305224	0.680003	0.211307	0.914206	0.976970	102	19	0	6.777428	0.848861	0.709349	0.730597	0.403223	0.299952	0.603432	0.937861	0.887829
3	87	0.255562	0.252045	0.399100	-0.813944	0.576100	-0.426933	55	9	0	7.887373	0.426235	0.067752	0.120991	0.109525	0.047867	0.272210	0.673829	0.326090
3	88	0.229344	0.210592	0.336319	-0.944357	0.304599	-1.355821	45	9	0	9.087551	0.534878	0.020366	0.140715	0.383339	0.018281	0.272210	0.164448	0.300513
3	89	0.381194	0.357000	0.414277	-0.266620	0.963455	-0.190392	53	11	0	7.348038	0.267880	0.061017	0.186578	0.478512	0.105436	0.850706	0.602550	0.496873
3	90	0.699868	0.275878	0.751145	0.536824	0.596515	1.379425	75	14	0	7.623796	0.914208	0.662604	0.592367	0.878929	0.483162	0.722338	0.836754	0.508579
3	91	0.761145	0.138831	0.641128	0.067917	-0.246953	0.403120	116	25	0	8.458574	0.788727	0.608964	0.830260	0.742864	0.902101	0.471777	0.958868	0.785600
3	92	0.815657	0.055985	0.643418	0.908708	-1.383826	0.754432	72	16	0	8.236394	0.918938	0.870189	0.758740	0.939945	0.861129	0.848942	0.863133	0.464240
3	93	0.887518	0.142980	0.764112	0.736506	0.452677	1.082302	126	26	0	7.586311	0.950369	0.812460	0.948124	0.967046	0.711033	0.808852	0.925674	0.976588
3	94	0.397059	0.205861	0.336319	-0.210900	-0.177295	-1.203703	54	11	0	7.268833	0.284076	0.703656	0.260343	0.109525	0.451491	0.457906	0.562300	0.347178
3	95	0.514302	0.437360	0.399100	0.073899	1.334363	-0.490446	59	12	0	7.794019	0.695718	0.189945	0.525657	0.303720	0.075529	0.690026	0.763390	0.870430
3	96	0.868485	0.099924	0.875985	1.548686	-0.582481	2.081370	51	10	0	8.572371	0.925032	0.864897	0.884301	0.947643	0.963358	0.728352	0.917976	0.716325
3	97	0.985187	0.007176	0.983861	1.806495	-0.071957	2.598358	129	28	0	7.126926	0.984686	0.996232	0.988214	0.989657	0.989657	0.999278	0.982441	0.951331
3	98	0.427949	0.417876	0.336319	-0.127004	1.313848	-1.155527	62	13	0	6.448955	0.475866	0.004811	0.385423	0.163246	0.220173	0.582425	0.843650	0.747996
3	99	0.660860	0.136806	0.574750	-0.011243	-0.572071	0.316405	98	21	0	7.736418	0.896488	0.630853	0.385423	0.603672	0.680003	0.582425	0.791693	0.716325
3	100	0.670752	0.196861	0.409134	0.343392	-0.062374	-0.484625	83	15	0	7.502717	0.743746	0.667736	0.398012	0.896568	0.515956	0.582425	0.744548	0.817030
3	101	0.692712	0.140174	0.555278	0.261947	-0.512280	0.319340	92	18	0	7.537295	0.866501	0.769564	0.668858	0.833307	0.360969	0.582425	0.772130	0.687941
3	102	0.771959	0.242443	0.747446	1.018085	0.451104	1.520429	66	13	0	7.045869	0.902903	0.594612	0.919740	0.910600	0.572322	0.889833	0.684974	0.700690
3	103	0.954658	0.046284	0.881643	0.612674	0.142474	1.247018	194	36	0	8.609849	0.995750	0.981318	0.904426	0.997996	0.950529	0.889833	0.950048	0.967367
3	104	0.813322	0.277261	0.501936	0.757510	1.014728	-0.042782	85	15	0	8.597547	0.699086	0.622755	0.728833	0.936578	0.972979	0.952133	0.972659	0.621552
3	105	0.597889	0.242182	0.923474	0.107482	0.215993	2.440417	80	15	0	7.587637	0.546264	0.280548	0.693634	0.783916	0.478271	0.461273	0.891838	0.647370
3	106	0.811137	0.109004	0.842997	0.551826	-0.508146	1.490593	99	18	0	8.577533	0.803159	0.913807	0.364416	0.962235	0.814064	0.868105	0.939945	0.823364
3	107	0.355156	0.350565	0.336319	-0.451756	0.972586	-1.341059	52	10	0	8.369576	0.157473	0.198845	0.630773	0.223541	0.018281	0.508499	0.635343	0.468489
3	108	0.517640	0.158956	0.416659	0.212821	-0.678781	-0.138617	61	12	0	6.743608	0.597899	0.529185	0.378768	0.123396	0.564304	0.468008	0.854634	0.624920
3	109	0.334419	0.308491	0.489737	-0.391061	0.774604	0.442318	56	12	0	6.436815	0.782152	0.238294	0.178961	0.109525	0.129570	0.212155	0.586835	0.437861
3	110	0.928059	0.041092	0.802907	0.975321	-0.531567	1.229652	139	25	0	7.567241	0.909798	0.942672	0.996552	0.972498	0.971536	0.683531	0.984686	0.963198
3	111	0.610848	0.071961	0.584704	0.249223	-1.658787	0.507248	60	12	0	9.137883	0.564304	0.552919	0.571600	0.550112	0.392720	0.683531	0.967207	0.604394
3	112	0.739757	0.180284	0.489737	-0.623855	0.366338	-0.679359	190	37	0	8.564697	0.683531	0.431928	0.761466	0.608724	0.674310	0.793217	0.991742	0.973140
3	113	0.749729	0.246332	0.600797	0.574619	0.492997	0.538974	76	16	0	8.219799	0.937059	0.825369	0.734686	0.925353	0.442431	0.647450	0.871953	0.613534
3	114	0.499810	0.443534	0.519369	-0.464683	1.571257	0.059731	98	15	0	8.098267	0.969131	0.317110	0.285359	0.240779	0.207585	0.674471	0.847579	0.456462
3	115	0.513360	0.271729	0.460116	0.381465	0.222196	0.247268	50	10	0	6.836660	0.520606	0.304763	0.225786	0.494307	0.448204	0.674471	0.712877	0.725866
3	116	0.533254	0.260764	0.447918	-0.461450	0.450400	-0.418043	98	20	0	7.890461	0.686418	0.379250	0.318794	0.554442	0.292575	0.570799	0.859365	0.604394
3	117	0.692411	0.156651	0.641964	-0.190228	-0.205533	0.404395	122	24	0	8.377304	0.618425	0.552919	0.614176	0.755292	0.609124	0.714400	0.812380	0.862572
3	118	0.873477	0.094692	0.765921	0.082401	-0.054450	0.644271	159	33	0	9.738839	0.833948	0.924551	0.901058	0.847017	0.822402	0.756174	0.973300	0.929362
3	119	0.835461	0.147270	0.666178	0.057807	0.295524	0.329594	158	30	0	8.547828	0.958547	0.796183	0.767078	0.775337	0.804121	0.693634	0.907874	0.980917
3	120	0.746402	0.308210	0.514352	0.067114	1.155063	-0.180573	112	23	0	8.547517	0.930484	0.736851	0.638951	0.779426	0.472178	0.510423	0.993024	0.909878
3	121	0.754410	0.174611	0.538635	0.851191	-0.212427	0.374482	61	12	0	8.279141	0.831142	0.754570	0.883098	0.941549	0.126523	0.993505	0.876203	0.628688
3	122	0.792124	0.095273	0.580615	0.873385	-0.894963	0.493587	70	13	0	8.452596	0.921023	0.949727	0.464400	0.813743	0.793297	0.852550	0.777662	0.764593
3	123	0.688272	0.264272	0.477447	0.797803	0.379390	0.200178	58	11	0	7.428168	0.834108	0.963518	0.830099	0.587957	0.277502	0.860969	0.609686	0.542335
3	124	0.604695	0.323785	0.713117	0.173330	0.802783	1.134004	72	13	0	8.291905	0.790170	0.673028	0.804763	0.500882	0.268361	0.323445	0.699888	0.777021
3	125	0.840132	0.120129	0.737068	0.760304	-0.299289	0.984119	85	16	0	9.629932	0.966886	0.877646	0.831302	0.972178	0.913967	0.323445	0.981960	0.853672
3	126	0.630673	0.225605	0.483323	0.052859	0.164598	-0.069736	86	18	0	7.709887	0.920141	0.345414	0.569676	0.538727	0.530869	0.770847	0.759541	0.610167
3	127	0.626764	0.258920	0.564006	0.407546	0.211269	0.397222	51	9	0	10.781260	0.731479	0.564064	0.414609	0.744869	0.473861	0.776379	0.808371	0.500481
3	128	0.871482	0.142740	0.736198	1.522024	-0.036173	1.418036	56	12	0	7.819600	0.713037	0.922947	0.924070	0.947883	0.939625	0.959349	0.815427	0.749519
3	129	0.429723	0.533896	0.400245	-0.435032	2.033650	-0.456974	80	18	0	6.498231	0.960391	0.004811	0.259060	0.177678	0.080260	0.885423	0.621151	0.449006
3	130	0.665290	0.537985	0.460116	0.290796	2.086600	-0.227017	76	14	0	8.473577	0.366100	0.586434	0.385423	0.367784	0.923990	0.984205	0.917335	0.791052
3	131	0.295562	0.331783	0.472647	-0.143752	0.826858	0.399156	31	5	0	7.988666	0.738133	0.490539	0.135183	0.092367	0.228271	0.444836	0.069596	0.165571
3	132	0.205079	0.224222	0.378138	-0.430937	0.425923	-0.289097	33	5	0	6.634608	0.280869	0.148733	0.003127	0.084910	0.018602	0.285038	0.315106	0.504250
3	133	0.662524	0.524074	0.671550	0.478443	1.938701	1.010067	67	12	0	8.102963	0.344452	0.906110	0.884541	0.906430	0.773813	0.198926	0.898733	0.387187
3	134	0.820217	0.149976	0.643143	0.749105	-0.071669	0.579891	85	14	0	9.289028	0.935616	0.918778	0.971697	0.883980	0.462716	0.960712	0.869708	0.558531
3	135	0.858904	0.121973	0.696337	0.553880	0.007105	0.707103	126	23	0	8.152143	0.847418	0.978271	0.959189	0.955741	0.863534	0.480436	0.969612	0.817030
3	136	0.617303	0.607340	0.437529	-0.015598	2.397101	-0.475748	86	16	0	8.367602	0.956142	0.195398	0.295141	0.937059	0.244628	0.874118	0.764753	0.671183
3	137	0.646959	0.233263	0.394621	0.328691	0.132520	-0.783004	66	13	0	8.679570	0.497755	0.540250	0.345574	0.777261	0.758098	0.753528	0.784237	0.718970
3	138	0.443273	0.455160	0.513734	0.317450	1.262692	0.587271	34	6	0	8.028233	0.908355	0.126604	0.254891	0.197162	0.185375	0.612091	0.761225	0.500481
3	139	0.604955	0.268582	0.501936	0.521370	0.245987	0.267741	49	9	0	8.626294	0.753207	0.677037	0.185375	0.822803	0.360327	0.696520	0.802037	0.542335
3	140	0.877786	0.038867	0.778406	0.532669	-1.083026	0.999470	132	26	0	8.322050	0.937540	0.874198	0.432729	0.952133	0.970253	0.944035	0.979073	0.932328
3	141	0.422977	0.193714	0.426956	0.064882	-0.443114	-0.151411	38	6	0	9.150088	0.671665	0.388149	0.241421	0.327534	0.289288	0.598701	0.482681	0.384381
3	142	0.620861	0.196861	0.440919	0.326774	-0.193390	-0.193445	72	13	0	7.559466	0.592688	0.505773	0.552758	0.240779	0.766196	0.708547	0.871713	0.728432
3	143	0.721596	0.091565	0.630750	0.741847	-1.195861	0.835053	62	12	0	8.043319	0.820638	0.673749	0.544820	0.630693	0.732521	0.713598	0.925834	0.730917
3	144	0.935516	0.049711	0.599010	0.895167	-0.263005	0.177304	139	30	0	7.826725	0.960151	0.963037	0.874198	0.987251	0.922947	0.922787	0.965924	0.887829
3	145	0.810816	0.106479	0.585529	0.271559	-0.418725	0.170892	126	26	0	8.039995	0.784557	0.726427	0.766838	0.916212	0.753368	0.771809	0.856238	0.911081
3	146	0.841064	0.113214	0.725511	0.525052	-0.262404	0.867428	110	22	0	8.542632	0.935776	0.930805	0.845173	0.909477	0.919419	0.629009	0.858162	0.700690
3	147	0.586664	0.203356	0.446154	-0.264951	0.014636	-0.414436	105	19	0	7.687799	0.841485	0.424792	0.138951	0.516758	0.682248	0.679201	0.741742	0.668137
3	148	0.389122	0.414348	0.385137	-0.382641	1.340676	-0.668767	61	11	0	7.762654	0.597579	0.205420	0.104073	0.216485	0.186418	0.461273	0.667335	0.674391
3	149	0.491501	0.337737	0.378138	-0.272857	0.882180	-0.992811	76	13	0	8.259234	0.600465	0.314705	0.293297	0.489737	0.417174	0.222258	0.786963	0.807409
3	150	0.268752	0.260143	0.400245	-0.265852	0.415034	-0.064600	33	7	0	7.045286	0.493746	0.092688	0.226748	0.153223	0.445157	0.112973	0.389352	0.236129
3	151	0.820177	0.144804	0.546699	0.452593	-0.005914	0.006208	106	21	0	8.735163	0.699567	0.756815	0.852309	0.679201	0.879009	0.912203	0.933210	0.849102
3	152	0.961875	0.047486	0.790949	0.506098	0.372371	0.656205	215	45	0	8.790048	0.990779	0.968489	0.981479	0.932569	0.925513	0.935696	0.985167	0.975305
3	153	0.923048	0.057809	0.879776	0.670108	-0.303935	1.359639	134	27	0	9.743746	0.983563	0.892319	0.992223	0.928239	0.769724	0.915491	0.940667	0.962155
3	154	0.951231	0.049230	0.831520	-0.348661	0.496508	0.473072	381	83	0	8.292979	0.957745	0.863454	0.907874	0.939144	0.974583	0.977149	0.990779	0.999118
3	155	0.788807	0.129149	0.612721	0.248191	-0.286451	0.306521	113	23	0	8.462826	0.858002	0.898573	0.744387	0.722819	0.608483	0.744468	0.926315	0.807409
3	156	0.797466	0.286402	0.724423	-0.516937	1.347074	0.318621	197	39	1	7.389519	0.918457	0.764352	0.648974	0.633900	0.621793	0.835311	0.971055	0.985888
3	157	0.459068	0.300212	0.400245	-0.171726	0.588739	-0.433798	66	14	0	7.154151	0.739176	0.321199	0.280308	0.593489	0.433050	0.247434	0.393602	0.664288
3	158	0.321320	0.331042	0.336319	-0.155344	0.790258	-1.051371	34	7	0	7.688909	0.550674	0.167415	0.200208	0.087155	0.093650	0.247434	0.767559	0.456462
3	159	0.950349	0.053600	0.870361	0.444237	0.035478	0.891213	158	34	1	9.321431	0.921985	0.965924	0.931928	0.901139	0.988695	0.980356	0.983403	0.929362
3	160	0.641818	0.261646	0.420966	-0.084023	0.522373	-0.628076	96	20	0	8.065745	0.640074	0.482360	0.309173	0.883820	0.820077	0.773974	0.687380	0.537684
3	161	0.925964	0.074607	0.841313	1.196902	-0.127820	1.470584	92	23	0	8.371883	0.990298	0.984686	0.989817	0.974423	0.837155	0.936097	0.944275	0.750962
3	162	0.405148	0.246352	0.471914	-0.631379	0.252509	-0.166873	67	14	0	9.066963	0.600946	0.292816	0.488374	0.202213	0.193473	0.477470	0.616661	0.369227
3	163	0.497905	0.167315	0.513734	0.430714	-0.730373	0.611245	41	9	0	7.170585	0.648092	0.506254	0.419019	0.457665	0.053239	0.477470	0.817110	0.604394
3	164	0.768481	0.168958	0.557409	0.148937	0.124699	0.120465	131	25	0	7.436487	0.736770	0.755853	0.681767	0.632617	0.848300	0.896007	0.902101	0.694436
3	165	0.781962	0.185556	0.450953	0.469851	0.194850	-0.349447	96	22	0	7.544041	0.905629	0.646328	0.835953	0.786001	0.491982	0.745831	0.909157	0.934814
3	166	0.427287	0.157593	0.497457	-0.025854	-0.684745	0.404962	55	9	0	7.259079	0.549631	0.314705	0.271087	0.292816	0.439224	0.381013	0.427357	0.742463
3	167	0.794119	0.158595	0.892399	-0.286217	0.315101	1.483892	193	38	0	7.530073	0.843249	0.773092	0.827854	0.655548	0.466084	0.939945	0.957425	0.889753
3	168	0.605877	0.295863	0.479440	-0.085354	0.718938	-0.149708	91	17	0	8.055632	0.775417	0.549070	0.485407	0.497434	0.274054	0.531030	0.899695	0.834910
3	169	0.856799	0.243145	0.829699	1.300354	0.862761	1.784982	68	14	0	7.549345	0.974583	0.980516	0.969131	0.993987	0.569035	0.747915	0.931286	0.687941
3	170	0.676034	0.191449	0.440919	-0.024806	-0.004188	-0.585210	96	19	0	8.875332	0.747354	0.612332	0.769724	0.497434	0.420221	0.636466	0.791052	0.933691
3	171	0.555384	0.233603	0.426956	0.235838	0.008642	-0.218599	59	12	0	7.660807	0.511867	0.735728	0.408836	0.822803	0.435375	0.463037	0.642559	0.422867
3	172	0.720073	0.310375	0.506460	0.341606	0.969708	-0.013854	85	16	0	8.508654	0.916693	0.892800	0.975866	0.985808	0.144564	0.343169	0.787925	0.713759
3	173	0.833246	0.057228	0.779300	0.860916	-1.188383	1.375752	93	17	0	7.514036	0.962556	0.920702	0.894403	0.808852	0.889112	0.343169	0.942992	0.904185
3	174	0.567160	0.375040	0.399100	-0.030760	1.138673	-0.632396	80	16	0	7.584986	0.732441	0.210231	0.809333	0.500882	0.118666	0.549471	0.801235	0.815026
3	175	0.665350	0.140896	0.589984	0.606190	-0.730769	0.716580	64	11	0	7.694347	0.752165	0.798028	0.629731	0.625802	0.407793	0.632938	0.862813	0.613534
3	176	0.672627	0.267479	0.579618	-0.187135	0.699124	0.204862	114	25	0	7.985959	0.550273	0.846135	0.407713	0.647530	0.551155	0.702534	0.866501	0.809173
3	177	0.361480	0.226247	0.439155	-0.516906	0.125865	-0.144626	64	12	0	7.491480	0.550994	0.319676	0.198044	0.221135	0.145285	0.702534	0.349022	0.405148
3	178	0.744117	0.152021	0.467436	0.196220	-0.252691	-0.421138	94	19	0	9.304590	0.833307	0.849503	0.423108	0.808210	0.855276	0.600144	0.852470	0.730917
3	179	0.854123	0.093730	0.675605	0.007916	-0.124475	0.374192	187	39	0	7.617956	0.845494	0.872434	0.747996	0.952614	0.895205	0.703897	0.838438	0.976908
3	180	0.917295	0.050613	0.589939	0.497416	-0.395711	-0.020395	159	34	0	8.191393	0.977790	0.927919	0.915571	0.928079	0.797146	0.968810	0.950850	0.872194
3	181	0.818463	0.156270	0.658824	0.499900	0.135885	0.667319	118	23	0	7.393822	0.908515	0.763711	0.807890	0.918698	0.728031	0.639192	0.922627	0.859044
3	182	0.330470	0.301155	0.399100	-0.356177	0.652826	-0.339760	45	9	0	7.800828	0.440908	0.197643	0.168377	0.129169	0.114416	0.639192	0.516196	0.437861
3	183	0.757717	0.168117	0.416659	-0.002031	0.142134	-0.738360	149	29	0	6.855097	0.765394	0.759381	0.547867	0.896568	0.476187	0.796584	0.867303	0.952453
3	184	0.533736	0.274254	0.518877	0.067327	0.361770	0.312703	66	12	0	7.830055	0.680324	0.481559	0.409718	0.366260	0.396648	0.681847	0.493826	0.759702
3	185	0.862201	0.090222	0.441389	0.429720	-0.320341	-0.765722	127	26	0	8.873551	0.784798	0.967527	0.890394	0.868024	0.777421	0.856238	0.933531	0.819676
3	186	0.873086	0.096456	0.586995	0.462970	-0.153141	0.069266	135	26	0	8.592622	0.871953	0.821280	0.900016	0.982280	0.587877	0.952373	0.903063	0.965843
3	187	0.829518	0.120831	0.544454	0.343441	-0.171272	-0.110943	121	22	0	9.117941	0.898412	0.761626	0.593008	0.871472	0.788566	0.891597	0.915411	0.916052
3	188	0.904697	0.034197	0.783492	0.913663	-1.065547	1.103193	107	21	0	8.829503	0.938663	0.918137	0.919981	0.947162	0.801716	0.913326	0.934173	0.864416
3	189	0.193443	0.099924	0.378138	-0.915687	-0.586897	-0.490385	48	10	0	6.523007	0.279025	0.272210	0.268040	0.144804	0.030388	0.177277	0.193714	0.182088
3	190	0.675303	0.283796	0.787948	0.534285	0.561182	1.535201	67	11	0	8.301003	0.512749	0.652021	0.766838	0.831222	0.312219	0.887348	0.868586	0.571440
3	191	0.739577	0.307148	0.696108	0.106984	1.144147	0.774075	120	21	0	7.954699	0.735728	0.970093	0.923268	0.857280	0.410038	0.450208	0.910920	0.659076
3	192	0.513049	0.255552	0.540101	0.044441	0.165566	0.428799	57	12	0	8.139174	0.807970	0.636386	0.206462	0.671985	0.372354	0.450208	0.395526	0.563502
3	193	0.611901	0.207485	0.563628	-0.294720	0.119712	0.204893	116	21	0	7.691628	0.784397	0.614897	0.388470	0.537925	0.609846	0.450208	0.806286	0.703175
3	194	0.742674	0.155969	0.643544	0.692584	-0.357652	0.862639	73	15	0	7.582700	0.823525	0.655949	0.976988	0.746232	0.762428	0.803801	0.643201	0.529266
3	195	0.875180	0.107982	0.681687	-0.226842	0.258941	0.139519	236	46	0	8.492337	0.936738	0.792255	0.873557	0.849423	0.868265	0.748717	0.962235	0.970253
3	196	0.433040	0.390294	0.464228	0.082386	0.967395	0.111370	35	7	0	9.250890	0.497114	0.188342	0.177838	0.580901	0.372835	0.229233	0.694516	0.723541
3	197	0.343850	0.320738	0.378138	-0.399679	0.729391	-0.845345	38	8	0	10.061325	0.208547	0.802838	0.540811	0.231318	0.096055	0.169259	0.502886	0.199086
3	198	0.640334	0.131214	0.436440	-0.171921	-0.623932	-0.567369	107	22	0	7.780107	0.759221	0.699246	0.806847	0.766758	0.106559	0.596937	0.640876	0.746232
3	199	0.774415	0.159718	0.617097	-0.136191	0.147900	0.211980	154	32	0	7.670650	0.881094	0.643682	0.928480	0.851748	0.304763	0.870750	0.763069	0.951732
3	200	0.881715	0.138590	0.722876	1.430302	0.046374	1.229737	67	11	0	8.425137	0.956462	0.951171	0.994147	0.931687	0.706703	0.818473	0.894885	0.800192
4	1	0.916182	0.055825	0.786974	0.597760	-0.341174	0.977732	157	31	0	7.893081	0.959990	0.975144	0.922466	0.710792	0.945398	0.959028	0.992223	0.864416
4	2	0.901249	0.036181	0.676223	0.664714	-1.156538	0.276944	103	19	1	9.563194	0.908836	0.918938	0.828897	0.887508	0.922627	0.901860	0.969131	0.872194
4	3	0.976327	0.024014	0.901769	0.862282	0.021523	1.146415	146	30	1	10.281865	0.996552	0.990779	0.973942	0.983724	0.988294	0.951010	0.998477	0.927838
4	4	0.869979	0.081202	0.787971	1.067266	-0.667028	1.297888	73	15	0	9.592901	0.940908	0.954217	0.812700	0.920622	0.948445	0.887348	0.957906	0.537684
4	5	0.908896	0.089541	0.869067	1.270933	-0.148073	1.797856	94	16	0	7.867078	0.972659	0.977470	0.820638	0.915250	0.928881	0.900096	0.968810	0.787364
4	6	0.970995	0.010403	0.905468	0.296682	-0.355242	0.959748	232	42	1	9.772042	0.994949	0.992062	0.968970	0.992704	0.993987	0.843489	0.993666	0.988133
4	7	0.845574	0.049331	0.735442	0.476206	-1.161467	0.798719	111	20	0	9.734336	0.802357	0.916212	0.860167	0.877886	0.887989	0.882136	0.948845	0.588999
4	8	0.847268	0.064284	0.630246	0.997957	-1.037206	0.609937	82	13	0	8.720094	0.964801	0.878368	0.871071	0.885584	0.568393	0.894804	0.950529	0.764593
4	9	0.808321	0.160319	0.746094	0.756289	-0.024151	1.170689	85	15	0	8.383657	0.937700	0.885263	0.746392	0.763871	0.713037	0.677999	0.967607	0.774695
4	10	0.768792	0.171424	0.695512	0.565910	-0.089648	0.857944	77	14	0	9.617500	0.873076	0.824246	0.854153	0.787444	0.632617	0.705741	0.987893	0.485167
4	11	0.993085	0.007537	0.932695	0.691785	1.365349	1.275236	361	81	0	8.786102	0.993185	0.998316	0.983082	0.996873	0.978913	0.999118	0.998156	0.997033
4	12	0.978231	0.021608	0.782759	-0.163077	0.675616	0.094124	408	99	0	8.857546	0.986129	0.974102	0.952935	0.970734	0.958387	0.999599	0.985327	0.998637
4	13	0.521719	0.526419	0.505498	-0.569568	2.065377	-0.114620	100	20	0	8.298389	0.794500	0.271408	0.412364	0.287845	0.071761	0.857120	0.573926	0.904827
4	14	0.598641	0.282894	0.385137	0.172578	0.476925	-0.841612	67	13	0	8.497172	0.698044	0.374439	0.723461	0.473781	0.259461	0.756976	0.948204	0.554763
4	15	0.860768	0.100545	0.638367	0.482887	-0.204707	0.337531	130	23	0	8.655002	0.950850	0.915090	0.890234	0.911402	0.864737	0.699727	0.959670	0.694436
4	16	0.911502	0.054642	0.807649	1.365762	-0.710245	1.532860	87	16	0	7.754227	0.921344	0.960792	0.680164	0.963037	0.973461	0.929121	0.879971	0.984124
4	17	0.918046	0.038546	0.712293	1.175469	-0.850180	0.998030	111	21	0	7.247234	0.953416	0.915892	0.942992	0.885263	0.902662	0.912524	0.937700	0.893922
4	18	0.765475	0.228271	0.655881	-0.006026	0.653505	0.420811	131	25	0	8.495791	0.891517	0.607040	0.688983	0.591164	0.702053	0.912524	0.814464	0.916052
4	19	0.970263	0.020626	0.817683	0.747005	-0.067146	0.833943	197	38	0	8.873000	0.991100	0.962636	0.969452	0.937861	0.971697	0.958868	0.991100	0.979394
4	20	0.715242	0.234686	0.475591	0.113511	0.448992	-0.335356	101	18	0	8.742985	0.520927	0.920382	0.910920	0.547306	0.734285	0.763149	0.753528	0.571440
4	21	0.672717	0.168618	0.621793	0.214419	-0.527528	0.329251	59	11	1	9.864215	0.922547	0.730276	0.663486	0.728191	0.213037	0.633740	0.952774	0.537684
4	22	0.829498	0.117984	0.849892	0.675116	-0.386900	1.474266	81	18	0	9.883311	0.962877	0.869227	0.925032	0.835552	0.858884	0.474022	0.956944	0.753448
4	23	0.988264	0.010243	0.891712	0.669441	0.720984	0.983787	320	55	0	9.026234	0.959509	0.995590	0.995430	0.992383	0.987572	0.979634	0.996552	0.999439
4	24	0.985187	0.014112	0.911837	0.856035	0.545040	1.383464	238	48	0	8.822605	0.991581	0.996552	0.968489	0.991100	0.980035	0.981318	0.997675	0.974743
4	25	0.984696	0.012668	0.895045	0.421152	0.584214	0.936699	335	65	0	9.070481	0.992223	0.992223	0.991100	0.967768	0.980356	0.973781	0.990619	0.989496
4	26	0.755382	0.074968	0.704538	0.765235	-1.284320	1.204939	76	15	0	7.210149	0.837476	0.738614	0.357040	0.774695	0.815827	0.892239	0.850144	0.777021
4	27	0.551656	0.133238	0.589710	-0.132020	-0.851585	0.418050	72	13	0	9.426969	0.759622	0.534076	0.193473	0.586193	0.586594	0.799230	0.516196	0.437861
4	28	0.523663	0.155308	0.336319	0.326662	-0.827613	-1.263969	43	9	0	8.424979	0.547386	0.473140	0.629089	0.618666	0.444436	0.582425	0.645767	0.248396
4	29	0.931797	0.070558	0.766437	1.039716	-0.008625	1.079465	126	26	0	7.691240	0.976187	0.982922	0.946199	0.924070	0.850946	0.976828	0.966405	0.830821
4	30	0.477049	0.272110	0.609468	-0.227101	0.374432	0.700009	67	14	0	7.933300	0.783114	0.653865	0.318794	0.401780	0.320318	0.296584	0.470494	0.571440
4	31	0.865018	0.258098	0.859754	1.263606	1.030682	1.793513	67	12	0	8.844755	0.981158	0.951010	0.998477	0.987893	0.733964	0.697081	0.937540	0.633018
4	32	0.916212	0.049832	0.689991	0.679852	-0.485869	0.577657	142	31	0	7.934750	0.958868	0.931126	0.917495	0.908515	0.959349	0.889593	0.884140	0.880613
4	33	0.925042	0.065868	0.784031	1.138559	-0.221551	1.197955	110	21	0	8.048016	0.994307	0.904827	0.976668	0.904827	0.952133	0.826331	0.960632	0.880613
4	34	0.979785	0.011165	0.848758	0.727832	0.084953	0.880447	239	44	0	8.834035	0.988855	0.977790	0.963358	0.967768	0.985648	0.978111	0.991260	0.985487
4	35	0.927959	0.054342	0.866272	1.110968	-0.377070	1.588969	115	23	0	7.912832	0.980997	0.967367	0.900176	0.937700	0.885103	0.894804	0.948445	0.909076
4	36	0.969602	0.022470	0.851622	0.777252	-0.029598	1.012266	195	35	0	8.891280	0.977309	0.992543	0.981639	0.989336	0.937941	0.991742	0.982761	0.903544
4	37	0.732942	0.103071	0.572036	0.280496	-0.861614	0.233386	94	16	0	8.859773	0.897290	0.682088	0.785199	0.752486	0.681767	0.733323	0.785038	0.546344
4	38	0.683591	0.059994	0.661470	0.084338	-1.523725	0.720538	104	19	0	7.762601	0.768281	0.665892	0.707906	0.674711	0.361610	0.858804	0.720574	0.710953
4	39	0.444085	0.170041	0.336319	-0.324982	-0.395060	-1.281214	84	16	0	6.133224	0.443714	0.330741	0.557809	0.260183	0.407312	0.425994	0.559413	0.567511
4	40	0.808281	0.276580	0.639581	0.871781	0.918749	0.732107	71	16	0	8.281586	0.951171	0.893762	0.947001	0.984846	0.513631	0.689384	0.868746	0.617704
4	41	0.765344	0.106539	0.453759	0.997099	-0.971234	-0.060592	54	12	0	8.078715	0.835231	0.782874	0.924391	0.743987	0.824647	0.651058	0.797065	0.563502
4	42	0.787273	0.106980	0.674150	0.771990	-0.774502	0.897810	74	14	0	8.479814	0.851267	0.757457	0.593890	0.959670	0.708467	0.759060	0.854955	0.813422
4	43	0.996512	0.002365	0.990722	1.294808	1.218605	2.237154	257	51	0	9.561756	0.999759	0.999278	0.998637	0.999439	0.995430	0.997675	0.999599	0.982280
4	44	0.649505	0.266637	0.487045	0.237534	0.462830	-0.032948	77	14	0	8.359470	0.764833	0.492864	0.452614	0.555083	0.645205	0.535760	0.877486	0.872194
4	45	0.408254	0.214400	0.399100	-0.106372	-0.127504	-0.317130	54	10	0	7.147792	0.490619	0.236610	0.169820	0.316870	0.506815	0.535760	0.524375	0.485167
4	46	0.893101	0.143521	0.667472	-0.010529	0.782656	0.103949	216	39	0	8.800900	0.947001	0.750641	0.752325	0.845334	0.930645	0.963839	0.970895	0.984124
4	47	0.896618	0.057950	0.864474	0.450737	-0.484886	1.301455	151	30	0	8.501500	0.938342	0.823204	0.894083	0.912604	0.778143	0.932970	0.981639	0.911963
4	48	0.860538	0.135363	0.678766	0.919416	0.036701	0.872191	90	21	0	7.594059	0.849984	0.599022	0.987893	0.950369	0.954217	0.954618	0.862332	0.725866
4	49	0.788366	0.097759	0.698124	0.823030	-0.879180	1.049309	69	15	0	8.268339	0.933371	0.892640	0.896648	0.852870	0.290811	0.879731	0.749519	0.811337
4	50	0.468509	0.274174	0.378138	-0.031741	0.291587	-0.812334	51	11	0	8.287469	0.405148	0.344532	0.871392	0.284557	0.082104	0.517078	0.657473	0.585792
4	51	0.826872	0.133319	0.742108	0.304585	-0.171596	0.714293	113	20	1	8.011240	0.954699	0.722418	0.772691	0.941709	0.776620	0.751443	0.808371	0.887027
4	52	0.383178	0.331242	0.469360	-0.367850	0.835877	0.113367	55	12	0	7.656241	0.441469	0.299711	0.003127	0.109525	0.252886	0.751443	0.714320	0.492944
4	53	0.532854	0.130292	0.485671	0.194038	-1.057186	0.113299	46	10	0	9.268706	0.814224	0.757296	0.536963	0.524695	0.214881	0.543297	0.497274	0.374198
4	54	0.733503	0.164468	0.707917	0.289108	-0.150734	0.963368	99	19	0	7.788546	0.894724	0.875641	0.650096	0.796665	0.204458	0.737893	0.779185	0.929362
4	55	0.494297	0.323966	0.586457	-0.081672	0.657250	0.550168	50	12	0	9.492627	0.642800	0.219371	0.330420	0.637428	0.306687	0.471777	0.665411	0.680484
4	56	0.765084	0.138831	0.689842	-0.108816	-0.328394	0.346632	116	21	1	8.759318	0.872755	0.826491	0.858964	0.922065	0.472739	0.578897	0.816950	0.771809
4	57	0.501233	0.358062	0.336319	-0.911593	1.242240	-1.940238	123	22	0	9.042399	0.655148	0.186257	0.678480	0.340523	0.190106	0.491742	0.642559	0.825048
4	58	0.924130	0.060135	0.694229	0.906763	-0.243286	0.706139	132	28	0	7.616154	0.898813	0.929201	0.966405	0.936899	0.964962	0.901860	0.959990	0.834910
4	59	0.963107	0.017499	0.790273	1.122319	-0.397998	1.101290	164	31	0	7.093743	0.968489	0.955019	0.974583	0.976026	0.975706	0.923108	0.973781	0.958146
4	60	0.792215	0.229294	0.645148	-0.068611	0.839681	0.300334	154	30	0	8.064114	0.925994	0.746071	0.571280	0.948685	0.887027	0.379410	0.912203	0.967046
4	61	0.423408	0.250882	0.720150	-0.535121	0.303882	1.198661	79	15	0	7.665319	0.507457	0.063422	0.376844	0.225866	0.645927	0.379410	0.602550	0.585792
4	62	0.581462	0.252105	0.554236	-0.237918	0.339687	0.147664	88	16	0	9.108129	0.420301	0.424792	0.658675	0.768040	0.431366	0.552518	0.751283	0.644724
4	63	0.557188	0.169720	0.515921	-0.012687	-0.437521	0.256878	80	16	0	7.215273	0.362011	0.497354	0.460552	0.654747	0.531591	0.646729	0.819355	0.485167
4	64	0.706623	0.222719	0.436440	-0.002872	0.434855	-0.546952	129	24	0	7.040501	0.710792	0.484124	0.732120	0.586674	0.561017	0.909958	0.896488	0.771809
4	65	0.908224	0.019945	0.831909	1.110761	-1.428592	1.474261	95	19	0	8.306941	0.947803	0.936578	0.962957	0.929201	0.915411	0.719211	0.933852	0.920783
4	66	0.744758	0.105015	0.665124	-0.184335	-0.623297	0.412807	135	28	0	8.644516	0.870750	0.760103	0.826892	0.822482	0.651058	0.776379	0.903223	0.347178
4	67	0.355496	0.347077	0.518877	-0.080932	0.787585	0.526138	32	6	0	8.852348	0.300112	0.114897	0.060856	0.084910	0.333948	0.776379	0.825690	0.347178
4	68	0.368465	0.510924	0.399100	0.529325	1.519387	0.038312	23	3	0	7.888065	0.205901	0.563823	0.023813	0.095334	0.109606	0.776379	0.825690	0.347178
4	69	0.818784	0.051736	0.628253	0.573963	-1.259448	0.510952	111	19	0	7.842216	0.899856	0.875481	0.969291	0.924872	0.321681	0.791052	0.887428	0.880613
4	70	0.406030	0.285900	0.443439	0.242838	0.309036	0.290080	36	8	0	6.721231	0.427037	0.256575	0.191068	0.671985	0.099583	0.379410	0.745109	0.477470
4	71	0.642920	0.240739	0.477676	0.083034	0.061028	-0.435179	59	11	1	10.235021	0.643121	0.879650	0.484606	0.521488	0.710792	0.673669	0.903945	0.326090
4	72	0.701822	0.157112	0.510355	0.110983	-0.474924	-0.234126	79	17	1	8.152120	0.637027	0.686257	0.578576	0.664208	0.521087	0.948124	0.809894	0.769403
4	73	0.570899	0.203035	0.401448	-0.229381	-0.043735	-0.679359	93	19	0	7.632770	0.483483	0.543457	0.275016	0.680484	0.475385	0.696520	0.823845	0.588999
4	74	0.715513	0.207886	0.578026	-0.007181	0.294008	0.214234	117	23	0	7.935399	0.697482	0.806446	0.495109	0.865218	0.566950	0.955581	0.708627	0.628688
4	75	0.787745	0.121753	0.485258	-0.218922	-0.177975	-0.573036	169	31	0	8.215172	0.841164	0.787604	0.600786	0.779987	0.614336	0.829618	0.917816	0.930645
4	76	0.584790	0.330601	0.336319	-0.481340	1.074191	-1.794728	121	22	0	7.957182	0.592688	0.515795	0.332665	0.518922	0.189785	0.915170	0.818714	0.794580
4	77	0.913256	0.124038	0.844784	-0.063762	0.815595	0.882651	255	50	0	8.152837	0.867623	0.750321	0.860969	0.908836	0.943634	0.991020	0.993987	0.989657
4	78	0.923809	0.048348	0.923062	0.377076	-0.287026	1.735998	186	40	0	8.073221	0.902101	0.896007	0.970093	0.880613	0.904666	0.978993	0.916132	0.941870
4	79	0.874960	0.098240	0.660382	0.957561	-0.281980	0.761810	96	21	0	7.527408	0.831382	0.921183	0.777181	0.921584	0.927598	0.872114	0.943393	0.805244
4	80	0.584620	0.246071	0.455638	0.298464	0.135820	-0.026138	62	13	0	7.491181	0.444275	0.406671	0.621953	0.665972	0.343650	0.903303	0.565266	0.725866
4	81	0.782403	0.131635	0.491890	0.105248	-0.214672	-0.312777	130	27	0	7.920962	0.879811	0.811818	0.634541	0.788005	0.507216	0.885664	0.832585	0.919580
4	82	0.712957	0.179422	0.830122	0.598229	-0.213246	1.732426	70	14	0	7.845530	0.581543	0.624759	0.844772	0.616501	0.769403	0.934253	0.746632	0.585792
4	83	0.911792	0.076070	0.859537	0.049421	-0.114135	0.730992	168	32	2	8.578679	0.962396	0.826491	0.829618	0.915010	0.891677	0.937380	0.982922	0.948845
4	84	0.751293	0.161883	0.494571	0.023125	-0.046523	-0.327094	114	25	0	8.680434	0.619147	0.866421	0.872915	0.782553	0.346135	0.863775	0.924230	0.735167
4	85	0.771789	0.190066	0.660038	0.212670	0.245223	0.543211	102	24	0	8.642037	0.880452	0.832505	0.806527	0.841325	0.658275	0.661963	0.910600	0.582665
4	86	0.861259	0.068393	0.680095	1.247527	-0.928771	1.069246	73	16	0	7.376961	0.901940	0.985969	0.865058	0.941228	0.869548	0.923829	0.843970	0.558531
4	87	0.564234	0.151840	0.507640	-0.060409	-0.599690	0.196479	81	19	0	7.043488	0.671183	0.524134	0.434974	0.624198	0.199647	0.944035	0.615218	0.500481
4	88	0.815787	0.102530	0.898218	0.363206	-0.473000	1.786749	115	25	0	8.176357	0.953095	0.823765	0.825369	0.920382	0.846937	0.371472	0.948845	0.836434
4	89	0.727029	0.301215	0.446154	-0.389531	1.229836	-0.773125	161	31	0	7.947708	0.700529	0.577614	0.477710	0.839400	0.554923	0.865058	0.897450	0.903544
4	90	0.881885	0.065266	0.674322	0.021046	-0.329987	0.237005	207	38	0	8.239352	0.905308	0.883419	0.836915	0.915571	0.740459	0.865058	0.961915	0.946440
4	91	0.770436	0.213699	0.557191	-0.525149	0.760052	-0.367030	197	34	0	8.952479	0.893922	0.574326	0.686658	0.803640	0.517720	0.865058	0.853111	0.969051
4	92	0.989587	0.007096	0.904208	0.810742	0.765839	1.218334	304	65	0	8.168176	0.989176	0.997194	0.969772	0.992223	0.986129	0.997194	0.994949	0.990058
4	93	0.943022	0.071801	0.944000	1.537322	-0.008976	2.388934	85	16	0	8.688922	0.975545	0.980035	0.981960	0.971697	0.914609	0.991020	0.891036	0.838278
4	94	0.961945	0.019925	0.888390	0.732442	-0.253678	1.380510	213	42	0	7.383059	0.984846	0.969933	0.961434	0.964160	0.855115	0.982922	0.994628	0.982521
4	95	0.935906	0.018922	0.679774	0.421290	-0.733395	0.256605	210	36	0	8.269096	0.974262	0.928239	0.945879	0.931928	0.899535	0.950609	0.928961	0.927838
4	96	0.610036	0.526760	0.629295	0.758804	1.754252	1.115297	46	9	0	7.209994	0.758499	0.061818	0.467768	0.942271	0.099262	0.950609	0.889112	0.710953
4	97	0.866030	0.070057	0.641391	0.327683	-0.481451	0.346681	162	31	0	7.394915	0.589561	0.865218	0.852870	0.861851	0.919580	0.956302	0.962075	0.920783
4	98	0.367473	0.203977	0.336319	-0.784468	-0.008685	-1.601452	75	12	0	9.125763	0.356879	0.124679	0.309173	0.446280	0.366180	0.116581	0.690747	0.529266
4	99	0.674220	0.433210	0.400245	0.799902	1.374528	-0.355959	51	11	0	7.547118	0.966565	0.329939	0.784638	0.765475	0.883980	0.849984	0.443954	0.369227
4	100	0.909688	0.056326	0.719612	0.211814	-0.459839	0.296155	158	34	1	8.201509	0.961915	0.946681	0.946520	0.799792	0.724182	0.981639	0.972418	0.944355
4	101	0.949296	0.051295	0.963885	1.189076	-0.082011	2.305261	120	24	0	8.417065	0.993987	0.992704	0.980356	0.972338	0.849663	0.993746	0.989657	0.821921
4	102	0.982190	0.007036	0.927025	0.259491	0.161426	1.249196	350	66	0	9.276599	0.982441	0.988855	0.987251	0.995109	0.926636	0.993746	0.992864	0.990619
4	103	0.767269	0.249659	0.548623	0.104386	0.803932	-0.018394	129	22	0	8.261881	0.913326	0.732842	0.715924	0.944115	0.523733	0.969933	0.800593	0.537684
4	104	0.744047	0.250481	0.416659	0.050638	0.722798	-0.761035	121	25	0	7.843649	0.907232	0.608643	0.613214	0.819917	0.416052	0.901219	0.849663	0.836434
4	105	0.806948	0.084449	0.754639	0.837376	-0.915461	1.323146	83	16	0	7.628674	0.279666	0.889753	0.950690	0.882377	0.875641	0.951010	0.910119	0.716325
4	106	0.362532	0.181968	0.489852	0.132905	-0.471708	0.693954	38	8	0	6.018509	0.985487	0.478352	0.059012	0.242784	0.175273	0.266357	0.308611	0.384381
4	107	0.592136	0.272551	0.563170	0.044626	0.415245	0.355903	69	15	0	8.714956	0.795382	0.448926	0.825609	0.655548	0.393121	0.584670	0.678239	0.355597
4	108	0.582194	0.274916	0.416659	-0.333454	0.607146	-0.632107	104	22	0	7.616725	0.484124	0.611450	0.373797	0.629650	0.202293	0.844131	0.706863	0.805244
4	109	0.564324	0.273212	0.530216	-0.302059	0.547624	0.118084	97	19	0	7.789793	0.722017	0.287765	0.438422	0.657954	0.177678	0.942511	0.634221	0.654025
4	110	0.621512	0.235367	0.609056	0.502067	0.081561	0.888976	62	13	0	6.985139	0.488534	0.614577	0.902101	0.439064	0.308130	0.932729	0.648012	0.638951
4	111	0.428169	0.265014	0.420542	-0.191594	0.299990	-0.218201	58	12	0	7.445371	0.714400	0.200850	0.316148	0.371472	0.018602	0.865058	0.498316	0.440507
4	112	0.582595	0.293938	0.569653	-0.067236	0.570880	0.269699	67	14	0	10.292024	0.746392	0.633740	0.432248	0.570879	0.238294	0.736209	0.853993	0.449006
4	113	0.759341	0.290411	0.584693	-0.304858	1.275536	0.043270	173	36	0	7.277638	0.806206	0.589641	0.683852	0.642720	0.523172	0.983082	0.916693	0.929362
4	114	0.858022	0.097218	0.640738	0.468197	-0.263341	0.398623	126	28	0	8.043203	0.620029	0.907793	0.869067	0.897771	0.846616	0.978752	0.974743	0.769403
4	115	0.732711	0.148493	0.420966	0.160919	-0.287430	-0.685144	102	21	0	8.211943	0.490860	0.649856	0.762027	0.803640	0.663566	0.946841	0.823605	0.721296
4	116	0.667595	0.240058	0.430805	0.168515	0.345190	-0.400553	88	21	0	7.181375	0.884140	0.497354	0.645847	0.652903	0.303159	0.983563	0.782473	0.591325
4	117	0.675323	0.302718	0.549711	0.557824	0.636240	0.357115	53	11	0	9.556381	0.542094	0.777983	0.727470	0.857842	0.300353	0.841084	0.837957	0.517800
4	118	0.563312	0.201471	0.472624	0.487490	-0.371693	0.192988	45	9	0	8.044339	0.957906	0.523332	0.245430	0.578656	0.555244	0.841084	0.483162	0.321681
4	119	0.817712	0.125882	0.613763	0.064480	-0.230389	-0.037641	131	22	1	8.354020	0.515956	0.979233	0.807890	0.817110	0.688101	0.990298	0.878688	0.864416
4	120	0.383740	0.205360	0.336319	-0.271976	-0.233332	-1.369921	43	8	0	9.592028	0.576892	0.298268	0.429362	0.488374	0.056607	0.518281	0.267158	0.434974
4	121	0.250621	0.243987	0.385137	-0.804984	0.435480	-0.747239	38	7	0	10.864277	0.393441	0.080500	0.301716	0.129169	0.128528	0.518281	0.355356	0.097979
4	122	0.540922	0.398713	0.336319	-0.608999	1.448032	-1.757262	119	23	0	7.701312	0.693393	0.144163	0.604314	0.334990	0.242704	0.962957	0.582505	0.762348
4	123	0.931106	0.059934	0.719429	1.255333	-0.314096	0.934329	93	21	0	8.387557	0.994788	0.921825	0.980035	0.929843	0.823845	0.967046	0.955500	0.875962
4	124	0.574798	0.189745	0.385137	-0.132248	-0.220687	-0.964618	81	16	0	8.521197	0.718489	0.366020	0.572723	0.682328	0.115539	0.801956	0.633098	0.708226
4	125	0.838598	0.113594	0.678136	0.747224	-0.355051	0.764839	91	18	0	8.508586	0.725786	0.883018	0.946360	0.934573	0.655709	0.804442	0.872595	0.886305
4	126	0.358593	0.190707	0.336319	-0.353414	-0.214019	-1.130730	58	13	0	6.458341	0.421344	0.282473	0.459750	0.218890	0.065747	0.537043	0.427037	0.456462
4	127	0.893912	0.123036	0.638527	-0.025923	0.561694	-0.032929	221	42	0	8.501354	0.978913	0.641437	0.861530	0.891677	0.841004	0.980997	0.987251	0.968489
4	128	0.955310	0.042676	0.541625	0.804759	0.007836	-0.325412	160	32	0	8.871212	0.983884	0.947963	0.977149	0.947482	0.916373	0.981879	0.986770	0.900978
4	129	0.798268	0.181968	0.385137	0.127632	0.354315	-1.313003	127	24	0	9.060087	0.947322	0.665651	0.771969	0.769965	0.444035	0.910279	0.958226	0.918698
4	130	0.543427	0.286782	0.336319	0.241261	0.396608	-1.283696	55	12	0	7.605629	0.655308	0.406030	0.350225	0.904426	0.114096	0.749519	0.633499	0.534317
4	131	0.691058	0.251944	0.394621	-0.428718	0.786410	-1.134907	166	35	0	6.724795	0.714400	0.281430	0.499519	0.635904	0.668858	0.971937	0.829298	0.927117
4	132	0.422737	0.121833	0.493780	-0.031360	-1.085042	0.424757	51	11	0	7.016975	0.474182	0.453977	0.147049	0.688021	0.387909	0.456382	0.501443	0.272931
4	133	0.485668	0.195819	0.440919	0.009917	-0.301350	-0.050342	62	13	0	7.012617	0.667094	0.519243	0.404506	0.309573	0.749759	0.419580	0.546424	0.269163
4	134	0.646999	0.266597	0.414231	0.309562	0.454471	-0.435635	77	15	0	7.521898	0.705661	0.457986	0.777983	0.520606	0.422466	0.641758	0.880131	0.769403
4	135	0.936798	0.045101	0.764684	0.409408	-0.123907	0.674592	208	42	0	7.934914	0.963679	0.958547	0.824487	0.858002	0.951331	0.984044	0.984846	0.969452
4	136	0.773342	0.241742	0.538887	-0.016994	0.875799	-0.028121	160	30	0	6.836446	0.778784	0.503929	0.641036	0.896007	0.770526	0.955180	0.678400	0.962877
4	137	0.766778	0.092868	0.763493	0.568132	-0.860543	1.394097	97	20	0	6.685954	0.827373	0.717768	0.597338	0.830901	0.741260	0.755131	0.895045	0.769403
4	138	0.351718	0.222017	0.336319	-0.074936	-0.118579	-1.134509	33	6	0	8.481522	0.270847	0.067030	0.366501	0.478512	0.222178	0.603031	0.487251	0.318393
4	139	0.573084	0.194355	0.612687	-0.036887	-0.170638	0.652198	86	15	0	7.567745	0.583307	0.442672	0.655629	0.483323	0.296183	0.603031	0.817351	0.703175
4	140	0.853362	0.118305	0.606765	0.043491	0.107694	0.024363	173	35	0	8.083487	0.831623	0.790651	0.692672	0.824166	0.866742	0.944917	0.930484	0.945638
4	141	0.880753	0.080581	0.643304	0.188261	-0.138280	0.262026	200	38	0	7.131507	0.885423	0.923910	0.855757	0.835311	0.722659	0.953175	0.913005	0.956783
4	142	0.857441	0.086774	0.568714	0.692480	-0.487713	0.152803	109	19	0	8.573104	0.836995	0.857120	0.895045	0.731078	0.769724	0.953175	0.942672	0.873717
4	143	0.712616	0.134662	0.478203	0.128388	-0.703216	-0.452948	75	17	1	8.561009	0.839721	0.531270	0.926796	0.703496	0.707906	0.780228	0.490218	0.721296
4	144	0.564715	0.230897	0.399100	-0.255832	0.226833	-0.716219	104	19	0	7.140201	0.681046	0.275176	0.617463	0.426475	0.463679	0.626203	0.729715	0.697963
4	145	0.634251	0.293538	0.511191	0.368933	0.526666	0.126725	55	11	0	9.717639	0.706944	0.610969	0.781671	0.544179	0.360327	0.869788	0.830901	0.369227
4	146	0.633389	0.181306	0.336319	-0.109724	-0.124292	-1.641917	111	19	0	7.447610	0.757617	0.601908	0.538967	0.593489	0.227149	0.869788	0.706382	0.771809
4	147	0.592457	0.158675	0.336319	0.502603	-0.662531	-1.159587	60	12	0	6.645523	0.576411	0.609606	0.231639	0.660359	0.364256	0.747114	0.928720	0.621552
4	148	0.845434	0.088438	0.804980	1.253438	-0.750326	1.757592	70	16	0	6.841968	0.924070	0.936979	0.900417	0.884942	0.790651	0.826972	0.889272	0.610167
4	149	0.576241	0.213739	0.436440	0.108264	-0.110017	-0.342420	62	14	0	8.468589	0.650096	0.361369	0.486369	0.531751	0.416854	0.780629	0.597258	0.785600
4	150	0.680254	0.138671	0.397336	0.010489	-0.438552	-0.830070	121	22	0	6.880953	0.522450	0.639352	0.702614	0.524695	0.882216	0.682489	0.629169	0.859044
4	151	0.436959	0.363133	0.397336	-0.103028	0.920186	-0.528010	52	9	0	8.361929	0.707585	0.264994	0.620750	0.214080	0.434253	0.682489	0.295783	0.275738
4	152	0.432489	0.189565	0.336319	-0.612652	-0.128524	-1.463318	96	18	0	6.782138	0.465122	0.118265	0.478993	0.498717	0.204458	0.639192	0.390876	0.664288
4	153	0.851778	0.179883	0.545805	-0.131591	0.823850	-0.347654	204	40	0	7.967015	0.884301	0.612733	0.770366	0.795382	0.810215	0.996392	0.965603	0.979233
4	154	0.669590	0.244227	0.514203	-0.190787	0.474707	-0.225792	108	19	0	9.511209	0.694756	0.466725	0.705180	0.462396	0.561818	0.761546	0.859846	0.844452
4	155	0.734245	0.101628	0.676097	-0.018948	-0.734822	0.614637	126	23	0	8.158485	0.822883	0.733082	0.694115	0.618666	0.530468	0.761546	0.970734	0.742463
4	156	0.416162	0.216284	0.439155	0.170203	-0.260094	0.059699	36	6	0	8.162206	0.407954	0.279747	0.330420	0.109525	0.420221	0.761546	0.735969	0.283916
4	157	0.881144	0.115960	0.859342	0.141116	0.252553	1.151363	167	37	0	8.505887	0.961113	0.791453	0.881254	0.837877	0.935936	0.761546	0.983884	0.896087
4	158	0.584399	0.427498	0.654231	0.787833	1.157480	1.344010	41	9	0	6.798314	0.625481	0.213358	0.965924	0.629089	0.164689	0.761546	0.896007	0.419099
4	159	0.784928	0.272992	0.843856	0.940540	0.777648	1.896894	72	15	0	7.115083	0.961594	0.794339	0.999118	0.917656	0.556607	0.761546	0.667014	0.621552
4	160	0.603782	0.278544	0.479405	0.080066	0.487197	-0.101114	73	14	0	8.709211	0.568233	0.427598	0.771969	0.594452	0.803801	0.286321	0.851908	0.525978
4	161	0.437249	0.272510	0.378138	-0.732874	0.531366	-1.181491	88	15	0	9.035323	0.560455	0.632938	0.268040	0.552197	0.128528	0.286321	0.543538	0.525978
4	162	0.840673	0.088037	0.801326	0.217467	-0.373896	1.123475	165	28	0	7.463951	0.916373	0.813663	0.789609	0.855997	0.825289	0.681126	0.954538	0.888791
4	163	0.862743	0.125842	0.671057	0.136765	0.220787	0.263994	161	28	0	9.491633	0.800914	0.880452	0.786081	0.926315	0.932569	0.787123	0.922306	0.866180
4	164	0.808341	0.253648	0.651998	0.903939	0.731611	0.823168	73	15	0	8.114470	0.919339	0.654586	0.988695	0.657473	0.944436	0.787123	0.676796	0.838278
4	165	0.732120	0.210592	0.460116	0.613245	0.172134	-0.067503	82	16	0	7.051054	0.586353	0.618586	0.651058	0.793217	0.961033	0.787123	0.904827	0.554763
4	166	0.677698	0.187159	0.463026	0.425100	-0.154550	-0.052881	79	16	0	7.230838	0.590683	0.359686	0.783355	0.615619	0.677758	0.919419	0.836113	0.638951
4	167	0.377385	0.146548	0.336319	-0.310019	-0.714999	-1.241897	53	11	0	7.552067	0.493746	0.284718	0.361289	0.207425	0.426235	0.627566	0.317591	0.300513
4	168	0.309082	0.257437	0.412318	-0.646029	0.478394	-0.253190	61	12	0	7.196277	0.322001	0.200850	0.038406	0.414609	0.575529	0.452293	0.063823	0.405148
4	169	0.256144	0.220895	0.336319	-1.021407	0.366014	-1.434399	56	12	0	8.594170	0.322001	0.004811	0.066870	0.257858	0.155949	0.452293	0.556206	0.233162
4	170	0.687801	0.379109	0.541602	0.007157	1.517334	0.217253	126	26	0	6.419599	0.851908	0.390394	0.538967	0.340523	0.676555	0.968008	0.747514	0.988534
4	171	0.970785	0.027522	0.891666	0.429923	0.284357	1.203674	285	62	0	7.454032	0.948926	0.963839	0.965763	0.945398	0.988294	0.975385	0.987412	0.991260
4	172	0.740900	0.193233	0.654231	0.157062	0.179460	0.534195	106	19	0	8.760126	0.591244	0.458547	0.656992	0.810215	0.831783	0.839801	0.956783	0.781831
4	173	0.591415	0.257417	0.450953	-0.808254	0.668805	-0.735642	156	27	0	8.316067	0.658114	0.443954	0.642559	0.439064	0.495510	0.884381	0.341485	0.826251
4	174	0.498507	0.385684	0.394621	-0.021508	1.090021	-0.635663	61	12	0	7.923888	0.586995	0.324166	0.264994	0.385584	0.161482	0.860487	0.716405	0.687941
4	175	0.548499	0.192391	0.504742	-0.169039	-0.187892	0.079414	87	15	0	7.808469	0.512989	0.587877	0.630212	0.289368	0.240619	0.801956	0.707264	0.617704
4	176	0.951612	0.044119	0.739325	0.212791	0.187089	0.348635	252	56	0	8.369836	0.985006	0.845253	0.986690	0.920141	0.948284	0.956703	0.986450	0.984365
5	1	0.972228	0.011486	0.866478	1.308581	-0.469567	1.352826	124	26	0	9.373318	0.970895	0.979875	0.974262	0.956462	0.979715	0.976187	0.980035	0.960391
5	2	0.988695	0.012668	0.977481	0.679865	0.864059	1.735170	306	59	0	9.075318	0.990138	0.989336	0.981318	0.984205	0.973942	0.997514	0.997354	0.995750
5	3	0.998176	0.002486	0.921115	0.602629	1.616533	0.551643	348	66	4	10.479805	0.998797	0.997354	0.999439	0.993345	0.999920	0.997033	0.999759	0.999759
5	4	0.978752	0.005773	0.897989	1.130982	-0.363058	1.519371	177	36	0	7.892166	0.988374	0.989496	0.993987	0.978913	0.989176	0.986931	0.985006	0.918137
5	5	0.976016	0.023914	0.889856	0.593089	0.324378	1.087400	249	46	0	8.918390	0.992383	0.955420	0.974904	0.954217	0.972017	0.991581	0.994468	0.973140
5	6	0.995750	0.004209	0.917415	0.897597	1.478518	1.104994	348	65	0	9.925994	0.999439	0.999439	0.999278	0.996232	0.980677	0.998797	0.999920	0.992223
5	7	0.762688	0.208086	0.619365	0.366279	0.366838	0.559872	108	21	0	7.263244	0.861369	0.652421	0.737973	0.603672	0.668858	0.910279	0.907232	0.759702
5	8	0.766858	0.175172	0.594406	-0.155429	0.262809	0.101712	151	31	0	7.864575	0.784076	0.632377	0.750321	0.590202	0.710311	0.881334	0.925353	0.860888
5	9	0.383319	0.177878	0.457654	-0.317650	-0.382330	0.073136	58	11	0	7.345675	0.751844	0.448445	0.374519	0.329939	0.131334	0.487332	0.120269	0.422867
5	10	0.172607	0.169239	0.378138	-1.146096	0.332179	-0.689889	46	7	0	8.198016	0.273733	0.042976	0.181527	0.028784	0.091886	0.240619	0.106960	0.414368
5	11	0.845173	0.143301	0.483323	0.423023	0.198069	-0.345714	134	26	0	7.718611	0.951812	0.647210	0.833788	0.945077	0.718008	0.831944	0.957585	0.875962
5	12	0.943513	0.042856	0.772267	0.167966	0.043723	0.500311	259	49	0	8.415929	0.985167	0.903544	0.944115	0.947883	0.855516	0.956944	0.978752	0.976187
5	13	0.899254	0.132597	0.781889	0.066162	0.664770	0.588437	182	37	0	10.187451	0.963358	0.858643	0.718409	0.874198	0.823445	0.985327	0.981479	0.989176
5	14	0.826541	0.206382	0.844669	0.151800	0.756509	1.234136	145	26	0	8.644394	0.872274	0.781751	0.717126	0.699888	0.942511	0.717447	0.963839	0.917495
5	15	0.682509	0.257356	0.619365	-0.097303	0.639605	0.448728	117	25	0	7.499645	0.836033	0.558291	0.645847	0.598300	0.276700	0.874519	0.900978	0.769403
5	16	0.482561	0.284417	0.485132	-0.577338	0.633985	-0.128362	97	18	0	7.822014	0.678480	0.296825	0.360087	0.559253	0.120911	0.612091	0.706863	0.525978
5	17	0.800152	0.346155	0.475247	-0.293382	1.876651	-0.599528	206	46	0	6.806354	0.824166	0.610167	0.576732	0.541212	0.937540	0.938342	0.976828	0.996232
5	18	0.834720	0.106599	0.570329	0.065386	-0.148513	-0.002500	173	35	0	7.203702	0.872114	0.796905	0.862652	0.747194	0.677518	0.809894	0.963518	0.947963
5	19	0.849152	0.105436	0.752245	0.319437	-0.194184	0.917599	139	31	0	7.660746	0.826732	0.815827	0.921504	0.696921	0.863935	0.785520	0.971697	0.911081
5	20	0.859786	0.140936	0.680473	0.807671	0.179284	0.876481	114	23	0	6.858334	0.932248	0.907232	0.916212	0.807649	0.580180	0.997996	0.963358	0.773412
5	21	0.671424	0.208367	0.715672	0.229014	0.054309	1.052992	84	15	0	8.302159	0.840362	0.120831	0.772691	0.759622	0.500000	0.823445	0.895366	0.659076
5	22	0.719241	0.230817	0.617028	0.267821	0.382049	0.516065	92	18	0	8.121821	0.876924	0.710151	0.880532	0.846616	0.474904	0.823445	0.672867	0.468489
5	23	0.727880	0.231058	0.610625	0.066305	0.525290	0.396698	122	22	0	7.609394	0.944115	0.559092	0.603432	0.622915	0.596216	0.823445	0.860407	0.813422
5	24	0.680915	0.210091	0.714916	0.092704	0.123338	0.919848	87	18	0	8.882216	0.785520	0.486530	0.926315	0.730436	0.348621	0.823445	0.728752	0.617704
5	25	0.540421	0.304642	0.617463	0.092412	0.598665	0.836873	66	14	0	7.355756	0.631575	0.599503	0.547867	0.380212	0.251203	0.823445	0.777021	0.312540
5	26	0.834369	0.211875	0.851381	0.487918	0.493772	1.192675	81	17	1	9.755000	0.977470	0.954057	0.939945	0.989817	0.395366	0.823445	0.990459	0.604394
5	27	0.885924	0.069395	0.855757	0.733363	-0.493684	1.517120	126	26	0	7.513129	0.971536	0.915411	0.977470	0.945879	0.824326	0.618265	0.932088	0.902421
5	28	0.617744	0.153323	0.629834	0.052526	-0.543878	0.654604	81	17	0	8.006071	0.719692	0.684333	0.903223	0.573845	0.336674	0.618265	0.668056	0.437861
5	29	0.705089	0.286983	0.814052	0.470008	0.676718	1.536029	70	14	0	8.687674	0.904185	0.818393	0.867303	0.772049	0.418137	0.618265	0.851187	0.391196
5	30	0.690276	0.306867	0.752829	0.857069	0.632022	1.496024	46	9	0	8.730380	0.849343	0.909798	0.862813	0.859766	0.359846	0.618265	0.756254	0.306126
5	31	0.849924	0.117784	0.750859	-0.008444	-0.139860	0.453746	135	28	1	9.151266	0.925513	0.939785	0.911722	0.963839	0.675032	0.618265	0.908515	0.856719
5	32	0.938031	0.060957	0.754502	0.433974	0.179357	0.633817	203	41	0	8.028504	0.968970	0.881895	0.920702	0.870510	0.945718	0.951732	0.980917	0.983804
5	33	0.975074	0.024154	0.990424	0.667055	0.080982	2.111398	177	36	1	9.108747	0.995109	0.988695	0.994628	0.976988	0.970093	0.953817	0.947643	0.973621
5	34	0.749990	0.307749	0.791315	0.876962	0.898884	1.694227	66	14	0	7.154737	0.973942	0.609606	0.874519	0.854394	0.473861	0.686738	0.989176	0.537684
5	35	0.680013	0.482120	0.489107	0.276626	1.831943	-0.087140	81	14	0	8.734708	0.786722	0.465202	0.932569	0.407232	0.412524	0.938903	0.992704	0.504250
5	36	0.507978	0.273493	0.336319	-0.744196	0.625971	-1.770850	113	25	0	7.832353	0.573926	0.004811	0.462235	0.409317	0.684173	0.403704	0.845173	0.680484
5	37	0.418548	0.142519	0.378138	-0.332930	-0.752697	-0.824140	62	13	0	7.652999	0.478913	0.346456	0.885263	0.510022	0.032152	0.405067	0.353191	0.337316
5	38	0.894434	0.105316	0.888608	1.242022	-0.162110	1.851006	78	14	0	9.131363	0.862813	0.995430	0.962556	0.964962	0.888149	0.935455	0.842928	0.703175
5	39	0.561548	0.388631	0.401448	0.179346	1.128976	-0.395184	64	15	0	7.188331	0.748877	0.798188	0.916052	0.714881	0.390876	0.209349	0.388069	0.326090
5	40	0.445698	0.369147	0.436440	-0.546521	1.190398	-0.290325	91	20	0	6.618228	0.587396	0.398172	0.237171	0.612171	0.054282	0.186257	0.975225	0.514913
5	41	0.980797	0.011466	0.883453	0.265614	0.324842	0.904462	366	77	0	7.976566	0.985808	0.977630	0.993666	0.988374	0.928239	0.982441	0.997835	0.992383
5	42	0.925142	0.053059	0.880979	0.694012	-0.304489	1.440231	146	30	0	8.445742	0.987733	0.969291	0.980516	0.942511	0.978111	0.875080	0.973461	0.694436
5	43	0.564665	0.252004	0.414231	-0.041293	0.290085	-0.453110	84	16	0	7.302960	0.677518	0.388631	0.403945	0.446280	0.502806	0.718249	0.502245	0.877646
5	44	0.956162	0.049491	0.785279	0.437051	0.330544	0.651899	241	44	0	8.192033	0.995911	0.925433	0.956623	0.951812	0.967367	0.994628	0.862572	0.994949
5	45	0.951742	0.069596	0.689155	0.647810	0.475226	0.284786	174	33	0	9.240056	0.978752	0.997675	0.986931	0.913807	0.929522	0.895606	0.991581	0.920061
5	46	0.679392	0.302017	0.399100	-0.442896	1.085977	-1.151028	144	27	0	8.500157	0.544419	0.486209	0.607922	0.443634	0.673990	0.814625	0.980677	0.883659
5	47	0.570468	0.223741	0.489737	-0.021606	0.071956	0.099376	83	17	0	7.169207	0.784237	0.507537	0.620029	0.602790	0.356639	0.267800	0.960471	0.464240
5	48	0.938663	0.075589	0.819596	-0.238863	0.516712	0.365520	290	57	1	8.153716	0.977149	0.891838	0.967207	0.908355	0.943794	0.988614	0.844532	0.987813
5	49	0.840002	0.132697	0.601061	-0.001497	0.201420	0.028381	172	35	0	7.867939	0.749920	0.857842	0.767880	0.769965	0.751844	0.944436	0.997514	0.880613
5	50	0.668367	0.278744	0.401448	0.638728	0.452407	-0.433145	56	11	0	8.127560	0.510183	0.840042	0.820398	0.267720	0.558691	0.688743	0.932729	0.728432
5	51	0.834569	0.165270	0.736427	0.425626	0.367164	0.977824	134	27	0	7.208356	0.925353	0.684814	0.732441	0.863695	0.876764	0.758258	0.916533	0.918698
5	52	0.788155	0.215362	0.728959	-0.108143	0.682512	0.654356	145	29	0	8.855541	0.857761	0.632938	0.674872	0.775818	0.629410	0.829057	0.945718	0.959670
5	53	0.744658	0.172547	0.592928	0.323578	-0.050307	0.362311	98	17	0	8.352256	0.740940	0.666693	0.937059	0.733403	0.507617	0.635584	0.939705	0.796264
5	54	0.948805	0.053740	0.765509	0.606208	0.185967	0.741251	199	40	0	7.725652	0.977630	0.832344	0.929682	0.986610	0.953977	0.994147	0.984365	0.931687
5	55	0.766056	0.097719	0.695134	0.792138	-0.922498	1.118905	80	13	0	7.520140	0.834670	0.814545	0.912925	0.859766	0.675513	0.792255	0.765795	0.472979
5	56	0.430835	0.307809	0.501936	-0.109531	0.610715	0.383187	58	11	0	7.198553	0.635343	0.512909	0.221937	0.396087	0.042174	0.598701	0.713438	0.326090
5	57	0.709579	0.098641	0.450266	-0.084551	-0.796215	-0.499488	134	25	0	7.325130	0.824567	0.757617	0.731639	0.687219	0.608323	0.692912	0.791693	0.582665
5	58	0.641487	0.309634	0.510355	0.251021	0.727256	0.067149	67	13	0	9.202937	0.415811	0.987251	0.913486	0.805484	0.078656	0.692912	0.679763	0.558531
5	59	0.750571	0.088157	0.593203	0.360718	-0.970539	0.445111	97	21	0	7.506155	0.745750	0.714320	0.562059	0.793618	0.812700	0.774615	0.903544	0.697963
5	60	0.850846	0.083026	0.645137	0.231567	-0.452830	0.269703	140	29	0	8.718265	0.954057	0.843169	0.856238	0.822482	0.730917	0.783194	0.883018	0.933691
5	61	0.530158	0.285038	0.485258	-0.133125	0.557448	0.110955	85	17	0	6.786886	0.689705	0.347418	0.563182	0.535119	0.208467	0.419580	0.792255	0.685536
5	62	0.427688	0.430164	0.461136	-0.627128	1.473430	-0.280870	77	14	0	8.961874	0.617303	0.110487	0.229955	0.407232	0.113294	0.671905	0.703817	0.567511
5	63	0.586614	0.309994	0.575369	-0.103652	0.753563	0.311483	81	14	0	9.170258	0.781350	0.531751	0.831703	0.340523	0.173829	0.554682	0.915571	0.563502
5	64	0.953957	0.063703	0.788876	0.149898	0.621539	0.513945	278	54	0	8.522670	0.960792	0.933691	0.910439	0.929041	0.918137	0.992062	0.989336	0.998156
5	65	0.363464	0.236790	0.336319	-0.616654	0.247844	-1.401223	73	12	0	7.689324	0.408515	0.222979	0.281430	0.256013	0.200529	0.544419	0.472178	0.521648
5	66	0.815326	0.092347	0.792335	0.191251	-0.515795	1.050046	131	26	0	8.584262	0.861851	0.600385	0.914448	0.790411	0.759381	0.822001	0.929682	0.844452
5	67	0.946069	0.061337	0.879490	1.182518	0.079291	1.679191	126	29	0	7.273031	0.919099	0.908355	0.983884	0.969612	0.991421	0.878608	0.975706	0.941870
5	68	0.721987	0.253548	0.399100	-0.410830	0.853772	-1.142472	163	33	0	7.607172	0.822563	0.612733	0.531911	0.439064	0.847338	0.766758	0.845654	0.909878
5	69	0.718239	0.332725	0.635927	0.073269	1.230789	0.491536	111	20	0	8.169089	0.480997	0.674070	0.700930	0.633419	0.943313	0.444836	0.945398	0.922947
5	70	0.632597	0.419219	0.542186	-0.207938	1.593841	0.081894	109	20	0	8.055468	0.434894	0.533194	0.377967	0.394323	0.905789	0.673669	0.917575	0.823364
5	71	0.730857	0.267519	0.518418	0.176444	0.741035	-0.058401	98	20	0	8.416334	0.661241	0.742303	0.382537	0.645526	0.941950	0.611289	0.970013	0.891998
5	72	0.680364	0.228111	0.401448	-0.537204	0.611223	-0.983989	178	37	0	6.700304	0.674551	0.439464	0.779266	0.403223	0.618265	0.776379	0.882858	0.868906
5	73	0.775858	0.098420	0.608082	0.201528	-0.647253	0.385639	124	27	0	7.280056	0.702774	0.605516	0.770847	0.739256	0.863133	0.778384	0.929923	0.817030
5	74	0.380352	0.290411	0.336319	-0.052920	0.481592	-1.038302	49	9	0	6.684830	0.363454	0.118265	0.268040	0.422306	0.137749	0.623236	0.612893	0.496873
5	75	0.810686	0.222338	0.689144	0.211507	0.767358	0.606113	126	27	0	8.339094	0.717848	0.674952	0.712716	0.693874	0.865539	0.937861	0.927838	0.954859
5	76	0.535640	0.165691	0.420553	-0.051697	-0.502052	-0.316001	75	17	0	7.030030	0.497514	0.368265	0.507777	0.166533	0.739737	0.594612	0.864336	0.546344
5	77	0.703837	0.089841	0.540789	-0.090797	-0.976033	-0.026953	113	24	0	8.353627	0.613294	0.500241	0.733483	0.714480	0.681607	0.675994	0.911402	0.800192
5	78	0.648002	0.219852	0.489737	-0.021618	0.164319	-0.161810	89	18	0	8.577030	0.942030	0.582585	0.353352	0.547306	0.671504	0.511386	0.847418	0.728432
5	79	0.735297	0.354775	0.474721	0.907666	1.077187	0.080584	53	11	0	8.237553	0.394403	0.714962	0.975225	0.791934	0.552117	0.954217	0.919259	0.580260
5	80	0.509171	0.150878	0.537742	-0.588120	-0.519121	0.068855	98	20	0	8.236663	0.426796	0.421183	0.719612	0.569195	0.458627	0.481719	0.398733	0.597498
5	81	0.490298	0.274996	0.399100	-0.256411	0.473212	-0.568544	84	15	0	7.130511	0.444756	0.220334	0.379570	0.377806	0.366180	0.614096	0.757296	0.762348
5	82	0.923418	0.043878	0.701869	0.331622	-0.564257	0.167776	159	29	1	8.798024	0.950048	0.932890	0.917976	0.982922	0.867142	0.848380	0.939144	0.948845
5	83	0.749850	0.179121	0.397336	0.147330	0.094972	-0.998853	111	22	0	8.203106	0.880212	0.615779	0.771087	0.594452	0.850706	0.672627	0.780789	0.833146
5	84	0.502526	0.145566	0.439155	-0.203773	-0.695385	-0.247931	78	16	0	7.286731	0.474182	0.448926	0.466725	0.449326	0.312540	0.581062	0.651459	0.635985
5	85	0.469933	0.271448	0.414231	-0.460830	0.455643	-0.568038	82	15	0	8.198354	0.483002	0.207425	0.362332	0.536321	0.219211	0.581062	0.648813	0.721296
5	86	0.240980	0.144424	0.336319	-0.729687	-0.391977	-1.217928	46	7	0	8.198016	0.253127	0.250641	0.168377	0.028784	0.090282	0.234205	0.413727	0.488695
5	87	0.866130	0.111750	0.721513	0.993426	-0.226909	1.085202	88	19	0	7.780801	0.959349	0.933531	0.970414	0.956944	0.931607	0.625481	0.915731	0.635985
5	88	0.566669	0.355075	0.464228	0.221352	0.921286	0.050568	65	13	0	7.387163	0.397370	0.563262	0.231639	0.678400	0.279907	0.857120	0.954217	0.571440
5	89	0.964400	0.029626	0.905148	0.279654	0.161163	1.188386	259	50	0	9.360608	0.999599	0.998477	0.978271	0.986450	0.817752	0.941228	0.999118	0.994307
5	90	0.824717	0.300212	0.589652	0.543639	1.307781	0.173746	97	16	0	10.340113	0.658675	0.978592	0.873076	0.575048	0.668858	0.906030	0.973140	0.964320
5	91	0.851327	0.237632	0.598861	0.502929	1.023753	0.166379	113	21	0	9.293543	0.965282	0.610648	0.997194	0.732200	0.985167	0.906030	0.881334	0.732761
5	92	0.730907	0.316649	0.568450	0.557558	1.023193	0.473606	86	14	0	7.529599	0.587396	0.337797	0.997835	0.859766	0.544660	0.750962	0.994147	0.774695
5	93	0.892499	0.132577	0.712247	0.687874	0.421990	0.787164	141	25	0	7.624285	0.934333	0.975144	0.750722	0.761867	0.958547	0.852870	0.982120	0.924391
5	94	0.848531	0.144203	0.518315	0.136248	0.134851	-0.557000	129	25	1	8.605340	0.782793	0.862652	0.644323	0.780228	0.956783	0.903865	0.923910	0.933691
5	95	0.991621	0.005412	0.988672	0.954544	0.774837	2.005799	254	55	0	9.228588	0.998637	0.996392	0.990138	0.987733	0.991902	0.979394	0.994307	0.994468
5	96	0.935365	0.079338	0.895469	1.012613	0.113821	1.604763	109	22	0	9.998820	0.989496	0.979073	0.986690	0.973942	0.879330	0.809493	0.955821	0.909076
5	97	0.886897	0.077453	0.772977	0.532346	-0.267498	1.006102	149	29	0	7.608909	0.884622	0.883820	0.611450	0.888310	0.983082	0.906751	0.955180	0.981960
5	98	0.331873	0.178941	0.394598	-0.203027	-0.370518	-0.305085	45	9	0	6.756937	0.275978	0.073284	0.909397	0.123396	0.188262	0.466325	0.305805	0.312540
5	99	0.440827	0.230997	0.336319	-0.209876	0.013304	-1.352614	57	12	0	7.970140	0.483483	0.429923	0.737171	0.153223	0.307088	0.282152	0.456623	0.676956
5	100	0.784277	0.163506	0.584887	0.474862	-0.047529	0.284601	90	17	0	9.014787	0.596536	0.890475	0.905869	0.471857	0.860888	0.775577	0.838198	0.934814
5	101	0.946169	0.028604	0.760801	1.080756	-0.571052	0.952942	127	27	0	8.259130	0.991742	0.956944	0.909397	0.948685	0.941950	0.891116	0.969452	0.960071
5	102	0.622414	0.265214	0.469371	0.771466	0.179457	0.243128	42	9	0	7.787667	0.495510	0.643682	0.737171	0.470734	0.771007	0.483643	0.966565	0.411001
5	103	0.938292	0.060676	0.852447	0.862957	-0.207223	1.076206	109	23	1	9.022683	0.996713	0.977309	0.905869	0.985969	0.942832	0.831944	0.923108	0.942591
5	104	0.635904	0.277021	0.772130	-0.244059	0.745460	1.228361	125	25	0	6.961820	0.547386	0.937380	0.438422	0.407232	0.515154	0.605597	0.727951	0.908114
5	105	0.908685	0.066008	0.853523	1.093794	-0.419807	1.642001	109	22	0	7.287524	0.987572	0.888951	0.962957	0.953095	0.889913	0.745831	0.951411	0.889753
5	106	0.965543	0.024154	0.908435	0.279741	0.090254	1.247706	268	54	0	8.961069	0.995430	0.991581	0.939464	0.977389	0.990138	0.874118	0.980917	0.975305
5	107	0.872134	0.082745	0.670863	0.402358	-0.292870	0.462790	153	26	0	8.153469	0.983242	0.868105	0.972979	0.928560	0.924872	0.592287	0.823364	0.883659
5	108	0.795903	0.330721	0.650027	0.278681	1.504806	0.520782	124	24	0	7.815078	0.883659	0.405468	0.560375	0.651058	0.956462	0.987412	0.967046	0.955741
5	109	0.770145	0.050854	0.807111	0.779861	-1.618513	1.707827	79	18	0	6.762502	0.800353	0.794019	0.793938	0.819596	0.888791	0.403704	0.898412	0.762348
5	110	0.884321	0.113334	0.630670	-0.727644	0.584361	-0.453739	353	69	0	9.127426	0.856879	0.713919	0.859365	0.844852	0.858162	0.979233	0.963198	0.998958
5	111	0.554041	0.143682	0.639627	0.068094	-0.747497	0.861179	73	13	0	7.640070	0.425273	0.513871	0.630773	0.414609	0.462716	0.500722	0.898573	0.585792
5	112	0.828155	0.075750	0.780067	0.619137	-0.816949	1.288020	109	23	0	7.264793	0.912845	0.873236	0.883820	0.875641	0.847338	0.786241	0.807168	0.638951
5	113	0.631845	0.174932	0.519678	0.194706	-0.339196	0.203973	80	15	0	7.764575	0.410840	0.689064	0.883820	0.686658	0.278143	0.768521	0.611851	0.725866
5	114	0.793016	0.147370	0.730723	0.341814	-0.049445	0.984028	120	23	0	7.565507	0.929362	0.816309	0.518441	0.741100	0.885744	0.740298	0.895847	0.817030
5	115	0.825629	0.316168	0.744846	0.954134	1.372134	1.370145	88	18	0	6.697602	0.624198	0.970975	0.991421	0.984686	0.534878	0.821440	0.991902	0.685536
5	116	0.887328	0.025738	0.740035	0.190129	-1.053932	0.775539	205	49	0	6.443973	0.878287	0.848220	0.859124	0.897931	0.903143	0.888951	0.928079	0.894885
5	117	0.776620	0.168918	0.462464	-0.001893	0.210105	-0.499641	142	32	0	7.271332	0.726828	0.765795	0.968650	0.451652	0.722418	0.773092	0.887027	0.917495
5	118	0.665992	0.394063	0.609445	0.609382	1.216656	0.798418	59	12	0	7.783567	0.468570	0.843169	0.968810	0.908836	0.099984	0.456382	0.787604	0.794580
5	119	0.772310	0.109365	0.564590	0.007772	-0.505717	0.006608	131	27	0	8.303197	0.827053	0.799872	0.700930	0.781671	0.686418	0.685856	0.797386	0.899294
5	120	0.317511	0.170141	0.336319	-0.494968	-0.337200	-1.157897	54	12	0	6.864656	0.528464	0.308130	0.466725	0.120510	0.337155	0.419580	0.046985	0.312540
6	1	0.904596	0.066108	0.670553	1.435942	-0.582727	0.982152	84	15	0	7.334296	0.887348	0.964320	0.856719	0.939625	0.923268	0.770205	0.988374	0.906911
6	2	0.856368	0.085732	0.704469	1.051154	-0.705746	0.952153	66	16	0	9.389781	0.879410	0.899695	0.748717	0.894403	0.887668	0.830420	0.970253	0.740378
6	3	0.515324	0.206182	0.693771	0.009131	-0.194905	1.176971	65	13	0	7.621063	0.350305	0.592848	0.695398	0.579298	0.271007	0.484445	0.432970	0.716325
6	4	0.423158	0.241461	0.336319	-0.012333	0.058236	-1.113970	52	11	0	6.785916	0.317591	0.357761	0.246713	0.333307	0.680003	0.495109	0.197563	0.757216
6	5	0.457034	0.284277	0.530949	-0.207822	0.470040	0.405084	66	13	0	7.555242	0.370350	0.217768	0.386867	0.371472	0.572643	0.791613	0.197563	0.747996
6	6	0.816208	0.162624	0.726175	-0.172163	0.396404	0.509340	168	31	0	9.173756	0.691629	0.783435	0.617463	0.837476	0.940908	0.789849	0.917174	0.951732
6	7	0.633559	0.137247	0.336319	0.041218	-0.693148	-1.653174	81	16	0	8.771497	0.637027	0.613053	0.470815	0.701251	0.711915	0.586033	0.839801	0.508579
6	8	0.645486	0.223942	0.385137	0.406320	0.050956	-0.738483	67	14	0	7.676831	0.663326	0.347418	0.369949	0.614176	0.872755	0.864256	0.684012	0.747996
6	9	0.665380	0.116802	0.394621	0.662102	-1.093062	-0.658419	52	9	0	8.976599	0.776379	0.630452	0.631976	0.696921	0.603752	0.588679	0.530468	0.864416
6	10	0.523954	0.354915	0.463186	-0.151685	0.942653	-0.189336	68	13	0	8.961213	0.501283	0.262588	0.157713	0.439064	0.779506	0.524134	0.739978	0.787364
6	11	0.461845	0.124258	0.399100	0.061574	-1.103028	-0.390999	50	10	0	7.778467	0.428480	0.308130	0.253528	0.461033	0.434493	0.525657	0.761786	0.521648
6	12	0.876543	0.099944	0.621335	0.654921	-0.109026	0.454954	132	29	0	6.970617	0.942832	0.786722	0.735327	0.914288	0.966084	0.897290	0.844291	0.925513
6	13	0.536191	0.160920	0.676681	0.237988	-0.720072	1.144377	49	11	0	8.264369	0.415491	0.477149	0.423108	0.575048	0.602870	0.834509	0.386145	0.575208
6	14	0.761446	0.138771	0.561670	0.174466	-0.245360	0.185061	119	26	0	7.380742	0.808772	0.625321	0.693634	0.648252	0.951972	0.756174	0.749519	0.857922
6	15	0.247805	0.239717	0.336319	-0.569279	0.392104	-1.078937	37	9	0	7.487929	0.189625	0.086995	0.020767	0.173188	0.377566	0.179923	0.432729	0.521648
6	16	0.398342	0.212877	0.447918	-0.264967	-0.157809	-0.095659	46	10	0	8.808547	0.555965	0.403704	0.212716	0.502245	0.421584	0.179923	0.577774	0.332826
6	17	0.609575	0.251042	0.397336	0.024311	0.284517	-0.786527	74	18	0	8.263470	0.486770	0.549711	0.449006	0.822081	0.753608	0.470574	0.727149	0.617704
6	18	0.483112	0.163667	0.455638	0.143273	-0.750614	-0.046091	40	8	0	9.555484	0.403784	0.389753	0.417816	0.478512	0.648493	0.535760	0.129891	0.860888
6	19	0.883329	0.116902	0.527295	0.200942	0.312884	-0.271870	185	43	0	7.065309	0.865378	0.748477	0.706783	0.914529	0.948926	0.983403	0.933691	0.965443
6	20	0.675954	0.242142	0.574785	0.340222	0.319982	0.453177	82	14	0	7.956035	0.713759	0.396809	0.455340	0.601748	0.698044	0.786241	0.870430	0.885263
6	21	0.395516	0.163286	0.426956	-0.545319	-0.462795	-0.308087	69	15	0	7.588590	0.444275	0.203817	0.321360	0.338037	0.321039	0.488534	0.205099	0.841966
6	22	0.473300	0.184493	0.542186	-0.190731	-0.359010	0.407889	68	12	0	7.963454	0.414128	0.377325	0.300273	0.442351	0.838278	0.260985	0.644484	0.508579
6	23	0.636085	0.253989	0.566205	0.780674	0.173012	0.895586	54	12	0	6.130902	0.813182	0.741902	0.733804	0.833708	0.778143	0.159076	0.551395	0.477470
6	24	0.483102	0.195839	0.566412	0.049431	-0.361050	0.650539	52	11	0	7.941549	0.850786	0.807649	0.191068	0.394323	0.396248	0.346135	0.385664	0.492944
6	25	0.851227	0.069415	0.643155	-0.021200	-0.548636	0.131017	170	35	0	8.517361	0.892479	0.805564	0.624759	0.845173	0.941309	0.863294	0.872274	0.964962
6	26	0.695358	0.256334	0.527903	0.486838	0.360071	0.139998	59	12	0	10.204541	0.891838	0.876764	0.736209	0.832024	0.461434	0.361289	0.774615	0.628688
6	27	0.663847	0.335812	0.539265	0.258245	1.015520	0.306834	84	17	0	7.462298	0.881254	0.828015	0.376844	0.742303	0.636145	0.495109	0.499198	0.851908
6	28	0.665511	0.193032	0.505005	0.163544	-0.106976	-0.022701	77	17	0	8.797588	0.571119	0.719532	0.800834	0.726588	0.665010	0.495109	0.475465	0.870430
6	29	0.364797	0.092507	0.336319	-0.236321	-1.350562	-1.196578	47	9	0	7.760016	0.511145	0.362412	0.377967	0.294339	0.309333	0.240619	0.458467	0.364096
6	30	0.493916	0.065827	0.526265	-0.544490	-1.568783	0.167048	100	22	0	7.061145	0.386626	0.432328	0.325529	0.602790	0.416613	0.425994	0.425192	0.936257
6	31	0.808160	0.102490	0.586479	-0.022528	-0.403033	-0.049041	141	29	0	9.183781	0.868505	0.856158	0.763069	0.863454	0.929041	0.612973	0.812380	0.759702
6	32	0.656761	0.140435	0.454137	0.159109	-0.647878	-0.367361	76	15	0	9.176654	0.651539	0.845574	0.126443	0.690266	0.911241	0.670943	0.600866	0.757216
6	33	0.746562	0.190447	0.478203	0.662558	0.024887	0.028337	81	15	0	7.363882	0.866982	0.289609	0.902261	0.822242	0.945558	0.570799	0.851507	0.723541
6	34	0.702484	0.183992	0.440919	-0.042987	0.051772	-0.573567	115	24	0	7.839668	0.644564	0.737973	0.613614	0.674070	0.854073	0.319355	0.809734	0.966485
6	35	0.734686	0.241421	0.401448	-0.182474	0.722261	-0.964824	145	30	0	7.518511	0.863935	0.647210	0.602870	0.702293	0.918377	0.688743	0.497835	0.956222
6	36	0.586694	0.296424	0.440919	0.235133	0.542154	-0.225059	63	12	0	8.180759	0.678480	0.421183	0.415731	0.371472	0.690747	0.843489	0.479715	0.792736
6	37	0.646518	0.321460	0.378138	0.228237	0.924267	-0.861755	87	20	0	6.461063	0.537845	0.411321	0.567431	0.322803	0.951812	0.926956	0.659397	0.794580
6	38	0.868365	0.069215	0.738294	0.600341	-0.671818	0.847740	107	24	0	9.123919	0.917656	0.919419	0.887668	0.877245	0.966886	0.890715	0.763791	0.723541
6	39	0.566960	0.165390	0.414277	-0.227410	-0.409755	-0.597594	89	18	0	7.950825	0.591966	0.439464	0.576331	0.356318	0.829939	0.593730	0.457024	0.690908
6	40	0.663075	0.260343	0.461262	0.498112	0.406308	0.046694	76	15	0	6.680992	0.772530	0.730757	0.451331	0.696921	0.926475	0.441950	0.522290	0.762348
6	41	0.455701	0.244047	0.439155	-0.231317	0.108243	-0.272848	57	12	0	8.661795	0.372354	0.309012	0.245430	0.345574	0.688101	0.574808	0.512829	0.597498
6	42	0.516948	0.279686	0.336319	-0.075015	0.413728	-1.503575	67	11	0	8.810240	0.592367	0.767559	0.228111	0.322803	0.628287	0.421023	0.403624	0.771809
6	43	0.508339	0.097298	0.414231	-0.331427	-1.247273	-0.631025	76	14	0	9.117144	0.629169	0.461434	0.613214	0.487251	0.494067	0.356479	0.552117	0.472979
6	44	0.753237	0.068574	0.511970	0.174742	-1.239755	-0.197145	98	20	0	9.341651	0.919901	0.774856	0.769003	0.744869	0.797146	0.453656	0.724503	0.841966
6	45	0.423709	0.251102	0.439155	-0.062793	0.128490	-0.022988	52	10	0	7.430698	0.555083	0.443954	0.003127	0.592287	0.685375	0.366020	0.180324	0.563502
6	46	0.747815	0.132176	0.664105	0.133803	-0.377469	0.633963	114	24	0	7.824890	0.818874	0.732360	0.648974	0.705741	0.904827	0.715763	0.617704	0.838278
6	47	0.453887	0.193313	0.378138	-0.295925	-0.251644	-0.875484	69	14	0	7.640537	0.494788	0.293698	0.398012	0.327534	0.594852	0.447883	0.323364	0.750962
6	48	0.438502	0.120309	0.336319	-0.551319	-0.925697	-1.530588	80	16	0	7.910142	0.408515	0.388631	0.442992	0.297947	0.447643	0.602149	0.229233	0.690908
6	49	0.268010	0.169620	0.378138	-0.623127	-0.227983	-0.663905	50	8	0	7.710966	0.447001	0.176956	0.231639	0.150257	0.283996	0.121632	0.313502	0.419099
6	50	0.770516	0.228372	0.436440	-0.036013	0.704339	-0.755404	136	31	0	7.754330	0.711434	0.615218	0.581062	0.722097	0.940106	0.907633	0.735648	0.950930
6	51	0.591214	0.080941	0.533893	-0.156037	-1.400156	0.109509	83	18	0	8.518880	0.585953	0.596777	0.528544	0.571520	0.523733	0.642800	0.515795	0.764593
6	52	0.920281	0.075008	0.753917	0.756413	-0.071701	0.837012	131	26	0	8.899699	0.981960	0.923108	0.894724	0.956142	0.986610	0.927598	0.825930	0.866180
6	53	0.800062	0.230316	0.443680	0.807813	0.585363	-0.258035	87	16	0	7.386260	0.656270	0.576171	0.869387	0.886466	0.944917	0.881735	0.666854	0.918698
6	54	0.820237	0.027782	0.688319	0.252673	-1.625988	0.666565	138	29	0	7.503956	0.857200	0.839080	0.853512	0.837075	0.893842	0.842367	0.467126	0.971697
6	55	0.537875	0.214220	0.538887	0.554578	-0.318663	0.635688	40	6	0	8.301080	0.686899	0.686498	0.377245	0.754169	0.677518	0.504089	0.070237	0.546344
6	56	0.559914	0.312500	0.540376	-0.357694	0.867464	0.185071	98	23	0	7.395909	0.441068	0.516998	0.003127	0.400096	0.883258	0.701411	0.869067	0.664288
6	57	0.781170	0.099844	0.660313	0.315752	-0.678191	0.664021	106	26	0	7.578164	0.748477	0.789047	0.462235	0.766758	0.941068	0.861851	0.817351	0.862572
6	58	0.554803	0.216044	0.513459	0.083765	-0.054952	0.315405	74	15	0	7.062430	0.619869	0.299230	0.792255	0.340523	0.482842	0.539929	0.719051	0.644724
6	59	0.907733	0.063783	0.766334	0.370378	-0.275599	0.716249	149	34	0	9.286468	0.815507	0.947643	0.855356	0.895767	0.954859	0.925112	0.971536	0.896087
6	60	0.766357	0.114176	0.426956	0.101161	-0.520453	-0.786502	118	23	0	8.646741	0.841966	0.692672	0.776379	0.524695	0.818393	0.730677	0.833146	0.912925
6	61	0.779416	0.086574	0.615172	0.423545	-0.930471	0.395361	89	18	0	9.130936	0.860568	0.799310	0.672707	0.743345	0.689865	0.792816	0.874840	0.801876
6	62	0.556146	0.309233	0.563869	0.121510	0.616863	0.513260	61	13	0	8.124606	0.406992	0.295301	0.788647	0.691469	0.429522	0.913807	0.518281	0.405148
6	63	0.646959	0.091786	0.477057	-0.018809	-1.153916	-0.268627	89	17	0	8.816799	0.611690	0.567591	0.635423	0.688021	0.705741	0.664288	0.538326	0.764593
6	64	0.400036	0.130172	0.401448	-0.131633	-0.987265	-0.295525	45	10	0	7.847021	0.344452	0.378768	0.137588	0.530789	0.451491	0.331222	0.598621	0.427357
6	65	0.892519	0.091806	0.738076	0.499974	-0.045399	0.706276	133	28	0	9.177183	0.989978	0.888149	0.995269	0.932168	0.871151	0.805805	0.775577	0.882056
6	66	0.413977	0.228532	0.538463	0.021497	-0.094282	0.671566	42	10	0	7.437772	0.558130	0.299230	0.414609	0.303720	0.522130	0.244788	0.391357	0.577854
6	67	0.340272	0.155168	0.378138	0.036432	-0.764169	-0.472093	27	6	0	7.892125	0.394403	0.299711	0.261466	0.577213	0.297867	0.150257	0.259702	0.481559
6	68	0.796745	0.191910	0.597773	0.133373	0.440459	0.124051	127	24	0	8.931378	0.805725	0.912203	0.651860	0.558531	0.942191	0.822482	0.931446	0.749519
6	69	0.686377	0.071921	0.564762	0.726036	-1.582851	0.633228	58	12	0	7.608706	0.716084	0.532473	0.607601	0.700369	0.783916	0.768521	0.673829	0.708226
6	70	0.876734	0.151720	0.754662	-0.283057	0.768449	0.413028	225	48	0	9.175364	0.945558	0.781190	0.700930	0.814304	0.957585	0.958226	0.884782	0.971296
6	71	0.894474	0.062280	0.471914	-0.079510	-0.354978	-1.029210	202	41	1	7.656067	0.907874	0.818714	0.876764	0.813182	0.910119	0.967768	0.892880	0.968489
6	72	0.412033	0.274695	0.525875	-0.118474	0.312908	0.463269	47	9	0	8.250424	0.598861	0.391517	0.143682	0.251443	0.878207	0.346135	0.201251	0.485167
6	73	0.882457	0.119007	0.860247	0.575937	0.179715	1.471063	139	29	0	7.496981	0.932409	0.834108	0.993505	0.904025	0.911802	0.693634	0.804522	0.985648
6	74	0.765425	0.194195	0.826824	0.759555	0.088400	1.731057	75	16	0	7.403812	0.864897	0.832826	0.886867	0.705260	0.960632	0.478833	0.805083	0.588999
6	75	0.691699	0.310075	0.603695	0.874722	0.722852	0.879954	58	9	0	7.489626	0.954859	0.799150	0.811979	0.843169	0.752486	0.396969	0.443072	0.531911
6	76	0.800022	0.205661	0.630349	0.729012	0.321289	0.590860	72	17	0	8.922684	0.943954	0.865860	0.442992	0.991742	0.938502	0.749519	0.688262	0.779346
6	77	0.447302	0.150216	0.394621	-0.664895	-0.542387	-0.872295	88	19	0	7.844229	0.332184	0.396167	0.119468	0.522611	0.448765	0.463037	0.553720	0.742463
6	78	0.467778	0.220855	0.440919	-0.647045	0.088365	-0.498206	84	19	0	8.619437	0.326090	0.415811	0.216886	0.465202	0.542415	0.352229	0.784638	0.638951
6	79	0.542636	0.164669	0.450678	-0.083023	-0.557283	-0.292843	66	13	0	9.138391	0.563823	0.479233	0.918297	0.137428	0.788406	0.565346	0.388069	0.500481
6	80	0.765234	0.187720	0.336319	0.127692	0.278550	-1.750591	124	29	0	7.211604	0.676155	0.645847	0.728833	0.830019	0.936578	0.577453	0.877886	0.849102
6	81	0.597328	0.302538	0.399100	-0.403193	0.882781	-0.894923	118	24	0	7.584179	0.740779	0.324166	0.543457	0.474904	0.711353	0.385744	0.799952	0.798268
6	82	0.731799	0.270827	0.618242	0.935577	0.531632	0.936443	62	11	0	7.197765	0.972498	0.407312	0.943153	0.688021	0.878608	0.685055	0.839240	0.440507
6	83	0.674501	0.141537	0.548039	0.343797	-0.623591	0.337249	75	16	0	7.930955	0.773974	0.585231	0.448284	0.631174	0.707104	0.756976	0.839240	0.654025
6	84	0.794600	0.183671	0.477069	0.155144	0.358061	-0.457002	128	25	0	8.391218	0.680324	0.795141	0.916854	0.735087	0.901139	0.925112	0.527181	0.875962
6	85	0.526690	0.455681	0.662180	0.500213	1.292746	1.276523	42	8	0	7.583580	0.664128	0.747434	0.736931	0.522611	0.287524	0.231158	0.750802	0.272931
6	86	0.575028	0.334630	0.553468	0.543007	0.706873	0.709379	53	9	0	7.276399	0.755212	0.051155	0.606398	0.466645	0.983403	0.717447	0.750802	0.269163
6	87	0.375892	0.188482	0.336319	-0.601489	-0.215672	-1.515043	66	10	0	9.115835	0.454137	0.340843	0.198044	0.487251	0.251203	0.290972	0.281511	0.703175
6	88	0.410610	0.200128	0.336319	-0.549255	-0.100581	-1.415464	76	17	0	7.216191	0.378448	0.195398	0.532633	0.316870	0.476588	0.280789	0.499759	0.604394
6	89	0.660820	0.298769	0.550777	0.081065	0.831678	0.258765	99	18	0	7.553391	0.846937	0.387508	0.602309	0.650738	0.848701	0.280789	0.733884	0.935696
6	90	0.765725	0.199888	0.552747	0.526220	0.218102	0.291740	87	19	0	7.661082	0.706623	0.794339	0.683852	0.514272	0.975385	0.872755	0.672867	0.905709
6	91	0.923238	0.056587	0.820741	0.186520	-0.074179	0.898190	224	49	0	7.741651	0.948605	0.828977	0.844772	0.919099	0.982601	0.926956	0.944115	0.990779
6	92	0.747244	0.196420	0.421367	-0.019577	0.306172	-0.824841	127	24	0	8.359797	0.770927	0.456462	0.673669	0.631174	0.933852	0.760343	0.908355	0.843169
6	93	0.932108	0.056887	0.703072	0.192378	0.111202	0.326062	253	51	0	7.479165	0.956944	0.927277	0.796745	0.936738	0.983563	0.988855	0.893602	0.973140
6	94	0.888771	0.094231	0.720964	0.233030	0.048283	0.486464	160	31	0	9.419037	0.931607	0.828736	0.847739	0.785038	0.959750	0.909798	0.893441	0.954057
6	95	0.798479	0.182409	0.646889	0.178088	0.147355	0.196205	93	21	1	8.962830	0.826411	0.554201	0.662765	0.720093	0.862492	0.936097	0.953576	0.872194
6	96	0.831422	0.092567	0.653762	0.921208	-0.716256	0.697213	75	13	0	9.353868	0.897771	0.799872	0.807489	0.661321	0.821119	0.954378	0.810135	0.899294
6	97	0.571510	0.296464	0.460116	-0.209243	0.678886	-0.312037	86	17	0	8.384869	0.536802	0.319115	0.404506	0.604554	0.764833	0.856479	0.405308	0.680484
6	98	0.802788	0.093269	0.723174	0.759494	-0.837688	1.021742	73	14	0	9.602733	0.955340	0.616661	0.638951	0.853512	0.824166	0.807569	0.874198	0.851908
6	99	0.938893	0.044039	0.772313	-0.226111	-0.148454	-0.026282	234	46	2	9.925599	0.950208	0.961594	0.819997	0.871793	0.964641	0.986770	0.971216	0.984926
6	100	0.833457	0.113975	0.600041	0.803297	-0.407139	0.437994	86	17	0	8.416766	0.823845	0.764833	0.848220	0.727389	0.960792	0.751924	0.855837	0.934814
6	101	0.616601	0.242162	0.336319	-0.075424	0.305602	-1.598849	88	21	0	7.632410	0.522130	0.436818	0.585712	0.318954	0.786562	0.856479	0.697723	0.728432
6	102	0.526359	0.270466	0.336319	-0.062820	0.396173	-1.323610	74	19	0	6.577953	0.449166	0.259622	0.393361	0.807248	0.567832	0.906751	0.255452	0.571440
6	103	0.873898	0.134742	0.786287	1.398813	-0.116886	1.414696	53	10	0	10.560505	0.959189	0.921584	0.953416	0.825289	0.938663	0.890475	0.754570	0.747996
6	104	0.644413	0.254470	0.401448	0.095376	0.376193	-0.691907	79	18	0	8.294791	0.743505	0.541774	0.472659	0.614176	0.885343	0.358082	0.606078	0.933691
6	105	0.782112	0.094973	0.669534	1.299341	-1.085380	1.219994	51	8	0	7.758112	0.897450	0.855115	0.892800	0.836434	0.736129	0.358082	0.803239	0.877646
6	106	0.373948	0.218249	0.336319	-0.522585	0.038189	-1.340161	60	15	0	7.471774	0.436498	0.174631	0.357040	0.211995	0.682970	0.358082	0.248717	0.521648
6	107	0.496863	0.150377	0.397336	-0.161761	-0.688741	-0.621058	69	15	0	7.623300	0.467126	0.316068	0.475946	0.407232	0.781911	0.358082	0.415090	0.753448
6	108	0.880352	0.075349	0.530388	0.638286	-0.433960	-0.072899	129	26	0	7.782917	0.866822	0.745911	0.863855	0.918938	0.979875	0.820157	0.956302	0.890956
6	109	0.903414	0.076932	0.749267	1.011805	-0.269629	1.128490	114	23	0	7.310058	0.917495	0.931286	0.862171	0.951010	0.973140	0.903303	0.850625	0.838278
6	110	0.702975	0.098741	0.557890	0.401039	-1.083121	0.257578	72	13	0	9.552631	0.766437	0.617543	0.722338	0.758820	0.886225	0.676796	0.512267	0.683371
6	111	0.761025	0.137067	0.766219	0.183757	-0.268188	1.143104	123	23	0	7.511114	0.838679	0.693794	0.714320	0.678400	0.823124	0.676796	0.802197	0.860888
6	112	0.860167	0.081603	0.624416	0.501297	-0.483776	0.300623	121	25	0	8.538668	0.927919	0.832665	0.949246	0.888470	0.876924	0.674952	0.824246	0.906911
6	113	0.650557	0.121252	0.456336	0.151049	-0.907995	-0.411654	73	12	0	10.811691	0.730035	0.683050	0.505773	0.594452	0.574246	0.943794	0.601668	0.571440
6	114	0.747855	0.268060	0.616375	0.068512	0.910811	0.399099	131	25	0	7.395587	0.618265	0.540250	0.547867	0.783275	0.931446	0.792255	0.852710	0.916774
6	115	0.619087	0.164088	0.542449	0.260324	-0.541864	0.318578	62	13	0	8.756929	0.687861	0.463598	0.506334	0.627566	0.950048	0.588679	0.474583	0.654025
6	116	0.591164	0.139292	0.479669	-0.150881	-0.684279	-0.165207	82	19	0	8.318230	0.536482	0.412203	0.426074	0.625802	0.968489	0.693634	0.537364	0.529266
6	117	0.512518	0.181948	0.508568	0.293427	-0.507026	0.510665	51	12	0	6.816473	0.694195	0.474904	0.109124	0.500882	0.707745	0.605597	0.616501	0.391196
6	118	0.496753	0.323184	0.455638	0.384407	0.599649	0.279440	49	10	0	6.493442	0.403784	0.337797	0.301716	0.401780	0.821440	0.819436	0.596135	0.291934
6	119	0.798288	0.074828	0.509255	-0.021235	-0.790098	-0.320866	149	32	0	7.832966	0.855757	0.718970	0.504250	0.817672	0.904025	0.819436	0.823605	0.942591
6	120	0.589831	0.317351	0.541980	-0.020059	0.764931	0.163764	72	13	0	9.730961	0.820478	0.321199	0.636466	0.775818	0.555885	0.816549	0.274455	0.517800
6	121	0.945408	0.042876	0.855894	1.216225	-0.317396	1.463169	119	22	0	8.278886	0.969933	0.940587	0.988855	0.910760	0.933531	0.973060	0.881094	0.965443
6	122	0.840653	0.120390	0.822104	0.463885	-0.122554	1.330846	125	25	0	7.810196	0.898813	0.675994	0.805564	0.875481	0.897611	0.916453	0.714641	0.940667
6	123	0.700750	0.173388	0.517685	0.241022	-0.199786	0.000503	85	16	0	8.875953	0.735407	0.514352	0.808611	0.708627	0.940587	0.416533	0.807489	0.674391
6	124	0.867413	0.146248	0.639719	0.430172	0.433558	0.409340	150	31	0	7.211424	0.704538	0.745269	0.935776	0.807248	0.948605	0.943233	0.918377	0.936257
6	125	0.887027	0.081142	0.731444	0.414684	-0.225992	0.677864	141	30	0	8.771230	0.981639	0.875802	0.946681	0.911161	0.939144	0.836915	0.737332	0.867543
6	126	0.404015	0.155188	0.530216	-0.149203	-0.691129	0.546644	51	10	0	7.558052	0.523573	0.180003	0.509862	0.379009	0.500401	0.352229	0.333627	0.453416
6	127	0.539108	0.316128	0.490275	0.266131	0.611523	0.302223	54	12	0	7.424569	0.422947	0.246472	0.408836	0.733964	0.789929	0.740298	0.455500	0.514913
6	128	0.898673	0.123717	0.750378	0.206814	0.556667	0.650869	192	39	0	8.003430	0.821440	0.769804	0.842607	0.901620	0.977951	0.963679	0.960151	0.952133
6	129	0.668487	0.116301	0.650188	0.941186	-1.159584	1.163690	45	8	0	7.730099	0.610648	0.613695	0.723861	0.745350	0.680003	0.818473	0.647290	0.508579
6	130	0.858373	0.101026	0.678274	0.215372	-0.089679	0.457252	165	30	0	7.903194	0.829538	0.815026	0.860969	0.825770	0.966565	0.691790	0.909958	0.967367
6	131	0.626824	0.096997	0.436440	0.646648	-1.394411	-0.118671	47	10	0	8.077997	0.603191	0.385103	0.711193	0.658595	0.769003	0.691790	0.606719	0.588999
6	132	0.480206	0.232140	0.439155	0.113658	-0.082586	-0.094295	47	10	0	8.120388	0.257777	0.431286	0.535119	0.382537	0.728592	0.782633	0.238534	0.485167
6	133	0.677528	0.228011	0.446154	0.120738	0.279569	-0.406275	90	19	0	8.056156	0.745991	0.381815	0.672065	0.511386	0.859124	0.879250	0.591244	0.779346
6	134	0.364787	0.316349	0.336319	-0.152820	0.626990	-1.208885	35	8	0	8.595548	0.218890	0.270125	0.544820	0.289368	0.735487	0.150257	0.187700	0.521648
6	135	0.762057	0.138671	0.440919	0.460471	-0.345705	-0.357005	97	21	0	7.113794	0.650577	0.576572	0.777822	0.716084	0.907874	0.835792	0.846135	0.785600
6	136	0.869628	0.065827	0.487045	0.198798	-0.506784	-0.530609	164	34	0	7.957260	0.888149	0.800273	0.816309	0.847739	0.920863	0.970815	0.835231	0.877646
6	137	0.850856	0.151119	0.560364	0.480521	0.255056	0.003542	119	22	0	8.880793	0.837636	0.912364	0.712716	0.858162	0.981639	0.775257	0.767960	0.961113
6	138	0.814885	0.149375	0.513046	0.103246	0.158711	-0.331455	144	27	0	8.460655	0.934654	0.711113	0.766357	0.719051	0.898172	0.822803	0.761225	0.905709
6	139	0.803991	0.061037	0.652192	0.236151	-1.080734	0.454113	122	25	0	8.342734	0.895526	0.780067	0.702293	0.826491	0.842607	0.762749	0.834830	0.787364
6	140	0.743165	0.121512	0.336319	0.242558	-0.562384	-1.696570	104	21	0	7.818037	0.769243	0.734044	0.688983	0.606960	0.894323	0.675513	0.680164	0.896087
6	141	0.966585	0.039970	0.960002	0.693731	0.279330	1.758749	183	35	0	10.167193	0.992543	0.993345	0.936418	0.939945	0.979073	0.984846	0.949086	0.957425
6	142	0.728452	0.227229	0.725053	0.229801	0.369925	0.947269	89	18	0	8.984316	0.853352	0.790170	0.844211	0.471857	0.830099	0.651780	0.521729	0.864416
6	143	0.834179	0.184032	0.537158	-0.184971	0.445696	-0.724789	134	26	2	9.596989	0.888470	0.870510	0.732441	0.784157	0.968008	0.951010	0.487251	0.991581
6	144	0.737773	0.233263	0.443439	-0.756900	0.877563	-1.042912	214	44	0	8.216340	0.717207	0.365539	0.436658	0.868906	0.839320	0.797226	0.914609	0.962716
6	145	0.958347	0.043958	0.840420	0.653905	0.127911	0.954573	168	40	0	9.212810	0.934173	0.987572	0.924872	0.948124	0.942351	0.993345	0.953175	0.983162
6	146	0.890695	0.061478	0.768544	-0.062777	-0.515523	0.306947	155	31	1	10.842967	0.930164	0.930324	0.939304	0.876764	0.844612	0.791052	0.897290	0.916052
6	147	0.468770	0.235287	0.439155	-0.180853	0.063249	-0.215805	63	13	0	7.862674	0.554522	0.266116	0.590763	0.245029	0.390555	0.570799	0.365298	0.767078
6	148	0.854735	0.143341	0.458547	-0.014080	0.442617	-0.793052	184	40	0	7.803128	0.828897	0.535520	0.736209	0.938021	0.955981	0.929602	0.946761	0.966886
6	149	0.599322	0.196741	0.336319	0.715259	-0.399238	-1.115384	45	9	0	7.341160	0.521328	0.555164	0.574808	0.303720	0.634862	0.929602	0.860728	0.414368
6	150	0.717948	0.255312	0.590076	-0.307183	0.800192	0.095864	148	29	0	7.998058	0.709108	0.625321	0.391036	0.550112	0.804442	0.859285	0.869468	0.934814
6	151	0.957745	0.042174	0.886489	0.350239	0.214414	1.100795	237	50	0	8.698984	0.896007	0.948284	0.976828	0.906270	0.974102	0.973942	0.997194	0.989336
6	152	0.931386	0.090904	0.814934	0.297587	0.535567	0.787869	193	40	0	9.139490	0.929201	0.884140	0.872434	0.880372	0.979394	0.972338	0.946520	0.986690
6	153	0.865850	0.119909	0.669923	0.840251	-0.089284	0.692904	95	19	0	8.518637	0.863775	0.968970	0.945558	0.827854	0.924391	0.805805	0.811097	0.779346
6	154	0.799010	0.053279	0.711686	0.708501	-1.418900	1.069321	91	17	0	7.600650	0.897130	0.728752	0.596777	0.843890	0.833627	0.855035	0.814945	0.821921
6	155	0.450279	0.438121	0.416201	0.046784	1.294703	-0.219280	51	8	0	8.049583	0.409557	0.169580	0.857842	0.228432	0.392720	0.676796	0.210231	0.657072
6	156	0.588839	0.169179	0.530216	0.070068	-0.453674	0.237479	74	14	0	8.236920	0.793377	0.346456	0.507056	0.649375	0.728913	0.620590	0.479153	0.585792
6	157	0.718028	0.158515	0.336319	-0.578573	0.069369	-2.077161	184	38	0	7.650137	0.755532	0.289609	0.783916	0.595734	0.736530	0.941870	0.687941	0.953095
6	158	0.953967	0.028384	0.780949	0.839916	-0.301379	0.965148	178	39	0	7.084473	0.972178	0.959349	0.984525	0.940587	0.982761	0.983884	0.840523	0.967928
6	159	0.829448	0.109906	0.871277	0.702983	-0.417806	1.762745	97	20	0	7.763405	0.921584	0.746472	0.843329	0.930164	0.860006	0.765795	0.803640	0.764593
6	160	0.715543	0.353853	0.547902	0.361568	1.207299	0.234871	81	17	0	8.279828	0.924391	0.720173	0.941389	0.856960	0.780949	0.475946	0.527662	0.496873
6	161	0.652091	0.252566	0.515807	0.173821	0.379678	0.124625	83	17	0	7.839529	0.649535	0.513390	0.834990	0.493345	0.871312	0.564304	0.530148	0.759702
6	162	0.649124	0.125802	0.654334	0.863921	-1.055131	1.216266	47	9	0	7.330161	0.722979	0.888470	0.660920	0.625080	0.807008	0.597498	0.177277	0.713759
6	163	0.428851	0.503668	0.462464	0.034414	1.616585	0.146332	41	9	0	8.137420	0.068634	0.713919	0.865860	0.209509	0.665972	0.354314	0.044019	0.508579
6	164	0.761676	0.145686	0.466657	-0.094985	-0.087164	-0.499982	138	32	0	7.609075	0.721536	0.901299	0.834589	0.641196	0.884782	0.808852	0.541453	0.759702
6	165	0.770406	0.134822	0.394621	0.205411	-0.299779	-1.100560	108	22	0	8.615924	0.758098	0.627646	0.878047	0.736530	0.828335	0.687781	0.711995	0.934814
7	1	0.433992	0.463498	0.701629	2.405881	0.587361	2.862528	4	1	0	0.000000	0.557008	0.928720	0.278143	0.139833	0.371632	0.189945	0.892640	0.114015
7	2	0.690106	0.196841	0.630361	0.620589	-0.134682	0.830725	62	13	0	7.936791	0.712155	0.684012	0.355677	0.549070	0.912524	0.809253	0.850786	0.647370
7	3	0.599413	0.196260	0.465374	0.156763	-0.204894	-0.076447	72	15	0	7.802519	0.609285	0.548669	0.473701	0.409317	0.922146	0.654105	0.467126	0.710953
7	4	0.734986	0.183872	0.682729	0.788598	-0.224056	0.978695	52	10	0	10.038893	0.854634	0.802117	0.665090	0.767239	0.934173	0.533595	0.519804	0.803239
7	5	0.570929	0.188222	0.538899	0.439005	-0.403078	0.643347	57	12	0	6.756217	0.760744	0.349663	0.593890	0.526780	0.856719	0.633740	0.519804	0.326090
7	6	0.510293	0.171685	0.462373	0.538057	-0.708254	0.284644	41	6	0	7.601696	0.543377	0.420301	0.659237	0.348380	0.369147	0.411161	0.837797	0.492944
7	7	0.430404	0.084870	0.415834	0.242936	-1.672853	-0.049540	34	7	0	7.860531	0.774455	0.095895	0.468570	0.426475	0.363214	0.407954	0.402421	0.504250
7	8	0.736259	0.239917	0.820970	0.750411	0.277277	1.595240	55	10	0	10.140454	0.904987	0.866982	0.688101	0.812219	0.887267	0.647450	0.586193	0.496873
7	9	0.559834	0.221436	0.725637	0.120190	-0.055987	1.246709	66	11	0	8.441564	0.381575	0.687540	0.688101	0.758339	0.494468	0.336113	0.586193	0.546344
7	10	0.570548	0.166754	0.492497	0.076504	-0.561389	0.005944	60	12	0	9.453730	0.687059	0.602389	0.654025	0.456382	0.791292	0.542335	0.322322	0.508579
7	11	0.809082	0.068934	0.789540	0.754753	-1.109331	1.393587	88	16	0	8.018247	0.889112	0.782473	0.806206	0.842287	0.903865	0.555564	0.830581	0.862572
7	12	0.827524	0.140094	0.785451	0.886973	-0.174269	1.397216	75	18	0	8.116681	0.906591	0.929362	0.850225	0.816790	0.921825	0.919981	0.671023	0.604394
7	13	0.484686	0.105757	0.578278	-0.192719	-1.235548	0.524549	62	13	0	8.487069	0.491341	0.440186	0.436658	0.626764	0.718650	0.367784	0.444917	0.351187
7	14	0.234585	0.219592	0.385137	-0.260217	0.158279	-0.223535	25	5	0	7.486476	0.497114	0.100144	0.101187	0.322803	0.131334	0.173428	0.145526	0.405148
7	15	0.281340	0.137688	0.463026	0.350357	-0.947391	0.762890	19	4	0	6.728169	0.573926	0.246472	0.101187	0.350144	0.179682	0.203175	0.266196	0.329939
7	16	0.634962	0.393040	0.601095	0.788071	1.033582	0.855866	42	7	0	8.604382	0.903704	0.804041	0.770847	0.690587	0.845574	0.277421	0.338518	0.449006
7	17	0.735608	0.164228	0.563502	0.409405	-0.229105	0.274503	82	16	0	8.706983	0.840683	0.466405	0.878368	0.864096	0.726187	0.767720	0.790731	0.550674
7	18	0.539178	0.257216	0.378138	-0.408829	0.171334	-1.422433	67	13	1	9.891991	0.817110	0.587316	0.684894	0.662203	0.430484	0.461273	0.318954	0.351187
7	19	0.448735	0.416072	0.476290	-0.669375	1.449750	-0.221339	86	17	0	8.516584	0.320157	0.224182	0.166854	0.187700	0.919901	0.396969	0.798910	0.575208
7	20	0.720514	0.284377	0.735075	-0.173033	0.975759	0.809184	129	25	0	8.502625	0.803961	0.827614	0.539448	0.726588	0.926155	0.489978	0.564064	0.886305
7	21	0.383569	0.268902	0.487045	-0.061146	0.186507	0.205278	30	5	0	11.236300	0.743987	0.347418	0.476748	0.516758	0.198685	0.214962	0.218810	0.351187
7	22	0.855707	0.110888	0.684413	0.022374	0.003826	0.265466	161	30	0	9.927847	0.889593	0.824006	0.858323	0.912043	0.927919	0.731479	0.748477	0.953817
7	23	0.385934	0.458828	0.378138	-0.346859	1.588794	-0.698245	65	12	0	6.865763	0.566549	0.116341	0.161963	0.137428	0.820398	0.507457	0.113053	0.664288
7	24	0.446791	0.385784	0.479772	-0.363626	1.139189	-0.033681	61	13	0	8.893109	0.775978	0.035119	0.619067	0.123396	0.680564	0.507457	0.290411	0.542335
7	25	0.408615	0.254290	0.397336	0.159678	0.074201	-0.243514	40	7	0	7.321830	0.178881	0.132457	0.364416	0.500882	0.789128	0.461273	0.287123	0.554763
7	26	0.904246	0.059894	0.797043	0.651462	-0.636504	0.864622	106	22	1	8.857084	0.965122	0.939304	0.892239	0.912845	0.949086	0.850706	0.786402	0.938262
7	27	0.772911	0.143542	0.496174	-0.354368	0.045728	-0.567653	172	33	0	8.447240	0.859686	0.773813	0.391918	0.707986	0.947322	0.859445	0.735006	0.908114
7	28	0.689284	0.110467	0.508980	0.024332	-0.760310	0.008629	119	24	0	6.904110	0.744869	0.366822	0.733483	0.559253	0.934814	0.670943	0.724743	0.779346
7	29	0.700539	0.275377	0.635813	0.200563	0.689638	0.578343	88	18	0	8.402016	0.721055	0.426475	0.928239	0.921344	0.913807	0.711594	0.154506	0.827293
7	30	0.669500	0.296584	0.518670	0.122388	0.814419	0.069820	95	17	0	7.899110	0.924711	0.535920	0.478993	0.453175	0.793698	0.891998	0.549070	0.728432
7	31	0.852540	0.124058	0.574911	0.836290	-0.182314	0.248308	83	18	0	9.104764	0.918137	0.977149	0.921344	0.773894	0.826732	0.863294	0.737893	0.801876
7	32	0.789388	0.217908	0.650405	0.109457	0.683271	0.472889	140	28	0	7.528611	0.922547	0.962396	0.607120	0.749519	0.882858	0.854233	0.376764	0.959670
7	33	0.803339	0.142339	0.630509	0.144965	0.023697	0.343924	138	29	0	7.721095	0.707264	0.747675	0.668858	0.816148	0.873877	0.898012	0.764352	0.950529
7	34	0.452514	0.378227	0.401448	-0.334949	1.080286	-0.586961	61	13	0	8.814674	0.501684	0.590042	0.137588	0.419500	0.898813	0.195959	0.234445	0.642078
7	35	0.574487	0.275918	0.701938	-0.318570	0.573979	0.881050	94	20	0	8.168611	0.697803	0.484124	0.198044	0.587396	0.947803	0.584670	0.316709	0.779346
7	36	0.266687	0.176756	0.446429	-1.048582	-0.015257	-0.205780	70	12	0	8.160272	0.235808	0.004811	0.185375	0.428720	0.182569	0.338999	0.316709	0.440507
7	37	0.838478	0.164949	0.710002	-0.087606	0.591366	0.552982	199	40	0	7.281774	0.916854	0.745510	0.764192	0.807649	0.976828	0.831462	0.718008	0.947322
7	38	0.813131	0.097799	0.588106	-0.365724	-0.239313	-0.163976	206	43	0	7.973750	0.798749	0.771408	0.760744	0.829618	0.956623	0.836514	0.570478	0.980917
7	39	0.489988	0.380472	0.336319	-0.177571	1.139333	-1.390089	75	14	0	7.353870	0.692511	0.083708	0.581062	0.356318	0.485006	0.787524	0.210231	0.723541
7	40	0.860397	0.107220	0.607509	0.370127	-0.138789	0.080401	128	24	0	9.820754	0.974102	0.843570	0.963198	0.712316	0.880452	0.902903	0.711754	0.894885
7	41	0.350605	0.205160	0.336319	-0.645185	-0.082774	-1.509126	53	11	0	9.715497	0.510904	0.079298	0.208868	0.433852	0.339721	0.260985	0.349663	0.621552
7	42	0.512598	0.176656	0.336319	-0.417061	-0.334886	-1.668036	86	16	0	8.644661	0.470093	0.325770	0.608323	0.282713	0.430083	0.901860	0.510504	0.571440
7	43	0.900206	0.107300	0.655926	0.254400	0.375817	0.233491	191	39	0	7.781054	0.942351	0.797787	0.778223	0.941068	0.932890	0.973461	0.857842	0.978031
7	44	0.733844	0.161742	0.489737	-0.199451	0.002420	-0.368676	141	30	0	7.778670	0.731479	0.718169	0.729073	0.624198	0.865378	0.853432	0.416693	0.932328
7	45	0.585512	0.182288	0.414277	0.349697	-0.442126	-0.350393	57	10	0	8.310739	0.533355	0.352550	0.467768	0.557088	0.768201	0.698124	0.702614	0.604394
7	46	0.891567	0.064805	0.805393	0.753955	-0.562723	1.149348	110	21	0	9.407580	0.985969	0.919099	0.973380	0.957906	0.874840	0.596937	0.904346	0.920061
7	47	0.397931	0.154927	0.336319	-0.570971	-0.524057	-1.431930	76	14	0	7.579451	0.563182	0.402903	0.544820	0.260183	0.174150	0.485888	0.378127	0.374198
7	48	0.519454	0.272270	0.414277	-0.326408	0.461101	-0.618354	85	14	0	8.662733	0.655789	0.199808	0.320157	0.606960	0.657793	0.604554	0.405308	0.705260
7	49	0.715703	0.222498	0.656144	0.318569	0.267965	0.696474	84	16	0	8.672892	0.854474	0.508740	0.856559	0.694676	0.673749	0.906030	0.452053	0.779346
7	50	0.643922	0.136225	0.378138	-0.170586	-0.563051	-1.206821	108	21	0	7.963792	0.632296	0.822723	0.737973	0.693072	0.559894	0.570799	0.473461	0.661161
7	51	0.620069	0.168237	0.611816	-0.380843	-0.227793	0.274393	115	20	0	8.908252	0.727149	0.295301	0.695799	0.556046	0.668457	0.658034	0.473461	0.886305
7	52	0.562380	0.210411	0.464228	0.457842	-0.239251	0.205085	54	10	0	7.176758	0.493746	0.399455	0.562700	0.303720	0.691469	0.772370	0.598621	0.676956
7	53	0.801104	0.238093	0.525245	-0.285565	1.056860	-0.389244	187	40	0	7.779289	0.845334	0.644484	0.682248	0.641196	0.944756	0.899615	0.771328	0.979875
7	54	0.940447	0.044780	0.805668	0.299655	-0.219640	0.553833	180	34	1	8.843624	0.794981	0.958708	0.906430	0.943954	0.994788	0.981158	0.964801	0.978752
7	55	0.799882	0.159497	0.542988	1.277257	-0.324396	0.477280	44	9	0	9.100417	0.720895	0.914929	0.869708	0.873477	0.840523	0.561337	0.899214	0.718970
7	56	0.816910	0.086554	0.642754	0.841084	-0.839055	0.714119	81	16	0	8.136426	0.807409	0.843890	0.624759	0.820718	0.938342	0.885263	0.874519	0.740378
7	57	0.899635	0.057288	0.690495	0.394761	-0.440729	0.411233	155	31	0	8.897492	0.876764	0.881254	0.755853	0.917896	0.972819	0.901860	0.929522	0.961113
7	58	0.822893	0.157152	0.538784	0.295093	-0.015909	-0.336972	92	19	1	9.508999	0.811658	0.601507	0.659878	0.848380	0.848861	0.932489	0.930324	0.950048
7	59	0.795622	0.085071	0.618162	0.690156	-0.879874	0.710345	96	21	0	6.611307	0.570157	0.875160	0.744147	0.783275	0.873236	0.845654	0.819676	0.853672
7	60	0.356889	0.260103	0.423566	-0.102537	0.232079	0.014184	40	9	0	7.208089	0.377245	0.080500	0.438422	0.150257	0.492623	0.484445	0.579859	0.251764
7	61	0.376844	0.273052	0.336319	-0.131632	0.365984	-1.061946	49	11	0	6.630588	0.228111	0.084429	0.142158	0.269644	0.703255	0.883579	0.298428	0.405148
7	62	0.501263	0.233603	0.378138	0.224542	-0.038199	-0.639702	54	11	0	7.057272	0.237251	0.476668	0.476748	0.604554	0.652181	0.341966	0.824246	0.396488
7	63	0.531090	0.232220	0.556584	-0.049220	0.061577	0.433458	71	13	0	8.030110	0.472899	0.348541	0.273813	0.457665	0.712877	0.625481	0.646488	0.710953
7	64	0.558200	0.164108	0.514352	-0.196050	-0.457822	0.052834	86	15	0	8.356733	0.568714	0.243185	0.697001	0.572081	0.828496	0.615138	0.472498	0.468489
7	65	0.600896	0.170662	0.493677	0.070342	-0.392470	0.104267	78	19	0	7.268061	0.234124	0.585231	0.753287	0.561257	0.819516	0.476668	0.696600	0.680484
7	66	0.419590	0.274254	0.479405	-0.493755	0.465193	0.000297	71	14	0	8.041298	0.233242	0.184493	0.357040	0.369227	0.322322	0.734124	0.570478	0.585792
7	67	0.162855	0.057629	0.401448	-1.253655	-0.960091	-0.240747	49	11	0	7.218874	0.191709	0.148733	0.170783	0.126283	0.035680	0.152181	0.249599	0.227870
7	68	0.293397	0.184493	0.378138	-0.320692	-0.271386	-0.566946	36	7	0	7.871437	0.267880	0.463278	0.112572	0.256013	0.396648	0.152181	0.249599	0.449006
7	69	0.773402	0.214621	0.636832	-0.077821	0.618919	0.293185	143	29	0	8.171527	0.989817	0.473140	0.532633	0.728752	0.855757	0.888470	0.806687	0.911963
7	70	0.472087	0.316008	0.336319	-0.464718	0.836811	-1.492545	89	18	0	7.185698	0.368826	0.029907	0.407713	0.256013	0.767559	0.635584	0.719772	0.591325
7	71	0.693834	0.300072	0.504696	-0.321535	1.070704	-0.333926	135	27	0	8.392012	0.762749	0.481559	0.477710	0.542896	0.916774	0.809493	0.677437	0.882056
7	72	0.629841	0.436438	0.575449	0.211753	1.502646	0.495838	80	14	0	7.813169	0.377726	0.033355	0.962396	0.991260	0.658916	0.833467	0.446440	0.735167
7	73	0.873266	0.123256	0.565449	0.188079	0.302539	-0.075537	176	40	0	7.294333	0.988534	0.655468	0.974102	0.726908	0.927277	0.908034	0.861931	0.943874
7	74	0.727900	0.170281	0.591233	-0.561770	-0.008537	-0.325104	139	26	1	9.440637	0.633339	0.734044	0.973781	0.571520	0.616501	0.808852	0.688903	0.796264
7	75	0.555635	0.193634	0.397336	-0.460563	-0.021318	-0.839446	120	24	0	6.843255	0.390715	0.226026	0.868425	0.498717	0.651058	0.527502	0.574407	0.708226
7	76	0.272310	0.232561	0.336319	-0.337876	0.259009	-0.931949	44	8	0	6.384547	0.097017	0.004811	0.868425	0.103352	0.310856	0.153143	0.404747	0.236129
7	77	0.654296	0.157172	0.441389	0.177653	-0.465852	-0.381657	81	16	0	8.241027	0.509140	0.748637	0.868425	0.540411	0.722178	0.627566	0.582024	0.635985
7	78	0.496362	0.199367	0.619960	0.235776	-0.444512	0.815505	38	6	0	10.671137	0.747675	0.498477	0.843970	0.418457	0.538967	0.118666	0.311738	0.492944
7	79	0.680474	0.318694	0.521465	0.352214	0.908766	0.167639	77	15	0	8.147478	0.444756	0.266918	0.781911	0.997675	0.540731	0.973621	0.648813	0.789368
7	80	0.625692	0.116822	0.548509	0.381346	-1.054899	0.468057	65	13	0	7.728895	0.386626	0.918457	0.659878	0.642319	0.643922	0.568233	0.689224	0.496873
7	81	0.678941	0.208988	0.470185	0.526835	-0.068092	-0.084023	58	12	0	9.046806	0.576652	0.567431	0.525657	0.766758	0.893281	0.551395	0.760985	0.789368
7	82	0.449617	0.255352	0.530216	-0.345734	0.260788	0.305664	68	14	0	7.998952	0.617784	0.213358	0.351427	0.331543	0.586033	0.329298	0.587235	0.580260
7	83	0.492684	0.141657	0.631391	0.225881	-0.973081	0.924681	42	7	0	9.194757	0.760343	0.348541	0.566389	0.543618	0.533916	0.259301	0.502004	0.427357
7	84	0.468449	0.319496	0.466989	-0.040226	0.617661	-0.013847	49	9	0	9.321968	0.288807	0.345414	0.691950	0.333307	0.693714	0.227470	0.542014	0.624920
7	85	0.802708	0.204739	0.590019	-0.330801	0.810744	-0.078767	201	42	0	7.603677	0.764994	0.726106	0.652903	0.821199	0.976187	0.614096	0.891998	0.974182
7	86	0.787634	0.193493	0.563147	0.064126	0.435146	-0.008982	134	26	0	8.337047	0.850946	0.725786	0.610327	0.632617	0.890876	0.911321	0.740940	0.938262
7	87	0.446460	0.347158	0.336319	-0.726128	1.106354	-1.596040	103	20	0	7.279063	0.400978	0.101668	0.278143	0.390715	0.669740	0.332665	0.665010	0.732761
7	88	0.669610	0.411462	0.440919	-0.192661	1.638047	-0.594834	118	24	0	7.893306	0.436097	0.384702	0.495831	0.476507	0.874038	0.889352	0.943634	0.856719
7	89	0.791072	0.175092	0.644736	-0.419652	0.505912	0.173377	208	46	0	7.331300	0.819997	0.632377	0.389753	0.782072	0.937059	0.975706	0.913967	0.877646
7	90	0.362562	0.195678	0.336319	-0.528725	-0.143088	-1.341384	64	12	0	7.621563	0.335712	0.083708	0.204939	0.286241	0.435936	0.444836	0.597258	0.511867
7	91	0.417615	0.548248	0.426956	-0.058917	1.840751	-0.270083	38	6	0	10.671137	0.827854	0.055083	0.652261	0.852309	0.153063	0.132457	0.476828	0.191068
7	92	0.536261	0.234465	0.436440	-0.054980	0.095016	-0.306875	73	14	0	7.822284	0.740619	0.473701	0.234606	0.451652	0.472739	0.701411	0.703496	0.511867
7	93	0.511636	0.372555	0.397336	-0.315030	1.130846	-0.760128	81	17	0	7.930013	0.516357	0.053881	0.328817	0.364817	0.510904	0.728352	0.861530	0.728432
7	94	0.538196	0.273713	0.522152	-0.135332	0.401908	0.123365	71	13	0	9.028923	0.508740	0.093249	0.446119	0.592287	0.701010	0.414368	0.744548	0.805244
7	95	0.744668	0.123076	0.409134	0.238584	-0.562098	-0.787670	99	18	0	8.812703	0.812620	0.258018	0.744708	0.689785	0.847739	0.816549	0.872996	0.914929
7	96	0.576762	0.288326	0.475247	-0.293035	0.687172	-0.245265	102	18	0	8.023551	0.070157	0.466405	0.620750	0.476507	0.752726	0.791052	0.807809	0.628688
7	97	0.255452	0.059854	0.456050	-0.842466	-1.514020	-0.048550	48	9	0	8.858498	0.018201	0.238935	0.204939	0.264352	0.349343	0.232681	0.494227	0.240940
7	98	0.293918	0.196119	0.336319	-0.668654	-0.077599	-1.374015	46	9	0	9.177136	0.016597	0.455420	0.088759	0.380212	0.264031	0.248316	0.240940	0.657072
7	99	0.497905	0.413326	0.439155	0.204177	1.183145	0.005808	55	11	0	7.014321	0.524936	0.129009	0.295141	0.289368	0.810055	0.720253	0.702614	0.511867
7	100	0.697643	0.230075	0.501936	0.025907	0.381130	-0.185597	99	20	0	8.690372	0.593249	0.287123	0.839080	0.612813	0.919740	0.777742	0.837636	0.713759
7	101	0.777622	0.175513	0.529323	0.182525	0.200957	-0.033422	128	25	0	7.598780	0.816629	0.555725	0.654666	0.855997	0.869387	0.813903	0.693554	0.961113
7	102	0.598691	0.356819	0.466989	0.396512	0.865903	-0.012151	51	10	0	9.020585	0.560696	0.372114	0.788406	0.342768	0.733483	0.721216	0.874359	0.396488
7	103	0.614106	0.265515	0.397336	-0.083203	0.484818	-0.871574	88	17	0	8.415308	0.552999	0.252004	0.559654	0.463198	0.881575	0.552518	0.883820	0.767078
7	104	0.260854	0.246833	0.397336	-0.345365	0.400505	-0.074769	42	9	0	5.751863	0.072242	0.004811	0.271087	0.223541	0.467848	0.584670	0.132697	0.329939
7	105	0.586514	0.135844	0.553514	0.071428	-0.745017	0.510764	84	19	0	6.478766	0.565427	0.275176	0.586273	0.699487	0.757617	0.584670	0.532553	0.690908
7	106	0.182599	0.142259	0.336319	-0.977986	-0.019396	-0.998696	46	11	0	6.365179	0.081944	0.004811	0.210953	0.153223	0.260504	0.078496	0.149214	0.521648
7	107	0.349232	0.633539	0.483746	-0.191815	2.225730	0.211879	29	6	0	10.407353	0.739657	0.095895	0.725545	0.781671	0.061097	0.094452	0.197563	0.097979
7	108	0.403664	0.106278	0.598678	0.003533	-1.391816	0.804242	31	6	0	10.152465	0.565427	0.269083	0.386867	0.354394	0.508499	0.316469	0.396488	0.432088
7	109	0.351928	0.196580	0.400245	-0.145702	-0.283704	-0.211237	40	9	0	7.378018	0.658515	0.019003	0.431126	0.287845	0.331703	0.214962	0.300834	0.571440
7	110	0.363725	0.157433	0.563147	-0.084280	-0.700322	0.816598	38	8	0	7.728700	0.363935	0.273172	0.252325	0.327534	0.498076	0.427197	0.480997	0.286562
7	111	0.515445	0.204879	0.637668	0.376966	-0.389746	1.012113	40	7	0	8.832262	0.781671	0.478352	0.427197	0.679843	0.614015	0.289609	0.420783	0.432088
7	112	0.299040	0.194275	0.533790	0.357729	-0.444012	1.084399	19	4	0	7.265103	0.144403	0.122114	0.303881	0.845734	0.234365	0.289609	0.420783	0.031430
7	113	0.368355	0.276379	0.511454	-0.408088	0.465942	0.356262	56	11	0	7.776043	0.737893	0.637508	0.140715	0.403223	0.380131	0.159076	0.294099	0.194195
7	114	0.192180	0.126824	0.451503	-0.465603	-0.462526	0.477517	26	5	0	6.941301	0.101427	0.289128	0.140715	0.251443	0.145285	0.201331	0.294099	0.114015
7	115	0.313232	0.221556	0.336319	-0.399472	0.100403	-1.084779	50	11	0	6.716120	0.438422	0.142158	0.188663	0.199727	0.529747	0.235728	0.411883	0.359525
7	116	0.603522	0.129570	0.638069	0.209573	-0.905108	0.763007	67	12	0	8.636393	0.696841	0.515314	0.795221	0.578656	0.602069	0.328496	0.620670	0.690908
7	117	0.455691	0.370750	0.394621	-0.410880	1.011870	-0.906035	55	13	0	10.898308	0.722819	0.359205	0.175754	0.673348	0.370911	0.169259	0.457906	0.716325
7	118	0.344361	0.328556	0.336319	-0.035631	0.690102	-1.078962	30	6	0	8.238214	0.376443	0.034157	0.175754	0.363855	0.629410	0.084189	0.658996	0.432088
7	119	0.202644	0.100184	0.336319	-0.694583	-0.816259	-1.190699	28	4	0	10.259732	0.215282	0.112091	0.175754	0.082344	0.209509	0.432890	0.131575	0.261706
7	120	0.143351	0.249298	0.394621	-0.611382	0.980922	-0.136951	19	3	0	9.045161	0.005773	0.012348	0.175754	0.296103	0.296665	0.031350	0.059654	0.269163
7	121	0.107040	0.146869	0.336319	-0.736821	0.543679	-0.551036	23	4	0	5.557637	0.238454	0.012348	0.175754	0.112572	0.105917	0.031350	0.172707	0.007216
7	122	0.149535	0.091104	0.336319	0.105045	-0.817860	-0.254126	14	3	0	5.672079	0.182008	0.004811	0.175754	0.291132	0.122194	0.031350	0.172707	0.216325
7	123	0.626193	0.248877	0.407519	-0.194581	0.412359	-0.751137	99	21	0	8.151092	0.504410	0.201892	0.789128	0.562620	0.705500	0.883178	0.557569	0.805244
7	124	0.363444	0.127746	0.385137	-0.421762	-0.933983	-0.760751	48	8	0	9.730958	0.427037	0.106799	0.323204	0.316870	0.412524	0.438342	0.257858	0.624920
7	125	0.204528	0.061357	0.336319	-0.288844	-1.430141	-0.704157	26	5	0	6.249109	0.178480	0.004811	0.262668	0.150257	0.210151	0.167174	0.165811	0.496873
7	126	0.603472	0.130953	0.439155	-0.059814	-0.780153	-0.449716	83	17	0	8.320520	0.574968	0.287123	0.534638	0.602790	0.593008	0.769323	0.671344	0.794580
7	127	0.820748	0.056446	0.597269	0.397557	-1.124382	0.254175	122	22	0	8.134023	0.893441	0.796905	0.760423	0.851106	0.799872	0.798348	0.801475	0.864416
7	128	0.484345	0.446280	0.454137	-0.495672	1.590179	-0.262778	95	18	0	7.387836	0.462556	0.261546	0.253528	0.363855	0.702774	0.784076	0.277021	0.769403
7	129	0.658194	0.129270	0.563147	-0.156878	-0.607418	0.181695	111	23	0	7.811540	0.689705	0.572322	0.369949	0.715683	0.738454	0.612091	0.729073	0.838278
7	130	0.534387	0.136345	0.394621	0.049548	-0.921650	-0.771971	56	10	0	9.621918	0.633980	0.504570	0.303881	0.581543	0.638390	0.550353	0.621873	0.440507
7	131	0.738404	0.212055	0.523779	0.074044	0.394258	-0.055852	119	24	0	7.782783	0.662524	0.866822	0.440988	0.795382	0.913326	0.596376	0.776700	0.855115
7	132	0.441469	0.115940	0.416659	-0.049934	-1.132932	-0.124084	58	12	0	6.771725	0.383098	0.457184	0.318794	0.376443	0.540972	0.482842	0.549551	0.422867
7	133	0.891256	0.176074	0.913830	0.696928	0.530087	1.552138	92	13	2	10.119676	0.992704	0.943634	0.972819	0.987412	0.822643	0.747114	0.686418	0.977309
7	134	0.620019	0.309413	0.593581	-0.432869	0.953207	0.185106	114	24	0	8.654893	0.755212	0.353672	0.307248	0.797787	0.758740	0.669901	0.494227	0.823364
7	135	0.497294	0.427638	0.397336	-0.170031	1.273640	-0.812721	53	11	0	11.103646	0.461674	0.136786	0.748958	0.249439	0.346777	0.468008	0.813262	0.753448
7	136	0.563923	0.378648	0.497457	0.010952	1.103845	0.005205	70	11	0	9.271918	0.718730	0.156831	0.371873	0.324647	0.798669	0.889352	0.550593	0.700690
7	137	0.780358	0.111450	0.503081	-0.311680	-0.320922	-0.536731	171	31	0	8.699112	0.816790	0.640074	0.657954	0.742864	0.881976	0.803801	0.773894	0.925513
7	138	0.750892	0.189605	0.663601	0.004754	0.256702	0.538156	126	26	0	8.034660	0.850305	0.554843	0.498637	0.753608	0.869227	0.703897	0.924711	0.851908
7	139	0.433170	0.378287	0.450678	-0.128392	0.983124	-0.080857	45	10	0	8.936814	0.515635	0.194275	0.724984	0.170702	0.470654	0.209349	0.601908	0.577854
7	140	0.404586	0.369287	0.439155	0.084856	0.948282	0.182472	48	9	0	6.466623	0.263791	0.150257	0.133098	0.736530	0.615940	0.346135	0.389994	0.600946
7	141	0.492844	0.308010	0.378138	-0.747386	0.855585	-1.276029	106	20	0	8.595462	0.518040	0.202453	0.133098	0.483323	0.352710	0.576010	0.912524	0.764593
7	142	0.814885	0.148793	0.742875	0.140963	0.124450	0.766072	135	25	0	9.010548	0.850144	0.935055	0.701411	0.792255	0.920382	0.686738	0.753849	0.879250
7	143	0.956162	0.034016	0.690094	0.499020	-0.037461	0.242910	211	44	0	8.401684	0.981479	0.863133	0.979394	0.991902	0.974262	0.949326	0.935616	0.974182
7	144	0.601527	0.131956	0.538463	0.125402	-0.810465	0.328779	79	15	0	7.625943	0.430885	0.594852	0.504250	0.958387	0.513631	0.564304	0.494949	0.750962
7	145	0.862051	0.124519	0.885229	0.681912	-0.001318	1.683564	110	21	0	8.401624	0.894564	0.839801	0.727790	0.934333	0.987251	0.668056	0.902341	0.942271
7	146	0.843499	0.074727	0.563365	-0.088577	-0.467316	-0.206546	190	37	0	7.937821	0.844692	0.756334	0.734044	0.835311	0.942672	0.857521	0.819997	0.957425
7	147	0.472097	0.269383	0.397336	-0.326855	0.408478	-0.679720	77	14	0	7.810960	0.431767	0.004811	0.298829	0.410920	0.626924	0.528945	0.728352	0.746232
7	148	0.795462	0.075168	0.685604	0.213132	-0.928514	0.597082	114	24	0	8.877108	0.642239	0.827293	0.729314	0.785439	0.842607	0.878127	0.858483	0.800192
7	149	0.633289	0.175874	0.597934	0.021807	-0.258373	0.498570	91	18	0	7.682005	0.714962	0.644885	0.339160	0.550112	0.709509	0.538406	0.747354	0.821921
7	150	0.925293	0.045061	0.781625	-0.184630	-0.370346	0.149960	216	42	2	8.991343	0.970734	0.963198	0.769724	0.880933	0.962877	0.939304	0.933050	0.982521
7	151	0.358032	0.159998	0.336319	-0.425790	-0.509170	-1.233415	58	12	0	7.191899	0.319355	0.004811	0.424872	0.351668	0.191870	0.515314	0.375882	0.680484
7	152	0.648202	0.088318	0.502016	0.010526	-1.228471	-0.122985	85	16	0	9.237992	0.855597	0.662203	0.639913	0.706783	0.774214	0.654105	0.271248	0.621552
7	153	0.417555	0.250682	0.336319	-0.420474	0.265695	-1.375322	72	14	0	7.379450	0.360888	0.108082	0.515555	0.190106	0.536241	0.610487	0.342126	0.676956
7	154	0.687791	0.074647	0.687036	-0.096428	-1.473009	0.422346	79	16	1	10.331694	0.742864	0.716084	0.827534	0.771648	0.579859	0.744468	0.708868	0.411001
7	155	0.938512	0.047907	0.606307	0.296071	-0.011692	-0.171324	220	46	0	8.308226	0.975706	0.858162	0.902903	0.925192	0.964801	0.939545	0.947643	0.994147
7	156	0.826752	0.119929	0.638149	-0.001211	-0.033214	0.246212	166	34	0	7.684389	0.939945	0.584670	0.905468	0.796665	0.881254	0.847899	0.752405	0.905709
7	157	0.975886	0.023052	0.785016	0.502474	0.330175	0.477986	268	45	0	9.143911	0.942511	0.954699	0.990619	0.972979	0.989015	0.971216	0.989978	0.996071
7	158	0.754380	0.251283	0.474675	-0.236809	0.937909	-0.472132	176	34	0	6.783844	0.723300	0.264031	0.943634	0.485247	0.868987	0.905548	0.873396	0.970895
7	159	0.636105	0.231278	0.669797	0.849415	-0.103824	1.257438	39	8	0	8.101280	0.752886	0.692992	0.785520	0.817271	0.381414	0.723942	0.579217	0.355597
7	160	0.843459	0.186217	0.830764	-0.856137	0.876854	0.339553	254	49	1	9.750688	0.834269	0.501123	0.993185	0.813502	0.713278	0.928560	0.968489	0.995269
7	161	0.620249	0.359345	0.778979	-0.404880	1.259867	1.038282	114	21	0	8.988763	0.501283	0.023573	0.914769	0.602790	0.478031	0.680484	0.834830	0.926235
7	162	0.569836	0.426896	0.862057	-0.111525	1.467228	1.821816	89	17	0	7.392354	0.349182	0.290411	0.933852	0.214080	0.452453	0.703897	0.975866	0.638951
7	163	0.894524	0.060415	0.838896	0.391355	-0.451358	1.074249	148	29	0	9.432535	0.874198	0.895686	0.818393	0.902903	0.925353	0.828496	0.922466	0.988695
7	164	0.803299	0.087376	0.726782	0.550097	-0.775521	1.062307	103	21	0	7.511735	0.984205	0.766677	0.608323	0.752004	0.815106	0.773974	0.769885	0.956222
7	165	0.800774	0.063322	0.733346	0.557637	-1.178058	1.031917	96	18	0	8.282750	0.849102	0.740218	0.886305	0.828817	0.601267	0.865058	0.806286	0.829137
7	166	0.513099	0.275517	0.615997	-0.018509	0.299255	0.651107	51	11	0	9.957886	0.465763	0.271408	0.886305	0.340523	0.428720	0.298268	0.901940	0.511867
7	167	0.707996	0.156911	0.625905	0.085402	-0.262586	0.476907	102	21	0	8.101447	0.832986	0.554201	0.757296	0.567832	0.852550	0.636466	0.716405	0.746232
7	168	0.649194	0.260524	0.397336	-0.004895	0.502637	-0.916699	94	16	0	8.663480	0.589080	0.398172	0.436658	0.639272	0.756495	0.541292	0.999439	0.833146
7	169	0.931266	0.044099	0.630578	0.289970	-0.205971	-0.017575	217	43	0	8.080520	0.928079	0.873076	0.863053	0.930885	0.957425	0.942672	0.961434	0.993505
7	170	0.472909	0.247134	0.385137	-0.165904	0.129738	-0.809003	61	10	0	8.946339	0.404747	0.385103	0.156751	0.696921	0.310455	0.837556	0.405949	0.585792
7	171	0.651339	0.430224	0.616547	-0.478818	1.559084	-0.026018	99	20	1	9.671582	0.885904	0.237572	0.794820	0.663566	0.345574	0.488534	0.912684	0.882056
7	172	0.921845	0.062821	0.747079	0.870618	-0.230951	0.969171	135	29	0	7.417660	0.973140	0.918297	0.925994	0.977630	0.930805	0.852229	0.961754	0.834910
7	173	0.650267	0.378768	0.692649	0.187496	1.249748	0.973273	80	16	0	8.129736	0.475385	0.874359	0.925994	0.600866	0.357601	0.908034	0.513550	0.546344
7	174	0.386586	0.323044	0.393980	0.118691	0.570809	-0.405454	31	5	0	8.707339	0.290250	0.004811	0.925994	0.202213	0.400497	0.193233	0.508178	0.567511
7	175	0.855075	0.203095	0.701079	1.091878	0.564259	0.987332	76	13	0	8.792244	0.940266	0.905308	0.937380	0.990619	0.892479	0.729474	0.736851	0.708226
7	176	0.912013	0.099884	0.663578	0.296877	0.346187	0.144392	167	33	0	9.602507	0.979875	0.881735	0.970895	0.930645	0.891357	0.812300	0.847819	0.981479
7	177	0.479223	0.266397	0.463049	0.188442	0.226390	0.215932	55	9	0	7.130325	0.476828	0.301235	0.552758	0.338037	0.238294	0.722659	0.766116	0.437861
7	178	0.376503	0.194816	0.336319	-0.275199	-0.246370	-1.197235	53	11	0	7.271795	0.290731	0.151860	0.468570	0.103352	0.700048	0.429682	0.444917	0.422867
7	179	0.847218	0.050273	0.485258	-0.005790	-0.931914	-0.670584	157	33	0	9.208294	0.898092	0.520767	0.873797	0.875160	0.905949	0.916453	0.811818	0.975706
7	180	0.911281	0.067211	0.736839	1.365230	-0.493647	1.195810	86	16	0	7.824261	0.836514	0.944115	0.894885	0.919660	0.962396	0.947563	0.837155	0.947963
7	181	0.504620	0.226748	0.336319	0.415817	-0.224222	-1.174863	37	7	0	8.368964	0.495510	0.252004	0.658194	0.762829	0.179041	0.670943	0.496793	0.521648
7	182	0.496953	0.155849	0.537662	0.213608	-0.798622	0.510344	47	8	0	8.462477	0.519644	0.450289	0.409718	0.652903	0.380452	0.235728	0.526700	0.800192
7	183	0.442652	0.301155	0.563170	0.164950	0.305910	0.587448	24	6	0	12.263326	0.626283	0.252004	0.101187	0.379009	0.708788	0.312219	0.572723	0.588999
7	184	0.620370	0.096075	0.426956	0.357387	-1.338611	-0.349436	54	13	0	8.713932	0.609285	0.317110	0.682248	0.620590	0.830821	0.723942	0.620430	0.558531
7	185	0.766246	0.213077	0.401448	0.267236	0.447446	-0.801183	111	23	0	7.665075	0.475385	0.945398	0.757056	0.616501	0.909557	0.828496	0.705581	0.891998
7	186	0.283044	0.154085	0.378138	-0.812490	-0.401756	-0.872679	51	11	0	8.784871	0.369788	0.213358	0.307248	0.474904	0.350465	0.164769	0.126684	0.257136
7	187	0.924982	0.060496	0.758350	0.270394	0.005051	0.608344	201	43	0	8.269187	0.945077	0.768040	0.983563	0.877566	0.976668	0.924792	0.972418	0.951732
7	188	0.790340	0.157854	0.715225	0.117677	0.113904	0.809950	135	30	0	7.468977	0.673348	0.608082	0.748396	0.837075	0.882537	0.932489	0.745911	0.894885
7	189	0.884792	0.048569	0.480963	0.288599	-0.730135	-0.603314	159	32	0	8.424315	0.882377	0.803400	0.939144	0.916693	0.916533	0.826331	0.881895	0.911963
7	190	0.797266	0.157573	0.718192	1.069859	-0.205848	1.333201	68	13	0	7.293845	0.959028	0.894243	0.865619	0.900337	0.746552	0.713117	0.806286	0.492944
7	191	0.446600	0.310796	0.477046	0.359012	0.442597	0.428182	34	7	0	7.491787	0.551555	0.230597	0.670863	0.209509	0.542816	0.713117	0.370430	0.283916
7	192	0.389212	0.187119	0.336319	-0.016010	-0.448863	-1.158313	39	7	0	8.149228	0.298589	0.059413	0.717928	0.338037	0.383579	0.363294	0.224423	0.728432
7	193	0.509110	0.265856	0.546275	-0.494168	0.254563	-0.081496	69	13	1	9.348563	0.552277	0.395606	0.250561	0.626764	0.882377	0.451090	0.272130	0.642078
7	194	0.491731	0.255352	0.436440	-0.259212	0.288497	-0.306994	79	15	0	7.525334	0.384702	0.438182	0.052197	0.614176	0.675834	0.608884	0.342848	0.817030
7	195	0.628207	0.110828	0.378138	-0.665590	-0.761368	-1.509480	132	30	0	8.963451	0.586193	0.679602	0.204939	0.648813	0.734606	0.608884	0.571520	0.991100
7	196	0.445338	0.176916	0.336319	0.106951	-0.547968	-1.117687	49	10	0	7.075844	0.212155	0.357761	0.593008	0.430404	0.302678	0.723942	0.445879	0.496873
7	197	0.211273	0.129149	0.336319	-1.122252	-0.316606	-1.339271	56	10	0	8.152750	0.303480	0.208387	0.187380	0.118185	0.139112	0.250000	0.119548	0.364096
7	198	0.560977	0.262829	0.603764	0.127420	0.281891	0.703246	65	13	0	7.918498	0.720494	0.293377	0.486369	0.662765	0.260744	0.862733	0.506895	0.694436
7	199	0.860147	0.086955	0.621896	1.713893	-0.901149	0.913698	38	7	0	9.243006	0.914929	0.919901	0.937700	0.913566	0.930083	0.869067	0.734766	0.661161
7	200	0.611911	0.310596	0.504696	0.333471	0.634190	0.135111	55	11	0	9.256782	0.503688	0.856639	0.815587	0.597418	0.807168	0.483643	0.259702	0.571440
7	201	0.749589	0.089120	0.689052	0.778487	-1.165217	1.034986	61	12	0	8.749012	0.840523	0.792415	0.832585	0.738454	0.790651	0.592287	0.637989	0.771809
7	202	0.645275	0.252606	0.610751	0.726555	0.066525	0.752508	37	7	0	10.732760	0.805083	0.755532	0.564865	0.729394	0.888470	0.305965	0.366661	0.746232
7	203	0.736269	0.208928	0.471914	0.169025	0.339694	-0.242214	115	25	0	7.079277	0.846135	0.527421	0.712396	0.696921	0.762187	0.915491	0.513550	0.916052
7	204	0.759171	0.219672	0.650726	1.035603	0.112940	0.912534	48	8	0	9.637640	0.940106	0.828416	0.942672	0.944275	0.835872	0.781992	0.538326	0.261706
7	205	0.775367	0.114897	0.586159	0.540005	-0.648734	0.353332	84	16	0	8.849408	0.878528	0.721216	0.814224	0.664689	0.746071	0.900096	0.780148	0.697963
7	206	0.669740	0.240839	0.450987	0.593204	0.176340	-0.080377	60	12	0	7.930547	0.423589	0.935616	0.508499	0.812781	0.716565	0.783194	0.614176	0.563502
8	1	0.960552	0.037725	0.890211	1.559402	-0.252810	1.881417	112	21	0	7.211114	0.978592	0.963679	0.988534	0.974743	0.986770	0.891838	0.993345	0.906911
8	2	0.832064	0.146308	0.616455	0.776203	0.002005	0.544057	98	17	0	7.836705	0.756495	0.893281	0.841164	0.727870	0.969772	0.884702	0.902742	0.680484
8	3	0.460471	0.189565	0.451617	0.302542	-0.525119	0.145398	39	6	0	8.175565	0.334589	0.995911	0.610808	0.069115	0.421344	0.396969	0.507858	0.347178
8	4	0.757346	0.180484	0.541888	0.907275	-0.155939	0.437709	59	12	0	8.081003	0.715603	0.487412	0.809333	0.844291	0.873557	0.804763	0.986129	0.537684
8	5	0.787915	0.202694	0.714572	1.101375	0.119942	1.302258	57	11	0	8.022094	0.467126	0.744548	0.936097	0.862171	0.917976	0.645606	0.947963	0.781831
8	6	0.654656	0.103953	0.605906	0.472254	-1.192070	0.663392	61	11	0	8.695133	0.900818	0.435295	0.647771	0.684253	0.754009	0.645606	0.692030	0.477470
8	7	0.817822	0.176135	0.562998	0.078718	0.277562	-0.272467	123	23	1	8.486273	0.964320	0.542656	0.916373	0.990138	0.787765	0.645606	0.853752	0.841966
8	8	0.404426	0.475686	0.541006	-0.081329	1.473721	0.518829	39	7	0	9.263449	0.311097	0.151860	0.003127	0.318954	0.870109	0.645606	0.730436	0.204217
8	9	0.781491	0.225385	0.632285	0.806773	0.340840	0.619668	62	11	0	10.406470	0.952935	0.795141	0.957425	0.920141	0.813262	0.305965	0.977790	0.529266
8	10	0.531801	0.229434	0.397336	-0.317162	0.150950	-0.752333	88	20	0	7.384576	0.569355	0.138871	0.837957	0.301475	0.690988	0.474022	0.591645	0.650096
8	11	0.876473	0.089140	0.623122	0.522595	-0.279384	0.184050	120	22	0	10.009043	0.951972	0.969772	0.939785	0.884381	0.831382	0.579859	0.975385	0.879250
8	12	0.856068	0.077574	0.864038	0.388859	-0.537393	1.342359	127	24	0	9.364117	0.874679	0.793698	0.881013	0.969131	0.903384	0.785199	0.814144	0.827293
8	13	0.382437	0.262708	0.399100	-0.546583	0.427325	-0.511637	72	14	0	7.270222	0.375561	0.216886	0.378768	0.190106	0.471777	0.241822	0.606719	0.577854
8	14	0.551365	0.243846	0.534145	0.728295	-0.115636	0.720346	35	6	0	7.819617	0.443313	0.360728	0.180244	0.616501	0.501604	0.816549	0.995109	0.496873
8	15	0.586253	0.208868	0.463186	-0.121432	-0.225779	-0.474763	65	12	1	9.054862	0.298268	0.872274	0.241421	0.560215	0.914929	0.592287	0.563262	0.647370
8	16	0.879380	0.029266	0.642926	0.415536	-1.483337	0.019395	102	21	1	10.347166	0.909477	0.851988	0.957104	0.919901	0.921344	0.923589	0.926716	0.624920
8	17	0.923128	0.016256	0.719257	1.016908	-1.264829	0.854338	112	24	0	8.186912	0.942191	0.834509	0.930324	0.938663	0.946199	0.911321	0.941709	0.940106
8	18	0.445668	0.308050	0.443439	0.321128	0.396338	0.108637	31	6	0	8.405558	0.484124	0.230597	0.246713	0.512027	0.512187	0.205099	0.666373	0.708226
8	19	0.894343	0.099643	0.665170	0.662610	0.016667	0.477010	124	26	0	8.585567	0.930965	0.729314	0.810536	0.974102	0.927117	0.861369	0.939705	0.981639
8	20	0.478562	0.211935	0.336319	0.011880	-0.149307	-1.221264	65	12	0	6.831987	0.382537	0.534076	0.282232	0.256013	0.812941	0.554682	0.392479	0.613534
8	21	0.440797	0.308611	0.479818	0.318231	0.482649	0.537033	43	8	0	6.545341	0.613775	0.491581	0.145125	0.307328	0.587316	0.219291	0.448204	0.713759
8	22	0.641016	0.137087	0.474675	0.450919	-0.873606	-0.071431	50	11	0	9.843147	0.738133	0.142800	0.599022	0.637428	0.763149	0.770205	0.772130	0.705260
8	23	0.596055	0.276119	0.532564	0.405600	0.374177	0.490586	61	12	0	7.315206	0.674952	0.355276	0.350225	0.580099	0.948124	0.471777	0.537765	0.850225
8	24	0.924561	0.058932	0.786436	1.117778	-0.340345	1.240902	117	22	0	7.616878	0.944596	0.869387	0.938021	0.906751	0.965282	0.854233	0.964641	0.953576
8	25	0.823384	0.133639	0.625836	0.969417	-0.308411	0.672911	72	14	0	8.420516	0.826572	0.901700	0.953736	0.918297	0.805645	0.488534	0.944596	0.747996
8	26	0.730085	0.181326	0.474262	0.005837	0.069784	-0.479536	113	19	0	9.346441	0.813582	0.465763	0.715523	0.642319	0.843008	0.665250	0.855115	0.840122
8	27	0.813322	0.149134	0.655823	1.138963	-0.205787	1.012492	72	12	0	7.354774	0.918778	0.808451	0.875722	0.931286	0.915892	0.583547	0.798509	0.674391
8	28	0.569195	0.258319	0.473335	0.343566	0.183194	0.112492	57	10	0	7.905359	0.513711	0.230597	0.752566	0.709269	0.311979	0.549471	0.711273	0.774695
8	29	0.712716	0.133058	0.612481	0.259236	-0.519061	0.584788	102	20	0	7.123200	0.809573	0.586434	0.590763	0.632617	0.707585	0.737091	0.921344	0.716325
8	30	0.834790	0.241581	0.663188	0.737805	0.874655	0.706480	93	18	0	8.299848	0.975866	0.581222	0.961033	0.965282	0.759221	0.917094	0.914208	0.604394
8	31	0.713007	0.112211	0.504696	0.345299	-0.836521	0.054594	87	18	0	7.673640	0.783916	0.337155	0.845815	0.662203	0.796103	0.743425	0.832264	0.703175
8	32	0.751333	0.260544	0.591932	0.468777	0.691653	0.499170	90	19	0	7.496961	0.870510	0.604955	0.846616	0.885824	0.811097	0.596376	0.860969	0.534317
8	33	0.714701	0.283916	0.685902	0.942684	0.611136	1.403803	65	13	0	5.781192	0.963198	0.653544	0.879330	0.943473	0.250481	0.712636	0.829779	0.485167
8	34	0.750321	0.107541	0.477859	0.224680	-0.680880	-0.227308	115	22	0	7.463166	0.707104	0.364897	0.920542	0.744307	0.895045	0.773974	0.771648	0.825048
8	35	0.772691	0.144864	0.478615	0.441300	-0.456455	-0.443411	72	14	1	9.017871	0.937219	0.629971	0.817030	0.844291	0.719532	0.847258	0.744147	0.642078
8	36	0.737893	0.119688	0.446154	-0.009334	-0.521724	-0.625170	122	23	0	8.373489	0.907553	0.004811	0.837476	0.752806	0.794740	0.777742	0.885744	0.942271
8	37	0.571430	0.140354	0.562998	-0.484818	-0.598233	0.055748	100	19	0	9.507343	0.637909	0.085391	0.660920	0.702293	0.569035	0.416533	0.631815	0.867543
8	38	0.727229	0.220253	0.401448	0.388352	0.226536	-0.758434	74	16	0	9.323753	0.640795	0.911241	0.640715	0.481879	0.838919	0.724583	0.624840	0.954859
8	39	0.653955	0.389292	0.385137	0.287876	1.318874	-0.768849	83	17	0	7.074370	0.933210	0.178159	0.933531	0.454859	0.620750	0.563342	0.624840	0.922947
8	40	0.501022	0.504430	0.385137	0.148954	1.684413	-0.573162	57	11	0	7.314763	0.450208	0.004811	0.901780	0.247434	0.284237	0.521248	0.838759	0.759702
8	41	0.989797	0.005172	0.915548	1.523676	0.430119	1.742742	186	35	0	7.632805	0.985648	0.997996	0.990459	0.994307	0.994307	0.969452	0.994788	0.991421
8	42	0.913476	0.069235	0.512004	0.281621	-0.027172	-0.529333	189	38	0	8.297327	0.911883	0.774375	0.952133	0.873717	0.976507	0.893281	0.952293	0.973621
8	43	0.707284	0.275637	0.675960	-0.040902	0.809558	0.637146	111	22	0	8.444238	0.763230	0.452293	0.584028	0.580901	0.917174	0.639192	0.857040	0.864416
8	44	0.765986	0.188081	0.477057	0.325852	0.201389	-0.254323	108	20	0	7.835550	0.666693	0.547867	0.749759	0.803079	0.909557	0.695879	0.875802	0.879250
8	45	0.612973	0.191770	0.440919	0.166767	-0.228610	-0.337060	73	13	0	8.487266	0.536482	0.722979	0.847338	0.377806	0.510343	0.545301	0.642239	0.721296
8	46	0.723731	0.162865	0.481570	0.393994	-0.275057	-0.142231	83	15	0	8.578345	0.790651	0.543457	0.670542	0.870029	0.765555	0.578897	0.879811	0.690908
8	47	0.699487	0.174912	0.474675	0.185711	-0.145795	-0.236804	94	18	0	8.099890	0.860728	0.530949	0.691469	0.811578	0.675032	0.712235	0.820959	0.492944
8	48	0.914719	0.042936	0.716599	0.315560	-0.512326	0.476078	179	38	0	8.422281	0.906110	0.784397	0.948605	0.931687	0.876203	0.937700	0.993826	0.939224
8	49	0.761736	0.076451	0.593719	0.424481	-1.134698	0.427504	93	19	0	7.915306	0.808451	0.342287	0.819516	0.711353	0.784317	0.882697	0.916132	0.829137
8	50	0.725255	0.094812	0.553377	0.411259	-1.036409	0.223874	81	14	0	8.966950	0.743265	0.580661	0.794339	0.794820	0.747514	0.499198	0.836995	0.805244
8	51	0.464611	0.278123	0.463049	0.169434	0.266617	0.180568	45	9	0	7.800828	0.418297	0.243185	0.559654	0.231318	0.589080	0.304121	0.841966	0.529266
8	52	0.563643	0.306567	0.456096	-0.320684	0.796625	-0.337059	96	20	0	7.762239	0.420542	0.243826	0.502886	0.564705	0.697162	0.389192	0.905228	0.785600
8	53	0.557018	0.252546	0.336319	-0.108932	0.315671	-1.435827	87	19	0	6.786673	0.477630	0.285279	0.286642	0.565747	0.624840	0.800433	0.758499	0.657072
8	54	0.484736	0.362492	0.336319	-0.726307	1.191656	-1.753691	104	20	0	8.266258	0.453496	0.168618	0.300273	0.518922	0.184974	0.574808	0.865459	0.811337
8	55	0.344602	0.268862	0.336319	-0.354160	0.394071	-1.215795	47	10	0	7.763997	0.199086	0.161883	0.076652	0.256013	0.487572	0.407072	0.719532	0.449006
8	56	0.480506	0.296384	0.490230	-0.208387	0.500813	0.013131	55	12	0	9.622720	0.442912	0.262588	0.151219	0.681046	0.704538	0.407072	0.662765	0.531911
8	57	0.616270	0.158876	0.378138	0.044504	-0.745466	-1.374857	52	10	1	11.364136	0.715362	0.719532	0.400978	0.607681	0.687139	0.407072	0.735327	0.657072
8	58	0.806897	0.053460	0.562368	0.817751	-1.482535	0.305336	70	15	0	9.067763	0.790972	0.873877	0.802758	0.826171	0.784878	0.832585	0.889913	0.654025
8	59	0.599212	0.206883	0.511970	0.507691	-0.294096	0.299550	44	9	0	9.180154	0.841645	0.794740	0.512749	0.614817	0.515956	0.457906	0.676315	0.379570
8	60	0.952484	0.030568	0.818966	0.767471	-0.276491	1.010066	168	34	0	8.237228	0.951331	0.941068	0.948445	0.979233	0.905148	0.967768	0.989817	0.937059
8	61	0.756765	0.196701	0.669328	0.770627	0.031186	0.964497	65	14	0	8.154400	0.833146	0.911562	0.747033	0.458788	0.880773	0.755613	0.941228	0.525978
8	62	0.532132	0.383178	0.414231	-0.078706	1.115232	-0.514174	66	13	0	8.705895	0.503127	0.340202	0.323204	0.316870	0.731639	0.755613	0.714962	0.571440
8	63	0.648944	0.310916	0.440919	-0.141062	0.941554	-0.545453	99	22	0	8.180466	0.854795	0.274134	0.899214	0.392158	0.617784	0.750241	0.831783	0.571440
8	64	0.548388	0.144965	0.553675	0.575143	-0.929517	0.808920	45	9	0	7.054047	0.635985	0.691870	0.494468	0.594452	0.521488	0.508499	0.724022	0.216325
8	65	0.726197	0.214420	0.378138	-0.397225	0.498211	-1.573545	145	29	0	9.224015	0.420943	0.571280	0.747354	0.662765	0.861530	0.898252	0.795542	0.851908
8	66	0.788486	0.190427	0.590328	-0.030395	0.443615	0.054453	138	29	0	8.528950	0.927758	0.499359	0.768521	0.722819	0.858563	0.968489	0.891196	0.671183
8	67	0.885704	0.091565	0.549688	0.898941	-0.248440	0.127282	101	22	0	8.012412	0.930645	0.961754	0.590042	0.961434	0.963518	0.891116	0.977951	0.809173
8	68	0.736861	0.366982	0.584315	1.069228	1.116944	0.794150	48	10	0	7.812910	0.928239	0.798348	0.928720	0.827053	0.513631	0.446440	0.901780	0.550674
8	69	0.516417	0.249880	0.399100	0.010021	0.135701	-0.544745	60	13	0	7.998091	0.347498	0.237572	0.787524	0.699006	0.586995	0.446440	0.621151	0.405148
8	70	0.836153	0.110888	0.487790	0.519776	-0.275946	-0.202360	120	26	0	7.327565	0.793056	0.943313	0.964641	0.882617	0.563743	0.784076	0.869949	0.887829
8	71	0.601387	0.186578	0.401860	0.196631	-0.306223	-0.496981	68	14	0	8.054729	0.696841	0.310375	0.497514	0.508579	0.677919	0.511386	0.917575	0.690908
8	72	0.895797	0.061177	0.589320	-0.136769	-0.157793	-0.287581	259	48	0	7.973977	0.929522	0.736851	0.921665	0.824407	0.932729	0.894484	0.954378	0.972338
8	73	0.678410	0.133198	0.619972	0.456082	-0.739297	0.723154	71	14	0	7.965941	0.853993	0.721376	0.853031	0.658595	0.633900	0.670943	0.452774	0.582665
8	74	0.605727	0.203837	0.469784	-0.243885	0.036260	-0.312829	104	19	0	8.124221	0.627806	0.096376	0.699086	0.680484	0.361209	0.951331	0.587556	0.841966
8	75	0.829328	0.178339	0.629891	0.532415	0.416784	0.517545	120	24	0	7.286311	0.778143	0.862171	0.649615	0.639272	0.928560	0.953817	0.900096	0.922947
9	1	0.775487	0.190747	0.709143	1.234333	-0.088042	1.378086	49	9	0	7.938688	0.986610	0.911883	0.837636	0.922065	0.892640	0.431366	0.941068	0.280629
9	2	0.783585	0.304783	0.729600	0.678402	1.064940	1.116116	79	15	0	8.546738	0.433772	0.959189	0.854474	0.983563	0.733724	0.431366	0.976507	0.896087
9	3	0.924992	0.052037	0.940873	0.540599	-0.232070	1.992712	174	36	0	7.664272	0.990619	0.851588	0.989496	0.896328	0.919099	0.912524	0.939304	0.900978
9	4	0.687079	0.256575	0.378138	-0.252562	0.666035	-1.416664	121	23	0	9.059487	0.659477	0.526058	0.522691	0.717126	0.807649	0.561337	0.888871	0.813422
9	5	0.908625	0.070197	0.767032	0.433546	-0.153046	0.749633	162	28	0	9.105696	0.873717	0.940266	0.944275	0.863133	0.862893	0.931527	0.961193	0.891998
9	6	0.846947	0.084790	0.609285	0.783039	-0.654287	0.450088	93	19	0	8.191357	0.780388	0.852309	0.822883	0.665972	0.905468	0.894243	0.976668	0.877646
9	7	0.771208	0.148032	0.466542	0.139629	-0.074177	-0.404600	131	25	0	7.586473	0.867223	0.561738	0.747354	0.859205	0.837476	0.718249	0.880452	0.697963
9	8	0.778424	0.207846	0.632079	0.302083	0.378775	0.337952	94	17	0	10.673609	0.892640	0.748877	0.668858	0.851106	0.637508	0.661402	0.898092	0.868906
9	9	0.494297	0.166393	0.378138	-0.225081	-0.519116	-0.961819	70	14	0	8.172460	0.548910	0.226588	0.280308	0.578015	0.592527	0.574808	0.692992	0.460231
9	10	0.404777	0.262869	0.336319	-0.464802	0.284372	-1.558360	50	11	0	10.725811	0.283675	0.252806	0.618746	0.280548	0.317351	0.574808	0.536081	0.374198
9	11	0.623737	0.072843	0.450678	0.147664	-1.519627	-0.252412	82	14	0	7.992971	0.628448	0.524134	0.625962	0.886466	0.654586	0.574808	0.477790	0.617704
9	12	0.807479	0.075208	0.651883	0.411877	-0.950151	0.460973	98	19	0	9.671183	0.876443	0.952293	0.730997	0.812219	0.846135	0.825850	0.794339	0.621552
9	13	0.734275	0.134161	0.619009	0.013476	-0.382647	0.323988	116	22	0	8.552993	0.692992	0.517559	0.697803	0.672787	0.906430	0.805003	0.873396	0.708226
9	14	0.572553	0.046224	0.385137	0.160127	-2.117126	-0.786117	69	11	0	8.249182	0.593489	0.614897	0.229955	0.575770	0.629089	0.659076	0.646648	0.631495
9	15	0.577574	0.128608	0.487618	0.298564	-0.982237	0.208123	59	13	0	7.549997	0.615779	0.510183	0.600786	0.508579	0.434894	0.659076	0.659798	0.631495
9	16	0.690477	0.106879	0.502955	-0.120814	-0.766048	-0.156963	127	25	0	7.482523	0.743024	0.619227	0.682890	0.722097	0.645927	0.569115	0.786081	0.755452
9	17	0.703927	0.205601	0.538372	0.139512	0.180692	0.106142	102	19	0	7.981138	0.670622	0.745510	0.578576	0.927437	0.723461	0.569115	0.890715	0.525978
9	18	0.720334	0.193594	0.433588	0.032198	0.194172	-0.594840	123	24	0	7.348526	0.641116	0.698124	0.886065	0.903223	0.588679	0.800994	0.653143	0.591325
9	19	0.899866	0.058010	0.617291	0.727850	-0.501796	0.330223	139	27	0	7.571961	0.884461	0.854314	0.917014	0.966725	0.961273	0.895366	0.875321	0.844452
9	20	0.520987	0.175072	0.440919	-0.453068	-0.304208	-0.478835	97	17	0	8.193567	0.439545	0.402903	0.745911	0.387187	0.469532	0.466325	0.673829	0.582665
9	21	0.411592	0.322142	0.336319	-0.153295	0.702157	-1.243716	53	10	0	7.662892	0.471456	0.187139	0.745911	0.106158	0.440827	0.669901	0.202854	0.468489
9	22	0.359555	0.459489	0.336319	-0.237434	1.485210	-1.219004	40	9	0	8.253135	0.330741	0.097739	0.745911	0.062540	0.133740	0.275497	0.553319	0.676956
9	23	0.716595	0.183752	0.385137	0.083841	0.071214	-1.047315	118	21	0	7.535845	0.558451	0.643121	0.584990	0.789047	0.631013	0.715763	0.964480	0.845895
9	24	0.759652	0.115739	0.397336	-0.805264	-0.346666	-1.743900	204	34	1	8.554846	0.624439	0.822322	0.788887	0.751443	0.773412	0.960953	0.480997	0.874759
9	25	0.932379	0.030148	0.796344	0.674710	-0.835501	0.733645	122	25	1	9.177217	0.968329	0.955661	0.966244	0.995750	0.900657	0.959189	0.948605	0.764593
9	26	0.608944	0.156210	0.394621	-0.113091	-0.432088	-0.851522	102	19	0	7.319435	0.522691	0.422466	0.922306	0.555083	0.467207	0.682890	0.639833	0.659076
9	27	0.468359	0.361951	0.401448	0.097119	0.894625	-0.213172	53	13	0	6.670279	0.282312	0.781350	0.618586	0.168377	0.264513	0.581062	0.703496	0.347178
9	28	0.909387	0.138590	0.704435	0.309845	0.592285	0.236170	144	30	1	8.669132	0.927437	0.972659	0.840603	0.944436	0.829057	0.987251	0.988053	0.785600
9	29	0.926245	0.078977	0.755590	0.769609	0.161818	0.877354	151	29	0	7.902006	0.802037	0.979715	0.935295	0.979394	0.967848	0.984686	0.996392	0.764593
9	30	0.885654	0.141998	0.834990	0.401385	0.378307	1.064638	137	27	1	7.479033	0.926475	0.910279	0.800112	0.981158	0.761867	0.935135	0.968329	0.801876
9	31	0.815116	0.130172	0.710494	0.328901	-0.112342	0.801378	128	25	0	7.795475	0.900016	0.749198	0.779266	0.789448	0.625561	0.907633	0.934894	0.834910
9	32	0.637829	0.209630	0.465385	0.093775	-0.009226	-0.258944	78	15	0	8.953918	0.397049	0.556286	0.555885	0.499759	0.721536	0.841325	0.859606	0.671183
9	33	0.731930	0.319576	0.641402	0.605437	0.988310	0.783773	73	14	0	8.110549	0.544660	0.612171	0.891036	0.935776	0.581302	0.859044	0.893762	0.537684
9	34	0.938522	0.067491	0.636088	0.601421	0.218220	0.083555	171	31	0	8.932103	0.980196	0.973861	0.954057	0.975225	0.914769	0.882537	0.957104	0.870430
9	35	0.841365	0.181607	0.598529	0.099767	0.341813	-0.327441	104	20	2	10.546145	0.873877	0.912684	0.958387	0.745750	0.718810	0.793217	0.995430	0.732761
9	36	0.961704	0.030609	0.873923	0.660466	-0.022070	1.212131	203	40	0	8.205230	0.944756	0.956142	0.985648	0.915411	0.990940	0.971697	0.978111	0.950930
9	37	0.961865	0.037444	0.636271	0.810162	0.039711	0.093344	170	34	0	8.637180	0.945237	0.936257	0.949888	0.983403	0.980997	0.940908	0.990298	0.967928
9	38	0.854003	0.108503	0.845689	0.214758	-0.074617	1.242544	154	31	0	8.049438	0.805244	0.774375	0.811177	0.784157	0.896007	0.945879	0.956142	0.859044
9	39	0.752586	0.103672	0.737320	0.504952	-0.841222	1.175129	87	17	0	7.846713	0.795141	0.785279	0.678480	0.627566	0.709189	0.835311	0.730677	0.859044
9	40	0.948414	0.045502	0.724629	0.390867	0.094580	0.409927	224	46	0	8.181474	0.882697	0.976828	0.799230	0.995269	0.968329	0.992223	0.979715	0.993024
9	41	0.862492	0.161241	0.774317	0.991134	0.284874	1.276916	87	16	0	8.354346	0.950690	0.938823	0.932890	0.858884	0.711353	0.743987	0.970574	0.792736
9	42	0.728762	0.222839	0.514398	-0.159741	0.525062	-0.259241	137	24	0	8.375310	0.648573	0.702293	0.502886	0.624198	0.665491	0.878368	0.860969	0.947322
9	43	0.666172	0.164208	0.580684	0.579318	-0.486502	0.685655	64	13	0	7.399660	0.695157	0.679121	0.580180	0.728752	0.526940	0.418457	0.962716	0.738053
9	44	0.491912	0.171043	0.336319	-0.312948	-0.373778	-1.449670	92	15	0	7.082670	0.531831	0.227550	0.475144	0.267720	0.452453	0.519804	0.747033	0.713759
9	45	0.503137	0.256635	0.378138	-0.294721	0.320267	-1.012525	83	14	0	8.034076	0.526139	0.327534	0.423108	0.245029	0.740058	0.447883	0.661321	0.654025
9	46	0.621051	0.254610	0.880647	-0.344298	0.306903	1.413867	87	16	1	9.250337	0.598861	0.496071	0.324487	0.578656	0.526299	0.785199	0.889432	0.769403
9	47	0.828466	0.072623	0.681687	0.550609	-0.881663	0.664374	104	18	0	9.028972	0.887027	0.629490	0.784638	0.850144	0.879169	0.816549	0.901459	0.879250
9	48	0.620700	0.238214	0.336319	0.103649	0.211516	-1.548891	79	16	0	8.063850	0.842126	0.337155	0.528143	0.537203	0.541693	0.593730	0.753528	0.832024
9	49	0.766327	0.037765	0.456096	0.484503	-1.876502	-0.389048	81	17	0	9.025916	0.805885	0.772210	0.752004	0.763550	0.617383	0.830901	0.795943	0.792736
9	50	0.488805	0.223942	0.336319	-0.453177	0.078253	-1.606588	82	17	0	8.236182	0.624679	0.245350	0.320157	0.485247	0.403063	0.600144	0.528624	0.703175
9	51	0.430063	0.127385	0.401448	-0.283043	-0.900446	-0.337746	71	15	0	6.601772	0.362332	0.438823	0.328817	0.385584	0.433772	0.608884	0.257377	0.624920
9	52	0.623918	0.099182	0.336319	-0.458585	-0.959941	-1.909974	118	24	0	8.779214	0.673348	0.529185	0.389753	0.717126	0.630452	0.635584	0.715202	0.700690
9	53	0.552387	0.247835	0.486908	0.180631	0.123208	0.182130	60	13	0	7.649365	0.618746	0.871793	0.154185	0.427598	0.604474	0.386867	0.804763	0.550674
9	54	0.578646	0.304081	0.412318	-0.542654	0.877190	-0.859801	116	22	0	8.565101	0.442110	0.523733	0.459750	0.692591	0.206863	0.771809	0.755292	0.777021
9	55	0.698916	0.104434	0.570111	0.110970	-0.893630	0.231297	99	18	0	8.405132	0.730196	0.496793	0.434173	0.765475	0.727630	0.800994	0.880613	0.755452
9	56	0.367974	0.262829	0.397336	-0.368205	0.340729	-0.496816	54	10	0	7.930232	0.239657	0.155228	0.262668	0.228432	0.487973	0.586033	0.534798	0.449006
9	57	0.545081	0.265014	0.563147	-0.272558	0.164480	-0.014813	54	11	1	11.415102	0.720013	0.738214	0.536963	0.711353	0.252405	0.424631	0.520606	0.456462
9	58	0.660089	0.274495	0.548039	-0.010485	0.565925	0.003053	77	16	0	11.428607	0.858162	0.634541	0.800433	0.908194	0.508499	0.608884	0.550994	0.411001
9	59	0.509010	0.178360	0.399100	-0.370506	-0.258388	-0.634738	100	19	0	6.722234	0.351187	0.161883	0.449727	0.513310	0.663165	0.583547	0.550994	0.798268
9	60	0.987682	0.016697	0.913532	1.668395	0.506084	1.819052	145	25	0	8.361542	0.987091	0.999599	0.977309	0.995590	0.975866	0.990138	0.996232	0.979634
9	61	0.836404	0.085010	0.715362	0.380637	-0.508492	0.862313	143	28	0	7.097365	0.859445	0.748877	0.471616	0.891998	0.906911	0.966004	0.935936	0.910439
9	62	0.617543	0.206222	0.479359	0.468438	-0.157524	0.203820	66	12	0	7.117283	0.528865	0.715683	0.516758	0.781190	0.561017	0.427197	0.831783	0.577854
9	63	0.551215	0.158615	0.439155	-0.189729	-0.534116	-0.394572	81	17	0	8.033053	0.525657	0.652582	0.342367	0.340523	0.625080	0.545301	0.633740	0.744468
9	64	0.739587	0.291393	0.572207	0.305629	0.918528	0.254393	91	18	0	8.572545	0.544820	0.708307	0.536963	0.923589	0.759782	0.899615	0.910600	0.633018
9	65	0.756013	0.125942	0.575128	0.765577	-0.634308	0.583061	78	14	0	7.295576	0.847097	0.822322	0.877085	0.815507	0.723781	0.819115	0.504250	0.638951
9	66	0.694486	0.128568	0.725408	0.241751	-0.680699	1.046365	84	17	0	8.493711	0.644724	0.682088	0.275016	0.795382	0.745029	0.819115	0.891357	0.703175
9	67	0.658786	0.134181	0.497457	-0.390948	-0.479267	-0.382151	129	22	0	9.049800	0.688021	0.508740	0.465603	0.621953	0.632858	0.847258	0.652181	0.853672
9	68	0.387308	0.108423	0.397336	-0.949270	-0.903672	-0.820244	100	19	0	7.534062	0.368345	0.296825	0.271087	0.320879	0.443554	0.416533	0.409798	0.571440
9	69	0.848451	0.120410	0.552919	-0.171391	0.166868	-0.389157	203	34	0	8.819949	0.877085	0.795783	0.739978	0.879570	0.912043	0.714400	0.898974	0.969772
9	70	0.736580	0.065847	0.645835	-0.121010	-1.129323	0.480117	154	28	0	7.070499	0.741982	0.626604	0.728432	0.670783	0.705741	0.714400	0.825449	0.879250
9	71	0.664158	0.192351	0.336319	-0.463652	0.213098	-1.899472	161	27	0	7.438990	0.647450	0.605516	0.660920	0.521488	0.409638	0.843008	0.754811	0.870430
9	72	0.807840	0.176816	0.559127	0.189413	0.358379	0.001469	134	26	0	8.131005	0.953736	0.564464	0.938663	0.854394	0.623958	0.929121	0.800112	0.798268
9	73	0.706352	0.177277	0.731123	0.327981	-0.197355	1.037414	77	14	0	9.555187	0.818714	0.657553	0.735327	0.619548	0.845173	0.681847	0.860568	0.432088
9	74	0.951732	0.033876	0.851679	0.375977	-0.068261	0.990462	243	50	0	7.802608	0.939785	0.916693	0.982761	0.949727	0.922787	0.964962	0.949727	0.987412
9	75	0.653624	0.551616	0.479405	0.536576	2.088816	0.159458	65	13	0	7.321465	0.367864	0.935295	0.911402	0.970975	0.231960	0.359445	0.909718	0.542335
9	76	0.367644	0.323024	0.409134	-0.332718	0.734288	-0.346913	45	9	0	8.899152	0.920141	0.197643	0.910279	0.078817	0.020285	0.226267	0.236530	0.351187
9	77	0.654185	0.214059	0.621335	0.298080	0.055093	0.728068	81	15	0	7.544214	0.926636	0.894724	0.328817	0.720734	0.593329	0.728352	0.449567	0.591325
9	78	0.443944	0.403063	0.414231	-0.004234	1.170850	-0.154721	57	11	0	6.867789	0.406270	0.032152	0.348781	0.271248	0.167495	0.920382	0.811097	0.594131
9	79	0.834479	0.183130	0.474743	0.464398	0.468305	-0.437743	114	21	0	8.772369	0.979233	0.672386	0.943794	0.864897	0.534237	0.974102	0.906992	0.800192
9	80	0.689966	0.155208	0.558084	-0.153023	-0.196555	0.139546	131	27	0	7.229157	0.828416	0.179362	0.710872	0.661321	0.935776	0.763871	0.804121	0.635985
9	81	0.766898	0.281130	0.525291	-0.165927	1.150149	-0.290722	148	29	0	8.433152	0.823044	0.474904	0.919580	0.597418	0.623396	0.894484	0.907473	0.894885
9	82	0.611109	0.191729	0.489737	0.491290	-0.384578	0.133371	50	8	0	9.444357	0.746632	0.625321	0.762027	0.819275	0.313582	0.366020	0.622996	0.633018
9	83	0.729133	0.157633	0.594669	-0.239004	-0.064108	0.078769	138	26	0	8.699756	0.732761	0.543056	0.645125	0.661321	0.666373	0.788085	0.895366	0.900978
9	84	0.846446	0.226768	0.656247	0.786790	0.806712	0.669975	90	19	0	8.316335	0.903384	0.965443	0.966565	0.945718	0.619067	0.745831	0.951171	0.674391
9	85	0.458357	0.270065	0.424837	-0.668589	0.512311	-0.610042	91	17	0	8.437130	0.405388	0.025898	0.434173	0.216485	0.727069	0.611289	0.679041	0.567511
9	86	0.557048	0.150036	0.414277	-0.362115	-0.529658	-0.672346	99	18	0	8.151787	0.575690	0.317912	0.659878	0.314785	0.665491	0.620590	0.601347	0.700690
9	87	0.453917	0.216806	0.508568	-0.240502	-0.116504	0.161329	56	11	0	9.143208	0.619708	0.505292	0.224343	0.312460	0.318634	0.491742	0.369788	0.789368
9	88	0.506104	0.116641	0.520767	-0.454369	-0.952307	0.055239	93	16	0	8.219837	0.529666	0.627004	0.145927	0.537203	0.582184	0.593730	0.352630	0.680484
9	89	0.242513	0.207745	0.336319	-1.299353	0.396803	-1.563909	70	14	0	8.747081	0.324487	0.023573	0.145927	0.142399	0.074808	0.607761	0.261626	0.359525
9	90	0.800814	0.081062	0.568210	0.532554	-0.900941	0.229898	98	18	0	8.401685	0.813182	0.820478	0.662444	0.825449	0.720734	0.766758	0.928560	0.868906
9	91	0.794570	0.254630	0.571555	0.069572	0.974166	0.012466	132	28	0	8.380394	0.651940	0.948124	0.818153	0.658595	0.546264	0.929843	0.905468	0.898172
9	92	0.762718	0.126924	0.666533	0.054029	-0.397271	0.473353	112	23	0	9.311177	0.764513	0.870029	0.818153	0.735648	0.559894	0.642800	0.881575	0.829137
9	93	0.460331	0.262688	0.336319	-0.829945	0.529310	-1.741003	108	21	0	8.007901	0.421344	0.210231	0.199326	0.333307	0.633900	0.542335	0.522530	0.819676
9	94	0.641898	0.282633	0.407519	-0.694044	0.957787	-1.018147	165	32	0	7.643809	0.518201	0.319115	0.420382	0.599824	0.667174	0.925754	0.726588	0.958146
9	95	0.579799	0.263791	0.446154	-0.521193	0.552027	-0.625568	111	21	0	8.902814	0.838919	0.506976	0.259060	0.747194	0.546264	0.444836	0.515795	0.779346
9	96	0.472238	0.387408	0.336319	-0.427638	1.198255	-1.586164	74	15	0	8.627520	0.406270	0.143281	0.288967	0.484606	0.190106	0.950369	0.646167	0.668137
9	97	0.755011	0.114637	0.426773	0.526230	-0.709523	-0.490075	86	17	0	7.843424	0.614817	0.876523	0.825930	0.430404	0.763951	0.824888	0.872755	0.830821
9	98	0.661241	0.072743	0.527673	-0.012930	-1.405838	-0.000864	90	18	0	8.907610	0.712716	0.649856	0.355677	0.733964	0.713518	0.656911	0.741421	0.725866
9	99	0.738073	0.104033	0.397336	-0.119645	-0.625498	-1.037870	145	30	0	7.199560	0.744387	0.610167	0.386867	0.776860	0.739737	0.966645	0.782793	0.897130
9	100	0.905148	0.086814	0.842539	0.515069	0.045977	1.156532	154	26	0	9.006232	0.900978	0.965122	0.813422	0.960231	0.783916	0.895045	0.936337	0.986129
9	101	0.821370	0.167615	0.682054	0.181225	0.324394	0.482070	128	26	0	9.132690	0.896167	0.738614	0.929442	0.869869	0.614817	0.728352	0.926155	0.867543
9	102	0.838749	0.145265	0.798703	0.780681	0.016419	1.368778	92	18	0	8.188826	0.936418	0.902261	0.798268	0.950690	0.502806	0.942992	0.776379	0.900176
9	103	0.876954	0.071260	0.708971	1.044840	-0.712494	0.978172	84	18	0	8.268176	0.860969	0.974904	0.799792	0.888149	0.726748	0.969612	0.899375	0.896087
9	104	0.739446	0.142259	0.401448	0.647803	-0.458073	-0.484517	82	16	0	7.043170	0.920622	0.806847	0.832585	0.742864	0.503287	0.771809	0.673268	0.664288
9	105	0.592186	0.215242	0.394621	-0.057207	0.091963	-0.760090	102	17	0	6.933351	0.574647	0.244067	0.823845	0.492303	0.540010	0.690026	0.513550	0.859044
9	106	0.727911	0.226908	0.543434	0.813100	0.208386	0.533612	67	13	0	7.150922	0.852951	0.464801	0.654987	0.733643	0.860006	0.546264	0.840202	0.870430
9	107	0.920933	0.024074	0.594910	0.769537	-0.993070	0.139674	144	26	0	8.107887	0.944355	0.966886	0.943313	0.972017	0.678239	0.945077	0.944917	0.972659
9	108	0.905919	0.066649	0.759335	0.794117	-0.387208	0.956227	114	26	0	8.634650	0.987251	0.965763	0.973140	0.944756	0.854474	0.916453	0.654586	0.950930
9	109	0.755262	0.142018	0.695214	-0.450261	-0.246719	0.157291	129	28	1	9.752450	0.878849	0.868345	0.579699	0.841325	0.739336	0.611289	0.737652	0.785600
9	110	0.722308	0.289228	0.550754	0.441143	0.773307	0.273448	77	16	0	8.366404	0.801716	0.621392	0.458868	0.707184	0.429041	0.987652	0.918938	0.853672
9	111	0.879520	0.105496	0.584269	-0.116315	0.229554	-0.260190	222	43	0	8.295790	0.728111	0.886225	0.805164	0.860888	0.870510	0.954859	0.951652	0.978752
9	112	0.923619	0.051495	0.847453	0.995518	-0.464220	1.350436	126	17	0	9.226348	0.936257	0.913326	0.891677	0.884942	0.892960	0.946360	0.943393	0.980035
9	113	0.838137	0.213338	0.632239	0.713862	0.700167	0.581035	103	20	0	7.654720	0.728512	0.855837	0.984686	0.961995	0.679522	0.745831	0.796264	0.952453
9	114	0.860738	0.155188	0.757938	0.606213	0.341657	0.993735	111	23	0	8.586829	0.986450	0.896969	0.985327	0.949086	0.621312	0.845654	0.674872	0.926235
9	115	0.677437	0.161422	0.414231	0.451706	-0.400213	-0.316301	80	19	0	6.368932	0.611209	0.557890	0.641998	0.813502	0.551155	0.743987	0.694516	0.805244
9	116	0.428189	0.303801	0.336319	-0.563111	0.742586	-1.444372	81	19	0	7.080232	0.449727	0.076812	0.662765	0.256013	0.324727	0.599343	0.408756	0.647370
9	117	0.897150	0.118165	0.818576	0.502948	0.305738	1.044217	137	28	0	9.241954	0.867864	0.946520	0.795783	0.996713	0.753768	0.875080	0.965282	0.976187
9	118	0.891427	0.091906	0.674471	0.259247	0.042835	0.279872	159	32	0	9.152762	0.986289	0.979394	0.985167	0.507216	0.823445	0.979875	0.911241	0.958788
9	119	0.652532	0.131314	0.633270	1.008967	-0.979951	1.277539	49	9	0	6.211678	0.786482	0.827614	0.711193	0.720093	0.325529	0.654907	0.580901	0.613534
9	120	0.842186	0.069516	0.467436	-0.638449	-0.395064	-1.114549	254	54	0	9.307610	0.853672	0.884461	0.557008	0.899775	0.852710	0.930645	0.793778	0.965443
9	121	0.604965	0.260764	0.336319	-0.185973	0.467017	-1.705435	94	18	0	8.393299	0.373797	0.656992	0.799631	0.840763	0.428881	0.587877	0.463839	0.687941
9	122	0.933651	0.026419	0.589767	0.927160	-0.812683	0.072005	127	24	0	9.107659	0.946841	0.944756	0.934493	0.965122	0.926315	0.957585	0.913486	0.880613
9	123	0.692321	0.112312	0.394621	0.246948	-0.835706	-0.828308	96	18	0	7.414079	0.767239	0.625882	0.905629	0.590202	0.637027	0.637989	0.738614	0.635985
9	124	0.589962	0.357982	0.415834	-0.230297	1.157534	-0.617066	101	19	0	7.700357	0.579298	0.423268	0.412364	0.417736	0.773172	0.799952	0.440186	0.873717
9	125	0.460943	0.201832	0.336319	-0.385988	-0.197387	-1.606274	65	12	0	9.758093	0.363053	0.210231	0.495109	0.704458	0.506815	0.542335	0.298028	0.567511
9	126	0.614567	0.175333	0.424723	0.024497	-0.374581	-0.581206	71	16	0	9.248202	0.748076	0.422466	0.577534	0.681046	0.536642	0.742142	0.514192	0.694436
9	127	0.745430	0.124940	0.593581	0.150270	-0.515036	0.258283	101	22	0	8.605674	0.764272	0.801555	0.647771	0.698525	0.708788	0.838438	0.611369	0.892720
9	128	0.795883	0.105617	0.710575	0.770980	-0.748369	1.007018	73	14	0	9.079284	0.754891	0.842607	0.936578	0.840523	0.898813	0.739496	0.839240	0.514913
9	129	0.742694	0.049892	0.421367	0.713936	-1.752873	-0.306751	72	17	0	7.115289	0.790010	0.764192	0.898573	0.457665	0.784317	0.678801	0.800914	0.767078
10	1	0.621181	0.402582	0.784283	1.134071	0.945195	2.021606	28	6	0	7.405688	0.772130	0.809493	0.458868	0.827614	0.821761	0.305965	0.968650	0.004971
10	2	0.865108	0.053339	0.747870	0.559115	-0.908066	0.962405	126	27	0	7.815533	0.874840	0.831623	0.787765	0.850545	0.910439	0.826732	0.979875	0.859044
10	3	0.780969	0.273533	0.555060	-0.116878	1.144902	-0.085649	149	33	0	7.799325	0.645606	0.597178	0.799471	0.585632	0.840122	0.920863	0.956462	0.902421
10	4	0.756795	0.268101	0.336319	-0.287580	1.055275	-2.043595	159	31	0	8.170866	0.788406	0.646729	0.521809	0.592848	0.899375	0.907312	0.782954	0.914929
10	5	0.811999	0.154646	0.525566	0.251384	0.137337	-0.164286	127	25	0	8.325539	0.648573	0.797226	0.710872	0.899134	0.925834	0.764593	0.927838	0.821921
10	6	0.454819	0.205260	0.731982	-0.297265	-0.125577	1.346809	75	14	0	7.287234	0.466645	0.242062	0.603432	0.180404	0.425112	0.764593	0.401539	0.554763
10	7	0.595935	0.231859	0.401448	-0.153531	0.179531	-0.807452	85	15	0	9.337092	0.351187	0.551235	0.343970	0.550112	0.751604	0.813101	0.725786	0.680484
10	8	0.220213	0.106378	0.336319	-0.658944	-0.822135	-1.127259	35	6	0	8.289518	0.599824	0.060375	0.181527	0.109525	0.165731	0.222258	0.138550	0.283916
10	9	0.668938	0.110187	0.580821	0.216445	-0.936425	0.453685	90	16	0	7.694489	0.752646	0.528464	0.621472	0.667656	0.603191	0.898012	0.585632	0.694436
10	10	0.773192	0.074467	0.631437	0.808280	-1.213625	0.833031	81	15	0	7.135576	0.827694	0.830180	0.789609	0.762829	0.677037	0.781350	0.818874	0.697963
10	11	0.818483	0.102710	0.623122	0.399893	-0.495780	0.304240	107	20	0	9.421436	0.780067	0.848942	0.745109	0.861530	0.911562	0.820157	0.941549	0.638951
10	12	0.751383	0.261907	0.598758	-0.188985	0.901359	0.050982	132	28	0	9.118037	0.583948	0.589080	0.630773	0.719051	0.903544	0.731479	0.875160	0.978031
10	13	0.499158	0.162885	0.465385	-0.569537	-0.377526	-0.261797	107	19	0	7.573497	0.491661	0.473140	0.112572	0.483323	0.547466	0.294500	0.723060	0.867543
10	14	0.500611	0.141417	0.401448	0.177046	-0.909166	-0.344465	51	10	0	7.890635	0.689945	0.380131	0.749118	0.491020	0.394885	0.400818	0.438743	0.460231
10	15	0.760123	0.179482	0.336319	-0.520666	0.400452	-2.152174	184	43	0	7.935447	0.603031	0.695879	0.477710	0.756334	0.910840	0.832585	0.827694	0.976908
10	16	0.812690	0.096697	0.378138	0.636491	-0.678114	-1.153929	86	20	0	8.338104	0.860087	0.785680	0.703576	0.737733	0.917816	0.896007	0.816709	0.783916
10	17	0.511165	0.157132	0.401448	-0.143296	-0.623936	-0.533984	69	15	0	7.870441	0.467126	0.337155	0.923910	0.347097	0.443313	0.557168	0.586193	0.427357
10	18	0.722498	0.259762	0.401448	-0.273270	0.874503	-0.968184	155	31	0	7.264788	0.550994	0.630853	0.466725	0.635904	0.768441	0.939144	0.847819	0.940106
10	19	0.660209	0.156270	0.940243	0.069821	-0.416069	2.375010	89	18	0	8.181784	0.479955	0.594051	0.547065	0.695879	0.857601	0.609686	0.769003	0.728432
10	20	0.683060	0.302297	0.516918	0.425634	0.823470	0.294236	85	17	0	6.762588	0.382537	0.335872	0.837235	0.591164	0.832344	0.752566	0.853512	0.879250
10	21	0.701772	0.188823	0.647496	-0.053302	0.078821	0.507120	109	24	0	8.192773	0.582344	0.484686	0.655629	0.685856	0.816950	0.678801	0.856238	0.853672
10	22	0.817371	0.094111	0.485258	-0.480186	-0.238959	-0.845064	210	43	0	9.062783	0.762267	0.810856	0.599904	0.785038	0.920061	0.857922	0.853752	0.949166
10	23	0.739547	0.155809	0.457402	-0.200359	-0.030925	-0.635792	144	29	0	8.032861	0.642640	0.649054	0.579217	0.705741	0.815346	0.799230	0.958066	0.767078
10	24	0.881785	0.096757	0.683142	-0.231413	0.201061	0.098361	242	44	0	8.861241	0.874359	0.811979	0.839320	0.778784	0.892158	0.936097	0.926956	0.994628
10	25	0.628959	0.359866	0.667644	0.585504	0.935423	1.154922	55	11	0	7.571547	0.847258	0.800112	0.798990	0.838278	0.406270	0.464801	0.461594	0.414368
10	26	0.863033	0.037243	0.619995	0.684946	-1.357657	0.307383	95	20	0	9.774848	0.966244	0.887027	0.872114	0.876443	0.715122	0.908756	0.871151	0.807409
10	27	0.734054	0.184634	0.561051	-0.439043	0.283104	-0.223501	152	31	0	9.139279	0.847899	0.658916	0.666052	0.676395	0.611129	0.860728	0.699407	0.851908
10	28	0.739617	0.119327	0.654712	0.268380	-0.586632	0.696946	110	20	0	7.446134	0.719051	0.621392	0.698605	0.634541	0.836674	0.719211	0.790330	0.897130
10	29	0.449016	0.243385	0.385137	0.000469	0.065279	-0.556813	55	10	0	7.411423	0.462556	0.257296	0.672065	0.276299	0.431366	0.868586	0.183451	0.440507
10	30	0.604755	0.149034	0.602767	-0.047386	-0.582751	0.502088	82	18	0	8.123854	0.733403	0.628608	0.630212	0.669580	0.583547	0.395366	0.377646	0.819676
10	31	0.737532	0.254991	0.567236	-0.118327	0.826117	0.104077	144	29	0	7.359286	0.559092	0.511546	0.724423	0.603672	0.832986	0.891116	0.797226	0.980196
10	32	0.575218	0.331763	0.433588	0.236517	0.779591	-0.231874	62	13	0	7.699409	0.369227	0.962636	0.372915	0.291132	0.588919	0.798348	0.672226	0.546344
10	33	0.401870	0.119808	0.336319	-0.132052	-1.097430	-1.203504	48	10	0	7.635723	0.250401	0.370510	0.381254	0.413085	0.464320	0.283836	0.313502	0.738053
10	34	0.545352	0.246252	0.463026	-0.335686	0.267617	-0.300123	83	19	0	8.419527	0.589962	0.266116	0.435536	0.426475	0.393922	0.641758	0.733082	0.875962
10	35	0.793628	0.118846	0.604222	0.167783	-0.313623	0.329163	131	32	0	7.104755	0.765394	0.816469	0.633178	0.873076	0.855516	0.668056	0.822402	0.914929
10	36	0.571831	0.412664	0.436440	-0.124312	1.367573	-0.404803	80	19	0	7.771560	0.379570	0.353672	0.276700	0.513310	0.806126	0.799952	0.781030	0.664288
10	37	0.759952	0.209549	0.558405	0.301269	0.363554	0.216765	104	22	0	7.665918	0.611450	0.653143	0.671504	0.653865	0.862251	0.938342	0.822883	0.866180
10	38	0.626874	0.311057	0.465374	0.153709	0.813552	-0.094443	83	17	0	7.350471	0.602870	0.517960	0.828175	0.464080	0.404185	0.543297	0.843089	0.811337
10	39	0.686197	0.359585	0.378138	0.050059	1.305812	-1.157844	103	21	0	7.776838	0.498076	0.502566	0.452614	0.587396	0.902341	0.773092	0.847258	0.926235
10	40	0.420873	0.130252	0.489554	-0.135350	-0.928437	0.379380	58	13	0	6.633112	0.302117	0.420301	0.417014	0.291132	0.437380	0.321841	0.476507	0.700690
10	41	0.415090	0.147029	0.385137	-0.581882	-0.613874	-0.828308	76	16	0	7.763064	0.422466	0.294660	0.340282	0.526780	0.499519	0.436578	0.322963	0.477470
10	42	0.465463	0.389733	0.385217	-0.207230	1.118672	-0.747577	59	12	0	8.603670	0.287284	0.278303	0.347097	0.266036	0.671905	0.814625	0.375080	0.683371
10	43	0.543457	0.276339	0.427037	0.166114	0.336038	-0.240657	57	12	0	8.006772	0.379971	0.404426	0.564865	0.484606	0.671905	0.682890	0.375080	0.783916
10	44	0.394594	0.190827	0.336319	-0.091901	-0.335955	-1.102343	51	10	0	6.874402	0.303881	0.476668	0.439945	0.231318	0.263631	0.354314	0.578416	0.508579
10	45	0.694115	0.189845	0.522324	0.008210	0.058077	-0.039604	108	21	0	8.054046	0.402742	0.752486	0.711835	0.669580	0.795622	0.482842	0.864096	0.873717
10	46	0.611369	0.289268	0.378138	0.127947	0.594177	-0.982664	77	15	0	7.958887	0.480997	0.353672	0.606398	0.513310	0.891998	0.468008	0.745750	0.830821
10	47	0.544560	0.090382	0.336319	0.099813	-1.422210	-1.387963	62	13	0	7.883292	0.417174	0.445879	0.561017	0.557088	0.632056	0.546264	0.502566	0.694436
10	48	0.289498	0.148613	0.436440	-0.168282	-0.628564	0.241454	36	7	0	6.682400	0.161161	0.149615	0.376283	0.296103	0.423348	0.287524	0.247755	0.374198
10	49	0.537223	0.167936	0.397336	-0.635899	-0.291445	-0.991543	108	25	0	8.051514	0.477951	0.401620	0.458307	0.451652	0.603191	0.421023	0.638149	0.845895
10	50	0.488344	0.356358	0.522530	-0.094120	0.917201	0.321992	64	12	0	7.938704	0.301395	0.557890	0.108242	0.646648	0.808611	0.314144	0.729314	0.440507
10	51	0.507076	0.074767	0.629479	0.106940	-1.724527	0.899999	51	12	0	8.018682	0.390154	0.461434	0.360087	0.493345	0.454859	0.851427	0.541052	0.504250
10	52	0.312059	0.085331	0.808680	-0.768894	-1.211196	1.714862	64	13	0	7.683475	0.328335	0.172466	0.318794	0.192511	0.284397	0.341966	0.361129	0.496873
10	53	0.522009	0.284157	0.336319	0.082139	0.412584	-1.313371	59	14	0	7.435602	0.324968	0.286081	0.540811	0.414609	0.558371	0.687781	0.672547	0.690908
10	54	0.578937	0.118325	0.569310	-0.547413	-0.814291	0.092894	110	24	0	8.628391	0.448765	0.659878	0.212716	0.579298	0.601828	0.629009	0.680324	0.819676
10	55	0.383760	0.304642	0.397336	-0.541211	0.767277	-0.493807	75	17	0	6.495981	0.364657	0.287765	0.069436	0.158836	0.557729	0.452293	0.611851	0.567511
10	56	0.152792	0.152702	0.336319	-0.923132	0.175283	-1.037080	26	5	0	8.411942	0.166854	0.017640	0.154185	0.035359	0.028464	0.244788	0.114817	0.460231
10	57	0.675794	0.441108	0.397336	0.302202	1.595766	-0.776369	77	15	0	8.363218	0.428720	0.329939	0.490459	0.572723	0.913005	0.941469	0.804522	0.925513
10	58	0.789619	0.167716	0.580844	1.261649	-0.229667	0.785707	53	10	0	7.548992	0.880212	0.694275	0.620029	0.705741	0.918618	0.867383	0.792415	0.838278
10	59	0.719141	0.182409	0.336319	0.335449	-0.029283	-1.517289	94	21	0	6.955815	0.760744	0.587316	0.720975	0.634541	0.862893	0.573685	0.803801	0.809173
10	60	0.549230	0.430043	0.462464	-0.332122	1.523287	-0.243997	96	20	0	7.484769	0.343089	0.353672	0.824006	0.314785	0.428400	0.766758	0.438743	0.924391
10	61	0.851838	0.127566	0.667690	-0.189640	0.258735	0.149829	184	43	0	8.788315	0.851106	0.795542	0.712235	0.791052	0.935215	0.917575	0.873717	0.938262
10	62	0.630883	0.357882	0.637714	0.731913	0.853260	1.074779	45	10	0	7.688280	0.894243	0.637668	0.825369	0.287845	0.849423	0.517078	0.692672	0.342768
10	63	0.461794	0.341284	0.705294	0.959082	0.475243	1.970134	24	4	0	6.198112	0.446681	0.222979	0.944756	0.849743	0.239336	0.232681	0.269484	0.488695
10	64	0.842537	0.207525	0.787249	0.872461	0.581282	1.333895	83	17	0	8.440869	0.994468	0.697803	0.945077	0.907232	0.720574	0.914849	0.865860	0.694436
10	65	0.613755	0.302658	0.534294	0.547988	0.553359	0.557295	55	12	0	7.209437	0.493265	0.361369	0.276700	0.579298	0.896488	0.846296	0.721456	0.735167
10	66	0.569245	0.258339	0.560238	-0.593039	0.536327	0.103963	118	27	0	7.795088	0.493746	0.378287	0.233563	0.538727	0.718008	0.738855	0.784638	0.668137
10	67	0.565066	0.254650	0.446154	-0.074143	0.287880	-0.292000	77	16	0	8.037282	0.565427	0.477149	0.333868	0.478512	0.799070	0.667094	0.350305	0.849102
10	68	0.668157	0.357761	0.399100	-0.260186	1.371516	-0.896484	130	30	0	6.991053	0.537284	0.415330	0.577534	0.469291	0.884301	0.921264	0.664288	0.875962
10	69	0.223892	0.077173	0.394621	-0.724081	-1.147333	-0.356030	43	9	0	7.289618	0.247996	0.129971	0.233563	0.187700	0.257777	0.231158	0.106479	0.396488
10	70	0.352059	0.177458	0.336319	-0.724645	-0.242826	-1.458697	71	13	0	8.039369	0.324647	0.213358	0.256414	0.348380	0.451491	0.231158	0.419580	0.571440
10	71	0.891026	0.086414	0.684917	0.362933	-0.022065	0.509369	171	35	0	7.371973	0.897611	0.887668	0.685375	0.838438	0.963759	0.961113	0.981318	0.912925
10	72	0.511496	0.296765	0.443439	-0.256820	0.629111	-0.260024	79	18	0	7.436144	0.403223	0.291292	0.779586	0.427598	0.716886	0.668938	0.326972	0.477470
10	73	0.550443	0.317491	0.336319	-0.465256	0.910801	-1.756980	105	18	0	8.454024	0.504891	0.259622	0.278143	0.428720	0.610407	0.880693	0.696600	0.744468
10	74	0.672466	0.376523	0.479359	-0.115470	1.433251	-0.263216	116	23	0	7.639422	0.445718	0.450289	0.725385	0.420863	0.677037	0.799230	0.904987	0.956222
10	75	0.497254	0.473380	0.336319	-0.298372	1.656944	-1.527286	82	14	0	7.980659	0.396648	0.238935	0.260343	0.235728	0.763550	0.716645	0.765234	0.600946
10	76	0.348250	0.288206	0.336319	-0.281749	0.527578	-1.146652	47	10	0	7.326597	0.249519	0.182409	0.235568	0.168377	0.562219	0.527502	0.504811	0.355597
10	77	0.483944	0.285099	0.613637	-0.048671	0.426375	0.818078	60	12	0	7.742992	0.576090	0.332826	0.096937	0.340523	0.388390	0.620590	0.883178	0.633018
10	78	0.690827	0.113995	0.385137	0.282145	-0.836336	-0.915485	92	16	0	7.779191	0.755212	0.442672	0.762027	0.446280	0.708467	0.936738	0.742463	0.732761
10	79	0.243375	0.164649	0.407519	-0.282530	-0.328508	0.116286	31	6	0	6.783852	0.168217	0.260904	0.554442	0.046183	0.299070	0.312219	0.268922	0.037043
10	80	0.260874	0.162223	0.336319	-0.715029	-0.277489	-1.223025	48	10	0	7.763569	0.213598	0.068554	0.483002	0.087155	0.506334	0.275497	0.191148	0.261706
10	81	0.620189	0.262368	0.442065	0.054190	0.439400	-0.309349	84	19	0	7.429926	0.760183	0.742944	0.513631	0.430404	0.793858	0.753528	0.295783	0.671183
10	82	0.297506	0.238374	0.378138	-0.355305	0.193046	-0.613407	39	7	0	8.035745	0.279025	0.150978	0.210953	0.106158	0.491982	0.267800	0.441068	0.432088
10	83	0.829819	0.107421	0.657141	0.451603	-0.384391	0.509370	108	23	0	8.711111	0.881575	0.760985	0.829618	0.891437	0.819676	0.733323	0.940106	0.781831
10	84	0.372575	0.232441	0.385137	-0.328637	0.147607	-0.471260	64	13	0	6.169533	0.319516	0.192351	0.507777	0.180404	0.687139	0.352229	0.268201	0.472979
10	85	0.449337	0.222498	0.476851	0.061798	-0.091743	0.308327	57	10	0	6.821205	0.749278	0.335311	0.465603	0.508579	0.359365	0.290972	0.224423	0.661161
10	86	0.159317	0.097959	0.336319	-0.799846	-0.472085	-0.906353	30	5	0	7.308728	0.123958	0.120831	0.159397	0.043938	0.103271	0.205099	0.242303	0.275738
10	87	0.812971	0.094792	0.672902	0.571122	-0.649361	0.697295	100	17	0	8.656568	0.871632	0.902662	0.766116	0.746232	0.850706	0.740298	0.811097	0.815026
10	88	0.864266	0.124900	0.703519	0.261338	0.211080	0.573180	161	30	0	7.995219	0.926956	0.855837	0.805164	0.871232	0.930484	0.765795	0.962396	0.796264
10	89	0.690447	0.213298	0.543434	0.786025	-0.014976	0.566424	61	11	0	7.338122	0.792575	0.744147	0.545462	0.703897	0.594291	0.803801	0.508579	0.830821
10	90	0.805164	0.085692	0.683142	-0.014596	-0.604567	0.450377	148	29	0	8.583192	0.911241	0.868666	0.838919	0.760985	0.829057	0.695558	0.777181	0.759702
10	91	0.554652	0.158435	0.426773	0.645830	-0.869088	-0.062285	34	7	0	8.287617	0.342928	0.319997	0.859926	0.657473	0.515154	0.546264	0.573926	0.621552
10	92	0.701381	0.197242	0.676097	0.390753	-0.027061	0.880808	76	15	0	8.502278	0.825930	0.850144	0.721697	0.499759	0.827694	0.545301	0.683451	0.657072
10	93	0.789228	0.159517	0.933199	0.133738	0.109574	2.092529	134	25	0	8.058158	0.723461	0.509381	0.896408	0.748316	0.838117	0.901860	0.743185	0.953095
10	94	0.766297	0.148453	0.745258	0.268619	-0.170324	1.052561	108	23	0	7.815922	0.807409	0.700048	0.305404	0.841725	0.727790	0.986129	0.857681	0.904185
10	95	0.294039	0.135784	0.336319	-0.440156	-0.651543	-1.042816	53	10	0	6.425660	0.222017	0.092046	0.305404	0.247434	0.112171	0.694836	0.273252	0.405148
10	96	0.342066	0.161502	0.412318	-0.069132	-0.625352	0.007065	37	8	0	7.081196	0.206863	0.170301	0.278143	0.344051	0.407793	0.463919	0.376764	0.488695
10	97	0.300894	0.130953	0.336319	-0.325140	-0.817945	-1.091351	40	8	0	7.544685	0.405629	0.088438	0.278143	0.324647	0.177678	0.463919	0.376764	0.291934
10	98	0.898042	0.061398	0.825117	0.902136	-0.547560	1.361354	114	21	0	8.178295	0.907072	0.857120	0.858804	0.979073	0.907072	0.957906	0.862171	0.855115
10	99	0.579959	0.146348	0.511970	0.140022	-0.686261	0.302294	76	16	0	6.944192	0.742704	0.423990	0.649615	0.497434	0.613695	0.513470	0.524375	0.674391
10	100	0.415000	0.169440	0.412318	-0.460093	-0.433422	-0.407254	68	15	0	7.613629	0.505613	0.275176	0.231639	0.523573	0.458226	0.431366	0.362492	0.531911
10	101	0.574347	0.161341	0.504914	0.131500	-0.549045	0.256636	75	15	0	7.151047	0.479474	0.366822	0.668217	0.518922	0.756815	0.531751	0.595815	0.676956
10	102	0.497454	0.112512	0.414277	-0.334188	-1.063629	-0.525458	80	16	0	8.002062	0.531511	0.366822	0.288967	0.533836	0.573605	0.589561	0.497835	0.597498
10	103	0.381645	0.104695	0.336319	-0.304298	-1.194037	-1.232798	56	11	0	7.356751	0.338919	0.328656	0.290651	0.488374	0.256414	0.402341	0.583708	0.364096
10	104	0.616311	0.145366	0.412318	-0.397354	-0.412259	-0.727041	128	28	0	7.053903	0.554041	0.316068	0.480597	0.610969	0.786883	0.633740	0.645767	0.902421
10	105	0.458307	0.306887	0.535978	0.059558	0.500767	0.511736	46	9	0	8.320703	0.321039	0.352550	0.228111	0.238935	0.598621	0.633740	0.482120	0.811337
10	106	0.342227	0.240679	0.336319	-0.889017	0.356732	-1.514189	72	17	0	7.996931	0.313903	0.135664	0.003127	0.375000	0.287203	0.588679	0.205099	0.829137
10	107	0.600696	0.336774	0.336319	-0.516872	1.124061	-1.864509	114	27	0	8.300118	0.392399	0.281430	0.611931	0.428720	0.777101	0.914208	0.650257	0.749519
10	108	0.543768	0.270346	0.378138	-0.581222	0.605344	-1.182175	115	26	0	7.336525	0.448926	0.357761	0.400978	0.430404	0.612091	0.845654	0.397611	0.856719
10	109	0.464460	0.301395	0.401448	-0.082846	0.539211	-0.401843	57	12	0	7.763200	0.383579	0.440186	0.254891	0.331543	0.245670	0.737893	0.572402	0.749519
11	1	0.640635	0.276680	0.720689	0.573510	0.347112	1.303981	47	11	0	8.805865	0.834429	0.876283	0.845334	0.620991	0.592126	0.501924	0.849022	0.004971
11	2	0.463097	0.174170	0.600488	0.204416	-0.615245	0.981715	45	10	0	7.222361	0.290731	0.337797	0.566389	0.409317	0.462396	0.565346	0.471857	0.600946
11	3	0.790030	0.040571	0.639913	0.181079	-1.528228	0.420265	124	26	0	8.026523	0.798749	0.776539	0.708627	0.806687	0.731960	0.790411	0.805725	0.901539
11	4	0.215984	0.112251	0.336319	-0.656289	-0.709867	-1.006372	37	9	0	7.048697	0.293618	0.052197	0.263951	0.055083	0.215683	0.260985	0.285840	0.300513
11	5	0.850245	0.112953	0.811074	0.499513	-0.224534	1.150851	107	21	0	9.724826	0.917335	0.750321	0.801636	0.888791	0.909798	0.862332	0.904666	0.767078
11	6	0.747454	0.161261	0.659786	0.449009	-0.220893	0.756835	83	18	0	8.175633	0.821761	0.877085	0.644804	0.804923	0.658916	0.721216	0.814945	0.635985
11	7	0.887759	0.108884	0.699945	0.380515	0.180811	0.559622	159	32	0	7.884139	0.957425	0.799471	0.922947	0.758339	0.843810	0.962957	0.936337	0.920783
11	8	0.712947	0.181787	0.450266	-0.107554	0.057852	-0.622962	116	23	0	8.763969	0.773493	0.697482	0.761466	0.581543	0.538406	0.619227	0.886065	0.845895
11	9	0.475505	0.240078	0.557317	-0.181878	0.060460	0.395590	57	11	0	9.268571	0.543538	0.452774	0.287765	0.297947	0.615539	0.329298	0.772931	0.504250
11	10	0.470324	0.211494	0.336319	-0.422895	-0.084434	-1.613856	70	14	0	9.197858	0.632697	0.317912	0.191068	0.422306	0.493425	0.485888	0.605757	0.613534
11	11	0.410800	0.199427	0.397336	-0.271325	-0.236464	-0.554726	57	10	0	8.170988	0.292014	0.309012	0.593890	0.390715	0.304362	0.485888	0.339080	0.571440
11	12	0.753748	0.235047	0.620911	-0.079326	0.670588	0.257533	125	29	0	8.384293	0.507457	0.666693	0.624759	0.663566	0.875000	0.828496	0.933371	0.930645
11	13	0.595754	0.268622	0.412318	-0.167898	0.523252	-0.624695	94	19	0	7.768665	0.693393	0.220334	0.317431	0.738133	0.714801	0.532393	0.774856	0.774695
11	14	0.617213	0.288446	0.579847	0.249815	0.606290	0.667119	81	17	0	6.582861	0.613053	0.571600	0.259060	0.550112	0.401700	0.906751	0.785199	0.850225
11	15	0.667515	0.302798	0.599423	0.279473	0.753617	0.500863	75	14	0	8.721675	0.931286	0.845253	0.604554	0.506013	0.791533	0.779666	0.490619	0.391196
11	16	0.502736	0.156190	0.454137	-0.461877	-0.546288	-0.385131	82	17	0	8.800466	0.261786	0.499920	0.466725	0.737733	0.330661	0.432890	0.864817	0.427357
11	17	0.943634	0.067110	0.862847	0.576052	0.349823	1.233993	192	43	0	7.492468	0.966405	0.886466	0.902421	0.905468	0.968970	0.946199	0.980356	0.992784
11	18	0.725154	0.120470	0.378138	0.061941	-0.543504	-1.162150	126	25	0	7.043692	0.779747	0.573605	0.630773	0.766758	0.680003	0.698926	0.858002	0.813422
11	19	0.390555	0.259120	0.439155	-0.437487	0.314721	-0.230197	60	11	0	8.310739	0.402341	0.253528	0.333387	0.187700	0.280308	0.528945	0.544099	0.594131
11	20	0.731188	0.110668	0.659454	0.036016	-0.643315	0.645919	127	26	0	7.193486	0.754490	0.675192	0.643602	0.710231	0.830821	0.760343	0.641677	0.833146
11	21	0.303239	0.152862	0.336319	-0.527964	-0.519557	-1.243090	49	9	0	7.975372	0.347979	0.136786	0.616822	0.225866	0.223701	0.338999	0.148573	0.387187
11	22	0.387628	0.154326	0.520767	-0.029946	-0.804164	0.494009	33	7	0	8.931201	0.425273	0.655468	0.433451	0.276299	0.398252	0.258018	0.263069	0.391196
11	23	0.479855	0.176295	0.560307	-0.445720	-0.353745	0.311924	82	15	0	8.361350	0.651940	0.430324	0.546183	0.383339	0.203095	0.632938	0.419580	0.571440
11	24	0.648352	0.354334	0.586159	0.163350	1.068229	0.398496	77	14	0	9.027754	0.637027	0.393842	0.650497	0.474904	0.844291	0.468008	0.896328	0.821921
11	25	0.386816	0.148773	0.385137	0.003914	-0.793832	-0.381710	43	9	0	7.003174	0.399775	0.378768	0.243906	0.411802	0.254250	0.259301	0.741581	0.405148
11	26	0.365569	0.244668	0.461136	-0.336556	0.188220	0.135548	52	12	0	7.280656	0.472899	0.169580	0.203335	0.666934	0.525096	0.253929	0.326652	0.306126
11	27	0.849052	0.106659	0.497514	0.269836	-0.175692	-0.392410	141	29	0	8.260162	0.774294	0.858323	0.838598	0.735969	0.929682	0.923829	0.912043	0.819676
11	28	0.719301	0.210451	0.566331	0.220681	0.246806	0.303664	100	20	0	7.628496	0.769965	0.662845	0.368987	0.615619	0.860568	0.864256	0.730115	0.882056
11	29	0.625682	0.306667	0.488763	-0.401102	0.956173	-0.283746	120	26	0	7.894308	0.597258	0.441870	0.250561	0.510022	0.853592	0.709589	0.781671	0.860888
11	30	0.193995	0.091144	0.336319	-1.156567	-0.660675	-1.264763	49	11	0	7.876895	0.156190	0.137989	0.353352	0.178801	0.080260	0.118666	0.135504	0.391196
11	31	0.463107	0.518261	0.394621	-1.489169	2.176549	-1.482980	157	33	1	7.255464	0.588598	0.595654	0.622595	0.730436	0.080260	0.118666	0.135504	0.833146
11	32	0.427177	0.159758	0.524065	-0.455501	-0.533337	0.270673	72	14	0	7.870517	0.447402	0.399455	0.338198	0.221135	0.351748	0.695879	0.637508	0.326090
11	33	0.247454	0.126924	0.378138	-0.605417	-0.612208	-0.496819	47	10	0	6.599154	0.260263	0.155869	0.060856	0.168377	0.180564	0.387909	0.244147	0.521648
11	34	0.490649	0.180384	0.439155	-0.566866	-0.276720	-0.517977	85	19	0	8.560890	0.348861	0.575609	0.386867	0.316870	0.712075	0.521248	0.551796	0.511867
11	35	0.581833	0.282413	0.449338	0.137281	0.450963	-0.221639	65	13	0	8.414930	0.418538	0.458547	0.369949	0.440747	0.584028	0.913807	0.768361	0.700690
11	36	0.524765	0.264513	0.378138	-0.109873	0.347702	-0.877830	74	17	0	7.237753	0.663085	0.543938	0.371873	0.846296	0.256414	0.340843	0.617142	0.558531
11	37	0.587135	0.188061	0.591542	0.017443	-0.309907	0.407718	67	12	0	10.225676	0.605516	0.551636	0.854795	0.670301	0.518201	0.316469	0.442110	0.738053
11	38	0.620390	0.422126	0.554625	-0.266645	1.547433	0.053528	93	20	0	9.275910	0.945879	0.887989	0.220414	0.928400	0.553319	0.243906	0.578817	0.604394
11	39	0.284878	0.234906	0.426956	-0.632778	0.311137	-0.127898	51	10	0	7.656716	0.288326	0.417094	0.098300	0.183130	0.178159	0.243906	0.416693	0.453416
11	40	0.886776	0.085411	0.895045	0.646781	-0.242588	1.690030	121	27	0	8.227672	0.938182	0.889192	0.856879	0.960552	0.849022	0.725225	0.946761	0.928400
11	41	0.675814	0.149415	0.426956	0.583555	-0.624653	-0.266790	62	13	0	7.750144	0.823204	0.875321	0.767880	0.734445	0.489897	0.348060	0.679763	0.687941
11	42	0.571240	0.126523	0.633052	-0.411819	-0.794654	0.446249	92	20	0	9.055382	0.203015	0.773332	0.575208	0.564705	0.694115	0.507457	0.580901	0.671183
11	43	0.625231	0.225746	0.650967	-0.410199	0.300588	0.461131	112	25	0	8.524339	0.772370	0.655789	0.507777	0.764192	0.364256	0.551395	0.552919	0.833146
11	44	0.859014	0.104634	0.948628	0.302662	-0.399883	1.775890	104	20	2	9.093708	0.897931	0.922627	0.910680	0.834750	0.952935	0.634622	0.936738	0.781831
11	45	0.511416	0.273493	0.397336	-0.091481	0.391207	-0.596477	70	15	0	7.439205	0.311738	0.539208	0.221937	0.352710	0.788246	0.524134	0.794820	0.558531
11	46	0.780328	0.154446	0.644392	0.230374	-0.063243	0.497645	105	27	0	8.078757	0.972979	0.886867	0.768521	0.852550	0.702053	0.552518	0.798910	0.708226
11	47	0.399064	0.362753	0.336319	-0.792677	1.186530	-1.544036	83	20	0	7.534940	0.353512	0.182409	0.768521	0.197162	0.200369	0.684333	0.284557	0.521648
11	48	0.732310	0.057108	0.895675	0.175473	-1.523589	1.803374	92	20	0	8.958651	0.804442	0.728752	0.754169	0.665972	0.872274	0.538967	0.758740	0.735167
11	49	0.639092	0.165932	0.440919	-0.125888	-0.289272	-0.484635	99	22	0	7.780834	0.524615	0.474182	0.616421	0.456382	0.605436	0.626203	0.976347	0.833146
11	50	0.453035	0.257838	0.426773	-0.580924	0.389758	-0.460739	84	20	0	7.478495	0.307890	0.446520	0.188663	0.384221	0.351748	0.612091	0.739015	0.594131
11	51	0.341615	0.215823	0.385137	-0.945329	0.148150	-0.949667	69	16	0	8.971390	0.361209	0.120831	0.212716	0.282713	0.241260	0.451090	0.449567	0.613534
11	52	0.626343	0.143602	0.563147	-0.174480	-0.538142	0.168328	99	18	0	8.624510	0.662765	0.539769	0.351427	0.695879	0.574246	0.648012	0.749278	0.789368
11	53	0.376153	0.137368	0.385137	-0.614009	-0.664447	-0.688519	76	16	0	6.893104	0.281270	0.075609	0.218329	0.303720	0.366581	0.958467	0.293377	0.511867
11	54	0.472428	0.291112	0.336319	-0.434357	0.616295	-1.516024	82	17	0	7.634439	0.269644	0.279025	0.292014	0.537203	0.578496	0.422627	0.816389	0.584028
11	55	0.365789	0.220374	0.336319	-0.201123	-0.120879	-1.264176	36	8	0	9.028301	0.761867	0.255773	0.082425	0.262508	0.203095	0.422627	0.353993	0.584028
11	56	0.675874	0.144003	0.526711	0.135585	-0.518772	0.115982	86	20	0	7.954986	0.569355	0.802357	0.620029	0.732601	0.439224	0.668938	0.734365	0.840122
11	57	0.573294	0.162404	0.458547	-0.377506	-0.363053	-0.355905	105	23	0	7.540322	0.471456	0.420301	0.424872	0.600866	0.686257	0.557970	0.560215	0.864416
11	58	0.418878	0.156330	0.474961	-0.586338	-0.540518	-0.128634	74	14	0	8.533337	0.265956	0.495590	0.130613	0.481879	0.382056	0.432890	0.611369	0.550674
11	59	0.507006	0.144283	0.511282	-0.134546	-0.781926	0.158047	63	13	0	8.609536	0.491341	0.483563	0.355677	0.594452	0.557729	0.600144	0.635824	0.337316
11	60	0.489025	0.234245	0.522152	-0.542731	0.205839	0.064828	88	19	0	8.072906	0.328496	0.383258	0.256414	0.648252	0.477149	0.468008	0.761626	0.588999
11	61	0.761375	0.275778	0.504169	-0.151896	1.083530	-0.318710	146	32	0	7.669986	0.605516	0.927598	0.491421	0.688021	0.652582	0.952694	0.860247	0.912925
11	62	0.578446	0.147210	0.499221	-0.469040	-0.496842	-0.210644	106	23	0	8.327163	0.558611	0.451090	0.354394	0.620590	0.545863	0.901860	0.504250	0.690908
11	63	0.506505	0.242383	0.378138	-0.607516	0.348878	-1.107394	109	24	0	7.152385	0.415811	0.311738	0.295141	0.641196	0.607922	0.453095	0.629169	0.697963
11	64	0.493846	0.245350	0.465477	-0.453521	0.271388	-0.196540	87	18	0	7.812604	0.305404	0.488614	0.791132	0.587396	0.161001	0.391116	0.528143	0.697963
11	65	0.486299	0.159177	0.450266	-0.143771	-0.655995	-0.199784	59	12	0	8.723491	0.569035	0.588358	0.791132	0.528704	0.086594	0.159076	0.616822	0.550674
11	66	0.550413	0.335471	0.442065	-0.356425	0.968493	-0.455567	92	19	0	8.102079	0.943634	0.442672	0.791132	0.453175	0.213759	0.399615	0.421264	0.738053
11	67	0.392529	0.306587	0.474961	-0.330394	0.593690	-0.009704	48	8	0	9.994126	0.245269	0.583467	0.791132	0.512588	0.057729	0.159076	0.453656	0.337316
11	68	0.450108	0.331462	0.397336	-0.168666	0.778219	-0.505923	59	14	0	7.348929	0.313021	0.087636	0.791132	0.551475	0.101908	0.511386	0.712396	0.531911
11	69	0.756374	0.174451	0.770801	0.253570	-0.162626	0.957855	81	17	1	8.476871	0.867223	0.939464	0.570558	0.814304	0.676555	0.793217	0.807008	0.582665
11	70	0.574357	0.294299	0.385137	-0.300898	0.685411	-1.065614	87	19	0	8.741595	0.766918	0.217768	0.833547	0.576411	0.475385	0.396969	0.583387	0.744468
11	71	0.674641	0.373236	0.631621	0.585211	1.096112	0.745409	56	9	0	9.632978	0.945718	0.917174	0.623076	0.896889	0.496793	0.237733	0.539368	0.740378
11	72	0.506074	0.210552	0.499588	-0.267277	-0.142444	-0.034213	62	14	0	9.793779	0.653865	0.655468	0.204939	0.601748	0.652822	0.160520	0.521729	0.597498
11	73	0.573495	0.217267	0.516918	-0.071539	0.002367	0.117667	77	16	0	8.247409	0.323845	0.783114	0.551315	0.617864	0.339080	0.710391	0.716004	0.546344
11	74	0.582034	0.184032	0.572036	-0.088858	-0.484959	0.109824	58	11	1	9.759865	0.905949	0.666132	0.646648	0.719051	0.218810	0.329298	0.619708	0.550674
11	75	0.257838	0.195999	0.378138	-0.572402	-0.103352	-0.817809	26	5	0	12.421303	0.275096	0.198845	0.101187	0.237251	0.097338	0.369869	0.372114	0.411001
11	76	0.352660	0.258820	0.407519	-0.807210	0.473535	-0.496702	72	17	0	7.720382	0.340122	0.138871	0.207826	0.364817	0.076090	0.232681	0.757697	0.703175
11	77	0.681005	0.286843	0.683634	0.475572	0.580246	0.962822	60	13	0	9.076041	0.852951	0.674711	0.750561	0.868024	0.566469	0.423829	0.826331	0.485167
11	78	0.855917	0.090322	0.647760	0.277528	-0.300402	0.301623	141	30	0	8.426346	0.889432	0.913005	0.726427	0.837877	0.865860	0.779025	0.914929	0.920783
11	79	0.348821	0.184213	0.506220	-0.403218	-0.264944	0.468018	55	13	0	6.754721	0.433772	0.267880	0.318794	0.350144	0.227951	0.198926	0.467126	0.525978
11	80	0.543628	0.310315	0.426956	0.245240	0.492736	-0.305832	40	11	0	9.611809	0.872434	0.762107	0.487492	0.750962	0.150176	0.381013	0.480597	0.464240
11	81	0.865098	0.048408	0.820856	0.076477	-0.862231	0.934717	155	34	0	9.385655	0.955019	0.866421	0.887909	0.902582	0.841725	0.745831	0.843650	0.877646
11	82	0.594351	0.373316	0.761718	0.019808	1.092066	1.187645	68	12	0	10.515034	0.782312	0.835792	0.560375	0.813182	0.341485	0.369869	0.432328	0.619468
11	83	0.657072	0.246933	0.601736	0.877727	0.058409	0.908501	40	9	0	8.074656	0.927277	0.656992	0.868746	0.722097	0.396969	0.273573	0.791453	0.619468
11	84	0.676806	0.225204	0.517605	-0.470589	0.484900	-0.276544	144	31	0	7.995601	0.757056	0.622194	0.480597	0.590202	0.456302	0.772370	0.900818	0.834910
11	85	0.433631	0.137749	0.504456	-0.843029	-0.650407	-0.179715	90	16	0	9.687592	0.559654	0.376283	0.208868	0.336353	0.482842	0.491742	0.501443	0.511867
11	86	0.606759	0.170422	0.539265	0.510775	-0.553387	0.560039	54	12	0	7.414667	0.712556	0.470815	0.575208	0.533836	0.778704	0.466325	0.636145	0.680484
11	87	0.742393	0.169981	0.690587	0.113028	-0.031163	0.709323	104	22	0	8.647414	0.804763	0.922466	0.552357	0.756655	0.549150	0.930965	0.701491	0.721296
11	88	0.787163	0.250160	0.593856	-0.363564	1.067081	-0.062541	180	40	0	7.984435	0.639513	0.575609	0.888470	0.647530	0.874519	0.917335	0.811097	0.943233
11	89	0.553660	0.171665	0.584189	-0.524763	-0.277228	0.260344	102	24	0	8.118063	0.600144	0.450289	0.665491	0.538727	0.428400	0.361289	0.571520	0.813422
11	90	0.332324	0.225465	0.443439	-0.399654	0.073409	0.011350	47	10	0	7.700432	0.257296	0.267880	0.149294	0.400096	0.145285	0.493586	0.214240	0.730917
11	91	0.632938	0.146949	0.640417	-0.282184	-0.474501	0.434485	101	21	0	8.991995	0.712396	0.642479	0.453817	0.454859	0.824808	0.593089	0.678881	0.703175
11	92	0.503959	0.255873	0.442065	-0.382583	0.325842	-0.380637	82	17	0	8.128310	0.810455	0.290411	0.342367	0.424391	0.550112	0.557970	0.339641	0.716325
11	93	0.519454	0.140234	0.556584	-0.580810	-0.597552	0.187507	105	22	0	7.773935	0.552838	0.472418	0.285359	0.615619	0.403704	0.444836	0.561177	0.819676
11	94	0.428189	0.103372	0.502955	-0.941031	-0.998775	-0.185021	103	18	0	8.850729	0.367142	0.382296	0.627165	0.407232	0.246552	0.333948	0.400016	0.661161
11	95	0.475064	0.391036	0.397336	0.024269	1.045034	-0.526577	48	11	0	8.294431	0.453817	0.349663	0.224343	0.223541	0.184413	0.996713	0.821681	0.546344
11	96	0.258068	0.206843	0.378138	-0.402497	0.048238	-0.507504	36	6	0	7.634639	0.153624	0.201892	0.059012	0.126283	0.153624	0.309814	0.485087	0.575208
11	97	0.376313	0.292235	0.378138	-0.518121	0.582572	-0.929986	55	11	0	9.027814	0.358323	0.173829	0.531911	0.126283	0.235006	0.466325	0.505292	0.613534
11	98	0.367253	0.266196	0.336319	-0.543904	0.397693	-1.474444	56	10	0	9.259004	0.565427	0.363374	0.511706	0.238935	0.260183	0.246392	0.511065	0.240940
11	99	0.499248	0.359245	0.436440	-0.050233	0.871987	-0.365446	52	10	0	10.037039	0.758820	0.390956	0.527101	0.375000	0.257777	0.246392	0.747033	0.690908
11	100	0.449036	0.202975	0.436440	-0.135721	-0.306289	-0.287754	46	10	0	9.606118	0.627566	0.429522	0.216886	0.404506	0.288486	0.446440	0.611369	0.567511
11	101	0.555103	0.292235	0.394621	-0.626914	0.805508	-1.054284	121	26	0	7.669607	0.763871	0.375722	0.427197	0.404506	0.496071	0.515314	0.698445	0.759702
11	102	0.457625	0.323605	0.336319	-0.173058	0.712252	-1.366533	57	13	0	7.952685	0.747514	0.534076	0.383659	0.623236	0.095494	0.060215	0.545622	0.671183
11	103	0.536722	0.127786	0.385137	-0.126810	-0.906540	-0.813700	74	17	0	7.652046	0.616822	0.356078	0.524294	0.312460	0.527341	0.607761	0.757697	0.591325
11	104	0.243546	0.140675	0.336319	-0.387740	-0.619733	-1.086187	24	5	0	9.073374	0.123396	0.079298	0.351427	0.278544	0.237813	0.321841	0.208868	0.347178
11	105	0.626654	0.180204	0.631437	0.469875	-0.473957	0.793080	47	11	0	9.399029	0.585151	0.850465	0.634060	0.824727	0.683291	0.398332	0.681607	0.355597
11	106	0.410059	0.267660	0.440919	-0.379700	0.273188	-0.373904	45	9	0	12.166257	0.605757	0.536883	0.203335	0.473781	0.072081	0.314144	0.449567	0.624920
11	107	0.764933	0.318133	0.811292	0.713922	1.074775	1.605186	73	16	0	7.842901	0.879410	0.953255	0.854634	0.931126	0.308772	0.599343	0.968008	0.624920
11	108	0.548048	0.428540	0.495636	-0.567682	1.536922	-0.293321	96	20	0	9.543575	0.877405	0.089721	0.732441	0.748877	0.382056	0.487332	0.226427	0.840122
11	109	0.638250	0.317672	0.510355	-0.252663	0.980340	-0.168185	100	22	0	8.720007	0.616020	0.359686	0.519243	0.362251	0.778945	0.857922	0.822563	0.789368
11	110	0.652061	0.331142	0.860991	-0.091920	1.044494	1.576450	93	20	0	8.622074	0.501042	0.411321	0.574407	0.492303	0.866982	0.676796	0.817672	0.875962
11	111	0.690326	0.177458	0.641987	0.807503	-0.376060	1.004589	54	11	0	7.738117	0.889913	0.909317	0.293297	0.809734	0.754650	0.350385	0.752967	0.762348
11	112	0.640785	0.203997	0.563479	0.435845	-0.166010	0.519032	59	13	0	8.150355	0.498557	0.669500	0.327293	0.862492	0.771328	0.606559	0.793056	0.597498
11	113	0.540290	0.204237	0.459750	-0.286460	-0.093925	-0.302232	82	17	0	8.403867	0.642479	0.638711	0.470494	0.569195	0.274856	0.714400	0.656591	0.355597
11	114	0.914338	0.052257	0.726198	1.263668	-0.724290	1.009982	85	16	0	8.945862	0.996873	0.951491	0.949006	0.950529	0.858884	0.924391	0.911722	0.771809
11	115	0.367824	0.221977	0.436440	-0.081204	-0.129852	-0.024524	35	7	0	8.440621	0.164769	0.142158	0.949006	0.400096	0.197482	0.429682	0.254250	0.405148
11	116	0.777792	0.132938	0.714858	-0.050374	-0.179917	0.648056	137	27	0	8.691184	0.818313	0.420301	0.639432	0.786001	0.881735	0.871232	0.883980	0.921344
11	117	0.442541	0.135063	0.571348	0.163862	-1.022910	0.825314	42	8	0	7.740487	0.316549	0.578736	0.243906	0.433852	0.363775	0.413165	0.733884	0.456462
11	118	0.442652	0.179582	0.584189	-0.157337	-0.469420	0.667724	53	11	0	8.284137	0.461674	0.163647	0.428560	0.309573	0.750080	0.363294	0.526700	0.537684
11	119	0.795803	0.146949	0.864691	0.733849	-0.230177	1.784612	79	17	0	8.119550	0.903063	0.747194	0.878849	0.710231	0.667656	0.778384	0.777502	0.903544
11	120	0.677187	0.142138	0.580294	0.101707	-0.533358	0.307129	87	18	0	8.621696	0.832665	0.618586	0.569115	0.649856	0.719532	0.720253	0.474343	0.833146
11	121	0.241491	0.163807	0.336319	-0.554423	-0.193781	-0.951001	49	9	0	6.017884	0.232521	0.013631	0.212716	0.153223	0.302678	0.343169	0.136305	0.537684
11	122	0.154586	0.137348	0.336319	-0.519498	-0.144487	-0.845569	20	3	0	8.597490	0.070157	0.011786	0.239577	0.161081	0.033435	0.046665	0.136305	0.537684
11	123	0.610618	0.160880	0.378138	-0.006939	-0.437221	-1.029163	90	17	0	7.624566	0.506976	0.584670	0.558932	0.807008	0.706703	0.707184	0.339080	0.674391
12	1	0.460341	0.517740	0.543744	0.618480	1.524387	0.969269	28	6	0	6.966881	0.761546	0.573044	0.714320	0.461033	0.246873	0.092928	0.828015	0.004971
12	2	0.421614	0.289869	0.440919	0.062885	0.331747	-0.067592	36	6	0	9.426634	0.143361	0.588358	0.331703	0.245029	0.444035	0.594612	0.707425	0.318393
12	3	0.763661	0.130392	0.552552	0.535250	-0.523954	0.214843	79	16	0	8.867673	0.829939	0.756575	0.955981	0.848380	0.822081	0.710391	0.685455	0.500481
12	4	0.823926	0.088699	0.780296	0.789586	-0.784505	1.256820	78	16	0	9.152830	0.834670	0.817511	0.874359	0.884942	0.974743	0.827373	0.677117	0.700690
12	5	0.766136	0.187560	0.569802	0.536277	0.075322	0.316613	80	17	0	8.590596	0.647771	0.977951	0.679282	0.869067	0.799070	0.827373	0.855597	0.472979
12	6	0.738665	0.124880	0.560238	-0.119607	-0.416355	-0.020241	132	26	0	8.340463	0.662364	0.717447	0.496873	0.785038	0.832104	0.827373	0.740298	0.847819
12	7	0.580711	0.183832	0.631117	0.759138	-0.578179	1.168375	38	8	0	7.455095	0.554843	0.726828	0.509862	0.862652	0.644484	0.395366	0.600465	0.351187
12	8	0.610868	0.293938	0.632537	0.111487	0.605747	0.681441	71	15	0	8.536787	0.508018	0.436498	0.509862	0.786001	0.803079	0.431366	0.783435	0.628688
12	9	0.558381	0.159537	0.492658	-0.310997	-0.659974	-0.311929	72	14	1	8.669047	0.353512	0.541774	0.278143	0.579298	0.639673	0.627566	0.749118	0.697963
12	10	0.758299	0.136987	0.745281	0.463987	-0.445455	1.099556	83	16	0	8.948692	0.814865	0.972979	0.713679	0.870269	0.699006	0.669901	0.745430	0.580260
12	11	0.481328	0.178159	0.535978	-0.001701	-0.501205	0.474619	54	12	0	7.833619	0.226106	0.608082	0.307248	0.743987	0.509381	0.491742	0.413406	0.550674
12	12	0.544109	0.287564	0.450266	0.017605	0.228990	-0.499465	41	8	1	11.051882	0.835552	0.718970	0.237171	0.688823	0.568393	0.409958	0.405308	0.488695
12	13	0.462205	0.129009	0.416659	-0.406861	-0.916441	-0.565283	66	13	0	9.553550	0.239096	0.593489	0.536161	0.453175	0.613695	0.432890	0.428400	0.400738
12	14	0.264653	0.169399	0.401448	-0.870446	-0.213008	-0.535428	46	9	0	10.119254	0.220654	0.208387	0.154185	0.144804	0.266357	0.384140	0.359124	0.379570
12	15	0.787725	0.147691	0.766654	0.383888	-0.165476	1.062313	94	18	0	9.492766	0.846777	0.932088	0.822723	0.917896	0.782232	0.629009	0.746151	0.624920
12	16	0.320758	0.109706	0.511282	-0.018370	-1.289114	0.526790	23	4	0	10.207713	0.256815	0.644163	0.250561	0.446280	0.330661	0.120670	0.247755	0.269163
12	17	0.600676	0.164909	0.560238	-0.322665	-0.330925	0.121855	100	20	0	8.634258	0.499118	0.936097	0.463438	0.612171	0.592527	0.533595	0.384541	0.783916
12	18	0.842868	0.157894	0.609239	0.561555	0.200206	0.266424	96	21	0	9.456518	0.918618	0.935936	0.737652	0.754169	0.764833	0.830901	0.876443	0.924391
12	19	0.814966	0.095614	0.733620	0.445138	-0.617551	0.877900	99	20	0	9.272797	0.913967	0.893121	0.815587	0.892319	0.740860	0.558531	0.880292	0.825048
12	20	0.692361	0.378488	0.714480	0.267066	1.015593	0.624445	50	9	2	11.612589	0.930003	0.898412	0.773813	0.889833	0.480196	0.558531	0.522931	0.485167
12	21	0.861961	0.038546	0.686990	0.021046	-1.043246	0.318758	173	34	0	8.827872	0.838278	0.948445	0.771568	0.843890	0.838679	0.841806	0.853352	0.959670
12	22	0.588789	0.076832	0.744708	0.463775	-1.671739	1.500710	53	10	0	7.898036	0.785359	0.599022	0.549792	0.709670	0.283996	0.604554	0.564384	0.613534
12	23	0.895606	0.058752	0.784294	0.308966	-0.703522	0.549212	119	26	2	9.048528	0.941709	0.931928	0.882617	0.870750	0.828817	0.876764	0.940266	0.891998
12	24	0.911923	0.129490	0.907003	0.898991	0.431180	1.806998	100	22	0	9.852009	0.979715	0.956623	0.850465	0.988053	0.835552	0.876764	0.975064	0.833146
12	25	0.707184	0.055324	0.397336	-0.240089	-1.507833	-1.224637	113	24	0	10.135991	0.732922	0.749439	0.526780	0.699888	0.689625	0.658034	0.877245	0.723541
12	26	0.646689	0.313202	0.662604	-0.046734	0.904347	0.692284	88	20	0	8.377539	0.910119	0.894885	0.331703	0.755613	0.430083	0.688743	0.669419	0.492944
12	27	0.258579	0.215663	0.411940	-0.884627	0.228220	-0.425826	45	10	0	9.571572	0.086514	0.257296	0.747996	0.078817	0.085872	0.201331	0.436177	0.174631
12	28	0.355386	0.097458	0.523676	-0.780369	-1.167248	0.127447	57	14	0	9.767178	0.445237	0.352069	0.307248	0.390715	0.100786	0.366020	0.305805	0.575208
12	29	0.560395	0.305043	0.602389	0.163224	0.552413	0.659548	55	12	0	8.736747	0.658355	0.447482	0.352389	0.740138	0.371953	0.374359	0.949487	0.588999
12	30	0.752937	0.146488	0.655480	-0.058803	-0.353157	0.210492	96	21	1	9.130320	0.901620	0.793538	0.519243	0.779426	0.608804	0.834028	0.863294	0.723541
12	31	0.889362	0.119407	0.778292	0.260934	0.348569	0.795981	164	33	0	8.527353	0.979394	0.968169	0.863855	0.930003	0.736851	0.815747	0.856238	0.964641
12	32	0.644564	0.173569	0.530915	-0.269718	-0.179767	-0.098870	106	21	0	8.996553	0.712877	0.581222	0.435536	0.750241	0.450930	0.690026	0.708387	0.827293
12	33	0.656380	0.088598	0.501306	-0.010966	-1.196155	-0.147410	86	18	0	9.087095	0.739897	0.720734	0.511065	0.669580	0.631254	0.717447	0.636145	0.624920
12	34	0.443443	0.362532	0.465477	-0.166110	0.923268	0.013041	52	11	0	8.497292	0.487171	0.245350	0.511065	0.197162	0.153063	0.567431	0.681046	0.705260
12	35	0.612813	0.348501	0.510996	0.426566	0.821572	0.223771	48	11	0	9.195394	0.792094	0.837476	0.521809	0.776860	0.439224	0.391116	0.732922	0.411001
12	36	0.758720	0.241762	0.671103	-0.592132	0.740313	-0.021542	149	31	1	9.390384	0.900657	0.908194	0.790651	0.954538	0.408435	0.664288	0.650257	0.792736
12	37	0.731348	0.085892	0.572173	-0.105833	-0.880314	0.148786	141	28	0	7.296609	0.756254	0.683691	0.641517	0.731799	0.760744	0.807088	0.678640	0.791052
12	38	0.605146	0.191790	0.378138	-0.540156	0.058950	-1.304122	133	28	0	7.576980	0.517319	0.313903	0.687219	0.502245	0.561498	0.860006	0.639272	0.759702
12	39	0.524956	0.199306	0.401448	0.105822	-0.319824	-0.491448	55	10	0	8.759618	0.580901	0.436017	0.303881	0.562620	0.705340	0.733323	0.534798	0.342768
12	40	0.663927	0.201772	0.378138	-0.613293	0.328726	-1.435152	164	35	0	7.340688	0.595013	0.464160	0.720093	0.640154	0.372354	0.896007	0.718810	0.904827
12	41	0.641587	0.116942	0.450266	-0.398738	-0.773671	-0.702583	109	22	0	9.961018	0.725385	0.703416	0.673669	0.684253	0.390555	0.728352	0.415731	0.811337
12	42	0.770536	0.184954	0.760252	0.436447	0.114088	1.132176	87	18	0	8.839116	0.914448	0.949407	0.747996	0.895205	0.391597	0.735407	0.876203	0.654025
12	43	0.727570	0.141297	0.397336	-0.319801	-0.242802	-1.309560	131	26	0	10.134619	0.648573	0.836835	0.411001	0.737733	0.778464	0.826331	0.880933	0.700690
12	44	0.520676	0.285379	0.416659	0.149881	0.349132	-0.364021	50	9	0	9.230892	0.657232	0.651139	0.411001	0.463198	0.213999	0.925994	0.606719	0.236129
12	45	0.552458	0.139172	0.401448	0.254971	-0.869982	-0.383109	60	11	0	7.629032	0.821119	0.760584	0.156751	0.562620	0.508098	0.478833	0.599743	0.531911
12	46	0.508890	0.234024	0.443439	-0.963442	0.339050	-0.831460	117	22	0	10.691983	0.637027	0.230597	0.226748	0.624759	0.598621	0.521248	0.448204	0.783916
12	47	0.632667	0.177858	0.485075	0.058262	-0.334192	-0.223624	70	14	0	10.640084	0.416613	0.732120	0.609285	0.620590	0.424150	0.847899	0.643602	0.767078
12	48	0.442491	0.237853	0.467413	-0.531472	0.144264	-0.211469	67	15	0	9.205222	0.709509	0.573044	0.214561	0.449326	0.124198	0.364657	0.562300	0.542335
12	49	0.526339	0.245610	0.606433	0.032011	0.044979	0.606651	49	11	0	10.211730	0.869788	0.654987	0.214561	0.617223	0.078015	0.698124	0.589320	0.488695
12	50	0.787614	0.168056	0.426956	0.265407	0.127715	-0.683830	117	24	0	7.869940	0.877886	0.860247	0.784076	0.740619	0.609525	0.623236	0.921665	0.883659
12	51	0.714059	0.119007	0.686899	-0.615674	-0.579485	0.195285	142	31	1	8.321973	0.758499	0.702053	0.575609	0.645526	0.735969	0.648412	0.791292	0.855115
12	52	0.614306	0.111770	0.567866	0.328281	-1.159057	0.496797	58	12	0	8.672246	0.686177	0.650417	0.618185	0.699888	0.459670	0.617223	0.457024	0.725866
12	53	0.720785	0.201351	0.642972	0.522961	0.038351	0.827807	74	18	0	7.480281	0.852229	0.702935	0.618185	0.608082	0.668858	0.807088	0.895366	0.613534
12	54	0.648493	0.318173	0.416659	0.317202	0.842904	-0.402167	76	15	0	7.578666	0.659798	0.879169	0.396568	0.943634	0.454699	0.447883	0.671023	0.735167
12	55	0.713338	0.171624	0.661631	1.094346	-0.485548	1.223354	42	9	0	7.786869	0.687219	0.959509	0.529907	0.925593	0.697803	0.666132	0.763069	0.477470
12	56	0.619428	0.158194	0.416659	-0.211447	-0.421724	-0.736798	92	19	0	9.022531	0.662123	0.908996	0.813903	0.622514	0.238855	0.547226	0.525818	0.635985
12	57	0.456372	0.217928	0.455638	0.352884	-0.256022	0.281001	41	7	0	7.180851	0.183932	0.395205	0.769403	0.918698	0.061979	0.425994	0.490619	0.405148
12	58	0.656170	0.221757	0.474961	0.684814	-0.085559	0.070634	47	9	0	9.004733	0.653063	0.553480	0.826491	0.893441	0.502004	0.569115	0.743185	0.508579
12	59	0.580581	0.256134	0.336319	-0.315289	0.396055	-1.768096	90	18	0	9.107147	0.561818	0.724182	0.254891	0.502245	0.432328	0.535760	0.842367	0.791052
12	60	0.232330	0.084329	0.385137	-0.921851	-1.058894	-0.670978	44	10	0	8.774548	0.206863	0.372114	0.222899	0.296103	0.047547	0.241822	0.283275	0.188021
12	61	0.240809	0.099984	0.401448	-0.467254	-0.997325	-0.112808	34	6	0	7.712573	0.286482	0.396809	0.222899	0.183130	0.079779	0.269484	0.296825	0.191068
12	62	0.571951	0.162404	0.725259	-0.234241	-0.460526	0.966343	87	14	0	9.431506	0.642239	0.619628	0.430404	0.788486	0.300353	0.593730	0.688903	0.511867
12	63	0.551576	0.306807	0.461136	-0.372152	0.757894	-0.402630	87	17	0	9.176146	0.681607	0.505773	0.386867	0.780709	0.309654	0.375481	0.718489	0.654025
12	64	0.493225	0.204197	0.385137	-0.351979	-0.077635	-0.794540	86	19	0	6.963155	0.462556	0.359205	0.396568	0.539609	0.186899	0.551395	0.711514	0.738053
12	65	0.681577	0.239837	0.497457	-0.907180	0.552975	-0.940459	147	30	1	10.391500	0.618105	0.422466	0.564865	0.820318	0.558050	0.797226	0.787925	0.883659
12	66	0.597468	0.117924	0.553675	-0.299250	-0.812189	0.245943	113	25	0	6.945603	0.609926	0.582585	0.334509	0.713198	0.599663	0.510423	0.672226	0.757216
12	67	0.756094	0.118285	0.542186	-0.240501	-0.390284	-0.192220	146	32	0	8.217394	0.715763	0.904506	0.523813	0.734445	0.891838	0.693634	0.777341	0.807409
12	68	0.660830	0.136225	0.550021	-0.498152	-0.394111	-0.081642	141	31	0	7.847726	0.619548	0.503127	0.527582	0.732601	0.681046	0.733323	0.621873	0.867543
12	69	0.550092	0.221837	0.378138	-0.163961	0.040281	-1.019143	79	17	0	7.960024	0.763631	0.208387	0.439945	0.916373	0.381414	0.481719	0.608323	0.600946
12	70	0.642199	0.293658	0.685570	-0.050869	0.693747	0.673354	79	15	0	11.232398	0.789849	0.838438	0.517479	0.806687	0.343650	0.449166	0.641357	0.750962
12	71	0.170442	0.136426	0.336319	-0.917281	-0.111314	-1.123092	31	5	0	8.763882	0.129089	0.004811	0.091886	0.216485	0.087155	0.456382	0.259060	0.118666
12	72	0.397400	0.468269	0.497514	-0.838015	1.525257	-0.335795	55	12	1	10.705250	0.868746	0.896648	0.091886	0.197162	0.137749	0.207184	0.201972	0.577854
12	73	0.445358	0.265475	0.509690	-0.084176	0.287165	0.423946	59	12	0	7.085288	0.650337	0.279025	0.348781	0.713518	0.240138	0.556126	0.325930	0.449006
12	74	0.162364	0.139011	0.336319	-0.717552	-0.034186	-0.806924	30	6	0	6.555484	0.216645	0.065587	0.112572	0.231318	0.078897	0.082104	0.132216	0.379570
12	75	0.475635	0.249780	0.400245	-0.159173	0.132038	-0.579784	57	12	0	8.688935	0.635985	0.446921	0.079538	0.654747	0.408194	0.338999	0.521729	0.718970
12	76	0.885955	0.114877	0.705443	0.170040	0.271416	0.423049	163	37	0	8.741058	0.949888	0.939945	0.739256	0.932809	0.768441	0.847258	0.926475	0.983563
12	77	0.782012	0.087857	0.641311	0.121150	-0.778758	0.396585	115	28	0	8.346232	0.931767	0.761225	0.821280	0.883339	0.754009	0.735407	0.615619	0.753448
12	78	0.482741	0.312019	0.486095	-0.442835	0.766900	-0.059920	80	17	0	8.134072	0.321681	0.657874	0.379570	0.853913	0.324727	0.287524	0.407954	0.628688
12	79	0.388180	0.243024	0.446154	-0.461980	0.207570	-0.118060	62	13	0	7.705173	0.538486	0.182409	0.145125	0.309573	0.556607	0.419580	0.438743	0.514913
12	80	0.808010	0.194556	0.722521	-0.318242	0.707402	0.488178	181	40	0	8.404208	0.871793	0.922787	0.572001	0.880933	0.635504	0.736209	0.899856	0.944997
12	81	0.543788	0.545241	0.582287	-0.352653	2.104955	0.350703	89	18	0	8.267650	0.829779	0.816790	0.281430	0.816148	0.069596	0.591325	0.239978	0.705260
12	82	0.436738	0.332184	0.561715	-0.408757	0.834645	0.397087	65	12	0	8.884426	0.492704	0.594612	0.275016	0.767880	0.077854	0.282152	0.666373	0.337316
12	83	0.621532	0.172346	0.336319	-0.170229	-0.268891	-1.707495	93	21	0	8.190589	0.512588	0.709349	0.588278	0.552838	0.333948	0.732441	0.670622	0.872194
12	84	0.689785	0.223100	0.489554	0.401014	0.116928	-0.099208	63	13	0	10.106661	0.848380	0.842447	0.771328	0.657473	0.531190	0.538406	0.753849	0.575208
12	85	0.519133	0.404486	0.394621	-0.223252	1.098126	-0.983955	60	12	1	8.237328	0.900497	0.779907	0.209750	0.757056	0.340843	0.369869	0.431046	0.364096
12	86	0.623757	0.319957	0.538887	0.436800	0.728047	0.460615	59	13	0	7.692746	0.915090	0.526780	0.679041	0.968089	0.403303	0.366020	0.693874	0.437861
12	87	0.536822	0.075229	0.436440	-0.622899	-1.403759	-0.679556	103	22	0	8.698342	0.594532	0.554201	0.394163	0.570879	0.398012	0.606559	0.587235	0.588999
12	88	0.749749	0.140294	0.688353	-0.039205	-0.236733	0.569113	124	23	0	8.994141	0.947162	0.905949	0.776539	0.862171	0.209028	0.736209	0.722659	0.838278
12	89	0.528223	0.121191	0.535428	0.303131	-1.166521	0.536021	48	10	0	7.926162	0.469291	0.365539	0.670141	0.839400	0.517880	0.521248	0.388871	0.453416
12	90	0.575680	0.266577	0.485258	-0.479960	0.585521	-0.231166	112	26	0	7.593394	0.564304	0.757056	0.402261	0.791052	0.436578	0.565346	0.411883	0.676956
12	91	0.363504	0.075669	0.378138	-0.103223	-1.617810	-0.512156	47	9	0	6.775885	0.514593	0.458547	0.402261	0.381575	0.091244	0.414368	0.254250	0.391196
12	92	0.461744	0.099703	0.336319	-0.393700	-1.383458	-1.651221	60	13	1	7.670210	0.546825	0.694676	0.471616	0.440747	0.206543	0.468008	0.509942	0.355597
12	93	0.497254	0.262809	0.497457	-0.185376	0.289503	0.059268	67	12	0	8.793857	0.367864	0.618024	0.166854	0.812781	0.421985	0.652742	0.351988	0.585792
12	94	0.591244	0.239236	0.565850	-0.182489	0.017518	0.001904	60	13	1	10.293600	0.926796	0.754410	0.591325	0.735087	0.231158	0.384140	0.539529	0.567511
12	95	0.277882	0.205601	0.426773	-0.126322	-0.086562	0.218761	32	6	0	6.761339	0.579458	0.345414	0.252325	0.371472	0.148974	0.138390	0.125321	0.261706
12	96	0.572232	0.283635	0.459750	-0.188560	0.618017	-0.198731	93	21	0	7.055812	0.786001	0.648412	0.423108	0.779987	0.321039	0.586033	0.368987	0.664288
12	97	0.256003	0.283555	0.336319	-0.727284	0.782261	-1.232195	47	9	0	7.996000	0.182890	0.591244	0.502085	0.112572	0.037845	0.153143	0.108724	0.359525
12	98	0.477770	0.410941	0.541350	0.338887	1.099051	0.796423	45	10	0	6.642241	0.788566	0.652021	0.502085	0.887989	0.140234	0.375481	0.163246	0.312540
12	99	0.634652	0.245330	0.655251	0.325189	0.213519	0.912810	68	14	0	7.903916	0.799952	0.492864	0.799952	0.821199	0.373717	0.598060	0.616260	0.575208
12	100	0.902181	0.081623	0.681183	-0.068066	0.154353	0.134921	223	51	0	8.445066	0.947963	0.964962	0.895205	0.915892	0.796745	0.946039	0.770205	0.980436
12	101	0.791413	0.174671	0.698914	0.150146	0.258470	0.668354	131	24	0	8.301533	0.893762	0.870670	0.953255	0.891196	0.546264	0.751924	0.612893	0.811337
12	102	0.540661	0.310916	0.378138	-0.133909	0.703913	-1.020362	72	15	0	8.416320	0.555645	0.412203	0.541373	0.350144	0.301555	0.740298	0.720895	0.703175
12	103	0.378117	0.247294	0.394621	0.021318	0.018656	-0.416974	31	6	0	8.759157	0.115298	0.242062	0.541373	0.458788	0.261706	0.495109	0.531030	0.379570
12	104	0.287564	0.217748	0.336319	-0.617285	0.147662	-1.221723	47	11	0	7.685209	0.430484	0.120831	0.313182	0.312460	0.173589	0.154987	0.375882	0.419099
12	105	0.371171	0.239557	0.378138	-0.478588	0.184675	-0.842334	59	11	0	8.122164	0.382537	0.376764	0.502085	0.253849	0.210872	0.181286	0.476187	0.585792
12	106	0.631174	0.239817	0.679786	1.120312	-0.092780	1.587788	36	7	0	6.600469	0.842287	0.700850	0.960712	0.735087	0.200850	0.432890	0.551796	0.624920
12	107	0.420542	0.140174	0.336319	-0.509039	-0.717761	-1.490361	72	14	0	8.109118	0.580019	0.411321	0.501203	0.542094	0.196199	0.441950	0.251042	0.440507
12	108	0.604684	0.082765	0.394621	0.035211	-1.349243	-0.731122	87	19	0	7.003903	0.594532	0.304121	0.590042	0.850144	0.597097	0.758258	0.521729	0.621552
12	109	0.802488	0.103151	0.526711	-0.121978	-0.363740	-0.339537	157	32	0	8.417643	0.796424	0.708948	0.903384	0.799230	0.786321	0.859044	0.642880	0.923669
12	110	0.837466	0.156571	0.654644	0.630469	0.161319	0.580483	99	20	0	8.502955	0.986931	0.862171	0.927758	0.890394	0.669740	0.672627	0.783194	0.906911
12	111	0.718269	0.267479	0.407519	-0.057393	0.796541	-0.860237	118	24	0	8.191068	0.791292	0.533595	0.707344	0.531751	0.696360	0.999920	0.564064	0.921825
13	1	0.644975	0.226828	0.615126	0.303266	0.138447	0.760654	78	17	0	7.075285	0.740138	0.573605	0.988374	0.785439	0.503287	0.631495	0.781992	0.155468
13	2	0.840573	0.142700	0.568920	0.103183	0.237501	-0.127067	148	30	0	8.870436	0.892319	0.666693	0.893762	0.773332	0.728752	0.974743	0.856719	0.938262
13	3	0.747344	0.209650	0.517067	-0.160925	0.451459	-0.317559	130	27	0	8.983590	0.705981	0.651620	0.553400	0.605997	0.884622	0.917575	0.821280	0.838278
13	4	0.902121	0.058351	0.753826	0.473162	-0.461762	0.693944	139	28	0	9.880278	0.978271	0.900898	0.832986	0.917335	0.846777	0.876203	0.907713	0.956783
13	5	0.793056	0.112733	0.644724	-0.114544	-0.328627	0.214271	146	30	0	8.944768	0.887508	0.582826	0.657633	0.840042	0.791132	0.888470	0.864817	0.832024
13	6	0.805133	0.143161	0.416659	0.397658	-0.066876	-0.729997	113	22	0	8.030440	0.759622	0.680484	0.827053	0.676876	0.775898	0.915170	0.872274	0.933691
13	7	0.673028	0.167876	0.472624	0.485591	-0.372855	0.090686	74	17	0	6.748077	0.880773	0.234124	0.809974	0.598861	0.691950	0.757697	0.782152	0.628688
13	8	0.788456	0.190727	0.586663	0.754239	0.142074	0.486869	74	16	0	8.251218	0.928640	0.944596	0.896969	0.840202	0.714160	0.522691	0.714160	0.746232
13	9	0.286602	0.128087	0.336319	-0.276100	-0.862671	-1.094062	34	5	0	8.323295	0.254811	0.396167	0.317431	0.180404	0.331222	0.148332	0.232360	0.432088
13	10	0.547456	0.239156	0.547776	-0.159635	0.115214	0.193670	67	14	0	9.731774	0.753528	0.687941	0.672707	0.667656	0.295943	0.389192	0.459269	0.453416
13	11	0.922266	0.057789	0.719337	0.571509	-0.213781	0.674646	161	38	0	7.499104	0.987412	0.950048	0.945237	0.978432	0.819275	0.905067	0.882216	0.910439
13	12	0.500481	0.216325	0.484892	-0.018969	-0.191142	-0.021789	50	9	0	10.672172	0.665731	0.057168	0.465603	0.641196	0.537444	0.327213	0.623958	0.685536
13	13	0.896679	0.106198	0.634954	0.625770	-0.069167	0.060731	104	19	1	9.539654	0.953576	0.958387	0.975706	0.946761	0.868987	0.739496	0.943153	0.787364
13	14	0.844361	0.090543	0.726817	0.200195	-0.384935	0.666671	137	29	0	8.919377	0.879169	0.786963	0.686658	0.870991	0.798268	0.952694	0.906430	0.873717
13	15	0.707715	0.135524	0.538463	0.551014	-0.684094	0.263649	67	12	0	8.924474	0.749118	0.807809	0.325529	0.683050	0.911402	0.645606	0.725786	0.813422
13	16	0.793006	0.127927	0.378138	-0.544556	0.079010	-1.681299	240	49	0	7.442042	0.735407	0.775417	0.789609	0.831062	0.421985	0.909397	0.887989	0.993185
13	17	0.928881	0.034638	0.669007	-0.223948	-0.470609	-0.382606	233	47	1	10.020894	0.929041	0.880773	0.926956	0.922466	0.954538	0.883820	0.945077	0.988374
13	18	0.660008	0.177898	0.378138	-0.670759	0.066276	-1.584738	150	30	0	9.080879	0.696360	0.539208	0.644804	0.576411	0.397210	0.921825	0.613294	0.890956
13	19	0.451030	0.282312	0.477859	-0.505194	0.534953	-0.076999	76	17	0	8.023966	0.355597	0.208387	0.626844	0.547306	0.252646	0.630613	0.607280	0.379570
13	20	0.541653	0.302137	0.394621	0.415028	0.396636	-0.575139	40	7	0	9.348198	0.508900	0.885744	0.310696	0.345574	0.823124	0.623236	0.456382	0.379570
13	21	0.575429	0.217788	0.552873	0.092131	-0.059418	0.359822	66	13	0	8.583266	0.603672	0.430324	0.343970	0.966244	0.601026	0.763871	0.412765	0.481559
13	22	0.776028	0.168177	0.634335	0.183526	0.093264	0.354224	119	19	0	9.069092	0.585552	0.701812	0.628448	0.897290	0.816309	0.906751	0.835632	0.836434
13	23	0.606960	0.128909	0.473335	-0.111492	-0.781805	-0.270706	88	16	0	8.753175	0.590362	0.736049	0.907393	0.318954	0.424150	0.612973	0.658275	0.607521
13	24	0.641858	0.299691	0.533893	0.787263	0.443823	0.498405	38	8	0	8.999046	0.865539	0.796905	0.908836	0.834990	0.165010	0.621873	0.635584	0.306126
13	25	0.596997	0.213017	0.454137	-0.561164	0.187541	-0.627573	118	24	0	8.870420	0.700289	0.465763	0.683291	0.503368	0.180805	0.727069	0.606318	0.909076
13	26	0.614196	0.104374	0.416659	-0.100792	-1.054260	-0.629763	91	17	0	8.372067	0.547386	0.568393	0.684894	0.565747	0.591325	0.456382	0.840362	0.659076
13	27	0.605105	0.280929	0.564762	0.050899	0.586650	0.502739	87	20	0	6.718470	0.455500	0.434654	0.713358	0.366260	0.596216	0.784798	0.809573	0.680484
13	28	0.549190	0.242844	0.629605	0.157919	0.099636	0.866177	64	12	0	7.686563	0.570558	0.494628	0.128768	0.714480	0.555083	0.892720	0.694516	0.342768
13	29	0.684824	0.446620	0.714698	0.921292	1.411223	1.384289	45	8	0	8.426274	0.968008	0.859445	0.978512	0.937380	0.154987	0.645606	0.529506	0.405148
13	30	0.834990	0.067992	0.624679	0.312643	-0.782635	0.333620	135	29	0	7.734470	0.967848	0.710311	0.755532	0.856719	0.867463	0.815106	0.836514	0.870430
13	31	0.925824	0.054262	0.720322	0.006784	-0.001324	0.276876	251	55	0	8.361579	0.852069	0.913165	0.922627	0.955500	0.935616	0.875080	0.965122	0.987412
13	32	0.507437	0.184453	0.400245	-0.183881	-0.351469	-0.630592	69	14	0	8.288867	0.716485	0.252004	0.493826	0.423428	0.369628	0.557970	0.703817	0.542335
13	33	0.892249	0.080119	0.593604	0.218153	-0.062324	0.002435	185	43	0	7.355304	0.901780	0.865699	0.820398	0.810455	0.959990	0.883579	0.925994	0.970093
13	34	0.331493	0.190026	0.336319	-0.833973	-0.065319	-1.432362	70	16	0	7.617901	0.358884	0.202453	0.645526	0.251443	0.156992	0.275497	0.218810	0.542335
13	35	0.703596	0.132537	0.707551	-0.172451	-0.453659	0.693718	117	24	0	8.870861	0.841325	0.770767	0.913647	0.656911	0.357601	0.652742	0.668698	0.767078
13	36	0.781511	0.115058	0.540456	0.044740	-0.409896	-0.102993	131	28	0	8.151593	0.666052	0.731799	0.685375	0.819596	0.838679	0.755131	0.834108	0.921344
13	37	0.620921	0.187560	0.477447	-0.103657	-0.128577	-0.182409	94	20	0	7.779386	0.380292	0.493987	0.544820	0.589240	0.745831	0.651058	0.851187	0.710953
13	38	0.732771	0.149475	0.621254	0.215313	-0.268518	0.547399	106	23	0	7.329894	0.606398	0.871312	0.741902	0.688021	0.800273	0.740298	0.546424	0.867543
13	39	0.847097	0.134381	0.786951	1.586199	-0.390576	1.698632	41	9	0	8.592286	0.985327	0.950529	0.945398	0.964801	0.917656	0.828496	0.793377	0.391196
13	40	0.454899	0.268782	0.397336	-0.390554	0.385541	-0.739712	70	13	0	8.612200	0.219291	0.307328	0.435536	0.307328	0.579298	0.547226	0.575048	0.668137
13	41	0.800784	0.091184	0.685146	0.599650	-0.792619	0.807700	87	18	0	8.553479	0.885103	0.758579	0.726748	0.895366	0.788727	0.830180	0.786402	0.735167
13	42	0.638230	0.083307	0.508568	-0.040344	-1.273417	0.002572	92	20	0	7.839486	0.625962	0.409317	0.585231	0.640154	0.574246	0.742704	0.639432	0.888791
13	43	0.794269	0.129109	0.590786	0.919196	-0.451544	0.690538	80	16	0	6.868261	0.857761	0.865058	0.888149	0.761546	0.682248	0.918698	0.603672	0.777021
14	1	0.651219	0.167014	0.632548	0.080167	-0.324466	0.617452	89	17	0	8.080991	0.608483	0.659317	0.989176	0.621953	0.775657	0.734766	0.815427	0.004971
14	2	0.481118	0.226527	0.465374	-0.098637	0.010539	0.107939	69	15	0	6.750191	0.688823	0.567191	0.371873	0.518922	0.659557	0.621873	0.415731	0.004971
14	3	0.633960	0.237973	0.610556	-0.061633	0.298161	0.446754	93	17	0	8.458506	0.635584	0.574326	0.434173	0.529747	0.529426	0.762749	0.782312	0.823364
14	4	0.707254	0.277983	0.617005	0.244513	0.758523	0.605743	97	21	0	7.187618	0.479955	0.597418	0.719051	0.535119	0.874198	0.855035	0.894083	0.703175
14	5	0.813983	0.167134	0.601290	0.582804	0.185417	0.470136	108	22	0	7.244601	0.915250	0.768201	0.785359	0.663085	0.783114	0.699727	0.970013	0.927117
14	6	0.663155	0.222438	0.525657	-0.463093	0.429711	-0.215953	144	27	0	8.148002	0.767078	0.275176	0.531190	0.583066	0.691469	0.699727	0.888631	0.868906
14	7	0.599974	0.232140	0.551590	0.336417	0.031110	0.481869	60	12	0	8.034395	0.726267	0.637909	0.756815	0.496071	0.479634	0.464801	0.723380	0.514913
14	8	0.419239	0.175192	0.336319	-0.256392	-0.437175	-1.267420	62	13	0	7.138681	0.401379	0.047065	0.624278	0.278544	0.354634	0.469452	0.705581	0.472979
14	9	0.881635	0.062239	0.846903	0.081231	-0.399107	1.118648	199	40	0	7.744031	0.934493	0.850625	0.828656	0.855115	0.831543	0.870750	0.982601	0.899294
14	10	0.748707	0.269243	0.479359	-0.454768	1.107312	-0.618136	181	36	0	7.832142	0.579699	0.603031	0.763310	0.590202	0.737733	0.861369	0.892158	0.962155
14	11	0.639001	0.343730	0.378138	-0.471711	1.295888	-1.275829	144	31	0	6.995344	0.525898	0.550914	0.367944	0.336353	0.822883	0.866180	0.789929	0.851908
14	12	0.509822	0.358202	0.447918	-0.530845	1.130045	-0.422947	98	19	0	8.011269	0.332986	0.314705	0.280308	0.427598	0.388390	0.960471	0.686177	0.687941
14	13	0.651640	0.297947	0.460758	0.073453	0.795149	-0.263704	95	17	0	7.799518	0.683130	0.402903	0.776219	0.314785	0.719933	0.899375	0.879089	0.537684
14	14	0.492233	0.162785	0.439155	0.055701	-0.666112	-0.141861	54	11	0	7.987748	0.548910	0.361369	0.292014	0.447883	0.683291	0.427197	0.529827	0.647370
14	15	0.648493	0.259441	0.558405	1.015865	0.035741	0.680056	27	5	0	10.188466	0.852389	0.778464	0.647771	0.807649	0.372835	0.429682	0.740619	0.558531
14	16	0.528704	0.368305	0.479440	0.414960	0.763481	0.160026	31	7	0	10.355353	0.677518	0.755532	0.754410	0.604554	0.269724	0.272210	0.548509	0.347178
14	17	0.710181	0.209930	0.580821	-0.007584	0.048875	-0.038437	79	17	1	9.586354	0.936097	0.766116	0.845494	0.875802	0.234044	0.665250	0.576812	0.781831
14	18	0.767740	0.120390	0.617177	-0.174729	-0.517200	-0.042899	117	25	1	8.721287	0.868505	0.740619	0.727790	0.738855	0.566629	0.728352	0.929201	0.841966
14	19	0.544490	0.231418	0.401860	0.003595	0.061479	-0.447219	71	15	0	7.542596	0.268602	0.300754	0.678079	0.502245	0.505131	0.698926	0.588759	0.813422
14	20	0.235187	0.155148	0.385137	-0.020646	-0.506097	-0.001056	22	5	0	6.422682	0.275096	0.027662	0.520606	0.235728	0.080821	0.203175	0.372835	0.165571
14	21	0.853321	0.099142	0.685352	0.044680	-0.100832	0.412785	175	36	0	7.920986	0.829538	0.770045	0.849262	0.946520	0.736851	0.843008	0.902903	0.948445
14	22	0.929793	0.059173	0.547111	0.110514	0.118686	-0.535445	240	49	0	8.546947	0.908034	0.898894	0.892239	0.914128	0.908355	0.971055	0.962877	0.982761
14	23	0.498346	0.211273	0.500367	-0.589673	0.052820	-0.110936	101	18	0	8.178777	0.661081	0.396167	0.557809	0.385584	0.175273	0.586033	0.560536	0.664288
14	24	0.699146	0.288847	0.633934	0.064194	0.627559	0.253552	73	15	1	9.623669	0.951491	0.841806	0.866982	0.638069	0.569917	0.314144	0.852229	0.558531
14	25	0.688703	0.228772	0.832894	0.590860	0.161947	1.795975	68	13	0	7.699222	0.969291	0.751363	0.455340	0.912203	0.286722	0.758258	0.611851	0.764593
14	26	0.645356	0.272210	0.692809	-0.014706	0.343145	0.579196	61	13	1	10.507895	0.990940	0.656992	0.765074	0.497434	0.353672	0.630613	0.491100	0.777021
14	27	0.774174	0.350565	0.763046	0.469398	1.452549	1.271173	105	20	0	7.216078	0.513470	0.801395	0.998316	0.978271	0.563903	0.806046	0.601347	0.930645
14	28	0.761205	0.136847	0.499588	0.800964	-0.559971	0.117988	63	13	0	8.430747	0.923749	0.656992	0.882296	0.718489	0.774936	0.716645	0.824006	0.592527
14	29	0.338388	0.288406	0.385137	-0.116423	0.388875	-0.554648	26	5	0	10.248181	0.450850	0.469933	0.003127	0.489737	0.402261	0.075048	0.223621	0.592527
14	30	0.542054	0.158695	0.524042	0.017797	-0.630266	0.272207	66	13	0	8.178634	0.641758	0.386546	0.497514	0.463198	0.460953	0.454618	0.821681	0.610167
14	31	0.673058	0.235006	0.477057	-0.103043	0.402888	-0.336737	106	21	0	8.366263	0.385744	0.556928	0.773974	0.522611	0.811498	0.723220	0.891517	0.718970
14	32	0.532142	0.314364	0.385137	-0.920423	1.024923	-1.310876	135	27	0	8.532036	0.299150	0.374439	0.502886	0.336353	0.593810	0.677999	0.683130	0.789368
14	33	0.407202	0.224202	0.533641	-0.433177	-0.024662	0.230498	53	10	0	10.392628	0.750641	0.294179	0.514432	0.383339	0.077534	0.338999	0.312700	0.585792
14	34	0.645125	0.235628	0.565553	0.171633	0.225743	0.393967	79	17	0	7.958271	0.353031	0.549070	0.801395	0.721376	0.498477	0.762267	0.850465	0.624920
14	35	0.668317	0.112753	0.462785	0.441921	-1.029279	-0.109144	67	13	0	8.259611	0.754490	0.456863	0.728191	0.661321	0.571199	0.660520	0.875000	0.638951
14	36	0.538757	0.229614	0.477447	-0.173252	0.084896	-0.069496	76	17	0	7.919663	0.345414	0.292014	0.540811	0.673348	0.571600	0.484445	0.697162	0.705260
14	37	0.872093	0.177538	0.662730	0.387593	0.736505	0.362310	139	26	0	9.005971	0.955981	0.975385	0.667415	0.967527	0.709349	0.932088	0.959830	0.809173
14	38	0.327443	0.087977	0.522530	-1.024083	-1.102874	0.182791	80	19	0	7.634409	0.275657	0.309012	0.350225	0.504330	0.158034	0.407954	0.277021	0.337316
14	39	0.365769	0.274254	0.399100	-0.642050	0.534278	-0.575100	68	14	0	7.805110	0.220013	0.192351	0.242543	0.457665	0.305645	0.224904	0.618746	0.664288
14	40	0.272280	0.084489	0.394621	-0.627921	-1.208395	-0.440239	49	10	0	7.423829	0.230516	0.192912	0.193473	0.457665	0.248557	0.224904	0.211113	0.419099
14	41	0.369858	0.252105	0.609445	-0.080807	0.165047	1.061754	46	8	0	7.172227	0.278544	0.497915	0.286642	0.595734	0.145927	0.224904	0.353993	0.575208
14	42	0.550904	0.216264	0.394621	-0.085247	-0.042569	-0.807321	74	14	0	8.386184	0.384060	0.518361	0.317431	0.466645	0.569035	0.680484	0.656190	0.815026
14	43	0.637939	0.245931	0.713782	0.294262	0.155095	0.991797	55	10	0	11.988018	0.931126	0.784718	0.648412	0.811578	0.162604	0.506414	0.700128	0.558531
14	44	0.732350	0.156911	0.464641	-0.136541	-0.074231	-0.512320	136	27	0	7.932256	0.654506	0.788647	0.638951	0.598300	0.699407	0.797787	0.836754	0.844452
14	45	0.439535	0.200750	0.336319	-0.537157	-0.124862	-1.571136	77	14	0	8.480397	0.540010	0.373236	0.296905	0.394323	0.181206	0.584670	0.544981	0.600946
14	46	0.721025	0.179101	0.477447	0.623523	-0.238287	-0.070143	62	12	0	9.094074	0.526459	0.880131	0.825770	0.924711	0.446600	0.704859	0.728752	0.730917
14	47	0.524996	0.395426	0.463026	0.187721	1.080624	0.086871	54	12	0	7.616858	0.924872	0.394644	0.293297	0.312460	0.306126	0.534798	0.695718	0.738053
14	48	0.758228	0.115098	0.502772	0.880033	-0.850644	0.179617	61	11	0	8.437171	0.741341	0.801074	0.963839	0.930404	0.405228	0.764994	0.655709	0.803239
14	49	0.446691	0.295823	0.577946	0.078578	0.361317	0.648300	37	6	0	10.465749	0.939625	0.497915	0.562380	0.615619	0.035359	0.307970	0.195558	0.419099
14	50	0.478031	0.213398	0.409134	0.168558	-0.321502	-0.395683	36	6	0	11.078680	0.766276	0.522771	0.721216	0.499759	0.217126	0.406270	0.499759	0.191068
14	51	0.431196	0.375541	0.497514	-0.038102	0.972979	0.373395	47	11	0	7.612145	0.812941	0.739416	0.498637	0.129169	0.061979	0.525657	0.228352	0.453416
14	52	0.556687	0.131134	0.378138	0.034467	-0.887149	-0.936355	72	13	0	8.041598	0.486209	0.500401	0.466725	0.400096	0.506334	0.860487	0.608323	0.624920
15	1	0.543868	0.397170	0.551979	0.739532	0.906043	0.860536	32	7	0	7.512482	0.320157	0.537684	0.985969	0.582264	0.750080	0.377806	0.792014	0.004971
15	2	0.710471	0.307970	0.698467	1.242697	0.581896	1.488940	36	7	0	7.742640	0.916212	0.689785	0.941870	0.826171	0.674310	0.414368	0.920542	0.300513
15	3	0.527632	0.354574	0.336319	0.182816	0.788334	-1.441338	47	8	0	10.087481	0.216004	0.705420	0.300273	0.557970	0.697162	0.359445	0.884301	0.500481
15	4	0.271167	0.240599	0.336319	-0.513272	0.304630	-1.165372	38	8	0	8.114752	0.214480	0.070478	0.077614	0.292816	0.290811	0.112973	0.609686	0.500481
15	5	0.202985	0.076892	0.394621	-0.875783	-1.070439	-0.497852	33	7	0	9.139364	0.191709	0.170863	0.218329	0.225866	0.093650	0.106879	0.461113	0.155468
15	6	0.260844	0.105757	0.336319	-0.519124	-0.945922	-1.044623	45	9	0	6.912341	0.095253	0.047065	0.207826	0.333307	0.645526	0.231158	0.269484	0.257136
15	7	0.387859	0.220955	0.336319	0.074743	-0.143486	-1.007102	41	8	0	6.982678	0.423428	0.407954	0.391918	0.199727	0.191870	0.584670	0.646167	0.257136
15	8	0.567110	0.201391	0.450266	0.577198	-0.366363	0.142642	47	9	0	7.309065	0.600786	0.448926	0.345574	0.620590	0.666693	0.690026	0.686818	0.477470
15	9	0.609225	0.238053	0.653819	0.820838	-0.111336	1.187474	35	7	0	8.327379	0.494628	0.820077	0.253528	0.623557	0.634140	0.694836	0.884541	0.468489
15	10	0.321280	0.056186	0.336319	-0.265915	-1.932131	-1.176677	34	7	0	8.559507	0.301716	0.318554	0.093650	0.299631	0.304362	0.181286	0.721777	0.349262
15	11	0.221657	0.142920	0.336319	-0.647661	-0.360933	-1.034761	40	8	0	7.200765	0.135904	0.119387	0.093650	0.202213	0.096857	0.054201	0.721777	0.349262
15	12	0.491822	0.263931	0.426956	0.474139	-0.002801	-0.102364	27	5	0	9.934826	0.689144	0.526780	0.188663	0.350144	0.559333	0.260985	0.855276	0.504250
15	13	0.262117	0.199387	0.378138	-0.600702	-0.024605	-0.718291	34	8	0	9.011521	0.275978	0.129971	0.174792	0.358082	0.201171	0.075048	0.377646	0.504250
15	14	0.385343	0.201792	0.450953	-0.404990	-0.226563	-0.190296	47	9	0	10.250561	0.767399	0.410520	0.138951	0.451652	0.241100	0.253929	0.455099	0.364096
15	15	0.454137	0.237652	0.508510	0.115511	-0.066646	0.395906	43	8	0	8.386661	0.819355	0.688823	0.305404	0.484606	0.275818	0.253929	0.441068	0.364096
15	16	0.626153	0.225565	0.479359	0.698435	-0.133948	0.163697	43	7	0	9.138633	0.371312	0.561738	0.782793	0.619548	0.802197	0.449166	0.751283	0.671183
15	17	0.403103	0.347298	0.514398	0.204939	0.647402	0.526815	25	5	0	9.537557	0.012348	0.513390	0.728191	0.646007	0.455180	0.175914	0.486770	0.207024
15	18	0.746582	0.245089	0.635320	1.185984	0.187345	0.949921	35	7	0	9.712684	0.638149	0.851267	0.751042	0.952774	0.908515	0.464801	0.838598	0.567511
15	19	0.479755	0.165491	0.474961	-0.209179	-0.569369	-0.085007	62	11	0	9.152740	0.758098	0.603031	0.457505	0.615619	0.053640	0.474984	0.431366	0.443794
15	20	0.536031	0.206863	0.585529	0.334498	-0.349763	0.689596	41	8	0	9.395498	0.744869	0.619227	0.504250	0.638069	0.183130	0.279266	0.614176	0.705260
15	21	0.557830	0.142960	0.459750	0.310817	-0.875070	0.016586	52	11	0	8.050663	0.533034	0.631414	0.713358	0.576411	0.394484	0.363294	0.579458	0.671183
15	22	0.777271	0.225926	0.545817	0.435679	0.313963	-0.135105	74	12	1	9.868006	0.917896	0.934012	0.838117	0.901940	0.595334	0.477470	0.845173	0.708226
15	23	0.258970	0.135083	0.454137	-0.519025	-0.663073	0.096295	34	6	0	8.935661	0.093089	0.286081	0.256414	0.350144	0.275818	0.352229	0.046985	0.411001
15	24	0.514723	0.625361	0.489107	0.456663	2.110333	0.434812	48	7	0	7.351984	0.900337	0.856879	0.840202	0.805083	0.232441	0.178720	0.046985	0.257136
15	25	0.259772	0.302898	0.394621	-0.400159	0.794191	-0.279308	33	8	0	7.404907	0.480597	0.095334	0.091886	0.566629	0.369628	0.178720	0.046985	0.248396
15	26	0.639312	0.350084	0.664116	0.609606	0.789831	0.949390	40	8	0	11.004690	0.832184	0.831382	0.530468	0.741742	0.442992	0.481719	0.819035	0.434974
15	27	0.466325	0.432850	0.639994	0.261719	1.143380	1.056334	34	7	0	8.913008	0.668457	0.711995	0.611450	0.811578	0.214561	0.153143	0.302277	0.257136
15	28	0.220865	0.185255	0.336319	-1.240364	0.220987	-1.495824	56	12	0	9.141749	0.075690	0.117303	0.422386	0.197162	0.129891	0.129490	0.275898	0.419099
15	29	0.360407	0.233423	0.378138	-0.448561	0.071121	-0.908618	44	9	0	10.081040	0.329378	0.530388	0.086353	0.360087	0.617784	0.129490	0.503688	0.326090
15	30	0.220203	0.183210	0.459750	-0.336343	-0.096541	0.384043	25	4	0	8.163789	0.023573	0.440186	0.086353	0.671985	0.045061	0.198926	0.155548	0.139994
15	31	0.237592	0.192912	0.399100	-0.632625	0.009254	-0.338842	33	7	0	8.720427	0.025657	0.616421	0.086353	0.050914	0.071280	0.076732	0.833387	0.139994
15	32	0.094492	0.037985	0.336319	-1.465083	-0.593586	-0.913445	39	9	0	6.370617	0.080420	0.050192	0.086353	0.072322	0.067110	0.157553	0.178640	0.063342
15	33	0.198414	0.167595	0.336319	-1.275217	0.163627	-1.435457	49	11	0	9.224087	0.061979	0.117303	0.086353	0.253849	0.207585	0.157553	0.347097	0.355597
15	34	0.184102	0.083527	0.456096	-0.654694	-0.928501	0.318223	24	5	0	8.253711	0.215282	0.145045	0.263951	0.092367	0.217126	0.116581	0.234445	0.188021
15	35	0.174761	0.157513	0.455638	-0.919435	0.064233	0.166843	29	6	0	8.716203	0.097659	0.023573	0.263951	0.249439	0.089240	0.207184	0.279025	0.188021
15	36	0.210572	0.222318	0.336319	-0.477712	0.368338	-0.894822	29	6	0	7.123596	0.038887	0.027662	0.322242	0.106158	0.473140	0.135423	0.308130	0.272931
15	37	0.094111	0.111089	0.397336	-0.881056	0.312950	0.169428	20	4	0	6.728169	0.001684	0.016597	0.038406	0.028784	0.118024	0.135423	0.141036	0.272931
15	38	0.187961	0.204939	0.401448	-0.438164	0.277321	0.037067	21	4	0	8.241947	0.017319	0.256575	0.027341	0.454859	0.073926	0.135423	0.265314	0.272931
15	39	0.409728	0.166152	0.460162	-0.276013	-0.551191	-0.016384	55	10	0	8.324605	0.179843	0.394644	0.391918	0.280548	0.436578	0.495109	0.812620	0.286562
15	40	0.282523	0.083367	0.336319	-0.088515	-1.499209	-1.027231	23	4	0	9.079975	0.290250	0.239737	0.195718	0.251443	0.125241	0.493586	0.377646	0.286562
15	41	0.484656	0.217607	0.589320	0.856192	-0.446247	1.259990	23	5	0	7.072702	0.641758	0.432890	0.441870	0.671183	0.444756	0.085311	0.732120	0.427357
15	42	0.516748	0.148793	0.336319	0.047881	-0.815785	-1.454990	51	11	0	9.258693	0.541052	0.726427	0.757858	0.442351	0.304763	0.473060	0.461113	0.427357
15	43	0.102359	0.130653	0.336319	-1.157245	0.506023	-0.959477	23	4	0	8.483901	0.004089	0.019003	0.155388	0.095334	0.087556	0.042255	0.213037	0.202213
15	44	0.577043	0.340663	0.424837	0.453654	0.659126	-0.333292	37	8	0	10.691232	0.604795	0.891597	0.811337	0.777502	0.490459	0.309814	0.528624	0.202213
15	45	0.214781	0.204839	0.336319	-0.458532	0.129038	-1.006502	24	5	0	8.380501	0.015234	0.306847	0.080661	0.123396	0.130773	0.456382	0.349663	0.255292
15	46	0.182308	0.139092	0.401448	-0.185786	-0.382961	0.234031	19	3	0	7.646623	0.033435	0.391517	0.157713	0.205741	0.079217	0.231158	0.104394	0.255292
15	47	0.537113	0.333948	0.557191	0.124694	0.700432	0.411904	49	10	0	9.927124	0.853833	0.649214	0.919339	0.524695	0.315908	0.395366	0.383258	0.255292
15	48	0.223691	0.172506	0.336319	-0.866634	-0.070844	-1.315799	37	8	0	9.462540	0.085071	0.124679	0.464400	0.218890	0.031671	0.226267	0.383258	0.255292
15	49	0.350966	0.278905	0.336319	-0.023454	0.339261	-1.041480	33	7	0	7.683536	0.128528	0.353672	0.732922	0.496071	0.322322	0.459589	0.104394	0.210231
15	50	0.422877	0.489677	0.336319	0.445000	1.375815	-0.951396	26	5	0	7.837089	0.456222	0.353672	0.151219	0.735648	0.075208	0.669901	0.730917	0.210231
15	51	0.207936	0.184413	0.336319	-0.502520	-0.043646	-1.108102	21	4	0	10.655272	0.015234	0.208387	0.108242	0.400096	0.064625	0.414368	0.242303	0.210231
15	52	0.316409	0.158475	0.426956	-0.436108	-0.521736	-0.120744	45	9	0	8.023071	0.273733	0.293698	0.210953	0.194676	0.197001	0.396969	0.608643	0.355597
15	53	0.217808	0.202995	0.336319	-0.769293	0.208184	-1.216574	34	7	0	8.918148	0.033435	0.109365	0.098300	0.301475	0.216725	0.333948	0.400818	0.248396
15	54	0.336494	0.174671	0.378138	-0.283515	-0.439736	-0.652364	42	8	0	8.029406	0.374679	0.326251	0.191068	0.489737	0.197322	0.239256	0.581703	0.291934
15	55	0.251684	0.203095	0.385137	-0.531625	0.065551	-0.442555	38	7	0	7.832092	0.220013	0.446921	0.071119	0.100625	0.323445	0.443473	0.166934	0.240940
15	56	0.286271	0.232781	0.385137	-0.377849	0.179654	-0.435846	36	8	0	7.757909	0.455500	0.124679	0.157713	0.409317	0.206863	0.443473	0.298428	0.194195
15	57	0.137368	0.030589	0.336319	-0.984576	-1.398726	-0.960042	27	5	0	7.829501	0.012348	0.117303	0.123877	0.123396	0.117303	0.132457	0.278063	0.194195
15	58	0.066719	0.026920	0.336319	-1.685584	-0.132827	-0.865733	31	6	0	6.817867	0.015234	0.055083	0.052197	0.066469	0.031671	0.096536	0.059654	0.156911
15	59	0.194676	0.084589	0.488466	-0.791797	-0.930627	0.405959	29	6	0	8.671072	0.040411	0.165651	0.035920	0.207425	0.154506	0.220013	0.576572	0.156911
15	60	0.246181	0.167355	0.404231	-0.775315	-0.234253	-0.395319	36	7	0	10.511276	0.044500	0.698845	0.122755	0.470734	0.162604	0.220013	0.093089	0.156911
15	61	0.042806	0.038807	0.336319	-2.149225	1.386439	-0.861677	24	5	0	7.431668	0.009301	0.004811	0.093650	0.031430	0.062540	0.058531	0.057649	0.024535
15	62	0.149806	0.103492	0.378138	-0.459481	-0.510075	-0.142485	19	4	0	7.166835	0.262187	0.068554	0.023332	0.100625	0.117303	0.058531	0.543377	0.024535
15	63	0.212757	0.172045	0.336319	-0.598017	-0.055074	-0.979280	35	7	0	7.200815	0.048749	0.056366	0.143682	0.249439	0.119067	0.136626	0.594692	0.353432
15	64	0.226117	0.292355	0.497457	-0.221603	0.770010	0.736121	26	4	0	7.428152	0.509381	0.053159	0.170783	0.109525	0.450048	0.073445	0.089160	0.353432
15	65	0.421163	0.233483	0.606971	-0.736465	0.181503	0.392141	75	14	0	10.354849	0.065587	0.690908	0.455340	0.461033	0.174551	0.321841	0.846616	0.353432
15	66	0.296224	0.179041	0.336319	-0.713701	-0.228778	-1.428465	48	9	0	9.598180	0.356238	0.150257	0.201732	0.450529	0.274535	0.201331	0.536081	0.199086
15	67	0.269063	0.246472	0.336319	-0.191458	0.218041	-1.055489	25	4	0	9.074316	0.191068	0.082184	0.108242	0.223541	0.223300	0.478833	0.434333	0.411001
15	68	0.171123	0.154185	0.336319	-1.349487	-0.008920	-1.631807	28	6	1	11.163773	0.073284	0.053881	0.323204	0.168377	0.069195	0.105356	0.381495	0.194195
15	69	0.086584	0.049751	0.336319	-1.151658	-0.324454	-0.775616	21	4	0	7.545744	0.061097	0.080500	0.048028	0.055083	0.046103	0.105356	0.102309	0.194195
15	70	0.190847	0.123036	0.499221	-0.483474	-0.483276	0.783131	27	5	0	6.843611	0.119147	0.145045	0.084830	0.291132	0.156671	0.157553	0.320638	0.251764
15	71	0.331743	0.413165	0.457402	0.117457	1.198468	0.470686	30	6	0	6.741420	0.166132	0.049070	0.542976	0.320879	0.069195	0.195318	0.719051	0.591325
15	72	0.425934	0.196500	0.504731	0.089723	-0.493710	0.270716	28	5	0	12.208826	0.589962	0.903223	0.351427	0.481879	0.430965	0.195318	0.055564	0.399134
15	73	0.213779	0.155067	0.416659	-0.298647	-0.419369	0.021196	21	3	0	10.315164	0.218249	0.307328	0.159397	0.207425	0.074567	0.288566	0.055564	0.399134
15	74	0.204237	0.119468	0.441389	-1.220614	-0.424728	-0.297118	48	8	0	10.911209	0.144885	0.763069	0.123877	0.087155	0.036963	0.186257	0.055564	0.236129
15	75	0.534698	0.484245	0.440919	0.615719	1.307847	-0.042228	25	5	0	10.820002	0.759381	0.882697	0.799230	0.266036	0.312219	0.350385	0.780148	0.127486
15	76	0.256475	0.347218	0.336319	0.390013	0.813621	-0.557936	17	3	0	7.195840	0.425273	0.065587	0.515555	0.218890	0.099262	0.094452	0.505292	0.127486
15	77	0.220384	0.116341	0.407519	-0.133937	-0.847333	0.291583	23	5	0	6.430143	0.302437	0.017078	0.178961	0.028784	0.191389	0.758258	0.158675	0.127486
15	78	0.412344	0.134862	0.565862	0.470049	-1.123701	1.081216	28	5	0	7.162054	0.650818	0.352069	0.173428	0.350144	0.290811	0.409958	0.704458	0.367062
15	79	0.340252	0.174912	0.336319	-0.093973	-0.535104	-1.149751	32	5	0	8.937734	0.525176	0.069115	0.366501	0.506013	0.279025	0.409958	0.199166	0.367062
15	80	0.408034	0.273833	0.475591	0.244220	0.157486	0.354791	29	5	0	8.575068	0.476347	0.982761	0.160600	0.249439	0.351748	0.359445	0.108724	0.575208
15	81	0.260894	0.114958	0.336319	-0.201183	-0.947213	-0.885689	34	5	0	7.003032	0.086995	0.281430	0.382537	0.297947	0.056366	0.243185	0.274455	0.464240
15	82	0.240609	0.179242	0.465374	-0.618276	-0.119991	0.185961	35	6	0	8.855124	0.085071	0.270767	0.427197	0.137428	0.110247	0.482842	0.154185	0.257136
15	83	0.108734	0.091445	0.385137	-0.997094	-0.123372	-0.328953	21	3	0	9.847034	0.068634	0.058451	0.066870	0.153223	0.036963	0.169259	0.154185	0.162284
15	84	0.195388	0.113895	0.336319	-0.713323	-0.585655	-1.041881	29	6	0	8.043123	0.043217	0.042255	0.250561	0.691469	0.079538	0.139593	0.154185	0.162284
15	85	0.652261	0.352029	0.401448	0.050116	1.117245	-0.779485	86	16	0	8.926661	0.443714	0.483162	0.581703	0.396087	0.895847	0.818473	0.753207	0.845895
15	86	0.282693	0.279346	0.336319	0.167595	0.399999	-0.675197	23	5	0	6.374505	0.443714	0.056366	0.422065	0.052999	0.315507	0.178720	0.470494	0.321681
15	87	0.783154	0.144063	0.868872	1.293768	-0.572835	2.090660	42	7	0	9.163631	0.975225	0.796183	0.889833	0.940747	0.731799	0.767399	0.851507	0.312540
15	88	0.712296	0.252967	0.508568	0.291873	0.462696	-0.088620	77	15	0	9.889842	0.602069	0.819035	0.745350	0.895045	0.748477	0.533595	0.894564	0.460231
15	89	0.219652	0.148192	0.336319	-0.224824	-0.438240	-0.751802	25	5	0	6.674415	0.141357	0.136786	0.263951	0.033194	0.171825	0.248316	0.400016	0.361770
15	90	0.531470	0.360167	0.610487	0.851990	0.600956	1.107083	24	4	0	8.989141	0.843008	0.691469	0.675353	0.303720	0.474904	0.146248	0.755292	0.361770
15	91	0.680915	0.177117	0.923818	1.052797	-0.759808	2.459403	23	4	1	10.644030	0.816309	0.677678	0.813101	0.851908	0.664128	0.314144	0.755292	0.554763
15	92	0.270235	0.301976	0.401448	0.241726	0.542617	0.195877	21	3	0	7.622353	0.362332	0.656350	0.375401	0.052999	0.081462	0.070398	0.166453	0.396488
15	93	0.415461	0.604193	0.522530	1.231975	1.710299	1.341745	16	3	0	6.142356	0.485006	0.656350	0.801235	0.762508	0.081462	0.070398	0.070237	0.396488
15	94	0.530087	0.290611	0.449338	0.502967	0.248851	0.011861	32	6	0	9.615661	0.771328	0.590763	0.885824	0.588438	0.461594	0.293698	0.362492	0.286562
15	95	0.643311	0.382296	0.513046	1.370554	0.747031	0.625300	21	3	0	10.542788	0.913486	0.707425	0.867784	0.936097	0.603191	0.359445	0.542736	0.216325
15	96	0.139212	0.091365	0.378138	-1.113345	-0.227515	-0.354905	43	9	0	5.790115	0.175273	0.137989	0.123877	0.064144	0.094291	0.212155	0.089641	0.216325
15	97	0.259762	0.182569	0.535359	-0.482889	-0.178894	0.655733	34	7	0	8.180726	0.070157	0.129971	0.424872	0.500882	0.183611	0.198926	0.328736	0.240940
15	98	0.387037	0.112191	0.399100	0.207045	-1.330842	-0.146398	29	6	0	7.728335	0.109124	0.433291	0.424872	0.446280	0.388791	0.162524	0.687620	0.443794
15	99	0.574607	0.203556	0.490699	1.033412	-0.523418	0.630701	26	5	0	7.621731	0.700289	0.700850	0.815587	0.811017	0.031671	0.341966	0.609686	0.585792
16	1	0.721366	0.201171	0.695203	0.948527	-0.123322	1.279432	52	10	0	7.875594	0.701411	0.816629	0.814384	0.878929	0.628047	0.587396	0.826331	0.517800
16	2	0.682589	0.117102	0.611782	0.295185	-0.843428	0.629283	85	18	0	7.464042	0.768602	0.713438	0.547867	0.651780	0.683531	0.587396	0.890394	0.617704
16	3	0.407092	0.279085	0.378138	0.004624	0.322454	-0.625273	44	8	0	7.752603	0.274455	0.228352	0.358323	0.139833	0.617784	0.652742	0.516758	0.468489
16	4	0.572953	0.141898	0.439155	0.525347	-0.988231	-0.130460	37	8	0	9.326042	0.266597	0.476267	0.626844	0.545382	0.594051	0.696520	0.716806	0.661161
16	5	0.534237	0.222478	0.401448	-0.102234	-0.232761	-0.862535	49	9	1	10.094871	0.660680	0.820638	0.309173	0.409317	0.541373	0.375481	0.610888	0.546344
16	6	0.454237	0.238915	0.336319	0.018139	-0.083532	-1.418024	37	7	0	11.137068	0.507457	0.671344	0.261466	0.451652	0.250481	0.325529	0.765234	0.400738
16	7	0.661833	0.207425	0.450266	0.222135	-0.013397	-0.350790	74	15	0	8.925549	0.740298	0.838839	0.751443	0.543618	0.428400	0.543297	0.750802	0.697963
16	8	0.866260	0.059132	0.597842	1.041417	-1.214271	0.167192	58	10	1	10.901383	0.797547	0.985327	0.900657	0.888951	0.923428	0.914529	0.930645	0.588999
16	9	0.639021	0.186217	0.549001	0.494372	-0.357123	0.448780	55	11	0	8.529190	0.778945	0.666132	0.803640	0.719051	0.550433	0.539929	0.400016	0.654025
16	10	0.480797	0.113013	0.447918	-0.327063	-1.135818	-0.337816	61	14	0	9.493239	0.734365	0.494628	0.514432	0.356318	0.472979	0.104474	0.684012	0.485167
16	11	0.408665	0.185936	0.401860	-0.984819	-0.133363	-0.874425	88	17	0	10.173360	0.240378	0.569195	0.456543	0.362251	0.500561	0.104474	0.381895	0.654025
16	12	0.564996	0.289649	0.421367	-0.355383	0.648881	-0.708479	89	17	0	9.323194	0.238454	0.485087	0.594612	0.367784	0.459429	0.784076	0.706863	0.883659
16	13	0.524134	0.233242	0.635343	-0.121400	0.046695	0.724225	63	14	0	8.790750	0.328736	0.649455	0.375401	0.371472	0.562781	0.518762	0.593730	0.792736
16	14	0.781952	0.061197	0.590798	0.041435	-1.172123	0.014485	120	21	0	10.547667	0.756013	0.961113	0.771969	0.727870	0.601026	0.789448	0.796264	0.851908
16	15	0.644263	0.149775	0.394621	0.404409	-0.684161	-0.769217	59	11	0	9.215699	0.734205	0.723781	0.776700	0.593489	0.658595	0.440988	0.700369	0.525978
16	16	0.486209	0.337696	0.569298	0.599335	0.519868	0.915153	27	5	0	8.361279	0.669259	0.816950	0.306366	0.661321	0.332024	0.440988	0.378849	0.283916
16	17	0.420412	0.316629	0.426956	0.200011	0.525798	0.048335	35	8	0	7.526838	0.503688	0.550353	0.201732	0.161081	0.215683	0.512187	0.696921	0.521648
16	18	0.401139	0.299310	0.336319	-0.197284	0.544810	-1.238360	50	11	0	7.658486	0.132697	0.093650	0.480597	0.291132	0.410600	0.583547	0.539929	0.676956
16	19	0.167325	0.087536	0.399100	-0.885810	-0.673309	-0.186848	30	6	0	7.940023	0.186658	0.065587	0.142158	0.048348	0.247835	0.184493	0.130693	0.332826
16	20	0.268311	0.173809	0.336319	-0.600372	-0.188897	-1.117719	50	10	0	7.033633	0.121392	0.321199	0.166854	0.228432	0.127325	0.184493	0.637267	0.359525
16	21	0.496632	0.277862	0.533893	0.255775	0.219316	0.495305	40	8	0	8.899779	0.291373	0.595253	0.293297	0.385584	0.649695	0.676796	0.637267	0.443794
16	22	0.409708	0.261125	0.336319	-0.324786	0.331691	-1.299326	67	12	0	7.268697	0.355115	0.294179	0.459750	0.216485	0.512508	0.614096	0.218008	0.607521
16	23	0.386335	0.302638	0.336319	-0.599755	0.698070	-1.481229	63	14	0	8.377296	0.247114	0.525257	0.156751	0.717607	0.281430	0.350385	0.218008	0.594131
16	24	0.549381	0.238334	0.822700	0.471956	-0.037202	2.014961	50	10	0	7.101963	0.318233	0.464801	0.619468	0.340523	0.780548	0.627566	0.787444	0.456462
16	25	0.670672	0.122073	0.479440	0.067017	-0.778565	-0.250245	87	17	0	9.010471	0.711113	0.574326	0.639432	0.741742	0.604153	0.505292	0.925032	0.664288
16	26	0.753327	0.092327	0.689648	0.129384	-0.841964	0.660768	106	21	0	9.023128	0.815667	0.775577	0.758098	0.686658	0.695478	0.624679	0.920943	0.749519
16	27	0.660770	0.292435	0.439155	-0.127023	0.876699	-0.521186	120	22	0	7.359455	0.422947	0.457585	0.661562	0.532713	0.693954	0.896809	0.802437	0.818153
16	28	0.638761	0.213859	0.426956	-0.038861	0.154521	-0.475045	104	21	0	7.067727	0.451491	0.648813	0.463438	0.551475	0.793538	0.726588	0.656591	0.818153
16	29	0.296765	0.236750	0.426773	-0.777583	0.300472	-0.392692	53	9	0	9.691516	0.136466	0.402903	0.445077	0.190106	0.291212	0.461273	0.050593	0.396488
16	30	0.732210	0.096496	0.880578	0.046872	-0.816141	1.697289	119	25	0	7.622323	0.576652	0.679121	0.651459	0.765074	0.766838	0.708547	0.774294	0.935696
16	31	0.427808	0.416052	0.450266	-0.677414	1.459723	-0.318482	85	17	0	7.996311	0.401860	0.647210	0.502886	0.209509	0.225706	0.763871	0.036883	0.634541
16	32	0.496001	0.211353	0.515154	-0.194698	-0.085156	0.226684	77	13	0	7.740388	0.559413	0.663165	0.549792	0.444756	0.387107	0.692351	0.036883	0.634541
16	33	0.590743	0.188081	0.560238	-0.325227	-0.068758	0.275198	116	24	0	6.956397	0.435455	0.506495	0.524294	0.418457	0.633258	0.667094	0.705981	0.834910
16	34	0.263600	0.071681	0.378138	-0.874710	-1.331591	-0.861749	52	10	0	8.776616	0.166854	0.271408	0.263951	0.225866	0.191870	0.341966	0.405949	0.240940
16	35	0.669329	0.376343	0.336319	-0.521721	1.582457	-1.923743	153	34	0	7.382368	0.356238	0.480115	0.541693	0.511386	0.704538	0.856719	0.949487	0.954458
16	36	0.636215	0.186257	0.336319	-0.628229	0.112493	-1.959177	153	30	0	7.827245	0.472899	0.488614	0.762428	0.550112	0.606879	0.707184	0.565908	0.935696
16	37	0.548388	0.085872	0.458547	0.038436	-1.475020	-0.118081	61	15	0	8.060725	0.548428	0.618586	0.626443	0.544820	0.701251	0.277421	0.565908	0.504250
16	38	0.591405	0.149495	0.399100	-0.214388	-0.528542	-0.798027	94	20	0	7.827333	0.693794	0.624359	0.430404	0.318954	0.576411	0.556607	0.862572	0.668137
16	39	0.365348	0.212215	0.557317	-0.340275	-0.024611	0.724375	63	11	0	6.713044	0.193072	0.325128	0.498637	0.225866	0.294740	0.394323	0.486770	0.504250
16	40	0.518912	0.260143	0.385137	0.562350	0.095092	-0.271431	46	10	0	5.840297	0.564304	0.606879	0.730115	0.719051	0.514352	0.394323	0.316148	0.306126
16	41	0.778524	0.030709	0.756036	0.445074	-1.875265	1.171878	99	20	0	7.810352	0.713518	0.698525	0.773172	0.772450	0.776219	0.894083	0.775176	0.825048
16	42	0.243626	0.212195	0.416659	-0.364298	0.097177	0.034098	29	5	0	8.024576	0.101427	0.246472	0.178961	0.106158	0.240940	0.533595	0.012187	0.529266
16	43	0.704438	0.245049	0.574063	0.481616	0.376572	0.503853	77	16	0	7.603560	0.685215	0.499920	0.838759	0.433852	0.634541	0.756174	0.867463	0.919580
16	44	0.677668	0.190146	0.580821	0.388188	-0.145671	0.477220	76	13	0	8.335852	0.835391	0.545462	0.558531	0.632617	0.807970	0.756174	0.699407	0.585792
16	45	0.484205	0.099383	0.504868	-0.440677	-1.183457	0.032553	82	16	0	8.225179	0.506655	0.436818	0.419019	0.301475	0.607040	0.443473	0.716806	0.442351
16	46	0.316860	0.236169	0.378138	-0.314223	0.098243	-0.684354	34	7	0	8.880212	0.345815	0.143281	0.439945	0.322803	0.210151	0.443473	0.187059	0.442351
16	47	0.513851	0.196580	0.336319	0.422936	-0.474010	-1.177009	38	8	0	8.190882	0.789689	0.717768	0.597739	0.535119	0.397611	0.443473	0.187059	0.442351
16	48	0.667154	0.264853	0.630349	0.106739	0.521558	0.538404	83	17	0	8.838756	0.867463	0.764833	0.527582	0.874519	0.637508	0.519804	0.403063	0.742463
16	49	0.476457	0.159317	0.590763	-0.249878	-0.586581	0.617940	71	14	0	7.807227	0.412524	0.462957	0.265956	0.776860	0.363214	0.541292	0.403063	0.585792
16	50	0.387929	0.464260	0.452797	-0.081971	1.448781	0.093934	40	8	0	8.203480	0.087636	0.296103	0.178961	0.766196	0.110648	0.621873	0.403063	0.638951
16	51	0.421614	0.495410	0.401448	-0.362491	1.752792	-0.408774	68	15	0	7.133118	0.154346	0.379570	0.124920	0.161081	0.873717	0.604554	0.805564	0.269163
16	52	0.529596	0.070077	0.420542	0.056371	-1.740318	-0.349133	60	12	0	8.203610	0.818313	0.518361	0.493826	0.462396	0.540731	0.372755	0.552919	0.477470
16	53	0.495279	0.184834	0.426956	-0.158960	-0.409787	-0.412208	56	13	0	9.142379	0.755693	0.392960	0.429362	0.331543	0.543137	0.353271	0.514192	0.642078
16	54	0.215392	0.123016	0.401860	-1.051497	-0.477818	-0.393184	47	10	0	8.802664	0.160359	0.222979	0.216325	0.092367	0.237412	0.353271	0.066228	0.374198
16	55	0.298689	0.219532	0.466989	-0.307593	0.059899	0.358107	43	8	0	7.107664	0.221296	0.262588	0.216325	0.442351	0.528143	0.217607	0.066228	0.434974
16	56	0.591114	0.221977	0.378138	0.247234	-0.010398	-0.840443	70	13	0	7.489783	0.506414	0.468008	0.503608	0.470734	0.713679	0.567431	0.770606	0.728432
16	57	0.443694	0.151600	0.336319	0.125152	-0.845983	-1.188529	42	8	0	8.076828	0.369227	0.370510	0.575609	0.426475	0.503849	0.234205	0.668938	0.400738
16	58	0.361971	0.164288	0.378138	-0.482569	-0.546124	-0.945453	45	9	0	10.537934	0.534157	0.417976	0.124920	0.278544	0.528704	0.307970	0.419580	0.283916
16	59	0.614727	0.347178	0.459750	-0.548515	0.999686	-0.835832	87	21	1	9.838192	0.455500	0.836353	0.501203	0.830661	0.366581	0.427197	0.716405	0.783916
16	60	0.537664	0.132336	0.496392	-0.017378	-0.873274	0.157199	73	14	0	7.592432	0.605115	0.543938	0.204939	0.614817	0.499118	0.765795	0.442672	0.624920
16	61	0.736189	0.200990	0.564808	-0.061601	0.309911	0.044873	122	25	0	8.407514	0.553560	0.822883	0.739577	0.730436	0.905308	0.648412	0.884942	0.604394
16	62	0.747134	0.134942	0.672821	0.302343	-0.456297	0.695344	89	18	0	8.998275	0.877245	0.684814	0.802518	0.729715	0.743666	0.686738	0.906030	0.546344
16	63	0.487803	0.245309	0.462464	-0.437788	0.269966	-0.199892	88	17	0	7.668625	0.313021	0.390956	0.388470	0.393040	0.634541	0.439384	0.704057	0.638951
16	64	0.383389	0.165471	0.690106	-0.596673	-0.380077	1.158231	78	15	0	7.060406	0.267880	0.297547	0.228993	0.380212	0.608162	0.439384	0.340683	0.504250
16	65	0.429021	0.281150	0.336319	-0.511426	0.552666	-1.440817	78	17	0	7.307527	0.291373	0.324166	0.214561	0.312460	0.593570	0.393121	0.586594	0.716325
16	66	0.795522	0.191309	0.664391	0.118129	0.193328	0.162742	87	18	1	11.539255	0.887829	0.958226	0.645847	0.811578	0.854073	0.555564	0.925192	0.725866
16	67	0.764202	0.177818	0.609903	0.461138	-0.017826	0.409762	81	16	0	9.471985	0.938502	0.970975	0.720334	0.809734	0.625882	0.663566	0.720334	0.664288
16	68	0.514653	0.353251	0.557649	-0.231875	0.924604	0.268389	66	13	0	9.776035	0.466084	0.778303	0.231639	0.449326	0.838438	0.255292	0.697402	0.400738
16	69	0.819065	0.105556	0.898859	0.196168	-0.398161	1.634469	120	26	0	9.391967	0.773332	0.972178	0.955500	0.866982	0.878047	0.255292	0.947001	0.904185
16	70	0.696961	0.147651	0.584796	0.115941	-0.387139	0.365523	97	22	0	7.712625	0.428159	0.579057	0.657954	0.724423	0.760022	0.774615	0.831783	0.819676
16	71	0.769544	0.177397	0.446154	0.135291	0.165572	-0.610732	117	24	0	8.347563	0.673910	0.606559	0.753849	0.706462	0.898573	0.747915	0.868105	0.900978
16	72	0.825980	0.084309	0.745945	0.192055	-0.737401	0.659859	120	22	1	8.145539	0.911642	0.930484	0.857521	0.827373	0.893602	0.773092	0.570959	0.843169
16	73	0.454037	0.225204	0.414277	-0.341072	0.057171	-0.382685	76	15	0	7.293987	0.229153	0.312941	0.396568	0.547306	0.371632	0.606559	0.587877	0.580260
16	74	0.398282	0.296604	0.385137	-0.058754	0.533425	-0.384797	53	11	0	6.327125	0.566068	0.069756	0.231639	0.326331	0.497194	0.263951	0.547947	0.683371
16	75	0.791132	0.164388	0.596445	-0.000777	0.204938	0.119742	137	31	0	8.093159	0.657713	0.906270	0.451331	0.796264	0.878849	0.770847	0.908996	0.958788
16	76	0.767209	0.118746	0.649775	-0.165713	-0.363340	0.303289	141	31	0	8.420038	0.800353	0.779105	0.718409	0.806687	0.594532	0.639192	0.849343	0.950048
16	77	0.552287	0.160760	0.433588	-0.389127	-0.436986	-0.545040	93	21	0	7.972610	0.389112	0.595654	0.487492	0.400096	0.744227	0.532393	0.718650	0.550674
16	78	0.675222	0.147691	0.492497	0.178379	-0.478753	-0.061923	91	16	0	8.091836	0.410119	0.644885	0.789609	0.575048	0.770285	0.700449	0.810696	0.700690
16	79	0.582695	0.176114	0.378138	-0.490602	-0.384603	-1.475186	87	19	1	8.495006	0.614496	0.469532	0.442191	0.545943	0.798829	0.480436	0.538326	0.771809
16	80	0.810475	0.125080	0.703152	-0.453526	-0.257778	-0.083681	145	26	3	10.028599	0.691870	0.980997	0.618185	0.760985	0.814304	0.849343	0.841004	0.927117
16	81	0.793487	0.076572	0.487503	-0.016210	-0.826729	-0.533084	136	26	0	9.326185	0.807168	0.836113	0.760022	0.802037	0.556607	0.876764	0.772931	0.936257
16	82	0.250341	0.170301	0.400245	-0.449173	-0.260965	-0.188021	34	6	0	7.890239	0.272130	0.152742	0.131976	0.183130	0.310856	0.349262	0.142399	0.460231
16	83	0.555605	0.071661	0.599377	0.564827	-1.845990	0.926960	45	7	0	7.881192	0.663486	0.555164	0.591966	0.655949	0.550754	0.349262	0.585311	0.492944
16	84	0.581984	0.315667	0.514352	0.087473	0.708679	0.149135	64	14	0	8.667022	0.385744	0.470334	0.363374	0.544820	0.757938	0.527502	0.820558	0.785600
16	85	0.329348	0.186578	0.336319	-0.627718	-0.189639	-1.378177	55	11	0	8.349020	0.195718	0.183852	0.666453	0.177678	0.323445	0.527502	0.230196	0.329939
16	86	0.614597	0.181988	0.443680	-0.139482	-0.134927	-0.358992	111	20	0	7.055469	0.334028	0.534798	0.598060	0.450529	0.622274	0.637989	0.870189	0.868906
16	87	0.344472	0.185916	0.440919	-0.415011	-0.254251	-0.016858	54	11	0	7.321792	0.622434	0.181286	0.521809	0.336353	0.149775	0.266357	0.277021	0.400738
16	88	0.512328	0.284297	0.526265	-0.086040	0.473151	0.311143	71	13	0	7.819420	0.633659	0.369628	0.638069	0.693473	0.361610	0.223541	0.436177	0.742463
16	89	0.778865	0.220594	0.443680	0.144562	0.625099	-0.588273	130	26	0	7.663738	0.583708	0.724182	0.782312	0.552838	0.902662	0.971937	0.782633	0.930645
16	90	0.910770	0.063402	0.794007	1.081856	-0.468351	1.243354	100	18	0	8.729987	0.730516	0.946841	0.933050	0.816950	0.965683	0.972659	0.945879	0.974583
16	91	0.819355	0.088939	0.628173	0.187130	-0.730753	0.066386	110	21	1	8.682360	0.780548	0.864096	0.876443	0.618666	0.883740	0.792255	0.919419	0.819676
16	92	0.815978	0.099042	0.510355	-0.391004	-0.390546	-0.793507	166	34	1	8.479985	0.860969	0.718329	0.793538	0.866100	0.843810	0.896809	0.603271	0.944997
16	93	0.488083	0.131134	0.466084	-0.366899	-0.798096	-0.075032	86	18	0	7.127209	0.466645	0.312941	0.451331	0.384221	0.326010	0.449166	0.603271	0.911081
16	94	0.598120	0.200509	0.455638	-0.360835	0.007054	-0.508589	103	20	0	8.734392	0.505131	0.570558	0.432729	0.567030	0.678079	0.474984	0.758178	0.798268
16	95	0.469091	0.159217	0.440919	-0.338948	-0.562803	-0.266610	73	16	0	7.702467	0.317832	0.367623	0.351427	0.430404	0.477389	0.454618	0.658996	0.694436
16	96	0.529306	0.275958	0.336319	-0.316610	0.491026	-1.617261	82	17	0	8.304147	0.150978	0.453496	0.377245	0.693874	0.442992	0.924792	0.462636	0.728432
16	97	0.701722	0.183110	0.660187	0.182668	-0.049342	0.721052	95	19	0	7.937849	0.871472	0.664609	0.794660	0.562620	0.543137	0.734124	0.810135	0.633018
16	98	0.652752	0.206362	0.427861	0.699212	-0.230574	-0.241777	47	8	0	9.150323	0.373797	0.619628	0.614657	0.788005	0.935215	0.610487	0.787284	0.492944
16	99	0.294620	0.069135	0.453759	-0.632953	-1.507592	0.001818	50	10	0	8.087362	0.153624	0.447482	0.261466	0.267720	0.335953	0.273573	0.335071	0.282072
16	100	0.433691	0.199547	0.606547	-0.117906	-0.315121	0.777061	49	9	0	8.763483	0.811177	0.281430	0.328817	0.358082	0.510022	0.361289	0.536642	0.282072
16	101	0.621051	0.188322	0.470918	0.109361	-0.167801	-0.033592	87	19	0	6.859279	0.520927	0.397210	0.449727	0.601748	0.928400	0.596937	0.646167	0.827293
16	102	0.572352	0.365258	0.397336	0.115157	1.012460	-0.659778	68	13	0	8.106334	0.555645	0.332826	0.298829	0.340523	0.664769	0.932088	0.821119	0.633018
16	103	0.772320	0.125541	0.750939	0.450166	-0.510168	1.072595	86	17	0	9.155583	0.878047	0.864737	0.833226	0.889833	0.765234	0.506414	0.766677	0.674391
16	104	0.301165	0.131254	0.336319	-0.541931	-0.678882	-1.114421	59	12	0	6.410533	0.196280	0.166613	0.323204	0.266036	0.610808	0.336113	0.191870	0.318393
16	105	0.502676	0.323164	0.454137	0.100371	0.705527	0.062434	64	12	0	6.938651	0.196280	0.370510	0.588919	0.772771	0.714400	0.581062	0.168778	0.628688
16	106	0.807419	0.123857	0.707516	0.334748	-0.265994	0.792109	117	24	0	8.082943	0.814545	0.991742	0.920382	0.893281	0.893121	0.429682	0.855436	0.661161
16	107	0.282172	0.175714	0.336319	-0.918406	-0.066941	-1.341063	74	13	0	7.196465	0.081944	0.176956	0.169820	0.185776	0.383178	0.340122	0.258419	0.661161
16	108	0.309724	0.157733	0.336319	-0.893137	-0.350794	-1.501725	68	12	0	8.575530	0.201572	0.153624	0.168377	0.175754	0.328817	0.340122	0.292495	0.817030
16	109	0.296003	0.253107	0.401448	-0.383229	0.276014	-0.289291	33	7	0	8.931201	0.037845	0.652021	0.138951	0.089320	0.226267	0.642800	0.288887	0.291934
16	110	0.683852	0.203155	0.426956	0.237713	0.037669	-0.504251	82	18	0	8.128021	0.806928	0.565186	0.386867	0.786963	0.815667	0.630613	0.619548	0.859044
16	111	0.566529	0.203857	0.532931	0.070853	-0.178714	0.343151	67	16	0	7.678697	0.409076	0.708547	0.280308	0.829137	0.635504	0.527502	0.485087	0.657072
16	112	0.770245	0.185235	0.632010	0.088112	0.285482	0.368778	130	24	0	8.118845	0.803720	0.701251	0.696681	0.823445	0.908194	0.448525	0.899535	0.880613
16	113	0.460271	0.425894	0.378138	0.144122	1.231122	-0.619868	52	9	0	7.242666	0.355115	0.197643	0.777421	0.177678	0.267078	0.448525	0.641677	0.817030
16	114	0.392279	0.265896	0.439155	-0.497042	0.424234	-0.209754	69	13	0	7.620342	0.438983	0.482761	0.174792	0.153223	0.342688	0.586033	0.265314	0.694436
16	115	0.465352	0.525978	0.385137	-0.957595	2.118272	-1.226986	107	23	0	9.036848	0.391196	0.127806	0.378768	0.228432	0.236369	0.758820	0.764994	0.836434
16	116	0.554652	0.111209	0.517284	-0.617839	-0.891918	-0.143934	117	23	0	8.242762	0.463278	0.740459	0.555885	0.530789	0.500882	0.309814	0.556767	0.779346
16	117	0.262237	0.154707	0.429946	-0.270800	-0.570012	0.062998	24	5	0	8.821452	0.307890	0.108082	0.295141	0.216485	0.148252	0.309814	0.556767	0.155468
16	118	0.512698	0.243826	0.336319	-0.330788	0.224218	-1.590264	82	16	0	8.217170	0.424070	0.279747	0.609846	0.432248	0.265555	0.581062	0.697723	0.811337
16	119	0.389462	0.201531	0.336319	-0.885020	0.025737	-1.600372	89	19	0	7.763523	0.161722	0.159397	0.383659	0.328496	0.499519	0.441950	0.285840	0.855115
16	120	0.546725	0.337496	0.454137	0.274052	0.737019	-0.004721	53	11	0	7.904213	0.159317	0.406030	0.740298	0.595734	0.760744	0.559333	0.749759	0.402582
16	121	0.359966	0.206583	0.336319	-0.303167	-0.180708	-1.302299	43	8	0	8.924547	0.798990	0.184493	0.362332	0.161081	0.202293	0.409958	0.358002	0.402582
16	122	0.328596	0.089360	0.522737	-0.479769	-1.284976	0.463687	52	10	0	7.766018	0.341886	0.304763	0.254891	0.601748	0.108563	0.272210	0.342126	0.402582
16	123	0.457395	0.304923	0.440919	-0.351103	0.619534	-0.342946	62	13	0	9.058760	0.116501	0.465763	0.366501	0.404506	0.847899	0.080180	0.848541	0.529266
16	124	0.726808	0.239617	0.969887	0.364034	0.462699	2.632720	93	18	0	7.535473	0.593890	0.772691	0.801074	0.893040	0.907393	0.556126	0.493987	0.796264
16	125	0.738234	0.368626	0.577935	0.066576	1.535501	0.220846	118	25	0	7.730620	0.496632	0.365539	0.656430	0.593489	0.989336	0.927919	0.938983	0.937540
16	126	0.742914	0.284497	0.489852	0.668204	0.724926	0.010591	66	13	0	8.843806	0.864737	0.832104	0.881013	0.903544	0.603752	0.507457	0.824727	0.525978
16	127	0.538376	0.269383	0.385137	-0.094835	0.352690	-0.864843	66	15	0	8.492982	0.662123	0.526780	0.394965	0.681607	0.398493	0.529987	0.368586	0.744468
16	128	0.381013	0.294460	0.489737	0.127691	0.436097	0.615916	39	8	0	6.579253	0.492062	0.226588	0.723621	0.150257	0.207585	0.402341	0.256655	0.588999
17	1	0.987001	0.013550	0.901528	1.759922	0.226349	1.695383	117	22	0	9.379133	0.997996	0.986770	0.994949	0.998316	0.996071	0.961353	0.988855	0.971697
17	2	0.574757	0.131795	0.564865	0.212719	-0.901141	0.558702	68	12	0	7.724715	0.568393	0.514833	0.496873	0.389432	0.615539	0.721937	0.562620	0.728432
17	3	0.634060	0.203175	0.541980	0.699948	-0.315580	0.555394	41	10	0	8.404536	0.752886	0.783756	0.736209	0.440747	0.720975	0.439865	0.569355	0.628688
17	4	0.664508	0.315006	0.601141	0.324812	0.826668	0.531112	72	13	0	8.827661	0.971055	0.532713	0.364416	0.999920	0.767158	0.414368	0.680645	0.585792
17	5	0.710832	0.183371	0.744353	-0.129836	-0.110575	0.683814	94	18	1	9.099880	0.892800	0.841485	0.529185	0.714480	0.511867	0.738294	0.799471	0.659076
17	6	0.552337	0.242704	0.378138	-0.032072	0.125839	-1.064456	67	11	0	9.683006	0.529266	0.437219	0.820157	0.303720	0.584028	0.381013	0.713198	0.650096
17	7	0.832665	0.170281	0.690495	0.216277	0.425396	0.520304	136	25	0	9.013956	0.995269	0.976187	0.457505	0.802678	0.902341	0.681847	0.931607	0.913887
17	8	0.741421	0.238614	0.420542	0.699955	0.336706	-0.447019	63	13	0	8.701343	0.869067	0.670462	0.502886	0.569195	0.659878	0.775577	0.988214	0.896087
17	9	0.486159	0.083307	0.455638	-0.400754	-1.382386	-0.238246	86	16	0	7.728575	0.492704	0.447482	0.268040	0.422306	0.694756	0.513470	0.557569	0.492944
17	10	0.250361	0.224242	0.336319	-0.829852	0.353684	-1.300082	50	9	0	8.305246	0.150257	0.120831	0.170783	0.129169	0.077213	0.304121	0.557569	0.492944
17	11	0.670803	0.181847	0.581749	0.733416	-0.390044	0.679700	52	9	0	8.456213	0.683772	0.824246	0.642559	0.671985	0.531190	0.411883	0.808050	0.792736
17	12	0.829939	0.086233	0.735957	0.224191	-0.513864	0.766362	142	25	0	8.499757	0.782793	0.839561	0.819035	0.758339	0.812300	0.742704	0.951812	0.932970
17	13	0.717046	0.115599	0.442065	0.436081	-0.863100	-0.416323	73	14	0	9.159297	0.872595	0.739897	0.714881	0.845494	0.789689	0.395366	0.770927	0.607521
17	14	0.400637	0.227069	0.336319	0.024008	-0.130227	-1.174309	37	7	0	8.363655	0.303881	0.226588	0.802197	0.377806	0.238294	0.224904	0.315106	0.716325
17	15	0.733142	0.266858	0.480356	0.063855	0.794530	-0.316831	108	24	0	8.203729	0.628688	0.865459	0.995750	0.496071	0.861369	0.493586	0.764513	0.759702
17	16	0.787113	0.145606	0.702992	0.611009	-0.279745	0.881508	81	14	0	9.468965	0.869227	0.879330	0.767239	0.981318	0.844852	0.298268	0.951411	0.705260
17	17	0.599553	0.206903	0.647920	0.105102	-0.125689	0.748337	67	14	0	8.896104	0.757296	0.585231	0.509862	0.653464	0.696520	0.371472	0.745109	0.477470
17	18	0.615719	0.291453	0.397336	-0.202130	0.701432	-0.994356	88	18	0	9.369821	0.521809	0.416453	0.565427	0.419500	0.779105	0.571761	0.813422	0.838278
17	19	0.435075	0.216385	0.462464	-0.364199	-0.061492	-0.117974	63	12	0	8.565552	0.349583	0.349022	0.298829	0.190106	0.527582	0.438342	0.698445	0.628688
17	20	0.442601	0.184213	0.336319	-0.366551	-0.369962	-1.512722	58	13	0	9.047807	0.634301	0.254410	0.449006	0.473781	0.354795	0.232681	0.433611	0.708226
17	21	0.505061	0.248537	0.336319	-0.114245	0.141169	-1.491157	62	12	0	8.774291	0.447402	0.211915	0.646328	0.292816	0.435375	0.654105	0.888310	0.464240
17	22	0.363925	0.205260	0.436440	-0.318097	-0.191798	-0.162588	44	9	0	8.720716	0.351187	0.127806	0.573685	0.380212	0.386466	0.683531	0.156751	0.251764
17	23	0.884561	0.024715	0.743620	0.508292	-1.311184	0.797118	136	27	0	8.536403	0.909157	0.981479	0.623076	0.877245	0.944596	0.916453	0.906992	0.917495
17	24	0.789178	0.229715	0.697448	0.885537	0.405805	1.012945	62	12	0	9.254096	0.855436	0.898733	0.938182	0.906992	0.904506	0.581062	0.706863	0.521648
17	25	0.754460	0.225545	0.704114	0.938458	0.262679	1.309657	66	13	0	7.080552	0.878688	0.546023	0.767559	0.849743	0.472178	0.691389	0.943794	0.886305
17	26	0.706062	0.231819	0.561280	0.690522	0.139327	0.425686	54	10	0	9.594720	0.859686	0.528464	0.686177	0.664208	0.911802	0.515314	0.840763	0.642078
17	27	0.496632	0.169179	0.378138	0.063065	-0.582952	-0.798913	58	10	0	7.990800	0.359365	0.460391	0.740699	0.272851	0.642078	0.562380	0.431046	0.504250
17	28	0.640154	0.164448	0.508568	0.499842	-0.537651	0.298090	61	12	0	7.734086	0.798509	0.769163	0.391036	0.604554	0.599182	0.562380	0.646889	0.749519
17	29	0.698785	0.178259	0.439155	0.376912	-0.249608	-0.499355	67	13	0	10.338308	0.746873	0.829939	0.871071	0.787444	0.682649	0.562380	0.470975	0.638951
17	30	0.407062	0.232401	0.378138	-0.408033	0.096222	-0.861308	61	13	0	7.937490	0.449407	0.167415	0.519243	0.190106	0.333467	0.562380	0.470975	0.563502
17	31	0.684904	0.179983	0.494181	0.274251	-0.209743	-0.096657	75	15	0	9.247617	0.818554	0.759622	0.621472	0.572723	0.779506	0.390074	0.901299	0.635985
17	32	0.451702	0.395706	0.399100	0.006668	1.032100	-0.482486	43	9	0	9.004741	0.118425	0.495109	0.732922	0.078817	0.636626	0.614096	0.651058	0.286562
17	33	0.892469	0.103051	0.674127	0.834723	-0.018941	0.676820	115	24	0	7.850862	0.899054	0.840282	0.822563	0.881334	0.942992	0.822482	0.993505	0.937540
17	34	0.617583	0.321440	0.454137	-0.207343	0.934010	-0.481648	91	19	0	9.007123	0.562861	0.374439	0.534638	0.506013	0.375641	0.763871	0.935375	0.887829
17	35	0.578977	0.100124	0.596582	0.004603	-1.247324	0.446116	68	12	0	9.880018	0.610167	0.566790	0.601668	0.518922	0.763390	0.395366	0.653865	0.521648
17	36	0.777622	0.209549	0.684150	0.640493	0.277387	0.886195	74	17	0	8.576816	0.836193	0.912845	0.657633	0.845734	0.845334	0.533595	0.950690	0.638951
17	37	0.669560	0.367343	0.573513	0.271580	1.118067	0.295914	62	14	0	10.514712	0.673669	0.831222	0.956142	0.848942	0.471777	0.457906	0.752726	0.364096
17	38	0.515264	0.231499	0.480585	0.686268	-0.245609	0.514840	30	7	0	7.387344	0.625481	0.817110	0.455340	0.732601	0.441309	0.361289	0.440587	0.248396
17	39	0.555585	0.289829	0.336319	-0.267866	0.628798	-1.616614	86	19	0	7.979879	0.435135	0.422466	0.430404	0.442351	0.422466	0.760343	0.704217	0.827293
17	40	0.498096	0.220915	0.336319	-0.092247	-0.040858	-1.398324	71	12	0	7.749434	0.305404	0.245350	0.637749	0.409317	0.724904	0.593089	0.568473	0.500481
17	41	0.547577	0.298068	0.416659	0.129734	0.475853	-0.445351	53	10	0	9.677355	0.258740	0.676796	0.307248	0.514272	0.416613	0.652742	0.835231	0.718970
17	42	0.595464	0.245570	0.394621	0.471348	0.118061	-0.446180	60	13	0	6.679196	0.317351	0.516998	0.500160	0.562620	0.814705	0.937059	0.695718	0.419099
17	43	0.412103	0.302037	0.475259	0.161334	0.416054	0.320156	35	6	0	8.236134	0.465443	0.090443	0.248797	0.257858	0.379009	0.740298	0.932890	0.182088
17	44	0.774024	0.221095	0.553331	0.182060	0.551779	0.013846	111	23	0	8.623495	0.706302	0.912524	0.954699	0.907793	0.632617	0.742704	0.510504	0.825048
17	45	0.668517	0.210271	0.540502	0.404776	-0.025283	0.284626	69	12	0	8.748129	0.519163	0.888310	0.753528	0.726347	0.605196	0.501924	0.790170	0.563502
17	46	0.696139	0.085171	0.592802	-0.060384	-1.100753	0.193900	102	20	0	9.321264	0.730997	0.767880	0.741180	0.502245	0.665010	0.655709	0.707826	0.798268
17	47	0.646679	0.148853	0.565232	-0.002606	-0.482639	0.299689	94	19	0	7.849204	0.742463	0.746713	0.544179	0.693874	0.569035	0.701411	0.531030	0.644724
17	48	0.421484	0.152381	0.481330	-0.164810	-0.748578	0.144302	50	9	0	8.652543	0.357521	0.260904	0.797547	0.322803	0.581543	0.416533	0.215924	0.419099
17	49	0.522731	0.154987	0.443439	0.145789	-0.763240	-0.178715	53	9	0	8.950622	0.487171	0.394644	0.516758	0.342768	0.434894	0.769003	0.783194	0.453416
17	50	0.450629	0.277000	0.486495	0.485693	0.101204	0.519148	25	6	0	8.051989	0.218570	0.470815	0.078576	0.309573	0.847338	0.642239	0.500241	0.537684
17	51	0.769383	0.190166	0.656614	-0.322066	0.275317	0.071288	132	29	1	8.557317	0.874038	0.672386	0.850225	0.685856	0.646889	0.642239	0.836113	0.947322
17	52	0.600275	0.092006	0.708845	0.416375	-1.434824	1.197334	52	9	0	9.165304	0.596937	0.702614	0.706222	0.606960	0.575289	0.570799	0.389352	0.654025
17	53	0.682248	0.113514	0.678537	0.209610	-0.857264	0.885615	90	18	0	7.730650	0.326090	0.751203	0.704137	0.708948	0.797386	0.878608	0.652662	0.638951
17	54	0.501644	0.153063	0.520767	-0.090308	-0.656044	0.378810	72	16	0	6.884444	0.391196	0.435295	0.324487	0.461033	0.670061	0.539929	0.428801	0.762348
17	55	0.599112	0.298669	0.479669	-0.031084	0.705750	-0.079296	86	17	0	7.780014	0.447723	0.407954	0.739817	0.747194	0.795943	0.713598	0.428801	0.511867
17	56	0.567491	0.306707	0.446154	0.032461	0.624969	-0.304035	64	13	0	9.034102	0.402341	0.342287	0.499519	0.537925	0.644163	0.844772	0.343409	0.925513
17	57	0.725455	0.079318	0.500722	0.151497	-1.140773	-0.159215	103	19	0	8.388943	0.850625	0.698845	0.759702	0.773573	0.322322	0.858483	0.797627	0.742463
17	58	0.593419	0.230837	0.456050	-0.184774	0.211686	-0.337529	93	19	0	7.911908	0.636546	0.524535	0.452614	0.669580	0.453736	0.327213	0.954699	0.728432
17	59	0.846356	0.072783	0.660886	0.535251	-0.732210	0.566881	116	23	0	8.178070	0.793056	0.700850	0.928079	0.838919	0.839320	0.847258	0.932409	0.890956
17	60	0.879460	0.065647	0.846605	0.452686	-0.539040	1.271088	141	27	0	8.455630	0.954217	0.964480	0.856398	0.917094	0.885985	0.940908	0.591645	0.924952
17	61	0.485397	0.184213	0.336319	-0.210892	-0.349814	-1.457944	70	13	0	8.062493	0.457104	0.359686	0.420382	0.529747	0.362572	0.367784	0.772370	0.613534
17	62	0.548308	0.170161	0.541373	-0.437562	-0.516373	-0.108614	78	15	1	8.702967	0.610969	0.648412	0.316148	0.638550	0.610247	0.405067	0.492784	0.664288
17	63	0.389212	0.116721	0.425422	-0.636961	-1.175668	-0.671312	50	10	1	9.317254	0.383098	0.255051	0.366501	0.272851	0.276700	0.222258	0.946039	0.391196
17	64	0.789719	0.049792	0.707917	0.140548	-1.380377	0.607465	116	20	0	10.367326	0.904827	0.881414	0.877486	0.955180	0.827854	0.914849	0.041212	0.914929
17	65	0.410069	0.269383	0.397336	-0.198796	0.275883	-0.545792	45	10	0	8.779594	0.277341	0.189945	0.456543	0.168377	0.598060	0.470574	0.619227	0.500481
17	66	0.454177	0.118485	0.336319	-0.472689	-1.017815	-1.588536	69	15	0	8.897568	0.443714	0.403704	0.269243	0.276299	0.525096	0.389192	0.861931	0.464240
17	67	0.635273	0.314404	0.378138	-0.167135	0.924241	-1.233109	94	20	0	8.644089	0.213598	0.467287	0.662043	0.492303	0.771328	0.887829	0.677919	0.909878
17	68	0.525738	0.074567	0.439155	-0.302489	-1.587914	-0.507099	71	15	0	9.731266	0.674551	0.608964	0.511706	0.491020	0.464641	0.374359	0.538326	0.542335
17	69	0.640795	0.160459	0.597773	-0.635687	-0.370739	-0.168345	110	23	1	9.491812	0.688182	0.611450	0.509862	0.692271	0.549551	0.419580	0.931928	0.723541
17	70	0.770366	0.136105	0.666499	0.306706	-0.332159	0.595793	99	18	0	9.166051	0.422466	0.908034	0.867944	0.890394	0.738214	0.807970	0.792736	0.735167
17	71	0.749058	0.154065	0.603901	0.458757	-0.282980	0.476372	86	16	0	8.386076	0.723781	0.860087	0.863614	0.801074	0.806607	0.656270	0.383900	0.897130
17	72	0.589100	0.272691	0.602458	0.418707	0.274180	0.769564	49	11	0	8.353333	0.793538	0.707826	0.327293	0.777983	0.494468	0.704859	0.247755	0.659076
17	73	0.675533	0.162183	0.572173	0.207601	-0.402370	0.271684	77	14	0	9.645270	0.729314	0.735247	0.204939	0.851427	0.835231	0.810856	0.690908	0.546344
17	74	0.464320	0.342648	0.477447	-0.076326	0.734041	-0.009259	45	9	0	10.404236	0.277341	0.521167	0.204939	0.703496	0.746552	0.244788	0.581302	0.434974
17	75	0.540852	0.171143	0.394621	0.026902	-0.536267	-0.761418	59	12	0	8.992532	0.550674	0.328656	0.445558	0.459670	0.623396	0.522691	0.638951	0.757216
17	76	0.647300	0.194736	0.670817	0.125727	-0.144833	0.744596	74	14	0	9.791981	0.750080	0.747434	0.826251	0.873076	0.620991	0.768121	0.103752	0.488695
17	77	0.400587	0.114436	0.401448	-0.440997	-1.095163	-0.542697	54	12	0	8.983680	0.294099	0.364096	0.339160	0.420863	0.487251	0.768121	0.103752	0.427357
17	78	0.860868	0.086373	0.743964	0.742516	-0.708540	0.756981	75	15	1	9.824115	0.964641	0.957585	0.893040	0.881334	0.809573	0.839801	0.827213	0.713759
17	79	0.879771	0.199507	0.712487	1.094646	0.508358	0.745589	57	12	1	10.011619	0.966725	0.965603	0.994307	0.996392	0.667415	0.772370	0.900657	0.774695
17	80	0.729695	0.255512	0.780915	0.626879	0.466138	1.456406	69	14	0	8.158497	0.859926	0.729073	0.804121	0.861369	0.567431	0.617223	0.909718	0.488695
17	81	0.597859	0.257557	0.564590	0.451271	0.139167	0.556647	46	10	0	9.051430	0.646969	0.833627	0.709429	0.712316	0.409638	0.577453	0.458467	0.434974
17	82	0.743556	0.114236	0.660359	0.609988	-0.825290	0.821071	71	14	0	8.649176	0.424070	0.971536	0.709990	0.699487	0.740459	0.720253	0.880773	0.801876
17	83	0.624349	0.120891	0.664460	0.147717	-0.974141	0.767129	66	13	0	9.865542	0.615058	0.560295	0.679602	0.662203	0.765795	0.564304	0.449567	0.697963
17	84	0.460141	0.160279	0.592516	0.044923	-0.705840	0.837728	50	11	0	7.578956	0.431206	0.737412	0.156751	0.633900	0.371632	0.513470	0.449567	0.387187
17	85	0.857040	0.138791	0.906545	1.261318	-0.076226	2.323891	69	15	0	7.563784	0.876283	0.875962	0.963679	0.966886	0.965683	0.673669	0.953897	0.580260
17	86	0.393391	0.058170	0.336319	-0.576135	-1.815159	-1.512035	62	13	0	8.812097	0.441709	0.266116	0.428560	0.414609	0.485006	0.279266	0.426716	0.405148
17	87	0.419510	0.366501	0.525566	0.126959	0.868501	0.685351	40	10	0	7.045916	0.120189	0.797386	0.225786	0.709670	0.169259	0.279266	0.520205	0.534317
17	88	0.565717	0.145646	0.336319	-0.267686	-0.589777	-1.619314	94	19	0	7.731359	0.727470	0.335872	0.576331	0.558531	0.478672	0.895606	0.515394	0.437861
17	89	0.435876	0.317391	0.336319	-0.456629	0.757321	-1.522513	66	14	0	8.578526	0.113775	0.444836	0.214561	0.299631	0.687861	0.586033	0.515394	0.624920
17	90	0.708728	0.379169	0.637004	0.887939	1.135750	0.933287	46	10	0	8.616082	0.547947	0.924391	0.955741	0.963358	0.726347	0.236690	0.760584	0.554763
17	91	0.297657	0.200148	0.411940	-0.889495	0.020783	-0.544097	55	11	0	9.913239	0.169820	0.015956	0.955741	0.161081	0.337155	0.101427	0.373797	0.266276
17	92	0.540400	0.362993	0.605322	-0.006187	0.968753	0.615383	64	12	0	8.802826	0.822081	0.491581	0.583387	0.804121	0.356639	0.258018	0.681286	0.326090
17	93	0.609024	0.228632	0.518670	-0.519473	0.336029	-0.185495	119	27	0	8.261721	0.910760	0.703977	0.716244	0.640154	0.466565	0.533595	0.067752	0.833146
17	94	0.489025	0.168397	0.336319	-0.180523	-0.492212	-1.387790	72	15	0	7.364583	0.155067	0.281430	0.693072	0.446280	0.490779	0.533595	0.794179	0.517800
17	95	0.410991	0.208387	0.336319	-0.497022	-0.053335	-1.430228	73	14	0	7.667959	0.271648	0.356559	0.231639	0.309573	0.404666	0.250000	0.684493	0.779346
17	96	0.325529	0.241020	0.336319	-0.562153	0.291457	-1.241982	59	12	0	7.197834	0.213598	0.134541	0.450208	0.175754	0.316790	0.443473	0.413406	0.456462
17	97	0.828095	0.128568	0.830993	-0.250304	-0.063157	0.748505	148	31	1	9.155315	0.819035	0.739176	0.767399	0.888631	0.889753	0.737091	0.922787	0.860888
17	98	0.406350	0.266196	0.397336	-0.729086	0.495466	-0.818045	84	14	0	8.498426	0.293217	0.190908	0.681046	0.324647	0.313582	0.178720	0.484766	0.783916
17	99	0.598060	0.403323	0.577705	-0.426387	1.504554	0.214446	116	24	0	7.879725	0.327053	0.388631	0.447482	0.542094	0.830420	0.510423	0.853111	0.885263
17	100	0.596767	0.118726	0.574200	-0.013045	-0.974742	0.367569	78	15	0	8.610938	0.578977	0.569997	0.656430	0.521488	0.624519	0.336113	0.737091	0.749519
17	101	0.809954	0.117042	0.749439	0.557724	-0.415273	1.099061	98	20	0	8.108165	0.877726	0.776700	0.875481	0.908034	0.733082	0.576010	0.834429	0.898172
17	102	0.693503	0.177077	0.505063	0.394636	-0.203212	0.123775	82	16	0	7.644102	0.844852	0.777662	0.727229	0.769323	0.526058	0.463037	0.634622	0.805244
17	103	0.310055	0.254991	0.336319	-0.672619	0.375920	-1.443154	48	9	0	9.773151	0.061979	0.071360	0.570558	0.303720	0.229394	0.217607	0.634622	0.391196
17	104	0.461073	0.188302	0.409134	-0.384147	-0.273051	-0.527466	74	14	0	8.195304	0.551235	0.492223	0.584589	0.631174	0.099984	0.226267	0.634622	0.468489
17	105	0.478963	0.214140	0.462464	0.061195	-0.178704	0.091928	56	10	0	7.653428	0.262508	0.402903	0.532633	0.233964	0.485006	0.431366	0.729875	0.753448
17	106	0.599874	0.190407	0.526265	0.417648	-0.383975	0.331615	53	9	0	9.008925	0.828416	0.670943	0.471616	0.515555	0.544019	0.359445	0.685455	0.723541
17	107	0.618556	0.117283	0.557890	-0.090747	-0.897126	0.246442	89	19	0	8.106867	0.456623	0.656110	0.546183	0.576411	0.711033	0.554682	0.618265	0.829137
17	108	0.280999	0.145787	0.400245	-0.340255	-0.582927	-0.119174	42	8	0	6.811450	0.611450	0.211915	0.271087	0.126283	0.257777	0.229233	0.008339	0.531911
17	109	0.417195	0.213338	0.439155	-0.102461	-0.262612	-0.256395	36	6	0	12.009621	0.418538	0.743345	0.369949	0.831703	0.246232	0.300353	0.008339	0.419099
17	110	0.854945	0.129209	0.749989	0.587168	0.035861	0.997647	115	24	0	8.088791	0.957104	0.878528	0.915411	0.934974	0.794981	0.718249	0.779426	0.860888
17	111	0.684072	0.219311	0.336319	0.131234	0.249538	-1.607800	94	22	0	7.452185	0.631976	0.752726	0.841405	0.912364	0.008900	0.877245	0.628287	0.819676
18	1	0.713639	0.241922	0.573777	0.814890	0.228320	0.642954	54	12	0	7.940925	0.843730	0.970253	0.913967	0.542094	0.008900	0.855677	0.886546	0.687941
18	2	0.525968	0.312139	0.601588	-0.277409	0.765874	0.506431	83	15	0	8.292207	0.509862	0.562700	0.398894	0.694676	0.008900	0.889112	0.752405	0.391196
18	3	0.162594	0.229033	0.336319	-0.450276	0.536925	-0.956732	15	3	0	11.801362	0.246472	0.034157	0.104073	0.052999	0.008900	0.369869	0.093089	0.391196
18	4	0.197723	0.129851	0.336319	-0.560185	-0.413761	-0.870056	32	6	0	6.805782	0.200529	0.202854	0.147049	0.057569	0.008900	0.203175	0.683451	0.078255
18	5	0.561618	0.360287	0.586892	-0.152594	1.048943	0.467819	77	18	0	8.075486	0.595173	0.331543	0.850625	0.451652	0.008900	0.811979	0.771889	0.671183
18	6	0.458577	0.380613	0.536917	-0.312843	1.069042	0.203350	56	11	0	10.461540	0.629009	0.242062	0.585712	0.228432	0.008900	0.926395	0.616020	0.432088
18	7	0.476257	0.171604	0.533160	-0.037034	-0.565497	0.414249	54	11	0	8.250966	0.505372	0.862492	0.417014	0.605997	0.008900	0.522691	0.332826	0.554763
18	8	0.416062	0.311698	0.443439	-0.026284	0.491247	-0.150147	32	6	0	11.407199	0.597739	0.362412	0.602870	0.294339	0.008900	0.887348	0.308611	0.266276
18	9	0.700369	0.174230	0.763344	0.699026	-0.403824	1.391733	51	10	0	9.707116	0.849663	0.906591	0.838358	0.747915	0.008900	0.817832	0.918778	0.514913
18	10	0.719953	0.312821	0.635698	0.339406	0.955919	0.562082	76	16	0	9.362211	0.957585	0.955420	0.593890	0.999599	0.008900	0.659557	0.769644	0.815026
18	11	0.306116	0.376764	0.477447	-0.503307	1.145238	0.086010	36	7	0	10.554679	0.185055	0.641196	0.131976	0.472819	0.008900	0.260985	0.616260	0.131735
18	12	0.492032	0.168758	0.714469	-0.010209	-0.641153	1.156364	47	9	0	10.518761	0.610407	0.670943	0.350225	0.492303	0.008900	0.506414	0.708066	0.588999
18	13	0.432940	0.262167	0.416659	-0.309187	0.288792	-0.372924	60	12	0	8.266602	0.307890	0.561738	0.768521	0.282713	0.008900	0.569836	0.507457	0.456462
18	14	0.672677	0.235006	0.521591	0.093822	0.357863	0.101730	98	20	0	7.467493	0.544099	0.780228	0.851106	0.643842	0.008900	0.862332	0.887668	0.803239
18	15	0.535149	0.212937	0.450266	-0.331110	0.044947	-0.271060	96	20	0	7.122727	0.823685	0.351588	0.664208	0.504330	0.008900	0.594612	0.723701	0.610167
18	16	0.612302	0.146969	0.660416	-0.333839	-0.510237	0.512964	98	19	0	9.638937	0.737412	0.722178	0.761065	0.679843	0.008900	0.816549	0.412765	0.759702
18	17	0.750932	0.121953	0.686097	-0.838598	-0.341571	-0.078149	168	38	1	9.552550	0.899294	0.789529	0.830741	0.817672	0.008900	0.770847	0.929362	0.961113
18	18	0.769674	0.079197	0.725751	-0.482759	-0.945936	0.190673	136	25	1	11.659376	0.835071	0.952453	0.844371	0.937380	0.008900	0.904586	0.845494	0.829137
18	19	0.736660	0.269544	0.777834	-0.769769	1.164712	0.633422	216	41	0	8.494332	0.980035	0.760584	0.746552	0.879570	0.008900	0.979634	0.568954	0.969051
18	20	0.497164	0.107461	0.600076	-0.366676	-1.177388	0.396678	68	13	0	10.614303	0.550273	0.899214	0.406831	0.461033	0.008900	0.544419	0.568954	0.537684
18	21	0.745791	0.217046	0.720093	-0.454982	0.671328	0.580231	179	35	0	7.935897	0.654506	0.949246	0.887187	0.747194	0.008900	0.938342	0.784076	0.996873
18	22	0.778283	0.090202	0.859170	-0.547783	-0.508359	0.988477	189	36	0	9.563633	0.854153	0.891357	0.832826	0.905148	0.008900	0.964160	0.812941	0.956783
18	23	0.442351	0.312540	0.401860	0.312036	0.445933	-0.105631	31	7	0	7.977630	0.007377	0.489817	0.674551	0.474904	0.008900	0.728352	0.669740	0.485167
18	24	0.593459	0.375020	0.693874	0.045594	1.146696	1.061221	76	18	0	7.531878	0.806928	0.753287	0.819355	0.861129	0.008900	0.728352	0.284557	0.485167
18	25	0.441920	0.684794	0.618265	-0.175759	2.468952	0.675157	44	8	0	11.477130	0.832344	0.791693	0.396568	0.856318	0.008900	0.461273	0.048268	0.139994
18	26	0.677417	0.151840	0.695352	-0.107337	-0.328972	0.813231	109	26	0	7.642055	0.459108	0.789849	0.779827	0.750241	0.008900	0.807970	0.930164	0.893281
18	27	0.584209	0.202534	0.582161	-0.054976	-0.150139	0.385916	70	16	0	9.086346	0.609285	0.821761	0.535119	0.573845	0.008900	0.745269	0.811979	0.567511
18	28	0.800052	0.051415	0.715672	-0.208773	-1.120568	0.504992	162	32	0	8.838000	0.895045	0.871632	0.926636	0.879169	0.008900	0.973060	0.934894	0.911081
18	29	0.754340	0.163647	0.756655	-0.732064	0.091073	0.302482	164	32	1	9.604838	0.933691	0.889593	0.893040	0.934092	0.008900	0.958708	0.437620	0.979073
18	30	0.427798	0.190046	0.589492	-0.306421	-0.313019	0.649232	59	12	0	8.189859	0.617062	0.575208	0.214561	0.544820	0.008900	0.570799	0.437620	0.453416
18	31	0.659527	0.242603	0.632136	-0.774544	0.632612	0.001340	152	29	0	10.660020	0.738454	0.880773	0.716244	0.694676	0.008900	0.929121	0.437620	0.870430
18	32	0.572442	0.443574	0.673062	-0.256164	1.540731	0.698161	85	15	0	9.608903	0.275657	0.923268	0.370911	0.927758	0.008900	0.746472	0.684493	0.642078
18	33	0.438512	0.246332	0.518178	-0.416560	0.175936	0.140499	62	12	0	9.281575	0.470975	0.803801	0.210953	0.398012	0.008900	0.746472	0.509461	0.359525
18	34	0.540801	0.189605	0.554465	-0.024887	-0.342174	0.364611	62	13	0	8.836410	0.817591	0.661161	0.473701	0.739256	0.008900	0.605597	0.523332	0.496873
18	35	0.355386	0.212416	0.378138	-0.831374	-0.117091	-1.229584	52	12	1	9.007160	0.407954	0.228352	0.423108	0.413085	0.008900	0.605597	0.236851	0.519243
18	36	0.378197	0.300974	0.412318	-0.531690	0.675206	-0.423821	61	12	0	8.276550	0.240860	0.291292	0.506334	0.616501	0.008900	0.605597	0.236851	0.519243
18	37	0.440216	0.386606	0.336319	-0.603166	1.222828	-1.637801	72	16	0	9.083877	0.264994	0.287123	0.578576	0.301475	0.008900	0.662444	0.685455	0.732761
18	38	0.442361	0.240118	0.385137	0.414983	-0.107842	-0.236523	35	8	0	6.578270	0.414609	0.749840	0.187380	0.504330	0.008900	0.662444	0.576411	0.434974
18	39	0.498857	0.291854	0.523676	-0.385229	0.628431	0.200500	83	20	0	7.386100	0.437540	0.867784	0.819676	0.642319	0.008900	0.269484	0.508579	0.436578
18	40	0.400106	0.237993	0.485258	-0.754103	0.243069	-0.124526	76	15	0	8.952683	0.588278	0.647771	0.451331	0.557088	0.008900	0.398332	0.112572	0.436578
18	41	0.324998	0.152983	0.401448	-0.518850	-0.638000	-0.516433	37	8	0	11.112645	0.336273	0.535520	0.432248	0.345574	0.008900	0.392319	0.112572	0.436578
18	42	0.511426	0.240980	0.378138	-0.699779	0.303571	-1.330116	98	20	0	9.372689	0.417495	0.618024	0.405388	0.505292	0.008900	0.565346	0.767720	0.803239
18	43	0.438923	0.249278	0.501982	-0.002043	0.086888	0.420252	49	11	0	7.380730	0.442110	0.506655	0.316148	0.366260	0.008900	0.804442	0.748477	0.318393
18	44	0.541222	0.351688	0.623431	0.365110	0.773003	0.964644	47	10	0	7.914596	0.622675	0.662604	0.681046	0.748316	0.008900	0.959990	0.277021	0.369227
18	45	0.696620	0.212656	0.378138	-0.253336	0.342105	-1.424610	126	24	0	8.915683	0.812300	0.813663	0.660920	0.592287	0.008900	0.943473	0.842126	0.899294
18	46	0.762458	0.107842	0.753138	0.541870	-0.805696	1.158535	81	14	0	9.104035	0.913005	0.909157	0.965122	0.890394	0.008900	0.850706	0.739015	0.823364
18	47	0.539779	0.121552	0.450266	-0.042853	-1.053615	-0.310150	62	11	0	9.832498	0.473461	0.681366	0.693634	0.681046	0.008900	0.590603	0.588278	0.600946
18	48	0.608994	0.151960	0.501306	-0.057715	-0.563951	-0.062343	80	17	0	8.759338	0.602389	0.680083	0.517880	0.904426	0.008900	0.750241	0.727550	0.680484
18	49	0.708557	0.174391	0.508568	-0.515891	0.122234	-0.490979	153	30	0	9.140498	0.671504	0.815346	0.895686	0.884381	0.008900	0.756976	0.726588	0.909076
18	50	0.808611	0.034878	0.644461	0.128384	-1.526061	0.361653	140	28	0	8.063651	0.917174	0.924872	0.925513	0.951331	0.008900	0.892720	0.950208	0.898172
18	51	0.592427	0.273052	0.485075	0.125129	0.426432	0.021398	73	14	0	7.995693	0.477229	0.818233	0.520205	0.557088	0.008900	0.724583	0.770606	0.862572
18	52	0.662233	0.065928	0.673451	0.270542	-1.600575	0.858431	77	13	0	8.784834	0.791533	0.663005	0.817832	0.753127	0.008900	0.784076	0.739015	0.740378
18	53	0.388089	0.306446	0.416659	-0.513067	0.683701	-0.457658	60	10	0	9.273902	0.461995	0.658194	0.656430	0.309573	0.008900	0.537043	0.113053	0.359525
18	54	0.581122	0.324667	0.532049	0.055968	0.789101	0.253135	69	15	0	8.254660	0.446360	0.716806	0.599904	0.797306	0.008900	0.817832	0.788887	0.472979
18	55	0.550543	0.154546	0.533653	-0.370158	-0.481820	0.125943	101	19	0	7.704445	0.532072	0.544419	0.614657	0.691469	0.008900	0.563342	0.709108	0.740378
18	56	0.569205	0.159798	0.433588	-0.528815	-0.362716	-0.712430	113	20	0	8.687216	0.573204	0.601507	0.475946	0.572723	0.008900	0.787524	0.681928	0.851908
18	57	0.565346	0.361109	0.378138	-1.025277	1.389657	-1.580980	151	32	0	8.830405	0.517640	0.384301	0.454378	0.567030	0.008900	0.919179	0.760263	0.911081
18	58	0.531190	0.168357	0.378138	-0.828424	-0.418593	-1.573964	97	21	1	8.734316	0.595574	0.603512	0.522691	0.369227	0.008900	0.769644	0.615378	0.764593
18	59	0.383740	0.263149	0.409134	-0.270939	0.283050	-0.332668	50	8	0	8.612041	0.679763	0.431527	0.386867	0.503368	0.008900	0.217607	0.270446	0.571440
18	60	0.675824	0.257316	0.699842	0.322213	0.353652	0.898649	61	13	0	10.768791	0.689384	0.914769	0.650497	0.977951	0.008900	0.679763	0.887829	0.597498
18	61	0.620390	0.140415	0.621621	0.284622	-0.799213	0.646920	59	11	0	9.712387	0.866341	0.718570	0.693072	0.816148	0.008900	0.522691	0.629169	0.708226
18	62	0.390384	0.240238	0.416659	-0.615434	0.183879	-0.538964	60	12	0	9.816271	0.258258	0.730276	0.403544	0.494307	0.008900	0.537765	0.267158	0.422867
18	63	0.572472	0.257797	0.551521	-0.566549	0.486185	-0.047802	106	21	0	9.492056	0.636386	0.714160	0.203335	0.791934	0.008900	0.644243	0.796905	0.783916
18	64	0.424661	0.281170	0.469784	-0.096516	0.338922	0.113915	44	10	0	8.449125	0.578977	0.569195	0.172065	0.829137	0.008900	0.481719	0.329939	0.427357
18	65	0.521849	0.418778	0.614955	0.087638	1.273680	0.826146	62	12	0	7.636383	0.967688	0.613695	0.992864	0.291132	0.008900	0.481719	0.260263	0.558531
18	66	0.362251	0.161602	0.460162	-0.248404	-0.580264	0.194279	47	11	0	7.228668	0.126123	0.506976	0.452614	0.575770	0.008900	0.419580	0.443954	0.364096
18	67	0.208948	0.116040	0.336319	-0.485436	-0.707380	-0.920807	26	6	0	7.459518	0.152903	0.160920	0.340282	0.316870	0.008900	0.260985	0.231639	0.199086
18	68	0.184393	0.106940	0.378138	-1.060693	-0.546197	-0.762403	31	8	0	9.716383	0.228111	0.283515	0.187380	0.089320	0.008900	0.150257	0.320638	0.207024
18	69	0.193353	0.217367	0.416659	-1.004063	0.609309	-0.093896	45	10	0	7.376020	0.081944	0.413005	0.187380	0.267720	0.008900	0.283836	0.020125	0.283916
18	70	0.317611	0.278885	0.336319	-0.609495	0.596113	-1.288839	54	12	0	7.680933	0.297867	0.184493	0.754971	0.515555	0.008900	0.367784	0.020125	0.391196
18	71	0.591385	0.230055	0.548451	-0.204802	0.149517	0.076154	81	16	0	9.991872	0.722178	0.818554	0.599904	0.805484	0.008900	0.477470	0.550593	0.747996
18	72	0.161642	0.126744	0.409134	-0.904914	-0.130653	0.057550	34	8	0	6.809350	0.376443	0.186257	0.221937	0.109525	0.008900	0.106879	0.060696	0.222498
18	73	0.339611	0.167676	0.454137	-0.529534	-0.449866	-0.095290	47	10	0	9.076122	0.368826	0.232922	0.245430	0.611530	0.008900	0.364657	0.533435	0.351187
18	74	0.571751	0.375000	0.617131	-0.119637	1.144316	0.568951	79	16	0	8.461161	0.634461	0.879971	0.496312	0.901299	0.008900	0.501924	0.336113	0.815026
18	75	0.179131	0.137849	0.394621	-0.946376	-0.084547	-0.270913	39	10	0	6.809350	0.110808	0.189945	0.091886	0.344051	0.008900	0.086835	0.189625	0.411001
18	76	0.478943	0.320358	0.461136	-0.250774	0.712252	-0.157993	60	14	0	8.698868	0.666292	0.707826	0.524294	0.788727	0.008900	0.251203	0.391357	0.492944
18	77	0.673308	0.280969	0.675639	-0.667165	0.783426	0.129877	128	25	1	9.418176	0.858884	0.987733	0.554121	0.867383	0.008900	0.588679	0.680645	0.840122
18	78	0.347338	0.295582	0.459750	-0.604038	0.697254	-0.023237	61	13	0	7.682445	0.250882	0.530629	0.220414	0.583066	0.008900	0.348060	0.273252	0.563502
18	79	0.600275	0.198164	0.675135	-0.635542	-0.178815	0.184757	92	17	2	9.792891	0.727149	0.901940	0.559654	0.803640	0.008900	0.513470	0.669740	0.617704
18	80	0.474884	0.146889	0.416659	-0.138782	-0.779651	-0.409334	60	10	0	8.856234	0.543778	0.609285	0.570558	0.494307	0.008900	0.615860	0.351988	0.604394
18	81	0.389763	0.491401	0.590385	-0.226604	1.641581	0.768773	48	9	0	8.309720	0.735167	0.669901	0.295141	0.780709	0.008900	0.269484	0.148573	0.210231
18	82	0.838188	0.069135	0.699258	-0.197325	-0.581529	0.331785	186	37	0	8.785398	0.860407	0.982360	0.962716	0.935295	0.008900	0.999439	0.995750	0.960632
18	83	0.641327	0.399735	0.791796	0.669184	1.129511	1.713849	48	10	0	8.189092	0.895366	0.903063	0.843570	0.832024	0.008900	0.382457	0.783675	0.481559
18	84	0.468099	0.197843	0.477447	0.087415	-0.395331	0.175562	43	10	0	8.415941	0.463037	0.546905	0.841405	0.679843	0.008900	0.384140	0.376764	0.443794
18	85	0.323434	0.510143	0.443439	1.006043	1.235359	0.657286	10	2	0	10.165869	0.599262	0.529747	0.434173	0.572723	0.008900	0.384140	0.027101	0.031430
18	86	0.681827	0.191168	0.581497	-0.304705	0.109293	0.057724	117	26	0	9.043036	0.783675	0.945237	0.912043	0.781671	0.008900	0.658675	0.566148	0.798268
18	87	0.304672	0.247234	0.336319	-0.695372	0.398712	-1.284768	58	13	0	7.395353	0.260744	0.144163	0.415731	0.312460	0.008900	0.658675	0.187700	0.449006
18	88	0.452544	0.222939	0.500367	-0.240246	-0.018176	0.231179	64	14	0	7.557532	0.549631	0.585231	0.243906	0.670301	0.008900	0.658675	0.426235	0.477470
18	89	0.140515	0.192591	0.336319	-0.336794	0.355715	-0.742249	12	3	0	10.165869	0.165491	0.020767	0.313182	0.057569	0.008900	0.319355	0.039769	0.199086
18	90	0.434774	0.364096	0.433588	-0.599178	1.063285	-0.528729	67	15	0	9.708235	0.413326	0.812941	0.774214	0.610969	0.008900	0.319355	0.232360	0.306126
18	91	0.257106	0.263691	0.443439	-0.562359	0.484471	-0.051215	28	6	0	10.354820	0.594852	0.004811	0.286642	0.469291	0.008900	0.319355	0.121232	0.251764
18	92	0.084159	0.097198	0.336319	-0.846918	0.219826	-0.742249	12	3	0	10.165869	0.004089	0.020767	0.096937	0.016597	0.008900	0.354314	0.016196	0.155468
18	93	0.458968	0.407693	0.521328	-0.331760	1.249907	0.183744	63	13	0	8.851285	0.741100	0.322162	0.782473	0.759862	0.008900	0.354314	0.343409	0.359525
18	94	0.653013	0.408335	0.699808	-0.050284	1.508870	0.874046	97	20	0	8.065155	0.965763	0.955981	0.330420	0.980837	0.008900	0.670943	0.623316	0.687941
18	95	0.433962	0.281611	0.336319	-0.605970	0.365951	-1.792045	60	12	1	8.826831	0.682729	0.720975	0.341325	0.577213	0.008900	0.263951	0.485407	0.391196
18	96	0.630542	0.210030	0.460758	-0.289861	0.113804	-0.503197	99	21	0	9.123335	0.816148	0.835391	0.750321	0.795382	0.008900	0.595654	0.667335	0.575208
18	97	0.411181	0.528825	0.480963	-0.194108	1.793290	0.072902	42	8	0	10.236202	0.716966	0.680965	0.891998	0.352710	0.008900	0.198926	0.047787	0.391196
18	98	0.538256	0.361510	0.502955	0.017821	0.981867	0.257602	67	17	0	7.158014	0.739897	0.584189	0.514432	0.983242	0.008900	0.817431	0.047787	0.610167
18	99	0.621201	0.343409	0.694264	0.169763	0.903288	0.922608	62	13	0	9.929530	0.811498	0.444355	0.884942	0.555083	0.008900	0.784798	0.979554	0.500481
18	100	0.215783	0.321400	0.385137	-0.574790	1.106032	-0.419348	31	5	0	8.394138	0.447001	0.015956	0.412364	0.132777	0.008900	0.126203	0.443072	0.139994
18	101	0.332876	0.287664	0.420966	-0.639855	0.644828	-0.332037	57	11	0	8.374926	0.440106	0.194836	0.300273	0.619548	0.008900	0.126203	0.541052	0.432088
18	102	0.385814	0.375661	0.412318	-0.739262	1.249087	-0.534189	80	15	0	8.024357	0.492704	0.221857	0.273813	0.728191	0.008900	0.948765	0.038085	0.374198
18	103	0.375561	0.384722	0.496541	0.261299	0.945301	0.652694	29	5	0	7.462212	0.830901	0.473701	0.726988	0.450529	0.008900	0.085311	0.253528	0.174631
18	104	0.333838	0.215242	0.399100	-0.727453	0.077781	-0.640277	59	11	0	9.072547	0.434493	0.232200	0.231639	0.333307	0.008900	0.418457	0.485728	0.525978
18	105	0.549531	0.339059	0.378138	-0.043664	0.897438	-0.937912	79	14	0	7.693727	0.465443	0.832986	0.811498	0.743987	0.008900	0.704859	0.290892	0.537684
18	106	0.253989	0.165831	0.336319	-0.749934	-0.192352	-1.227461	50	9	0	7.828837	0.100385	0.220334	0.185375	0.316870	0.008900	0.539929	0.290892	0.369227
18	107	0.561498	0.384341	0.576182	0.453850	1.037637	0.836695	57	10	0	6.933700	0.800593	0.580099	0.622595	0.789849	0.008900	0.968169	0.455500	0.266276
18	108	0.251463	0.191529	0.336319	-0.576535	-0.078999	-1.241509	30	6	0	9.718129	0.000722	0.277181	0.500722	0.336353	0.008900	0.325529	0.363214	0.199086
18	109	0.668918	0.104033	0.474961	0.073264	-1.009414	-0.271470	85	18	0	8.764074	0.708226	0.705821	0.667415	0.810776	0.008900	0.891116	0.796745	0.762348
18	110	0.715733	0.258038	0.525291	0.038977	0.702788	0.023255	117	25	0	7.324688	0.692752	0.931446	0.975385	0.923028	0.008900	0.590122	0.866180	0.738053
19	1	0.635774	0.421945	0.756517	3.123422	0.397976	3.124360	5	1	0	0.000000	0.866020	0.880292	0.987412	0.720734	0.426235	0.590122	0.454779	0.160600
19	2	0.350044	0.129069	0.475591	0.358329	-1.139543	0.673959	23	5	0	6.949994	0.297146	0.620029	0.303881	0.262508	0.348861	0.507457	0.250241	0.210231
19	3	0.373817	0.307228	0.499129	0.268082	0.365770	0.570192	21	5	0	8.988731	0.212797	0.628047	0.455340	0.161081	0.349743	0.507457	0.510504	0.165571
19	4	0.601357	0.195718	0.443439	-0.162875	-0.314190	-0.695973	65	14	1	9.399470	0.523573	0.702053	0.673669	0.476507	0.785840	0.723942	0.599182	0.326090
19	5	0.639282	0.236851	0.528258	0.241777	0.142122	0.158492	64	13	0	9.478413	0.681366	0.933210	0.730997	0.497434	0.123557	0.775577	0.808611	0.563502
19	6	0.626754	0.209970	0.641185	0.723828	-0.281786	1.023523	39	9	0	8.570542	0.752165	0.852870	0.714641	0.748877	0.700609	0.496552	0.554121	0.194195
19	7	0.601968	0.084830	0.660210	0.317947	-1.496583	0.971265	57	13	0	8.204625	0.627806	0.635183	0.712075	0.713198	0.519965	0.656911	0.607842	0.342768
19	8	0.547356	0.114055	0.464228	-0.055312	-1.117288	-0.161141	65	14	0	8.735429	0.691068	0.555725	0.604955	0.550112	0.528143	0.411161	0.636947	0.400738
19	9	0.463629	0.240278	0.378138	0.019367	0.054319	-0.634608	56	14	0	6.630610	0.304522	0.331543	0.436658	0.309573	0.568072	0.324246	0.558451	0.875962
19	10	0.559974	0.290310	0.485258	0.206272	0.467923	0.183079	59	14	0	7.511792	0.697242	0.366822	0.676395	0.516758	0.341485	0.884140	0.399455	0.597498
19	11	0.513971	0.237492	0.496174	-0.067757	0.023923	0.031251	56	11	0	9.818027	0.700048	0.861369	0.432729	0.617223	0.303560	0.178720	0.561658	0.456462
19	12	0.595293	0.046745	0.703565	0.531037	-2.254208	1.267931	43	9	0	8.908324	0.581062	0.590443	0.577534	0.540411	0.479634	0.581062	0.688663	0.723541
19	13	0.564745	0.389132	0.528074	0.318470	0.819558	0.144988	32	7	1	9.907784	0.851748	0.750080	0.781911	0.651780	0.139112	0.626844	0.336915	0.379570
19	14	0.258609	0.229634	0.394621	-0.533453	0.214674	-0.495930	31	6	0	9.521672	0.183371	0.108082	0.262668	0.345574	0.136947	0.539929	0.091565	0.400738
19	15	0.448695	0.255031	0.336319	0.116092	0.071399	-1.197124	42	9	0	8.015840	0.572963	0.523012	0.785760	0.476507	0.286722	0.423829	0.259060	0.261706
19	16	0.617373	0.127947	0.662215	0.494815	-1.015445	1.017845	51	10	0	8.673847	0.609766	0.682569	0.839320	0.510022	0.584028	0.627566	0.726187	0.359525
19	17	0.528494	0.213959	0.555404	0.006411	-0.144674	0.405875	61	11	0	8.881614	0.549631	0.364096	0.599904	0.677518	0.267559	0.829057	0.521087	0.419099
19	18	0.448966	0.229875	0.477447	0.321055	-0.173751	0.431381	37	8	0	7.269803	0.481559	0.317912	0.607120	0.499759	0.168698	0.831462	0.452053	0.233162
19	19	0.304672	0.055725	0.426956	-0.452943	-1.843942	-0.124184	40	9	0	8.289340	0.297146	0.287123	0.245430	0.458788	0.251203	0.367784	0.268201	0.261706
19	20	0.356599	0.180364	0.378138	-0.403237	-0.363457	-0.765152	48	11	0	8.113694	0.202453	0.440186	0.313182	0.326331	0.422947	0.184493	0.701491	0.261706
19	21	0.564234	0.417816	0.473335	0.044485	1.360139	0.035750	75	17	0	7.077876	0.326090	0.111289	0.794339	0.500882	0.408756	0.840603	0.651299	0.880613
19	22	0.544530	0.446801	0.617028	0.552685	1.166305	0.905791	30	6	0	10.021777	0.720253	0.269083	0.902582	0.797787	0.291934	0.293137	0.584589	0.496873
19	23	0.684032	0.155047	0.741764	0.088308	-0.573284	0.824266	70	14	1	9.432090	0.886065	0.831062	0.790330	0.704458	0.761867	0.293137	0.736851	0.468489
19	24	0.609846	0.440787	0.769186	0.450384	1.321997	1.476929	47	10	0	9.346380	0.928881	0.576812	0.815587	0.808531	0.429201	0.262348	0.866341	0.191068
19	25	0.571330	0.317792	0.637290	0.231187	0.566218	0.665172	42	8	0	13.403914	0.862091	0.867623	0.724583	0.713198	0.523493	0.101427	0.584028	0.194195
19	26	0.791012	0.069676	0.644312	0.442163	-1.115913	0.532070	95	19	0	8.715247	0.824808	0.870911	0.728592	0.819035	0.924551	0.813502	0.567351	0.779346
19	27	0.560155	0.235868	0.458547	0.374527	-0.016501	0.102757	53	12	0	7.285535	0.657553	0.701491	0.673669	0.685215	0.457184	0.290972	0.623958	0.391196
19	28	0.662013	0.265775	0.655915	0.651678	0.317200	1.031875	51	12	0	8.052657	0.730757	0.808130	0.890074	0.854153	0.500882	0.607761	0.571520	0.332826
19	29	0.496522	0.265675	0.556584	-0.041152	0.214683	0.411602	49	11	0	9.697351	0.609285	0.670221	0.590042	0.721376	0.257216	0.463037	0.273813	0.387187
19	30	0.500371	0.262047	0.565232	0.573488	0.068908	1.008461	41	8	0	6.536568	0.654105	0.421183	0.648974	0.701812	0.264513	0.600144	0.420301	0.291934
19	31	0.443764	0.260283	0.575231	-0.304076	0.257472	0.490964	59	11	0	9.098594	0.573605	0.257296	0.639432	0.540411	0.508098	0.589561	0.104394	0.337316
19	32	0.410139	0.428299	0.523779	-0.009827	1.183070	0.410532	34	6	0	10.205928	0.599262	0.827053	0.670542	0.253849	0.172547	0.489978	0.073685	0.194195
19	33	0.354855	0.164609	0.439155	-0.269683	-0.556574	-0.036670	44	9	0	8.015840	0.306206	0.451732	0.295141	0.469291	0.300674	0.499198	0.235969	0.280629
19	34	0.639472	0.169199	0.659443	0.746683	-0.607110	1.157743	44	10	0	7.918650	0.776860	0.857681	0.482200	0.709670	0.581302	0.590603	0.632296	0.485167
19	35	0.458327	0.168437	0.394621	-0.289853	-0.464646	-0.592303	72	18	0	6.731722	0.478913	0.255773	0.362332	0.373637	0.359365	0.662925	0.485728	0.687941
19	36	0.486259	0.176475	0.520022	0.439744	-0.629090	0.725710	44	9	0	6.556718	0.593008	0.543938	0.337155	0.418457	0.571921	0.562861	0.280067	0.582665
19	37	0.676265	0.268421	0.917048	0.603698	0.411088	2.435373	59	12	0	8.128551	0.640795	0.538486	0.904747	0.362251	0.596777	0.832585	0.628768	0.905709
19	38	0.536291	0.124278	0.449338	0.198107	-1.053164	-0.014690	60	12	0	7.349672	0.577694	0.432890	0.530468	0.548428	0.427197	0.844772	0.420301	0.508579
19	39	0.723370	0.208667	0.378138	0.719395	0.002585	-0.928529	57	12	0	8.735919	0.768281	0.607601	0.877245	0.937380	0.476588	0.653624	0.638951	0.827293
19	40	0.373837	0.217808	0.336319	-0.206203	-0.120821	-1.266560	41	8	0	8.715935	0.163727	0.115619	0.563983	0.296103	0.453095	0.653624	0.325449	0.419099
19	41	0.478552	0.297085	0.394621	0.295701	0.390693	-0.366612	44	9	0	7.299485	0.169179	0.318554	0.288967	0.465202	0.662845	0.880212	0.590042	0.453416
19	42	0.430805	0.348681	0.385137	-0.423816	0.949165	-0.771574	65	16	0	7.790700	0.564865	0.133499	0.149294	0.289368	0.717527	0.880212	0.356078	0.355597
19	43	0.302468	0.213478	0.336319	-0.859091	0.171947	-1.414917	63	14	0	7.930592	0.108563	0.161883	0.338198	0.228432	0.322883	0.686738	0.124038	0.449006
19	44	0.346887	0.170061	0.465374	-0.491842	-0.419650	0.050970	51	11	0	8.217499	0.297466	0.188342	0.413566	0.280548	0.469532	0.612973	0.186578	0.326090
19	45	0.348922	0.202273	0.336319	-0.554482	-0.085819	-1.345653	57	12	0	7.925998	0.141357	0.176956	0.405388	0.269644	0.280949	0.632136	0.578817	0.306126
19	46	0.596707	0.155929	0.450953	-0.018656	-0.587351	-0.371341	70	15	0	9.449009	0.739496	0.398172	0.576010	0.679843	0.749359	0.559333	0.477309	0.594131
19	47	0.597739	0.373216	0.501306	0.515476	0.954608	0.355387	48	12	0	7.656719	0.352470	0.848461	0.769403	0.668297	0.375160	0.827694	0.422627	0.517800
19	48	0.379099	0.223481	0.436440	-0.619737	0.107721	-0.303661	68	14	0	7.976093	0.151459	0.180003	0.347097	0.538727	0.515956	0.574808	0.337556	0.387187
19	49	0.418267	0.363915	0.401448	-0.592393	1.107216	-0.620173	75	15	0	8.229814	0.137107	0.225625	0.668217	0.390715	0.659237	0.615860	0.275176	0.374198
19	50	0.395406	0.181005	0.455638	-0.247181	-0.449686	-0.048963	45	9	0	9.019902	0.623637	0.097178	0.316148	0.442351	0.293858	0.753047	0.310936	0.326090
19	51	0.458577	0.146087	0.504456	0.063519	-0.838578	0.433689	52	11	0	7.227586	0.337556	0.132457	0.550754	0.398012	0.521729	0.848380	0.439224	0.440507
19	52	0.529707	0.117122	0.485258	0.295333	-1.265571	0.127352	42	7	0	10.048921	0.585552	0.325128	0.669259	0.580099	0.425353	0.610487	0.491100	0.550674
19	53	0.296885	0.281831	0.336319	-0.401810	0.523169	-1.219023	35	7	0	8.869745	0.173028	0.069115	0.606398	0.342768	0.159557	0.422627	0.469852	0.131735
19	54	0.576862	0.264372	0.522324	0.387032	0.261078	0.479819	60	12	0	7.080186	0.295061	0.861851	0.870831	0.572081	0.249198	0.639192	0.645125	0.481559
19	55	0.386957	0.333387	0.473335	-0.157184	0.782292	0.236398	49	9	0	7.596035	0.069596	0.414368	0.683852	0.435856	0.144564	0.573685	0.537604	0.236129
19	56	0.448294	0.150858	0.585563	0.210656	-0.858850	0.943757	42	9	0	7.299485	0.450529	0.610167	0.691469	0.504330	0.398813	0.346135	0.193714	0.391196
19	57	0.526680	0.452814	0.478581	1.237044	0.957501	0.685881	18	3	0	8.466006	0.560455	0.905629	0.698605	0.958226	0.377726	0.136626	0.307008	0.269163
19	58	0.766697	0.252586	0.450678	-0.362147	0.966874	-0.895525	161	31	0	9.166660	0.562219	0.780388	0.858483	0.664208	0.549952	0.905548	0.886546	0.926235
19	59	0.777692	0.268261	0.725465	0.746215	0.706123	1.091686	66	13	0	9.544147	0.883980	0.948926	0.947803	0.897130	0.520767	0.756976	0.615860	0.650096
19	60	0.365529	0.336213	0.336319	-0.492507	0.932043	-1.324745	62	12	0	7.589529	0.239096	0.267880	0.580500	0.139833	0.280308	0.644243	0.208868	0.563502
19	61	0.517710	0.159938	0.457402	0.124657	-0.673728	0.012579	58	12	0	7.598128	0.370350	0.372114	0.529907	0.573845	0.383900	0.977309	0.474022	0.460231
19	62	0.673469	0.214921	0.705329	0.410737	-0.019407	0.997775	58	12	0	10.199562	0.611851	0.809092	0.864897	0.764192	0.311257	0.773092	0.784878	0.468489
19	63	0.316780	0.186337	0.436440	-0.348256	-0.274434	-0.004328	41	9	0	7.741573	0.094211	0.257296	0.421504	0.320879	0.181527	0.434253	0.440186	0.384381
19	64	0.852399	0.070859	0.852916	1.021522	-0.884110	1.794138	82	20	0	7.217531	0.864577	0.852550	0.898733	0.906992	0.774214	0.886546	0.815908	0.819676
19	65	0.596236	0.160399	0.397336	0.346768	-0.587464	-0.487046	69	13	0	6.987118	0.541693	0.647771	0.404506	0.366260	0.719933	0.929121	0.539047	0.621552
19	66	0.406771	0.197563	0.550891	0.086682	-0.388608	0.763705	38	8	0	7.659225	0.051074	0.454538	0.414609	0.282713	0.542094	0.503047	0.680003	0.326090
19	67	0.442942	0.178339	0.385137	0.104188	-0.538260	-0.462167	47	10	0	7.195754	0.306767	0.363374	0.487492	0.437620	0.339721	0.735407	0.576812	0.296344
19	68	0.516046	0.255312	0.459750	0.106282	0.103281	-0.139509	50	8	0	10.159549	0.223380	0.823525	0.374519	0.537925	0.505131	0.377806	0.664529	0.621552
19	69	0.553129	0.181426	0.485075	0.240633	-0.529955	0.058204	45	10	0	9.797916	0.543778	0.835552	0.568714	0.654747	0.392078	0.705741	0.517399	0.207024
19	70	0.266116	0.147591	0.336319	-0.521528	-0.527873	-1.162717	36	8	0	8.195407	0.366661	0.456863	0.300273	0.340523	0.065346	0.219291	0.239978	0.139994
19	71	0.865198	0.114697	0.952442	1.281974	-0.553248	2.359525	44	10	1	9.645873	0.952133	0.969612	0.975064	0.898092	0.895526	0.713598	0.884541	0.633018
19	72	0.445047	0.181587	0.475099	-0.039003	-0.527969	0.059957	43	8	0	9.652803	0.429121	0.425754	0.664208	0.993185	0.052197	0.321841	0.259702	0.414368
19	73	0.662083	0.125922	0.516494	0.235493	-0.763184	0.171296	89	16	0	7.460542	0.763069	0.724904	0.612813	0.643040	0.595654	0.799230	0.701491	0.456462
19	74	0.592958	0.219231	0.504845	0.469382	-0.195245	0.239260	43	9	0	9.539629	0.816950	0.782312	0.717527	0.583948	0.236851	0.639192	0.660760	0.306126
19	75	0.702905	0.232481	0.378138	-0.173549	0.516030	-1.335460	124	26	0	8.100811	0.469291	0.551636	0.741180	0.593489	0.703255	0.846296	0.912845	0.805244
19	76	0.591475	0.197122	0.528177	0.070248	-0.182344	0.226664	76	14	0	8.158148	0.581783	0.499920	0.709670	0.371472	0.332024	0.942191	0.650016	0.644724
19	77	0.626644	0.210752	0.482200	0.861010	-0.252625	0.414619	46	8	0	7.191520	0.637027	0.828175	0.814945	0.673348	0.447242	0.428319	0.669179	0.514913
19	78	0.496773	0.150176	0.474262	0.365972	-0.944560	0.201496	34	7	0	8.970828	0.742463	0.445879	0.485407	0.456382	0.515956	0.788085	0.351988	0.188021
19	79	0.425062	0.337296	0.412318	-0.013440	0.708640	-0.220247	41	10	0	8.086654	0.216645	0.628608	0.268040	0.414609	0.612572	0.491742	0.182489	0.585792
19	80	0.336153	0.312560	0.499221	-0.006716	0.572283	0.508420	26	5	0	8.783281	0.497114	0.205420	0.598461	0.535119	0.159958	0.043217	0.433611	0.216325
19	81	0.229554	0.097979	0.336319	-0.489016	-0.926818	-0.898952	40	8	0	6.349905	0.167495	0.264994	0.208868	0.328496	0.238855	0.043217	0.396488	0.188021
19	82	0.497334	0.221035	0.573479	0.076007	-0.329045	0.421689	40	7	1	8.713634	0.674230	0.752967	0.635904	0.516758	0.358483	0.043217	0.446440	0.550674
19	83	0.519053	0.081302	0.378138	0.109656	-1.644543	-0.924617	49	9	0	9.799388	0.567832	0.529747	0.449006	0.471857	0.460953	0.786241	0.481639	0.405148
19	84	0.410580	0.161301	0.647691	-0.056104	-0.757770	0.991656	33	8	0	9.868594	0.263791	0.538165	0.536963	0.369227	0.487973	0.345013	0.320638	0.422867
19	85	0.605576	0.217287	0.465374	0.543348	-0.383078	-0.163490	32	6	1	9.507835	0.701972	0.871472	0.925192	0.589240	0.340523	0.640475	0.640876	0.134862
19	86	0.324256	0.306206	0.474961	-0.248108	0.569774	0.143227	28	5	0	11.078287	0.479474	0.583467	0.048028	0.326331	0.192351	0.331222	0.498316	0.134862
19	87	0.533244	0.226808	0.492658	0.316553	-0.154606	0.263950	45	9	0	8.556515	0.661883	0.774134	0.738534	0.480917	0.067110	0.612973	0.556206	0.374198
19	88	0.285008	0.262789	0.475247	0.164084	0.251609	0.686398	23	4	0	7.128669	0.120189	0.660439	0.257858	0.486209	0.346376	0.263951	0.113614	0.031430
19	89	0.257787	0.210431	0.336319	-0.281121	-0.249303	-1.271599	17	4	1	9.895873	0.626443	0.487412	0.193473	0.299631	0.133258	0.024375	0.137107	0.160600
19	90	0.517710	0.402862	0.569997	-0.219111	1.033145	0.124029	52	9	1	10.598838	0.654827	0.812460	0.803801	0.682328	0.345334	0.277421	0.320638	0.244869
19	91	0.363434	0.228111	0.385137	0.503758	-0.298042	-0.144766	19	4	0	8.006888	0.572242	0.226988	0.652261	0.420863	0.132777	0.234205	0.423268	0.244869
19	92	0.253748	0.065607	0.336319	-0.403516	-1.570645	-1.061093	29	6	0	8.169895	0.228111	0.306847	0.163727	0.153223	0.211273	0.234205	0.251042	0.481559
19	93	0.363043	0.271328	0.336319	-0.175540	0.358374	-1.093039	47	10	0	7.010420	0.170382	0.739897	0.003127	0.256013	0.618265	0.381013	0.267158	0.468489
19	94	0.170071	0.112131	0.336319	-0.708319	-0.544637	-1.083966	20	4	0	10.566980	0.036802	0.398172	0.115539	0.156430	0.085872	0.205099	0.110888	0.251764
19	95	0.196450	0.138450	0.336319	-0.604069	-0.334887	-0.987294	27	5	0	8.006895	0.075690	0.407312	0.198044	0.115298	0.112572	0.344452	0.101908	0.216325
19	96	0.630222	0.310195	0.477676	0.692429	0.587241	0.244445	51	9	0	7.698521	0.703897	0.768842	0.921183	0.755933	0.376523	0.660520	0.470494	0.384381
19	97	0.477560	0.178119	0.456096	-0.123898	-0.497847	-0.177379	54	10	0	9.545043	0.570157	0.263470	0.582906	0.504330	0.675032	0.574808	0.205981	0.443794
19	98	0.430745	0.262729	0.436440	-0.800063	0.238207	-0.814324	59	14	1	10.468318	0.542255	0.263470	0.507777	0.356318	0.292896	0.566309	0.205981	0.710953
20	1	0.549421	0.466345	0.799711	3.027195	0.457519	3.440810	2	1	0	0.000000	0.771729	0.960311	0.762588	0.836754	0.447242	0.091084	0.380452	0.145205
20	2	0.506013	0.268562	0.436440	0.556918	0.030141	-0.022312	27	5	0	9.529000	0.311418	0.611851	0.743265	0.396087	0.408756	0.610487	0.738374	0.227870
20	3	0.364927	0.136365	0.443439	0.467287	-1.181281	0.341382	18	4	0	8.721323	0.461995	0.312219	0.034397	0.274455	0.405869	0.740298	0.403624	0.286562
20	4	0.331873	0.202233	0.503081	-0.091855	-0.230866	0.573718	36	6	0	7.653874	0.241421	0.193554	0.487492	0.351668	0.284958	0.802999	0.152903	0.139994
20	5	0.273633	0.159136	0.475580	-0.077916	-0.620238	0.442860	22	4	0	9.000525	0.203656	0.390394	0.288967	0.033194	0.521488	0.214962	0.348380	0.188021
20	6	0.449166	0.239757	0.421516	-0.526628	-0.012162	-0.731435	55	12	1	9.183644	0.426555	0.486931	0.906751	0.670783	0.112973	0.416533	0.299872	0.272931
20	7	0.659788	0.209850	0.478844	0.951991	-0.277705	0.270645	36	7	0	8.601746	0.819516	0.505051	0.635022	0.767559	0.805404	0.701411	0.587877	0.456462
20	8	0.372575	0.249339	0.385137	0.147928	0.081464	-0.190236	38	9	0	5.826701	0.498557	0.405468	0.228993	0.062540	0.398813	0.736209	0.458948	0.191068
20	9	0.242774	0.155047	0.378138	-0.024636	-0.613320	-0.319143	18	4	0	8.473423	0.272851	0.153624	0.195718	0.153223	0.294259	0.381013	0.351507	0.139994
20	10	0.678350	0.147190	0.538120	0.129437	-0.487944	0.107976	85	18	0	8.605885	0.737251	0.746953	0.704137	0.796264	0.570959	0.577453	0.696280	0.597498
20	11	0.379811	0.364577	0.483025	0.297738	0.754994	0.528091	23	5	0	8.194425	0.724904	0.090443	0.262668	0.798990	0.380131	0.476668	0.108724	0.195959
20	12	0.582906	0.400136	0.797787	-0.172136	0.979541	0.966739	47	10	2	12.414474	0.844211	0.936738	0.529185	0.818153	0.729554	0.500722	0.108724	0.195959
20	13	0.288887	0.238254	0.492497	-0.178411	0.120421	0.504181	27	5	0	8.464886	0.353993	0.708948	0.363374	0.253849	0.106559	0.364657	0.027983	0.131735
20	14	0.669670	0.139974	0.658790	0.913402	-0.806094	1.307302	54	11	0	6.401501	0.688342	0.971697	0.565427	0.649375	0.694756	0.882136	0.613695	0.291934
20	15	0.735648	0.192311	0.744605	0.925817	-0.177334	1.393454	48	10	0	8.989352	0.943473	0.925433	0.770366	0.756334	0.498076	0.643441	0.780548	0.567511
20	16	0.439835	0.231479	0.461262	-0.170385	-0.050341	-0.077304	46	10	0	9.522479	0.334349	0.127806	0.331703	0.257858	0.559092	0.918938	0.539929	0.449006
20	17	0.438933	0.064785	0.531018	0.433043	-2.109332	0.674206	22	5	0	9.458970	0.479474	0.691709	0.447482	0.479955	0.472178	0.381013	0.542736	0.016918
20	18	0.696791	0.165090	0.677323	0.137789	-0.490316	0.460119	60	13	1	11.333006	0.780228	0.920061	0.660279	0.820959	0.520446	0.748717	0.736450	0.387187
20	19	0.141437	0.092146	0.463026	-0.368773	-0.570143	0.831252	17	4	0	6.638870	0.430083	0.056366	0.082425	0.170702	0.115218	0.167174	0.102309	0.007216
20	20	0.335532	0.237893	0.487939	0.008690	-0.039875	0.442955	24	5	0	9.068624	0.154346	0.176956	0.731639	0.806126	0.067832	0.167174	0.288246	0.291934
20	21	0.438172	0.290170	0.433588	0.096769	0.350554	-0.075816	40	8	0	8.285653	0.437861	0.658916	0.434974	0.739897	0.116501	0.289609	0.549551	0.278063
20	22	0.498968	0.173408	0.378138	-0.021302	-0.575818	-0.937682	50	11	0	9.466404	0.679041	0.597178	0.557809	0.522611	0.342287	0.434253	0.580500	0.278063
20	23	0.232130	0.163286	0.485258	-0.098259	-0.412695	0.714748	22	4	0	7.520084	0.192591	0.160199	0.221937	0.316870	0.154185	0.403704	0.070237	0.337316
20	24	0.353652	0.229835	0.336319	0.064668	-0.171016	-1.138686	22	5	0	10.062338	0.216004	0.111289	0.874038	0.192511	0.324727	0.657473	0.134782	0.318393
20	25	0.273553	0.485247	0.336319	-0.010034	1.589718	-0.916407	19	5	0	8.475717	0.030869	0.228913	0.548589	0.538727	0.111289	0.657473	0.064304	0.008258
20	26	0.141076	0.114356	0.336319	-0.230152	-0.483299	-0.626112	12	3	0	8.901903	0.124599	0.040892	0.119468	0.142399	0.070718	0.338999	0.283275	0.008258
20	27	0.441429	0.440467	0.433588	0.531634	1.004360	0.022125	19	4	0	11.234171	0.596216	0.631976	0.721937	0.733643	0.413326	0.214962	0.211113	0.008258
20	28	0.228983	0.233844	0.336319	0.698849	-0.117106	-0.389241	11	2	0	8.072818	0.014112	0.508098	0.718169	0.089320	0.067832	0.214962	0.211113	0.008258
20	29	0.173338	0.072302	0.336319	-0.727124	-1.038751	-1.027967	22	5	0	8.882650	0.011305	0.125802	0.596216	0.242784	0.144564	0.132457	0.125321	0.008258
20	30	0.198344	0.150437	0.426956	0.549386	-0.741338	0.679569	9	2	0	9.023754	0.256815	0.154586	0.596216	0.260183	0.052919	0.132457	0.125321	0.008258
20	31	0.135032	0.131775	0.378138	-0.457529	-0.196313	-0.311799	12	3	0	11.772504	0.272851	0.418938	0.035920	0.035359	0.062300	0.132457	0.114176	0.008258
20	32	0.164639	0.212416	0.414277	-0.074345	0.321511	0.442307	14	3	0	7.935460	0.021809	0.546023	0.031671	0.449326	0.168698	0.063342	0.027983	0.008258
20	33	0.089962	0.120630	0.378138	-0.778129	0.406726	-0.148160	14	3	0	8.655084	0.006254	0.142158	0.142158	0.075369	0.148252	0.169259	0.027983	0.008258
20	34	0.083026	0.108864	0.336319	-0.456114	0.315833	-0.396194	12	2	0	7.821952	0.001203	0.052598	0.119468	0.097819	0.187620	0.169259	0.027983	0.008258
20	35	0.105767	0.112532	0.336319	-0.656557	0.074732	-0.560472	17	4	0	6.783556	0.220013	0.116341	0.135183	0.048348	0.072402	0.217607	0.027983	0.008258
20	36	0.319065	0.326191	0.336319	0.169366	0.672817	-0.777270	25	6	0	6.654797	0.131655	0.124679	0.633018	0.161081	0.128929	0.941709	0.394403	0.037043
20	37	0.227991	0.214059	0.336319	-0.487972	0.142010	-1.129201	23	5	0	9.658732	0.032072	0.087636	0.443714	0.139833	0.385103	0.256575	0.152903	0.326090
20	38	0.324186	0.338959	0.401448	-0.123519	0.761379	-0.215518	25	6	0	9.120176	0.156831	0.079298	0.443714	0.187700	0.109285	0.619628	0.469291	0.527742
20	39	0.718269	0.190968	0.592722	-0.464983	0.084840	-0.288176	116	23	1	10.524016	0.765795	0.855597	0.732922	0.783275	0.582665	0.619628	0.878528	0.527742
20	40	0.878007	0.111650	0.569733	0.002461	0.195763	-0.326184	170	38	0	9.553458	0.950529	0.809734	0.996873	0.907393	0.659878	0.885022	0.852470	0.962155
20	41	0.445358	0.284157	0.401448	1.244614	-0.156750	0.251587	14	2	0	9.338169	0.101427	0.096376	0.655949	0.483323	0.857601	0.553560	0.455099	0.359525
20	42	0.376904	0.228873	0.440919	-0.497217	-0.132460	-0.462204	38	8	1	9.776803	0.006815	0.464160	0.423108	0.351668	0.284638	0.602149	0.657473	0.225225
20	43	0.323485	0.286161	0.479440	-0.090180	0.365502	0.317180	23	5	0	10.062338	0.601267	0.264994	0.076652	0.443634	0.573605	0.084189	0.318313	0.225225
20	44	0.659457	0.414709	0.610201	0.958901	1.163624	0.984013	37	8	0	8.089426	0.436097	0.834509	0.817030	0.893602	0.413647	0.877245	0.778303	0.225225
20	45	0.425443	0.138751	0.336319	-0.090654	-0.923013	-1.290024	44	10	0	8.423496	0.508339	0.510664	0.396568	0.435856	0.548188	0.290972	0.432328	0.280629
20	46	0.353823	0.260483	0.439155	-0.014719	0.202206	0.174131	35	8	0	7.210467	0.148412	0.775257	0.539448	0.272851	0.194836	0.272210	0.197563	0.430003
20	47	0.570698	0.245730	0.439155	-0.337166	0.384046	-0.419173	111	23	0	6.889353	0.121392	0.493505	0.828496	0.558531	0.692992	0.626203	0.814464	0.430003
20	48	0.321630	0.234926	0.397336	-0.424846	0.157995	-0.419828	44	10	0	7.902225	0.198525	0.165651	0.430404	0.194676	0.232200	0.482842	0.438743	0.430003
20	49	0.268862	0.339039	0.401448	0.267100	0.816664	0.382012	21	5	0	5.265463	0.235407	0.422947	0.231639	0.078817	0.407072	0.051555	0.696921	0.026539
20	50	0.584128	0.272671	0.401448	0.772918	0.164288	-0.123757	37	9	0	7.265351	0.272851	0.673028	0.540811	0.666533	0.442992	0.854233	0.811578	0.411001
20	51	0.386676	0.069636	0.574052	0.160313	-1.918104	0.847751	25	5	0	9.276421	0.739015	0.433852	0.306366	0.376443	0.350465	0.207184	0.353993	0.326090
20	52	0.547907	0.317712	0.511420	0.451165	0.573265	0.538883	47	12	0	6.933844	0.208547	0.931607	0.458307	0.605997	0.355035	0.880452	0.357521	0.585792
20	53	0.659678	0.182088	0.498156	-0.098577	-0.130849	-0.225914	92	19	0	9.280105	0.573605	0.709670	0.509862	0.724262	0.884140	0.786241	0.621151	0.468489
20	54	0.490308	0.193313	0.426956	0.021169	-0.398284	-0.304921	49	10	0	9.106455	0.548910	0.307649	0.271087	0.522611	0.390074	0.855677	0.422065	0.604394
20	55	0.521328	0.124258	0.439155	0.127750	-1.115949	-0.258735	50	9	0	9.512964	0.330260	0.699888	0.536161	0.494307	0.534477	0.566309	0.645125	0.364096
20	56	0.385774	0.174150	0.378138	0.094613	-0.621786	-0.559234	33	6	0	8.142038	0.365619	0.208387	0.271087	0.307328	0.584750	0.309814	0.604233	0.434974
20	57	0.275186	0.173709	0.336319	-0.427254	-0.285802	-1.069778	41	8	0	7.368215	0.154346	0.114897	0.303881	0.280548	0.289529	0.434253	0.458467	0.165571
20	58	0.472087	0.438462	0.441389	-0.261291	1.437676	-0.213762	73	14	0	7.606939	0.106960	0.820318	0.206462	0.623236	0.683772	0.237733	0.663246	0.434974
20	59	0.519393	0.274635	0.618127	0.359872	0.187636	0.920966	40	8	0	8.705842	0.652261	0.747996	0.701812	0.466645	0.365058	0.398332	0.480276	0.342768
20	60	0.428740	0.322282	0.438090	0.308450	0.489956	0.084738	28	6	0	8.333928	0.634622	0.399455	0.580180	0.132777	0.369147	0.811578	0.210231	0.291934
20	61	0.489877	0.159457	0.490230	-0.410483	-0.550252	-0.069182	75	16	0	8.728040	0.104715	0.481559	0.341325	0.600866	0.744788	0.559333	0.608964	0.477470
20	62	0.421424	0.168317	0.740138	0.191955	-0.723000	1.592615	34	5	0	8.977009	0.698685	0.376764	0.224343	0.498717	0.208467	0.531751	0.407954	0.424711
20	63	0.753067	0.239557	0.737538	0.608975	0.449241	1.169890	79	13	0	8.615609	0.606078	0.951812	0.752004	0.909237	0.933130	0.748717	0.698845	0.424711
20	64	0.569596	0.289148	0.622686	0.215528	0.422298	0.743331	53	11	0	9.157072	0.914609	0.707826	0.311818	0.701812	0.515956	0.597498	0.382537	0.424711
20	65	0.280759	0.139553	0.463026	-0.617238	-0.556998	0.215406	50	12	0	7.012761	0.722418	0.097178	0.127405	0.183130	0.212075	0.282152	0.388550	0.233162
20	66	0.460061	0.309714	0.523378	-0.423505	0.661942	0.083316	62	13	0	10.124987	0.696199	0.592447	0.547867	0.597418	0.249759	0.295382	0.499198	0.202213
20	67	0.330991	0.281771	0.560238	-0.061521	0.317365	0.749933	23	5	0	10.022608	0.515956	0.514352	0.479795	0.398012	0.226267	0.103191	0.208146	0.202213
20	68	0.161271	0.090202	0.336319	-0.827239	-0.619580	-0.955892	26	6	0	7.664267	0.038887	0.168618	0.003127	0.168377	0.210632	0.140956	0.203977	0.355597
20	69	0.553350	0.273473	0.459750	-0.381877	0.474584	-0.465821	78	18	0	10.151533	0.079618	0.715683	0.766357	0.641196	0.438823	0.557970	0.766918	0.460231
20	70	0.330761	0.325970	0.446154	-0.223668	0.806493	0.171444	44	8	0	7.249235	0.533756	0.281430	0.250561	0.082344	0.332344	0.048749	0.536642	0.580260
20	71	0.727470	0.274655	0.414277	-0.328805	0.974827	-1.026810	144	28	0	8.833380	0.648974	0.450289	0.698605	0.469291	0.867623	0.955340	0.817672	0.911963
20	72	0.674080	0.139332	0.644965	-0.082971	-0.506035	0.504607	98	21	0	8.696276	0.675674	0.704378	0.481398	0.717126	0.463919	0.833788	0.648813	0.867543
20	73	0.610668	0.226147	0.492658	0.104340	0.088665	0.021780	76	15	0	8.179243	0.516357	0.558531	0.679282	0.791453	0.188262	0.948364	0.486770	0.716325
20	74	0.492834	0.186498	0.553675	0.036876	-0.421286	0.581727	54	13	0	7.614401	0.505613	0.482761	0.793938	0.390715	0.364256	0.685856	0.363935	0.355597
20	75	0.332665	0.286582	0.385137	-0.542257	0.611359	-0.658469	55	10	0	8.056167	0.214240	0.191790	0.710231	0.422306	0.059974	0.435295	0.105837	0.521648
20	76	0.330410	0.250220	0.336319	-0.852935	0.394764	-1.547697	62	13	0	9.129876	0.094211	0.358724	0.298829	0.667656	0.080821	0.406270	0.215122	0.521648
20	77	0.641597	0.082725	0.457402	-0.168190	-1.290457	-0.551551	86	18	0	10.586463	0.394403	0.710471	0.688582	0.612813	0.643121	0.720253	0.727149	0.635985
20	78	0.509652	0.144704	0.469784	0.136020	-0.917172	-0.037360	44	8	0	10.516789	0.704939	0.398894	0.440988	0.507216	0.308611	0.720253	0.464400	0.531911
20	79	0.346697	0.281270	0.401448	0.312069	0.249530	0.113907	23	5	0	7.192873	0.131174	0.494628	0.003127	0.253849	0.391116	0.720253	0.527662	0.251764
20	80	0.522460	0.295422	0.479359	-0.492464	0.676055	-0.323658	89	15	0	9.901678	0.178480	0.568393	0.683291	0.247434	0.637508	0.439865	0.698845	0.725866
20	81	0.515204	0.125341	0.551590	-0.552432	-0.865257	0.050896	83	18	0	10.008421	0.455180	0.692110	0.482200	0.676395	0.416052	0.489978	0.535520	0.374198
20	82	0.484365	0.267720	0.513264	0.298484	0.157625	0.532086	43	9	0	7.545298	0.529266	0.540731	0.578576	0.596697	0.201812	0.831944	0.263069	0.332826
20	83	0.400928	0.109064	0.493299	0.191120	-1.394606	0.502260	27	7	0	8.148261	0.682409	0.112091	0.456543	0.493345	0.394484	0.403704	0.380933	0.283916
20	84	0.367012	0.309413	0.416659	-0.215325	0.609983	-0.181642	41	9	0	8.244069	0.087636	0.771408	0.517479	0.242784	0.442030	0.151539	0.506895	0.216325
20	85	0.490198	0.122013	0.503906	0.197076	-1.179199	0.351226	44	9	0	8.362546	0.395205	0.411321	0.482200	0.465202	0.749599	0.497755	0.623958	0.296344
20	86	0.614917	0.270105	0.489554	-0.673836	0.736382	-0.460910	135	29	0	8.632091	0.200128	0.491581	0.677037	0.466645	0.730597	0.813903	0.741180	0.798268
20	87	0.655348	0.087115	0.579217	0.033619	-1.220615	0.270558	89	15	0	9.184355	0.580420	0.661722	0.616822	0.865699	0.668217	0.446440	0.715523	0.687941
20	88	0.611049	0.250060	0.717711	0.304326	0.172598	1.194702	59	12	0	8.701391	0.856238	0.746232	0.705180	0.260183	0.730356	0.446440	0.646889	0.496873
20	89	0.527261	0.189845	0.528292	0.125460	-0.394203	0.400984	55	12	0	8.050772	0.812781	0.437219	0.627726	0.599824	0.595334	0.385744	0.332104	0.427357
20	90	0.388911	0.100706	0.336319	-0.768366	-1.047235	-1.494756	86	18	0	7.280248	0.399535	0.205420	0.301716	0.362251	0.325529	0.321841	0.471456	0.723541
20	91	0.287203	0.207565	0.336319	-0.758209	0.051345	-1.443253	45	9	0	10.057418	0.332184	0.239737	0.176956	0.522611	0.158034	0.073445	0.553720	0.240940
20	92	0.226918	0.197863	0.336319	-0.658869	0.119313	-1.112307	35	8	0	7.915639	0.048749	0.091244	0.666453	0.078817	0.446199	0.165972	0.088278	0.229634
20	93	0.393151	0.313582	0.564705	0.281279	0.428737	0.892819	23	5	0	8.815230	0.437059	0.761466	0.666453	0.480917	0.097338	0.165972	0.306366	0.229634
20	94	0.588849	0.144343	0.501936	-0.563921	-0.660526	-0.455987	92	21	1	8.545275	0.113775	0.530148	0.666453	0.565747	0.650738	0.750241	0.748156	0.685536
20	95	0.270506	0.160600	0.470150	-0.241149	-0.586256	0.287219	21	5	0	10.163773	0.615459	0.298829	0.439945	0.139833	0.280629	0.013550	0.184734	0.191068
20	96	0.668026	0.200649	0.625103	0.115374	-0.038661	0.476677	77	16	0	9.737928	0.229634	0.763871	0.783355	0.676876	0.772210	0.364657	0.905789	0.847819
20	97	0.820999	0.075188	0.580844	-0.000811	-0.712585	-0.104200	137	31	0	9.411084	0.763631	0.898092	0.734686	0.872434	0.852870	0.855035	0.791052	0.800192
20	98	0.365729	0.185055	0.409134	-0.214029	-0.321551	-0.059765	52	13	0	6.073308	0.895205	0.143281	0.551876	0.144804	0.255212	0.359445	0.327614	0.248396
20	99	0.456563	0.246653	0.378138	-0.349925	0.149016	-1.009257	58	14	0	9.125603	0.263791	0.289609	0.486369	0.185776	0.437380	0.847899	0.660119	0.481559
20	100	0.321620	0.230797	0.397336	-0.360083	0.076339	-0.436886	38	8	0	8.591363	0.232922	0.100144	0.492623	0.242784	0.222178	0.452293	0.487251	0.342768
20	101	0.230226	0.062019	0.336319	-0.695721	-1.445670	-1.153475	38	8	0	8.037767	0.375000	0.119387	0.170783	0.247434	0.218489	0.294500	0.205981	0.210231
20	102	0.450359	0.083106	0.700460	-0.397568	-1.689718	0.772559	45	9	1	10.825001	0.489256	0.646328	0.493826	0.516758	0.504089	0.184493	0.303881	0.464240
20	103	0.295712	0.091184	0.492658	-0.441179	-1.310747	0.248074	32	6	0	10.527538	0.249519	0.234124	0.195718	0.456382	0.279025	0.488534	0.229233	0.233162
20	104	0.430394	0.122053	0.583547	-0.212954	-1.030592	0.708810	58	12	0	7.649557	0.396648	0.336353	0.647130	0.430404	0.352229	0.488534	0.327614	0.464240
20	105	0.324607	0.181827	0.399100	-0.380376	-0.358900	-0.446734	38	7	0	9.325526	0.125160	0.419259	0.168377	0.433852	0.344131	0.265314	0.449567	0.391196
20	106	0.261616	0.150277	0.443680	-0.307375	-0.849191	-0.191114	17	3	1	13.444766	0.463278	0.382858	0.218329	0.318954	0.090924	0.265314	0.192672	0.160600
20	107	0.394063	0.260443	0.613363	-0.266262	-0.016148	0.524750	25	6	1	11.766225	0.726026	0.569195	0.234606	0.396087	0.299631	0.265314	0.501042	0.160600
20	108	0.686959	0.138310	0.662203	0.032977	-0.732614	0.368983	70	14	1	10.440205	0.733563	0.657874	0.720334	0.720093	0.558932	0.984525	0.526219	0.594131
20	109	0.437229	0.143862	0.378138	-0.267942	-0.794951	-0.888215	55	12	0	8.506165	0.210953	0.258419	0.708627	0.432248	0.389513	0.476668	0.572402	0.449006
20	110	0.330871	0.155408	0.589332	-0.410388	-0.566796	0.835356	47	10	0	7.740420	0.388631	0.408675	0.154185	0.584910	0.257216	0.181286	0.292495	0.379570
20	111	0.553951	0.295682	0.632365	-0.069014	0.350244	0.448038	47	11	1	9.923514	0.791132	0.681366	0.553400	0.380212	0.422947	0.181286	0.716004	0.705260
20	112	0.432940	0.181126	0.426956	-0.219398	-0.445280	-0.288701	52	11	0	8.605912	0.719452	0.509381	0.366501	0.606960	0.401379	0.181286	0.366020	0.312540
20	113	0.636987	0.243966	0.450266	0.139969	0.253807	-0.354661	75	14	0	9.029980	0.482601	0.352069	0.731318	0.519965	0.738454	0.802999	0.663246	0.805244
20	114	0.715473	0.148813	0.508568	0.338902	-0.409445	0.065455	85	19	0	7.740282	0.604474	0.574888	0.648974	0.761546	0.692591	0.959509	0.641677	0.840122
20	115	0.687560	0.129791	0.636821	0.680042	-0.908768	0.794919	46	11	0	9.783421	0.766758	0.840683	0.253528	0.781190	0.720334	0.504089	0.856879	0.777021
20	116	0.263169	0.258599	0.336319	-0.793921	0.571480	-1.334412	50	9	0	8.571930	0.192271	0.021408	0.438422	0.158836	0.217607	0.506414	0.159397	0.411001
20	117	0.446199	0.255472	0.459750	-0.328763	0.232162	-0.143561	61	13	0	8.515142	0.376443	0.728432	0.261466	0.597418	0.395366	0.167174	0.620430	0.422867
20	118	0.169169	0.121933	0.336319	-1.287158	-0.249241	-1.489065	28	7	0	13.655272	0.139673	0.037444	0.115539	0.312460	0.276700	0.109846	0.139192	0.222498
20	119	0.378428	0.486109	0.446154	-0.185235	1.477773	-0.186931	26	6	0	13.412558	0.616581	0.591806	0.112572	0.326331	0.799471	0.109846	0.379971	0.090843
20	120	0.405438	0.302939	0.336319	-0.673107	0.692142	-1.639442	65	14	0	9.775781	0.222017	0.216886	0.556446	0.272851	0.582986	0.412444	0.583387	0.396488
20	121	0.636947	0.337296	0.554671	-0.080388	0.996032	0.076446	81	16	0	10.534900	0.512989	0.906751	0.674551	0.873076	0.341886	0.412444	0.564705	0.809173
20	122	0.349743	0.310075	0.336319	-0.022263	0.542438	-1.101720	28	6	0	8.541636	0.103432	0.215122	0.757537	0.233964	0.182729	0.795702	0.385103	0.124359
20	123	0.530408	0.231859	0.336319	-0.485234	0.199401	-1.717767	91	20	0	8.409262	0.562219	0.462556	0.371873	0.609846	0.334349	0.777742	0.413727	0.710953
20	124	0.765455	0.205540	0.614302	0.537119	0.017014	0.279040	58	12	1	9.859671	0.903223	0.675674	0.875160	0.777983	0.450529	0.933371	0.830741	0.676956
20	125	0.231338	0.152682	0.424723	-0.577382	-0.343889	0.027306	35	8	0	7.474135	0.555404	0.194275	0.063823	0.123396	0.335953	0.229233	0.100225	0.248396
20	126	0.429231	0.277341	0.400245	0.034354	0.304826	-0.299541	47	9	0	7.596476	0.523573	0.160920	0.636947	0.312460	0.719291	0.438342	0.153624	0.488695
20	127	0.359024	0.218329	0.336319	-0.640652	0.081160	-1.430605	63	13	0	8.133878	0.221296	0.215924	0.402261	0.329939	0.369949	0.587877	0.198605	0.546344
20	128	0.607421	0.162945	0.336319	-0.155746	-0.420041	-1.720602	85	18	0	8.921261	0.675353	0.427598	0.530468	0.473781	0.565106	0.878127	0.618024	0.690908
20	129	0.457455	0.307308	0.511970	0.057589	0.486342	0.364108	43	9	0	8.677473	0.614817	0.240539	0.286642	0.499759	0.677277	0.592287	0.456382	0.291934
20	130	0.731719	0.109205	0.685192	0.035991	-0.728213	0.631160	106	21	0	9.077471	0.817912	0.618024	0.797947	0.887829	0.718970	0.500722	0.724984	0.787364
20	131	0.799771	0.046845	0.528258	0.173827	-1.572138	-0.397957	94	19	1	9.536766	0.803720	0.846777	0.777662	0.803079	0.737572	0.917094	0.788727	0.723541
20	132	0.686718	0.198344	0.472533	0.338186	-0.039901	-0.173201	76	15	0	8.554478	0.612652	0.582104	0.858082	0.653464	0.640635	0.857120	0.785439	0.504250
20	133	0.651680	0.186217	0.537662	0.494331	-0.272198	0.466210	67	14	0	7.224311	0.446360	0.569195	0.700048	0.699006	0.638871	0.820799	0.870670	0.468489
20	134	0.597679	0.094852	0.378138	-0.169185	-1.136436	-1.097724	97	19	0	7.691127	0.530629	0.607280	0.594612	0.437620	0.597579	0.820799	0.521729	0.671183
20	135	0.582775	0.172005	0.378138	0.194124	-0.501510	-0.931256	62	12	0	8.498506	0.383579	0.674230	0.453817	0.474904	0.630773	0.820799	0.595414	0.628688
21	1	0.563893	0.348541	0.562998	0.556737	0.684733	0.664483	37	7	0	9.068897	0.392399	0.719532	0.780629	0.371472	0.801074	0.340843	0.713999	0.391196
21	2	0.439134	0.232962	0.485075	-0.154257	-0.002551	0.161243	52	11	0	8.233657	0.183932	0.704378	0.310696	0.553801	0.483643	0.391116	0.559413	0.326090
21	3	0.743846	0.147410	0.648206	0.333996	-0.328477	0.594577	90	17	0	8.791310	0.574968	0.811337	0.406190	0.816549	0.729955	0.962396	0.744548	0.904827
21	4	0.407152	0.045843	0.426956	-0.025940	-2.156514	0.062060	55	11	0	6.125440	0.381334	0.354795	0.376283	0.428720	0.328335	0.332665	0.383900	0.671183
21	5	0.671725	0.196520	0.747537	0.336983	-0.118373	1.228918	71	14	0	8.714687	0.559253	0.657874	0.486369	0.570879	0.587476	0.951732	0.748877	0.811337
21	6	0.482210	0.142339	0.397336	0.255243	-0.949444	-0.367553	44	9	0	7.672824	0.388069	0.289128	0.831302	0.396087	0.393521	0.456382	0.517399	0.585792
21	7	0.600104	0.116020	0.385137	0.168720	-1.030923	-0.778361	74	15	0	7.603560	0.500641	0.653865	0.595334	0.676876	0.303961	0.805404	0.682088	0.582665
21	8	0.511496	0.120710	0.439155	0.138852	-1.156761	-0.206332	50	9	0	8.996786	0.533355	0.485969	0.607922	0.447883	0.393281	0.805404	0.443954	0.374198
21	9	0.396328	0.082645	0.336319	-0.272343	-1.518501	-1.360712	52	8	0	8.852473	0.386626	0.127806	0.259060	0.356318	0.484525	0.805404	0.391357	0.359525
21	10	0.537203	0.233724	0.489474	0.385559	-0.093563	0.308076	46	9	0	8.029541	0.404987	0.464801	0.328817	0.447883	0.643682	0.870269	0.705099	0.432088
21	11	0.454197	0.276239	0.336319	-0.370981	0.247114	-1.705052	53	10	1	8.785099	0.414609	0.676235	0.302758	0.307328	0.610087	0.300353	0.573204	0.449006
21	12	0.249349	0.125601	0.378138	-0.837118	-0.692522	-0.930038	35	7	0	12.155467	0.148412	0.264031	0.145125	0.192511	0.298509	0.244788	0.368586	0.332826
21	13	0.547857	0.286562	0.757411	0.017762	0.419072	1.253906	57	10	0	10.727686	0.567431	0.400818	0.336193	0.750962	0.353432	0.708547	0.664529	0.600946
21	14	0.201862	0.083327	0.397336	-0.378193	-1.036692	0.079533	29	6	0	5.778735	0.258740	0.213358	0.078576	0.046183	0.243345	0.283836	0.215122	0.275738
21	15	0.414949	0.206001	0.397336	-0.251344	-0.261046	-0.683933	44	8	0	10.994829	0.359365	0.238294	0.193473	0.316870	0.720975	0.283836	0.397611	0.809173
21	16	0.381765	0.341104	0.414277	-0.034403	0.768568	-0.110424	41	7	0	7.848163	0.205901	0.277181	0.323204	0.156430	0.804602	0.513470	0.165811	0.607521
21	17	0.575158	0.164949	0.501306	0.303799	-0.636765	0.204662	52	11	0	8.642910	0.574968	0.665090	0.648412	0.765074	0.409157	0.578897	0.495430	0.464240
21	18	0.556497	0.088157	0.620201	-0.484358	-1.476422	0.101209	67	14	1	11.836377	0.548910	0.497354	0.324487	0.638550	0.556126	0.815106	0.570959	0.500481
21	19	0.487943	0.111349	0.440919	-0.267913	-1.125021	-0.311174	71	14	0	8.259969	0.603352	0.385985	0.348781	0.437620	0.513631	0.656270	0.453656	0.504250
21	20	0.336504	0.258659	0.397336	-0.185333	0.189321	-0.457882	30	5	0	10.245651	0.598220	0.334670	0.705981	0.218890	0.101187	0.395366	0.205981	0.131735
21	21	0.492804	0.295221	0.416659	0.555561	0.281385	0.048084	33	7	0	7.405979	0.327534	0.499359	0.325529	0.437620	0.594852	0.825208	0.704458	0.227870
21	22	0.590182	0.264613	0.582516	0.294465	0.314311	0.706177	66	14	0	7.183336	0.246472	0.458226	0.402261	0.487251	0.962235	0.949326	0.586995	0.628688
21	23	0.418407	0.207585	0.378138	0.248041	-0.401915	-0.580817	27	6	0	8.682936	0.440106	0.516998	0.357040	0.228432	0.635904	0.578897	0.220654	0.369227
21	24	0.680695	0.123356	0.433588	-0.156594	-0.627501	-0.671930	111	26	0	8.019516	0.529666	0.696360	0.421504	0.683531	0.662684	0.885985	0.722659	0.843169
21	25	0.394634	0.077173	0.336319	-0.434929	-1.483875	-1.289434	67	15	0	6.930176	0.309012	0.362412	0.447482	0.424391	0.324727	0.512187	0.385664	0.391196
21	26	0.420612	0.100946	0.336319	-0.099960	-1.330365	-1.247886	49	10	0	7.879912	0.419019	0.421183	0.313182	0.350144	0.457745	0.534798	0.496793	0.372033
21	27	0.270275	0.179382	0.399100	-0.294260	-0.272228	-0.151411	34	6	0	7.507374	0.127405	0.226026	0.220414	0.274455	0.131334	0.416533	0.394003	0.372033
21	28	0.432058	0.278343	0.394621	-0.605865	0.509653	-0.886808	73	15	0	9.002123	0.542415	0.273172	0.295141	0.461033	0.297386	0.673669	0.268922	0.644724
21	29	0.400968	0.071400	0.426956	-0.421199	-1.593063	-0.205211	67	15	0	7.031793	0.454699	0.418538	0.347097	0.423428	0.265555	0.546264	0.388069	0.364096
21	30	0.872625	0.039689	0.658366	0.470912	-1.347329	0.172465	101	20	2	8.335635	0.883820	0.896007	0.882858	0.854634	0.908034	0.759381	0.935375	0.860888
21	31	0.476537	0.149535	0.401448	-0.380451	-0.682291	-0.699091	69	13	0	9.459300	0.535520	0.386546	0.558932	0.471857	0.339080	0.715763	0.393602	0.411001
21	32	0.553660	0.142660	0.485075	0.306469	-0.911282	0.126278	48	9	0	9.050564	0.484124	0.498477	0.787524	0.561257	0.382617	0.633740	0.463839	0.617704
21	33	0.687470	0.207785	0.589263	0.530448	-0.052261	0.519079	59	12	0	9.246621	0.788246	0.729955	0.542255	0.723861	0.831222	0.910680	0.366020	0.607521
21	34	0.468900	0.126764	0.336319	-0.032534	-1.055885	-1.342651	51	11	0	8.303879	0.272130	0.513871	0.477710	0.342768	0.437781	0.453095	0.632296	0.621552
21	35	0.557469	0.229013	0.535359	0.066011	-0.002664	0.278090	62	12	0	8.881455	0.485728	0.169580	0.561658	0.413085	0.625882	0.713598	0.799310	0.690908
21	36	0.595253	0.106378	0.397336	0.018290	-1.077148	-0.678934	88	17	0	7.178477	0.445237	0.469933	0.534157	0.607681	0.609846	0.868265	0.668377	0.558531
21	37	0.711464	0.152261	0.688674	0.946316	-0.651322	1.221224	46	9	0	8.496721	0.857521	0.756174	0.730115	0.865860	0.631013	0.632938	0.623958	0.594131
21	38	0.233092	0.161662	0.528223	-0.427654	-0.275139	0.845194	36	7	0	6.682400	0.218890	0.147691	0.186578	0.061257	0.339721	0.181286	0.332826	0.396488
21	39	0.463017	0.269905	0.436440	-0.516180	0.432892	-0.479702	76	16	0	8.748445	0.196681	0.329939	0.521809	0.500882	0.656270	0.292415	0.628287	0.577854
21	40	0.347037	0.196240	0.416659	-0.632087	-0.154568	-0.451777	54	10	0	9.657684	0.268602	0.281430	0.279266	0.294339	0.492383	0.466325	0.176155	0.517800
21	41	0.336273	0.154025	0.336319	-0.864948	-0.443642	-1.560192	68	13	0	8.961213	0.302919	0.280548	0.394163	0.216485	0.096055	0.491742	0.521087	0.387187
21	42	0.531250	0.174070	0.526494	-0.318444	-0.563522	-0.068816	64	14	1	8.492592	0.572001	0.604795	0.447482	0.350144	0.417736	0.656911	0.558852	0.642078
21	43	0.507908	0.153564	0.420542	-0.209073	-0.648399	-0.450099	70	15	0	8.198898	0.625481	0.372114	0.464400	0.603672	0.610808	0.471777	0.500641	0.414368
21	44	0.669921	0.318634	0.579893	-0.196830	1.041744	0.098031	103	20	0	9.713824	0.526780	0.381495	0.664689	0.546504	0.619628	0.865860	0.858323	0.896087
21	45	0.511355	0.191228	0.385137	-0.011974	-0.356322	-0.765966	58	12	0	8.430688	0.506174	0.436017	0.368987	0.447883	0.619387	0.800994	0.303881	0.607521
21	46	0.379801	0.130472	0.412318	-0.688630	-0.934082	-0.656503	58	12	1	7.908666	0.321039	0.387508	0.225786	0.541212	0.308130	0.331222	0.434814	0.488695
21	47	0.815577	0.111550	0.615711	0.402503	-0.411191	0.310587	106	22	0	8.864367	0.693634	0.825850	0.885584	0.761867	0.969131	0.852389	0.825208	0.710953
21	48	0.596667	0.156491	0.443439	0.499421	-0.747171	-0.121406	50	8	0	8.797397	0.595895	0.454939	0.542656	0.649375	0.760744	0.867383	0.555164	0.347178
21	49	0.271228	0.082545	0.336319	-0.726771	-1.258890	-1.370047	44	8	0	9.508190	0.187300	0.214480	0.247675	0.170702	0.230516	0.500722	0.271248	0.347178
21	50	0.417525	0.160920	0.336319	-0.059353	-0.721370	-1.292233	41	8	0	8.960208	0.322803	0.139994	0.246713	0.336353	0.410038	0.878849	0.376764	0.628688
21	51	0.555484	0.304642	0.440919	0.507743	0.463370	0.061653	47	10	0	7.263272	0.449166	0.297547	0.716565	0.548428	0.589320	0.734766	0.789689	0.318393
21	52	0.416282	0.233002	0.401448	-0.257795	0.041931	-0.422402	55	11	0	8.097245	0.304522	0.333788	0.519885	0.237251	0.592527	0.495109	0.566549	0.280629
21	53	0.127776	0.072623	0.336319	-1.025444	-0.517140	-0.927127	29	5	0	7.492470	0.051074	0.021408	0.084830	0.078817	0.158034	0.356479	0.131575	0.139994
21	54	0.198505	0.131134	0.336319	-0.704211	-0.341635	-0.935907	38	8	0	6.674877	0.084108	0.050192	0.252325	0.166533	0.202694	0.366020	0.153624	0.312540
21	55	0.253989	0.205581	0.336319	-0.501852	0.070710	-1.085679	37	7	0	7.769805	0.044500	0.079298	0.149294	0.190106	0.328335	0.563342	0.364496	0.312540
21	56	0.378778	0.118786	0.394621	-0.453071	-0.954347	-0.549578	67	13	0	7.081678	0.149856	0.259622	0.309173	0.360087	0.271328	0.892720	0.318954	0.468489
21	57	0.427097	0.369768	0.378138	0.018226	0.886034	-0.741575	41	7	0	8.921651	0.365218	0.623156	0.593008	0.846135	0.245029	0.372755	0.183451	0.188021
21	58	0.577574	0.294119	0.596616	0.426677	0.389255	0.686502	44	8	0	9.742221	0.781992	0.574326	0.342367	0.701251	0.377886	0.829618	0.569355	0.443794
21	59	0.239627	0.206422	0.426956	-0.447799	0.155230	0.201590	41	8	0	6.288413	0.076411	0.222338	0.295141	0.123396	0.062781	0.386867	0.249599	0.500481
21	60	0.327484	0.127686	0.401448	-0.127133	-0.950957	-0.097718	38	7	0	7.286064	0.262909	0.601507	0.428560	0.364817	0.293217	0.223541	0.139192	0.306126
21	61	0.364045	0.137608	0.466542	-0.082127	-0.883806	0.314806	42	8	0	7.387173	0.526780	0.404426	0.370911	0.439064	0.064625	0.517078	0.242303	0.347178
21	62	0.142529	0.088238	0.336319	-0.958674	-0.373297	-0.828499	38	7	0	5.948047	0.126123	0.176074	0.105997	0.137428	0.073605	0.269484	0.035199	0.216325
21	63	0.711293	0.123657	0.601244	0.999077	-0.968982	0.871007	47	9	0	7.963261	0.458708	0.896328	0.760423	0.832745	0.767158	0.640475	0.666373	0.668137
21	64	0.349272	0.213859	0.535359	-0.074625	-0.122550	0.759300	43	7	0	7.116545	0.528143	0.202453	0.247675	0.417014	0.267078	0.429682	0.190266	0.511867
21	65	0.463358	0.115398	0.426956	-0.091698	-1.233768	-0.385416	44	9	0	10.839231	0.469772	0.363374	0.488374	0.541212	0.447001	0.309814	0.544981	0.542335
21	66	0.190246	0.119788	0.336319	-1.132556	-0.289759	-1.189123	52	11	0	7.269683	0.250000	0.082826	0.152502	0.209509	0.063262	0.269484	0.178640	0.315747
21	67	0.210281	0.150597	0.336319	-1.054315	-0.145932	-1.336028	44	10	0	8.818689	0.091485	0.051155	0.235568	0.280548	0.154506	0.336113	0.217126	0.315747
21	68	0.587135	0.278283	0.656854	0.805455	0.220738	1.323191	41	7	0	7.292619	0.457906	0.713037	0.774615	0.933531	0.426876	0.384140	0.542736	0.464240
21	69	0.559754	0.483543	0.385137	0.589983	1.431291	-0.496151	40	8	0	7.960344	0.804121	0.666693	0.809974	0.900978	0.301956	0.201331	0.328736	0.464240
21	70	0.295181	0.121572	0.394621	-0.278035	-0.973309	-0.419474	33	5	0	8.909784	0.168217	0.308130	0.327293	0.413085	0.338679	0.212155	0.366020	0.227870
21	71	0.593760	0.275317	0.623454	0.579507	0.272096	0.958132	49	8	0	8.113959	0.822723	0.428400	0.700529	0.911562	0.294740	0.589561	0.464881	0.537684
21	72	0.446340	0.256414	0.409134	-0.117678	0.141320	-0.422718	48	9	0	9.382965	0.593008	0.328656	0.422386	0.587396	0.237813	0.569836	0.285279	0.546344
21	73	0.549320	0.341846	0.378138	-0.284547	1.014445	-1.078997	99	16	0	7.780597	0.318233	0.286081	0.386867	0.407232	0.691469	0.873877	0.658996	0.771809
21	74	0.507206	0.167375	0.485075	-0.404820	-0.396376	-0.081027	92	17	0	7.720657	0.378207	0.467287	0.421504	0.486209	0.394484	0.567431	0.626203	0.716325
21	75	0.219943	0.317351	0.416659	-0.681257	1.116118	-0.067509	36	7	0	7.983959	0.192271	0.089721	0.402261	0.057569	0.038727	0.586033	0.033435	0.359525
21	76	0.401650	0.195398	0.457402	-0.584507	-0.201140	-0.267420	62	12	0	9.646594	0.253127	0.238294	0.567431	0.398012	0.313021	0.439865	0.518281	0.485167
21	77	0.275527	0.113514	0.378138	-1.000838	-0.710163	-0.879289	74	13	0	7.596187	0.144003	0.137989	0.259060	0.292816	0.304121	0.439865	0.235167	0.391196
21	78	0.742744	0.129229	0.728031	0.514931	-0.625980	1.064255	74	14	0	9.291856	0.524134	0.526299	0.855115	0.913326	0.780067	0.754330	0.771648	0.817030
21	79	0.903694	0.051375	0.731433	0.882581	-0.875950	0.688501	91	17	1	8.841572	0.893602	0.993024	0.907633	0.946360	0.883258	0.749519	0.915090	0.941068
21	80	0.676966	0.089360	0.612607	0.513295	-1.341943	0.614506	56	11	0	9.746692	0.641116	0.744307	0.450690	0.712316	0.644804	0.924070	0.600465	0.697963
21	81	0.681386	0.155127	0.539025	0.325447	-0.453490	0.242732	80	15	0	8.188713	0.657072	0.548669	0.721456	0.959349	0.655067	0.561337	0.765475	0.582665
21	82	0.541603	0.299050	0.479440	-0.037785	0.560671	-0.045670	64	13	0	8.821093	0.097659	0.445318	0.482200	0.685856	0.368345	0.722659	0.732521	0.798268
21	83	0.789549	0.361871	0.774867	1.152461	1.281892	1.586203	52	11	0	8.172878	0.997194	0.932729	0.966886	0.999278	0.564304	0.543297	0.684012	0.628688
21	84	0.739216	0.096195	0.661333	0.390608	-0.948753	0.728909	86	17	0	8.428999	0.828015	0.779346	0.734205	0.924391	0.504570	0.789849	0.743185	0.610167
21	85	0.700459	0.335471	0.756117	0.911450	0.806523	1.489021	42	8	0	9.419767	0.862572	0.824647	0.860487	0.936418	0.532633	0.618826	0.463839	0.504250
21	86	0.275086	0.291032	0.394598	-0.436707	0.682612	-0.411525	38	7	0	7.983959	0.108002	0.039448	0.860487	0.228432	0.051395	0.618826	0.045702	0.248396
21	87	0.926606	0.052939	0.735419	0.816316	-0.520750	0.572657	105	23	1	8.852966	0.942672	0.971376	0.926475	0.970093	0.803480	0.952935	0.879089	0.966725
21	88	0.599743	0.445338	0.476244	0.434190	1.335520	0.033146	49	9	0	9.318707	0.702614	0.757056	0.886706	0.868345	0.639272	0.350385	0.307008	0.286562
21	89	0.419259	0.231839	0.336319	-0.318658	0.022153	-1.440975	53	11	0	9.014578	0.126123	0.287123	0.374519	0.354394	0.423669	0.854233	0.208146	0.725866
21	90	0.689023	0.188602	0.708937	-0.186585	0.072896	0.684932	114	21	0	9.331869	0.686578	0.829458	0.745590	0.617223	0.524615	0.849984	0.491661	0.767078
21	91	0.676114	0.087235	0.652181	0.454363	-1.321513	0.795857	67	11	0	9.137669	0.516677	0.673749	0.664929	0.599824	0.636626	0.794580	0.622354	0.900176
21	92	0.565086	0.129009	0.336319	0.602700	-1.135200	-1.165349	40	8	0	8.025312	0.376443	0.563823	0.609846	0.461033	0.760744	0.669901	0.507457	0.571440
21	93	0.423008	0.301515	0.550800	0.142748	0.418269	0.719033	37	7	0	8.125987	0.281992	0.389272	0.224343	0.385584	0.673428	0.712636	0.182489	0.534317
21	94	0.400587	0.126523	0.394621	-0.344688	-0.930068	-0.580726	60	12	0	7.604733	0.413566	0.385584	0.334509	0.318954	0.379009	0.587877	0.124038	0.661161
21	95	0.595324	0.351487	0.664506	0.625855	0.728464	1.105609	38	7	0	9.359759	0.680805	0.752165	0.338198	0.723380	0.735808	0.302357	0.824727	0.405148
21	96	0.674671	0.358984	0.781270	0.310702	0.874738	1.068718	46	10	1	11.657130	0.937380	0.589080	0.977790	0.860087	0.332024	0.668056	0.524375	0.508579
21	97	0.698865	0.200489	0.485258	0.111122	0.104242	-0.202140	94	20	0	8.254304	0.810055	0.653143	0.442191	0.839801	0.904185	0.701411	0.731559	0.508579
21	98	0.528855	0.153303	0.567305	0.088470	-0.770119	0.505636	52	11	0	9.102352	0.687620	0.820959	0.476748	0.595734	0.431366	0.136626	0.573204	0.508579
21	99	0.345103	0.172226	0.378138	-0.294767	-0.451848	-0.636087	45	10	0	7.532933	0.410840	0.092046	0.257858	0.272851	0.367543	0.522691	0.269484	0.567511
21	100	0.376784	0.199607	0.433588	-0.210802	-0.344220	-0.242319	32	7	0	11.050545	0.341164	0.509381	0.529185	0.497434	0.226668	0.325529	0.193714	0.391196
21	101	0.511937	0.182028	0.474136	0.215191	-0.536670	0.099603	46	9	0	8.713422	0.862973	0.280228	0.490459	0.862813	0.453095	0.441950	0.218810	0.485167
21	102	0.441679	0.130392	0.492497	-0.218072	-0.997738	0.084922	48	10	0	9.912938	0.338198	0.441228	0.961594	0.390715	0.176315	0.441950	0.286562	0.496873
21	103	0.539328	0.138550	0.545382	0.025445	-0.840557	0.360850	67	11	0	8.543020	0.534557	0.613695	0.580500	0.652903	0.335632	0.661963	0.336113	0.599262
21	104	0.784427	0.162925	0.803995	0.416203	-0.052637	1.272529	87	19	0	9.304692	0.881976	0.874679	0.930645	0.805484	0.870350	0.561337	0.751684	0.599262
21	105	0.768912	0.065807	0.695730	0.875831	-1.446832	1.095255	63	12	0	8.431688	0.869387	0.658515	0.797226	0.768281	0.792816	0.834910	0.785439	0.644724
21	106	0.428640	0.239256	0.436440	0.390265	-0.156474	0.164229	28	6	0	7.696585	0.530629	0.370510	0.305404	0.563903	0.347579	0.747915	0.282553	0.280629
21	107	0.549511	0.336013	0.484754	1.046091	0.494902	0.724548	29	5	0	6.560034	0.582665	0.203817	0.930484	0.537925	0.952293	0.336113	0.526700	0.326090
21	108	0.324487	0.249158	0.336319	-0.446755	0.318284	-1.135741	54	12	0	6.740963	0.143361	0.153624	0.207826	0.123396	0.756174	0.379410	0.447723	0.384381
21	109	0.498447	0.178480	0.499221	-0.170324	-0.430173	0.108385	64	14	0	8.332069	0.372033	0.415010	0.534157	0.492303	0.578095	0.328095	0.596697	0.671183
21	110	0.175994	0.167174	0.399100	-1.033139	0.235466	-0.290837	39	8	0	7.885043	0.238454	0.023573	0.288967	0.066469	0.107601	0.328095	0.103031	0.251764
21	111	0.272661	0.096917	0.378138	-0.664606	-1.119402	-0.832743	36	8	0	10.102857	0.140635	0.305645	0.243906	0.328496	0.190988	0.222258	0.260664	0.488695
21	112	0.618465	0.109225	0.539093	0.528819	-1.223999	0.509452	54	11	0	7.836939	0.638550	0.584429	0.524856	0.664208	0.722418	0.635584	0.444917	0.732761
22	1	0.781300	0.233343	0.713518	1.091277	0.329794	1.277065	51	11	0	8.454429	0.955500	0.914128	0.981799	0.595734	0.722899	0.738294	0.595815	0.746232
22	2	0.805524	0.197402	0.720540	0.051825	0.367267	0.455435	107	22	1	9.353815	0.640074	0.769163	0.523813	0.963999	0.875160	0.965763	0.924391	0.781831
22	3	0.454448	0.115799	0.504696	-0.170797	-1.146770	0.233969	55	12	0	8.273267	0.268602	0.218489	0.486369	0.496071	0.473461	0.434253	0.711995	0.546344
22	4	0.480737	0.228031	0.414277	-0.007764	-0.065406	-0.320674	54	11	0	8.134123	0.419500	0.076812	0.620029	0.329939	0.762829	0.640475	0.547306	0.449006
22	5	0.963679	0.030629	0.857063	-0.296670	0.211765	0.301923	337	73	1	9.364854	0.884942	0.985167	0.964480	0.925834	0.981318	0.986289	0.983563	0.997835
22	6	0.410109	0.214962	0.401448	-0.251301	-0.081994	-0.325025	58	13	0	7.158081	0.268602	0.575208	0.310696	0.197162	0.466084	0.495109	0.320638	0.647370
22	7	0.268812	0.073184	0.336319	-0.954007	-1.299296	-1.449437	54	12	0	8.870610	0.131174	0.218489	0.786562	0.109525	0.239336	0.189945	0.199727	0.275738
22	8	0.447923	0.251283	0.507102	-0.137195	0.157539	0.349923	57	13	0	7.424453	0.179201	0.568714	0.371873	0.202213	0.675834	0.602149	0.409798	0.573605
22	9	0.640154	0.105075	0.669190	-0.213034	-1.157109	0.430222	79	17	1	9.038204	0.675353	0.686498	0.714881	0.702293	0.437380	0.721937	0.609285	0.573605
22	10	0.264753	0.069135	0.336319	-0.601360	-1.456002	-1.171004	43	9	0	7.800828	0.284076	0.165651	0.428159	0.282713	0.268201	0.048749	0.303159	0.337316
22	11	0.797697	0.068594	0.523779	0.051208	-0.951409	-0.269997	131	28	0	8.758205	0.770285	0.804442	0.827293	0.858643	0.897450	0.801956	0.755292	0.666212
22	12	0.301946	0.130893	0.336319	-0.892175	-0.626579	-1.430775	63	15	0	7.939809	0.240378	0.106799	0.201732	0.253849	0.238294	0.537765	0.170542	0.666212
22	13	0.648974	0.347579	0.693450	0.503794	0.882182	1.082464	52	11	0	9.213878	0.587155	0.866421	0.509862	0.867623	0.447643	0.413165	0.833708	0.666212
22	14	0.328626	0.222097	0.336319	-1.085855	0.330096	-1.571223	90	18	0	7.625116	0.151860	0.326732	0.358323	0.221135	0.225225	0.648974	0.068072	0.628688
22	15	0.853111	0.058331	0.736438	0.585892	-0.963363	0.887585	106	22	0	8.897160	0.890876	0.753849	0.653223	0.912604	0.881414	0.936899	0.906270	0.889753
22	16	0.282443	0.229935	0.336319	-0.425651	0.226845	-1.038962	46	9	0	6.809827	0.223380	0.168618	0.382537	0.237251	0.151700	0.429682	0.124038	0.542335
22	17	0.637368	0.414970	0.683886	-0.618474	1.559224	0.329883	125	23	1	8.222545	0.810455	0.695237	0.434974	0.336353	0.840683	0.209349	0.820157	0.951732
22	18	0.664068	0.298769	0.519678	-0.921209	1.191405	-0.511332	188	41	0	8.338945	0.275096	0.754971	0.919339	0.832745	0.649134	0.209349	0.751844	0.920061
22	19	0.721165	0.216184	0.771786	0.090404	0.274588	1.041726	89	19	0	10.045054	0.885263	0.887187	0.808611	0.968089	0.776058	0.300353	0.767239	0.376523
22	20	0.441990	0.370971	0.399100	0.068975	0.799468	-0.551477	28	6	0	12.493952	0.693954	0.339160	0.702293	0.738454	0.051876	0.300353	0.333307	0.376523
22	21	0.268572	0.322362	0.464228	-0.449238	0.618232	-0.128749	18	4	1	13.286789	0.029827	0.345414	0.556446	0.423428	0.049952	0.071199	0.295783	0.376523
22	22	0.382457	0.178600	0.593696	-0.642916	-0.318566	0.510700	63	12	0	9.308390	0.342367	0.444836	0.562059	0.674070	0.096456	0.253929	0.309413	0.376523
22	23	0.701582	0.192792	0.647473	-0.233869	0.163256	0.333369	121	23	0	9.312599	0.434493	0.885904	0.734686	0.801636	0.874679	0.634622	0.604554	0.642078
22	24	0.576291	0.190687	0.780159	0.504528	-0.449454	1.679892	46	9	0	8.196980	0.352470	0.463598	0.671825	0.543618	0.452453	0.933691	0.547947	0.644724
22	25	0.922075	0.038125	0.859651	0.768257	-0.709286	1.329576	134	26	0	8.787940	0.952774	0.962155	0.967848	0.958066	0.903704	0.773974	0.926716	0.931366
22	26	0.688101	0.109285	0.602733	0.143017	-0.891306	0.378711	91	16	0	8.952175	0.684092	0.746953	0.750000	0.722819	0.430725	0.895205	0.517800	0.757216
22	27	0.728372	0.200108	0.713828	0.148946	-0.122575	0.554089	64	14	2	9.906657	0.851588	0.941870	0.781270	0.821681	0.430725	0.666132	0.517800	0.815908
22	28	0.831062	0.187600	0.754101	0.456169	0.497032	0.972968	115	21	0	8.636326	0.838438	0.986450	0.937540	0.923268	0.750722	0.691389	0.704779	0.815908
22	29	0.823625	0.126363	0.759278	0.933404	-0.602828	0.994052	53	8	1	11.095657	0.894403	0.943794	0.887428	0.964641	0.825770	0.644243	0.572001	0.856719
22	30	0.872875	0.100184	0.685742	0.456872	-0.130682	0.503561	127	26	0	9.131104	0.794179	0.835231	0.844532	0.852309	0.824487	0.945718	0.928400	0.958146
22	31	0.651088	0.124559	0.532564	-0.259622	-0.693637	-0.103786	103	22	0	9.113251	0.638310	0.452293	0.688983	0.798509	0.660279	0.388550	0.653384	0.928400
22	32	0.635433	0.168517	0.669580	0.791092	-0.628028	1.251700	44	9	0	7.768172	0.672627	0.635183	0.909157	0.531751	0.531992	0.388550	0.630292	0.783916
22	33	0.674601	0.294419	0.594772	0.513841	0.578423	0.532331	53	11	0	10.127532	0.892960	0.760824	0.743826	0.901780	0.502004	0.491742	0.626203	0.477470
22	34	0.766577	0.090342	0.572081	0.185616	-0.824037	0.140841	112	22	0	8.403002	0.637909	0.700289	0.775176	0.804602	0.766517	0.733323	0.866982	0.847819
22	35	0.570227	0.467988	0.399100	-0.197083	1.692902	-0.798280	90	15	0	8.401995	0.270847	0.769564	0.608804	0.334990	0.269403	0.839080	0.570959	0.898172
22	36	0.927377	0.057409	0.819779	0.256570	-0.219853	0.590870	160	30	1	9.907818	0.968650	0.951972	0.977630	0.929442	0.920221	0.886546	0.813663	0.970895
22	37	0.779015	0.217668	0.461835	0.187788	0.544298	-0.533898	112	22	0	8.891051	0.519644	0.842928	0.908675	0.706783	0.885584	0.920382	0.574407	0.873717
22	38	0.519313	0.177397	0.450266	0.013104	-0.471545	-0.088975	60	15	0	7.581142	0.148412	0.575609	0.450690	0.588438	0.543778	0.740940	0.701491	0.405148
22	39	0.757006	0.194716	0.457654	1.043909	-0.058812	0.048754	56	11	0	7.574308	0.847579	0.675834	0.876604	0.801074	0.612973	0.576010	0.778143	0.887829
22	40	0.911672	0.087336	0.691045	-0.062457	0.103037	-0.077266	188	38	2	8.173988	0.901139	0.947322	0.881414	0.814545	0.953736	0.995430	0.833708	0.966084
22	41	0.676465	0.218830	0.336319	0.013913	0.254105	-1.730781	103	18	0	8.312471	0.512107	0.554843	0.722338	0.589240	0.704217	0.927758	0.514192	0.887027
22	42	0.238815	0.128167	0.388127	-0.716344	-0.578234	-0.447485	44	9	0	7.644241	0.277341	0.151860	0.100144	0.202213	0.177197	0.408836	0.228833	0.364096
22	43	0.160951	0.208186	0.388127	-0.337878	0.507325	0.135716	21	4	0	6.242395	0.000241	0.093650	0.100144	0.028784	0.063021	0.408836	0.228833	0.364096
22	44	0.448675	0.137147	0.409134	-0.349420	-0.822716	-0.498636	65	13	0	8.456756	0.349182	0.291292	0.458868	0.435856	0.613454	0.408836	0.667816	0.364096
22	45	0.750341	0.167335	0.644472	0.143980	-0.274320	0.164976	74	14	1	11.937015	0.873396	0.915250	0.588919	0.831543	0.703255	0.750241	0.759862	0.580260
22	46	0.693143	0.088258	0.582803	-0.228623	-0.981676	0.090380	121	24	0	8.819606	0.438983	0.663406	0.780869	0.651780	0.840843	0.736209	0.694997	0.738053
22	47	0.731779	0.146288	0.695730	0.533783	-0.466528	1.005187	75	15	0	8.275473	0.729073	0.579779	0.690106	0.866661	0.632216	0.810856	0.690427	0.855115
22	48	0.385744	0.332244	0.401860	-0.525550	0.851605	-0.543268	55	11	0	9.527764	0.306206	0.134541	0.823204	0.161081	0.410600	0.470574	0.175353	0.604394
22	49	0.280949	0.233964	0.336319	-0.358723	0.224098	-1.002983	39	9	0	6.929768	0.269644	0.182409	0.481398	0.066469	0.275818	0.391116	0.135504	0.445237
22	50	0.212727	0.175994	0.394621	-0.902410	0.083320	-0.474001	48	8	0	7.920235	0.191709	0.012909	0.307248	0.216485	0.175994	0.331222	0.021007	0.445237
22	51	0.452574	0.185696	0.515956	-0.077593	-0.459628	0.260667	48	8	0	9.711695	0.646809	0.405468	0.421504	0.667656	0.547867	0.331222	0.154827	0.445237
22	52	0.870540	0.073024	0.603844	0.511717	-0.503539	0.236080	134	28	0	7.842820	0.932569	0.983242	0.907152	0.902181	0.579618	0.853752	0.941389	0.864416
22	53	0.725335	0.154065	0.488076	0.216152	-0.307615	-0.231191	91	17	0	9.140462	0.568072	0.538486	0.871632	0.902181	0.696199	0.790411	0.686177	0.749519
22	54	0.667225	0.402742	0.462464	-0.013295	1.539978	-0.270701	111	22	0	7.158385	0.292415	0.326732	0.592367	0.520606	0.974904	0.905067	0.864817	0.860888
22	55	0.617824	0.119007	0.660611	-0.036566	-0.932501	0.684243	79	16	0	9.268585	0.757777	0.639352	0.602309	0.760985	0.327854	0.629009	0.687620	0.537684
22	56	0.350044	0.127004	0.397336	-0.612482	-0.771143	-0.522394	72	13	0	7.114003	0.176074	0.392399	0.406190	0.318954	0.383900	0.449166	0.202854	0.470815
22	57	0.203085	0.230597	0.397336	-0.954378	0.642064	-0.398099	48	8	0	7.809392	0.123958	0.004811	0.318794	0.092367	0.270767	0.305965	0.037203	0.470815
22	58	0.553630	0.287324	0.532564	-0.288410	0.645432	0.180998	96	19	0	7.470111	0.461434	0.765795	0.508499	0.526780	0.213438	0.817431	0.409798	0.725866
22	59	0.371602	0.396889	0.401860	-0.150406	1.129526	-0.215950	43	8	0	7.983376	0.137107	0.167415	0.880532	0.235728	0.126844	0.648974	0.250241	0.525978
22	60	0.657102	0.201612	0.439155	0.235970	-0.061576	-0.347240	75	18	0	7.843424	0.430885	0.621793	0.361289	0.705260	0.783435	0.773092	0.675353	0.905709
22	61	0.512979	0.388530	0.378138	-0.248818	1.184448	-1.031347	74	15	0	8.408964	0.327534	0.349663	0.597017	0.286241	0.700289	0.750962	0.315106	0.777021
22	62	0.563252	0.212696	0.426956	-0.034737	-0.052536	-0.364997	76	17	0	7.527794	0.444756	0.496071	0.566950	0.415892	0.424150	0.924391	0.395526	0.838278
22	63	0.655037	0.183210	0.549608	0.263265	-0.253319	0.307387	71	16	0	8.327021	0.513470	0.668377	0.757537	0.385584	0.694355	0.843489	0.776539	0.600946
22	64	0.334419	0.368866	0.336319	-0.583345	1.183102	-1.284962	58	13	0	7.395391	0.119147	0.188342	0.128768	0.218890	0.475385	0.947563	0.042495	0.554763
22	65	0.675704	0.414488	0.521396	-0.375729	1.725245	-0.231960	129	28	0	8.373636	0.467688	0.473140	0.640314	0.480917	0.929843	0.881334	0.585071	0.947322
22	66	0.429041	0.102029	0.378138	-0.180677	-1.294072	-0.790382	54	11	0	7.998810	0.432729	0.345414	0.528143	0.322803	0.357601	0.416533	0.364817	0.664288
22	67	0.776580	0.204558	0.630383	0.411812	0.320015	0.494032	89	20	0	8.598411	0.639112	0.640795	0.643922	0.788005	0.843570	0.975225	0.860087	0.821921
22	68	0.255542	0.154145	0.336319	-0.292938	-0.450197	-0.868794	35	7	0	6.545707	0.168217	0.375160	0.311818	0.059573	0.175273	0.214962	0.246392	0.492944
22	69	0.235698	0.188623	0.436440	-0.627475	0.076681	0.139904	49	9	0	6.511600	0.100385	0.315587	0.221937	0.305805	0.092287	0.214962	0.126042	0.508579
22	70	0.505893	0.332765	0.537043	-0.205158	0.888542	0.440945	81	20	0	6.404991	0.684333	0.372996	0.765956	0.296103	0.403865	0.697482	0.300433	0.525978
22	71	0.487061	0.277041	0.397336	-0.428067	0.510153	-0.743117	82	19	0	7.603446	0.203656	0.205420	0.529185	0.366260	0.599423	0.614096	0.494788	0.883659
22	72	0.711774	0.135965	0.522530	-0.865740	-0.283508	-0.761442	172	33	1	8.668172	0.655468	0.611450	0.597739	0.663085	0.811097	0.770205	0.685856	0.899294
22	73	0.824106	0.114136	0.628734	-0.409404	-0.212672	-0.339178	156	32	1	10.128757	0.684573	0.809894	0.725866	0.866100	0.930083	0.781992	0.843409	0.950930
22	74	0.365509	0.199767	0.336319	-0.144347	-0.269552	-1.111477	41	10	0	7.395098	0.234686	0.158435	0.466725	0.320879	0.341485	0.835311	0.165811	0.400738
22	75	0.411562	0.287083	0.426956	-0.225120	0.481553	-0.150021	57	12	0	7.310591	0.261225	0.311738	0.265956	0.586193	0.480196	0.591325	0.255452	0.540411
22	76	0.345604	0.367804	0.394621	-0.368478	1.094740	-0.444332	52	11	0	7.209256	0.108563	0.150978	0.442992	0.497434	0.349022	0.591325	0.084108	0.540411
22	77	0.583868	0.415892	0.548955	0.045704	1.358313	0.310310	76	13	0	8.391820	0.135103	0.379250	0.300273	0.889593	0.634862	0.617223	0.737332	0.977309
22	78	0.948855	0.044039	0.695146	0.298724	0.132018	0.206430	252	49	0	8.150012	0.922146	0.910439	0.927277	0.956623	0.948765	0.980677	0.967607	0.977309
23	1	0.547085	0.199367	0.446154	1.456681	-0.801456	0.578447	16	3	0	8.057893	0.525657	0.601106	0.899535	0.829618	0.463198	0.527502	0.445879	0.084189
23	2	0.640044	0.252325	0.721330	1.017679	-0.061143	1.479947	25	5	0	10.250307	0.753768	0.821440	0.786562	0.940908	0.590924	0.590603	0.400016	0.236129
23	3	0.388210	0.286381	0.583959	0.073419	0.259298	0.787865	25	5	0	10.727111	0.326652	0.224182	0.311818	0.541212	0.620430	0.649936	0.291453	0.139994
23	4	0.343910	0.237893	0.465821	0.138242	-0.090465	0.339421	23	4	0	9.289952	0.029827	0.112813	0.604955	0.334990	0.664448	0.354314	0.401539	0.248396
23	5	0.232711	0.059914	0.336319	-0.491149	-1.636764	-1.211118	24	4	0	11.294039	0.096216	0.200850	0.554763	0.199727	0.095093	0.200449	0.304362	0.210231
23	6	0.441930	0.277462	0.401448	-0.212395	0.344438	-0.528557	51	10	0	9.358669	0.340683	0.808291	0.554763	0.629089	0.270446	0.200449	0.304362	0.427357
23	7	0.470554	0.225345	0.336319	0.193208	-0.218211	-1.292491	36	7	0	9.504423	0.343650	0.690507	0.554763	0.561257	0.484525	0.668938	0.091565	0.369227
23	8	0.463077	0.402842	0.385137	0.340793	0.958083	-0.540107	32	5	0	9.400314	0.213598	0.284076	0.332665	0.647530	0.734606	0.824487	0.518281	0.149375
23	9	0.426846	0.128869	0.446154	0.224572	-1.180338	0.052197	29	5	0	9.564323	0.403784	0.190908	0.617463	0.417014	0.763711	0.387909	0.274455	0.359525
23	10	0.387278	0.331543	0.457402	0.595718	0.390537	0.375387	17	3	0	10.479434	0.537604	0.460391	0.678480	0.697883	0.122755	0.280789	0.298669	0.021648
23	11	0.426094	0.198665	0.462464	0.074425	-0.426999	0.073608	34	6	0	9.822604	0.571280	0.447482	0.678480	0.488374	0.320318	0.280789	0.360327	0.261706
23	12	0.479183	0.310576	0.509255	0.176202	0.443753	0.284763	34	7	0	10.659281	0.811337	0.579057	0.660920	0.654747	0.307409	0.407954	0.358483	0.053560
23	13	0.375601	0.193473	0.385137	-0.050365	-0.445138	-0.594042	27	6	0	10.249356	0.392078	0.159397	0.431687	0.296103	0.629650	0.201331	0.568473	0.326090
23	14	0.824337	0.073926	0.651975	0.231919	-0.782693	0.308652	126	22	0	9.857858	0.829298	0.810696	0.945718	0.836193	0.774695	0.873557	0.762187	0.762348
23	15	0.149645	0.079438	0.397336	-0.779551	-0.725423	-0.117186	22	5	0	7.987297	0.087636	0.132457	0.102550	0.373637	0.069997	0.089160	0.176155	0.165571
23	16	0.209289	0.202453	0.400245	-0.439633	0.170447	-0.040041	26	5	0	7.577320	0.155067	0.048028	0.237171	0.039288	0.325529	0.478833	0.106479	0.283916
23	17	0.541443	0.296544	0.597693	0.192648	0.441953	0.664800	50	10	0	9.134572	0.268602	0.393842	0.727790	0.637428	0.662364	0.844772	0.449567	0.347178
23	18	0.607521	0.354695	0.436440	0.151811	0.985801	-0.378387	70	14	0	8.408845	0.237572	0.804282	0.764192	0.863935	0.094291	0.821440	0.748477	0.525978
23	19	0.497104	0.258238	0.427861	-0.339415	0.272837	-0.546780	68	13	0	10.088777	0.277341	0.714641	0.551315	0.366260	0.947162	0.478833	0.294099	0.347178
23	20	0.738083	0.239877	0.863740	0.824844	0.236075	1.806958	48	9	0	11.166199	0.852550	0.926636	0.774455	0.891036	0.949567	0.456382	0.727951	0.326090
23	21	0.371542	0.168097	0.336319	-1.031270	-0.279812	-1.776257	82	16	0	9.982622	0.223380	0.156831	0.372915	0.377806	0.298509	0.527502	0.421264	0.594131
23	22	0.255993	0.312059	0.336319	-0.332372	0.796958	-1.145619	24	4	0	10.286789	0.041132	0.206623	0.372915	0.153223	0.111770	0.524134	0.578817	0.059333
23	23	0.403724	0.342768	0.336319	-0.517113	1.016029	-1.296538	81	18	0	6.184146	0.184333	0.059413	0.271087	0.329939	0.381414	0.716645	0.736289	0.550674
23	24	0.568624	0.338238	0.436440	-0.607972	1.145926	-0.649691	129	26	0	7.547596	0.263791	0.298268	0.416533	0.531751	0.836995	0.957264	0.687941	0.556446
23	25	0.396228	0.358683	0.426956	-0.277229	0.881718	-0.300351	39	10	0	9.844311	0.199086	0.213358	0.237171	0.190106	0.392720	0.776379	0.604554	0.556446
23	26	0.202884	0.095233	0.336319	-0.269098	-0.950636	-0.704799	23	5	0	6.576257	0.126123	0.029185	0.218329	0.118185	0.208467	0.518762	0.181527	0.222498
23	27	0.675212	0.299030	0.463049	-0.877020	1.178122	-0.913345	175	35	0	9.590436	0.677518	0.378768	0.563983	0.464080	0.612091	0.807970	0.928239	0.969051
23	28	0.305123	0.161021	0.336319	-0.970286	-0.259201	-1.466779	76	15	0	7.698574	0.128528	0.252004	0.467768	0.223541	0.331222	0.425994	0.232360	0.379570
23	29	0.363083	0.366080	0.577648	-0.106214	0.974706	0.907251	44	8	0	7.339361	0.347498	0.566389	0.219532	0.580099	0.104153	0.553560	0.101347	0.432088
23	30	0.413637	0.212516	0.520767	0.268582	-0.326369	0.703892	31	7	0	7.519975	0.229634	0.350866	0.219532	0.440747	0.559894	0.524134	0.409076	0.575208
23	31	0.180164	0.144183	0.516540	-0.931091	-0.103286	0.501124	29	6	0	9.153822	0.012348	0.164368	0.188663	0.095334	0.280949	0.217607	0.411001	0.071039
23	32	0.289679	0.211794	0.436440	-0.799267	0.219501	-0.079108	70	15	0	6.417083	0.158675	0.332264	0.080661	0.272851	0.142078	0.608884	0.253528	0.468489
23	33	0.495580	0.220614	0.414277	-1.010681	0.282042	-0.928651	135	25	0	8.496288	0.505131	0.402341	0.075128	0.411802	0.776620	0.591325	0.456062	0.746232
23	34	0.219742	0.189885	0.385137	-0.799285	0.112380	-0.570745	38	7	0	8.764470	0.131655	0.082184	0.075128	0.092367	0.075208	0.652742	0.432328	0.216325
23	35	0.353452	0.170281	0.336319	-0.386892	-0.451986	-1.295400	50	9	0	8.273246	0.359766	0.478752	0.130613	0.511386	0.288486	0.253929	0.440587	0.364096
23	36	0.556206	0.299210	0.584693	0.912767	0.223884	1.021483	24	5	0	8.370312	0.751523	0.804763	0.055965	0.535119	0.649936	0.859686	0.535520	0.257136
23	37	0.297146	0.188923	0.486095	-0.681030	-0.119395	0.167516	51	10	0	8.501753	0.366100	0.375722	0.055965	0.437620	0.545462	0.032713	0.251042	0.312540
23	38	0.208096	0.171003	0.336319	-1.056566	0.132146	-1.214507	52	12	0	7.310069	0.162524	0.085391	0.147049	0.272851	0.334750	0.032713	0.337556	0.291934
23	39	0.119197	0.071741	0.336319	-0.828174	-0.517607	-0.704799	23	5	0	6.576257	0.142559	0.029907	0.093650	0.033194	0.253448	0.173428	0.095654	0.131735
23	40	0.167215	0.170702	0.336319	-0.911954	0.231918	-1.137746	26	5	0	9.284466	0.056928	0.097178	0.072563	0.204137	0.146648	0.059092	0.353993	0.347178
23	41	0.521729	0.076311	0.515154	0.114963	-1.678797	0.270366	57	9	0	8.741869	0.540010	0.272210	0.492623	0.462396	0.496232	0.625481	0.527662	0.757216
23	42	0.148122	0.119107	0.336319	-1.152658	-0.105639	-1.189424	30	6	0	9.153822	0.004089	0.125802	0.069436	0.095334	0.336273	0.028945	0.119949	0.405148
23	43	0.168948	0.131956	0.336319	-1.098063	-0.112777	-1.232776	33	7	0	9.139364	0.221296	0.112091	0.220414	0.231318	0.063021	0.026139	0.244147	0.233162
23	44	0.700068	0.108463	0.533653	0.014299	-0.801174	0.030343	109	22	0	7.923337	0.687620	0.649856	0.531190	0.809734	0.692351	0.673669	0.774294	0.781831
23	45	0.296544	0.271648	0.336319	-0.471137	0.512482	-1.193030	46	8	0	7.912462	0.052197	0.004811	0.123877	0.185776	0.190587	0.911001	0.303159	0.600946
23	46	0.300834	0.263190	0.336319	-0.368979	0.406698	-1.147742	43	7	0	7.890853	0.200529	0.067752	0.059012	0.209509	0.265555	0.911001	0.092367	0.600946
23	47	0.382276	0.367984	0.385137	0.067312	0.939404	-0.334978	44	7	0	6.884951	0.312300	0.004811	0.084830	0.316870	0.638871	0.821440	0.592527	0.286562
23	48	0.086323	0.056206	0.336319	-1.298294	-0.114708	-0.844857	27	4	0	7.386089	0.064304	0.017640	0.053400	0.059573	0.152662	0.101427	0.086113	0.155468
23	49	0.258870	0.239196	0.336319	-0.291799	0.288883	-0.928915	35	6	0	7.034765	0.020446	0.152742	0.385423	0.156430	0.294259	0.577453	0.378448	0.105757
23	50	0.679161	0.165170	0.667426	0.560744	-0.477110	0.930811	58	11	0	9.084644	0.862572	0.613053	0.849022	0.748316	0.454217	0.671905	0.640074	0.594131
23	51	0.694536	0.275216	0.586353	0.643809	0.528515	0.663851	65	13	0	7.661787	0.331462	0.764833	0.843329	0.562620	0.559333	0.902742	0.757056	0.834910
23	52	0.545251	0.279707	0.650749	0.526787	0.225127	1.157647	40	8	0	8.043724	0.559894	0.606559	0.309173	0.675353	0.875321	0.623236	0.356879	0.355597
23	53	0.584018	0.077834	0.677815	0.328383	-1.666774	1.027106	49	10	0	9.472431	0.677518	0.639673	0.243906	0.673348	0.640635	0.564304	0.582665	0.650096
23	54	0.295482	0.108222	0.412318	-0.272983	-1.219051	-0.245460	23	5	0	11.401671	0.257296	0.415330	0.242543	0.233964	0.260183	0.331222	0.400818	0.222498
23	55	0.320859	0.084108	0.336319	-0.329374	-1.468628	-1.246660	34	7	0	9.179214	0.324246	0.179362	0.654346	0.192511	0.316389	0.315266	0.327614	0.257136
23	56	0.362302	0.063362	0.336319	-0.269487	-1.855158	-1.329369	35	8	0	9.788650	0.224022	0.454538	0.654346	0.331543	0.333948	0.315266	0.327614	0.257136
23	57	0.314605	0.206924	0.336319	-0.319851	-0.156849	-1.234026	31	7	0	9.281706	0.077053	0.162604	0.276700	0.400096	0.411081	0.666132	0.316148	0.207024
23	58	0.162434	0.152582	0.407519	-0.567847	0.057821	0.272259	27	5	0	6.177455	0.021809	0.004811	0.351427	0.059573	0.030789	0.640475	0.066228	0.124359
23	59	0.106769	0.117864	0.336319	-1.031696	0.267202	-0.795920	25	5	0	6.944239	0.115940	0.004811	0.218329	0.037364	0.029987	0.252165	0.063823	0.131735
23	60	0.611620	0.279025	0.336319	0.495156	0.366560	-1.329820	54	10	0	8.183276	0.831142	0.779586	0.596216	0.770446	0.443554	0.510423	0.534237	0.427357
23	61	0.505402	0.253788	0.511282	0.258736	0.012583	0.310088	39	7	0	9.826142	0.468169	0.502566	0.765715	0.491020	0.173829	0.707184	0.661802	0.272931
23	62	0.519935	0.144323	0.474961	-0.187268	-0.766597	-0.154687	64	14	0	9.239337	0.286482	0.438823	0.461514	0.624759	0.561017	0.644243	0.591966	0.550674
23	63	0.581412	0.192732	0.466989	0.101488	-0.299627	-0.126657	60	14	0	8.899527	0.711594	0.486530	0.616421	0.649375	0.453416	0.797547	0.476187	0.460231
23	64	0.411371	0.211073	0.336319	-0.207403	-0.223349	-1.423687	43	8	0	10.303529	0.601106	0.527903	0.403143	0.575048	0.133258	0.340843	0.417736	0.291934
23	65	0.263490	0.116481	0.378138	-0.687559	-0.865638	-0.806747	36	8	0	9.758543	0.300112	0.141196	0.209750	0.185776	0.476988	0.248316	0.198605	0.347178
23	66	0.376503	0.164729	0.407519	-0.313414	-0.555665	-0.339912	49	9	0	8.482321	0.437059	0.309734	0.231639	0.223541	0.540411	0.425994	0.335071	0.508579
23	67	0.775367	0.115018	0.820810	1.612704	-1.105691	1.949538	24	4	0	10.847012	0.858323	0.929843	0.719612	0.833948	0.833307	0.832585	0.726828	0.468489
23	68	0.550523	0.248276	0.522530	0.382791	0.049016	0.483564	51	10	0	7.657274	0.366100	0.327534	0.573284	0.559253	0.402903	0.866822	0.848060	0.460231
23	69	0.423629	0.327874	0.336319	0.119984	0.583497	-1.197513	33	7	0	8.828200	0.133178	0.227550	0.551315	0.458788	0.853592	0.615138	0.243345	0.306126
23	70	0.485307	0.370610	0.407519	0.085429	0.938781	-0.285818	53	11	0	7.667155	0.323525	0.228913	0.772691	0.282713	0.404185	0.836514	0.654346	0.379570
23	71	0.697553	0.157974	0.762348	0.236290	-0.328850	1.234491	92	17	0	8.039785	0.547065	0.744869	0.628688	0.750241	0.929282	0.814304	0.709509	0.456462
23	72	0.590874	0.203516	0.479405	0.545003	-0.318835	0.241614	47	10	0	7.875090	0.386626	0.561337	0.496873	0.480917	0.747514	0.649936	0.712877	0.690908
23	73	0.279827	0.257557	0.411940	-0.189052	0.313071	-0.012696	28	5	0	8.080018	0.080420	0.159397	0.847899	0.072322	0.021889	0.694836	0.145526	0.216325
23	74	0.322322	0.158395	0.401448	-0.532907	-0.532283	-0.462735	45	8	0	9.549378	0.312300	0.203817	0.161963	0.183130	0.438342	0.694836	0.254250	0.329939
23	75	0.372975	0.215362	0.397336	-0.710995	0.003060	-0.835993	57	12	0	10.770504	0.206863	0.304121	0.558291	0.216485	0.385103	0.491742	0.515074	0.306126
23	76	0.527041	0.159577	0.560158	0.175949	-0.731734	0.484921	51	8	0	9.494231	0.584750	0.539208	0.759381	0.650738	0.619067	0.519804	0.310215	0.233162
23	77	0.460351	0.176255	0.587968	-0.310046	-0.485445	0.469437	55	12	0	10.100677	0.537284	0.382296	0.292014	0.351668	0.591725	0.601106	0.535520	0.391196
23	78	0.405378	0.290150	0.439155	-0.498626	0.545619	-0.365727	59	11	0	9.604561	0.178480	0.182409	0.383659	0.296103	0.604314	0.668938	0.386786	0.542335
23	79	0.201491	0.218570	0.401860	-0.995139	0.495213	-0.368876	36	7	0	9.988767	0.030869	0.114416	0.355677	0.115298	0.221616	0.385744	0.075770	0.312540
23	80	0.397751	0.121011	0.828748	-0.447507	-0.990526	1.712221	58	11	0	8.802547	0.242704	0.333788	0.496312	0.394323	0.410600	0.795702	0.112091	0.396488
23	81	0.152371	0.131795	0.397336	-0.739059	-0.046757	0.017463	27	6	0	6.531215	0.078817	0.048028	0.072563	0.106158	0.327053	0.126203	0.272130	0.188021
23	82	0.199888	0.200830	0.336319	-0.986149	0.415549	-1.202756	47	8	0	7.928287	0.104715	0.019804	0.072563	0.205741	0.458948	0.126203	0.289448	0.321681
23	83	0.347278	0.257176	0.336319	-0.677844	0.382889	-1.475724	58	12	0	8.865150	0.151459	0.144163	0.494147	0.314785	0.198685	0.700449	0.427357	0.347178
23	84	0.245590	0.198906	0.397336	-0.302747	0.025456	-0.004707	36	8	0	5.664353	0.078095	0.109365	0.577534	0.233964	0.203496	0.519804	0.144484	0.097979
23	85	0.237582	0.253508	0.336319	-0.127314	0.427143	-0.678434	28	6	0	5.317013	0.104153	0.113454	0.181527	0.360087	0.121392	0.519804	0.113053	0.387187
23	86	0.271218	0.274154	0.397336	-0.466991	0.580228	-0.306716	40	8	0	7.601782	0.089160	0.129971	0.775657	0.066469	0.553319	0.292415	0.029586	0.233162
23	87	0.345183	0.392439	0.400245	0.350055	1.013302	0.200541	27	6	0	5.361662	0.672627	0.072242	0.695799	0.488374	0.165250	0.399615	0.068473	0.199086
23	88	0.441218	0.227890	0.535978	-0.292155	0.020588	0.405307	61	14	0	7.775260	0.309493	0.412203	0.636466	0.464080	0.283275	0.505292	0.297386	0.621552
23	89	0.349663	0.233082	0.378138	0.211774	-0.078354	-0.306734	28	6	0	6.783878	0.342367	0.581623	0.248797	0.216485	0.088518	0.626203	0.255452	0.437861
23	90	0.272911	0.154606	0.336319	-0.112594	-0.575858	-0.876693	30	5	0	7.140343	0.184734	0.106799	0.525657	0.129169	0.253929	0.300353	0.281911	0.400738
23	91	0.615890	0.412845	0.414277	-0.268946	1.538613	-0.656556	107	26	0	7.303617	0.350545	0.310375	0.692672	0.524695	0.934654	0.905067	0.421745	0.787364
23	92	0.276479	0.233102	0.385137	-0.412261	0.207443	-0.484798	37	6	0	8.311015	0.532633	0.246472	0.191068	0.420863	0.054923	0.395366	0.101347	0.269163
23	93	0.251233	0.201892	0.336319	-0.110499	-0.067687	-0.754856	25	6	0	6.538101	0.105356	0.086193	0.161963	0.175754	0.432328	0.311097	0.406350	0.330821
23	94	0.213528	0.164769	0.401448	-0.400511	-0.178448	0.094584	31	6	0	6.599518	0.128528	0.343970	0.161963	0.158836	0.113614	0.311097	0.159397	0.330821
23	95	0.171614	0.071520	0.336319	-0.965399	-0.913797	-1.098285	33	7	0	8.061933	0.117463	0.123557	0.389753	0.103352	0.167976	0.184493	0.188342	0.097979
23	96	0.503909	0.227790	0.407519	0.094681	-0.125157	-0.423215	46	10	0	9.238518	0.460792	0.284076	0.355677	0.417014	0.546584	0.934493	0.347097	0.685536
23	97	0.386977	0.164068	0.385137	-0.031828	-0.710080	-0.553238	32	7	0	9.045044	0.313021	0.738374	0.340282	0.401780	0.628608	0.108884	0.326251	0.238614
23	98	0.336183	0.373236	0.336319	0.080723	0.871944	-1.060629	21	5	0	9.386065	0.097017	0.725064	0.645366	0.366260	0.045061	0.443473	0.128608	0.238614
23	99	0.538677	0.108363	0.537662	0.630803	-1.423533	0.746124	37	8	0	7.395117	0.129570	0.600866	0.920221	0.605276	0.425112	0.557168	0.516437	0.554763
23	100	0.721065	0.179502	0.683898	0.269997	-0.083057	0.822727	86	19	0	8.344151	0.778624	0.711995	0.919981	0.737251	0.627405	0.557168	0.585872	0.850225
23	101	0.650657	0.218530	0.561062	0.462392	-0.068720	0.381531	52	10	0	10.369374	0.762107	0.750641	0.875722	0.869548	0.197883	0.645606	0.514753	0.588999
23	102	0.231649	0.258679	0.397336	-0.795610	0.603914	-0.558243	35	6	0	10.724435	0.057809	0.100144	0.320157	0.059573	0.501363	0.434253	0.106960	0.272931
23	103	0.373426	0.490318	0.378138	-0.563354	1.724431	-0.989846	56	10	0	9.749616	0.100385	0.644163	0.587797	0.115298	0.255212	0.818473	0.043217	0.422867
23	104	0.429221	0.409918	0.394621	-0.373034	0.946294	-1.124842	33	6	2	12.137388	0.583146	0.525497	0.769965	0.741742	0.073204	0.344452	0.167896	0.227870
23	105	0.203556	0.118145	0.336319	-0.734925	-0.527202	-0.993807	41	8	0	6.893517	0.105356	0.037444	0.491421	0.183130	0.157473	0.319355	0.124038	0.210231
23	106	0.409457	0.326692	0.480585	0.045155	0.661054	0.367121	44	8	0	7.521533	0.846296	0.438823	0.181527	0.351668	0.181206	0.566309	0.201251	0.508579
23	107	0.214009	0.167415	0.385137	-0.682004	-0.089913	-0.412821	37	7	0	7.678487	0.053720	0.127806	0.359205	0.150257	0.175273	0.379410	0.170061	0.296344
23	108	0.488244	0.514873	0.394621	0.527256	1.484712	-0.402662	26	5	0	9.282487	0.777021	0.675433	0.797707	0.764593	0.055805	0.407954	0.135504	0.291934
23	109	0.280358	0.229674	0.336319	-0.915884	0.423614	-1.306698	74	14	0	6.861150	0.211434	0.082826	0.473701	0.292816	0.132537	0.567431	0.144804	0.337316
23	110	0.473761	0.177017	0.385137	0.058527	-0.558490	-0.679080	50	8	0	8.787125	0.675353	0.520285	0.400978	0.722819	0.419179	0.528945	0.171344	0.351187
23	111	0.304111	0.243646	0.385137	-0.509397	0.254933	-0.632366	43	8	0	8.836491	0.570157	0.410038	0.178961	0.424391	0.143040	0.359445	0.066228	0.280629
23	112	0.399665	0.278103	0.474262	0.078491	0.233110	0.266406	30	7	0	8.667215	0.599583	0.221216	0.292014	0.630693	0.547466	0.356479	0.253528	0.296344
23	113	0.334038	0.126704	0.465374	-0.277711	-0.942487	0.210098	41	8	0	8.012214	0.365218	0.586754	0.063823	0.318954	0.456543	0.369869	0.131575	0.379570
23	114	0.372194	0.306426	0.426956	-0.128236	0.588201	0.003469	44	10	0	7.182526	0.156190	0.207425	0.648412	0.423428	0.333467	0.116581	0.456062	0.635985
23	115	0.473982	0.118686	0.524088	-0.006043	-1.195219	0.293213	47	8	0	9.984584	0.426235	0.482040	0.414609	0.810455	0.647931	0.375481	0.186097	0.449006
23	116	0.406019	0.261185	0.394621	-0.231399	0.271596	-0.511519	54	12	0	7.424865	0.164128	0.264031	0.861690	0.303720	0.358483	0.451090	0.180725	0.664288
23	117	0.445047	0.128247	0.336319	-0.581484	-0.816946	-1.531760	82	19	0	7.572498	0.358323	0.196681	0.686658	0.463198	0.382617	0.480436	0.414609	0.577854
23	118	0.250481	0.193032	0.443680	-0.354504	-0.046736	0.316241	35	7	0	6.778406	0.120189	0.318554	0.284397	0.059573	0.142479	0.396969	0.317591	0.364096
24	1	0.640054	0.193113	0.563972	0.543897	-0.288199	0.555854	59	9	0	8.402314	0.692752	0.683291	0.357040	0.720734	0.894564	0.517078	0.723060	0.531911
24	2	0.906250	0.097198	0.851897	0.541693	0.179672	1.234472	151	28	0	8.560475	0.911081	0.985648	0.973380	0.893842	0.978271	0.762267	0.863454	0.882056
24	3	0.945027	0.025257	0.778704	1.282732	-0.794497	1.032651	92	19	0	10.342095	0.935455	0.949567	0.976187	0.952293	0.955500	0.935295	0.985487	0.870430
24	4	0.724473	0.248677	0.506506	-0.101896	0.634358	-0.347604	114	20	0	10.112507	0.410840	0.978913	0.526780	0.784557	0.671504	0.911963	0.857200	0.654025
24	5	0.705540	0.288426	0.817191	0.921057	0.564512	1.894941	53	11	0	7.348038	0.931446	0.938983	0.621472	0.867142	0.594852	0.594612	0.815186	0.280629
24	6	0.716675	0.347218	0.548623	0.176784	1.260491	0.127926	99	18	0	8.358008	0.908996	0.989978	0.352389	0.596697	0.926956	0.721937	0.761466	0.474984
24	7	0.513400	0.373477	0.492165	0.331653	0.891557	0.348241	45	9	0	7.925672	0.652421	0.617062	0.288967	0.996071	0.125241	0.677999	0.274455	0.474984
24	8	0.268441	0.268261	0.409134	-1.010796	0.725497	-0.474891	62	12	0	8.525138	0.472899	0.413566	0.010022	0.190106	0.070237	0.193233	0.273252	0.524214
24	9	0.497715	0.277943	0.455638	0.229162	0.254097	0.043265	45	9	0	8.252875	0.098380	0.414368	0.381254	0.942030	0.819836	0.559333	0.242303	0.524214
24	10	0.493596	0.371632	0.418217	0.385744	0.876524	0.005547	46	9	0	6.905838	0.187300	0.041373	0.985808	0.413085	0.369147	0.478833	0.819195	0.654025
24	11	0.972198	0.028123	0.868093	1.127194	0.017818	1.288966	137	32	0	9.117704	0.984525	0.968650	0.996232	0.997514	0.929282	0.987652	0.947242	0.966485
24	12	0.654145	0.136285	0.538188	0.513945	-0.769722	0.454627	70	12	0	7.417534	0.645606	0.606078	0.843730	0.476507	0.667816	0.681847	0.814705	0.496873
24	13	0.389773	0.340823	0.425467	-0.671561	1.021439	-0.406725	80	15	0	7.659874	0.157473	0.569195	0.245430	0.562620	0.468489	0.651058	0.145526	0.318393
24	14	0.434102	0.245330	0.397336	-0.555177	0.252193	-0.760228	77	15	0	8.247873	0.280468	0.340202	0.629330	0.614817	0.291613	0.451090	0.322963	0.542335
24	15	0.696189	0.104153	0.465786	0.285138	-0.971637	-0.230805	85	16	0	8.327377	0.774134	0.703656	0.743826	0.592287	0.769403	0.661963	0.598380	0.725866
24	16	0.493385	0.141697	0.336319	-0.230444	-0.772794	-1.496900	69	14	0	8.255217	0.147530	0.405468	0.547867	0.508579	0.747514	0.429682	0.542736	0.617704
24	17	0.385754	0.272510	0.336319	-0.156383	0.325324	-1.197415	46	9	0	7.819115	0.172386	0.641838	0.320157	0.266036	0.627726	0.503047	0.248717	0.306126
24	18	0.208487	0.221536	0.336319	-0.568456	0.449817	-0.853332	39	8	0	5.939560	0.340122	0.004811	0.184493	0.211995	0.063502	0.356479	0.142399	0.364096
24	19	0.648142	0.187360	0.378138	-0.129495	-0.051506	-1.183628	106	21	0	7.857276	0.488374	0.591244	0.572723	0.510022	0.739096	0.760343	0.691309	0.832024
24	20	0.268060	0.156470	0.336319	-0.546740	-0.388681	-1.106190	46	9	0	7.247772	0.142559	0.041373	0.172065	0.289368	0.247835	0.416533	0.192672	0.642078
24	21	0.715322	0.159978	0.575369	-0.732952	0.108257	-0.231401	192	39	0	8.392716	0.563182	0.492223	0.755292	0.719692	0.724743	0.956462	0.643441	0.867543
24	22	0.806667	0.075970	0.475591	0.001012	-0.736479	-0.573449	152	29	0	8.281705	0.798348	0.858483	0.779827	0.763149	0.727069	0.849343	0.795061	0.882056
24	23	0.677478	0.314284	0.663715	0.269177	0.883716	0.750355	80	13	0	9.145328	0.813422	0.729314	0.907152	0.831382	0.400096	0.529987	0.424551	0.783916
24	24	0.479745	0.218630	0.548039	0.055881	-0.146070	0.540346	55	9	0	8.086288	0.419901	0.323044	0.813582	0.502245	0.729233	0.346135	0.411883	0.291934
24	25	0.495831	0.195057	0.443439	0.184234	-0.343932	0.063402	59	11	0	6.764256	0.480997	0.564945	0.405388	0.474904	0.286001	0.707184	0.372835	0.674391
24	26	0.845344	0.113234	0.695134	0.432559	-0.207777	0.573717	120	19	0	9.866643	0.875802	0.758980	0.839881	0.910038	0.681446	0.908034	0.981158	0.807409
24	27	0.899264	0.110287	0.671435	0.977451	0.090866	0.675849	105	20	0	8.316132	0.886706	0.982360	0.983724	0.941870	0.947643	0.825529	0.852870	0.773412
24	28	0.664158	0.192832	0.735213	-0.183157	0.064559	0.975636	114	25	0	7.741339	0.610969	0.778624	0.521007	0.890074	0.365058	0.708547	0.649615	0.789368
24	29	0.761386	0.155629	0.670863	0.383489	-0.207431	0.710107	88	18	0	8.809012	0.864096	0.753287	0.538406	0.763550	0.666373	0.694836	0.974102	0.836434
24	30	0.785961	0.212536	0.575128	0.531327	0.381319	0.266831	84	17	0	9.033651	0.564304	0.946039	0.927919	0.864256	0.519484	0.928079	0.765795	0.771809
24	31	0.989236	0.003728	0.867841	0.105687	0.625568	0.428476	435	82	0	9.677983	0.967527	0.992864	0.991581	0.993666	0.991260	0.993185	0.984525	0.999278
24	32	0.854354	0.118766	0.660359	0.427877	-0.234376	0.247447	103	19	1	8.997195	0.695157	0.928881	0.841966	0.961754	0.856398	0.930645	0.903704	0.716325
24	33	0.981028	0.014312	0.904460	0.590836	0.334075	1.260390	272	52	0	8.431454	0.970414	0.993505	0.980196	0.990459	0.991581	0.994949	0.937059	0.990058
24	34	0.564855	0.297687	0.385137	0.024861	0.594313	-0.841916	73	13	0	8.250486	0.373156	0.112813	0.540250	0.465202	0.803640	0.733323	0.759541	0.730917
24	35	0.985267	0.015876	0.898516	0.649818	0.700056	1.090959	266	56	0	9.258755	0.974423	0.987893	0.979715	0.993505	0.996552	0.987091	0.964160	0.998797
24	36	0.804522	0.298288	0.777582	0.867067	1.047095	1.344621	68	14	0	8.963556	0.844452	0.994307	0.978512	0.927598	0.646488	0.903303	0.512829	0.628688
24	37	0.777021	0.121171	0.779666	0.287018	-0.451783	1.127241	107	20	0	8.573866	0.810856	0.891116	0.944917	0.886867	0.781911	0.853752	0.325449	0.721296
24	38	0.555965	0.125080	0.414277	0.025285	-0.951466	-0.406639	73	15	0	7.558065	0.288326	0.501123	0.748717	0.532713	0.615138	0.691389	0.511786	0.558531
24	39	0.851307	0.116461	0.656992	0.439595	-0.120624	0.429977	122	23	0	8.931506	0.782793	0.806446	0.797386	0.788005	0.915170	0.910279	0.854153	0.956222
24	40	0.841194	0.105977	0.719096	-0.006511	-0.182919	0.500228	144	35	0	9.357378	0.804923	0.918618	0.726106	0.896889	0.845574	0.900096	0.752085	0.885263
24	41	0.742613	0.182489	0.635137	0.206181	0.093309	0.555629	107	23	0	7.618314	0.646648	0.751844	0.568714	0.651058	0.737332	0.913807	0.842367	0.829137
24	42	0.196590	0.135283	0.336319	-0.794925	-0.247945	-0.993379	43	8	0	6.788507	0.228752	0.048028	0.221937	0.064144	0.104715	0.488534	0.183451	0.233162
24	43	0.843369	0.100164	0.690495	-0.247175	-0.120675	0.208417	179	39	0	9.723754	0.774695	0.910600	0.757056	0.860327	0.894885	0.799230	0.857441	0.892720
24	44	0.442822	0.251343	0.553331	-0.202450	0.150603	0.477267	55	11	0	8.465563	0.205420	0.320398	0.417816	0.707986	0.494949	0.571761	0.269484	0.554763
24	45	0.708467	0.237251	0.812586	-0.439468	0.648135	1.062786	142	34	0	8.292106	0.527101	0.823765	0.444355	0.794580	0.595975	0.918137	0.750401	0.813422
24	46	0.322553	0.301776	0.336319	-0.537579	0.772875	-1.197771	59	12	0	6.926010	0.133178	0.064625	0.252325	0.144804	0.279506	0.812300	0.453175	0.440507
24	47	0.455380	0.276399	0.336319	-0.378094	0.517009	-1.380219	86	16	0	6.752603	0.230516	0.240539	0.300273	0.629089	0.539288	0.702534	0.479153	0.521648
24	48	0.419289	0.114035	0.497457	-0.180482	-1.127931	0.326389	58	11	0	7.404916	0.126123	0.484686	0.429362	0.264352	0.590362	0.435295	0.492223	0.531911
24	49	0.346596	0.172065	0.336319	-0.423415	-0.621641	-1.497935	34	7	1	8.682107	0.233884	0.194275	0.379570	0.333307	0.483403	0.512187	0.244949	0.391196
24	50	0.617022	0.148553	0.336319	-0.335922	-0.646534	-2.017234	84	17	1	8.998632	0.412203	0.605115	0.682649	0.366260	0.743987	0.837556	0.600465	0.687941
24	51	0.535730	0.292716	0.487973	-0.290872	0.697247	0.039963	102	19	0	6.730570	0.280067	0.455420	0.700289	0.517720	0.784557	0.576010	0.255452	0.716325
24	52	0.404346	0.388029	0.336319	-0.163321	1.119599	-1.208290	54	10	0	7.405471	0.133900	0.600385	0.254891	0.605997	0.240378	0.897130	0.082986	0.419099
24	53	0.652261	0.225124	0.531259	-0.099713	0.264322	0.043903	100	21	0	8.062928	0.309493	0.535119	0.715523	0.731398	0.866341	0.781110	0.528143	0.750962
24	54	0.640114	0.252425	0.336319	-0.365637	0.571184	-1.799432	130	26	0	7.552898	0.568554	0.375160	0.803079	0.476507	0.686658	0.803801	0.610888	0.796264
24	55	0.950639	0.024976	0.654827	0.555806	-0.323455	0.161385	214	40	0	7.891656	0.843570	0.953576	0.972178	0.975866	0.982120	0.975545	0.941870	0.960391
24	56	0.302458	0.205581	0.397336	-0.527844	0.010230	-0.433080	55	8	0	7.694693	0.106960	0.082826	0.426074	0.225866	0.310856	0.732441	0.183451	0.351187
24	57	0.495881	0.236911	0.399100	-0.243539	0.088766	-0.706793	67	13	0	8.962334	0.278223	0.636947	0.345574	0.418457	0.490779	0.478833	0.637749	0.680484
24	58	0.931807	0.033655	0.662627	-0.119709	-0.292324	-0.137019	280	56	0	8.929233	0.877566	0.972498	0.907633	0.933772	0.940266	0.917896	0.917014	0.987813
24	59	0.615429	0.170783	0.412318	-0.269229	-0.232266	-0.731674	109	21	0	7.923836	0.576090	0.531270	0.507777	0.666934	0.277502	0.985969	0.593970	0.783916
24	60	0.847168	0.072502	0.535978	0.276997	-0.672161	-0.264363	129	25	0	9.658849	0.845815	0.905468	0.830901	0.798749	0.860407	0.903303	0.739978	0.892720
24	61	0.977800	0.024896	0.880991	-0.052975	0.671705	0.651253	396	79	0	9.488358	0.964480	0.986610	0.961033	0.982441	0.971055	0.996232	0.963037	0.997514
24	62	0.842156	0.091144	0.416659	-0.160927	-0.168276	-1.062814	224	42	0	7.190178	0.745430	0.862171	0.656992	0.841725	0.854474	0.927437	0.902582	0.946440
24	63	0.869969	0.079979	0.723965	0.048294	-0.427902	0.328218	150	29	1	8.667699	0.774936	0.789368	0.891517	0.844532	0.879971	0.945558	0.904506	0.929362
24	64	0.530228	0.371071	0.336319	-0.449297	1.257012	-1.545094	111	24	0	6.558136	0.388631	0.356559	0.834429	0.725946	0.233804	0.706302	0.290892	0.705260
25	1	0.705300	0.151900	0.578404	0.943795	-0.634106	0.763000	52	9	0	7.798817	0.519163	0.811498	0.818634	0.532713	0.786562	0.758258	0.738614	0.676956
25	2	0.564605	0.142118	0.394621	-0.218342	-0.641030	-0.836674	91	19	0	7.524998	0.551555	0.451732	0.338198	0.454859	0.587877	0.931206	0.621151	0.580260
25	3	0.602149	0.240639	0.439155	-0.368055	0.382601	-0.593738	113	22	0	7.998501	0.313903	0.426475	0.668217	0.470734	0.841725	0.796584	0.631414	0.668137
25	4	0.573475	0.127325	0.560238	-0.195270	-0.845669	0.250490	83	17	0	8.569269	0.556687	0.375160	0.386867	0.691469	0.765555	0.620590	0.566549	0.624920
25	5	0.510544	0.226467	0.443680	0.004536	-0.082344	-0.265851	55	9	0	9.793647	0.585552	0.239737	0.662043	0.544820	0.565507	0.750962	0.388550	0.347178
25	6	0.545452	0.346175	0.336319	0.222330	0.848391	-1.241572	64	13	0	6.910851	0.377726	0.370510	0.694355	0.276299	0.318634	0.949567	0.731799	0.644724
25	7	0.619568	0.156290	0.336319	-0.027050	-0.479320	-1.630380	87	17	0	8.202582	0.555244	0.727710	0.405388	0.645526	0.544660	0.779666	0.702614	0.595734
25	8	0.491361	0.152381	0.443439	-0.481042	-0.576078	-0.405345	83	18	0	8.222487	0.395847	0.325770	0.413566	0.493345	0.698605	0.457906	0.550112	0.595734
25	9	0.418207	0.264192	0.474675	-0.177708	0.244835	0.082319	50	9	0	8.652543	0.510904	0.125802	0.431687	0.336353	0.169419	0.702534	0.358002	0.710953
25	10	0.618716	0.143942	0.530915	-0.009768	-0.642383	0.106174	78	17	0	8.798052	0.686738	0.680484	0.532633	0.896167	0.577614	0.539929	0.422627	0.613534
25	11	0.344131	0.235888	0.473060	-0.532595	0.145895	-0.013498	48	9	0	9.649309	0.180404	0.080500	0.399936	0.199727	0.362572	0.621873	0.407553	0.500481
25	12	0.599944	0.193714	0.656499	0.509954	-0.403127	1.006263	45	9	0	9.066931	0.562861	0.692110	0.857040	0.753127	0.565507	0.366020	0.647290	0.355597
25	13	0.431567	0.210311	0.532564	-0.208985	-0.205334	0.332537	50	9	0	9.516899	0.274134	0.523332	0.490459	0.643842	0.177678	0.567431	0.340683	0.434974
25	14	0.342417	0.253528	0.443439	-0.459318	0.256465	-0.166059	45	8	0	9.575482	0.601588	0.196681	0.664689	0.240779	0.167014	0.171023	0.306366	0.391196
25	15	0.409928	0.091926	0.433588	-0.443228	-1.302385	-0.277652	64	14	0	7.843195	0.191068	0.478752	0.417816	0.307328	0.402261	0.463037	0.397611	0.621552
25	16	0.596867	0.191329	0.477676	0.569775	-0.392888	0.281514	51	11	0	7.260438	0.512348	0.436017	0.741661	0.580901	0.306687	0.921584	0.665571	0.610167
25	17	0.558511	0.096757	0.463026	-0.062311	-1.223402	-0.099830	83	16	0	7.378121	0.478352	0.385103	0.581062	0.557088	0.549150	0.515314	0.733884	0.668137
25	18	0.790942	0.166333	0.656568	0.393369	0.085052	0.621863	107	21	0	8.020833	0.885584	0.795542	0.689384	0.732922	0.896729	0.969131	0.559974	0.798268
25	19	0.564504	0.100886	0.454137	-0.111009	-1.175171	-0.261954	81	16	0	8.024077	0.255212	0.570558	0.483804	0.621392	0.555404	0.689384	0.589320	0.750962
25	20	0.852089	0.124519	0.635274	0.562105	-0.032875	0.423543	119	22	0	8.249249	0.744628	0.979554	0.757858	0.911161	0.833146	0.851427	0.804121	0.934814
25	21	0.657874	0.109726	0.400245	-0.170485	-0.859413	-0.924455	107	21	0	8.404771	0.446360	0.610167	0.547065	0.650176	0.655949	0.873557	0.668377	0.811337
25	22	0.761907	0.179863	0.665365	0.939714	-0.157389	1.001427	60	10	0	8.455311	0.789128	0.773493	0.887428	0.749519	0.532633	0.902582	0.885263	0.575208
25	23	0.617633	0.265655	0.622503	0.482072	0.224883	0.753442	46	9	0	10.010674	0.679362	0.670943	0.833226	0.679201	0.455981	0.438342	0.353191	0.830821
25	24	0.593509	0.218149	0.426956	0.576114	-0.236280	-0.236055	40	7	0	9.656464	0.716084	0.676475	0.880131	0.744869	0.166693	0.637267	0.546985	0.379570
25	25	0.728953	0.091284	0.550422	1.098299	-1.319658	0.599363	45	7	0	8.526113	0.713999	0.713679	0.912524	0.759060	0.619628	0.846697	0.506334	0.759702
25	26	0.460822	0.246151	0.401860	0.030047	0.073617	-0.277899	54	10	0	7.611527	0.158675	0.359686	0.643602	0.551475	0.234365	0.846697	0.414609	0.477470
25	27	0.562390	0.319395	0.336319	0.189929	0.683262	-1.390016	60	12	0	8.087123	0.110808	0.746472	0.495109	0.902903	0.802758	0.279266	0.661321	0.500481
25	28	0.391387	0.298609	0.409134	-0.452450	0.363899	-0.741888	34	7	1	11.677651	0.703416	0.321199	0.273813	0.103352	0.715603	0.324246	0.188983	0.500481
25	29	0.577684	0.304422	0.477676	0.198520	0.581974	0.013470	60	12	0	8.502731	0.212797	0.668618	0.223300	0.889112	0.705981	0.824487	0.596697	0.500481
25	30	0.506645	0.242062	0.587968	0.297334	-0.009336	0.889543	50	10	0	7.242713	0.550273	0.223541	0.690507	0.622514	0.297065	0.416533	0.605356	0.647370
25	31	0.508699	0.119367	0.378138	-0.011328	-1.094493	-0.868528	61	12	0	8.089174	0.377245	0.472418	0.449006	0.467928	0.327534	0.749519	0.487893	0.738053
25	32	0.703616	0.129931	0.560364	0.109789	-0.619792	0.090968	87	17	0	9.993012	0.630292	0.762428	0.539849	0.729394	0.844612	0.770205	0.635824	0.716325
25	33	0.580781	0.376604	0.401448	0.268087	0.836266	-0.693084	44	8	1	8.877833	0.364176	0.650898	0.736209	0.508579	0.866020	0.840843	0.392960	0.286562
25	34	0.461925	0.257216	0.446154	-0.170289	0.205136	-0.184536	58	11	0	8.584785	0.654105	0.306847	0.442191	0.389432	0.599904	0.617223	0.334509	0.351187
25	35	0.312961	0.266517	0.378138	-0.528698	0.469320	-0.751870	50	9	0	8.170206	0.164769	0.532713	0.331703	0.137428	0.422466	0.131013	0.353191	0.430404
25	36	0.233483	0.161101	0.336319	-1.017372	-0.108418	-1.384030	57	9	0	8.568091	0.114256	0.101668	0.275016	0.284557	0.232922	0.131013	0.298028	0.430404
25	37	0.414759	0.197683	0.540456	-0.632924	-0.097798	0.264930	83	14	0	8.060694	0.176074	0.577614	0.545462	0.443634	0.427598	0.131013	0.415731	0.600946
25	38	0.648693	0.255071	0.798566	0.672263	0.141818	1.640944	44	8	0	9.748469	0.801876	0.891116	0.847097	0.824727	0.619067	0.131013	0.630853	0.443794
25	39	0.350335	0.110808	0.460036	-0.382533	-1.158839	-0.030123	41	8	0	9.684446	0.199647	0.339160	0.532633	0.394323	0.367543	0.131013	0.411001	0.427357
25	40	0.531571	0.217507	0.336319	-0.439444	0.062592	-1.719325	88	18	0	8.751717	0.437059	0.414368	0.543457	0.565747	0.800754	0.131013	0.742463	0.617704
25	41	0.536331	0.147751	0.378138	0.268342	-0.821703	-0.727942	54	11	0	7.594729	0.539128	0.428400	0.382537	0.410920	0.669740	0.875080	0.520606	0.464240
25	42	0.446460	0.280328	0.336319	-0.629815	0.580118	-1.591818	86	18	0	7.895620	0.115298	0.165651	0.363374	0.347097	0.695959	0.875962	0.544099	0.464240
25	43	0.485939	0.179081	0.401448	0.309545	-0.583033	-0.192699	45	9	0	7.317777	0.318554	0.562700	0.388470	0.567832	0.813663	0.432890	0.429201	0.374198
25	44	0.475796	0.128347	0.416659	-0.449620	-0.883051	-0.553444	73	17	0	8.542414	0.190587	0.492864	0.311818	0.560215	0.581062	0.478833	0.698044	0.492944
25	45	0.550293	0.240378	0.465477	-0.169047	0.155619	-0.220279	72	16	0	8.812772	0.769003	0.705821	0.560375	0.707986	0.044179	0.292415	0.776219	0.546344
25	46	0.538266	0.067992	0.712934	0.565407	-2.032005	1.332099	26	5	0	11.675623	0.482200	0.513871	0.337155	0.420863	0.971376	0.531030	0.503287	0.546344
25	47	0.572553	0.111750	0.477676	0.099567	-1.182299	-0.105744	59	11	0	9.925126	0.616260	0.639673	0.497915	0.528704	0.740459	0.496552	0.514513	0.546344
25	48	0.634622	0.351467	0.573525	0.272248	0.987653	0.477624	69	14	0	8.226637	0.109124	0.997033	0.795943	0.954057	0.748236	0.509140	0.554843	0.408595
25	49	0.534177	0.073625	0.570306	0.115973	-1.717847	0.524646	55	10	0	8.993408	0.336273	0.551636	0.518441	0.531751	0.841966	0.509140	0.575609	0.408595
25	50	0.638671	0.265815	0.641700	0.627034	0.267469	0.956352	51	9	0	8.442918	0.553319	0.731318	0.761466	0.872033	0.433050	0.169259	0.783675	0.805244
25	51	0.374990	0.215924	0.336319	-0.001518	-0.216193	-1.126829	32	7	0	8.308845	0.280468	0.181286	0.452614	0.373637	0.684573	0.305965	0.187059	0.534317
25	52	0.299000	0.202153	0.426956	-0.435920	-0.108995	-0.140149	39	7	0	8.790033	0.185295	0.174631	0.199326	0.240779	0.385103	0.436578	0.235969	0.534317
25	53	0.663837	0.119127	0.523916	0.006344	-0.859436	-0.101490	80	16	0	10.914700	0.842688	0.689785	0.824166	0.653865	0.614015	0.399615	0.695237	0.591325
25	54	0.523473	0.245430	0.492658	-0.083505	0.116516	0.038704	60	13	0	9.009918	0.264593	0.877646	0.361289	0.617864	0.589641	0.376443	0.618746	0.481559
25	55	0.623296	0.083427	0.508568	0.310289	-1.424317	0.256502	70	15	0	7.397595	0.677919	0.596616	0.664208	0.610327	0.503849	0.658034	0.546985	0.728432
25	56	0.236460	0.175152	0.336319	-0.371088	-0.222210	-0.989196	28	5	0	7.952818	0.133900	0.119387	0.235568	0.069115	0.464881	0.436578	0.170542	0.261706
25	57	0.416323	0.284157	0.336319	-0.252950	0.467089	-1.256821	57	14	0	7.176659	0.217367	0.269083	0.302758	0.562620	0.277502	0.464801	0.677919	0.558531
25	58	0.451121	0.311798	0.436440	-0.452629	0.711540	-0.446236	66	14	0	9.202769	0.198525	0.346456	0.726748	0.324647	0.626684	0.392319	0.325449	0.668137
25	59	0.682228	0.153023	0.526711	0.115724	-0.404053	0.047779	90	18	0	8.456093	0.530869	0.742303	0.730597	0.613454	0.551636	0.777181	0.632537	0.879250
25	60	0.609114	0.144925	0.818324	0.175352	-0.681238	1.635172	75	14	0	7.896272	0.389673	0.592848	0.663085	0.575770	0.786161	0.789448	0.468409	0.607521
25	61	0.619157	0.222919	0.475866	0.293344	-0.031408	-0.095470	58	11	0	9.658084	0.681046	0.517559	0.649615	0.855436	0.454217	0.866822	0.537364	0.391196
25	62	0.719141	0.164128	0.802506	0.650530	-0.389190	1.588164	62	13	0	8.408141	0.838679	0.852710	0.716244	0.745350	0.709990	0.845654	0.469291	0.575208
25	63	0.815587	0.081021	0.642548	0.962849	-0.992106	0.729666	72	12	0	8.872036	0.825529	0.942431	0.846777	0.814705	0.914448	0.844131	0.686578	0.650096
25	64	0.360257	0.198404	0.336319	0.158238	-0.377263	-0.960729	31	5	0	7.604630	0.046183	0.445318	0.364416	0.727389	0.264031	0.485888	0.312700	0.236129
25	65	0.387528	0.379370	0.458547	-0.390105	1.153245	0.003348	59	12	0	7.650818	0.718329	0.486931	0.538967	0.586193	0.135744	0.307970	0.146328	0.179763
25	66	0.279346	0.262187	0.401860	-0.020134	0.279487	0.031994	23	4	0	8.276066	0.557248	0.127806	0.748396	0.097819	0.133258	0.324246	0.066228	0.179763
25	67	0.684012	0.313502	0.603271	0.647266	0.762118	0.693791	57	11	0	8.529089	0.887187	0.885584	0.739256	0.841004	0.635103	0.555564	0.487893	0.440507
25	68	0.764061	0.223501	0.518670	0.271571	0.515128	-0.019333	108	23	0	7.686135	0.940747	0.825128	0.906270	0.890876	0.701732	0.649936	0.519484	0.678319
25	69	0.439264	0.363614	0.450266	0.055531	0.854870	0.030677	43	8	0	8.372891	0.653624	0.560856	0.117463	0.384221	0.355757	0.692351	0.071520	0.678319
25	70	0.811859	0.133639	0.720689	0.886477	-0.282326	1.231655	86	17	0	7.084705	0.860247	0.817511	0.960231	0.913165	0.760343	0.835311	0.669740	0.678319
25	71	0.473561	0.199767	0.454137	0.223414	-0.396279	0.119738	43	9	0	7.810419	0.364657	0.531751	0.369949	0.715202	0.404185	0.485888	0.238534	0.678319
25	72	0.716044	0.151499	0.773080	0.739221	-0.607502	1.385316	50	9	0	10.745471	0.820959	0.780789	0.784638	0.801876	0.706944	0.836514	0.499759	0.496873
25	73	0.655568	0.110748	0.526391	0.553786	-1.157146	0.300833	54	10	0	9.068694	0.727630	0.631174	0.890876	0.419500	0.634301	0.723220	0.560776	0.657072
25	74	0.732000	0.287905	0.648275	0.566882	0.764002	0.767659	76	13	0	8.455806	0.836353	0.810055	0.564865	0.863133	0.833948	0.928239	0.493425	0.525978
25	75	0.603823	0.219592	0.604955	0.419436	-0.127313	0.694355	52	9	0	9.238856	0.488855	0.710872	0.517880	0.727389	0.497595	0.947081	0.386145	0.554763
25	76	0.332415	0.367724	0.397336	-0.134885	0.968522	-0.328240	32	6	0	8.444440	0.437700	0.037444	0.336193	0.106158	0.161482	0.947081	0.078496	0.554763
25	77	0.723631	0.146187	0.631288	0.450516	-0.664569	0.464815	58	13	1	8.563463	0.830581	0.909958	0.646328	0.917495	0.762187	0.189945	0.809012	0.723541
26	1	0.490910	0.525718	0.710506	2.664877	0.850394	2.937591	3	1	0	0.000000	0.281671	0.862813	0.987091	0.758339	0.306126	0.189945	0.401299	0.139994
26	2	0.240549	0.131735	0.378138	0.016737	-0.785510	-0.175638	22	4	0	6.966881	0.144885	0.150978	0.163727	0.078817	0.259461	0.624679	0.346376	0.155468
26	3	0.426465	0.138751	0.460116	0.253918	-1.039767	0.242437	32	6	0	8.248778	0.468570	0.279747	0.468570	0.324647	0.726026	0.411883	0.331543	0.400738
26	4	0.712045	0.212656	0.741352	0.674537	0.000931	1.269827	55	11	0	9.383039	0.926315	0.701652	0.473701	0.830420	0.872996	0.627566	0.635022	0.628688
26	5	0.362141	0.127486	0.336319	-0.386467	-0.898663	-1.263068	53	11	0	7.673683	0.132216	0.068554	0.388470	0.394323	0.522611	0.428319	0.420301	0.542335
26	6	0.295231	0.177357	0.336319	-0.421045	-0.289695	-1.135577	45	8	0	7.590622	0.141357	0.127806	0.173428	0.197162	0.649535	0.294500	0.296504	0.481559
26	7	0.433261	0.147891	0.336319	-0.173836	-0.793494	-1.359940	49	11	0	8.548804	0.354394	0.388631	0.400978	0.462396	0.758339	0.243185	0.562861	0.295301
26	8	0.269193	0.135203	0.336319	-0.338829	-0.678572	-0.933888	38	9	0	6.563286	0.468810	0.171584	0.212716	0.404506	0.136947	0.271007	0.192672	0.295301
26	9	0.204749	0.162965	0.336319	-0.391690	-0.184344	-0.835713	25	5	0	7.196518	0.185856	0.059413	0.363374	0.170702	0.173028	0.337476	0.052838	0.295301
26	10	0.369327	0.268762	0.401448	0.010946	0.266028	-0.094816	39	8	0	7.122567	0.064304	0.328656	0.262668	0.410920	0.573605	0.524134	0.540491	0.249840
26	11	0.247685	0.144484	0.526391	0.001442	-0.675170	1.020071	21	5	0	6.919942	0.171584	0.338438	0.095654	0.129169	0.698364	0.175914	0.122514	0.249840
26	12	0.102239	0.047847	0.336319	-1.113588	-0.626068	-0.778111	25	6	0	6.663653	0.052999	0.051155	0.095654	0.069115	0.083788	0.164769	0.084108	0.216325
26	13	0.377325	0.325509	0.397336	-0.323685	0.717585	-0.612816	42	8	0	10.129870	0.261786	0.598380	0.095654	0.478512	0.786001	0.483643	0.098300	0.216325
26	14	0.211794	0.123056	0.336319	-0.692642	-0.605614	-1.160151	28	6	0	9.059054	0.320157	0.219371	0.111289	0.187700	0.124920	0.046665	0.467928	0.216325
26	15	0.315346	0.216886	0.436440	-0.333077	0.004774	0.030405	43	9	0	7.442208	0.106960	0.452774	0.340282	0.417014	0.031350	0.428319	0.491661	0.254410
26	16	0.272340	0.191168	0.436440	-0.183636	-0.147690	0.321954	38	7	0	5.903101	0.285119	0.453175	0.120991	0.612171	0.031110	0.140956	0.280789	0.254410
26	17	0.411983	0.278564	0.336319	0.518142	0.124563	-0.847759	24	5	0	7.345528	0.285119	0.471536	0.281430	0.821681	0.796424	0.104474	0.280789	0.254410
26	18	0.274575	0.167255	0.397336	-0.842768	-0.265131	-0.652317	47	10	0	9.674499	0.092046	0.137989	0.247675	0.158836	0.675353	0.321841	0.242303	0.320558
26	19	0.397931	0.212817	0.462361	0.006128	-0.237844	0.177811	38	7	0	8.283508	0.626123	0.453977	0.120991	0.583948	0.480677	0.384140	0.213037	0.320558
26	20	0.408826	0.129991	0.547111	0.349683	-1.146473	0.913923	30	6	0	7.247988	0.518682	0.417976	0.332665	0.433852	0.761466	0.129490	0.302277	0.374198
26	21	0.279446	0.126584	0.426956	-0.856169	-0.659163	-0.297396	56	11	0	8.445030	0.251764	0.210953	0.149294	0.264352	0.170542	0.665250	0.149214	0.374198
26	22	0.574888	0.363274	0.643304	0.567173	0.802488	1.035099	39	8	0	8.730962	0.748076	0.748236	0.336193	0.856559	0.388390	0.519804	0.627646	0.374198
26	23	0.327674	0.344231	0.336319	0.377384	0.734553	-0.620292	25	5	0	5.467184	0.014112	0.358724	0.608323	0.433852	0.641677	0.112973	0.311738	0.139994
26	24	0.310345	0.189705	0.336319	-0.371695	-0.180441	-1.064268	50	10	0	6.696193	0.123958	0.075609	0.530468	0.405709	0.464480	0.348060	0.268201	0.266276
26	25	0.166012	0.120169	0.336319	-0.732024	-0.337064	-0.945376	24	5	0	7.967014	0.162524	0.100144	0.082425	0.388470	0.190106	0.053079	0.089641	0.261706
26	26	0.176275	0.166653	0.336319	-0.536804	0.094215	-0.765287	27	5	0	6.628137	0.042335	0.201892	0.120991	0.037364	0.333467	0.076732	0.144003	0.453416
26	27	0.333647	0.164128	0.336319	0.036245	-0.599810	-0.870982	36	7	0	6.507079	0.315427	0.080500	0.207826	0.338037	0.404666	0.707184	0.231158	0.384381
26	28	0.465543	0.265715	0.463186	0.072996	0.205993	0.123173	49	10	0	7.878982	0.313021	0.341405	0.587316	0.084910	0.638149	0.773974	0.529105	0.456462
26	29	0.288596	0.184513	0.336319	-0.405513	-0.201884	-1.088073	44	8	0	7.341007	0.050032	0.249038	0.206462	0.464080	0.338037	0.385744	0.408355	0.207024
26	30	0.203516	0.129290	0.336319	-0.237637	-0.566183	-0.675679	23	5	0	6.378950	0.195077	0.097178	0.066870	0.425353	0.314384	0.111129	0.211113	0.207024
26	31	0.101207	0.088418	0.336319	-1.180628	0.092465	-0.778320	29	7	0	6.216836	0.078817	0.047065	0.081462	0.156430	0.166212	0.019885	0.181527	0.078255
26	32	0.133479	0.091244	0.397336	-1.338029	-0.255745	-0.489583	29	6	0	10.407353	0.226828	0.069115	0.081462	0.100625	0.175273	0.096536	0.107761	0.210231
26	33	0.127466	0.081964	0.336319	-1.389457	-0.319208	-1.282824	31	6	0	10.152465	0.185856	0.004811	0.142158	0.072322	0.182328	0.111129	0.110888	0.210231
26	34	0.140565	0.132477	0.336319	-1.203110	0.165693	-1.128676	32	7	0	8.322512	0.217367	0.004811	0.203335	0.072322	0.128047	0.075048	0.227630	0.195959
26	35	0.220113	0.255532	0.336319	-0.810241	0.682231	-1.193087	42	8	0	8.109247	0.275096	0.004811	0.239577	0.069115	0.048589	0.474984	0.452774	0.195959
26	36	0.121302	0.107140	0.336319	-1.533400	0.112815	-1.307532	40	7	0	9.321716	0.052999	0.004811	0.154185	0.064144	0.086835	0.266357	0.166453	0.174631
26	37	0.078085	0.068513	0.336319	-1.134984	0.147673	-0.688180	19	4	0	7.265103	0.008339	0.004811	0.290651	0.019965	0.038326	0.055885	0.032072	0.174631
26	38	0.255332	0.234024	0.397336	-0.369231	0.235228	-0.285318	28	5	0	8.590953	0.085872	0.004811	0.438422	0.287845	0.140956	0.595654	0.153624	0.335471
26	39	0.164749	0.138350	0.722579	-0.651713	-0.105677	1.862180	26	5	0	7.050722	0.021167	0.004811	0.480597	0.164929	0.129250	0.096536	0.085231	0.335471
26	40	0.202894	0.200930	0.467436	-0.871335	0.325553	0.213433	38	7	0	8.409064	0.371312	0.004811	0.166854	0.294339	0.155949	0.414368	0.117543	0.097979
26	41	0.139843	0.082304	0.336319	-1.695166	-0.208747	-1.353990	62	12	0	7.776043	0.073765	0.004811	0.273813	0.129169	0.120350	0.124599	0.086113	0.306126
26	42	0.136375	0.071039	0.336319	-0.972008	-0.611587	-0.874451	30	6	0	6.941301	0.127405	0.004811	0.161963	0.046183	0.168457	0.207184	0.141838	0.233162
26	43	0.186999	0.219251	0.336319	-0.739966	0.562146	-0.959504	32	7	0	7.232211	0.011305	0.004811	0.160600	0.048348	0.176716	0.521248	0.230196	0.342768
26	44	0.266898	0.291794	0.397336	-0.941861	0.867648	-0.690263	56	9	0	9.578546	0.072723	0.004811	0.411001	0.109525	0.385824	0.474984	0.312219	0.364096
26	45	0.172727	0.176375	0.336319	-1.326876	0.371303	-1.452571	38	8	0	11.292057	0.188422	0.004811	0.126443	0.061257	0.040411	0.444836	0.308611	0.207024
26	46	0.063362	0.045843	0.336319	-1.441974	0.201322	-0.871875	19	3	0	9.045161	0.145686	0.004811	0.231639	0.019965	0.019564	0.013550	0.036642	0.035038
26	47	0.062129	0.061698	0.336319	-1.342547	0.651956	-0.551036	23	4	0	5.557637	0.002245	0.004811	0.231639	0.028784	0.019564	0.067672	0.107280	0.035038
26	48	0.060235	0.065607	0.336319	-0.826556	0.506687	-0.254126	14	3	0	5.672079	0.002245	0.004811	0.231639	0.014352	0.018842	0.067672	0.107280	0.035038
26	49	0.440036	0.429302	0.336319	-1.060876	1.667433	-1.838644	120	23	0	8.219244	0.396328	0.004811	0.592367	0.251443	0.112973	0.829618	0.525337	0.807409
26	50	0.208788	0.127606	0.336319	-1.096094	-0.548837	-1.515178	35	8	1	8.589011	0.135103	0.440827	0.246713	0.084910	0.133740	0.148332	0.171344	0.309333
26	51	0.274836	0.163566	0.385137	-0.774546	-0.274541	-0.646592	53	11	0	7.968520	0.310055	0.299711	0.235568	0.147611	0.140956	0.698926	0.056527	0.309333
26	52	0.440346	0.256895	0.401860	-0.096485	0.126434	-0.417365	44	9	0	9.404978	0.163326	0.386546	0.828015	0.716645	0.205741	0.316469	0.417335	0.488695
26	53	0.215843	0.178400	0.394621	-0.649325	-0.055885	-0.445099	29	5	0	9.436536	0.005292	0.314705	0.250561	0.328496	0.360728	0.071199	0.162604	0.233162
26	54	0.283104	0.255572	0.409134	-0.498497	0.132647	-0.560778	22	4	1	12.484753	0.820157	0.366020	0.066870	0.435856	0.213759	0.057729	0.156190	0.148252
26	55	0.175373	0.163907	0.336319	-0.495827	-0.096144	-1.038082	17	3	0	12.149285	0.232521	0.222979	0.059012	0.376443	0.247274	0.076732	0.039769	0.148252
26	56	0.439304	0.398453	0.442065	0.827127	0.704805	0.310053	17	3	0	9.906945	0.678881	0.689384	0.245430	0.636786	0.420783	0.250000	0.444917	0.148252
26	57	0.267890	0.198625	0.401448	-0.101574	-0.200329	-0.048481	23	4	0	8.548312	0.005051	0.901700	0.112572	0.197162	0.539288	0.207184	0.087075	0.093089
26	58	0.236369	0.211915	0.533893	0.077995	-0.120182	0.932158	16	3	0	9.578438	0.006815	0.580099	0.112572	0.662203	0.162604	0.205099	0.068473	0.093089
26	59	0.310105	0.160920	0.439155	-0.060430	-0.659688	0.081990	26	4	0	9.282294	0.082505	0.252806	0.286642	0.364817	0.400738	0.340843	0.659397	0.093089
26	60	0.291934	0.295342	0.450266	0.540530	0.270073	0.520433	15	2	0	9.851853	0.438021	0.495590	0.558932	0.242784	0.229394	0.124599	0.167896	0.078255
26	61	0.282212	0.180865	0.385137	-0.582903	-0.196254	-0.590438	45	8	0	8.348012	0.509541	0.424792	0.245430	0.360087	0.217367	0.129490	0.079057	0.291934
26	62	0.284417	0.187440	0.336319	0.013361	-0.302198	-0.737446	27	7	0	5.945287	0.375882	0.280548	0.646809	0.211995	0.072883	0.188502	0.139192	0.359525
26	63	0.497605	0.495811	0.460116	-0.637021	1.652002	-0.664229	71	14	1	10.079729	0.777822	0.621392	0.716806	0.741742	0.229394	0.220734	0.141036	0.531911
26	64	0.303590	0.200349	0.442065	0.258047	-0.426510	0.278095	18	3	0	9.964861	0.778384	0.297547	0.195718	0.573845	0.073926	0.136626	0.176155	0.196520
26	65	0.070809	0.046464	0.336319	-1.749295	0.079057	-1.103988	27	5	0	8.906945	0.066309	0.004811	0.117463	0.037364	0.047707	0.069195	0.027101	0.196520
26	66	0.165681	0.188101	0.336319	-0.396815	0.204767	-0.855724	17	3	0	9.364044	0.035760	0.016597	0.742543	0.264352	0.036963	0.028303	0.004410	0.196520
26	67	0.293297	0.217307	0.436440	-0.239361	0.034468	0.211231	38	9	0	6.563286	0.349182	0.650176	0.117463	0.354394	0.097899	0.239256	0.153624	0.384381
26	68	0.120841	0.074226	0.336319	-0.955070	-0.467722	-0.835713	25	5	0	7.196518	0.063021	0.010263	0.117463	0.185776	0.052197	0.116581	0.103031	0.318393
26	69	0.281420	0.398352	0.336319	-0.043373	1.157171	-0.991203	22	4	0	8.959113	0.006815	0.439464	0.298829	0.039288	0.470654	0.292415	0.651780	0.052117
26	70	0.110658	0.063683	0.336319	-1.101170	-0.461773	-0.843286	28	6	0	6.836256	0.001844	0.015074	0.116100	0.103352	0.482200	0.053079	0.061498	0.052117
26	71	0.225315	0.112652	0.378138	-0.734653	-0.779797	-0.737197	33	6	0	9.730836	0.201572	0.235568	0.116100	0.367784	0.462155	0.169259	0.196520	0.053560
26	72	0.241812	0.100625	0.409134	-0.127149	-1.102684	0.206451	24	5	0	6.938993	0.587716	0.273172	0.124920	0.173188	0.261225	0.173428	0.134782	0.206062
26	73	0.165050	0.124539	0.394621	-0.684779	-0.356443	-0.287180	20	4	0	9.682062	0.254330	0.148733	0.124920	0.118185	0.019804	0.429682	0.018682	0.206062
26	74	0.202935	0.164809	0.336319	-0.679414	-0.062430	-1.039545	33	6	0	7.829570	0.163326	0.047065	0.272771	0.301475	0.028865	0.298268	0.199166	0.312540
26	75	0.147320	0.207545	0.336319	-0.661615	0.725855	-0.694999	26	5	0	6.195822	0.016597	0.053159	0.326251	0.035359	0.363214	0.011546	0.208868	0.163566
26	76	0.114226	0.139051	0.336319	-0.921777	0.355594	-0.950793	21	3	0	9.381053	0.064304	0.010263	0.326251	0.043938	0.085071	0.011546	0.208868	0.163566
26	77	0.359155	0.307669	0.430828	0.244775	0.479686	0.284704	28	6	0	6.807833	0.248877	0.577133	0.326251	0.765876	0.481238	0.101427	0.208868	0.163566
26	78	0.160800	0.131535	0.336319	-0.471436	-0.244592	-0.739734	20	4	0	7.442873	0.033435	0.018281	0.220414	0.150257	0.389513	0.098942	0.211995	0.163566
26	79	0.112943	0.120630	0.336319	-1.178527	0.205702	-1.120207	22	4	0	10.494308	0.022530	0.087636	0.286642	0.185776	0.069596	0.053079	0.034718	0.163566
26	80	0.169199	0.188422	0.336319	-0.748226	0.262774	-1.146435	19	4	0	12.023754	0.015956	0.109365	0.511706	0.433852	0.051636	0.007136	0.060375	0.163566
26	81	0.185836	0.085171	0.401448	-0.439422	-0.991484	0.048867	21	4	0	8.163775	0.004731	0.681767	0.114336	0.202213	0.148252	0.009221	0.162604	0.163566
26	82	0.448244	0.345815	0.426956	0.054716	0.707149	-0.216005	38	8	0	9.361767	0.507777	0.562219	0.181527	0.753608	0.530468	0.634622	0.252165	0.163566
26	83	0.319295	0.164629	0.336319	-0.242309	-0.572101	-1.194115	31	6	0	9.134406	0.119147	0.236610	0.455340	0.344051	0.722899	0.246392	0.097097	0.332826
26	84	0.389202	0.339200	0.401448	0.133254	0.651861	-0.180834	28	6	0	8.528619	0.509862	0.754731	0.458307	0.425353	0.098701	0.557168	0.099262	0.210231
26	85	0.116290	0.109124	0.336319	-1.187390	0.063494	-1.050512	26	5	0	8.522655	0.063021	0.053159	0.168377	0.106158	0.292255	0.159076	0.038647	0.049631
26	86	0.332104	0.282593	0.385137	0.037740	0.370180	-0.284682	29	6	0	7.418960	0.154346	0.156831	0.419019	0.216485	0.116822	0.487332	0.422627	0.683371
26	87	0.200198	0.118826	0.336319	-0.416723	-0.709706	-0.969919	20	4	0	9.132615	0.031511	0.303079	0.835953	0.055083	0.100786	0.122996	0.031430	0.120750
26	88	0.143672	0.142760	0.378138	-1.021260	0.163837	-0.528059	24	6	0	8.544852	0.083547	0.205420	0.280308	0.031430	0.236851	0.184493	0.006575	0.120750
26	89	0.535439	0.076110	0.487790	0.957524	-1.949077	0.716272	25	6	0	6.833838	0.459108	0.706783	0.531190	0.543618	0.827534	0.544419	0.550112	0.120750
26	90	0.173258	0.144444	0.399100	-0.468587	-0.219697	-0.074704	20	3	0	9.280648	0.055805	0.081543	0.166854	0.043938	0.445157	0.229233	0.147210	0.216325
26	91	0.143712	0.110006	0.525657	-0.806208	-0.334014	0.655469	20	3	0	11.498785	0.020686	0.167415	0.154185	0.075369	0.171825	0.212155	0.061498	0.286562
26	92	0.086343	0.058371	0.680255	-1.260715	-0.062576	1.773510	27	6	0	5.844041	0.016597	0.047065	0.125722	0.082344	0.071600	0.018281	0.040330	0.288807
26	93	0.138751	0.090663	0.336319	-1.109610	-0.296450	-0.988527	34	7	0	7.295032	0.034477	0.050192	0.125722	0.147611	0.169019	0.197081	0.097097	0.288807
26	94	0.248146	0.311698	0.450266	-0.766974	0.755885	-0.365806	24	4	1	13.379001	0.436097	0.441870	0.239577	0.430404	0.124920	0.080180	0.126363	0.105757
26	95	0.122033	0.100886	0.401448	-0.765539	-0.256314	0.010282	18	3	0	9.674113	0.061097	0.164368	0.045943	0.156430	0.046825	0.269484	0.126363	0.105757
26	96	0.167064	0.183050	0.336319	-0.591459	0.265453	-0.890527	22	4	0	8.148820	0.030869	0.044419	0.260343	0.211995	0.424711	0.172306	0.023974	0.167896
26	97	0.098280	0.090563	0.336319	-1.088737	0.124484	-0.707441	26	6	0	5.977162	0.067591	0.106799	0.068153	0.035359	0.144163	0.172306	0.023974	0.167896
26	98	0.147831	0.108343	0.336319	-0.550812	-0.382048	-0.696284	22	4	0	6.925460	0.170863	0.047065	0.068153	0.082344	0.450048	0.172306	0.023974	0.167896
26	99	0.157022	0.054101	0.426956	-0.735954	-1.232066	0.126400	22	4	0	8.797805	0.144403	0.148733	0.063823	0.444756	0.111289	0.134461	0.040811	0.167896
26	100	0.071460	0.054342	0.401860	-1.450812	0.026289	-0.049754	17	4	0	10.654521	0.035760	0.040892	0.200208	0.135504	0.076251	0.037043	0.008980	0.037043
26	101	0.344572	0.318774	0.409134	0.717183	0.264653	0.240044	13	3	0	9.774496	0.316549	0.709830	0.130613	0.736530	0.429522	0.198926	0.197563	0.037043
26	102	0.208106	0.169179	0.336319	-0.706444	-0.049361	-1.081198	32	7	0	8.006867	0.050032	0.510664	0.364416	0.106158	0.094692	0.241822	0.147691	0.149375
26	103	0.126403	0.146187	0.336319	-1.208780	0.492108	-0.933888	38	9	0	6.563286	0.159317	0.042255	0.280308	0.010103	0.111289	0.103191	0.035600	0.269163
26	104	0.087336	0.112312	0.336319	-1.310476	0.646524	-0.835713	25	5	0	7.196518	0.054682	0.010263	0.003127	0.170702	0.104153	0.002004	0.084589	0.269163
26	105	0.350305	0.240980	0.522530	0.553152	-0.148507	1.061152	21	4	0	6.772487	0.010423	0.255773	0.427197	0.478512	0.541934	0.386867	0.498717	0.203015
26	106	0.195458	0.206823	0.401448	-0.647828	0.370715	-0.011514	30	7	0	7.160030	0.022290	0.287765	0.077614	0.115298	0.282713	0.499198	0.075770	0.203015
26	107	0.161482	0.140394	0.378138	-0.164228	-0.240971	0.053861	17	4	0	6.217450	0.013310	0.122114	0.149294	0.039288	0.281430	0.386867	0.096536	0.203015
26	108	0.154075	0.118886	0.336319	-0.243899	-0.399194	-0.545303	19	3	0	6.775481	0.025898	0.074808	0.140715	0.168377	0.093650	0.222258	0.303881	0.203015
26	109	0.142379	0.103813	0.336319	-1.527655	-0.043268	-1.254547	52	12	0	7.569570	0.102790	0.084910	0.047146	0.180404	0.074246	0.361289	0.085231	0.203015
26	110	0.123857	0.118205	0.336319	-0.452893	-0.096214	-0.545303	19	3	0	6.775481	0.051716	0.025337	0.047146	0.007457	0.134221	0.376443	0.145526	0.203015
26	111	0.384962	0.258599	0.513046	0.107585	0.097584	0.586168	32	6	0	8.119753	0.102790	0.730757	0.411001	0.282713	0.240779	0.862332	0.242303	0.207024
26	112	0.335742	0.267980	0.378138	0.257806	0.230411	-0.182558	29	6	0	5.753546	0.189625	0.309012	0.409718	0.338037	0.751283	0.036081	0.120269	0.531911
26	113	0.246943	0.289508	0.394621	-0.583378	0.765514	-0.413104	33	8	0	8.266467	0.056928	0.349022	0.059974	0.387187	0.386706	0.214962	0.109766	0.411001
26	114	0.115078	0.045081	0.385137	-1.091628	-0.949672	-0.392439	22	4	0	9.557893	0.029827	0.075609	0.059974	0.026139	0.050513	0.489978	0.053720	0.134862
26	115	0.118044	0.033315	0.397336	-0.877352	-1.271134	-0.012526	20	5	0	7.582199	0.064945	0.127806	0.203335	0.022290	0.127325	0.146248	0.117543	0.134862
26	116	0.296644	0.213017	0.378138	-0.482915	0.035155	-0.667687	44	9	0	7.907355	0.080420	0.250000	0.394965	0.282713	0.093650	0.621873	0.222178	0.427357
26	117	0.073916	0.047847	0.336319	-1.160841	-0.091460	-0.578234	20	5	0	6.060622	0.035760	0.021969	0.065747	0.022290	0.047306	0.014753	0.082986	0.300513
26	118	0.153283	0.158435	0.399100	-1.367001	0.413672	-0.416076	48	9	0	8.153846	0.281270	0.019804	0.065747	0.199727	0.049471	0.173428	0.136305	0.300513
26	119	0.187440	0.084850	0.336319	-1.083427	-0.825273	-1.376593	33	6	0	11.401671	0.429602	0.144163	0.193473	0.173188	0.047306	0.080180	0.221376	0.210231
26	120	0.090022	0.060475	0.336319	-1.353523	-0.199772	-1.067695	21	4	0	10.011251	0.019403	0.040170	0.075128	0.156430	0.062540	0.067672	0.006895	0.291934
26	121	0.157633	0.147009	0.336319	-0.991955	0.179435	-0.933888	38	9	0	6.563286	0.205019	0.189304	0.075128	0.010103	0.055805	0.157553	0.017479	0.550674
26	122	0.081994	0.119848	0.336319	-1.371331	0.860427	-0.835713	25	5	0	7.196518	0.037845	0.010263	0.130613	0.008419	0.052678	0.150257	0.017479	0.248396
26	123	0.185997	0.271488	0.336319	-0.109353	0.718355	-0.672339	17	3	0	7.902168	0.003448	0.048028	0.493265	0.043938	0.139112	0.071199	0.292495	0.396488
26	124	0.114316	0.157593	0.401448	-1.338028	0.697107	-0.172938	30	7	0	8.174123	0.012829	0.308130	0.033515	0.173188	0.043217	0.114737	0.004731	0.224182
26	125	0.089621	0.096877	0.364199	-0.777210	0.250592	-0.040629	17	4	0	6.217450	0.025096	0.036001	0.033515	0.199727	0.089240	0.104474	0.004731	0.224182
26	126	0.079408	0.081603	0.336319	-0.907436	0.269511	-0.545303	19	3	0	6.775481	0.035760	0.024936	0.033515	0.007457	0.061498	0.243185	0.004731	0.224182
26	127	0.105787	0.089861	0.336319	-1.801301	0.235679	-1.254547	52	12	0	7.569570	0.096216	0.037925	0.033515	0.097819	0.040090	0.267800	0.048749	0.224182
26	128	0.512969	0.427878	0.689464	0.320274	0.938348	1.000469	25	5	1	10.476835	0.806687	0.629971	0.484606	0.666934	0.843008	0.154987	0.228352	0.289208
26	129	0.406019	0.333206	0.540708	0.303414	0.551281	0.714573	26	4	0	9.322841	0.575369	0.589080	0.684173	0.461033	0.475786	0.114737	0.058772	0.289208
26	130	0.322322	0.183872	0.477676	-0.120505	-0.481673	0.211108	23	4	0	12.286789	0.120189	0.760103	0.076652	0.240779	0.384461	0.424631	0.282553	0.289208
26	131	0.092688	0.045161	0.385137	-0.732726	-0.681176	0.114702	19	3	0	6.775481	0.070879	0.073284	0.096937	0.007457	0.199647	0.091084	0.049872	0.152341
26	132	0.091445	0.097979	0.336319	-1.416996	0.413748	-0.999972	28	5	0	8.025610	0.002646	0.053881	0.041613	0.183130	0.143602	0.104474	0.049872	0.152341
26	133	0.089741	0.110227	0.336319	-1.045961	0.418903	-0.848698	18	3	0	9.057769	0.001443	0.026780	0.041613	0.097819	0.226267	0.138390	0.033275	0.152341
26	134	0.062059	0.060816	0.336319	-0.812424	0.304045	-0.479969	11	2	0	8.772007	0.000080	0.026780	0.041613	0.041533	0.222178	0.000962	0.010985	0.152341
26	135	0.159146	0.127165	0.336319	-0.902601	-0.133091	-0.997555	28	6	0	7.818965	0.007858	0.022530	0.041613	0.115298	0.103833	0.266357	0.129891	0.585792
26	136	0.284177	0.173629	0.475247	-0.588386	-0.276613	0.191893	44	9	0	8.238019	0.045301	0.203817	0.442992	0.329939	0.239897	0.503047	0.342848	0.165571
26	137	0.510403	0.326191	0.566423	0.873461	0.372795	1.049931	22	5	0	7.890068	0.682569	0.673028	0.602309	0.557970	0.792255	0.246392	0.383499	0.145205
26	138	0.161682	0.124699	0.439155	-0.031779	-0.506587	0.700163	15	3	0	7.065685	0.283034	0.133499	0.246713	0.015314	0.120350	0.240619	0.108724	0.145205
26	139	0.293357	0.303520	0.378138	-0.675521	0.861137	-0.703572	57	12	0	7.207261	0.168217	0.124679	0.800593	0.100625	0.066148	0.581062	0.136305	0.369227
26	140	0.089962	0.128368	0.336319	-1.268630	0.762846	-0.835713	25	5	0	7.196518	0.018842	0.010263	0.003127	0.008419	0.029747	0.143762	0.136305	0.369227
26	141	0.219482	0.225505	0.336319	0.188206	0.113065	-0.560455	18	3	0	7.037534	0.017319	0.076812	0.572723	0.046183	0.128929	0.231158	0.197563	0.485167
26	142	0.108423	0.113895	0.401448	-1.292966	0.287192	-0.059761	31	7	0	7.399239	0.017319	0.301235	0.057890	0.046183	0.141597	0.114737	0.001764	0.186658
26	143	0.067782	0.062640	0.364199	-1.036412	0.272053	-0.040629	17	4	0	6.217450	0.038486	0.036001	0.057890	0.009060	0.134782	0.077614	0.001764	0.186658
26	144	0.064935	0.071500	0.336319	-1.139379	0.596389	-0.545303	19	3	0	6.775481	0.025417	0.024936	0.057890	0.007457	0.135423	0.077614	0.004089	0.186658
26	145	0.100225	0.127866	0.336319	-1.857508	0.781267	-1.254547	52	12	0	7.569570	0.113775	0.037925	0.057890	0.030468	0.156350	0.214962	0.003768	0.186658
26	146	0.139432	0.090563	0.385137	-0.952528	-0.394486	-0.304268	25	5	0	8.005725	0.027261	0.195398	0.165330	0.112572	0.301074	0.012187	0.177277	0.124359
26	147	0.106007	0.126343	0.336319	-0.533856	0.101602	-0.647303	13	3	0	8.772007	0.003608	0.379811	0.090603	0.013791	0.056607	0.002004	0.177277	0.124359
26	148	0.418828	0.480677	0.483025	0.332535	1.281698	0.288123	21	4	0	12.264414	0.545301	0.682729	0.669500	0.678400	0.195638	0.277421	0.177277	0.124359
26	149	0.372304	0.476026	0.574052	-0.391647	1.380857	0.295628	30	5	1	12.221873	0.773172	0.632377	0.391036	0.599824	0.115539	0.134461	0.207665	0.124359
26	150	0.083066	0.118445	0.336319	-0.872731	0.649618	-0.545303	19	3	0	6.775481	0.078095	0.004811	0.200208	0.007457	0.059734	0.005933	0.207665	0.100625
26	151	0.179141	0.166092	0.450266	-0.660938	0.037328	0.237202	23	4	0	9.112388	0.048749	0.650898	0.069436	0.202213	0.056847	0.027341	0.277021	0.100625
26	152	0.160259	0.085171	0.460116	-1.010371	-0.616189	0.237563	32	6	0	8.280606	0.137107	0.004811	0.069436	0.168377	0.161001	0.560295	0.080420	0.100625
26	153	0.347739	0.327233	0.529323	0.238379	0.616183	0.898942	26	5	0	7.245142	0.668297	0.329939	0.487492	0.476507	0.153624	0.075048	0.147210	0.443794
26	154	0.295181	0.304703	0.385137	-0.536573	0.800395	-0.510099	48	11	0	7.318970	0.318954	0.045943	0.588919	0.209509	0.147130	0.468008	0.139192	0.443794
26	155	0.293157	0.266497	0.336319	-0.522368	0.463642	-1.247976	39	9	0	8.520734	0.255212	0.560856	0.095013	0.132777	0.073204	0.290972	0.332826	0.604394
26	156	0.211835	0.085231	0.336319	-0.743092	-1.000168	-1.121225	37	7	0	8.006715	0.173028	0.153624	0.327293	0.082344	0.043698	0.169259	0.141036	0.604394
26	157	0.114506	0.135223	0.401448	-1.096683	0.325940	-0.219228	22	3	0	11.842314	0.060616	0.253528	0.156030	0.089320	0.057008	0.009221	0.009702	0.280629
26	158	0.184423	0.088619	0.378138	-1.161882	-0.602659	-0.620556	54	12	0	6.805798	0.133900	0.207425	0.156030	0.092367	0.045622	0.226267	0.136305	0.477470
26	159	0.053059	0.031631	0.336319	-1.815565	0.454891	-0.835713	25	5	0	7.196518	0.026860	0.010263	0.003127	0.008419	0.029987	0.018281	0.075770	0.251764
26	160	0.104835	0.109846	0.336319	-0.831738	0.161222	-0.650711	21	4	0	6.772487	0.012829	0.004811	0.182809	0.050914	0.110888	0.021087	0.075770	0.379570
26	161	0.129831	0.162263	0.401448	-1.089411	0.558618	-0.011514	30	7	0	7.160030	0.007858	0.300273	0.182809	0.043938	0.086273	0.021087	0.253528	0.142880
26	162	0.053821	0.052939	0.364199	-1.283782	0.626656	-0.040629	17	4	0	6.217450	0.010022	0.036001	0.182809	0.009060	0.020606	0.021087	0.008098	0.142880
26	163	0.055154	0.044860	0.336319	-1.297915	0.480700	-0.545303	19	3	0	6.775481	0.035760	0.024936	0.182809	0.007457	0.021087	0.021087	0.005212	0.142880
26	164	0.046053	0.034217	0.336319	-2.747471	1.272437	-1.254547	52	12	0	7.569570	0.086995	0.037925	0.003127	0.030468	0.039769	0.021087	0.006174	0.142880
26	165	0.138701	0.138510	0.336319	-0.689784	0.153429	-0.705989	26	4	0	6.599190	0.025096	0.063983	0.064785	0.170702	0.370911	0.021087	0.134060	0.258980
26	166	0.223641	0.202193	0.385137	-1.055927	0.322614	-0.663058	53	12	0	7.960302	0.387267	0.246472	0.064785	0.299631	0.376844	0.021087	0.134060	0.258980
26	167	0.151199	0.163065	0.385137	-1.150640	0.431660	-0.379296	43	9	0	6.982245	0.055805	0.062620	0.336193	0.109525	0.086594	0.021087	0.186578	0.351187
26	168	0.120771	0.085652	0.336319	-1.168284	-0.272184	-1.076253	25	5	0	8.861476	0.061097	0.186257	0.112572	0.055083	0.114577	0.021087	0.131575	0.283916
26	169	0.119818	0.034838	0.336319	-1.008770	-1.192626	-0.898503	24	5	0	7.656344	0.075690	0.072723	0.039689	0.112572	0.050513	0.061738	0.048749	0.496873
26	170	0.066108	0.058491	0.336319	-1.404844	0.347264	-0.868594	20	3	0	8.811307	0.008339	0.033355	0.039689	0.057569	0.084750	0.010584	0.090362	0.204217
26	171	0.155779	0.150718	0.385137	-0.899346	0.053700	-0.514861	21	4	0	11.758497	0.093089	0.302277	0.345574	0.123396	0.087155	0.039929	0.050593	0.204217
26	172	0.092658	0.047186	0.385137	-0.956435	-0.681836	-0.213302	16	3	0	9.964861	0.093089	0.091244	0.101988	0.050914	0.059173	0.004570	0.039769	0.300513
26	173	0.143000	0.058752	0.439155	-1.437113	-0.793396	-0.199775	38	7	0	10.383368	0.106078	0.095334	0.101988	0.153223	0.101187	0.103191	0.182489	0.300513
26	174	0.074437	0.060576	0.336319	-1.738824	0.355968	-0.933888	38	9	0	6.563286	0.128528	0.029185	0.003127	0.010103	0.059413	0.034477	0.018121	0.312540
26	175	0.039398	0.022791	0.336319	-2.205820	1.234675	-0.835713	25	5	0	7.196518	0.005773	0.010263	0.003127	0.008419	0.057248	0.002004	0.018121	0.210231
26	176	0.480667	0.327033	0.553514	0.792620	0.411669	0.998689	25	4	0	7.694624	0.608002	0.741581	0.335231	0.545943	0.804763	0.198926	0.359124	0.251764
26	177	0.260473	0.196099	0.399100	-0.028393	-0.168159	0.128988	25	6	0	6.228169	0.038246	0.247915	0.738214	0.380212	0.044660	0.116581	0.266196	0.251764
26	178	0.046424	0.023833	0.336319	-1.471694	0.486621	-0.474177	17	4	0	6.217450	0.004731	0.026780	0.003127	0.009060	0.020285	0.046665	0.008980	0.251764
26	179	0.053059	0.042756	0.336319	-1.346813	0.553910	-0.545303	19	3	0	6.775481	0.005532	0.125802	0.003127	0.007457	0.021648	0.000160	0.008980	0.251764
26	180	0.117112	0.174130	0.336319	-1.696043	0.988407	-1.254547	52	12	0	7.569570	0.046905	0.004811	0.158435	0.426475	0.039769	0.000160	0.008579	0.251764
26	181	0.213178	0.161241	0.336319	-0.827641	-0.144553	-1.239095	36	7	0	8.981809	0.028063	0.019804	0.158435	0.153223	0.258419	0.263951	0.482681	0.340843
26	182	0.102369	0.128788	0.411940	-1.187112	0.462953	-0.089927	23	3	0	10.645422	0.026379	0.032152	0.212716	0.028784	0.138390	0.010103	0.029586	0.340843
26	183	0.133679	0.134120	0.385137	-1.670594	0.398095	-0.774053	50	9	0	9.516343	0.129570	0.004811	0.201732	0.092367	0.087155	0.010103	0.202854	0.340843
26	184	0.299912	0.227590	0.397336	-0.204096	0.039680	-0.302574	33	5	0	8.407198	0.598060	0.462155	0.369949	0.247434	0.172146	0.304121	0.100225	0.145205
26	185	0.120500	0.110307	0.336319	-0.989630	0.020746	-0.856858	26	5	0	7.245142	0.048749	0.031110	0.172065	0.035359	0.096456	0.150257	0.111610	0.318393
26	186	0.242182	0.270366	0.336319	-0.794154	0.713646	-1.267922	43	9	0	8.460849	0.061979	0.040170	0.117463	0.072322	0.405228	0.810295	0.111610	0.318393
26	187	0.335171	0.201632	0.378138	-0.505181	-0.144595	-0.851377	45	9	0	9.286203	0.327053	0.466886	0.504971	0.084910	0.230516	0.470574	0.278063	0.318393
26	188	0.150858	0.192371	0.336319	-0.539962	0.511831	-0.628591	23	5	0	5.879604	0.052197	0.051796	0.173428	0.233964	0.036963	0.343169	0.046183	0.269163
26	189	0.595925	0.209048	0.416659	0.521558	-0.231270	-0.179721	52	11	0	7.483473	0.770526	0.690908	0.867142	0.435856	0.166212	0.561337	0.554121	0.721296
26	190	0.192170	0.274936	0.378138	-0.768267	1.013523	-0.405849	38	9	0	6.563286	0.110808	0.061017	0.068153	0.010103	0.083307	0.319355	0.407152	0.477470
26	191	0.168227	0.305123	0.336319	-0.630704	1.302358	-0.835713	25	5	0	7.196518	0.043858	0.010263	0.068153	0.008419	0.078416	0.411161	0.407152	0.318393
26	192	0.311367	0.220935	0.336319	0.391599	-0.180010	-0.622057	23	4	0	6.318888	0.175273	0.052197	0.296905	0.097819	0.373316	0.792255	0.387428	0.315747
26	193	0.288566	0.251183	0.426956	0.245528	0.066347	0.344601	19	4	0	7.672928	0.481960	0.303079	0.391036	0.461033	0.160359	0.148332	0.046985	0.315747
26	194	0.256725	0.250080	0.456050	-0.163735	0.311179	0.432217	26	5	0	7.323532	0.117463	0.035119	0.318794	0.115298	0.498717	0.108884	0.543778	0.315747
26	195	0.314685	0.172406	0.336319	0.482387	-0.796812	-0.809516	15	3	0	9.564065	0.370350	0.025898	0.704859	0.129169	0.251764	0.463037	0.256655	0.315747
26	196	0.340984	0.295362	0.378138	0.168530	0.323359	-0.532872	20	4	0	10.174306	0.090603	0.194275	0.502886	0.264352	0.745831	0.167174	0.476187	0.286562
26	197	0.488494	0.091926	0.385137	0.477738	-1.553338	-0.285695	43	9	0	6.405108	0.536001	0.502085	0.567992	0.757537	0.186899	0.504089	0.375882	0.477470
26	198	0.258669	0.177798	0.400245	-0.432672	-0.282650	-0.318827	27	5	0	9.775871	0.704699	0.021408	0.200770	0.400096	0.123557	0.112973	0.240940	0.264913
26	199	0.401139	0.217227	0.474961	0.392898	-0.290258	0.594030	30	6	0	6.715377	0.699086	0.472017	0.200770	0.449326	0.393521	0.488534	0.240940	0.264913
26	200	0.288576	0.130713	0.456096	-0.328884	-0.866602	0.094552	28	5	0	9.934826	0.277341	0.519724	0.096937	0.187700	0.342688	0.234205	0.385103	0.264913
26	201	0.200589	0.067191	0.336319	-0.712328	-1.206398	-1.008206	35	7	0	7.381436	0.614176	0.160199	0.135183	0.153223	0.125641	0.051555	0.099824	0.264913
26	202	0.135754	0.108583	0.336319	-1.162250	-0.130909	-1.162229	26	5	0	9.567707	0.059974	0.123557	0.032553	0.156430	0.163165	0.181286	0.056527	0.312540
26	203	0.276179	0.198645	0.414231	0.261806	-0.296824	0.363588	21	4	0	6.728169	0.077053	0.190908	0.576732	0.360087	0.105917	0.193233	0.392960	0.312540
26	204	0.156080	0.198284	0.336319	-0.250796	0.367824	-0.708279	18	2	0	8.559907	0.018201	0.096376	0.210953	0.052999	0.339400	0.345013	0.020125	0.165571
26	205	0.162845	0.102249	0.336319	-0.740732	-0.568311	-1.035238	22	4	0	9.339129	0.018201	0.040892	0.420382	0.153223	0.154025	0.149134	0.272130	0.094772
26	206	0.047116	0.057890	0.336319	-1.883289	1.227125	-0.791680	24	5	0	7.009312	0.018201	0.015956	0.106479	0.069115	0.041132	0.024375	0.006895	0.094772
26	207	0.313883	0.102449	0.378138	-0.093974	-1.288400	-0.500356	28	6	0	8.022058	0.227389	0.489336	0.106479	0.354394	0.314625	0.384140	0.275176	0.359525
26	208	0.213358	0.228833	0.385137	-0.815490	0.450278	-0.590969	33	7	0	9.294477	0.307890	0.064625	0.469852	0.089320	0.136225	0.324246	0.030789	0.283916
26	209	0.343740	0.135203	0.394621	0.617111	-1.150707	0.150907	19	4	0	6.632083	0.221296	0.467287	0.469852	0.284557	0.293858	0.403704	0.325449	0.283916
26	210	0.233533	0.296043	0.336319	-0.154838	0.692928	-0.888340	21	4	0	8.281623	0.045301	0.028384	0.462877	0.358082	0.487973	0.198926	0.184173	0.102550
26	211	0.200940	0.132136	0.378138	-0.648904	-0.443326	-0.555284	26	5	0	8.810622	0.087636	0.556607	0.518441	0.112572	0.116020	0.075048	0.038647	0.102550
26	212	0.298268	0.229053	0.378138	-0.064115	-0.056988	-0.574997	22	4	0	10.182062	0.379009	0.549310	0.288967	0.192511	0.078416	0.336113	0.459269	0.102550
26	213	0.359696	0.152441	0.401448	0.033653	-0.727595	0.021817	42	9	0	6.003365	0.102790	0.231479	0.653624	0.307328	0.347579	0.529987	0.404266	0.300513
26	214	0.723892	0.276058	0.555816	1.729824	0.168111	0.928666	21	3	0	9.487978	0.946360	0.693153	0.909958	0.965924	0.771889	0.648012	0.627967	0.227870
26	215	0.405739	0.557809	0.517777	0.031793	1.902042	0.441060	33	6	0	9.535355	0.231479	0.049070	0.909958	0.082344	0.255853	0.872755	0.662364	0.182088
26	216	0.308621	0.210512	0.456760	-0.254569	-0.115864	0.184541	32	7	0	8.309737	0.090603	0.154586	0.909958	0.120510	0.158595	0.461273	0.321681	0.251764
26	217	0.228943	0.201832	0.397336	-0.277471	-0.002660	-0.163659	23	4	0	8.465636	0.021167	0.194836	0.120991	0.307328	0.352710	0.531030	0.104394	0.199086
26	218	0.161001	0.136867	0.458547	-0.460637	-0.228563	0.541814	18	4	0	7.990998	0.188983	0.078496	0.406831	0.238935	0.053239	0.106879	0.015555	0.199086
26	219	0.402512	0.339080	0.462361	0.750191	0.421685	0.545404	18	3	0	8.650777	0.717367	0.303079	0.486369	0.808531	0.150577	0.348060	0.207024	0.199086
26	220	0.142048	0.184032	0.336319	-0.534468	0.474257	-0.663414	20	4	0	6.973980	0.120189	0.021408	0.259060	0.022290	0.082104	0.399615	0.032633	0.199086
26	221	0.310846	0.172486	0.336319	-0.171461	-0.490157	-1.085999	30	6	0	8.283345	0.180965	0.111289	0.496873	0.194676	0.572883	0.319355	0.310215	0.300513
26	222	0.212847	0.151840	0.385137	-0.414774	-0.409583	-0.335483	21	5	0	8.797459	0.391677	0.056366	0.269243	0.278544	0.157473	0.207184	0.041774	0.300513
26	223	0.463568	0.424792	0.501936	0.668288	1.000140	0.661911	26	4	0	8.047601	0.349904	0.096376	0.832104	0.247434	0.437059	0.743666	0.701491	0.300513
26	224	0.580390	0.385303	0.566079	1.114551	0.744896	0.908073	23	3	0	9.872842	0.719291	0.976347	0.569676	0.778784	0.746953	0.377806	0.129250	0.345013
26	225	0.359405	0.093530	0.394621	-0.173280	-1.453366	-0.550338	28	7	0	10.233483	0.392800	0.198845	0.385423	0.605997	0.271729	0.374359	0.301074	0.345013
26	226	0.487803	0.462636	0.577557	0.846476	1.176003	1.210176	25	5	0	6.856338	0.222979	0.190908	0.889272	0.679843	0.432328	0.865058	0.277021	0.345013
26	227	0.863765	0.146909	0.502440	0.860610	0.254727	-0.014895	112	20	0	7.215206	0.840843	0.793377	0.932088	0.978592	0.856960	0.728352	0.797947	0.981960
27	1	0.556015	0.401199	0.522817	0.797446	0.926243	0.718892	31	7	0	7.512482	0.323845	0.500641	0.914208	0.342768	0.706462	0.837556	0.677437	0.145205
27	2	0.264974	0.124780	0.336319	0.378000	-1.081626	-0.598840	18	3	0	7.266712	0.224022	0.189625	0.090603	0.175754	0.258419	0.234205	0.478672	0.468489
27	3	0.353311	0.253388	0.456336	-0.455157	0.290308	-0.028171	55	9	0	8.316696	0.288326	0.084429	0.416533	0.035359	0.274856	0.741421	0.517078	0.468489
27	4	0.371091	0.119768	0.401448	-0.453506	-0.996395	-0.476432	54	10	0	8.695062	0.151860	0.324166	0.309173	0.237251	0.790330	0.329298	0.418056	0.408595
27	5	0.260103	0.167515	0.336319	-0.815948	-0.186148	-1.306440	52	10	0	8.129995	0.146248	0.167415	0.163727	0.299631	0.483643	0.288566	0.122996	0.408595
27	6	0.327554	0.246292	0.397336	-0.240682	0.146571	-0.382152	34	7	0	8.554413	0.079618	0.226588	0.284397	0.214080	0.500241	0.459589	0.534237	0.321681
27	7	0.682689	0.108724	0.563147	0.199808	-0.964755	0.230928	80	16	0	9.169628	0.646167	0.774856	0.544820	0.725465	0.653384	0.656911	0.882056	0.577854
27	8	0.707535	0.128668	0.758270	0.573089	-0.754248	1.394367	69	14	0	7.968031	0.734846	0.896007	0.736770	0.928881	0.658595	0.399615	0.689705	0.615860
27	9	0.313091	0.277141	0.436440	-0.073994	0.413624	0.220510	34	7	0	6.913278	0.142559	0.232922	0.122755	0.373637	0.161883	0.654907	0.200208	0.615860
27	10	0.624990	0.055083	0.490699	-0.307900	-1.710269	-0.293740	97	22	0	9.094547	0.766597	0.525497	0.524856	0.623717	0.660680	0.644243	0.638470	0.615860
27	11	0.674250	0.267860	0.634954	0.804999	0.304523	0.989339	45	11	0	8.052391	0.779105	0.851988	0.330420	0.856318	0.849423	0.501924	0.608964	0.615860
27	12	0.557689	0.095875	0.465374	-0.481038	-1.139185	-0.416840	94	21	0	8.875981	0.609285	0.523733	0.489015	0.560215	0.270045	0.538967	0.854394	0.615860
27	13	0.246492	0.128347	0.336319	-0.583924	-0.627880	-1.078667	43	8	0	7.331444	0.244548	0.145045	0.104073	0.161081	0.155468	0.552518	0.218008	0.391196
27	14	0.551285	0.268321	0.385137	-0.035406	0.352352	-0.891172	70	12	0	8.925427	0.585953	0.314705	0.612251	0.409317	0.297867	0.521248	0.779185	0.889753
27	15	0.574727	0.340763	0.462464	0.054641	0.947386	-0.034549	85	16	0	6.829794	0.195077	0.389272	0.616822	0.418457	0.737973	0.914529	0.793778	0.531911
27	16	0.810536	0.155829	0.633052	0.551659	0.029736	0.547421	99	21	0	7.937548	0.466084	0.938342	0.849663	0.963198	0.916052	0.841806	0.732120	0.777021
27	17	0.631936	0.065727	0.563365	0.446587	-1.806071	0.423001	51	9	0	10.322864	0.621472	0.836594	0.450690	0.747194	0.616742	0.612091	0.581703	0.588999
27	18	0.687530	0.296825	0.595150	-0.184240	0.922108	0.103948	104	20	0	10.582701	0.249519	0.902421	0.503608	0.933772	0.870109	0.737091	0.607280	0.696440
27	19	0.729855	0.210492	0.648069	-0.381457	0.312702	0.063731	129	24	1	8.703356	0.463518	0.961434	0.746713	0.855677	0.682248	0.877245	0.555564	0.696440
27	20	0.787644	0.146488	0.616902	0.675658	-0.493334	0.327261	55	12	1	9.623270	0.754089	0.899856	0.866742	0.851106	0.822643	0.985006	0.469852	0.651860
27	21	0.604073	0.229975	0.632571	0.493044	-0.044564	0.904166	53	9	0	8.416553	0.768040	0.638951	0.532633	0.969772	0.444436	0.453095	0.373797	0.651860
27	22	0.653133	0.211474	0.503081	0.336013	-0.063130	0.064980	60	14	0	9.101666	0.667415	0.846135	0.268040	0.741742	0.945077	0.485888	0.579859	0.690908
27	23	0.616691	0.372134	0.605677	0.484493	0.989381	0.771087	52	11	0	8.308846	0.514593	0.892960	0.781270	0.930404	0.650176	0.449166	0.314224	0.400738
27	24	0.395386	0.286983	0.459727	-0.914849	0.726114	-0.348427	93	17	0	8.279275	0.298268	0.636947	0.509862	0.199727	0.243345	0.352229	0.258419	0.664288
27	25	0.631354	0.283796	0.685650	-0.096358	0.481173	0.604305	75	14	1	8.746891	0.775978	0.938182	0.509862	0.846616	0.509782	0.527502	0.600144	0.342768
27	26	0.296695	0.187280	0.336319	-0.201749	-0.261841	-0.929873	36	9	0	6.621610	0.261225	0.133499	0.406831	0.383339	0.224743	0.493586	0.127566	0.342768
27	27	0.357801	0.420923	0.336319	0.033225	1.246462	-0.956191	36	8	0	6.885189	0.085872	0.687700	0.248797	0.639272	0.197643	0.069195	0.574407	0.359525
27	28	0.541092	0.161321	0.686899	0.138856	-0.662793	1.103750	57	11	0	8.461344	0.545542	0.791693	0.475946	0.894724	0.546985	0.189945	0.524375	0.359525
27	29	0.458677	0.244949	0.557409	0.142201	-0.018646	0.678913	41	9	0	8.181992	0.469933	0.863614	0.321360	0.620109	0.532152	0.116581	0.272691	0.472979
27	30	0.381304	0.378428	0.470150	0.132369	0.989056	0.499222	41	8	0	6.393421	0.509862	0.400096	0.685696	0.204137	0.777662	0.089160	0.085231	0.298589
27	31	0.340894	0.230176	0.420966	0.063996	-0.086667	0.052458	27	5	0	8.155641	0.338919	0.032152	0.239577	0.439064	0.666934	0.517078	0.194836	0.298589
27	32	0.405659	0.155067	0.426773	-0.461145	-0.601621	-0.356078	62	13	0	8.195563	0.288326	0.704859	0.204939	0.320879	0.688743	0.379410	0.351988	0.306126
27	33	0.479875	0.139472	0.503081	-0.160707	-0.826713	0.183578	64	12	0	8.192846	0.468970	0.620991	0.576010	0.520606	0.387107	0.468008	0.147210	0.650096
27	34	0.507767	0.124218	0.378138	-0.268081	-0.952528	-1.041080	75	14	0	8.553879	0.425834	0.680484	0.412364	0.529747	0.510904	0.515314	0.389994	0.597498
27	35	0.630653	0.461654	0.522702	0.808707	1.409131	0.568929	46	8	0	7.604501	0.831623	0.959028	0.431687	0.984365	0.622996	0.312219	0.305805	0.597498
27	36	0.654256	0.081242	0.504605	0.237684	-1.346340	0.115401	84	16	0	7.573559	0.593489	0.637187	0.776058	0.660760	0.633258	0.466325	0.613294	0.853672
27	37	0.516507	0.181647	0.492658	-0.235150	-0.363550	-0.051019	72	13	0	9.229867	0.486530	0.559894	0.447482	0.838679	0.262508	0.469452	0.339080	0.728432
27	38	0.566339	0.324086	0.678778	0.312528	0.684568	1.165025	57	11	0	7.802078	0.890234	0.734686	0.734686	0.643040	0.360327	0.201331	0.539047	0.427357
27	39	0.547436	0.141076	0.551590	-0.344056	-0.838412	0.059289	72	17	1	7.874724	0.564705	0.902101	0.650497	0.648252	0.092287	0.607761	0.355356	0.558531
27	40	0.835261	0.160059	0.674746	-0.131468	0.495148	0.323444	179	41	0	7.956664	0.878287	0.751684	0.838358	0.916533	0.716725	0.898493	0.711514	0.970494
27	41	0.458708	0.148272	0.480585	-0.115235	-0.760571	0.159432	58	12	0	7.742520	0.641357	0.423268	0.497514	0.738855	0.159076	0.271007	0.465603	0.472979
27	42	0.681707	0.284537	0.898275	0.523426	0.641469	2.287112	76	16	0	6.800755	0.499920	0.513390	0.509862	0.772771	0.741581	0.807569	0.793538	0.815026
27	43	0.508750	0.292595	0.561292	0.205460	0.446258	0.759104	56	13	0	6.680340	0.521809	0.518762	0.286642	0.688021	0.275176	0.646729	0.390394	0.742463
27	44	0.897039	0.097599	0.921241	0.474005	0.098658	1.847306	143	31	0	8.555309	0.808291	0.964160	0.959028	0.960231	0.723300	0.890234	0.989015	0.882056
27	45	0.473180	0.245670	0.440919	-0.253841	0.174989	-0.257228	70	13	0	8.037285	0.358323	0.213358	0.428159	0.547306	0.533114	0.279266	0.694997	0.730917
27	46	0.438091	0.263169	0.378138	-0.337608	0.368431	-0.819001	75	14	0	7.096847	0.374679	0.305645	0.053400	0.338037	0.743505	0.559333	0.435696	0.694436
27	47	0.573725	0.215683	0.523802	0.166442	-0.079238	0.355467	67	15	0	7.406565	0.387588	0.455981	0.636947	0.723861	0.460391	0.543297	0.722659	0.659076
27	48	0.491240	0.125581	0.416659	-0.055427	-1.075812	-0.438611	51	10	0	9.765148	0.442912	0.732842	0.778464	0.454859	0.035840	0.525657	0.477790	0.481559
27	49	0.591816	0.173990	0.651665	0.084218	-0.383266	0.848931	81	14	0	7.723983	0.644003	0.567191	0.237171	0.713839	0.792415	0.399615	0.685856	0.694436
27	50	0.350285	0.280288	0.378138	-0.328787	0.401343	-0.828174	37	7	0	10.203319	0.557649	0.510664	0.165330	0.267720	0.322883	0.269484	0.141036	0.567511
27	51	0.396839	0.175273	0.485258	-0.285078	-0.477552	0.152416	51	9	0	8.699366	0.432328	0.577854	0.224343	0.685856	0.205741	0.316469	0.380933	0.351187
27	52	0.452203	0.396047	0.336319	-0.179933	1.133022	-1.380740	56	12	0	8.193250	0.206863	0.417094	0.711594	0.280548	0.661482	0.481719	0.201251	0.657072
27	53	0.245259	0.141236	0.456096	-0.246899	-0.576509	0.445155	32	5	0	6.952684	0.197563	0.392399	0.314945	0.147611	0.180003	0.272210	0.144804	0.312540
27	54	0.354715	0.121492	0.436440	-0.173404	-1.026185	0.031595	46	8	0	7.406463	0.067591	0.211915	0.340282	0.345574	0.415250	0.382457	0.601668	0.472979
27	55	0.328867	0.321099	0.421367	-0.779246	0.920849	-0.435481	59	12	0	9.038034	0.123396	0.224904	0.184493	0.118185	0.404666	0.542335	0.559974	0.472979
27	56	0.371222	0.325208	0.456336	-0.815826	0.960865	-0.230749	76	17	0	8.021216	0.411321	0.175513	0.212716	0.194676	0.117303	0.791613	0.569756	0.496873
27	57	0.290220	0.231619	0.397336	-0.646506	0.224671	-0.596197	45	7	0	9.874052	0.067191	0.097178	0.280308	0.231318	0.142479	0.662925	0.230196	0.610167
27	58	0.176686	0.149675	0.414277	-1.205282	0.056951	-0.356219	38	7	0	10.383368	0.102229	0.086193	0.242543	0.137428	0.194035	0.263951	0.074567	0.312540
27	59	0.763240	0.054402	0.603993	0.959705	-1.691966	0.806354	62	13	0	7.385526	0.556687	0.803400	0.741421	0.790411	0.930324	0.781591	0.769323	0.732761
27	60	0.767810	0.169500	0.608907	-0.089430	0.164152	0.146269	134	29	0	8.540554	0.591565	0.745109	0.854955	0.670301	0.852229	0.687781	0.810536	0.930003
27	61	0.602119	0.338799	0.336319	-0.421725	1.116353	-1.816952	113	23	0	8.254822	0.306206	0.364096	0.759702	0.465202	0.636626	0.835792	0.564064	0.885263
27	62	0.684112	0.269824	0.412318	0.208300	0.618693	-0.606059	89	18	0	7.880928	0.280067	0.885103	0.949727	0.461033	0.817591	0.742142	0.599182	0.738053
27	63	0.482531	0.133018	0.378138	-0.690527	-0.674346	-1.138498	105	22	0	7.537411	0.474182	0.278303	0.423108	0.296103	0.452453	0.674952	0.439224	0.821921
27	64	0.539990	0.305063	0.414231	-0.490557	0.806057	-0.704585	100	21	0	8.016545	0.316549	0.253528	0.669820	0.389432	0.563422	0.680484	0.674872	0.771809
27	65	0.619658	0.225445	0.489737	0.300073	0.060307	0.169074	72	15	0	7.273418	0.482601	0.663727	0.796264	0.314785	0.640234	0.830901	0.712396	0.516357
27	66	0.768091	0.192631	0.740115	0.661889	0.041372	1.136536	61	16	0	9.560692	0.875481	0.838839	0.724984	0.878368	0.922306	0.559333	0.829057	0.516357
27	67	0.363364	0.325188	0.397336	-0.256887	0.787411	-0.386016	52	9	0	7.431300	0.038887	0.771889	0.128768	0.451652	0.648493	0.191309	0.328736	0.347178
27	68	0.326652	0.252746	0.414277	-0.761350	0.391644	-0.457108	58	12	0	8.865150	0.155629	0.134541	0.281430	0.336353	0.123877	0.704859	0.367944	0.508579
27	69	0.272801	0.177077	0.397336	-0.658517	-0.182050	-0.452652	48	9	0	8.040362	0.237572	0.129009	0.332665	0.087155	0.153624	0.321841	0.270446	0.650096
27	70	0.265525	0.111009	0.336319	-0.736994	-0.908554	-1.350197	40	9	0	9.368744	0.122996	0.092688	0.330420	0.257858	0.280629	0.364657	0.342126	0.332826
27	71	0.208397	0.157393	0.336319	-0.572381	-0.165416	-0.903665	36	7	0	6.682400	0.267319	0.065587	0.143682	0.057569	0.159557	0.324246	0.214240	0.434974
27	72	0.389402	0.236349	0.523779	-0.183624	-0.002016	0.429651	40	9	0	8.851890	0.605115	0.525818	0.471616	0.472819	0.091886	0.227470	0.463358	0.257136
27	73	0.221195	0.117664	0.336319	-0.924547	-0.588909	-1.247603	47	10	0	7.976219	0.179843	0.070478	0.104073	0.235728	0.282713	0.138390	0.226427	0.531911
27	74	0.187540	0.151860	0.399100	-1.082097	-0.004526	-0.433926	38	8	0	9.052066	0.223380	0.232200	0.328817	0.095334	0.287203	0.164769	0.090362	0.078255
27	75	0.317191	0.109205	0.401448	-0.410475	-1.071352	-0.242517	46	10	0	7.473269	0.281671	0.432328	0.241421	0.272851	0.307729	0.356479	0.217688	0.427357
27	76	0.414338	0.272250	0.786665	-0.429004	0.386960	1.482728	58	12	0	8.956262	0.270125	0.206623	0.450208	0.405709	0.640394	0.519804	0.580901	0.240940
27	77	0.161101	0.152963	0.385137	-0.505421	0.034295	-0.053713	24	4	0	6.779170	0.070157	0.057729	0.049391	0.072322	0.162604	0.422627	0.213037	0.240940
27	78	0.343700	0.369047	0.513046	-0.218931	1.038054	0.556179	43	9	0	7.393427	0.197563	0.179362	0.120991	0.340523	0.580821	0.547226	0.188983	0.594131
27	79	0.277311	0.223902	0.378138	-0.290991	0.119446	-0.430175	36	8	0	6.908190	0.192591	0.112091	0.252325	0.066469	0.533916	0.533595	0.184734	0.342768
27	80	0.444476	0.477470	0.603523	-0.233880	1.562156	0.673121	55	11	0	8.839958	0.222579	0.345414	0.088759	0.728752	0.689865	0.220734	0.504250	0.755452
27	81	0.536081	0.199286	0.446154	-0.078308	-0.213385	-0.224503	71	15	0	7.902515	0.440106	0.809493	0.142158	0.569195	0.767800	0.578897	0.398332	0.582665
27	82	0.852109	0.209610	0.823582	0.916368	0.674650	1.512744	87	17	0	8.225863	0.894885	0.966405	0.968008	0.988855	0.622755	0.757697	0.755693	0.862572
27	83	0.403574	0.208667	0.336319	-0.397422	-0.154566	-1.460182	52	11	0	9.245952	0.500241	0.224182	0.512749	0.401780	0.271729	0.302357	0.566549	0.449006
27	84	0.432970	0.201852	0.421367	-0.248856	-0.172230	-0.213276	69	13	0	6.975722	0.155067	0.232922	0.436658	0.449326	0.698044	0.488534	0.357120	0.646087
27	85	0.292525	0.221416	0.436440	-0.525853	0.100295	-0.122821	40	8	0	8.803966	0.098380	0.133499	0.160600	0.435856	0.355035	0.224904	0.285840	0.646087
27	86	0.476718	0.267780	0.446154	-0.374819	0.414974	-0.256790	80	16	0	7.700120	0.345093	0.179362	0.491421	0.305805	0.864096	0.392319	0.588278	0.647370
27	87	0.788897	0.203536	0.713782	0.531197	0.329099	0.946006	85	19	0	8.572827	0.881414	0.917816	0.882056	0.953897	0.611851	0.699727	0.650657	0.713759
27	88	0.684764	0.140455	0.621243	-0.419495	-0.609787	-0.125722	92	20	2	9.892016	0.656751	0.861530	0.555885	0.643842	0.959189	0.510423	0.602550	0.687941
27	89	0.602790	0.318594	0.514089	0.443587	0.639970	0.311980	50	11	0	8.469068	0.510664	0.805805	0.360087	0.835953	0.786883	0.350385	0.575048	0.597498
27	90	0.481228	0.181928	0.385137	-0.237426	-0.394166	-0.837617	64	13	0	8.583301	0.812460	0.369147	0.439945	0.403223	0.403544	0.250000	0.603993	0.567511
27	91	0.588027	0.263891	0.414277	-0.035704	0.407875	-0.505271	81	18	0	7.636772	0.484766	0.428400	0.701411	0.507216	0.873396	0.546264	0.328736	0.834028
27	92	0.414819	0.153103	0.336319	-0.641043	-0.535675	-1.519933	79	17	0	7.782078	0.382537	0.207425	0.498637	0.437620	0.218169	0.413165	0.326972	0.834028
27	93	0.577313	0.174832	0.336319	0.326495	-0.490758	-1.284192	63	12	0	7.294668	0.450850	0.420301	0.685696	0.605276	0.630131	0.703175	0.484124	0.638951
28	1	0.376253	0.302017	0.469830	2.226160	-0.291869	1.723076	3	1	0	0.000000	0.159718	0.292816	0.987733	0.377806	0.021087	0.703175	0.318313	0.149375
28	2	0.195588	0.221075	0.336319	-0.248419	0.359944	-0.703676	22	4	0	6.966881	0.077053	0.277181	0.131976	0.026139	0.058852	0.392319	0.258419	0.342768
28	3	0.423970	0.357882	0.336319	0.041780	0.848518	-1.145076	46	9	0	7.486686	0.265475	0.431527	0.195718	0.163246	0.729715	0.643441	0.593409	0.369227
28	4	0.677317	0.187079	0.462464	-0.124470	-0.003772	-0.494964	105	20	0	9.052671	0.710953	0.510664	0.692672	0.507216	0.941549	0.790411	0.710311	0.554763
28	5	0.486279	0.103472	0.336319	-0.244010	-1.228830	-1.524484	70	12	0	8.682872	0.431446	0.316068	0.419019	0.508579	0.601507	0.453656	0.695718	0.464240
28	6	0.588198	0.119768	0.385137	0.149571	-1.038468	-0.850836	66	12	0	8.764172	0.603833	0.511867	0.419019	0.640154	0.647931	0.752566	0.525818	0.604394
28	7	0.812330	0.112973	0.675101	0.236046	-0.356779	0.495629	117	24	0	9.253289	0.752486	0.859124	0.819836	0.985487	0.785038	0.685856	0.871392	0.739416
28	8	0.727790	0.214340	0.496804	0.424589	0.183005	-0.087068	77	14	0	9.267619	0.843008	0.566068	0.633419	0.560215	0.764833	0.888470	0.826892	0.739416
28	9	0.735778	0.168778	0.576194	0.253914	-0.141218	0.233152	86	19	0	9.077183	0.789448	0.809253	0.608804	0.793618	0.851588	0.838438	0.660760	0.534317
28	10	0.718439	0.221256	0.704206	0.164437	0.285521	0.785353	85	18	0	9.764154	0.879971	0.841164	0.454378	0.871632	0.819035	0.602149	0.643201	0.635985
28	11	0.553790	0.062400	0.485682	0.240463	-1.925509	0.116875	48	11	0	8.972467	0.762428	0.585231	0.495109	0.570237	0.402742	0.517078	0.542736	0.554763
28	12	0.659557	0.170562	0.612607	0.013477	-0.300230	0.376896	81	17	0	9.832618	0.715362	0.721616	0.765314	0.843169	0.518201	0.607761	0.533595	0.571440
28	13	0.554101	0.466585	0.378138	-0.178736	1.645231	-1.044100	81	17	0	8.046851	0.388631	0.299711	0.559654	0.345574	0.810696	0.869468	0.344051	0.815026
28	14	0.502596	0.063703	0.671573	0.017369	-1.839407	1.072275	60	11	0	8.064991	0.652822	0.527421	0.360087	0.532713	0.355436	0.513470	0.557168	0.521648
28	15	0.807429	0.087977	0.758797	-0.731409	-0.495737	0.187930	191	41	1	9.579440	0.896648	0.845574	0.343249	0.955340	0.872434	0.839801	0.762508	0.943874
28	16	0.366551	0.236851	0.378138	-0.444116	0.181934	-0.713836	60	14	0	6.956077	0.420301	0.596937	0.343249	0.187700	0.485888	0.256575	0.168778	0.472979
28	17	0.500461	0.221717	0.433588	0.393243	-0.215497	0.039236	44	9	0	7.244767	0.299631	0.868345	0.343249	0.469291	0.576652	0.469452	0.607842	0.369227
28	18	0.616040	0.206563	0.581314	-0.187932	0.013799	0.223137	89	17	0	9.499367	0.747835	0.766276	0.484606	0.770767	0.302277	0.566309	0.631174	0.659076
28	19	0.564294	0.357260	0.442065	-0.987077	1.366059	-0.820933	153	34	0	8.060742	0.735969	0.403704	0.324487	0.675353	0.272851	0.764994	0.756735	0.580260
28	20	0.534417	0.180885	0.707883	-0.568232	-0.229360	0.779028	94	19	0	9.402474	0.825529	0.414368	0.283275	0.631815	0.622996	0.517078	0.454298	0.525978
28	21	0.336554	0.077494	0.401448	-0.480331	-1.458309	-0.336509	53	11	0	7.634803	0.442912	0.198845	0.366501	0.385584	0.368345	0.296584	0.290892	0.342768
28	22	0.497003	0.248176	0.385137	0.079145	0.078646	-0.652649	54	11	0	7.957857	0.753207	0.539769	0.250561	0.734445	0.498316	0.356479	0.542736	0.300513
28	23	0.810726	0.152822	0.651952	-0.315734	0.106710	-0.125011	140	30	1	9.842170	0.905468	0.860568	0.489897	0.904185	0.894083	0.714400	0.764112	0.953095
28	24	0.692692	0.164448	0.463049	0.491033	-0.410123	-0.132821	64	15	0	8.377522	0.775257	0.537684	0.773332	0.754650	0.633258	0.679763	0.849904	0.537684
28	25	0.798228	0.042495	0.597716	0.068102	-1.417883	0.119841	135	28	0	8.392071	0.816469	0.691469	0.862011	0.827053	0.730597	0.825850	0.803239	0.829137
28	26	0.609395	0.271749	0.558646	0.361885	0.352635	0.515111	60	12	0	8.067949	0.883178	0.147691	0.632697	0.548428	0.931767	0.757457	0.423268	0.550674
28	27	0.707956	0.149655	0.557134	-0.472887	-0.146090	-0.186771	144	32	0	8.780753	0.530228	0.984525	0.827694	0.759301	0.313582	0.704859	0.738214	0.805244
28	28	0.805755	0.245550	0.630280	0.921890	0.677827	0.806267	77	17	0	7.199810	0.831944	0.705099	0.959349	0.959990	0.615539	0.917896	0.842688	0.613534
28	29	0.694355	0.155087	0.604256	-0.712037	-0.227056	-0.293639	137	28	1	9.607469	0.891998	0.674952	0.659878	0.731398	0.363214	0.607761	0.834589	0.791052
28	30	0.592156	0.133078	0.514203	-0.690582	-0.742413	-0.524564	101	20	1	9.565975	0.643441	0.848461	0.690827	0.605997	0.391597	0.290972	0.671825	0.594131
28	31	0.558261	0.236911	0.463186	-0.549641	0.285854	-0.465601	98	23	0	8.910694	0.473461	0.390394	0.615779	0.369227	0.746552	0.857922	0.418618	0.594131
28	32	0.770797	0.153404	0.729497	-0.124211	-0.006053	0.634911	128	27	0	9.901646	0.775096	0.898252	0.763871	0.861129	0.653384	0.660520	0.708226	0.845895
28	33	0.170562	0.129209	0.336319	-1.027593	-0.111195	-1.054350	41	9	0	7.162275	0.155067	0.045943	0.218329	0.069115	0.118024	0.285038	0.132697	0.340282
28	34	0.418347	0.326171	0.409134	-1.094010	0.757879	-1.183462	72	15	2	10.283529	0.633018	0.045943	0.627486	0.627566	0.375160	0.184493	0.512829	0.340282
28	35	0.635283	0.194616	0.436440	-0.094125	-0.071667	-0.620248	91	16	0	9.281703	0.667094	0.412604	0.751443	0.569195	0.743345	0.775016	0.495430	0.668137
28	36	0.472699	0.327774	0.401448	-0.521037	0.912764	-0.661478	89	17	0	7.811804	0.239096	0.187139	0.569115	0.292816	0.374038	0.868586	0.529506	0.721296
28	37	0.461414	0.204057	0.336319	-0.542800	-0.046058	-1.531450	88	19	0	7.366565	0.378047	0.266918	0.268040	0.410920	0.697563	0.630613	0.509942	0.529266
28	38	0.765054	0.139853	0.532095	-0.121369	-0.141128	-0.227977	136	29	0	8.531316	0.627245	0.590042	0.786081	0.825128	0.857842	0.931206	0.715523	0.787364
28	39	0.344702	0.187440	0.336319	-0.709758	-0.169340	-1.473807	63	12	0	8.568977	0.256414	0.311097	0.256414	0.345574	0.461835	0.496552	0.191870	0.437861
28	40	0.361149	0.256374	0.400245	-0.657073	0.365053	-0.640647	62	11	0	9.115005	0.682890	0.288486	0.173428	0.164929	0.520606	0.321841	0.255452	0.481559
28	41	0.280969	0.150577	0.401448	-0.678628	-0.428930	-0.322513	54	10	0	7.610265	0.195077	0.235568	0.271087	0.199727	0.337476	0.384140	0.109766	0.514913
28	42	0.433521	0.114917	0.401448	-0.607790	-1.192251	-0.902705	59	11	1	9.297517	0.420943	0.543938	0.386867	0.515555	0.376042	0.493586	0.299150	0.432088
28	43	0.666864	0.244147	0.401448	0.172835	0.371271	-0.676669	90	16	0	7.973948	0.453175	0.568072	0.755292	0.489737	0.789368	0.654907	0.802437	0.821921
28	44	0.514753	0.136225	0.378138	-0.070644	-0.873016	-0.927210	64	13	0	8.261936	0.416613	0.330741	0.713358	0.545943	0.474503	0.447883	0.667335	0.521648
28	45	0.609876	0.293297	0.378138	-0.298727	0.759561	-1.281005	100	19	0	8.961492	0.400096	0.442672	0.444355	0.708948	0.781190	0.604554	0.771328	0.725866
28	46	0.779486	0.051054	0.394621	0.450827	-1.480557	-0.937564	96	20	0	7.949083	0.750401	0.667736	0.743826	0.830019	0.783114	0.950048	0.743666	0.767078
28	47	0.561839	0.133038	0.459750	-0.255641	-0.705624	-0.243089	103	18	0	7.280230	0.360006	0.586754	0.601668	0.578015	0.789529	0.354314	0.690106	0.534317
28	48	0.800824	0.160419	0.640498	0.276701	0.172309	0.529350	135	28	0	7.010108	0.875000	0.709990	0.897771	0.769965	0.673268	0.909076	0.723701	0.847819
28	49	0.355326	0.191188	0.336319	-0.420905	-0.183494	-1.180017	61	13	0	6.637240	0.379971	0.319115	0.048028	0.233964	0.227550	0.708547	0.541052	0.384381
28	50	0.545311	0.457785	0.461262	-0.607005	1.766102	-0.401960	118	25	0	7.566963	0.591806	0.216886	0.314945	0.301475	0.844051	0.907312	0.441549	0.744468
28	51	0.560656	0.169780	0.586376	0.663772	-0.736312	0.905534	36	7	0	8.100498	0.727149	0.556928	0.555324	0.573845	0.339080	0.998958	0.476828	0.257136
28	52	0.537534	0.206663	0.575369	0.666311	-0.381123	1.011743	41	8	0	6.759350	0.646488	0.660840	0.474503	0.773573	0.448765	0.371472	0.497274	0.427357
28	53	0.433311	0.221636	0.336319	-0.287589	0.010514	-1.285846	69	15	0	6.811437	0.314224	0.187139	0.474503	0.480917	0.223701	0.840282	0.335552	0.610167
28	54	0.679793	0.199727	0.496174	0.353857	-0.057998	-0.031122	76	12	0	9.084960	0.582906	0.806446	0.709028	0.784557	0.535600	0.651058	0.584830	0.783916
28	55	0.612823	0.183230	0.519564	-0.046718	-0.219436	0.040470	88	15	0	8.572342	0.650096	0.355757	0.806687	0.658595	0.515154	0.651058	0.481318	0.783916
28	56	0.667736	0.228031	0.609056	0.634456	0.091416	0.890006	64	14	0	6.792126	0.830099	0.428961	0.881815	0.583066	0.607601	0.796584	0.655228	0.558531
28	57	0.773172	0.105496	0.336319	0.045299	-0.577301	-1.926839	123	26	0	8.581045	0.723942	0.626604	0.693634	0.774375	0.762829	0.900096	0.795783	0.908114
28	58	0.644133	0.046584	0.508568	-0.202725	-1.871998	-0.221778	93	19	0	9.825517	0.504410	0.637348	0.667014	0.640154	0.681046	0.685055	0.629811	0.708226
28	59	0.658234	0.095253	0.443680	-0.089174	-1.031612	-0.490305	103	21	0	8.004045	0.483002	0.623156	0.699567	0.594452	0.649375	0.795702	0.674391	0.746232
28	60	0.525858	0.220574	0.397336	-0.335857	0.053191	-0.823458	84	17	0	8.235809	0.398012	0.283515	0.550754	0.435856	0.457745	0.870991	0.392960	0.817030
28	61	0.618966	0.191850	0.526574	-0.092094	-0.111881	0.057141	91	17	0	8.447270	0.701090	0.395606	0.601668	0.561257	0.557088	0.798348	0.462957	0.873717
28	62	0.360207	0.325108	0.399100	-0.218463	0.758994	-0.331097	47	8	0	7.765347	0.141357	0.110487	0.475144	0.153223	0.476026	0.690747	0.390876	0.443794
28	63	0.536472	0.276239	0.378138	-0.506173	0.600505	-1.183250	105	20	0	7.960924	0.276379	0.326732	0.388470	0.533836	0.896328	0.538967	0.698044	0.633018
28	64	0.515876	0.259321	0.765956	-0.097314	0.306275	1.482134	78	14	0	7.312103	0.242704	0.350305	0.668858	0.418457	0.741260	0.658034	0.429682	0.617704
28	65	0.267980	0.214240	0.336319	-0.387172	0.084728	-1.060944	38	6	0	7.694987	0.134541	0.074166	0.464400	0.139833	0.594291	0.134461	0.310215	0.291934
28	66	0.346075	0.164589	0.508568	-0.315466	-0.560954	0.344067	41	7	0	9.149534	0.517880	0.421825	0.135183	0.407232	0.089240	0.535760	0.331543	0.329939
28	67	0.274906	0.158074	0.336319	-0.772992	-0.337812	-1.312695	52	11	0	8.054994	0.263791	0.134541	0.198044	0.150257	0.319596	0.600144	0.177277	0.355597
28	68	0.705390	0.225846	0.706588	0.563830	0.212362	1.215428	75	16	0	7.191033	0.888310	0.923428	0.628047	0.748877	0.810375	0.432890	0.679282	0.531911
28	69	0.167886	0.119568	0.399100	-1.108970	-0.247448	-0.383955	34	7	0	9.052066	0.216004	0.147691	0.279266	0.075369	0.243345	0.217607	0.114176	0.049631
28	70	0.354564	0.283675	0.397336	-0.767423	0.682030	-0.622274	76	17	0	7.219910	0.190587	0.145767	0.430404	0.447883	0.681046	0.356479	0.075770	0.508579
28	71	0.469121	0.189284	0.378138	-0.631618	-0.136890	-1.076667	98	20	0	7.465198	0.462556	0.278303	0.352389	0.414609	0.612572	0.629009	0.423268	0.580260
28	72	0.423048	0.253408	0.524065	-0.909168	0.483803	0.075047	109	22	0	7.339979	0.353031	0.195398	0.305404	0.312460	0.586594	0.498396	0.561658	0.571440
28	73	0.416563	0.188703	0.378138	-0.574798	-0.224154	-1.029167	74	13	0	8.632935	0.432328	0.145767	0.479314	0.278544	0.489256	0.498396	0.310936	0.697963
28	74	0.305033	0.208768	0.378138	-0.429610	-0.017629	-0.650572	47	8	0	7.765347	0.132216	0.401620	0.214561	0.209509	0.156992	0.583547	0.415731	0.326090
28	75	0.562961	0.254370	0.426956	-0.221206	0.336038	-0.525272	86	17	0	8.212378	0.613454	0.362412	0.292014	0.459670	0.577053	0.845173	0.435215	0.918698
28	76	0.891116	0.116301	0.863637	0.125872	0.173411	0.939805	143	32	1	8.976438	0.960632	0.954378	0.753849	0.913005	0.970414	0.838438	0.840042	0.898172
28	77	0.686618	0.205901	0.549001	-0.371240	0.318845	-0.080538	138	30	0	7.967385	0.741581	0.741742	0.566389	0.850545	0.552999	0.727069	0.448204	0.864416
28	78	0.776319	0.137528	0.659145	0.000923	-0.145599	0.463323	133	30	0	7.939168	0.729875	0.748236	0.871392	0.758820	0.651379	0.861369	0.715763	0.873717
28	79	0.635143	0.090783	0.401448	-0.206844	-1.122612	-0.833451	100	22	0	8.222831	0.660279	0.642319	0.399936	0.634541	0.552598	0.877806	0.594692	0.718970
28	80	0.585812	0.211273	0.394621	0.049661	-0.022348	-0.701399	85	16	0	7.142563	0.379971	0.236610	0.567992	0.678400	0.626283	0.777181	0.529105	0.890956
28	81	0.663266	0.396328	0.591073	0.199918	1.361483	0.479638	81	17	0	8.086128	0.916052	0.507537	0.899054	0.980035	0.531831	0.569836	0.505292	0.396488
28	82	0.811307	0.065166	0.765727	0.121353	-0.910906	0.927596	142	28	0	8.148980	0.867864	0.790170	0.774856	0.848060	0.790170	0.789849	0.768602	0.860888
28	83	0.640455	0.090423	0.378138	0.117178	-1.235942	-1.082180	82	15	0	8.459145	0.605115	0.615779	0.724182	0.682328	0.661963	0.906030	0.334108	0.594131
28	84	0.473441	0.268582	0.407519	-0.578874	0.507744	-0.615450	94	19	0	7.556004	0.334830	0.218489	0.407713	0.197162	0.510904	0.865058	0.488775	0.764593
28	85	0.788306	0.092106	0.752623	0.588188	-0.833835	1.216306	86	20	0	7.795563	0.858884	0.605917	0.897290	0.836434	0.829458	0.799230	0.760263	0.718970
28	86	0.431196	0.298348	0.463094	-0.452142	0.658951	-0.045114	75	16	0	7.335725	0.348541	0.188342	0.343970	0.524695	0.723140	0.731479	0.025898	0.563502
28	87	0.360608	0.127686	0.336319	-0.774881	-0.723477	-1.414850	79	18	0	7.051382	0.248877	0.377886	0.342367	0.465202	0.389513	0.594612	0.025898	0.440507
28	88	0.483182	0.179221	0.467436	-0.479954	-0.280142	-0.100073	87	22	0	7.018624	0.365619	0.520285	0.788085	0.407232	0.530148	0.514432	0.025898	0.713759
29	1	0.394824	0.479835	0.644529	2.296318	0.694499	2.611927	3	1	0	0.000000	0.147530	0.929682	0.986129	0.004089	0.118024	0.514432	0.313502	0.145205
29	2	0.604554	0.158234	0.516918	0.575133	-0.723976	0.440035	49	10	0	7.851414	0.561658	0.771408	0.547867	0.849423	0.630452	0.698124	0.578416	0.199086
29	3	0.703586	0.221115	0.485258	0.777336	0.108782	0.252304	68	12	0	6.969335	0.695879	0.857521	0.466725	0.602790	0.853191	0.698124	0.832906	0.621552
29	4	0.411642	0.102690	0.336319	-0.302831	-1.261823	-1.383630	54	11	0	8.450193	0.364657	0.599904	0.301716	0.305805	0.537604	0.414368	0.354715	0.414368
29	5	0.495470	0.230757	0.399100	0.090405	-0.027891	-0.370764	58	13	0	6.989823	0.185856	0.349663	0.366501	0.632617	0.796264	0.544419	0.579859	0.508579
29	6	0.406100	0.370891	0.378138	-0.244405	1.018724	-0.766342	53	11	0	7.885477	0.130212	0.231479	0.431126	0.354394	0.687540	0.567431	0.185455	0.661161
29	7	0.403724	0.104735	0.436440	-0.472929	-1.098608	-0.221597	81	12	0	7.208874	0.279426	0.284718	0.521809	0.515555	0.405228	0.377806	0.404747	0.440507
29	8	0.741701	0.194756	0.543434	0.064592	0.233586	-0.001272	114	23	0	8.316235	0.647130	0.716565	0.653624	0.838679	0.870991	0.598701	0.668698	0.939224
29	9	0.269764	0.157092	0.394621	-0.538199	-0.384650	-0.405993	49	7	0	7.562205	0.162524	0.221857	0.534397	0.276299	0.200690	0.381013	0.044019	0.337316
29	10	0.764933	0.122374	0.439155	-0.026026	-0.311250	-0.614510	152	32	0	6.667790	0.767559	0.468650	0.736209	0.696921	0.841164	0.871552	0.824487	0.912925
29	11	0.349844	0.212737	0.455638	0.115709	-0.160666	0.454175	42	6	0	6.103202	0.196681	0.076812	0.419019	0.689304	0.432328	0.325529	0.226988	0.432088
29	12	0.657302	0.241641	0.455638	-0.071027	0.410104	-0.421258	105	19	0	8.106038	0.703576	0.443954	0.524856	0.684894	0.793056	0.842367	0.512267	0.753448
29	13	0.569987	0.190908	0.416659	0.019981	-0.272298	-0.503826	73	12	0	8.741033	0.424711	0.693794	0.849984	0.514272	0.298509	0.601106	0.506334	0.671183
29	14	0.645767	0.236931	0.618047	-0.017739	0.269800	0.420530	84	16	0	9.606303	0.636225	0.916533	0.795221	0.286241	0.342126	0.753528	0.803239	0.633018
29	15	0.434704	0.227229	0.689728	0.071740	-0.127825	1.277337	45	6	0	8.651654	0.391196	0.120831	0.699567	0.564705	0.488614	0.584670	0.370911	0.257136
29	16	0.420362	0.221476	0.336319	-0.229044	0.014838	-1.179935	70	14	0	6.171013	0.232120	0.274134	0.457505	0.292816	0.287524	0.760343	0.408355	0.650096
29	17	0.666764	0.129089	0.553652	-0.496033	-0.455194	-0.089082	148	29	0	8.034382	0.710391	0.570558	0.605597	0.471857	0.772530	0.707826	0.621632	0.873717
29	18	0.463639	0.344913	0.446051	-0.225621	0.883375	-0.151778	66	14	0	7.655308	0.316549	0.084910	0.586835	0.209509	0.387909	0.707826	0.610327	0.805244
29	19	0.483824	0.296244	0.401448	-0.158211	0.530655	-0.491240	61	14	0	7.976391	0.321039	0.444836	0.614176	0.274455	0.813903	0.296584	0.495430	0.610167
29	20	0.598100	0.315326	0.378138	-0.230016	0.892903	-1.148647	94	21	0	7.953260	0.434493	0.350866	0.386867	0.591725	0.753368	0.869468	0.665250	0.732761
29	21	0.275327	0.299952	0.336319	-0.431087	0.769575	-1.049796	41	9	0	7.132782	0.182008	0.057729	0.459269	0.087155	0.219772	0.457906	0.230196	0.508579
29	22	0.495981	0.162063	0.436440	-0.326373	-0.517483	-0.354546	77	18	0	7.618481	0.633499	0.595654	0.264994	0.697883	0.502405	0.576010	0.119548	0.577854
29	23	0.403023	0.257056	0.400245	-0.497518	0.345122	-0.544352	72	13	0	7.713953	0.515234	0.165651	0.206462	0.347097	0.289849	0.781591	0.359766	0.558531
29	24	0.535479	0.291613	0.385137	-0.388835	0.688044	-0.926506	97	21	0	7.295751	0.408515	0.337797	0.667014	0.303720	0.471456	0.626203	0.728752	0.740378
29	25	0.751353	0.080380	0.442065	-0.160092	-0.888665	-0.751545	145	28	0	8.146076	0.724343	0.747835	0.797065	0.752486	0.814304	0.710953	0.648813	0.815026
29	26	0.664248	0.180564	0.440919	0.558220	-0.330166	-0.117591	61	15	0	7.270469	0.642960	0.663727	0.938342	0.521488	0.521248	0.891597	0.588278	0.546344
29	27	0.616882	0.119367	0.485258	-0.252748	-0.803327	-0.254617	106	19	0	8.375295	0.612171	0.587877	0.843970	0.542094	0.253207	0.788887	0.664769	0.642078
29	28	0.420943	0.272931	0.336319	-0.439465	0.445341	-1.422309	70	14	0	7.728895	0.318954	0.267880	0.242543	0.433852	0.224423	0.569836	0.522691	0.787364
29	29	0.724834	0.132597	0.656717	0.016191	-0.394399	0.611969	127	24	0	7.435020	0.815186	0.786482	0.754971	0.874198	0.676155	0.485888	0.618425	0.787364
29	30	0.140284	0.109726	0.336319	-0.980239	-0.124850	-0.899175	32	6	0	7.008624	0.018201	0.045061	0.075128	0.139833	0.170141	0.198926	0.078496	0.396488
29	31	0.390565	0.260403	0.336319	-0.755358	0.478067	-1.528931	86	16	0	7.663523	0.538486	0.063422	0.506334	0.303720	0.532954	0.193233	0.300834	0.685536
29	32	0.361309	0.251924	0.336319	-0.934583	0.468750	-1.562039	86	18	0	7.695263	0.352470	0.234846	0.063823	0.435856	0.562219	0.157553	0.433611	0.650096
29	33	0.571480	0.192932	0.426773	-0.639795	-0.017378	-0.842155	114	24	0	9.016870	0.500641	0.723140	0.347097	0.497434	0.603993	0.391116	0.644003	0.864416
29	34	0.258399	0.109606	0.400245	-1.057412	-0.747712	-0.594461	61	12	0	8.593336	0.289208	0.059413	0.347097	0.320879	0.082104	0.429682	0.263069	0.275738
29	35	0.328245	0.196741	0.378138	-0.196673	-0.260501	-0.585770	36	7	0	8.005638	0.314865	0.196681	0.169820	0.507216	0.419179	0.359445	0.425593	0.233162
29	36	0.431857	0.239116	0.401860	-0.698979	0.276061	-0.638369	90	17	0	7.924079	0.347979	0.298829	0.507056	0.303720	0.279025	0.302357	0.641196	0.774695
29	37	0.228311	0.312440	0.378138	-0.952108	1.116224	-0.882951	45	7	0	10.137475	0.194035	0.083708	0.386867	0.078817	0.121392	0.044259	0.498316	0.419099
29	38	0.561127	0.133659	0.426773	-0.317087	-0.724054	-0.613210	94	17	0	8.399378	0.518682	0.544901	0.352389	0.578015	0.629891	0.392319	0.617704	0.855115
29	39	0.388941	0.292756	0.401448	-0.647722	0.710007	-0.529782	83	14	0	7.445472	0.233242	0.261546	0.198044	0.297947	0.575850	0.409958	0.597258	0.537684
29	40	0.664288	0.272250	0.504605	-0.588088	0.875369	-0.406290	155	30	0	8.196012	0.766036	0.288486	0.810295	0.518922	0.553801	0.838438	0.597258	0.941068
29	41	0.678811	0.194937	0.336319	-0.152780	0.089242	-1.858087	110	21	0	8.847997	0.603993	0.727710	0.469852	0.493345	0.607200	0.896408	0.729554	0.902421
29	42	0.458938	0.384461	0.446154	-0.032323	1.073186	0.024050	56	13	0	7.074168	0.566790	0.241180	0.180244	0.291132	0.824006	0.709589	0.251042	0.607521
29	43	0.472248	0.324647	0.336319	0.050826	0.647263	-1.307023	51	9	0	8.303806	0.476187	0.170301	0.588919	0.730436	0.457745	0.874519	0.137107	0.342768
29	44	0.380262	0.201010	0.378138	-0.188465	-0.189816	-0.567410	56	11	0	6.544505	0.172386	0.181286	0.360087	0.312460	0.397611	0.641196	0.472819	0.504250
29	45	0.936297	0.025537	0.871323	1.126323	-0.830718	1.591210	115	24	0	8.185906	0.914769	0.926155	0.941228	0.972659	0.940427	0.951491	0.895686	0.947963
29	46	0.898453	0.054442	0.750584	0.758664	-0.590388	1.017430	140	27	0	7.212290	0.882537	0.775738	0.912925	0.910038	0.903143	0.982601	0.847017	0.973621
29	47	0.559764	0.226808	0.397336	-0.429131	0.238403	-0.868136	113	22	0	7.310023	0.377245	0.004811	0.519243	0.570237	0.622114	0.809894	0.677437	0.897130
29	48	0.726678	0.168277	0.378138	0.267237	-0.378453	-1.393428	66	14	1	9.430613	0.603512	0.900337	0.806046	0.635263	0.693393	0.794580	0.610888	0.769403
29	49	0.614076	0.131775	0.450953	0.185025	-0.824604	-0.188142	74	15	0	7.804715	0.692271	0.661722	0.783675	0.544179	0.653945	0.614096	0.444917	0.517800
29	50	0.536672	0.184894	0.440919	0.005628	-0.306747	-0.101716	79	17	0	6.411984	0.251283	0.339160	0.593890	0.536321	0.481799	0.839400	0.509060	0.742463
29	51	0.643712	0.303540	0.528006	0.220008	0.747174	0.245666	80	16	0	7.699360	0.456222	0.620831	0.755853	0.467928	0.806607	0.956703	0.443473	0.642078
29	52	0.559704	0.284237	0.401448	-0.356426	0.688758	-0.672283	113	21	0	6.944390	0.398894	0.387508	0.609285	0.392158	0.627085	0.857922	0.385103	0.819676
29	53	0.571129	0.139031	0.502772	-0.040754	-0.751997	0.034262	78	13	0	8.579425	0.395205	0.498477	0.468570	0.598861	0.606479	0.754330	0.546424	0.700690
29	54	0.330921	0.238113	0.426956	-0.301997	0.127398	-0.127133	43	6	0	8.623430	0.243505	0.164368	0.631334	0.214080	0.327534	0.424631	0.156751	0.485167
29	55	0.451602	0.220514	0.378138	-0.321730	-0.020657	-0.925641	68	13	0	8.107599	0.344852	0.381495	0.594852	0.553801	0.427919	0.259301	0.339641	0.710953
29	56	0.616050	0.182228	0.509255	0.691577	-0.489926	0.459254	48	9	0	7.641733	0.670301	0.571921	0.653624	0.751844	0.729233	0.366020	0.725225	0.460231
29	57	0.243636	0.191870	0.336319	-0.635647	0.001447	-1.169655	36	8	0	8.244391	0.196681	0.616100	0.316148	0.379009	0.144163	0.016998	0.139994	0.139994
29	58	0.429201	0.232842	0.450678	-0.946354	0.304544	-0.524779	104	18	0	8.868650	0.419500	0.570558	0.411001	0.515555	0.267960	0.305965	0.259702	0.683371
29	59	0.268532	0.336614	0.336319	-0.244443	0.936744	-1.009561	29	5	0	8.024576	0.148412	0.036883	0.564384	0.180404	0.171023	0.549471	0.062700	0.434974
29	60	0.715843	0.196761	0.462464	0.649642	-0.072243	-0.080397	66	13	0	8.065620	0.519644	0.798910	0.873797	0.946039	0.653945	0.721216	0.691549	0.521648
29	61	0.450178	0.178259	0.401860	-0.480358	-0.337363	-0.593401	78	14	0	8.339904	0.268602	0.411321	0.590763	0.266036	0.376042	0.422627	0.506334	0.759702
29	62	0.383629	0.273272	0.497434	-0.468081	0.479206	0.284004	65	15	0	7.006292	0.258258	0.174631	0.392720	0.129169	0.643682	0.422627	0.497274	0.550674
29	63	0.512969	0.162364	0.518029	-0.601770	-0.361720	0.027892	109	24	0	7.288592	0.403784	0.295301	0.392720	0.485247	0.797787	0.422627	0.475465	0.830821
29	64	0.568353	0.185455	0.401448	-0.202774	-0.245957	-0.723377	83	17	0	8.458668	0.459750	0.578496	0.335231	0.507216	0.564785	0.886546	0.414609	0.800192
29	65	0.484656	0.253067	0.378138	-0.503370	0.293753	-1.156144	79	16	0	9.147277	0.356879	0.269083	0.609285	0.580901	0.519484	0.537765	0.244147	0.759702
29	66	0.486881	0.180925	0.586560	0.453550	-0.596460	1.015278	43	7	0	7.107664	0.552277	0.488614	0.375401	0.609846	0.319195	0.389192	0.400818	0.759702
29	67	0.522881	0.101247	0.407519	-0.336727	-1.141304	-0.624573	89	16	0	8.033434	0.485728	0.501604	0.623076	0.369227	0.421584	0.541292	0.473461	0.767078
29	68	0.472528	0.196821	0.336319	-0.502438	-0.141605	-1.570272	83	18	0	7.852160	0.371312	0.273172	0.377967	0.435856	0.751283	0.485888	0.307729	0.777021
29	69	0.603462	0.328255	0.551613	0.514438	0.728490	0.609391	57	10	0	7.569131	0.375241	0.782633	0.677037	0.769323	0.467447	0.548910	0.363935	0.843169
30	1	0.343499	0.601507	0.582287	2.099948	1.392757	2.330365	3	1	0	0.000000	0.063663	0.923749	0.986369	0.004089	0.052919	0.548910	0.162604	0.005693
30	2	0.448294	0.454618	0.530915	1.464491	0.713378	1.169848	10	2	0	10.654521	0.262909	0.903865	0.992623	0.012107	0.064625	0.343970	0.589320	0.416934
30	3	0.615178	0.527361	0.560433	0.705809	1.722260	0.650203	38	8	0	8.870954	0.050032	0.903865	0.992623	0.998797	0.785520	0.343970	0.429682	0.416934
30	4	0.693814	0.234124	0.454137	0.538749	0.200150	-0.193074	61	14	0	8.499208	0.931928	0.682088	0.764593	0.732200	0.918377	0.518762	0.585632	0.416934
30	5	0.432128	0.228813	0.400245	0.098090	-0.104883	-0.231894	44	10	0	7.207990	0.723140	0.170863	0.764593	0.394323	0.409157	0.515314	0.062700	0.416934
30	6	0.388260	0.262829	0.378138	-0.225891	0.307339	-0.636628	54	12	0	6.926881	0.325609	0.150257	0.404506	0.245029	0.715282	0.703897	0.150497	0.411001
30	7	0.604013	0.097478	0.465477	0.455979	-1.368209	0.035866	53	10	0	8.392942	0.758820	0.532152	0.535119	0.505292	0.577614	0.962556	0.549551	0.411001
30	8	0.677147	0.324126	0.491890	-0.133223	1.149495	-0.187406	123	24	0	7.451895	0.404185	0.646729	0.542976	0.403223	0.945237	0.802437	0.750080	0.922306
30	9	0.681797	0.144103	0.577179	-0.700014	-0.137169	-0.105448	187	34	0	7.879090	0.600465	0.462716	0.642319	0.610327	0.917495	0.676796	0.570077	0.974182
30	10	0.526570	0.158134	0.558199	0.034719	-0.620991	0.561603	72	13	0	7.247298	0.448124	0.584189	0.593008	0.660359	0.620750	0.371472	0.511786	0.422867
30	11	0.309874	0.269844	0.336319	-0.393889	0.424377	-1.212572	39	8	0	8.390763	0.244067	0.086193	0.178961	0.418457	0.580180	0.171023	0.268201	0.531911
30	12	0.346917	0.244688	0.397336	-0.066204	0.044889	-0.371186	30	5	0	9.206890	0.529266	0.343970	0.156751	0.291132	0.495831	0.497755	0.187700	0.272931
30	13	0.251443	0.054302	0.336319	-0.704775	-1.612459	-1.157465	51	9	0	7.332593	0.338438	0.129971	0.170783	0.202213	0.194035	0.210552	0.207024	0.558531
30	14	0.188562	0.092227	0.336319	-0.724843	-0.769470	-1.037579	30	5	0	8.155533	0.259461	0.056366	0.224343	0.286241	0.151139	0.210552	0.110167	0.210231
30	15	0.463919	0.448725	0.564590	-0.109211	1.357393	0.471815	51	9	0	9.739039	0.752165	0.879811	0.285359	0.658595	0.158595	0.525657	0.240940	0.210231
30	16	0.286221	0.138089	0.416659	-0.874265	-0.490779	-0.342091	68	11	0	7.880767	0.220654	0.269083	0.320157	0.205741	0.252405	0.459589	0.089160	0.472979
30	17	0.494197	0.218790	0.479405	0.092072	-0.389362	-0.117355	33	6	1	9.983511	0.097659	0.601507	0.725706	0.350144	0.758980	0.449808	0.534798	0.434974
30	18	0.562710	0.264974	0.401448	0.382202	0.166088	-0.442494	46	8	0	9.238912	0.699727	0.685696	0.646328	0.932409	0.260744	0.449808	0.391998	0.434974
30	19	0.557529	0.374399	0.385137	-0.045935	1.107153	-0.842180	75	15	0	7.979792	0.587957	0.205420	0.735327	0.360087	0.764432	0.664288	0.370911	0.771809
30	20	0.480516	0.271268	0.336319	-0.066683	0.261433	-1.432264	50	11	0	9.128797	0.362332	0.292014	0.613614	0.228432	0.647931	0.623236	0.612332	0.464240
30	21	0.623426	0.124058	0.620109	-0.233773	-0.744538	0.448528	104	21	0	8.099136	0.384381	0.654586	0.694917	0.511386	0.699727	0.687781	0.592287	0.762348
30	22	0.587957	0.254751	0.825048	0.011023	0.309892	1.604232	81	14	0	8.148096	0.338919	0.380532	0.599022	0.427598	0.865058	0.882377	0.605757	0.604394
30	23	0.514623	0.247274	0.565186	-0.298856	0.232216	0.339466	79	15	0	8.514091	0.289047	0.559092	0.489015	0.358082	0.718409	0.564304	0.347979	0.791052
30	24	0.592136	0.301876	0.450266	-0.420752	0.838136	-0.537943	107	22	0	8.410165	0.821600	0.468650	0.602870	0.387187	0.791934	0.508499	0.411883	0.744468
30	25	0.525186	0.288226	0.474961	-0.187096	0.571240	-0.022795	82	17	0	7.260664	0.380773	0.683852	0.114336	0.479955	0.757457	0.407954	0.705981	0.671183
30	26	0.415030	0.273052	0.547902	-0.013559	0.249859	0.632592	40	9	0	8.188434	0.665411	0.353672	0.114336	0.351668	0.636626	0.184493	0.565026	0.449006
30	27	0.817130	0.070859	0.685284	0.499455	-0.965300	0.697068	100	20	0	8.791316	0.865058	0.837155	0.811818	0.809253	0.709670	0.879250	0.754410	0.870430
30	28	0.823104	0.115900	0.409134	0.105574	-0.189905	-1.020929	143	29	0	8.466288	0.728512	0.687380	0.806366	0.782553	0.854955	0.932088	0.873396	0.919580
30	29	0.432348	0.133840	0.336319	-0.569645	-0.755590	-1.495527	79	18	0	7.537548	0.357842	0.264994	0.394163	0.381575	0.435936	0.617223	0.316148	0.690908
30	30	0.921915	0.062901	0.669866	0.949865	-0.283958	0.593069	119	25	0	8.111673	0.802838	0.985006	0.940266	0.962716	0.975545	0.941469	0.845173	0.922306
30	31	0.553510	0.190266	0.621312	0.274162	-0.384269	0.874621	58	10	0	7.940381	0.419901	0.645446	0.582104	0.494307	0.468489	0.785199	0.382537	0.650096
30	32	0.538266	0.384822	0.688594	0.006894	1.075333	0.996700	57	12	0	9.295324	0.421905	0.571921	0.662444	0.331543	0.319596	0.948364	0.184173	0.866180
30	33	0.447422	0.232461	0.336319	-0.705442	0.215590	-1.671207	88	18	0	8.357002	0.315106	0.410520	0.214561	0.322803	0.684173	0.513470	0.547306	0.571440
30	34	0.349142	0.183772	0.477069	-0.052520	-0.401228	0.444155	41	7	0	7.107664	0.341164	0.317110	0.407713	0.235728	0.446600	0.227470	0.216405	0.600946
30	35	0.379610	0.077133	0.336319	-0.329009	-1.562930	-1.302407	52	10	0	8.100284	0.332184	0.462957	0.152502	0.333307	0.392078	0.667094	0.363935	0.332826
30	36	0.578145	0.161662	0.465374	-0.181864	-0.499832	-0.327916	78	16	0	9.444045	0.495109	0.535119	0.549792	0.496071	0.674631	0.491742	0.651780	0.730917
30	37	0.350044	0.272611	0.336319	-0.731851	0.584310	-1.388361	73	16	0	7.252202	0.294099	0.206623	0.208868	0.156430	0.236851	0.559333	0.454779	0.683371
30	38	0.652401	0.436859	0.576125	0.043549	1.615935	0.343146	91	18	0	8.076826	0.381895	0.684814	0.391918	0.415892	0.861129	0.928720	0.712877	0.841966
30	39	0.817782	0.112111	0.575907	0.418027	-0.381970	0.164466	110	23	0	8.380877	0.843409	0.944436	0.677037	0.877245	0.791533	0.900818	0.709509	0.798268
30	40	0.499980	0.309674	0.385137	-0.740725	0.887023	-1.103191	110	24	0	7.922397	0.544099	0.357761	0.695398	0.228432	0.661482	0.411161	0.361129	0.740378
30	41	0.807900	0.071179	0.741971	0.714618	-1.114053	1.089565	81	15	0	9.128895	0.801235	0.779346	0.853833	0.851588	0.958868	0.647450	0.781511	0.789368
30	42	0.345203	0.155188	0.336319	-0.762543	-0.437531	-1.428761	72	15	0	7.616080	0.243505	0.198845	0.188663	0.296103	0.370590	0.438342	0.290411	0.735167
30	43	0.508399	0.159197	0.464228	-0.248305	-0.571186	-0.128509	73	17	0	7.876697	0.471216	0.503929	0.313182	0.389432	0.598060	0.592287	0.449567	0.749519
30	44	0.412544	0.240579	0.336319	-0.132512	0.052178	-1.250259	49	10	0	7.896180	0.547947	0.321199	0.153303	0.221135	0.696761	0.399615	0.533034	0.427357
30	45	0.277742	0.125822	0.378138	-0.881411	-0.628109	-0.828965	63	12	0	7.758354	0.276379	0.187139	0.153303	0.284557	0.259782	0.503047	0.173348	0.384381
30	46	0.580801	0.218770	0.336319	-0.313289	0.129823	-1.749872	99	17	0	8.704522	0.485327	0.407954	0.465603	0.437620	0.478913	0.830901	0.626203	0.913887
30	47	0.626473	0.214861	0.336319	-0.087636	0.150797	-1.613825	106	19	0	7.396853	0.454699	0.471536	0.631655	0.772450	0.540411	0.719211	0.533034	0.888791
30	48	0.626072	0.172727	0.421367	-0.741238	-0.049977	-1.026298	144	29	0	9.168666	0.595334	0.514352	0.687219	0.481879	0.767800	0.679201	0.534798	0.747996
30	49	0.387388	0.242864	0.601885	-0.228944	0.094250	0.838302	46	10	0	8.137337	0.405869	0.401620	0.614657	0.518922	0.243826	0.250000	0.482120	0.182088
30	50	0.530238	0.103552	0.385137	-0.450596	-1.082888	-0.993286	93	21	0	7.838125	0.490860	0.573044	0.305404	0.556046	0.611129	0.443473	0.531030	0.730917
30	51	0.498326	0.146628	0.443680	0.121510	-0.868351	-0.125652	49	9	0	8.826964	0.219291	0.410038	0.814545	0.483323	0.471135	0.427197	0.602550	0.558531
30	52	0.359235	0.212556	0.397336	-0.574653	-0.020879	-0.649737	56	11	0	8.839958	0.434092	0.199808	0.372915	0.109525	0.442672	0.348060	0.231639	0.735167
30	53	0.388761	0.350184	0.465786	-0.619854	1.033980	-0.071940	70	15	0	7.902515	0.385744	0.143281	0.963518	0.142399	0.153063	0.570799	0.273813	0.477470
30	54	0.665080	0.067551	0.464228	-0.278447	-1.374321	-0.487178	110	27	0	8.394445	0.488053	0.620430	0.701812	0.685856	0.646889	0.794580	0.657152	0.725866
30	55	0.587626	0.201491	0.378138	0.087418	-0.188267	-1.016857	68	13	0	8.817212	0.381094	0.694676	0.325529	0.683050	0.809173	0.641196	0.518922	0.647370
30	56	0.591986	0.268562	0.503734	-0.190495	0.563969	0.057245	107	21	0	6.858571	0.460391	0.551636	0.414609	0.723380	0.623717	0.771328	0.452774	0.738053
30	57	0.394013	0.243505	0.439155	-0.427883	0.125694	-0.339909	50	9	0	10.646228	0.194436	0.372114	0.245430	0.425353	0.681046	0.517078	0.239176	0.477470
30	58	0.455350	0.257517	0.397336	-0.721252	0.441761	-0.859043	96	20	0	7.824523	0.293217	0.292014	0.473701	0.253849	0.445799	0.780629	0.314224	0.789368
30	59	0.261506	0.210852	0.336319	-0.498512	0.098934	-1.091960	39	8	0	7.591943	0.166132	0.089080	0.746873	0.100625	0.093008	0.181286	0.261626	0.453416
30	60	0.529526	0.165330	0.497457	0.170750	-0.660472	0.213991	50	11	0	8.531736	0.580581	0.340202	0.823685	0.398012	0.458948	0.500000	0.454298	0.680484
31	1	0.339601	0.592868	0.596250	2.084813	1.381708	2.391559	3	1	0	0.000000	0.016597	0.926956	0.986369	0.004089	0.021648	0.500000	0.255452	0.005693
31	2	0.316569	0.433371	0.611576	0.293581	1.220724	1.369437	22	4	0	7.405688	0.021167	0.161883	0.292014	0.026139	0.432729	0.938663	0.610327	0.049631
31	3	0.237582	0.135123	0.401448	0.216539	-0.837497	0.281488	18	3	0	7.505772	0.292014	0.317110	0.165330	0.251443	0.156671	0.282152	0.048749	0.387187
31	4	0.288496	0.343369	0.336319	-0.716894	1.121693	-1.338518	55	9	0	8.316696	0.116501	0.142158	0.427197	0.035359	0.067832	0.592287	0.494548	0.432088
31	5	0.234726	0.271709	0.407519	-0.723826	0.737305	-0.182169	42	9	0	7.754601	0.140074	0.036883	0.147049	0.064144	0.049230	0.748717	0.373316	0.318393
31	6	0.860127	0.082024	0.827316	0.831087	-0.610680	1.437937	91	19	0	8.557228	0.913165	0.975545	0.867623	0.942672	0.855997	0.900978	0.786081	0.638951
31	7	0.409427	0.146348	0.397336	-0.826868	-0.557989	-0.887130	84	17	0	8.725547	0.361610	0.221216	0.415731	0.178801	0.406831	0.644243	0.392960	0.654025
31	8	0.211243	0.163206	0.336319	-0.834054	-0.041751	-1.128883	46	8	0	7.499965	0.177117	0.129971	0.355677	0.082344	0.143602	0.300353	0.188342	0.312540
31	9	0.264432	0.312981	0.336319	-0.657070	0.967760	-1.185871	46	10	0	7.619955	0.104153	0.083708	0.509862	0.072322	0.140234	0.379410	0.296504	0.529266
31	10	0.611039	0.121813	0.400245	-0.746912	-0.635728	-1.197866	135	29	0	9.240389	0.668938	0.555725	0.637428	0.286241	0.571600	0.824006	0.593409	0.750962
31	11	0.493415	0.105296	0.397336	-0.100370	-1.218358	-0.536072	69	15	0	7.112736	0.459349	0.459269	0.417816	0.271248	0.563101	0.825208	0.429682	0.521648
31	12	0.883589	0.081863	0.903933	1.055947	-0.463835	2.090572	91	20	0	7.619779	0.768842	0.925914	0.940587	0.892640	0.964160	0.851988	0.889673	0.834910
31	13	0.587506	0.224302	0.511008	0.126837	0.022313	0.219999	70	16	0	7.608501	0.177598	0.703175	0.663486	0.548428	0.837316	0.799952	0.521087	0.449006
31	14	0.786512	0.147911	0.600270	0.368579	-0.178581	0.230658	92	17	0	10.286848	0.792255	0.830420	0.711434	0.628287	0.943153	0.911642	0.797947	0.676956
31	15	0.751112	0.073926	0.619387	-0.285027	-0.963102	0.139632	146	32	0	8.424043	0.566549	0.729715	0.705180	0.759622	0.714801	0.866421	0.717046	0.949567
31	16	0.748747	0.089641	0.515177	0.057229	-0.885479	-0.173918	108	26	0	8.426906	0.793858	0.838598	0.792014	0.790411	0.846296	0.640475	0.547947	0.740378
31	17	0.566689	0.206062	0.450266	-0.364543	-0.024393	-0.490824	88	19	0	8.999904	0.417495	0.603913	0.360087	0.454859	0.575850	0.794580	0.519323	0.807409
31	18	0.682709	0.200669	0.493299	-0.081602	-0.112898	-0.506130	71	17	1	10.496858	0.825770	0.833146	0.814705	0.700770	0.718409	0.391116	0.533034	0.644724
31	19	0.774595	0.286462	0.587487	0.695150	0.794346	0.317771	57	12	0	12.370849	0.680324	0.814785	0.991742	0.800513	0.961434	0.940587	0.596376	0.411001
31	20	0.798699	0.134541	0.711537	-0.000671	-0.058328	0.642638	142	31	0	8.151112	0.741341	0.743987	0.567431	0.861690	0.808772	0.926395	0.807649	0.932328
31	21	0.466856	0.292696	0.751157	-0.744102	0.761204	1.160159	109	22	0	7.373695	0.329057	0.098861	0.463438	0.453175	0.225866	0.788085	0.531911	0.844452
31	22	0.560095	0.245650	0.407519	-0.259412	0.265054	-0.694666	84	17	0	8.641463	0.411722	0.635584	0.318794	0.392158	0.561498	0.875641	0.582184	0.703175
31	23	0.402051	0.354815	0.336319	-0.687701	1.107319	-1.498705	82	17	0	7.528962	0.233643	0.163647	0.263951	0.166533	0.535199	0.681126	0.352630	0.819676
31	24	0.258088	0.089901	0.336319	-0.651093	-1.157978	-1.287968	36	7	0	9.442690	0.101427	0.173188	0.313182	0.312460	0.271729	0.239256	0.302277	0.351187
31	25	0.399896	0.245610	0.397336	-0.558798	0.320612	-0.542527	83	17	0	6.516469	0.271648	0.254410	0.366501	0.166533	0.192351	0.732441	0.401860	0.813422
31	26	0.304402	0.226307	0.336319	-0.468025	0.171477	-1.116517	51	11	0	6.851404	0.194035	0.113454	0.283275	0.087155	0.221616	0.847258	0.129891	0.558531
31	27	0.871242	0.055745	0.606135	0.689379	-0.923323	0.256504	100	22	0	9.166836	0.787524	0.851106	0.863053	0.886466	0.872595	0.981479	0.805404	0.922306
31	28	0.468279	0.112011	0.336319	-0.029819	-1.222478	-1.298808	53	12	0	7.806043	0.521328	0.497354	0.551876	0.216485	0.544259	0.572402	0.279025	0.563502
31	29	0.616200	0.221436	0.550868	-0.522003	0.288679	-0.067380	121	25	0	8.723297	0.577053	0.372114	0.708868	0.260183	0.690346	0.744949	0.754169	0.821921
31	30	0.471767	0.456964	0.378138	-0.307832	1.546293	-0.905603	73	16	0	7.527794	0.336273	0.188342	0.546183	0.260183	0.762588	0.681126	0.197563	0.801876
31	31	0.505232	0.282874	0.385137	-0.514693	0.587506	-1.000541	88	20	0	8.109849	0.516918	0.585872	0.310696	0.329939	0.807809	0.508499	0.307729	0.674391
31	32	0.737161	0.077133	0.526391	-0.339288	-1.151366	-0.559219	115	23	1	9.791278	0.768602	0.693393	0.719291	0.764593	0.626283	0.673669	0.732761	0.918698
31	33	0.731458	0.260684	0.401448	-0.406523	0.924312	-1.128009	156	33	0	8.142841	0.590924	0.600866	0.716806	0.507216	0.936899	0.931527	0.732521	0.834910
31	34	0.843850	0.079438	0.485258	0.296408	-0.565471	-0.424119	132	30	0	8.126074	0.849102	0.844612	0.983242	0.813983	0.888310	0.725946	0.766357	0.879250
32	1	0.340904	0.574988	0.525612	2.089557	1.332843	2.048096	3	1	0	0.000000	0.025096	0.544901	0.988053	0.006815	0.017960	0.725946	0.412765	0.005693
32	2	0.290400	0.185455	0.336319	-0.323545	-0.239094	-1.044344	38	8	0	7.337352	0.315106	0.413005	0.095013	0.180404	0.638871	0.063342	0.295783	0.321681
32	3	0.634722	0.253548	0.564052	0.119749	0.379748	0.439583	85	19	0	7.231369	0.427678	0.568393	0.209750	0.646648	0.943954	0.919660	0.619227	0.742463
32	4	0.630963	0.256875	0.401860	-0.410040	0.574679	-0.884851	119	26	0	8.130930	0.496392	0.536241	0.774856	0.245029	0.563422	0.680484	0.808050	0.943233
32	5	0.734445	0.271167	0.701984	0.397095	0.677088	0.920676	79	17	0	8.811706	0.825048	0.921985	0.525657	0.903865	0.805885	0.589561	0.785760	0.517800
32	6	0.337977	0.124980	0.336319	-0.119972	-1.015011	-1.091471	37	6	0	7.955343	0.264593	0.211915	0.382537	0.266036	0.357120	0.374359	0.186097	0.661161
32	7	0.476036	0.290771	0.573479	-0.002190	0.396440	0.605597	47	11	0	8.693029	0.742223	0.688262	0.367944	0.613454	0.473861	0.341966	0.339641	0.240940
32	8	0.221015	0.202734	0.336319	-0.939667	0.195912	-1.420653	32	8	0	11.609343	0.645847	0.106799	0.069436	0.262508	0.395045	0.094452	0.088278	0.105757
32	9	0.474353	0.229494	0.378138	-0.547965	0.110599	-1.170992	77	16	0	9.366265	0.293618	0.343169	0.285359	0.371472	0.577053	0.554682	0.503287	0.866180
32	10	0.619518	0.251503	0.397336	0.281203	0.254858	-0.609924	70	15	0	7.522668	0.688502	0.776860	0.447482	0.428720	0.622514	0.779666	0.493425	0.718970
32	11	0.636025	0.286863	0.397336	0.553609	0.456598	-0.512746	54	12	0	7.806796	0.567030	0.891597	0.807008	0.808852	0.540010	0.300353	0.462396	0.710953
32	12	0.614937	0.136806	0.563789	-0.095019	-0.674810	0.235836	90	16	0	8.692294	0.434894	0.661402	0.615459	0.533836	0.559894	0.667094	0.502566	0.944355
32	13	0.582745	0.256535	0.439155	0.036378	0.328256	-0.286025	81	16	0	7.425672	0.358323	0.851427	0.327293	0.471857	0.837957	0.607761	0.553319	0.654025
32	14	0.578947	0.330941	0.378138	-0.050308	0.875314	-1.047500	79	15	0	8.337860	0.368345	0.693794	0.539849	0.305805	0.777822	0.765795	0.435696	0.744468
32	15	0.523613	0.344091	0.502955	-0.295214	0.957514	0.018272	82	16	0	8.228284	0.344452	0.524775	0.360087	0.424391	0.750962	0.766758	0.334108	0.683371
32	16	0.757647	0.331583	0.610087	0.439010	1.007830	0.202948	66	11	1	10.212050	0.903865	0.942191	0.931527	0.985006	0.524375	0.804442	0.341084	0.628688
32	17	0.707164	0.278684	0.535691	0.692303	0.545641	0.389487	58	13	0	8.092419	0.912684	0.840523	0.952453	0.759301	0.505853	0.604554	0.676796	0.405148
32	18	0.514402	0.264773	0.439155	0.520707	0.099729	0.146660	40	9	0	7.050440	0.505933	0.767720	0.533595	0.649375	0.183130	0.688743	0.395526	0.391196
32	19	0.327734	0.197442	0.336319	-0.687716	-0.020508	-1.336073	70	12	0	7.394732	0.180965	0.276139	0.362332	0.214080	0.122194	0.705741	0.234445	0.525978
32	20	0.416242	0.298368	0.790330	-1.075919	0.887174	1.211626	117	22	0	7.975779	0.284798	0.298829	0.407713	0.247434	0.554522	0.654907	0.248717	0.633018
32	21	0.594111	0.253488	0.499748	0.422667	0.150297	0.246580	57	9	0	8.277301	0.868265	0.597579	0.745350	0.656511	0.287845	0.858483	0.105837	0.633018
32	22	0.475435	0.217748	0.447918	-0.261000	-0.062533	-0.221297	65	14	0	8.260326	0.529987	0.190908	0.649615	0.223541	0.446199	0.598060	0.526219	0.638951
32	23	0.708106	0.192391	0.500893	0.542736	-0.074462	0.149171	74	15	0	7.654633	0.506414	0.534477	0.707745	0.859205	0.843409	0.788085	0.789529	0.635985
32	24	0.622725	0.198845	0.475591	0.444377	-0.228077	0.089425	63	11	0	7.846270	0.566068	0.570558	0.717527	0.560215	0.483964	0.834509	0.441549	0.807409
32	25	0.304713	0.354875	0.542449	-0.541860	1.133770	0.648645	55	11	0	7.058542	0.177598	0.115619	0.110247	0.132777	0.525096	0.469452	0.226427	0.680484
32	26	0.623246	0.158455	0.378138	-0.188253	-0.420139	-1.230074	90	20	0	8.796000	0.513230	0.566790	0.638069	0.278544	0.753047	0.698124	0.671985	0.866180
32	27	0.675543	0.210652	0.385137	-0.027529	0.147585	-1.149154	93	18	0	9.343975	0.741982	0.705099	0.869227	0.447883	0.455981	0.741421	0.592527	0.850225
32	28	0.399976	0.092327	0.467436	0.195207	-1.507242	0.420555	36	7	0	7.180019	0.328095	0.380933	0.335231	0.616501	0.414288	0.292415	0.372114	0.460231
32	29	0.415010	0.202313	0.385137	-0.180347	-0.232505	-0.595163	54	11	0	7.590067	0.517319	0.180003	0.633740	0.407232	0.331543	0.517078	0.264673	0.468489
32	30	0.483794	0.324627	0.509587	0.489174	0.468372	0.524161	30	5	0	8.833305	0.212797	0.634541	0.555324	0.760183	0.340282	0.464801	0.243345	0.659076
33	1	0.721877	0.186678	0.459750	0.704508	-0.100542	0.023984	76	15	0	6.706448	0.356238	0.897931	0.678881	0.848942	0.912364	0.661402	0.728352	0.690908
33	2	0.366942	0.151199	0.336319	-0.383506	-0.623484	-1.218898	56	13	0	7.071757	0.280067	0.338438	0.062300	0.294339	0.524775	0.629009	0.392239	0.414368
33	3	0.265936	0.147811	0.394621	-0.354342	-0.561655	-0.284995	33	7	0	7.557224	0.089721	0.348541	0.062300	0.164929	0.235808	0.771809	0.178640	0.275738
33	4	0.927748	0.073164	0.738912	0.396687	0.051245	0.416838	162	32	1	7.959368	0.828897	0.928079	0.854314	0.926475	0.986289	0.980035	0.930965	0.986931
33	5	0.877947	0.057509	0.569584	0.291908	-0.627870	-0.094143	159	31	0	8.214191	0.729634	0.867142	0.950048	0.877726	0.961754	0.908756	0.844852	0.883659
33	6	0.961133	0.029306	0.861312	0.898593	-0.160491	1.276004	177	32	0	7.860024	0.903544	0.966565	0.938502	0.959830	0.980837	0.986450	0.957745	0.995590
33	7	0.653173	0.275738	0.560112	-0.126777	0.661311	0.091567	98	18	0	9.193521	0.570879	0.755532	0.852710	0.815827	0.292255	0.409958	0.724984	0.803239
33	8	0.497174	0.131655	0.515154	0.147212	-1.023451	0.368704	51	9	0	8.293804	0.392800	0.443554	0.484606	0.519965	0.899134	0.289609	0.397049	0.550674
33	9	0.841856	0.165451	0.555897	0.589114	0.351918	0.176124	121	23	0	7.378455	0.861690	0.996071	0.715523	0.999759	0.921985	0.480436	0.816148	0.943233
33	10	0.823154	0.073364	0.737251	0.621238	-0.952028	0.952615	91	16	0	9.645088	0.915571	0.874519	0.984044	0.878608	0.829779	0.480436	0.768602	0.853672
33	11	0.440166	0.250682	0.378138	0.008557	0.028912	-0.836760	41	6	0	10.234717	0.224743	0.534477	0.317431	0.272851	0.393922	0.659557	0.563582	0.554763
33	12	0.406360	0.158695	0.506220	-0.485810	-0.531688	0.201894	70	13	0	7.859351	0.851427	0.368666	0.276700	0.456382	0.368345	0.104474	0.320638	0.504250
33	13	0.824808	0.180123	0.902994	0.128888	0.488647	1.620228	134	28	0	9.113308	0.690106	0.833788	0.782793	0.989496	0.757777	0.920382	0.695718	0.928400
33	14	0.623306	0.112332	0.447918	0.061039	-1.046234	-0.417726	73	14	0	9.647057	0.670622	0.593730	0.415731	0.599824	0.847338	0.573685	0.722017	0.563502
33	15	0.480025	0.340864	0.336319	-0.145484	0.862003	-1.342528	69	14	0	7.267549	0.493265	0.537284	0.229955	0.823445	0.469532	0.231158	0.268201	0.787364
33	16	0.542215	0.299331	0.385137	-0.209172	0.613515	-0.985428	71	15	0	9.300528	0.625481	0.393361	0.271087	0.362251	0.723942	0.671905	0.554522	0.735167
33	17	0.484305	0.312720	0.397336	-0.741974	0.907571	-0.902308	105	25	0	7.551574	0.385744	0.256575	0.231639	0.381575	0.655709	0.685055	0.531911	0.746232
33	18	0.682589	0.142579	0.401448	-0.048221	-0.621898	-1.057659	85	16	1	8.709985	0.640074	0.749599	0.323204	0.837316	0.843249	0.647450	0.648012	0.771809
33	19	0.844592	0.104835	0.612652	-0.499568	-0.125033	-0.460508	197	39	1	9.091145	0.805404	0.841966	0.667736	0.788486	0.952614	0.890475	0.850946	0.959108
33	20	0.702654	0.078516	0.450266	-0.297138	-1.078322	-0.735829	128	25	0	9.222331	0.671905	0.614416	0.504971	0.724583	0.733242	0.744468	0.731559	0.896087
33	21	0.722298	0.176776	0.547924	0.561317	-0.162337	0.435713	81	17	0	7.013946	0.484525	0.797787	0.579699	0.763149	0.658275	0.871232	0.868265	0.755452
33	22	0.751924	0.173128	0.414277	0.436208	-0.009961	-0.526893	104	19	0	7.029988	0.639112	0.824808	0.641998	0.668698	0.889432	0.753047	0.732120	0.866180
33	23	0.846857	0.137388	0.560879	0.384850	-0.077445	-0.224765	96	20	1	9.193332	0.896328	0.850866	0.946841	0.956302	0.753047	0.777742	0.747835	0.845895
33	24	0.545101	0.376203	0.385137	-0.158765	1.181999	-0.808277	89	17	0	7.116571	0.488855	0.193554	0.705821	0.354394	0.491180	0.867944	0.375401	0.883659
33	25	0.625210	0.203817	0.336319	-0.036299	0.002699	-1.614882	93	18	0	7.825061	0.664609	0.344532	0.841004	0.398012	0.639673	0.775016	0.596376	0.742463
33	26	0.683822	0.443714	0.691538	-0.226241	1.628702	0.382044	92	16	1	10.225228	0.949567	0.480997	0.953095	0.998156	0.713278	0.515314	0.338518	0.521648
33	27	0.640705	0.422085	0.678480	0.276780	1.434804	0.986678	75	14	0	7.957840	0.523573	0.409317	0.924551	0.419500	0.358483	0.922146	0.756735	0.811337
33	28	0.705540	0.349182	0.605001	0.148300	1.230841	0.350390	94	16	0	9.185864	0.335712	0.990619	0.961995	0.269644	0.728352	0.806446	0.904185	0.647370
33	29	0.832395	0.132697	0.634026	1.106686	-0.259587	0.842046	77	14	0	7.377583	0.886225	0.932569	0.961995	0.981799	0.852069	0.972819	0.299872	0.771809
33	30	0.687680	0.127385	0.669007	0.217397	-0.689668	0.801874	87	18	0	8.041233	0.587716	0.917656	0.672386	0.780709	0.773653	0.234205	0.777903	0.757216
33	31	0.442481	0.218189	0.400245	-0.577263	0.044928	-0.732057	79	15	0	8.549976	0.694917	0.004811	0.342367	0.617864	0.583226	0.384140	0.394724	0.517800
33	32	0.766006	0.180464	0.593581	0.225365	0.127594	0.241159	102	21	0	8.828381	0.607601	0.728031	0.548589	0.740619	0.896969	0.980837	0.753207	0.872194
33	33	0.963087	0.019965	0.701709	1.035449	-0.388990	0.497541	150	27	0	9.017289	0.953897	0.956783	0.993345	0.971216	0.990459	0.904266	0.970414	0.964320
33	34	0.665050	0.413767	0.518877	0.404166	1.406903	0.253388	71	15	0	7.734275	0.413005	0.897450	0.872274	0.405709	0.717367	0.807088	0.398332	0.809173
33	35	0.894163	0.158395	0.681538	0.016836	0.967599	0.163048	252	30	0	8.903331	0.769243	0.739015	0.970253	0.939945	0.980196	0.955981	0.826652	0.972017
33	36	0.808892	0.064685	0.487973	0.496385	-1.041637	-0.101564	117	25	0	6.853266	0.749679	0.815667	0.950850	0.873477	0.851427	0.806446	0.832264	0.591325
33	37	0.967166	0.025657	0.711605	0.505491	0.114370	0.285029	247	50	0	8.168432	0.852710	0.981960	0.955180	0.986931	0.995911	0.995269	0.974262	0.995109
33	38	0.628698	0.165852	0.481982	-0.201258	-0.289597	-0.208692	100	24	0	7.740533	0.687380	0.458948	0.526379	0.686658	0.792575	0.533595	0.615619	0.728432
33	39	0.487692	0.345935	0.399100	-0.234463	0.921452	-0.599563	75	14	0	7.699392	0.361610	0.004811	0.772370	0.551475	0.597579	0.692351	0.246953	0.674391
33	40	0.794871	0.163306	0.719314	0.786948	-0.048478	1.208275	84	18	0	7.151281	0.596536	0.805164	0.964320	0.904987	0.936097	0.800433	0.805083	0.546344
33	41	0.511957	0.357020	0.378138	0.588910	0.737088	-0.423261	42	8	0	6.604652	0.123396	0.333788	0.898252	0.654747	0.281831	0.532393	0.747033	0.524214
33	42	0.392128	0.176656	0.436440	0.529926	-0.834472	0.134254	18	3	0	11.131899	0.018201	0.511867	0.527582	0.565747	0.465443	0.089160	0.434814	0.524214
33	43	0.712917	0.102289	0.551590	0.588392	-1.015694	0.457907	79	14	0	7.315154	0.581302	0.664128	0.851908	0.729875	0.712476	0.833467	0.708627	0.621552
33	44	0.470835	0.126423	0.485075	0.094085	-1.118610	0.199762	44	9	0	8.659172	0.314464	0.470334	0.557008	0.599824	0.538085	0.396969	0.467126	0.422867
33	45	0.639492	0.490519	0.472957	0.788428	1.557173	0.206654	45	8	0	8.086406	0.300994	0.718570	0.917656	0.309573	0.959509	0.911642	0.460311	0.537684
33	46	0.445748	0.301375	0.378138	0.269708	0.366532	-0.619914	34	6	0	8.513215	0.240378	0.603512	0.242543	0.266036	0.261225	0.871873	0.542736	0.537684
33	47	0.277933	0.280629	0.336319	-0.373960	0.603473	-1.027805	40	8	0	7.162548	0.118425	0.451732	0.003127	0.069115	0.365058	0.752566	0.194275	0.269163
33	48	0.523863	0.243004	0.336319	-0.147906	0.148002	-1.540931	71	13	0	8.640292	0.363454	0.514833	0.293297	0.401780	0.743826	0.718249	0.547947	0.607521
33	49	0.866822	0.031751	0.660416	0.414894	-1.300239	0.336560	127	24	0	9.808202	0.630933	0.902903	0.901620	0.904666	0.882697	0.976507	0.896969	0.838278
33	50	0.972729	0.019624	0.803526	0.208083	0.227442	0.466771	332	64	0	8.813722	0.924230	0.986129	0.971376	0.957665	0.993185	0.983724	0.973621	0.991902
33	51	0.935496	0.039929	0.789460	0.475666	-0.308948	0.814358	181	40	0	8.216631	0.915892	0.955180	0.880773	0.956783	0.971216	0.943634	0.945558	0.914929
33	52	0.923529	0.040451	0.705752	0.970170	-0.706168	0.749776	111	26	0	8.358502	0.942992	0.946360	0.953897	0.971536	0.909958	0.796584	0.913807	0.953095
33	53	0.984124	0.012388	0.712957	0.261420	0.552740	-0.033785	375	76	0	8.490232	0.975064	0.983403	0.984846	0.979875	0.998477	0.989176	0.965443	0.996713
33	54	0.404697	0.310475	0.436440	-0.087154	0.613257	0.011074	49	11	0	7.071782	0.239978	0.428961	0.233563	0.517720	0.220734	0.217607	0.768842	0.610167
33	55	0.750902	0.150537	0.507606	-0.283204	0.001779	-0.365237	159	32	0	7.813782	0.772130	0.621392	0.747675	0.703496	0.511386	0.887027	0.815667	0.948445
33	56	0.916242	0.137267	0.726210	1.530118	0.409617	1.239543	78	15	0	7.635882	0.765154	0.973300	0.999920	0.967367	0.983884	0.839080	0.837476	0.963759
33	57	0.713659	0.185556	0.597693	0.522425	-0.118440	0.582704	76	14	0	8.008991	0.514192	0.920221	0.773012	0.894564	0.590362	0.750962	0.627004	0.638951
33	58	0.605917	0.109064	0.638653	0.100164	-1.098551	0.685592	78	12	0	8.820616	0.538486	0.580661	0.762909	0.749519	0.487251	0.610487	0.588759	0.529266
33	59	0.802909	0.133860	0.579321	0.265942	-0.130293	0.148884	124	24	0	8.167650	0.751523	0.945718	0.855997	0.652421	0.654586	0.834509	0.876604	0.851908
33	60	0.721326	0.140675	0.562471	-0.111781	-0.361739	-0.084504	107	20	0	10.873730	0.707986	0.853672	0.461514	0.669019	0.772771	0.848701	0.794500	0.662444
33	61	0.383529	0.234826	0.378138	-0.199388	-0.001686	-0.796282	41	7	0	9.437906	0.287765	0.436017	0.186578	0.269644	0.688422	0.222258	0.315106	0.662444
33	62	0.335411	0.071400	0.336319	-0.703485	-1.515300	-1.437318	56	13	0	8.490334	0.353512	0.316549	0.296905	0.253849	0.369949	0.356479	0.263069	0.472979
33	63	0.492403	0.177979	0.542186	-0.338720	-0.347101	0.319532	80	17	0	7.640206	0.226106	0.530629	0.475144	0.344051	0.775337	0.684333	0.406751	0.496873
33	64	0.217858	0.275637	0.336319	-0.731350	0.805556	-1.167422	35	7	0	8.418358	0.114657	0.150978	0.111289	0.057569	0.485487	0.386867	0.064625	0.371392
33	65	0.158816	0.143000	0.336319	-1.350613	0.188934	-1.320271	42	9	0	8.978011	0.083066	0.083708	0.191068	0.072322	0.080260	0.314144	0.074567	0.371392
33	66	0.336985	0.208948	0.336319	-0.593992	0.037203	-1.290963	66	12	0	7.254072	0.215282	0.468008	0.473701	0.233964	0.088518	0.428319	0.416693	0.371392
33	67	0.376994	0.162284	0.336319	-0.255934	-0.573824	-1.253785	53	8	0	7.981940	0.173028	0.371232	0.462235	0.350144	0.440026	0.485888	0.115699	0.617704
33	68	0.486129	0.232080	0.487973	0.234345	-0.120482	0.297943	44	8	0	8.276318	0.379009	0.448926	0.698605	0.483323	0.656671	0.400818	0.203977	0.617704
33	69	0.847859	0.081222	0.767365	1.034527	-0.737563	1.452237	89	18	0	6.824572	0.848701	0.895366	0.951652	0.925032	0.851267	0.841806	0.760824	0.708226
33	70	0.450810	0.249258	0.573593	0.231466	0.043907	0.934359	48	9	0	6.716567	0.367142	0.443233	0.166854	0.362251	0.761145	0.557168	0.268201	0.680484
33	71	0.373847	0.416613	0.399100	-0.761731	1.485516	-0.693216	74	15	0	8.274044	0.181527	0.142158	0.735648	0.324647	0.170542	0.741421	0.160520	0.534317
33	72	0.915751	0.081803	0.903235	1.005747	-0.102135	1.834049	111	19	0	8.843475	0.928400	0.962155	0.982601	0.973621	0.984525	0.791052	0.936578	0.767078
33	73	0.545692	0.126403	0.378138	-0.217421	-0.791517	-0.951890	109	16	0	6.746787	0.520366	0.393361	0.519885	0.607681	0.522611	0.635584	0.371472	0.794580
34	1	0.677828	0.197583	0.537742	0.226040	-0.013029	0.217838	85	18	0	7.829398	0.404747	0.602630	0.596216	0.542896	0.754250	0.962075	0.859124	0.700690
34	2	0.554713	0.208888	0.336319	-0.318463	-0.015881	-1.665405	87	19	0	8.262528	0.546023	0.366020	0.420382	0.405709	0.618265	0.604554	0.647611	0.829137
34	3	0.762308	0.239356	0.550754	-0.291220	0.838349	-0.182186	158	34	0	8.009241	0.708868	0.690908	0.680645	0.582264	0.932088	0.922627	0.914448	0.666613
34	4	0.312189	0.091004	0.397336	-0.714048	-1.153632	-0.576338	61	11	0	8.035354	0.270847	0.149615	0.275818	0.228432	0.244147	0.441950	0.220093	0.666613
34	5	0.427528	0.090042	0.397336	-0.375781	-1.405256	-0.724203	56	11	0	9.562294	0.463839	0.449487	0.275818	0.427598	0.670783	0.312219	0.379971	0.440507
34	6	0.674090	0.182569	0.426956	0.333627	-0.191072	-0.387476	81	16	0	7.592683	0.449727	0.697482	0.599904	0.504330	0.840362	0.936578	0.731318	0.633018
34	7	0.597037	0.138610	0.456336	-0.111174	-0.726376	-0.400763	76	16	0	9.588112	0.539368	0.669740	0.527582	0.407232	0.635504	0.606559	0.699407	0.690908
34	8	0.649715	0.310596	0.400245	0.240768	0.834967	-0.594205	83	17	0	7.284580	0.656430	0.479233	0.611931	0.409317	0.925994	0.886546	0.472819	0.755452
34	9	0.702915	0.236690	0.397336	-0.405725	0.609312	-1.226120	137	31	0	8.553785	0.566309	0.527421	0.667014	0.650417	0.790651	0.890074	0.582986	0.948445
34	10	0.783044	0.090022	0.636867	0.577967	-0.968056	0.525208	71	16	0	10.313019	0.799792	0.907393	0.765715	0.919419	0.768682	0.841485	0.818072	0.443794
34	11	0.673589	0.184674	0.546504	0.067061	-0.318786	-0.097794	66	14	1	9.581059	0.772851	0.723621	0.850786	0.592848	0.393922	0.588679	0.678640	0.787364
34	12	0.797136	0.091244	0.541476	-0.120572	-0.565444	-0.314663	139	30	0	9.641528	0.754250	0.879009	0.826732	0.820157	0.797787	0.731479	0.682409	0.885263
34	13	0.882547	0.061818	0.597361	0.450741	-0.768331	-0.149707	109	21	1	9.500248	0.880933	0.974423	0.872675	0.961273	0.908675	0.822001	0.766677	0.873717
34	14	0.852630	0.172807	0.689247	0.243060	0.579447	0.457136	137	28	0	9.194196	0.904506	0.956462	0.938983	0.939464	0.615940	0.777181	0.742062	0.946440
34	15	0.864567	0.072081	0.832952	0.721569	-0.681041	1.401800	99	23	0	8.459608	0.793056	0.903384	0.970734	0.882617	0.899695	0.968329	0.865699	0.633018
34	16	0.843399	0.192752	0.841977	0.243528	0.359687	0.833184	90	16	3	10.831499	0.917896	0.924711	0.834269	0.952453	0.943473	0.743425	0.714641	0.716325
34	17	0.542034	0.217186	0.654712	0.480578	-0.249961	1.190173	44	9	0	7.649309	0.660920	0.731799	0.542255	0.661321	0.465443	0.122996	0.435215	0.716325
34	18	0.661311	0.099042	0.684963	-0.063349	-1.005808	0.735217	100	18	0	8.642285	0.750241	0.735487	0.690827	0.810776	0.732200	0.122996	0.592848	0.855115
34	19	0.851608	0.113554	0.528223	0.648490	-0.217349	-0.045541	107	20	0	8.489269	0.808611	0.820077	0.967527	0.821440	0.969452	0.781992	0.745590	0.898172
34	20	0.700910	0.104995	0.603489	0.805010	-1.156426	0.768729	54	10	0	8.256605	0.650978	0.858002	0.642880	0.796264	0.684573	0.728352	0.632697	0.613534
34	21	0.658214	0.135403	0.558302	0.023403	-0.610627	0.279581	92	22	0	7.599633	0.478352	0.721616	0.642880	0.467928	0.721857	0.742142	0.735487	0.755452
34	22	0.670201	0.158976	0.397336	-0.294365	-0.223361	-1.070278	120	27	0	8.137763	0.608323	0.452774	0.578576	0.562620	0.670221	0.862973	0.690427	0.935696
34	23	0.929532	0.050954	0.830077	1.089456	-0.408375	1.374780	112	25	0	8.015627	0.912524	0.932328	0.958066	0.938502	0.962075	0.991421	0.846456	0.894885
34	24	0.776429	0.096657	0.519564	0.748516	-0.855242	0.324679	84	20	0	6.469422	0.839561	0.736369	0.624278	0.724984	0.748236	0.978592	0.734365	0.825048
34	25	0.360808	0.256495	0.456096	-0.200848	0.218817	0.143257	43	9	0	7.747003	0.298589	0.265635	0.516758	0.078817	0.524375	0.602149	0.348380	0.251764
34	26	0.299391	0.207264	0.336319	-0.618519	0.060669	-1.234000	56	11	0	7.368948	0.128047	0.215122	0.513631	0.190106	0.355757	0.235728	0.181527	0.575208
34	27	0.565918	0.308271	0.456096	0.156703	0.628448	-0.077135	63	14	0	7.727143	0.281671	0.408675	0.461754	0.453175	0.747194	0.925754	0.489416	0.759702
34	28	0.559614	0.196681	0.459750	0.128043	-0.274369	-0.095678	65	12	0	8.130946	0.351908	0.460391	0.816709	0.539609	0.759541	0.620590	0.474743	0.453416
34	29	0.255332	0.177878	0.407519	-0.331153	-0.201663	0.072215	36	7	0	6.682400	0.160359	0.023573	0.206462	0.092367	0.184173	0.824487	0.091004	0.460231
34	30	0.398062	0.182028	0.401448	-0.217588	-0.415117	-0.348885	50	10	0	7.972799	0.097017	0.471536	0.354394	0.354394	0.569516	0.226267	0.482681	0.628688
34	31	0.683621	0.347138	0.525245	-0.563933	1.485935	-0.259655	176	33	0	7.395373	0.411722	0.627245	0.433130	0.571520	0.958226	0.659557	0.864336	0.943233
34	32	0.347057	0.180825	0.336319	-0.935804	-0.112975	-1.547740	85	16	0	7.835601	0.289529	0.182409	0.433130	0.274455	0.528464	0.446440	0.199166	0.422867
34	33	0.846626	0.182609	0.581646	-0.149320	0.805161	-0.201503	197	36	0	8.442267	0.730757	0.835792	0.778704	0.693072	0.949246	0.960231	0.875641	0.949567
34	34	0.408565	0.320478	0.513459	-0.488998	0.806653	0.226358	67	14	0	7.944870	0.312300	0.066469	0.831703	0.192511	0.391116	0.279266	0.636626	0.558531
34	35	0.407763	0.200629	0.336319	-0.005926	-0.312169	-1.153829	46	8	0	7.653658	0.228752	0.219371	0.626443	0.440747	0.514352	0.309814	0.482120	0.440507
34	36	0.398412	0.243666	0.397336	-0.378963	0.188574	-0.519921	61	13	0	7.456323	0.444275	0.250641	0.239577	0.360087	0.468169	0.149134	0.561658	0.713759
34	37	0.727510	0.124198	0.450953	-0.088111	-0.497794	-0.625011	122	23	0	8.679327	0.683130	0.836995	0.715122	0.690026	0.913566	0.621873	0.582344	0.777021
34	38	0.239807	0.124780	0.336319	-1.018159	-0.545235	-1.441939	53	9	0	9.334387	0.174551	0.141196	0.209750	0.276299	0.335071	0.112973	0.191148	0.477470
34	39	0.720955	0.258720	0.385137	0.190083	0.638460	-1.009479	96	22	0	7.792045	0.336273	0.776058	0.842928	0.923910	0.817431	0.571761	0.605356	0.893922
34	40	0.459138	0.140876	0.414277	-0.001850	-0.845762	-0.216052	60	10	0	7.311603	0.129089	0.453977	0.512749	0.524695	0.600706	0.321841	0.558611	0.571440
34	41	0.510774	0.216405	0.475099	-0.095833	-0.051430	0.062991	74	15	0	7.202054	0.299150	0.259622	0.400978	0.571520	0.570157	0.773092	0.653143	0.558531
34	42	0.421063	0.176175	0.456096	-0.770968	-0.239757	-0.298126	94	18	0	7.719573	0.266597	0.286081	0.367944	0.360087	0.654586	0.545301	0.379330	0.508579
34	43	0.647250	0.414609	0.477057	-0.723839	1.814954	-0.568048	165	35	0	7.651725	0.442511	0.411321	0.478592	0.432248	0.853833	0.922947	0.779827	0.856719
34	44	0.438502	0.161682	0.407519	-0.275669	-0.599629	-0.429215	59	12	0	8.237401	0.379570	0.323044	0.379570	0.303720	0.523172	0.538967	0.479715	0.580260
34	45	0.640334	0.243846	0.479440	0.244111	0.247520	-0.028395	74	15	0	8.045788	0.490058	0.490539	0.573685	0.531751	0.759782	0.651780	0.843249	0.781831
34	46	0.832525	0.132677	0.642754	0.302090	-0.010024	0.358528	120	28	0	8.535321	0.594532	0.801796	0.866341	0.737251	0.956944	0.953576	0.906591	0.843169
34	47	0.516798	0.217327	0.460116	-0.153286	-0.032233	-0.067265	72	19	0	7.152709	0.407954	0.242062	0.436658	0.504330	0.749038	0.635584	0.478271	0.680484
34	48	0.448204	0.216405	0.472029	0.367386	-0.319583	0.385004	32	7	0	7.664330	0.296504	0.437700	0.265956	0.358082	0.552838	0.630613	0.466084	0.577854
34	49	0.407423	0.113394	0.394621	-0.001660	-1.270095	-0.481078	36	8	0	8.594081	0.423749	0.317912	0.639913	0.498717	0.358002	0.287524	0.332826	0.400738
34	50	0.520215	0.154185	0.378138	-0.211462	-0.605794	-0.950514	76	18	0	7.523599	0.333467	0.532312	0.569676	0.451652	0.701251	0.673669	0.411001	0.488695
34	51	0.631444	0.145065	0.580821	0.573552	-0.848043	0.628737	44	10	0	9.211545	0.819676	0.813903	0.603432	0.636466	0.611369	0.497755	0.537043	0.531911
34	52	0.654867	0.112572	0.540101	0.553805	-1.296954	0.248940	44	9	1	8.272567	0.791774	0.777261	0.665892	0.710792	0.669259	0.436578	0.551395	0.635985
34	53	0.466044	0.096236	0.557432	-0.000077	-1.419760	0.587791	49	11	0	8.170376	0.495991	0.480997	0.513631	0.610969	0.106559	0.390074	0.458948	0.671183
34	54	0.660079	0.191890	0.523779	0.172839	-0.148163	0.067533	73	16	0	9.162433	0.767720	0.550914	0.941549	0.532713	0.623958	0.620590	0.514753	0.728432
35	1	0.823765	0.209048	0.638275	0.311313	0.702269	0.393790	127	26	0	8.097975	0.664288	0.866421	0.707344	0.688823	0.910600	0.905067	0.915250	0.932328
35	2	0.650688	0.190908	0.540502	-0.050625	-0.069908	0.115198	90	21	0	8.204579	0.476828	0.509862	0.768521	0.719692	0.705180	0.548428	0.717287	0.759702
35	3	0.600275	0.150938	0.378138	-0.337097	-0.428176	-1.163041	112	25	0	7.347175	0.454699	0.591244	0.394163	0.532713	0.839080	0.640475	0.614657	0.735167
35	4	0.415902	0.242062	0.399100	-0.155790	0.103561	-0.352038	55	12	0	7.092506	0.402742	0.338438	0.327293	0.190106	0.578897	0.267800	0.675593	0.546344
35	5	0.525848	0.202193	0.378138	-0.289596	-0.123701	-1.052121	81	17	0	8.097296	0.375561	0.642158	0.629731	0.251443	0.803961	0.579859	0.475064	0.449006
35	6	0.521388	0.142880	0.399100	-0.211101	-0.747894	-0.730924	72	14	0	8.792429	0.501684	0.618024	0.561017	0.382537	0.868105	0.471777	0.318954	0.449006
35	7	0.361059	0.190827	0.336319	-0.714803	-0.105462	-1.437675	76	14	0	7.611914	0.260263	0.364897	0.310696	0.161081	0.315266	0.610487	0.144484	0.721296
35	8	0.802708	0.111289	0.533893	0.259453	-0.405618	-0.042797	121	28	0	7.739780	0.653624	0.842207	0.744949	0.821921	0.941309	0.737572	0.789128	0.890956
35	9	0.625341	0.181005	0.540330	-0.197150	-0.181461	0.014137	94	18	0	9.162304	0.534157	0.764833	0.623958	0.223541	0.755773	0.639192	0.869949	0.591325
35	10	0.910089	0.085351	0.935272	0.639203	0.019533	1.983748	137	27	0	8.853920	0.805564	0.954859	0.910680	0.955981	0.977470	0.872755	0.942511	0.860888
35	11	0.859375	0.099122	0.781007	0.033700	-0.107794	0.754602	154	37	0	9.138107	0.737011	0.826892	0.893922	0.775818	0.900176	0.957425	0.831302	0.952453
35	12	0.784146	0.177297	0.569848	-0.366013	0.378569	-0.321647	158	30	0	10.847805	0.589240	0.772851	0.703897	0.685856	0.810536	0.863294	0.916854	0.930645
35	13	0.670151	0.200369	0.460116	-0.854501	0.190224	-1.070958	146	30	1	9.102819	0.722418	0.501604	0.636947	0.422306	0.661001	0.919660	0.590362	0.906911
35	14	0.632306	0.147049	0.378138	-0.159645	-0.484376	-1.182442	102	20	0	8.039991	0.604474	0.541774	0.595334	0.479955	0.849824	0.776379	0.546424	0.664288
35	15	0.573565	0.322242	0.336319	0.226777	0.712670	-1.368503	61	13	0	7.801741	0.226828	0.590763	0.405388	0.286241	0.672226	0.964320	0.668056	0.774695
35	16	0.214711	0.142980	0.336319	-0.617204	-0.406265	-1.103281	28	6	0	8.553228	0.197563	0.213358	0.107040	0.043938	0.326251	0.531030	0.082184	0.216325
35	17	0.089541	0.054582	0.336319	-1.093351	-0.274485	-0.661061	22	5	0	6.422682	0.073284	0.036883	0.080661	0.039288	0.119548	0.042255	0.088278	0.236129
35	18	0.835371	0.190847	0.471914	-0.171189	0.796834	-0.791124	179	38	0	8.627927	0.701090	0.768521	0.819195	0.677518	0.952774	0.952373	0.872274	0.939224
35	19	0.296113	0.175653	0.455638	-0.080075	-0.499505	0.222422	24	4	0	9.399088	0.132216	0.070478	0.330420	0.238935	0.813663	0.154987	0.305083	0.323124
35	20	0.287905	0.282373	0.397336	0.171399	0.364531	-0.000880	21	4	0	7.659156	0.006254	0.049070	0.330420	0.072322	0.812700	0.404266	0.305083	0.323124
35	21	0.424681	0.134461	0.599904	0.478247	-1.258727	0.991074	19	4	0	11.133074	0.295061	0.599503	0.330420	0.327534	0.812460	0.404266	0.305083	0.323124
35	22	0.415120	0.175734	0.504456	-0.733663	-0.292383	0.017685	81	18	0	8.130651	0.706783	0.372114	0.330420	0.403223	0.766517	0.174631	0.244147	0.323124
35	23	0.144494	0.084209	0.336319	-0.499445	-0.769906	-0.771944	15	4	0	8.586349	0.187300	0.094532	0.093650	0.087155	0.102149	0.174631	0.093409	0.323124
35	24	0.401930	0.247374	0.336319	-0.498344	0.224065	-1.468037	61	13	0	8.486268	0.333467	0.206623	0.448284	0.223541	0.662203	0.753528	0.264673	0.323124
35	25	0.443133	0.306627	0.518877	-0.420015	0.711371	0.225347	79	13	0	7.830055	0.300994	0.369628	0.216886	0.286241	0.687700	0.576010	0.416693	0.690908
35	26	0.194486	0.126042	0.336319	-0.850932	-0.377822	-1.091235	35	8	0	7.777858	0.121392	0.180564	0.220414	0.050914	0.270446	0.286321	0.152903	0.272931
35	27	0.710973	0.183471	0.506460	-0.218192	0.083625	-0.372457	117	23	0	9.878733	0.583467	0.793858	0.701812	0.491020	0.861690	0.635584	0.818473	0.801876
35	28	0.805715	0.125140	0.841783	0.566053	-0.340380	1.539579	98	19	0	8.065655	0.574487	0.758018	0.873396	0.832745	0.817110	0.898974	0.744548	0.946440
35	29	0.524224	0.267038	0.468535	-0.488861	0.467504	-0.366224	91	16	0	9.336784	0.367463	0.309012	0.419019	0.476507	0.742383	0.795702	0.433611	0.650096
35	30	0.403634	0.122695	0.378138	-0.227268	-1.072097	-0.827861	46	9	0	9.020443	0.409076	0.270125	0.563182	0.384221	0.406831	0.343169	0.202373	0.650096
35	31	0.483293	0.288526	0.399100	-0.413386	0.592782	-0.687695	82	17	0	7.761533	0.374278	0.180564	0.475946	0.240779	0.777421	0.872755	0.369387	0.575208
35	32	0.909277	0.047827	0.794637	0.807287	-0.682543	1.104881	123	23	0	8.705180	0.932088	0.958066	0.982120	0.978111	0.923749	0.925353	0.684974	0.889753
35	33	0.588749	0.294941	0.582734	-0.110521	0.604544	0.276175	71	14	0	10.770156	0.633980	0.386546	0.681527	0.398012	0.587877	0.715763	0.923749	0.382537
35	34	0.547577	0.292916	0.526952	0.222219	0.463191	0.433544	57	12	0	7.678730	0.567431	0.660439	0.675112	0.834108	0.337155	0.637267	0.286562	0.382537
35	35	0.472458	0.162263	0.426956	-0.455079	-0.550071	-0.568583	68	14	0	9.935964	0.499439	0.472418	0.610808	0.312460	0.256655	0.815106	0.430244	0.382537
35	36	0.574507	0.088518	0.467436	-0.265618	-1.258024	-0.266597	91	19	0	8.154559	0.590924	0.431928	0.610808	0.656911	0.620029	0.564304	0.467126	0.654025
35	37	0.860297	0.100144	0.684390	0.422770	-0.184226	0.574257	136	27	0	8.131482	0.737572	0.876523	0.976347	0.880933	0.809173	0.886546	0.773412	0.941870
35	38	0.297336	0.237712	0.336319	-0.571460	0.308039	-1.176622	55	11	0	7.064980	0.333467	0.233483	0.131976	0.097819	0.363214	0.382457	0.125321	0.710953
35	39	0.562039	0.219131	0.436440	-0.690375	0.257334	-0.704009	129	27	0	7.839019	0.400657	0.389272	0.500722	0.469291	0.748637	0.658034	0.618746	0.710953
35	40	0.719862	0.211454	0.550605	-0.424493	0.519087	-0.121830	166	34	0	7.428523	0.553159	0.615378	0.504971	0.689625	0.921023	0.972498	0.727550	0.774695
35	41	0.692371	0.169720	0.454137	-0.070994	-0.147938	-0.553833	100	22	0	8.992154	0.624038	0.758339	0.879009	0.549070	0.825048	0.667094	0.517399	0.718970
35	42	0.620851	0.209349	0.336319	-0.251052	0.102259	-1.771916	103	20	0	8.432925	0.390475	0.325128	0.610808	0.659878	0.951171	0.553560	0.706382	0.769403
35	43	0.801125	0.198404	0.541602	-0.062382	0.595667	-0.260604	144	30	0	8.964065	0.673108	0.883980	0.682649	0.695879	0.922466	0.815747	0.823204	0.911963
35	44	0.548098	0.210171	0.397336	-0.930753	0.260392	-1.128596	153	32	0	7.464420	0.561337	0.412604	0.499519	0.348380	0.637187	0.617223	0.410359	0.898172
35	45	0.562660	0.254851	0.336319	-0.651411	0.515150	-1.837425	123	26	0	7.950481	0.453496	0.724583	0.631655	0.539609	0.660279	0.325529	0.309413	0.856719
36	1	0.527923	0.283335	0.728157	2.950446	-0.648331	3.117944	2	1	0	0.000000	0.424711	0.957264	0.892640	0.613454	0.438342	0.325529	0.426235	0.145205
36	2	0.134271	0.122575	0.336319	-0.188925	-0.285069	-0.574935	14	2	0	8.521878	0.020125	0.158435	0.084830	0.016597	0.162604	0.478833	0.042495	0.110247
36	3	0.305745	0.358022	0.394621	0.755296	0.661630	0.303014	16	3	0	6.605902	0.175273	0.346456	0.020767	0.486209	0.084349	0.769003	0.453656	0.110247
36	4	0.311528	0.161442	0.485258	0.607454	-0.912091	0.856640	15	3	0	8.179629	0.225305	0.334670	0.075128	0.278544	0.288486	0.751924	0.427919	0.110247
36	5	0.344492	0.063222	0.442065	0.596877	-2.096185	0.505211	19	3	0	7.777145	0.381895	0.508098	0.288967	0.328496	0.376523	0.379410	0.166453	0.326090
36	6	0.588739	0.204658	0.581062	0.711641	-0.399320	0.822668	36	7	0	8.526576	0.537845	0.569756	0.316148	0.417014	0.541132	0.795702	0.684493	0.847819
36	7	0.251313	0.151720	0.336319	-0.383925	-0.437661	-0.912412	37	8	0	6.589167	0.081222	0.136786	0.305404	0.257858	0.223300	0.184493	0.380933	0.440507
36	8	0.688693	0.224423	0.433588	0.248045	-0.022064	-0.832595	54	10	1	12.170814	0.713198	0.887829	0.690266	0.864416	0.625561	0.478833	0.453175	0.796264
36	9	0.604634	0.253167	0.433588	0.176413	0.218622	-0.440452	62	12	0	9.533938	0.673669	0.772049	0.812700	0.381575	0.589320	0.258018	0.567912	0.781831
36	10	0.267499	0.177177	0.336319	-0.582612	-0.200823	-1.192130	43	8	0	8.058843	0.132697	0.585872	0.333387	0.078817	0.205180	0.167174	0.294099	0.342768
36	11	0.453967	0.285860	0.439155	-0.368641	0.498572	-0.344600	67	13	0	8.642936	0.324968	0.196039	0.406190	0.329939	0.733483	0.594612	0.372114	0.674391
36	12	0.877405	0.082425	0.677346	1.198634	-0.604272	0.891503	73	15	0	8.593966	0.787925	0.854715	0.959509	0.876764	0.890074	0.920702	0.798910	0.930645
36	13	0.647079	0.278865	0.769449	0.769878	0.332970	1.630133	45	8	0	8.473147	0.541453	0.540731	0.504250	0.968810	0.448765	0.836033	0.798910	0.537684
36	14	0.547917	0.170301	0.491890	0.129275	-0.518789	0.163977	67	11	0	7.944738	0.468169	0.839801	0.483804	0.635263	0.641036	0.316469	0.461113	0.537684
36	15	0.359956	0.206683	0.336319	-0.623681	0.002072	-1.345358	69	15	0	7.201245	0.254330	0.118265	0.556446	0.221135	0.418137	0.566309	0.330661	0.414368
36	16	0.195608	0.206503	0.397336	-0.468635	0.361217	0.054527	33	6	0	5.751863	0.050032	0.045943	0.471616	0.052999	0.233804	0.160520	0.333627	0.216325
36	17	0.155318	0.176896	0.336319	-0.862096	0.390935	-0.980753	27	5	0	7.959990	0.106960	0.035119	0.218329	0.041533	0.183932	0.421023	0.019323	0.216325
36	18	0.449527	0.138270	0.475591	-0.431410	-0.791242	-0.128337	68	13	0	9.047981	0.360006	0.346456	0.386867	0.362251	0.652822	0.654907	0.383900	0.449006
36	19	0.575269	0.086093	0.530915	0.396668	-1.550407	0.459025	50	11	0	8.071205	0.612171	0.706222	0.591645	0.551475	0.599423	0.453656	0.462636	0.624920
36	20	0.598781	0.115479	0.535313	0.330382	-1.144748	0.351617	56	11	0	8.700904	0.714962	0.628608	0.628047	0.560215	0.694756	0.332665	0.670061	0.560936
36	21	0.333236	0.452153	0.336319	-0.196362	1.449411	-1.140985	35	7	0	8.234677	0.119147	0.067752	0.137588	0.567832	0.555645	0.572402	0.084589	0.560936
36	22	0.369317	0.182749	0.461136	-0.236135	-0.441773	0.043113	38	8	0	9.233498	0.369227	0.258740	0.214561	0.625080	0.324727	0.614096	0.349022	0.199086
36	23	0.306176	0.208527	0.394621	-1.027605	0.172290	-0.824672	72	15	0	8.503765	0.168778	0.114096	0.363374	0.486209	0.489496	0.296584	0.191148	0.339721
36	24	0.202644	0.310676	0.336319	-0.303996	1.015285	-0.782450	21	5	0	7.304669	0.054682	0.045943	0.059012	0.050914	0.054041	0.436578	0.580260	0.339721
36	25	0.343770	0.450830	0.532083	0.526570	1.231483	1.135771	22	4	0	6.526137	0.526139	0.498877	0.632377	0.553801	0.068393	0.086835	0.044019	0.339721
36	26	0.425523	0.367303	0.891712	0.288341	0.844375	2.636355	39	9	0	6.403303	0.591565	0.664769	0.623477	0.178801	0.643281	0.288566	0.369387	0.044339
36	27	0.426345	0.449166	0.506460	0.270471	1.242730	0.594410	33	7	0	7.659662	0.064945	0.525096	0.786802	0.440747	0.081462	0.212155	0.692030	0.607521
36	28	0.508589	0.157272	0.610522	0.017593	-0.673006	0.821315	61	14	0	7.393738	0.628448	0.635183	0.526379	0.535119	0.483162	0.441950	0.137989	0.680484
36	29	0.443463	0.264372	0.460758	-0.015808	0.138432	-0.037548	37	8	0	10.301524	0.256815	0.654987	0.896809	0.401780	0.468970	0.435295	0.233964	0.199086
36	30	0.574206	0.305564	0.565553	0.204856	0.591016	0.539273	60	13	0	8.055374	0.442110	0.843570	0.514432	0.750722	0.741742	0.332665	0.541052	0.427357
36	31	0.433641	0.205601	0.397336	-0.261893	-0.208339	-0.628597	55	11	0	8.705706	0.389913	0.580661	0.516758	0.376443	0.726507	0.296584	0.244949	0.337316
36	32	0.444556	0.150698	0.511695	0.310915	-0.960710	0.517695	28	6	0	8.870882	0.664448	0.446520	0.495109	0.529747	0.524054	0.188502	0.395526	0.312540
36	33	0.415611	0.267178	0.336319	-0.254929	0.330287	-1.336499	59	10	0	8.014178	0.205420	0.210953	0.380372	0.266036	0.476588	0.402341	0.648012	0.735167
36	34	0.188292	0.141918	0.336319	-1.406467	0.010138	-1.503022	53	10	0	9.862989	0.099022	0.117303	0.130613	0.178801	0.130452	0.267800	0.309413	0.272931
36	35	0.532022	0.161843	0.665170	0.257153	-0.738325	1.052075	46	9	0	9.012575	0.390475	0.574326	0.105997	0.643842	0.507617	0.763149	0.631815	0.638951
36	36	0.544189	0.173048	0.378138	0.030287	-0.478401	-0.907496	68	13	0	7.989209	0.203015	0.504570	0.633740	0.354394	0.832585	0.630613	0.535520	0.659076
36	37	0.474453	0.087095	0.426956	0.036444	-1.574974	-0.274200	45	9	0	9.247649	0.440747	0.448124	0.604554	0.435856	0.605597	0.459589	0.500641	0.300513
36	38	0.724503	0.378728	0.648493	0.923254	1.171051	0.954124	48	9	0	8.947113	0.485728	0.894403	0.917174	0.872755	0.872996	0.478833	0.769885	0.504250
36	39	0.667866	0.146328	0.465477	0.512450	-0.894160	-0.327341	43	7	1	10.349337	0.694195	0.930965	0.816469	0.628287	0.584509	0.350385	0.727951	0.610167
36	40	0.745189	0.119167	0.644163	0.429729	-0.727256	0.576284	74	16	0	9.783893	0.748637	0.813262	0.785760	0.679201	0.894323	0.656270	0.614657	0.769403
36	41	0.581763	0.100225	0.557397	0.422117	-1.423285	0.471696	42	8	0	10.397882	0.598861	0.659317	0.567992	0.566629	0.721536	0.241822	0.693554	0.604394
36	42	0.548178	0.289909	0.589732	0.661211	0.213835	0.877043	28	6	0	9.163492	0.721857	0.565427	0.625481	0.533836	0.264913	0.963438	0.346376	0.364096
36	43	0.366030	0.194035	0.378138	-0.442060	-0.296511	-0.951801	41	9	0	11.061965	0.234686	0.391517	0.157713	0.253849	0.414929	0.795141	0.457906	0.222498
36	44	0.225365	0.101688	0.336319	-0.591130	-0.952772	-1.149673	27	6	0	9.054148	0.137107	0.270125	0.218329	0.192511	0.115539	0.160520	0.457024	0.251764
36	45	0.460932	0.094051	0.895652	0.032235	-1.408601	2.374004	55	11	0	7.259970	0.485728	0.503127	0.403544	0.565747	0.538967	0.292415	0.475064	0.422867
36	46	0.282503	0.154606	0.528910	-0.569107	-0.412941	0.641178	52	11	0	6.785916	0.363053	0.019804	0.206462	0.228432	0.234686	0.421023	0.337556	0.449006
36	47	0.672607	0.112733	0.863534	-0.017794	-0.780599	1.726271	115	24	0	6.854511	0.410840	0.786161	0.574407	0.774695	0.691950	0.730677	0.747835	0.664288
36	48	0.173018	0.059934	0.378138	-0.803745	-1.106015	-0.375627	36	7	0	6.682400	0.158675	0.122835	0.122755	0.129169	0.206222	0.181286	0.137107	0.326090
36	49	0.593129	0.255372	0.535313	0.500120	0.075624	0.398713	42	8	0	9.796354	0.781190	0.781511	0.495831	0.735087	0.661482	0.312219	0.500241	0.477470
36	50	0.322994	0.039188	0.401448	-0.385786	-2.212888	-0.365758	39	7	0	9.183629	0.333467	0.259622	0.317431	0.340523	0.347097	0.188502	0.324326	0.472979
36	51	0.419309	0.105396	0.508568	-0.372823	-1.274069	0.079944	48	10	0	11.190426	0.459509	0.724743	0.286642	0.404506	0.433451	0.336113	0.329939	0.379570
36	52	0.683100	0.058451	0.630315	0.395706	-1.729716	0.679663	69	15	0	8.503225	0.720494	0.848942	0.709429	0.702614	0.731318	0.721216	0.553319	0.477470
36	53	0.308361	0.166914	0.385137	-0.673527	-0.374446	-0.752422	48	10	0	9.231946	0.221296	0.400497	0.372915	0.187700	0.489015	0.287524	0.156751	0.351187
36	54	0.280328	0.213518	0.336319	-0.611614	0.156420	-1.149619	52	11	0	7.035130	0.238454	0.191790	0.079538	0.106158	0.495510	0.309814	0.357120	0.464240
36	55	0.542405	0.330240	0.655823	0.447883	0.553419	1.036761	34	7	0	9.976583	0.814384	0.778143	0.613935	0.716325	0.426876	0.325529	0.427919	0.236129
36	56	0.445027	0.125882	0.446154	-0.039928	-1.141316	-0.191771	38	7	0	11.317316	0.627085	0.529185	0.345574	0.497434	0.502004	0.395366	0.441068	0.222498
36	57	0.257848	0.162805	0.439155	-0.509416	-0.403505	-0.041065	28	6	0	9.620793	0.099022	0.291292	0.635022	0.082344	0.367784	0.207184	0.163807	0.216325
36	58	0.654686	0.232481	0.554156	1.648056	-0.305270	1.242814	20	5	0	6.553484	0.776539	0.736369	0.812460	0.818794	0.418457	0.680484	0.597899	0.396488
36	59	0.380041	0.145927	0.397336	0.118115	-0.942180	-0.382026	28	4	0	10.039993	0.437059	0.409317	0.444355	0.486209	0.468970	0.305965	0.300433	0.188021
36	60	0.406030	0.256054	0.414231	-0.614673	0.331688	-0.522888	67	16	0	8.380645	0.244949	0.209429	0.259060	0.303720	0.749038	0.493586	0.565587	0.422867
36	61	0.200740	0.191028	0.336319	-0.662040	0.181967	-1.028604	29	6	0	7.954896	0.099663	0.082826	0.229955	0.092367	0.166212	0.337476	0.279025	0.318393
36	62	0.456011	0.244147	0.385137	0.063152	0.007533	-0.607300	45	9	0	8.333864	0.451491	0.559894	0.684894	0.595734	0.272130	0.300353	0.450770	0.332826
36	63	0.171755	0.174571	0.385137	-0.552251	0.189469	-0.108050	25	5	0	6.769080	0.078095	0.343169	0.173428	0.064144	0.073605	0.352229	0.073044	0.216325
36	64	0.150928	0.118245	0.336319	-0.830121	-0.198766	-0.903901	28	5	0	7.413048	0.085872	0.298268	0.174792	0.082344	0.105115	0.288566	0.128127	0.044339
36	65	0.700680	0.299090	0.528258	0.546607	0.730426	0.213967	67	11	0	9.106868	0.620269	0.824968	0.906591	0.949968	0.574968	0.446440	0.822001	0.460231
36	66	0.563713	0.202774	0.409134	0.202970	-0.285946	-0.502817	54	9	0	9.830921	0.692030	0.709349	0.535600	0.720734	0.587877	0.298268	0.461594	0.504250
36	67	0.447061	0.083627	0.526952	-0.536816	-1.593489	-0.088938	58	10	1	9.693041	0.433210	0.493987	0.399936	0.461033	0.282713	0.731479	0.431366	0.342768
36	68	0.567201	0.092186	0.519564	0.405138	-1.541903	0.288204	38	8	0	10.655582	0.558852	0.464160	0.566950	0.555083	0.868586	0.344452	0.667656	0.511867
36	69	0.763530	0.414569	0.647828	0.931841	1.541569	0.934185	56	13	0	8.054566	0.409958	0.944275	0.971055	0.899134	0.993505	0.825529	0.524375	0.540411
36	70	0.460592	0.118465	0.378138	0.395672	-1.267823	-0.443063	40	8	0	6.785759	0.347498	0.319676	0.413566	0.507216	0.496793	0.436578	0.622996	0.540411
36	71	0.336955	0.162885	0.385137	-0.631699	-0.408431	-0.697767	61	12	0	7.842053	0.406270	0.258018	0.358323	0.417014	0.286321	0.194756	0.564705	0.210231
36	72	0.340523	0.237672	0.336319	-0.352472	0.081007	-1.360175	38	6	0	10.522038	0.214721	0.603031	0.207826	0.233964	0.589881	0.194756	0.404266	0.275738
36	73	0.286001	0.110788	0.336319	-0.557783	-1.021938	-1.325257	36	7	0	9.889358	0.253849	0.151860	0.250561	0.231318	0.417736	0.194756	0.143201	0.644724
36	74	0.240238	0.140174	0.397336	-0.380580	-0.512951	-0.083586	37	7	0	6.504523	0.074407	0.178159	0.161963	0.183130	0.509060	0.379410	0.160038	0.275738
36	75	0.495179	0.100746	0.564705	0.270486	-1.482443	0.628284	36	7	0	9.654506	0.458307	0.598220	0.590763	0.533836	0.462155	0.379410	0.524375	0.414368
36	76	0.336223	0.097679	0.385137	-0.476771	-1.225419	-0.659793	46	10	0	8.540775	0.247996	0.176956	0.338198	0.324647	0.505131	0.375481	0.302277	0.419099
36	77	0.634642	0.113454	0.567133	0.472768	-1.157265	0.518430	52	11	0	8.980229	0.690507	0.435295	0.846135	0.608082	0.667976	0.614096	0.710792	0.504250
36	78	0.471216	0.124339	0.401448	-0.158012	-1.061338	-0.534295	53	12	0	8.977210	0.241180	0.678480	0.345574	0.467928	0.442191	0.667094	0.434333	0.492944
36	79	0.395396	0.339320	0.414277	-0.228514	0.814632	-0.238055	48	11	0	7.865732	0.173669	0.272210	0.710552	0.123396	0.510343	0.683531	0.461594	0.227870
36	80	0.484365	0.231879	0.528636	-0.179694	-0.017133	0.202794	54	11	0	10.158945	0.392078	0.550353	0.605597	0.630131	0.533916	0.343169	0.118987	0.700690
36	81	0.441268	0.299491	0.397336	-0.452465	0.672141	-0.663887	78	15	0	7.590374	0.306767	0.277181	0.554121	0.390715	0.644804	0.583547	0.118987	0.654025
36	82	0.261095	0.174050	0.336319	-0.442508	-0.216291	-0.950480	43	10	0	6.306242	0.259461	0.148733	0.549792	0.078817	0.297386	0.266357	0.118987	0.369227
36	83	0.459529	0.432689	0.336319	0.193252	1.198575	-1.182654	42	8	0	8.042816	0.088438	0.333788	0.871793	0.651780	0.279025	0.731479	0.118987	0.600946
37	1	0.465563	0.480416	0.492658	1.309676	0.926733	0.804409	12	2	0	11.801362	0.397370	0.705420	0.472659	0.760985	0.818634	0.239256	0.092367	0.237813
37	2	0.145346	0.206342	0.409134	-0.395239	0.459809	0.084871	14	2	0	13.023754	0.372354	0.168618	0.011786	0.249439	0.036241	0.057729	0.028784	0.237813
37	3	0.373056	0.400216	0.557890	1.045944	0.676190	1.323644	14	2	0	8.525165	0.294500	0.552277	0.710552	0.242784	0.045061	0.053079	0.848380	0.237813
37	4	0.211083	0.139733	0.394621	0.376388	-0.747261	0.332351	14	3	0	6.826359	0.150978	0.162604	0.305404	0.373637	0.120029	0.275497	0.062700	0.237813
37	5	0.530538	0.260544	0.559333	0.618117	0.057476	0.879643	41	7	0	7.206438	0.497114	0.790491	0.305404	0.820478	0.478031	0.478833	0.663727	0.210231
37	6	0.531430	0.186057	0.518670	0.438804	-0.581277	0.395501	36	6	0	9.809121	0.907393	0.533595	0.478592	0.535119	0.880613	0.317752	0.539047	0.059333
37	7	0.275277	0.229374	0.400245	-0.239791	0.039325	-0.255391	22	5	0	9.908914	0.486931	0.172466	0.104073	0.132777	0.602229	0.317752	0.261626	0.124359
37	8	0.472148	0.126944	0.385137	-0.006108	-1.096016	-0.750963	45	9	0	9.649495	0.380773	0.524134	0.492623	0.579298	0.566950	0.317752	0.498717	0.416934
37	9	0.367072	0.224784	0.474262	0.029833	-0.235033	0.181161	22	5	0	11.761040	0.558130	0.773092	0.228993	0.340523	0.222819	0.051555	0.344532	0.416934
37	10	0.603983	0.245570	0.401448	0.543014	-0.040700	-0.539854	34	7	0	12.336136	0.490378	0.794339	0.752004	0.525898	0.335311	0.535760	0.547947	0.850225
37	11	0.591685	0.167595	0.497457	-0.156653	-0.617023	-0.340988	59	13	1	10.075371	0.112412	0.699246	0.569676	0.720734	0.706302	0.685055	0.779827	0.460231
37	12	0.484495	0.349242	0.500871	1.068878	0.334871	0.715590	15	3	0	10.535114	0.112412	0.854073	0.133098	0.834429	0.616260	0.443473	0.497835	0.384381
37	13	0.192271	0.142840	0.336319	-0.261813	-0.384269	-0.735668	20	4	0	7.418892	0.112412	0.142158	0.133098	0.109525	0.318634	0.407954	0.081222	0.233162
37	14	0.145656	0.071600	0.459750	-0.742451	-0.817850	0.434983	22	4	0	8.166284	0.112412	0.196681	0.172065	0.267720	0.089240	0.140956	0.046183	0.139994
37	15	0.154286	0.057248	0.336319	-0.780190	-1.084230	-0.850249	26	6	0	7.022778	0.112412	0.073284	0.034397	0.069115	0.544259	0.175914	0.110888	0.114015
37	16	0.097328	0.051475	0.336319	-1.679136	-0.334829	-1.226418	41	7	0	8.542174	0.112412	0.074166	0.011786	0.072322	0.031992	0.248316	0.113614	0.114015
37	17	0.086875	0.067150	0.397336	-0.743102	-0.186558	0.155908	16	2	0	8.468839	0.112412	0.148733	0.011786	0.062540	0.125962	0.005933	0.113614	0.114015
37	18	0.172767	0.071480	0.378138	-0.566526	-1.120239	-0.430477	19	4	0	9.233782	0.112412	0.171584	0.271087	0.129169	0.074246	0.321841	0.146328	0.155468
37	19	0.266266	0.053339	0.416659	-0.644011	-1.797371	-0.300133	34	7	0	10.380833	0.112412	0.266116	0.256414	0.256013	0.233323	0.337476	0.445879	0.222498
37	20	0.175884	0.119949	0.498580	-0.679101	-0.371783	0.722827	29	6	0	6.918764	0.112412	0.262588	0.446681	0.118185	0.116982	0.086835	0.213759	0.049631
37	21	0.205330	0.092688	0.532622	-0.654992	-0.872173	0.766893	33	7	0	7.441601	0.112412	0.192912	0.446681	0.194676	0.108162	0.124599	0.190266	0.272931
37	22	0.409868	0.155508	0.574727	-0.029030	-0.740276	0.785669	46	8	0	7.886821	0.112412	0.457986	0.446681	0.525898	0.441309	0.366020	0.748877	0.179763
37	23	0.225255	0.059092	0.378138	-0.661618	-1.508591	-0.605748	35	7	0	8.180067	0.112412	0.207425	0.216886	0.488374	0.138390	0.231158	0.227630	0.179763
37	24	0.373657	0.231358	0.522530	0.212281	-0.229674	0.571053	21	4	0	11.103103	0.112412	0.444836	0.549792	0.628287	0.102870	0.282152	0.428400	0.440507
37	25	0.202524	0.185175	0.378138	-0.189529	-0.096222	-0.269731	17	4	0	8.304936	0.054682	0.180564	0.224343	0.360087	0.192832	0.471777	0.057649	0.078255
37	26	0.160991	0.071059	0.336319	-0.505265	-1.022286	-0.783816	20	4	0	7.713186	0.145686	0.134541	0.065266	0.358082	0.146648	0.012187	0.163807	0.261706
37	27	0.279817	0.299912	0.385137	-0.198911	0.642763	-0.359638	28	5	0	8.154102	0.121392	0.520767	0.607120	0.142399	0.409157	0.169259	0.205099	0.063342
37	28	0.522200	0.194877	0.697333	0.844938	-0.562136	1.735883	33	6	0	6.498430	0.626684	0.567832	0.607120	0.724984	0.330260	0.164769	0.674391	0.481559
37	29	0.206683	0.120891	0.378138	-0.184580	-0.669232	-0.084999	25	5	0	5.285231	0.079618	0.151860	0.128768	0.245029	0.360969	0.153143	0.201251	0.332826
37	30	0.232330	0.121272	0.336319	-0.830558	-0.594343	-1.181887	47	11	0	7.444944	0.326090	0.072242	0.295141	0.202213	0.228592	0.157553	0.189625	0.387187
37	31	0.223190	0.097198	0.385137	-0.453179	-0.961942	-0.245341	32	7	0	6.901543	0.188422	0.235568	0.107601	0.382537	0.222178	0.167174	0.149214	0.332826
37	32	0.168417	0.112532	0.385137	-0.728981	-0.475480	-0.377010	23	4	0	9.155473	0.059333	0.062620	0.107601	0.175754	0.217607	0.188502	0.205981	0.329939
37	33	0.161602	0.064725	0.336319	-0.806440	-0.993511	-0.951770	29	5	0	7.641042	0.186658	0.034157	0.098300	0.150257	0.224423	0.142399	0.150497	0.306126
37	34	0.180214	0.078095	0.462877	-0.660243	-0.998338	0.320456	23	4	0	9.209076	0.085071	0.042255	0.612572	0.123396	0.087957	0.127646	0.087075	0.275738
37	35	0.357411	0.238514	0.836663	-0.031155	0.095336	2.299512	47	10	0	5.313485	0.360888	0.517559	0.612572	0.192511	0.335311	0.275497	0.079779	0.485167
37	36	0.213298	0.074226	0.336319	-0.623807	-1.191575	-1.025269	38	6	0	7.483444	0.209589	0.058451	0.122755	0.163246	0.186097	0.505292	0.180324	0.280629
37	37	0.318133	0.183892	0.401860	0.089069	-0.449797	0.071137	26	5	0	7.468020	0.235407	0.086995	0.393361	0.240779	0.350946	0.706302	0.134782	0.396488
37	38	0.173910	0.160740	0.397336	-0.695420	0.033544	-0.219774	25	4	0	8.692340	0.100385	0.160199	0.297867	0.037364	0.179041	0.356479	0.032072	0.227870
37	39	0.157312	0.128648	0.397336	-0.794441	-0.116366	-0.072044	28	6	0	7.003595	0.048749	0.051796	0.297867	0.092367	0.195638	0.256575	0.133419	0.182088
37	40	0.244187	0.124539	0.378138	-0.030006	-0.886986	-0.251353	22	4	0	7.430471	0.149856	0.246472	0.297867	0.052999	0.221376	0.198926	0.434814	0.351187
37	41	0.215513	0.104153	0.378138	-0.039180	-1.047664	-0.160753	19	4	0	7.268413	0.193634	0.227550	0.080661	0.202213	0.629891	0.111129	0.194836	0.084189
37	42	0.174170	0.159197	0.336319	-0.609840	-0.093231	-1.046595	18	4	0	10.707459	0.114256	0.147691	0.080661	0.247434	0.049631	0.496552	0.226988	0.030148
37	43	0.100645	0.156150	0.336319	-0.598645	0.554993	-0.619220	14	3	0	8.218549	0.003047	0.074808	0.212716	0.015314	0.172547	0.263951	0.032633	0.030148
37	44	0.194015	0.150257	0.401448	-0.108162	-0.425998	0.160594	16	3	0	8.779165	0.017319	0.245350	0.212716	0.106158	0.139112	0.572963	0.025337	0.233162
37	45	0.295271	0.088959	0.421367	-0.251595	-1.437480	-0.153121	23	5	0	10.953756	0.337877	0.451090	0.425593	0.284557	0.285439	0.235728	0.282553	0.059333
37	46	0.211434	0.157653	0.477676	-0.301114	-0.420021	0.398780	18	3	0	12.123608	0.164769	0.290411	0.425593	0.190106	0.313021	0.203175	0.045061	0.059333
37	47	0.499218	0.433431	0.581669	-0.144585	1.053824	0.135387	30	7	1	15.108717	0.863534	0.785038	0.622595	0.733162	0.338037	0.236690	0.355356	0.059333
37	48	0.418427	0.380372	0.443680	0.351874	0.794864	0.089382	23	4	0	10.460646	0.618746	0.528464	0.563983	0.338037	0.197883	0.795702	0.195558	0.109044
37	49	0.390976	0.433752	0.485671	0.638291	0.913511	0.549184	15	3	0	12.023754	0.671183	0.555725	0.792415	0.496071	0.104153	0.164769	0.234445	0.109044
37	50	0.325449	0.120831	0.378138	-0.007449	-1.106684	-0.491605	28	5	0	8.154102	0.191709	0.292816	0.408836	0.194676	0.306687	0.369869	0.382537	0.456462
37	51	0.256294	0.354855	0.450953	-0.182668	1.101096	0.488500	29	7	0	6.331084	0.447001	0.114897	0.482200	0.557088	0.191389	0.059092	0.043217	0.155468
37	52	0.200299	0.200349	0.426956	-0.160440	0.134332	0.458619	22	4	0	6.595720	0.632537	0.461434	0.135183	0.048348	0.086273	0.025096	0.038887	0.174631
37	53	0.241311	0.110026	0.397336	-0.678390	-0.837870	-0.410730	40	7	0	8.423750	0.322803	0.055083	0.128768	0.166533	0.248557	0.609686	0.224423	0.174631
37	54	0.250180	0.205781	0.485075	0.050421	-0.164365	0.703726	18	4	0	8.109818	0.115298	0.737973	0.054522	0.371472	0.160359	0.304121	0.114817	0.142880
37	55	0.305905	0.230937	0.336319	-0.177167	-0.003953	-1.159865	25	5	0	9.688477	0.698685	0.269083	0.396568	0.363855	0.135744	0.098942	0.341485	0.142880
37	56	0.276068	0.067932	0.439155	-0.120133	-1.704226	0.200797	23	5	0	8.259455	0.685616	0.205420	0.060856	0.267720	0.291212	0.207184	0.221376	0.269163
37	57	0.229715	0.072783	0.397336	-0.455385	-1.345593	-0.190171	31	6	0	7.571055	0.199647	0.209429	0.221937	0.170702	0.398493	0.104474	0.263871	0.269163
37	58	0.159026	0.061979	0.442798	-0.227332	-1.272745	0.552562	15	3	0	8.242395	0.137107	0.139994	0.314224	0.016597	0.150337	0.191309	0.203977	0.118666
37	59	0.200770	0.169560	0.578427	-0.696355	0.003305	0.960368	33	6	0	7.835802	0.010744	0.308130	0.314224	0.312460	0.146648	0.191309	0.203977	0.118666
37	60	0.268872	0.203917	0.469978	-0.289483	-0.134486	0.277699	23	5	0	9.679726	0.185856	0.113454	0.314224	0.354394	0.120911	0.817431	0.126042	0.118666
37	61	0.364797	0.130773	0.443680	0.409661	-1.145081	0.405111	24	4	0	7.480522	0.084108	0.428961	0.966725	0.314785	0.327534	0.372755	0.049310	0.374198
37	62	0.493926	0.259602	0.621128	0.396750	-0.019145	0.940101	28	6	0	10.071388	0.231479	0.640314	0.536161	0.450529	0.799872	0.293698	0.614978	0.384381
37	63	0.352620	0.316509	0.416659	0.257590	0.519945	0.114486	25	4	0	8.061808	0.028784	0.595013	0.533595	0.514272	0.242062	0.084189	0.341485	0.481559
37	64	0.217838	0.174290	0.401860	-0.757428	-0.100570	-0.316775	28	6	0	10.537454	0.457344	0.073284	0.290651	0.253849	0.192832	0.293698	0.049310	0.131735
37	65	0.441719	0.379069	0.771752	0.398250	0.776936	1.733543	24	4	0	10.649622	0.676796	0.643441	0.290651	0.621392	0.627726	0.138390	0.403624	0.131735
37	66	0.179973	0.036221	0.336319	-1.106738	-1.614111	-1.321352	37	6	0	10.030727	0.089160	0.108082	0.582906	0.175754	0.108964	0.134461	0.108724	0.131735
37	67	0.352149	0.288446	0.378138	-0.624193	0.336635	-1.261638	29	7	1	13.412558	0.494387	0.350305	0.706462	0.345574	0.129891	0.461273	0.197563	0.131735
37	68	0.332064	0.310355	0.401448	-0.074345	0.545673	-0.244317	24	5	0	9.908277	0.378448	0.521408	0.624759	0.465202	0.309654	0.181286	0.044019	0.131735
37	69	0.090052	0.069897	0.456336	-1.440819	-0.017760	0.180658	23	4	0	10.264465	0.076411	0.022530	0.140715	0.055083	0.208066	0.108884	0.087075	0.021648
37	70	0.242984	0.184954	0.449338	-0.424574	-0.229609	0.017807	21	4	0	12.912558	0.432729	0.277181	0.140715	0.135504	0.258419	0.367784	0.309894	0.021648
37	71	0.115659	0.047005	0.336319	-1.124180	-0.855141	-0.971605	26	5	0	7.966168	0.080420	0.049070	0.088759	0.078817	0.241581	0.106879	0.114176	0.165571
37	72	0.092176	0.059253	0.336319	-1.142700	-0.275568	-0.827968	23	4	0	7.596125	0.092367	0.042976	0.099503	0.031430	0.225225	0.053079	0.052838	0.139994
37	73	0.131595	0.108182	0.336319	-1.082606	-0.089789	-1.022952	28	5	0	8.174431	0.089160	0.033355	0.099503	0.187700	0.127325	0.189945	0.052838	0.272931
37	74	0.154336	0.089821	0.462464	-0.575415	-0.652874	0.576192	22	4	0	7.430471	0.250401	0.126604	0.099503	0.089320	0.105917	0.367784	0.029586	0.165571
37	75	0.332375	0.274956	0.378138	-0.150755	0.327050	-0.665663	30	5	0	9.514227	0.206863	0.157633	0.463438	0.312460	0.512187	0.304121	0.520205	0.182088
37	76	0.168517	0.166814	0.385137	-1.007371	0.211063	-0.568247	29	5	0	10.013466	0.289929	0.078496	0.022450	0.147611	0.424150	0.086835	0.070799	0.227870
37	77	0.372234	0.200088	0.464228	0.225146	-0.463869	0.297433	23	4	0	9.583759	0.395847	0.465763	0.742142	0.533836	0.347979	0.086835	0.361129	0.044339
37	78	0.280759	0.179662	0.414277	-0.042966	-0.437824	0.032017	22	4	0	8.912692	0.394403	0.361369	0.224343	0.231318	0.656110	0.086835	0.063823	0.227870
37	79	0.229574	0.189725	0.459750	-0.217026	-0.098091	0.510560	24	5	0	7.175029	0.222017	0.538807	0.102550	0.260183	0.345895	0.086835	0.011145	0.269163
37	80	0.141707	0.083106	0.336319	-0.798762	-0.593082	-0.922328	22	4	0	8.367439	0.173669	0.080500	0.120991	0.170702	0.272130	0.086835	0.088839	0.139994
37	81	0.118636	0.152061	0.460116	-0.717690	0.433350	0.683674	22	4	0	6.667213	0.047867	0.015956	0.030789	0.009541	0.250160	0.065106	0.374198	0.155468
37	82	0.148823	0.132577	0.336319	-0.510617	-0.197127	-0.855724	17	3	0	9.364044	0.152341	0.290411	0.110247	0.057569	0.212476	0.065106	0.086113	0.216325
37	83	0.321540	0.289027	0.399100	-0.200460	0.404007	-0.429874	23	5	0	12.023754	0.466405	0.360247	0.149294	0.115298	0.590362	0.240619	0.464881	0.185215
37	84	0.336835	0.128347	0.385137	0.339791	-1.168402	-0.127187	20	5	0	7.464422	0.308451	0.471536	0.365298	0.069115	0.586193	0.384140	0.324727	0.185215
37	85	0.133299	0.070538	0.336319	-0.976535	-0.592329	-0.860847	30	6	0	6.836256	0.032072	0.145045	0.083467	0.084910	0.290250	0.101427	0.144003	0.185215
37	86	0.188913	0.082204	0.336319	-0.517976	-0.974342	-0.841894	26	5	0	7.160562	0.019403	0.194275	0.083467	0.183130	0.385824	0.302357	0.157633	0.185215
37	87	0.247885	0.164769	0.426956	0.082897	-0.488896	0.411937	21	4	0	7.014299	0.173669	0.120831	0.083467	0.139833	0.593810	0.256575	0.429682	0.185215
37	88	0.323114	0.406110	0.466989	0.172485	1.035414	0.397350	19	4	0	9.701085	0.503688	0.648092	0.696119	0.024294	0.286722	0.156350	0.203977	0.065667
37	89	0.397791	0.562259	0.516494	0.917852	1.549466	0.937067	13	3	0	9.733782	0.572563	0.715202	0.696119	0.695879	0.257216	0.156350	0.023332	0.065667
37	90	0.223481	0.249900	0.460116	0.017262	0.269349	0.529102	17	3	0	8.950011	0.204378	0.050192	0.041613	0.132777	0.578656	0.038246	0.676315	0.065667
37	91	0.293758	0.207344	0.490699	-0.215947	-0.113723	0.504392	31	6	0	7.963650	0.577694	0.401620	0.308050	0.379009	0.082745	0.126684	0.280067	0.194195
37	92	0.131174	0.151038	0.336319	-0.878274	0.210222	-1.063080	16	4	0	12.023754	0.130212	0.044419	0.308050	0.017880	0.189224	0.140956	0.024455	0.194195
37	93	0.339661	0.225044	0.540227	0.005054	-0.171670	0.625172	23	4	0	11.077820	0.452133	0.560295	0.348781	0.446280	0.167976	0.142399	0.358483	0.240940
37	94	0.387819	0.667636	0.648126	0.251788	2.022381	0.974628	18	3	1	11.508881	0.781030	0.742303	0.077614	0.454859	0.077694	0.754330	0.185455	0.029266
37	95	0.203095	0.085271	0.397336	-0.377944	-1.125124	-0.142443	21	4	0	8.657664	0.107681	0.213358	0.391036	0.175754	0.315026	0.078496	0.168778	0.174631
37	96	0.294820	0.216766	0.528177	0.363883	-0.184465	1.150644	22	4	0	6.276380	0.286883	0.490539	0.479554	0.199727	0.387107	0.078496	0.261626	0.174631
37	97	0.253839	0.176816	0.385137	-0.557089	-0.180559	-0.480154	38	7	0	8.071265	0.201572	0.438182	0.129891	0.373637	0.103672	0.167174	0.294901	0.321681
37	98	0.213087	0.078416	0.336319	-0.731039	-1.148038	-1.223146	33	5	0	9.584894	0.210311	0.146648	0.129891	0.240779	0.102550	0.178720	0.214240	0.481559
37	99	0.467708	0.185536	0.502016	0.652303	-0.656752	0.754233	28	6	0	6.909306	0.545141	0.687941	0.174150	0.454859	0.670382	0.501924	0.508178	0.199086
37	100	0.204227	0.067531	0.336319	-0.387523	-1.401676	-0.909063	20	5	0	8.251268	0.239657	0.173829	0.174150	0.247434	0.272851	0.219291	0.107521	0.199086
37	101	0.351447	0.212015	0.455638	0.407427	-0.436957	0.326516	18	3	0	10.596960	0.257777	0.152742	0.788246	0.251443	0.425593	0.501924	0.185455	0.248396
37	102	0.834259	0.138029	0.695844	0.243897	0.096100	0.611909	131	30	0	8.210633	0.823364	0.957745	0.762027	0.975545	0.875962	0.747434	0.730115	0.801876
37	103	0.662905	0.504310	0.502394	0.777839	1.363067	-0.118621	22	4	2	13.232289	0.724583	0.906911	0.936738	0.948445	0.656671	0.429682	0.349022	0.351187
37	104	0.224513	0.196199	0.336319	-0.386003	-0.042068	-1.079591	22	4	0	9.880796	0.160359	0.026780	0.325529	0.369227	0.068233	0.175914	0.357521	0.312540
37	105	0.306076	0.250000	0.336319	-0.367467	0.259949	-1.167930	39	8	0	8.079659	0.106960	0.066469	0.556446	0.400096	0.402261	0.175914	0.427919	0.312540
37	106	0.347819	0.209309	0.462785	0.118862	-0.311782	0.343508	24	5	0	8.469420	0.264994	0.364096	0.229955	0.609445	0.262989	0.725946	0.150497	0.174631
37	107	0.617032	0.707485	0.827236	1.412045	2.207644	2.186307	17	3	0	10.985262	0.962235	0.970734	0.822081	0.697883	0.955180	0.283836	0.146328	0.097979
37	108	0.234325	0.218509	0.458169	-0.256734	0.104762	0.331393	22	4	0	8.912692	0.385183	0.086193	0.822081	0.120510	0.056126	0.263951	0.081222	0.059333
37	109	0.177097	0.122575	0.459372	-0.181925	-0.609244	0.597608	16	3	0	8.479434	0.040411	0.181286	0.822081	0.017880	0.054442	0.143762	0.007537	0.149375
37	110	0.183922	0.130693	0.394243	-0.228741	-0.509396	-0.055591	18	3	0	8.367439	0.045301	0.108082	0.822081	0.019965	0.095815	0.150257	0.002004	0.227870
37	111	0.176836	0.139953	0.394243	-0.320309	-0.265146	0.058537	22	4	0	6.667213	0.020686	0.072242	0.822081	0.009541	0.064224	0.314144	0.006013	0.105757
37	112	0.481619	0.294039	0.388127	0.520088	0.255168	-0.365275	31	5	0	8.356618	0.538887	0.168618	0.723300	0.420863	0.552117	0.248316	0.882457	0.318393
37	113	0.513310	0.394263	0.518796	0.030877	1.111354	0.286278	59	11	0	8.375903	0.285600	0.786722	0.128768	0.347097	0.573605	0.705741	0.882457	0.396488
37	114	0.183120	0.064885	0.475247	-0.896051	-1.171062	0.195638	25	5	0	10.853829	0.158034	0.113454	0.183371	0.129169	0.488374	0.064224	0.201972	0.126363
37	115	0.172967	0.129951	0.520767	-0.990042	-0.188314	0.493295	33	5	0	9.419057	0.143361	0.081543	0.183371	0.278544	0.491501	0.064224	0.014833	0.126363
37	116	0.211494	0.114617	0.439155	-0.410706	-0.757582	0.226649	27	4	0	8.042435	0.420702	0.176956	0.183371	0.156430	0.488855	0.064224	0.052037	0.149375
37	117	0.091665	0.086253	0.394598	-0.957748	0.159806	0.048927	25	3	0	6.792469	0.149054	0.086193	0.010904	0.103352	0.145285	0.064224	0.032633	0.141677
37	118	0.078486	0.099282	0.394598	-1.274306	0.656232	-0.123399	25	3	0	7.888065	0.165491	0.062620	0.010904	0.033194	0.126203	0.064224	0.023573	0.141677
37	119	0.046424	0.013570	0.336319	-2.079437	0.375484	-1.024029	24	4	0	8.912692	0.027261	0.035119	0.042816	0.033194	0.048829	0.031911	0.010584	0.141677
37	120	0.085441	0.157994	0.401448	-1.256698	1.119624	0.024437	20	4	0	8.479434	0.015234	0.176956	0.042816	0.024294	0.189224	0.031911	0.010584	0.192511
37	121	0.069385	0.057830	0.336319	-1.505670	0.265374	-0.922328	22	4	0	8.367439	0.026379	0.043778	0.042816	0.012107	0.192351	0.031911	0.013230	0.192511
37	122	0.070027	0.054743	0.336319	-1.321273	0.194812	-0.691653	24	4	0	6.667213	0.024294	0.025898	0.042816	0.035359	0.193473	0.031911	0.013951	0.192511
37	123	0.441449	0.551114	0.554625	0.886004	1.631342	1.235925	22	4	0	6.605902	0.201572	0.847097	0.703255	0.998477	0.211674	0.118666	0.303159	0.147691
37	124	0.080129	0.083287	0.336319	-1.165600	0.374981	-0.638691	22	5	0	6.232911	0.073284	0.004811	0.043938	0.028784	0.137749	0.118666	0.086113	0.147691
37	125	0.419881	0.392118	0.607853	0.184640	0.946573	0.940654	32	5	0	9.277727	0.864256	0.608964	0.477710	0.403223	0.553801	0.118666	0.184734	0.147691
37	126	0.251844	0.182990	0.385137	-0.093151	-0.224566	-0.090147	28	5	0	6.482660	0.331062	0.459589	0.038406	0.320879	0.315908	0.118666	0.282553	0.147691
37	127	0.174481	0.127806	0.397336	-0.450475	-0.425745	-0.120100	20	3	0	9.217013	0.151459	0.064625	0.023813	0.048348	0.613133	0.207184	0.105196	0.182088
37	128	0.087646	0.080861	0.336319	-1.161830	0.188725	-0.779391	22	4	0	7.430471	0.030869	0.076812	0.045943	0.103352	0.045943	0.193233	0.022931	0.182088
37	129	0.050674	0.046183	0.414277	-1.892584	0.787473	0.032017	22	4	0	8.912692	0.023573	0.022530	0.013470	0.028784	0.141597	0.051555	0.012749	0.111129
37	130	0.406440	0.673168	0.554522	0.695751	2.080523	1.059376	17	4	0	8.479434	0.868105	0.900898	0.436658	0.721697	0.200208	0.007136	0.005693	0.111129
37	131	0.048890	0.052939	0.336319	-1.865253	0.978549	-0.922328	22	4	0	8.367439	0.028063	0.043778	0.048028	0.012107	0.135183	0.007136	0.005693	0.111129
37	132	0.062650	0.091946	0.336319	-1.398205	1.062262	-0.654223	22	4	0	6.667213	0.044500	0.025898	0.048028	0.009541	0.134782	0.121632	0.005693	0.111129
37	133	0.106679	0.076772	0.336319	-0.767570	-0.327743	-0.622009	21	4	0	6.605902	0.033435	0.073284	0.072563	0.028784	0.189224	0.122996	0.237171	0.095975
37	134	0.091826	0.090643	0.401448	-1.260627	0.212387	-0.055934	22	4	0	8.811307	0.039529	0.277181	0.049391	0.026139	0.190988	0.030067	0.025337	0.095975
37	135	0.147300	0.130051	0.450266	-0.961346	-0.081752	0.093370	21	4	0	11.758497	0.270847	0.348140	0.041613	0.084910	0.187620	0.082104	0.067191	0.095975
37	136	0.099272	0.163647	0.336319	-0.889059	0.727660	-0.873307	16	3	0	9.964861	0.020125	0.023573	0.198044	0.061257	0.186578	0.227470	0.050593	0.026539
37	137	0.145225	0.143081	0.336319	-1.023963	0.149249	-1.160210	25	4	0	10.298149	0.255853	0.071360	0.003127	0.139833	0.235247	0.084189	0.151860	0.220334
37	138	0.160489	0.084369	0.336319	-0.742385	-0.775248	-1.027705	21	4	0	9.539581	0.245590	0.059413	0.172065	0.225866	0.163326	0.167174	0.030148	0.220334
37	139	0.320869	0.335311	0.401448	0.463023	0.621704	0.297382	21	4	0	6.605902	0.041613	0.796424	0.250561	0.103352	0.440026	0.271007	0.529105	0.134862
37	140	0.314224	0.386546	0.378138	-0.572455	0.996516	-1.158957	24	5	1	13.532444	0.289529	0.419259	0.117463	0.743586	0.058130	0.698926	0.052037	0.134862
37	141	0.324958	0.223461	0.414277	-0.272880	-0.250718	-0.470274	22	4	1	11.461760	0.407954	0.209429	0.393361	0.231318	0.894724	0.065908	0.059654	0.337316
37	142	0.252445	0.172587	0.522817	-0.697927	-0.448179	0.107398	22	4	1	13.565623	0.470414	0.155869	0.611450	0.106158	0.107200	0.124599	0.233643	0.210231
37	143	0.410590	0.468109	0.706027	0.522884	1.280499	1.778808	25	5	0	7.126501	0.096216	0.960953	0.696440	0.589240	0.074968	0.277421	0.165170	0.424310
37	144	0.413717	0.556025	0.630624	0.151082	1.823542	1.032535	27	6	0	9.527237	0.786321	0.775096	0.696440	0.144804	0.092688	0.224904	0.165170	0.424310
37	145	0.442170	0.284698	0.649134	0.114069	0.205199	0.911189	26	5	0	13.552075	0.585151	0.795943	0.469852	0.609445	0.316790	0.333948	0.150497	0.275738
37	146	0.447232	0.566048	0.669740	0.272182	1.831534	1.172124	26	5	0	10.881053	0.794740	0.710872	0.555324	0.776219	0.347258	0.171023	0.131575	0.090843
37	147	0.508760	0.555564	0.558909	0.418488	1.779081	0.636160	31	6	0	9.929989	0.688983	0.905789	0.795622	0.760183	0.468970	0.243185	0.082986	0.124359
37	148	0.243245	0.244488	0.336319	-0.224385	0.287098	-0.974266	23	4	0	8.595955	0.242142	0.035119	0.333868	0.207425	0.090282	0.473060	0.439705	0.124359
37	149	0.458908	0.160339	0.399100	0.425465	-0.860421	-0.229069	33	5	0	8.264697	0.455901	0.277181	0.482200	0.389432	0.377165	0.663566	0.688502	0.337316
37	150	0.216976	0.152562	0.336319	-0.697986	-0.279869	-1.161543	34	6	0	8.622911	0.114657	0.122835	0.231639	0.294339	0.229394	0.266357	0.398332	0.078255
37	151	0.071149	0.041152	0.394598	-1.573045	-0.061141	-0.215904	25	5	0	7.780337	0.047867	0.031110	0.204939	0.069115	0.065026	0.026780	0.090362	0.033996
37	152	0.106088	0.127686	0.394598	-0.855165	0.349906	0.027377	22	4	0	6.845641	0.047867	0.303079	0.204939	0.028784	0.057729	0.026780	0.145526	0.033996
37	153	0.230216	0.297386	0.426956	-0.345105	0.768206	0.056258	23	4	0	9.230521	0.337877	0.550914	0.169179	0.502245	0.125641	0.026139	0.098300	0.031430
37	154	0.194786	0.272150	0.378138	-0.271710	0.690584	-0.303432	17	4	0	8.564074	0.234686	0.366822	0.169179	0.078817	0.350946	0.024375	0.000641	0.332826
37	155	0.062440	0.029707	0.336319	-0.625052	-0.369086	-0.286477	11	2	0	7.418892	0.020125	0.033355	0.028063	0.035359	0.017960	0.091084	0.000641	0.272931
37	156	0.120510	0.070458	0.336319	-0.752600	-0.670905	-0.816896	17	4	0	8.450682	0.142559	0.023573	0.028063	0.082344	0.589641	0.060215	0.000641	0.037043
37	157	0.195939	0.126123	0.336319	-0.460915	-0.483825	-0.812274	28	5	0	6.824950	0.245831	0.038647	0.210953	0.123396	0.503287	0.222258	0.000641	0.222498
37	158	0.505492	0.319456	0.550868	0.007008	0.663789	0.456818	58	11	0	8.388095	0.676155	0.632938	0.552999	0.684253	0.800513	0.327213	0.000641	0.369227
37	159	0.076431	0.075269	0.336319	-1.343610	0.336103	-0.877072	20	4	0	8.339327	0.067591	0.036402	0.154185	0.037364	0.072081	0.103191	0.000641	0.139994
37	160	0.159818	0.179823	0.421367	-0.548758	0.298976	0.287016	22	4	0	7.430471	0.071600	0.035119	0.366501	0.150257	0.269724	0.151539	0.000641	0.233162
37	161	0.125611	0.105857	0.401448	-0.409378	-0.314067	0.340470	16	3	0	7.505429	0.061979	0.183371	0.240619	0.137428	0.199647	0.088117	0.000641	0.093089
37	162	0.234656	0.236670	0.336319	-0.253400	0.211277	-1.023647	20	4	0	9.701826	0.028784	0.592207	0.240619	0.112572	0.621151	0.088117	0.100706	0.093089
37	163	0.294790	0.324547	0.465374	-0.146107	0.671347	0.226745	20	5	0	10.936569	0.812139	0.482360	0.240619	0.190106	0.057489	0.088117	0.394403	0.093089
37	164	0.417706	0.540571	0.450266	0.622061	1.651068	0.568603	25	6	0	6.056510	0.535199	0.739416	0.696841	0.686658	0.143040	0.282152	0.150497	0.107842
37	165	0.212506	0.288306	0.450266	-0.230823	0.666355	0.249124	17	3	0	11.801362	0.057809	0.546023	0.575609	0.269644	0.105436	0.028303	0.009381	0.107842
37	166	0.370029	0.453656	0.378138	0.585921	1.110999	-0.323853	18	3	0	9.085155	0.728913	0.150978	0.561017	0.433852	0.702293	0.127646	0.147691	0.107842
37	167	0.183982	0.133679	0.336319	0.179625	-0.531841	-0.329955	17	3	0	5.013348	0.179843	0.101668	0.238454	0.135504	0.407793	0.022210	0.270045	0.116341
37	168	0.173579	0.158976	0.378138	-0.791993	0.063916	-0.467734	27	6	0	7.858628	0.467126	0.288486	0.238454	0.115298	0.113614	0.022210	0.027101	0.116341
37	169	0.103843	0.139673	0.336319	-0.927273	0.570309	-0.712393	23	4	0	6.864815	0.174150	0.061017	0.238454	0.031430	0.167014	0.022210	0.020125	0.116341
37	170	0.225034	0.049290	0.336319	-0.086364	-1.841032	-0.659064	23	5	0	6.221584	0.166854	0.210953	0.238454	0.175754	0.181928	0.217607	0.087075	0.521648
37	171	0.163286	0.051415	0.378138	-0.951419	-1.210318	-0.576153	33	5	0	8.472623	0.120189	0.152742	0.296905	0.204137	0.165010	0.066950	0.129891	0.170462
37	172	0.142329	0.141357	0.385137	-0.500825	-0.005439	-0.100253	18	3	0	8.304936	0.307890	0.042976	0.296905	0.018682	0.066629	0.091084	0.144003	0.170462
37	173	0.144554	0.106739	0.336319	-0.961720	-0.325887	-1.134842	22	4	0	10.702628	0.055805	0.127806	0.023332	0.163246	0.244628	0.091084	0.280067	0.170462
37	174	0.248096	0.215743	0.604806	-0.019072	-0.083123	1.224385	17	4	0	9.115085	0.415090	0.176074	0.181527	0.371472	0.370590	0.092046	0.054201	0.323765
37	175	0.159507	0.060075	0.439155	-0.436087	-1.208857	0.377548	19	3	0	8.399263	0.246472	0.158435	0.154185	0.161081	0.133258	0.009221	0.089641	0.323765
37	176	0.083116	0.040631	0.336319	-0.888397	-0.548595	-0.708279	18	2	0	8.559907	0.058451	0.076812	0.207826	0.057569	0.089721	0.009221	0.115699	0.049631
37	177	0.387538	0.290130	0.455638	-0.343496	0.299138	-0.311040	35	6	1	9.990180	0.254811	0.465202	0.684333	0.757296	0.373717	0.154987	0.360327	0.049631
37	178	0.069315	0.035540	0.336319	-1.391535	-0.264653	-0.892815	17	4	0	9.115085	0.106078	0.023573	0.051315	0.031430	0.248557	0.003368	0.044019	0.046183
37	179	0.042205	0.036141	0.336319	-1.821897	1.219951	-0.745406	17	3	0	8.399263	0.046183	0.012909	0.051315	0.132777	0.038326	0.003368	0.006575	0.046183
37	180	0.315617	0.195097	0.385137	-0.111445	-0.307726	-0.394576	28	6	0	8.188915	0.233242	0.783595	0.303881	0.164929	0.512909	0.263951	0.113053	0.149375
37	181	0.116892	0.043999	0.378138	-0.569207	-1.118735	-0.115525	18	3	0	7.542668	0.198525	0.222338	0.087716	0.112572	0.106559	0.106879	0.009702	0.090843
37	182	0.366311	0.556246	0.401448	0.644324	1.775967	0.318144	22	4	0	6.326401	0.120189	0.250000	0.857360	0.646648	0.072643	0.718249	0.024455	0.240940
38	1	0.676215	0.133880	0.898298	1.482190	-1.180670	2.714250	20	5	0	8.284089	0.769484	0.901459	0.989336	0.736530	0.529025	0.715122	0.757056	0.011706
38	2	0.446410	0.329358	0.667690	0.352903	0.511803	1.305801	27	6	0	8.695935	0.637588	0.327534	0.377967	0.783275	0.639432	0.252165	0.541613	0.011706
38	3	0.744778	0.156711	0.629593	0.481325	-0.619671	0.225834	46	10	2	11.278108	0.935295	0.941228	0.811658	0.830260	0.755773	0.377806	0.774294	0.531911
38	4	0.434664	0.128608	0.479440	-0.164811	-0.982519	0.163359	55	11	0	7.923135	0.346376	0.306446	0.403945	0.340523	0.467447	0.491742	0.726347	0.394484
38	5	0.558712	0.324026	0.426956	0.660830	0.553818	0.061399	41	9	0	7.066871	0.757056	0.725786	0.414609	0.828255	0.558691	0.295382	0.495430	0.394484
38	6	0.632828	0.132557	0.756059	0.296867	-0.848345	1.332918	64	13	0	8.642738	0.396167	0.681366	0.900818	0.600866	0.647450	0.742142	0.640394	0.453416
38	7	0.525277	0.113975	0.466542	0.213149	-1.255255	0.049639	47	10	0	8.684968	0.825289	0.351267	0.440988	0.502245	0.559894	0.577453	0.491661	0.453416
38	8	0.599483	0.413406	0.460391	0.086272	1.331833	-0.178621	68	17	0	8.175535	0.311738	0.361369	0.647130	0.387187	0.808451	0.869067	0.789368	0.621552
38	9	0.390354	0.109786	0.401448	-0.053721	-1.286529	-0.300950	37	7	0	8.736726	0.161722	0.341405	0.647130	0.440747	0.423669	0.341966	0.453656	0.312540
38	10	0.461093	0.159618	0.480585	-0.225578	-0.641510	0.003044	59	11	0	9.008905	0.595895	0.496472	0.324487	0.547306	0.407793	0.307088	0.463358	0.546344
38	11	0.515044	0.303921	0.479359	0.361231	0.334904	0.094734	29	6	0	12.020426	0.413005	0.617062	0.373797	0.645526	0.802437	0.307088	0.707585	0.253849
38	12	0.497825	0.398553	0.707539	0.245260	1.002219	1.316969	41	8	0	8.955159	0.477630	0.716806	0.183852	0.835712	0.643441	0.266357	0.604955	0.253849
38	13	0.323735	0.142499	0.385137	-0.447804	-0.707464	-0.641502	44	8	0	8.845996	0.559654	0.211915	0.183852	0.245029	0.504330	0.293698	0.337556	0.253849
38	14	0.247935	0.092788	0.336319	-0.376767	-1.140605	-0.981606	28	7	0	7.571192	0.181527	0.242062	0.183852	0.147611	0.342688	0.184493	0.447402	0.253849
38	15	0.568734	0.397110	0.610934	0.291555	1.041213	0.690179	44	10	0	10.052368	0.826251	0.780548	0.399936	0.776459	0.672226	0.127646	0.645125	0.321681
38	16	0.574447	0.210892	0.748958	0.347376	-0.406209	1.268278	39	8	1	8.484327	0.791533	0.656992	0.514432	0.739897	0.547226	0.367784	0.671584	0.306126
38	17	0.713608	0.086033	0.574842	0.695013	-1.323306	0.528247	56	12	0	8.729321	0.659317	0.663406	0.788647	0.736530	0.663566	0.802999	0.720013	0.674391
38	18	0.537093	0.201451	0.401448	0.293038	-0.395505	-0.495270	42	7	0	10.575067	0.602550	0.887348	0.629731	0.725946	0.556126	0.140956	0.622354	0.131735
38	19	0.348811	0.155408	0.523676	-0.111070	-0.771389	0.502905	26	6	0	9.876185	0.419901	0.354795	0.629731	0.318954	0.246873	0.269484	0.419019	0.131735
38	20	0.625501	0.483042	0.602790	0.824494	1.456378	0.882501	38	6	0	8.911207	0.833467	0.926475	0.834990	0.900497	0.647290	0.402341	0.192672	0.266276
38	21	0.572853	0.228993	0.638356	0.465028	-0.167876	0.900660	38	8	0	9.980835	0.398252	0.594051	0.758740	0.969933	0.399134	0.541292	0.512829	0.408595
38	22	0.724733	0.182669	0.797134	-0.145130	0.112527	1.081660	119	25	0	8.989103	0.830741	0.978752	0.758740	0.701251	0.860728	0.577453	0.681607	0.408595
38	23	0.691519	0.274054	0.707448	0.196442	0.596146	0.825488	74	15	0	10.924846	0.716084	0.900497	0.758740	0.776459	0.951652	0.557970	0.459750	0.411001
38	24	0.905107	0.126884	0.698674	0.226766	0.607429	0.321773	174	35	0	9.203450	0.966084	0.988534	0.923428	0.991581	0.826411	0.831944	0.863775	0.849102
38	25	0.537664	0.503247	0.416659	0.235209	1.592383	-0.355242	43	10	0	9.502573	0.349583	0.950690	0.708307	0.976347	0.264031	0.537765	0.266196	0.248396
38	26	0.783605	0.250541	0.606753	-0.100270	0.968338	0.167319	154	32	0	7.662000	0.525417	0.900016	0.694596	0.599824	0.944115	0.698926	0.992062	0.913887
38	27	0.512267	0.302838	0.397336	-0.385014	0.726618	-0.781144	89	18	0	7.671878	0.286081	0.174631	0.470815	0.396087	0.886386	0.637267	0.773894	0.472979
38	28	0.501032	0.299290	0.436440	-0.197685	0.621522	-0.327122	78	13	0	7.861900	0.202213	0.343169	0.581062	0.483323	0.679362	0.327213	0.624840	0.767078
38	29	0.542325	0.165651	0.385137	0.180195	-0.619370	-0.747150	58	9	0	8.715186	0.440507	0.463278	0.336193	0.476507	0.808210	0.810856	0.452373	0.550674
38	30	0.398873	0.233423	0.463026	-0.257679	-0.007012	-0.027354	43	9	0	9.617744	0.379009	0.077854	0.572723	0.097819	0.525898	0.539929	0.548749	0.449006
38	31	0.587997	0.309333	0.537662	0.138197	0.319039	-0.135058	34	6	2	13.080933	0.620831	0.739657	0.782793	0.875000	0.389031	0.333948	0.458467	0.504250
38	32	0.588238	0.251042	0.551223	0.371447	0.108291	0.497639	52	11	0	8.404873	0.598541	0.800513	0.703255	0.631815	0.883018	0.400818	0.501764	0.186177
38	33	0.550062	0.625541	0.590202	0.311978	2.089326	0.574688	37	7	0	12.263718	0.529987	0.917495	0.703255	0.817672	0.216084	0.146248	0.883579	0.186177
38	34	0.817030	0.194315	0.872091	1.163240	0.123075	1.866170	47	9	0	11.555389	0.866661	0.968810	0.984205	0.994788	0.869708	0.413165	0.925513	0.513390
38	35	0.670913	0.251363	0.560433	0.387059	0.309743	0.413474	65	16	0	8.230722	0.613775	0.801235	0.956462	0.970574	0.715924	0.062540	0.733403	0.513390
38	36	0.483874	0.213017	0.520022	-0.153855	-0.371012	-0.017026	40	8	1	10.408662	0.760744	0.624359	0.599904	0.305805	0.582184	0.062540	0.422065	0.513390
38	37	0.258679	0.081462	0.336319	-0.247573	-1.438411	-1.089109	23	4	0	9.723363	0.251764	0.279747	0.266838	0.340523	0.486369	0.062540	0.145526	0.236129
38	38	0.231990	0.046985	0.336319	-0.473852	-1.882239	-1.185937	24	4	0	10.896814	0.230516	0.252806	0.266838	0.260183	0.379009	0.062540	0.167896	0.236129
38	39	0.459098	0.275237	0.495636	0.135078	0.179586	0.240198	34	7	0	10.138297	0.783275	0.562700	0.650096	0.601748	0.379009	0.372755	0.087075	0.236129
38	40	0.243886	0.175994	0.385137	-0.578575	-0.225124	-0.572428	27	6	0	9.943628	0.556206	0.072242	0.066870	0.041533	0.041533	0.998477	0.055564	0.118666
38	41	0.686558	0.261165	0.692087	0.683422	0.348347	1.147937	56	11	0	8.372358	0.725786	0.950208	0.722899	0.530789	0.784718	0.551395	0.875481	0.351187
38	42	0.440757	0.302979	0.688033	-0.031543	0.410364	1.075248	33	7	0	12.132293	0.231078	0.720414	0.722899	0.559253	0.380693	0.198926	0.394403	0.318393
38	43	0.526610	0.300192	0.654735	0.100642	0.498255	0.923101	55	10	0	8.889034	0.746232	0.112091	0.722899	0.112572	0.745430	0.533595	0.545622	0.694436
38	44	0.752957	0.166012	0.727309	0.426030	-0.191319	0.968175	73	17	0	9.989658	0.707425	0.953416	0.684493	0.439064	0.877566	0.730035	0.767239	0.864416
38	45	0.529065	0.277562	0.528292	0.281212	0.303591	0.473982	55	8	0	8.044947	0.725144	0.697482	0.498637	0.674070	0.327053	0.409958	0.520606	0.379570
38	46	0.559533	0.251523	0.553938	0.693895	-0.088098	0.671282	30	5	0	9.638823	0.744147	0.631976	0.516758	0.666934	0.780228	0.384140	0.451572	0.300513
38	47	0.150317	0.109245	0.336319	-1.100174	-0.247815	-1.175350	32	5	0	9.157642	0.075690	0.277181	0.120991	0.050914	0.084028	0.162524	0.130693	0.300513
38	48	0.312119	0.271268	0.414231	-0.554974	0.487839	-0.319354	47	9	0	8.687496	0.224743	0.114897	0.234606	0.082344	0.570478	0.269484	0.436899	0.563502
38	49	0.353572	0.400778	0.399100	-0.093804	1.101976	-0.306067	30	7	0	8.636610	0.322803	0.124679	0.079538	0.199727	0.567431	0.624679	0.630853	0.278865
38	50	0.381785	0.319175	0.450953	0.087120	0.525389	0.105835	26	5	0	9.724095	0.732040	0.489817	0.602309	0.097819	0.155949	0.484445	0.213037	0.278865
38	51	0.208487	0.126824	0.401860	-1.010230	-0.429759	-0.405456	41	7	0	9.987840	0.074407	0.159397	0.260343	0.069115	0.216084	0.363294	0.246392	0.278865
38	52	0.317331	0.144504	0.400245	-0.247369	-0.801573	-0.393008	27	5	0	10.851380	0.464400	0.332826	0.237171	0.354394	0.438342	0.354314	0.211995	0.145205
38	53	0.241100	0.259181	0.397336	-0.311211	0.453841	-0.178429	25	5	0	8.052594	0.146248	0.310375	0.327293	0.403223	0.490218	0.078496	0.085231	0.087716
38	54	0.228211	0.243906	0.336319	-0.762825	0.454636	-1.324362	27	7	0	10.976496	0.381895	0.100144	0.327293	0.072322	0.124038	0.505292	0.226988	0.087716
38	55	0.231479	0.117203	0.336319	-0.650040	-0.813364	-1.268761	25	6	0	10.833030	0.248396	0.215924	0.469131	0.123396	0.067110	0.164769	0.301395	0.261706
38	56	0.234245	0.181246	0.401448	-0.448204	-0.185212	-0.249861	24	4	0	10.664157	0.162524	0.203817	0.469131	0.064144	0.340042	0.312219	0.060375	0.261706
38	57	0.490619	0.452874	0.650898	0.562939	1.111344	1.121526	23	4	0	11.485518	0.824567	0.795141	0.469131	0.712316	0.463919	0.300353	0.219532	0.139994
38	58	0.362753	0.390575	0.466519	0.321840	0.839536	0.361260	18	4	0	10.506839	0.698044	0.700529	0.384541	0.466645	0.285439	0.111129	0.115699	0.139994
38	59	0.499409	0.222438	0.522760	-0.217861	-0.103699	0.055583	51	12	0	12.095577	0.491100	0.438823	0.384541	0.637428	0.678480	0.195959	0.488454	0.680484
38	60	0.399224	0.212135	0.452007	-0.598717	-0.058147	-0.293352	59	13	0	9.654200	0.398653	0.213358	0.384541	0.582264	0.660680	0.296584	0.201251	0.456462
38	61	0.319666	0.080721	0.393705	-0.543394	-1.394876	-0.561882	50	11	0	7.887918	0.272851	0.272210	0.384541	0.334990	0.512909	0.250000	0.288887	0.240940
38	62	0.374780	0.117002	0.393705	-0.254572	-1.094984	-0.519575	47	10	0	7.854517	0.409798	0.282473	0.384541	0.425353	0.538727	0.298268	0.367142	0.291934
38	63	0.541072	0.313222	0.542644	0.499447	0.447843	0.550041	35	6	0	9.642604	0.644323	0.596216	0.384541	0.765475	0.142078	0.893682	0.610327	0.291934
38	64	0.254169	0.118946	0.336319	-0.429189	-0.890128	-1.120348	26	6	0	8.877859	0.409076	0.232922	0.193473	0.207425	0.424711	0.169259	0.272130	0.124359
38	65	0.370269	0.262007	0.336319	-0.316630	0.319128	-1.203506	52	12	0	7.252695	0.353993	0.109365	0.252325	0.185776	0.262749	0.639192	0.450529	0.708226
38	66	0.204177	0.103813	0.336319	-0.741497	-0.688554	-1.017335	43	7	0	7.082924	0.090603	0.156831	0.123877	0.075369	0.139673	0.670943	0.079779	0.296344
38	67	0.196711	0.187680	0.436440	0.088622	-0.134845	0.612479	14	4	0	7.251451	0.380773	0.246472	0.084830	0.344051	0.070718	0.246392	0.122194	0.078255
38	68	0.199747	0.159337	0.397336	-0.073028	-0.401205	0.005695	15	3	0	9.304936	0.032553	0.017078	0.126443	0.016597	0.832104	0.372755	0.122194	0.078255
38	69	0.409026	0.281871	0.401448	-0.081174	0.336370	-0.333701	41	9	0	8.448697	0.499439	0.654266	0.657312	0.371472	0.173348	0.146248	0.486209	0.283916
38	70	0.389112	0.380813	0.385137	0.004420	0.971536	-0.481434	34	8	0	8.162571	0.586674	0.275176	0.003127	0.883178	0.661482	0.154987	0.247755	0.300513
38	71	0.299892	0.288125	0.429946	-0.403542	0.598162	-0.026759	40	9	0	7.787318	0.152903	0.231479	0.657312	0.170702	0.092688	0.178720	0.451090	0.464240
38	72	0.293036	0.287644	0.436944	-0.718031	0.670099	-0.279621	44	9	0	10.081040	0.168217	0.262588	0.135183	0.126283	0.290250	0.446440	0.451090	0.464240
38	73	0.090603	0.083908	0.336319	-1.298100	0.196646	-0.944406	25	4	0	8.163789	0.089160	0.063983	0.135183	0.035359	0.181928	0.000401	0.063342	0.155468
38	74	0.199958	0.086073	0.336319	-0.541617	-0.942256	-0.853496	33	6	0	6.672730	0.211434	0.160920	0.135183	0.052999	0.522130	0.122996	0.238534	0.155468
38	75	0.445307	0.255392	0.401448	-0.453344	0.289307	-0.584547	70	16	0	8.084122	0.359365	0.624038	0.135183	0.446280	0.609285	0.352229	0.367944	0.668137
38	76	0.344401	0.255833	0.336319	-0.398801	0.279017	-1.254485	45	11	0	8.007839	0.395847	0.219371	0.135183	0.075369	0.629089	0.687781	0.221376	0.391196
38	77	0.169019	0.063502	0.394621	-0.749501	-1.109237	-0.253779	24	5	0	8.253711	0.185055	0.051155	0.135183	0.443634	0.140234	0.121632	0.177277	0.097979
38	78	0.079258	0.061618	0.336319	-1.707628	0.189307	-1.122885	28	6	0	8.716203	0.042335	0.110487	0.135183	0.041533	0.101507	0.082104	0.022931	0.097979
38	79	0.095744	0.090723	0.336319	-1.296998	0.203395	-0.894822	29	6	0	7.123596	0.109846	0.054362	0.135183	0.043938	0.043858	0.134461	0.027983	0.216325
38	80	0.089220	0.065006	0.385137	-0.980610	-0.116153	0.035658	20	4	0	6.728169	0.283034	0.050192	0.135183	0.024294	0.041132	0.067672	0.021408	0.090843
38	81	0.056717	0.049391	0.336319	-1.663347	0.552931	-0.882323	21	4	0	8.241947	0.000561	0.032152	0.135183	0.075369	0.040811	0.055885	0.022931	0.090843
38	82	0.132577	0.151580	0.336319	-0.970717	0.369205	-0.981007	26	4	0	8.329880	0.047867	0.205420	0.135183	0.037364	0.145927	0.256575	0.038085	0.194195
38	83	0.173779	0.099182	0.336319	-0.685060	-0.667489	-1.027231	23	4	0	9.079975	0.046905	0.074166	0.135183	0.031430	0.085471	0.770847	0.052037	0.194195
38	84	0.288627	0.389011	0.554625	0.417277	1.022052	1.338778	20	4	0	6.151329	0.147530	0.668137	0.135183	0.643842	0.469532	0.014753	0.139192	0.090843
38	85	0.159748	0.134140	0.478203	-1.208009	0.032841	0.214744	37	7	0	9.022243	0.578977	0.059413	0.135183	0.061257	0.324006	0.014753	0.013550	0.090843
38	86	0.509060	0.297106	0.378138	0.178122	0.411296	-0.807180	45	10	0	8.729721	0.320157	0.613695	0.584028	0.682328	0.655388	0.329298	0.280067	0.607521
38	87	0.275297	0.227249	0.397336	0.139104	-0.009934	0.098061	22	5	0	6.644758	0.157473	0.040170	0.456543	0.185776	0.291613	0.728352	0.020767	0.321681
38	88	0.385483	0.142920	0.489187	0.532603	-1.106673	0.695374	20	4	0	8.092262	0.635343	0.432890	0.389753	0.463198	0.390074	0.160520	0.100225	0.511867
39	1	0.514773	0.204338	0.508568	0.719470	-0.462871	0.709646	34	6	0	7.089020	0.308691	0.579298	0.616100	0.409317	0.558050	0.813502	0.566950	0.266276
39	2	0.449046	0.281470	0.518877	-0.017104	0.369711	0.450248	54	10	0	7.627285	0.532072	0.221216	0.301716	0.228432	0.826572	0.500722	0.663246	0.318393
39	3	0.834068	0.241822	0.553228	0.081583	1.152657	-0.095415	162	35	0	7.393975	0.726668	0.721937	0.827293	0.769965	0.984205	0.993987	0.686818	0.961674
39	4	0.564555	0.318534	0.397336	-0.198030	0.824070	-0.815175	82	18	0	8.154439	0.258258	0.149615	0.587797	0.464080	0.906270	0.792255	0.710792	0.647370
39	5	0.752896	0.227269	0.569584	-0.188379	0.635704	-0.087775	135	27	0	9.168259	0.639513	0.643922	0.555324	0.694676	0.877245	0.867704	0.867142	0.877646
39	6	0.851788	0.177858	0.745109	-0.078125	0.765652	0.613700	181	40	0	8.196830	0.902421	0.711995	0.743265	0.751443	0.972498	0.938021	0.870991	0.923669
39	7	0.686929	0.264112	0.580077	-0.648450	0.904912	-0.088502	166	36	0	8.091085	0.730356	0.634140	0.557809	0.762267	0.968169	0.875641	0.077293	0.889753
39	8	0.669039	0.234144	0.612836	-0.741574	0.624318	0.030324	161	37	0	8.371283	0.814705	0.583066	0.638470	0.636786	0.864897	0.855035	0.077293	0.882056
39	9	0.782603	0.008519	0.730860	0.051363	-2.359438	0.790419	132	26	0	8.373931	0.870350	0.864577	0.870590	0.867383	0.981158	0.872755	0.077293	0.856719
39	10	0.723120	0.350525	0.711800	-0.011769	1.393199	0.851550	122	25	0	7.628562	0.580019	0.846937	0.601668	0.807970	0.962716	0.966886	0.077293	0.941469
39	11	0.178470	0.141898	0.387485	-0.979329	-0.034571	-0.356687	39	9	0	7.292548	0.131655	0.055083	0.050593	0.166533	0.449487	0.178720	0.077293	0.318393
39	12	0.208858	0.265996	0.429304	-0.429513	0.706729	0.233165	27	5	0	7.375282	0.078095	0.243185	0.043938	0.072322	0.413005	0.424631	0.077293	0.318393
39	13	0.214581	0.069075	0.448502	-0.729127	-1.265076	0.179405	37	9	0	7.487929	0.137107	0.244067	0.185375	0.178801	0.235247	0.181286	0.077293	0.477470
39	14	0.248888	0.294881	0.387485	-0.243476	0.714955	-0.176404	26	6	0	7.220153	0.346376	0.075609	0.096937	0.039288	0.152261	0.447883	0.077293	0.755452
39	15	0.523052	0.388230	0.487607	-0.549839	1.347767	-0.161176	107	21	0	7.660684	0.502405	0.324166	0.372915	0.638550	0.766838	0.746793	0.077293	0.755452
39	16	0.493014	0.340663	0.452614	-0.508651	0.952254	-0.371485	81	19	0	8.465053	0.399054	0.273172	0.471616	0.499759	0.798028	0.703897	0.077293	0.721296
39	17	0.565306	0.383038	0.584635	-0.013892	1.156021	0.476759	73	13	0	8.600145	0.618746	0.502085	0.361289	0.309573	0.815507	0.865860	0.336915	0.712476
39	18	0.660259	0.309814	0.774191	0.297985	0.828958	1.433066	83	15	0	7.546485	0.433210	0.479634	0.420382	0.775818	0.783916	0.909397	0.767239	0.712476
39	19	0.457996	0.314404	0.515154	-0.066881	0.584283	0.290970	47	10	0	9.036997	0.546504	0.552277	0.201732	0.483323	0.960471	0.146248	0.244147	0.529266
39	20	0.651760	0.222799	0.414277	-0.195375	0.266456	-0.783572	103	22	0	8.506931	0.247434	0.462155	0.895366	0.746552	0.859285	0.769644	0.604955	0.628688
39	21	0.761075	0.105857	0.486495	-0.398733	-0.493526	-0.672985	152	32	0	9.619411	0.594211	0.755212	0.798509	0.564705	0.908996	0.802437	0.788566	0.875962
39	22	0.713989	0.162263	0.511282	0.098223	-0.199020	-0.077405	100	22	0	8.070098	0.596777	0.830180	0.421504	0.812219	0.930965	0.673669	0.720734	0.725866
39	23	0.925483	0.064605	0.774844	0.230421	-0.077476	0.462874	169	36	1	8.392679	0.762588	0.908675	0.898012	0.951652	0.992383	0.991902	0.935135	0.963518
39	24	0.581573	0.170763	0.768327	0.140294	-0.446285	1.487889	75	14	0	7.446464	0.458307	0.446520	0.516758	0.668698	0.813262	0.517078	0.546424	0.685536
39	25	0.232431	0.213999	0.336319	-0.923728	0.344637	-1.299980	49	10	0	8.232210	0.136466	0.058451	0.096937	0.257858	0.580581	0.198926	0.078496	0.451732
39	26	0.274735	0.138370	0.336319	-1.029832	-0.405100	-1.413192	74	14	0	7.533466	0.235407	0.221857	0.408836	0.202213	0.222819	0.337476	0.117543	0.451732
39	27	0.333427	0.226066	0.440919	-0.582491	0.132434	-0.154523	54	11	0	8.212146	0.165491	0.234846	0.348781	0.132777	0.562781	0.293698	0.422627	0.506414
39	28	0.462426	0.081823	0.488695	0.176090	-1.727946	0.235845	34	7	0	9.735356	0.313903	0.474904	0.303881	0.466645	0.521889	0.642800	0.468970	0.506414
39	29	0.799361	0.076511	0.604176	0.154704	-1.024021	0.012708	103	21	1	8.530088	0.832505	0.784076	0.533595	0.747194	0.950850	0.821440	0.885103	0.840122
39	30	0.319235	0.217948	0.439155	0.297314	-0.271454	0.334374	19	4	0	8.242395	0.088438	0.598060	0.625962	0.348380	0.210872	0.198926	0.308611	0.174631
39	31	0.632497	0.422126	0.604760	0.972875	1.144482	1.056133	36	7	0	7.651574	0.669580	0.853432	0.911241	0.931446	0.774455	0.226267	0.518922	0.174631
39	32	0.582284	0.378468	0.397336	0.004318	1.160862	-0.706382	76	17	0	7.745396	0.398653	0.362412	0.531190	0.352710	0.770045	0.767399	0.601106	0.874759
39	33	0.686849	0.160319	0.505063	0.978024	-0.639265	0.434811	43	9	0	7.938113	0.811979	0.652742	0.704458	0.801636	0.617383	0.700449	0.378849	0.827293
39	34	0.221596	0.253688	0.336319	-0.740180	0.654212	-1.098773	42	9	0	7.390750	0.138149	0.119387	0.060856	0.066469	0.385824	0.461273	0.189625	0.351187
39	35	0.520326	0.370450	0.336319	0.098561	1.015619	-1.282590	69	12	0	7.102145	0.488053	0.165651	0.273813	0.329939	0.832585	0.752566	0.655709	0.664288
39	36	0.655358	0.127345	0.385137	0.300690	-0.818178	-0.801793	75	17	0	7.543911	0.656110	0.685696	0.585712	0.622514	0.771729	0.553560	0.562300	0.805244
39	37	0.297907	0.268181	0.397336	-0.699689	0.568751	-0.491355	54	13	0	7.566756	0.168217	0.063422	0.201732	0.187700	0.692992	0.400818	0.146729	0.521648
39	38	0.798729	0.199727	0.446154	-0.237677	0.717360	-0.808797	189	39	0	7.383634	0.610648	0.706462	0.802357	0.671183	0.923108	0.888791	0.811578	0.975706
39	39	0.279125	0.159778	0.336319	-0.482678	-0.360863	-1.004878	51	11	0	6.062240	0.311418	0.138871	0.193473	0.092367	0.319195	0.400818	0.239176	0.537684
39	40	0.232501	0.223761	0.336319	-0.685395	0.340173	-1.148262	39	8	0	7.954398	0.079618	0.074808	0.152502	0.139833	0.412043	0.325529	0.137989	0.537684
39	41	0.485828	0.311558	0.336319	-0.656881	0.868914	-1.677078	100	21	0	7.786822	0.465443	0.135664	0.438422	0.328496	0.674631	0.620590	0.304682	0.918698
39	42	0.863765	0.107942	0.494605	0.378443	-0.077515	-0.416429	136	28	0	8.530221	0.643682	0.937219	0.771969	0.915731	0.907232	0.934654	0.845815	0.953817
39	43	0.444606	0.202353	0.336319	-0.303870	-0.164190	-1.353781	69	15	0	7.252531	0.524134	0.261546	0.340282	0.396087	0.448765	0.572963	0.315106	0.697963
39	44	0.399495	0.240138	0.378138	-0.371077	0.164123	-0.776423	62	13	0	7.358497	0.091485	0.243185	0.382537	0.221135	0.434894	0.606559	0.302277	0.913887
39	45	0.610457	0.162183	0.578702	-0.434621	-0.467408	-0.013327	95	19	1	8.289254	0.476828	0.449727	0.525657	0.592287	0.760183	0.647450	0.802838	0.628688
39	46	0.736780	0.248416	0.739634	0.493551	0.541378	1.261211	92	17	0	7.207487	0.423268	0.548268	0.897130	0.706783	0.697563	0.970173	0.707826	0.943233
39	47	0.595183	0.217247	0.522530	-0.503761	0.235657	-0.088401	123	26	0	7.696739	0.309894	0.522450	0.449006	0.637428	0.516758	0.767880	0.700128	0.857922
39	48	0.331713	0.118726	0.397336	-0.701082	-0.921659	-0.688778	53	11	0	9.399675	0.242704	0.093249	0.252325	0.237251	0.332906	0.260985	0.441549	0.792736
39	49	0.664138	0.195498	0.474961	-0.149994	0.053509	-0.345359	106	23	0	8.174165	0.620670	0.427598	0.523332	0.577213	0.815106	0.691068	0.740619	0.917495
39	50	0.315707	0.120730	0.378138	-0.507681	-0.875249	-0.670402	53	11	0	7.279452	0.295943	0.229634	0.208868	0.352710	0.251203	0.374359	0.363935	0.449006
39	51	0.417074	0.183210	0.336319	-0.798195	-0.204064	-1.702112	84	16	0	9.054616	0.467688	0.173188	0.550433	0.358082	0.359365	0.316469	0.271248	0.840122
39	52	0.397701	0.170221	0.397336	-0.551326	-0.364909	-0.580896	75	16	0	7.098809	0.341164	0.175513	0.195718	0.289368	0.309012	0.721216	0.329939	0.819676
39	53	0.918417	0.042275	0.469990	1.046433	-0.752479	-0.335313	111	24	0	7.763871	0.909638	0.872675	0.978752	0.989176	0.914128	0.930645	0.921504	0.830821
39	54	0.399886	0.097959	0.407519	-0.453394	-1.224560	-0.414995	64	13	0	7.839718	0.400657	0.331543	0.281430	0.289368	0.412043	0.639192	0.439705	0.405148
39	55	0.428730	0.176034	0.475591	-0.591971	-0.330087	-0.104586	79	16	0	8.050572	0.410359	0.466405	0.173428	0.527742	0.257216	0.664288	0.388069	0.542335
39	56	0.640916	0.342307	0.575346	0.288415	0.928033	0.477558	65	15	0	8.370113	0.802197	0.820959	0.350225	0.802357	0.782473	0.371472	0.489416	0.708226
39	57	0.288917	0.310415	0.336319	-0.204390	0.786357	-0.863068	40	9	0	5.812117	0.413566	0.293698	0.705581	0.066469	0.122194	0.436578	0.069035	0.204217
39	58	0.448004	0.379851	0.336319	-0.130374	1.042215	-1.325494	53	12	0	7.979362	0.645125	0.627004	0.719051	0.211995	0.264913	0.363294	0.201972	0.550674
39	59	0.448615	0.195037	0.479405	0.070978	-0.349872	0.333760	54	10	0	7.001403	0.536963	0.603512	0.193473	0.324647	0.642319	0.369869	0.436578	0.481559
39	60	0.583086	0.129550	0.401860	-0.039037	-0.842592	-0.610020	80	15	0	8.286338	0.608724	0.410038	0.635904	0.264352	0.797547	0.730035	0.576010	0.642078
39	61	0.568433	0.139974	0.447918	0.193615	-0.847233	-0.180687	60	11	0	8.545069	0.554041	0.441228	0.296905	0.584910	0.668217	0.675994	0.665010	0.661161
39	62	0.233784	0.155909	0.407519	-0.600308	-0.295264	-0.036961	38	10	0	6.924365	0.125160	0.021969	0.107040	0.185776	0.030789	0.932970	0.092367	0.374198
39	63	0.675243	0.247093	0.549276	0.542137	0.276373	0.453078	69	12	0	7.817932	0.475866	0.804923	0.786321	0.469291	0.839561	0.764994	0.566549	0.694436
39	64	0.456402	0.119027	0.385137	0.354289	-1.254814	-0.364398	40	7	0	7.252658	0.346937	0.567832	0.256414	0.459670	0.729955	0.469452	0.436578	0.384381
39	65	0.495350	0.248657	0.474961	-0.291164	0.216525	-0.110475	75	14	0	8.346934	0.300994	0.515314	0.060856	0.453175	0.658034	0.695879	0.681046	0.597498
39	66	0.298489	0.199326	0.378138	0.039449	-0.238289	-0.270355	29	6	0	6.546160	0.285600	0.304121	0.060856	0.078817	0.477790	0.717447	0.171344	0.291934
39	67	0.872063	0.072863	0.400245	0.840099	-0.631885	-0.878512	104	18	0	8.416763	0.922306	0.811177	0.957906	0.915010	0.900898	0.672627	0.865218	0.931366
39	68	0.792696	0.173629	0.669832	0.351893	0.148611	0.634414	100	23	0	8.462020	0.914208	0.893922	0.915250	0.789448	0.729233	0.820157	0.565587	0.713759
39	69	0.735427	0.180304	0.621346	0.451383	-0.054261	0.604074	88	15	0	8.091382	0.672146	0.785279	0.564865	0.697883	0.735167	0.946681	0.531030	0.950369
39	70	0.205921	0.188342	0.336319	-0.853305	0.211914	-1.126321	40	9	0	7.640914	0.156591	0.125802	0.038406	0.280548	0.296665	0.307970	0.067191	0.374198
39	71	0.682749	0.371352	0.414277	-0.771256	1.684320	-1.147857	188	36	0	8.233131	0.422947	0.495590	0.777021	0.688823	0.822242	0.964480	0.362492	0.928400
39	72	0.323344	0.327313	0.710036	-0.681866	0.941266	1.181173	55	10	0	9.001134	0.218570	0.197643	0.536161	0.103352	0.136225	0.503047	0.362492	0.529266
39	73	0.801195	0.167716	0.715225	0.264576	0.184635	0.730633	115	21	0	9.219302	0.876604	0.872114	0.967688	0.767559	0.514352	0.947963	0.604233	0.859044
39	74	0.549080	0.262608	0.426773	-0.292990	0.422223	-0.553824	90	17	0	8.124062	0.434092	0.329939	0.942191	0.474904	0.553319	0.796584	0.232922	0.628688
39	75	0.608042	0.264072	0.875206	-0.147437	0.495463	1.771508	95	18	0	8.094856	0.658916	0.659638	0.610327	0.853271	0.399535	0.458788	0.367142	0.856719
40	1	0.513500	0.422847	0.713472	2.903518	0.233304	3.042642	2	1	0	0.000000	0.731158	0.854955	0.893441	0.646648	0.099984	0.458788	0.419019	0.004009
40	2	0.180364	0.116842	0.336319	-0.684290	-0.421998	-0.866231	34	6	0	6.684250	0.099663	0.198845	0.128768	0.055083	0.088518	0.205099	0.239577	0.427357
40	3	0.811428	0.076070	0.589045	0.807173	-1.052358	0.421565	73	16	0	8.892062	0.780869	0.837316	0.878608	0.659317	0.837797	0.943233	0.745109	0.809173
40	4	0.634632	0.283395	0.520767	0.326968	0.498778	0.226195	64	13	0	8.416721	0.515234	0.561738	0.402261	0.857280	0.881094	0.696520	0.416693	0.746232
40	5	0.684804	0.218008	0.500367	-0.257998	0.366749	-0.325893	124	24	0	8.661709	0.481559	0.492223	0.683291	0.618666	0.879570	0.780228	0.649615	0.893281
40	6	0.318373	0.102690	0.385137	-0.497612	-1.109652	-0.572415	51	10	0	7.680990	0.373156	0.230597	0.243906	0.333307	0.604795	0.244788	0.220093	0.296344
40	7	0.882036	0.078676	0.541373	0.452081	-0.275651	-0.151739	154	27	0	8.032939	0.736530	0.849663	0.879169	0.962877	0.891517	0.977630	0.843970	0.914929
40	8	0.527021	0.115078	0.336319	-0.426389	-0.961818	-1.683000	93	17	0	8.372474	0.509140	0.480436	0.679602	0.481879	0.469933	0.637989	0.379330	0.577854
40	9	0.435475	0.213157	0.485258	-0.446575	-0.055836	0.009122	68	14	0	8.315433	0.455901	0.193554	0.198044	0.303720	0.438342	0.992383	0.307729	0.594131
40	10	0.712436	0.143962	0.528154	0.408769	-0.502692	0.170030	81	15	0	8.258200	0.679763	0.675433	0.644323	0.521488	0.787123	0.849984	0.663727	0.877646
40	11	0.738985	0.163667	0.650474	0.591070	-0.268295	0.774025	77	13	0	8.441290	0.743746	0.623156	0.843089	0.702935	0.857360	0.511386	0.717287	0.912925
40	12	0.580470	0.478452	0.472579	0.044091	1.693495	-0.011933	80	17	0	7.193462	0.302919	0.373477	0.338198	0.583066	0.830581	0.880693	0.417335	0.917495
40	13	0.588147	0.415972	0.557729	0.117692	1.330610	0.425728	68	15	0	8.036481	0.315827	0.309734	0.509862	0.347097	0.806847	0.940106	0.737652	0.738053
40	14	0.417926	0.415491	0.378138	0.004391	1.184055	-0.674716	44	8	0	8.073499	0.164769	0.091244	0.776860	0.144804	0.508820	0.774615	0.491100	0.391196
40	15	0.780458	0.177618	0.696440	0.623695	0.013631	0.920236	78	16	0	8.772529	0.684974	0.737652	0.752967	0.709269	0.913165	0.911963	0.663246	0.870430
40	16	0.712727	0.091184	0.490699	0.360021	-1.103333	-0.038489	79	18	0	8.143624	0.666854	0.767078	0.684894	0.470734	0.767399	0.784076	0.760584	0.800192
40	17	0.462035	0.251784	0.336319	-0.254709	0.198350	-1.408482	63	15	0	7.796908	0.343970	0.362412	0.605597	0.228432	0.724503	0.438342	0.371472	0.621552
40	18	0.706653	0.118024	0.513046	0.165185	-0.788065	-0.142690	83	16	0	10.318383	0.709108	0.616100	0.640715	0.646648	0.758579	0.715122	0.789929	0.777021
40	19	0.421735	0.312119	0.378138	0.099332	0.483152	-0.719055	33	6	0	9.534420	0.127405	0.625321	0.698124	0.286241	0.585872	0.312219	0.462957	0.275738
40	20	0.554693	0.328917	0.385137	-0.081954	0.857820	-0.809997	80	17	0	7.435493	0.651299	0.329939	0.562380	0.390715	0.708226	0.827935	0.263871	0.703175
40	21	0.552548	0.184573	0.336319	-0.921449	0.035994	-1.934967	152	32	0	7.560063	0.445718	0.309734	0.595334	0.454859	0.655067	0.630613	0.454298	0.874759
40	22	0.383228	0.161863	0.336319	-0.573310	-0.431123	-1.366238	77	14	0	7.151930	0.403223	0.065587	0.400978	0.242784	0.543377	0.377806	0.287604	0.744468
40	23	0.305514	0.280849	0.378138	-0.184263	0.475599	-0.507504	36	6	0	7.634639	0.295061	0.173829	0.362332	0.092367	0.110648	0.491742	0.421264	0.496873
40	24	0.271248	0.308531	0.397336	-0.386799	0.831199	-0.243203	40	7	0	7.319817	0.108563	0.211915	0.381254	0.066469	0.111770	0.205099	0.534237	0.550674
40	25	0.647250	0.152862	0.400245	-0.096372	-0.395682	-0.812743	107	20	0	7.729839	0.519163	0.421825	0.599022	0.621392	0.678801	0.861851	0.750080	0.725866
40	26	0.665010	0.127125	0.450266	0.059536	-0.722124	-0.403403	88	19	0	8.266659	0.580260	0.587877	0.571280	0.703496	0.723621	0.709589	0.830420	0.613534
40	27	0.465823	0.357661	0.397336	-0.062341	0.917555	-0.467801	60	13	0	7.185425	0.291373	0.144163	0.476748	0.192511	0.593008	0.846296	0.718249	0.464240
40	28	0.913376	0.039248	0.763253	0.376592	-0.576217	0.825492	190	42	0	7.191788	0.733964	0.941709	0.915731	0.899775	0.931286	0.970574	0.968970	0.944997
40	29	0.654837	0.220694	0.385137	-0.339028	0.349223	-1.151625	129	28	0	7.541265	0.388069	0.441870	0.764833	0.598300	0.704538	0.896809	0.619227	0.825048
40	30	0.288115	0.266056	0.336319	-0.624312	0.558136	-1.208475	51	11	0	7.432332	0.161161	0.124679	0.199326	0.097819	0.399134	0.474984	0.359124	0.488695
40	31	0.397651	0.105657	0.400245	-0.605987	-1.101980	-0.609156	70	15	0	8.020365	0.394403	0.004811	0.333868	0.375000	0.657152	0.361289	0.390394	0.664288
40	32	0.609205	0.409377	0.562483	0.902186	1.029915	0.841636	33	7	0	7.931163	0.817431	0.848701	0.737652	0.779426	0.407312	0.791613	0.158675	0.332826
40	33	0.406721	0.204057	0.378138	-0.549188	-0.087907	-0.900834	69	17	0	7.544299	0.511305	0.170301	0.298829	0.333307	0.490779	0.614096	0.313502	0.521648
40	34	0.699667	0.365739	0.401448	-0.386451	1.527476	-1.046615	138	32	0	8.064641	0.386626	0.544419	0.548990	0.604554	0.940747	0.909076	0.735808	0.927117
40	35	0.716565	0.237552	0.465374	-0.081244	0.554701	-0.458940	119	25	0	8.132009	0.702293	0.695638	0.582505	0.597418	0.880933	0.864256	0.587556	0.821921
40	36	0.467788	0.357882	0.485293	-0.103271	0.855346	0.059555	49	10	0	9.608787	0.270847	0.236610	0.426074	0.326331	0.734926	0.338999	0.648813	0.759702
40	37	0.686007	0.070197	0.616409	-0.302925	-1.262101	0.193793	120	25	0	9.194372	0.795382	0.727389	0.512749	0.698525	0.591966	0.712636	0.689705	0.759702
40	38	0.288496	0.172446	0.401448	-0.471532	-0.302676	-0.207191	45	9	0	7.418243	0.197563	0.602630	0.348781	0.115298	0.411482	0.220734	0.175353	0.236129
40	39	0.292806	0.162965	0.336319	-0.884487	-0.286685	-1.453745	59	12	0	8.598785	0.290731	0.165651	0.262668	0.237251	0.122996	0.399615	0.058291	0.805244
40	40	0.467527	0.310034	0.468535	-0.907375	0.916669	-0.399641	112	24	0	8.135500	0.458307	0.286081	0.271087	0.345574	0.782633	0.528945	0.231158	0.836434
40	41	0.339370	0.276600	0.385137	-0.486908	0.508162	-0.620259	52	11	0	7.845838	0.366661	0.183371	0.147049	0.443634	0.309894	0.167174	0.492784	0.604394
40	42	0.383349	0.371191	0.397336	-0.612859	1.195941	-0.609565	75	15	0	7.348651	0.253127	0.067030	0.188663	0.266036	0.700609	0.582425	0.323364	0.685536
40	43	0.651078	0.126303	0.570272	-0.217504	-0.666514	0.152888	107	22	0	8.419597	0.694516	0.548669	0.631334	0.610969	0.820638	0.663566	0.435696	0.803239
40	44	0.442742	0.169981	0.450266	-0.519312	-0.565086	-0.390932	65	14	1	7.463575	0.401379	0.300754	0.415731	0.415892	0.517559	0.632136	0.103031	0.755452
40	45	0.383188	0.145847	0.426956	-0.381740	-0.723762	-0.246785	53	11	0	8.239154	0.451491	0.266918	0.293297	0.364817	0.426235	0.645606	0.211995	0.405148
40	46	0.727079	0.192912	0.470150	0.487122	-0.022463	-0.185771	75	14	0	8.794536	0.802678	0.872675	0.960471	0.844852	0.624679	0.287524	0.670301	0.753448
40	47	0.533856	0.227710	0.397336	-0.502906	0.192748	-0.937310	100	19	0	8.300476	0.438983	0.283515	0.355677	0.511386	0.794179	0.623236	0.550112	0.713759
40	48	0.385594	0.183371	0.385137	-0.220053	-0.345766	-0.468581	56	12	0	6.613765	0.343970	0.406671	0.227389	0.112572	0.736530	0.327213	0.297386	0.633018
40	49	0.364927	0.279586	0.336319	-0.610004	0.561851	-1.418155	65	13	0	7.982835	0.241180	0.670462	0.271087	0.205741	0.621793	0.219291	0.225625	0.464240
40	50	0.484365	0.382377	0.336319	-0.367269	1.257028	-1.396241	94	19	0	6.345620	0.336995	0.013631	0.436658	0.442351	0.761305	0.690747	0.293056	0.900176
40	51	0.661351	0.077433	0.523779	0.647382	-1.523264	0.445921	63	11	0	7.356818	0.667816	0.666693	0.887027	0.680484	0.563422	0.413165	0.645125	0.767078
40	52	0.369608	0.195899	0.385137	-0.579090	-0.182271	-0.832175	57	11	0	9.221228	0.558130	0.146648	0.455340	0.316870	0.344131	0.189945	0.367944	0.577854
40	53	0.282713	0.170502	0.336319	-0.563019	-0.281585	-1.210998	48	8	0	7.933777	0.172386	0.214480	0.366501	0.231318	0.457745	0.398332	0.161963	0.258980
40	54	0.115809	0.101628	0.336319	-1.038051	-0.065622	-0.977990	23	4	0	8.632968	0.056928	0.079298	0.027341	0.035359	0.106559	0.236690	0.125321	0.258980
40	55	0.576642	0.154767	0.636443	0.139539	-0.668059	0.770867	64	12	0	8.649387	0.429121	0.530949	0.413566	0.535119	0.721536	0.762749	0.639833	0.580260
40	56	0.754931	0.134622	0.482406	0.020909	-0.293428	-0.379861	121	26	0	8.224692	0.578175	0.683291	0.677518	0.737251	0.931928	0.738855	0.786722	0.905709
40	57	0.526289	0.203897	0.394621	0.116312	-0.229410	-0.571831	64	12	0	7.413542	0.169179	0.220334	0.573284	0.980997	0.561498	0.685455	0.563101	0.456462
40	58	0.481178	0.319415	0.446154	-0.408279	0.816031	-0.330347	83	14	0	8.251631	0.498557	0.246472	0.259060	0.376443	0.811498	0.525657	0.283916	0.847819
40	59	0.326922	0.236790	0.397336	-0.582097	0.224041	-0.535051	53	11	0	8.115115	0.198525	0.375722	0.388470	0.156430	0.532633	0.418457	0.101347	0.443794
40	60	0.715082	0.289569	0.634049	0.484554	0.744084	0.701018	76	14	0	8.327195	0.725144	0.798669	0.921905	0.836754	0.884461	0.463037	0.572883	0.517800
40	61	0.560796	0.373116	0.477057	-0.400903	1.253602	-0.234985	103	21	0	7.759584	0.359365	0.339160	0.361289	0.221135	0.896167	0.978432	0.659638	0.671183
40	62	0.332795	0.319275	0.336319	-0.492476	0.859238	-1.198687	54	13	0	7.036982	0.193634	0.141196	0.298829	0.103352	0.479634	0.560295	0.294099	0.591325
40	63	0.285760	0.277522	0.336319	-0.384898	0.548877	-1.107040	39	7	0	7.811236	0.153624	0.083708	0.172065	0.197162	0.493666	0.474984	0.275898	0.434974
40	64	0.661802	0.399936	0.394621	-0.186771	1.561487	-1.014825	122	23	0	7.587914	0.425273	0.431928	0.627165	0.513310	0.887829	0.923348	0.577453	0.908114
40	65	0.583196	0.345654	0.336319	0.215174	0.895444	-1.344655	68	15	0	7.223116	0.626684	0.234124	0.796504	0.514272	0.857200	0.788887	0.237733	0.610167
40	66	0.443734	0.397370	0.336319	-0.668740	1.381929	-1.523631	97	21	0	6.925635	0.315827	0.186257	0.215763	0.260183	0.828175	0.686738	0.423910	0.633018
40	67	0.650758	0.193072	0.336319	-0.805100	0.211238	-2.197981	151	32	0	9.716586	0.426555	0.637909	0.520606	0.526780	0.685375	0.817110	0.630613	0.961113
40	68	0.268752	0.191409	0.336319	-0.781653	0.045791	-1.210100	57	13	0	6.972579	0.259461	0.172466	0.210953	0.112572	0.425593	0.495109	0.141036	0.332826
40	69	0.444856	0.206863	0.478844	-0.063302	-0.260826	0.153197	48	10	0	8.384212	0.664849	0.324166	0.152502	0.377806	0.552117	0.411883	0.446841	0.628688
40	70	0.272470	0.117062	0.397336	-0.593939	-0.794894	-0.311634	54	10	0	6.768580	0.251283	0.136786	0.215763	0.100625	0.554121	0.333948	0.281110	0.306126
40	71	0.290952	0.252766	0.336319	-0.644100	0.332334	-1.475537	37	6	0	12.555137	0.583708	0.660119	0.102550	0.082344	0.236851	0.129490	0.226427	0.306126
40	72	0.322963	0.078396	0.378138	-0.317321	-1.597747	-0.790932	28	6	0	11.082986	0.334830	0.255773	0.736209	0.197162	0.244147	0.207184	0.302277	0.306126
40	73	0.272280	0.279807	0.714916	-0.079426	0.522914	1.879828	29	7	0	6.081032	0.253127	0.049070	0.163727	0.043938	0.254570	0.628287	0.074567	0.710953
40	74	0.452884	0.370430	0.539185	-0.369347	1.129137	0.465671	80	19	0	6.476591	0.150978	0.283034	0.264994	0.567832	0.724503	0.628287	0.292495	0.710953
40	75	0.421614	0.343770	0.472647	-0.272425	0.856618	0.041025	56	11	0	8.293510	0.477229	0.570558	0.114336	0.262508	0.338679	0.760343	0.199166	0.650096
40	76	0.223761	0.218269	0.397336	-1.096588	0.449222	-0.663706	51	9	0	9.691516	0.126123	0.086193	0.137588	0.092367	0.460391	0.309814	0.163246	0.414368
40	77	0.518321	0.362472	0.336319	-0.156708	1.013728	-1.480935	73	15	0	7.918535	0.355115	0.213358	0.493265	0.287845	0.818233	0.668938	0.513550	0.796264
40	78	0.670432	0.344993	0.378138	-0.575209	1.408416	-1.448001	158	34	0	7.598972	0.620510	0.355276	0.583387	0.439064	0.946841	0.874519	0.598220	0.945638
40	79	0.320297	0.197843	0.336319	-0.501605	-0.115285	-1.271974	51	9	0	8.065469	0.263791	0.249038	0.122755	0.129169	0.579298	0.361289	0.405308	0.451732
40	80	0.507467	0.129590	0.397336	-0.318693	-0.908055	-0.901326	70	12	0	10.664880	0.411321	0.217768	0.489897	0.498717	0.778704	0.674952	0.536642	0.451732
40	81	0.335271	0.303620	0.336319	0.036187	0.542884	-0.932507	33	6	0	7.168894	0.091485	0.297547	0.198044	0.100625	0.631815	0.612973	0.317591	0.432088
40	82	0.505001	0.135463	0.485258	-0.936585	-0.547304	-0.396820	130	26	0	8.247511	0.527341	0.435295	0.239577	0.440747	0.546745	0.623236	0.415731	0.811337
40	83	0.590372	0.264172	0.416659	-0.013828	0.401124	-0.521915	81	15	0	8.180799	0.502646	0.382858	0.446119	0.392158	0.608804	0.815747	0.657152	0.917495
40	84	0.343489	0.239998	0.336319	-0.470156	0.255188	-1.193634	62	12	0	6.774157	0.295622	0.119387	0.518441	0.209509	0.791774	0.298268	0.118425	0.396488
40	85	0.548038	0.155348	0.486095	-0.329386	-0.511923	-0.114225	90	19	0	7.949574	0.517640	0.471536	0.383659	0.595734	0.685856	0.496552	0.437059	0.796264
41	1	0.228702	0.427357	0.466989	1.754088	0.839698	1.802499	2	1	0	0.000000	0.043217	0.713037	0.438422	0.010744	0.030548	0.496552	0.093089	0.004009
41	2	0.292696	0.206563	0.401448	0.210277	-0.251015	0.164475	22	4	0	7.273704	0.059974	0.296825	0.201732	0.156430	0.534878	0.434253	0.384541	0.272931
41	3	0.446169	0.325048	0.385137	0.204985	0.573636	-0.495988	39	7	0	8.130948	0.231078	0.200850	0.452614	0.333307	0.631414	0.677999	0.636947	0.405148
41	4	0.449226	0.253849	0.439155	0.165714	0.033296	-0.041382	39	7	0	8.571967	0.452854	0.826090	0.180244	0.262508	0.464160	0.541292	0.303159	0.563502
41	5	0.686448	0.269123	0.621128	0.140842	0.628608	0.491448	91	17	0	8.577584	0.553801	0.496793	0.950529	0.544179	0.887267	0.688743	0.572001	0.798268
41	6	0.529646	0.411261	0.336319	-0.229015	1.384256	-1.475584	91	17	0	7.103753	0.293858	0.282473	0.398894	0.453175	0.907713	0.850706	0.343810	0.706543
41	7	0.616511	0.139152	0.409134	0.803313	-0.959973	-0.135739	43	8	0	7.612401	0.654987	0.624759	0.755853	0.584910	0.301074	0.556126	0.747835	0.706543
41	8	0.439404	0.125401	0.526952	-0.025452	-1.081676	0.474251	48	9	0	8.185386	0.391196	0.495109	0.488374	0.753127	0.289849	0.489978	0.216405	0.391196
41	9	0.570207	0.498978	0.385137	0.048089	1.792610	-0.744607	79	16	0	7.162198	0.757457	0.249599	0.879570	0.256013	0.743185	0.259301	0.757457	0.659076
41	10	0.729153	0.138891	0.618276	0.319246	-0.503694	0.431615	81	15	0	9.886705	0.870991	0.711995	0.634541	0.826732	0.770045	0.372755	0.800273	0.845895
41	11	0.683210	0.158214	0.649753	0.312678	-0.403674	0.764874	82	16	0	7.983410	0.554522	0.807088	0.651459	0.740298	0.887508	0.493586	0.717688	0.613534
41	12	0.828205	0.149996	0.631563	0.490965	0.095672	0.421643	111	21	0	8.410416	0.661562	0.780789	0.848701	0.683531	0.900497	0.961353	0.864817	0.924391
41	13	0.463388	0.317291	0.447918	-0.040453	0.596785	-0.145112	48	9	0	9.269711	0.310776	0.120831	0.324487	0.369227	0.700289	0.398332	0.865459	0.617704
41	14	0.680885	0.292836	0.522530	0.004984	0.909662	0.093119	118	24	0	6.804797	0.515234	0.245350	0.526379	0.976668	0.771007	0.734766	0.794019	0.883659
41	15	0.572643	0.194516	0.336319	-0.668115	0.047894	-1.866110	130	27	0	7.925352	0.308691	0.377886	0.479314	0.528704	0.959028	0.645606	0.624840	0.657072
41	16	0.659698	0.112973	0.728122	-0.276938	-0.796324	0.803728	111	21	0	9.253000	0.862091	0.826251	0.650818	0.621392	0.494949	0.666132	0.508579	0.647370
41	17	0.648402	0.118746	0.485258	0.106641	-0.880046	-0.139233	87	14	0	8.656274	0.732601	0.590443	0.500160	0.559253	0.690988	0.806446	0.682409	0.624920
41	18	0.167004	0.110147	0.336319	-0.702814	-0.420133	-0.854480	31	5	0	6.952684	0.144003	0.119387	0.206462	0.048348	0.259140	0.160520	0.079779	0.318393
41	19	0.408305	0.184573	0.336319	-0.058893	-0.475171	-1.250182	41	8	0	8.572874	0.212797	0.314705	0.265956	0.459670	0.690106	0.416533	0.569355	0.337316
41	20	0.411722	0.099202	0.463049	-0.423002	-1.221326	-0.056684	67	12	0	8.063736	0.393762	0.289609	0.188663	0.392158	0.781591	0.517078	0.393602	0.337316
41	21	0.649966	0.162845	0.439155	-0.057456	-0.326449	-0.530412	97	19	0	8.223000	0.727951	0.580661	0.925353	0.407232	0.525657	0.668938	0.628768	0.735167
41	22	0.723060	0.130572	0.589309	0.133712	-0.508773	0.299930	103	20	0	8.246130	0.736129	0.838037	0.809734	0.782553	0.852389	0.474984	0.727149	0.563502
41	23	0.516687	0.198164	0.336319	0.061040	-0.335614	-1.468649	54	9	0	9.566572	0.688663	0.511546	0.643602	0.382537	0.663566	0.473060	0.207024	0.563502
41	24	0.503708	0.075409	0.501936	-0.262755	-1.635235	-0.065981	60	12	0	11.061192	0.300112	0.653143	0.457505	0.456382	0.414769	0.805003	0.465282	0.477470
41	25	0.729554	0.227309	0.500871	-0.182301	0.544692	-0.362494	127	27	0	8.665347	0.632296	0.732360	0.542255	0.555083	0.818874	0.904586	0.720334	0.930645
41	26	0.642249	0.180023	0.526494	0.431086	-0.373149	0.287217	62	11	0	8.576970	0.606799	0.557890	0.557328	0.548428	0.758339	0.820157	0.558130	0.730917
41	27	0.343650	0.202193	0.440919	-0.543613	-0.053490	-0.120142	64	10	0	7.680219	0.133900	0.225305	0.271087	0.282713	0.448765	0.512187	0.501042	0.374198
41	28	0.389943	0.136947	0.336319	-0.748774	-0.672408	-1.559803	78	16	0	8.168923	0.436498	0.238935	0.028784	0.409317	0.342688	0.505292	0.365298	0.792736
41	29	0.541523	0.121873	0.426956	-0.281379	-0.883212	-0.492466	94	16	0	7.828430	0.646328	0.478752	0.669820	0.489737	0.572322	0.596376	0.344532	0.534317
41	30	0.829137	0.090683	0.705706	0.725560	-0.600148	1.014344	111	19	0	7.106159	0.854955	0.847258	0.923669	0.843570	0.890635	0.727069	0.772530	0.773412
41	31	0.520085	0.270305	0.385137	-0.408527	0.471712	-1.005036	87	17	0	8.458697	0.371312	0.341405	0.529907	0.585632	0.828015	0.779666	0.258419	0.466325
41	32	0.284868	0.225766	0.401448	0.349842	-0.162774	0.253177	17	4	0	7.451963	0.146248	0.185375	0.884942	0.048348	0.103271	0.312219	0.132216	0.466325
41	33	0.770626	0.155308	0.537455	1.089808	-0.351637	0.590254	63	13	0	6.681490	0.622274	0.740860	0.893281	0.857601	0.818072	0.963999	0.459750	0.809173
41	34	0.737973	0.186438	0.582562	0.301613	0.042409	0.300245	89	18	0	8.676712	0.728752	0.869548	0.483804	0.702935	0.957104	0.852870	0.573605	0.735167
41	35	0.512528	0.216064	0.487973	0.002997	-0.176946	0.052438	52	11	0	9.434016	0.545542	0.262588	0.450208	0.432248	0.597258	0.723220	0.353993	0.735167
41	36	0.458146	0.311357	0.414277	-0.334045	0.673014	-0.527518	62	12	0	9.256782	0.341164	0.122114	0.611450	0.221135	0.756976	0.655709	0.359124	0.597498
41	37	0.689344	0.193754	0.641288	-0.036033	0.088442	0.480850	108	20	0	8.484396	0.546504	0.733724	0.617463	0.444756	0.836835	0.779025	0.674391	0.882056
41	38	0.436057	0.190868	0.336319	-0.482278	-0.252316	-1.563056	68	13	0	8.984307	0.347498	0.190908	0.502085	0.264352	0.510904	0.515314	0.524375	0.633018
41	39	0.597528	0.120410	0.439155	-0.521346	-0.748242	-0.710546	116	24	0	8.628516	0.639112	0.622194	0.295141	0.338037	0.730917	0.646729	0.617142	0.890956
41	40	0.719221	0.127125	0.624565	-0.189810	-0.433138	0.326681	132	29	0	7.839036	0.734525	0.641838	0.550754	0.619548	0.688743	0.849984	0.733563	0.934814
41	41	0.466405	0.207785	0.576938	0.129619	-0.275869	0.804583	49	10	0	7.497283	0.372675	0.484124	0.168377	0.555083	0.898412	0.461273	0.244949	0.546344
41	42	0.473080	0.211333	0.420542	-0.217615	-0.147336	-0.383389	60	14	0	8.223328	0.528865	0.419259	0.302758	0.627566	0.275417	0.711594	0.372835	0.546344
41	43	0.578165	0.248998	0.910623	0.121870	0.215445	2.401834	71	18	0	6.976220	0.469291	0.451090	0.582505	0.414609	0.740860	0.800994	0.465282	0.700690
41	44	0.884581	0.125641	0.697734	0.171642	0.393868	0.381906	166	34	0	8.859393	0.882216	0.847579	0.803961	0.815507	0.973621	0.950048	0.833948	0.969772
41	45	0.515014	0.251183	0.896488	-0.573226	0.352185	1.844689	93	20	0	8.622074	0.372033	0.397210	0.458307	0.446280	0.676555	0.630613	0.359766	0.779346
41	46	0.404316	0.216325	0.397336	-0.329151	-0.045148	-0.495087	60	13	0	7.333615	0.315827	0.414368	0.272771	0.120510	0.467848	0.518762	0.595173	0.529266
41	47	0.759311	0.196901	0.426956	-0.256384	0.420952	-0.976616	140	31	0	8.971225	0.641998	0.596216	0.671103	0.715683	0.851748	0.887668	0.773412	0.936658
41	48	0.410419	0.196039	0.442065	-0.377025	-0.266308	-0.211867	53	13	0	8.545993	0.413967	0.325770	0.323204	0.211995	0.889272	0.560295	0.090362	0.468489
41	49	0.463729	0.188242	0.515291	-0.254699	-0.390897	0.110954	53	11	0	10.521487	0.375882	0.364897	0.218329	0.369227	0.588679	0.836193	0.545622	0.411001
41	50	0.669630	0.288266	0.336319	-0.674987	1.044055	-2.077421	163	33	0	8.177280	0.498076	0.478031	0.557008	0.651780	0.913566	0.812300	0.561017	0.885263
41	51	0.499769	0.115860	0.456096	-0.311650	-1.083011	-0.340776	68	13	0	9.877720	0.369548	0.522049	0.459269	0.342768	0.750080	0.456382	0.462075	0.635985
41	52	0.428169	0.206783	0.439155	-0.359985	-0.110130	-0.145093	67	17	0	6.944931	0.322803	0.247915	0.316148	0.276299	0.734926	0.483643	0.442672	0.600946
41	53	0.810646	0.102490	0.586903	0.613515	-0.599641	0.372914	93	20	0	7.989112	0.681928	0.812460	0.769163	0.809734	0.925674	0.826331	0.687219	0.972659
41	54	0.383108	0.253027	0.336319	-0.450365	0.239196	-1.383612	52	13	0	8.303091	0.284076	0.417575	0.726427	0.197162	0.503608	0.069195	0.316148	0.550674
42	1	0.314384	0.553921	0.538372	2.141578	1.202864	2.199734	2	1	0	0.000000	0.120189	0.847899	0.665491	0.006334	0.195237	0.069195	0.592126	0.018602
42	2	0.381174	0.637267	0.502772	2.246410	1.449644	1.923258	3	1	0	0.000000	0.474583	0.834269	0.665491	0.778784	0.195237	0.069195	0.013230	0.018602
42	3	0.545793	0.147410	0.554201	0.378029	-0.846184	0.669751	52	10	0	7.494439	0.248396	0.527421	0.793217	0.573845	0.772370	0.459589	0.509942	0.481559
42	4	0.209449	0.118666	0.336319	-1.060084	-0.476357	-1.278132	49	11	0	7.970829	0.188021	0.052598	0.176956	0.084910	0.312540	0.259301	0.245670	0.355597
42	5	0.721837	0.211514	0.567511	0.062764	0.314254	0.177537	112	21	0	8.108522	0.640555	0.849824	0.444355	0.536321	0.801395	0.867142	0.818072	0.817030
42	6	0.420833	0.258078	0.336319	-0.342691	0.285655	-1.385458	64	12	0	7.910945	0.275096	0.294660	0.207826	0.301475	0.917014	0.444836	0.194836	0.730917
42	7	0.790441	0.177638	0.615000	0.168266	0.235754	0.213677	113	23	0	9.361895	0.772691	0.449487	0.916693	0.911722	0.892319	0.623236	0.820318	0.937059
42	8	0.538155	0.109606	0.385137	-0.328836	-1.030547	-0.911464	91	20	0	7.447196	0.419019	0.305645	0.605597	0.544820	0.578897	0.497755	0.581703	0.771809
42	9	0.469502	0.378087	0.399100	-0.363295	1.152851	-0.603927	77	17	0	7.411898	0.280869	0.252806	0.225786	0.390715	0.697162	0.636867	0.464400	0.807409
42	10	0.539468	0.343429	0.487618	-0.037240	0.908493	0.126409	75	16	0	7.244608	0.369788	0.390394	0.348781	0.367784	0.809413	0.879250	0.469852	0.680484
42	11	0.833307	0.162484	0.773229	0.430715	0.266274	1.044158	115	23	0	8.578076	0.848541	0.789047	0.593890	0.718169	0.953416	0.927277	0.863935	0.972178
42	12	0.475545	0.264573	0.336319	-0.340004	0.351703	-1.513264	72	15	0	8.169844	0.557649	0.259622	0.489897	0.340523	0.409638	0.811578	0.264272	0.671183
42	13	0.875752	0.182910	0.839114	-0.110467	1.008556	0.901339	197	42	0	8.954550	0.787284	0.890234	0.737412	0.777261	0.977790	0.985487	0.886225	0.964320
42	14	0.752195	0.211454	0.802071	-0.289196	0.549655	0.999857	147	32	0	8.459662	0.590523	0.652021	0.572001	0.727389	0.928079	0.821440	0.776058	0.950048
42	15	0.835351	0.203937	0.792060	-0.120857	0.947627	0.943351	200	43	0	7.134679	0.764031	0.782874	0.767880	0.751443	0.960311	0.988214	0.689705	0.978352
42	16	0.601898	0.144363	0.336319	-0.195456	-0.595386	-1.730426	88	18	0	8.858087	0.657874	0.602149	0.538406	0.557088	0.695237	0.701411	0.332104	0.730917
42	17	0.649605	0.177518	0.504788	0.421882	-0.374105	0.165927	64	12	0	8.391774	0.389432	0.671584	0.445558	0.630131	0.823685	0.937540	0.704779	0.594131
42	18	0.595584	0.288025	0.394621	-0.543261	0.793886	-1.146109	121	24	0	8.422013	0.309493	0.381815	0.697402	0.440747	0.763951	0.885985	0.617142	0.668137
42	19	0.545672	0.427698	0.446703	0.310569	1.216083	-0.059182	48	10	0	8.347320	0.164128	0.802518	0.377245	0.626764	0.747996	0.896408	0.203977	0.546344
42	20	0.729294	0.136666	0.426773	0.077150	-0.428340	-0.735304	98	23	0	8.705566	0.560936	0.807409	0.714320	0.770606	0.859766	0.816549	0.493425	0.811337
42	21	0.629941	0.137708	0.414277	-0.363875	-0.541560	-0.835550	109	24	0	8.587365	0.361610	0.543056	0.651058	0.639272	0.671103	0.797787	0.572402	0.803239
42	22	0.661652	0.385002	0.336319	-0.473973	1.566227	-1.978332	136	27	0	8.554026	0.690827	0.418538	0.645125	0.385584	0.836353	0.922466	0.486209	0.908114
42	23	0.954207	0.020887	0.829023	0.934349	-0.536497	1.165553	152	32	0	7.982365	0.932729	0.950369	0.982922	0.963679	0.957745	0.976347	0.911722	0.958146
42	24	0.777271	0.197743	0.487790	0.197363	0.381620	-0.275604	118	25	0	7.907770	0.592367	0.710632	0.629089	0.813983	0.884942	0.950048	0.739978	0.897130
42	25	0.723701	0.242363	0.485258	0.727581	0.304642	0.087853	62	12	0	8.215592	0.542656	0.550353	0.784638	0.903704	0.831062	0.857120	0.709910	0.610167
42	26	0.547436	0.270666	0.474262	-0.053423	0.399152	-0.070692	77	13	0	8.045106	0.678159	0.417575	0.780067	0.495189	0.309012	0.677999	0.376764	0.644724
42	27	0.736690	0.165691	0.433588	0.365230	-0.169465	-0.494890	88	19	0	7.952682	0.652822	0.831623	0.572001	0.897611	0.854474	0.712636	0.677919	0.694436
42	28	0.603662	0.115138	0.543434	0.057073	-1.062613	0.190535	66	14	0	9.697597	0.429602	0.677678	0.538005	0.575048	0.745029	0.652742	0.552117	0.659076
42	29	0.527171	0.322983	0.401860	-0.316032	0.825196	-0.658707	80	17	0	8.448421	0.346937	0.380933	0.515555	0.209509	0.725064	0.738855	0.614978	0.685536
42	30	0.716134	0.399775	0.560364	0.798791	1.278065	0.478074	50	10	0	9.272127	0.647290	0.888791	0.912364	0.847418	0.965122	0.496552	0.489978	0.481559
42	31	0.293056	0.179582	0.336319	-0.909100	-0.094861	-1.397085	63	15	0	7.715717	0.270847	0.095334	0.003127	0.276299	0.522611	0.361289	0.264272	0.550674
42	32	0.420071	0.127445	0.397336	0.210638	-1.154211	-0.309529	34	6	0	8.181757	0.520927	0.425754	0.260343	0.396087	0.479153	0.446440	0.256655	0.575208
42	33	0.455410	0.085391	0.397336	-0.805921	-1.472398	-1.181411	71	16	1	9.414796	0.452133	0.450289	0.398012	0.409317	0.396007	0.737893	0.224423	0.575208
42	34	0.408485	0.261165	0.401448	-0.064451	0.110600	-0.428832	32	7	0	10.713948	0.502886	0.460391	0.625962	0.266036	0.595815	0.073445	0.481639	0.261706
42	35	0.399615	0.419720	0.385137	-0.236980	1.255928	-0.704849	44	9	0	9.234859	0.641517	0.687139	0.056928	0.635904	0.272370	0.197081	0.224423	0.481559
42	36	0.507497	0.219692	0.336319	-0.419277	0.085633	-1.580254	92	18	0	7.624604	0.322803	0.368666	0.520606	0.494307	0.537203	0.779025	0.332104	0.705260
42	37	0.662003	0.151620	0.499588	0.459824	-0.644817	0.053167	59	10	0	9.775290	0.467688	0.725385	0.615779	0.520606	0.620029	0.834509	0.798268	0.713759
42	38	0.646448	0.306166	0.378138	0.342537	0.715769	-0.977261	74	11	0	8.488675	0.329779	0.849182	0.586835	0.324647	0.785520	0.882858	0.590843	0.821921
42	39	0.515765	0.243786	0.480963	0.495295	-0.116681	0.295604	34	6	0	8.890207	0.475385	0.763470	0.756655	0.630131	0.435936	0.577453	0.122996	0.364096
42	40	0.731509	0.150076	0.504914	0.533939	-0.429344	0.092752	74	16	0	8.131390	0.623236	0.756013	0.505773	0.774375	0.918938	0.845654	0.651058	0.777021
42	41	0.514883	0.408916	0.511970	0.370368	1.069230	0.474907	43	9	0	7.873983	0.684092	0.650417	0.826491	0.242784	0.685856	0.568233	0.286562	0.174631
42	42	0.525748	0.405929	0.438090	-0.246443	1.319624	-0.383783	82	16	0	7.907755	0.236931	0.866020	0.691068	0.276299	0.747835	0.416533	0.307008	0.664288
42	43	0.536081	0.362432	0.416659	0.428325	0.754547	-0.231272	35	8	0	9.188470	0.244548	0.714641	0.814064	0.388470	0.570318	0.715763	0.243345	0.597498
42	44	0.582775	0.194235	0.567694	-0.172543	-0.107892	0.398848	93	21	0	7.205220	0.660680	0.403704	0.536963	0.401780	0.807489	0.579859	0.518281	0.753448
42	45	0.758359	0.156771	0.622388	-0.225625	0.055144	0.174324	153	29	0	8.335899	0.711915	0.814304	0.578576	0.692271	0.928720	0.759381	0.660359	0.921344
42	46	0.342056	0.165791	0.336319	-0.727825	-0.310182	-1.324062	73	17	0	6.763227	0.233643	0.231479	0.102550	0.340523	0.334750	0.496552	0.160520	0.836434
42	47	0.584830	0.189745	0.401448	-0.315211	-0.142218	-0.803901	90	22	0	8.333236	0.427678	0.482761	0.521809	0.422306	0.631815	0.739496	0.608323	0.844452
42	48	0.660930	0.295101	0.462464	-0.628271	1.027925	-0.723735	147	30	0	8.876359	0.480597	0.406671	0.710231	0.515555	0.956142	0.763871	0.538326	0.916052
42	49	0.455871	0.092006	0.455638	-0.489844	-1.257723	-0.223945	80	17	0	7.770623	0.232521	0.440186	0.445077	0.430404	0.794339	0.392319	0.351187	0.560936
42	50	0.631545	0.172065	0.459750	0.319533	-0.455790	-0.159882	61	13	0	8.649558	0.582505	0.953736	0.697803	0.665972	0.497194	0.319355	0.774856	0.560936
42	51	0.787995	0.164669	0.553549	0.322738	0.049681	0.094552	102	24	0	8.237186	0.577373	0.834910	0.659237	0.754891	0.994949	0.810856	0.714641	0.957104
42	52	0.767189	0.181426	0.534546	-0.023664	0.285328	-0.111197	139	29	0	7.735942	0.713759	0.972017	0.432248	0.771167	0.923589	0.868586	0.662364	0.793778
42	53	0.377215	0.164208	0.442065	-0.615973	-0.408198	-0.168884	72	16	0	7.225745	0.253127	0.305645	0.316148	0.228432	0.695718	0.171905	0.252967	0.793778
43	1	0.118586	0.147410	0.443680	1.028992	-0.277205	1.634320	2	1	0	0.000000	0.024294	0.165651	0.438422	0.006334	0.029346	0.171905	0.108724	0.004009
43	2	0.159968	0.055585	0.336319	0.205717	-1.501811	-0.331307	14	2	0	6.934677	0.154346	0.197643	0.117463	0.225866	0.145285	0.187139	0.192672	0.059333
43	3	0.400467	0.272671	0.462785	-0.007356	0.221596	0.108412	35	6	0	9.366667	0.279025	0.526780	0.187380	0.583948	0.800112	0.287524	0.236530	0.302437
43	4	0.495690	0.158996	0.440919	0.440451	-0.871158	0.057065	33	7	0	8.344777	0.561337	0.441870	0.677037	0.639272	0.415571	0.504089	0.423910	0.302437
43	5	0.609134	0.243085	0.705936	0.651721	-0.015706	1.329098	42	8	0	8.712290	0.819836	0.723942	0.619067	0.820718	0.628608	0.382457	0.545622	0.332826
43	6	0.196891	0.185235	0.336319	-0.635889	0.144896	-0.981039	28	6	0	7.697339	0.099022	0.155869	0.021568	0.041533	0.440026	0.237733	0.213037	0.366341
43	7	0.150788	0.157533	0.336319	-1.160405	0.354568	-1.097496	39	8	0	7.620986	0.217928	0.098140	0.024134	0.253849	0.070237	0.108884	0.066790	0.366341
43	8	0.411582	0.188242	0.462464	-0.094525	-0.465552	0.000746	38	7	0	10.073048	0.395205	0.306446	0.533595	0.331543	0.506815	0.262348	0.590362	0.366341
43	9	0.418257	0.320237	0.336319	-0.140604	0.725238	-1.207394	61	10	0	7.124706	0.175273	0.200850	0.288967	0.393040	0.615138	0.469452	0.625481	0.577854
43	10	0.424691	0.147069	0.426773	-0.215649	-0.760193	-0.251771	55	11	0	8.028535	0.307248	0.388631	0.335231	0.256013	0.752004	0.508499	0.385664	0.464240
43	11	0.529646	0.172647	0.400245	-0.086247	-0.497139	-0.660535	63	13	0	8.945662	0.508339	0.411321	0.327293	0.393040	0.553801	0.559333	0.639593	0.844452
43	12	0.428129	0.078235	0.492314	-0.343663	-1.563152	0.088325	59	11	0	8.888598	0.433531	0.393361	0.311818	0.205741	0.742383	0.427197	0.406751	0.504250
43	13	0.601658	0.364737	0.595345	-0.278824	1.227697	0.345554	103	20	0	8.139170	0.813903	0.932328	0.370911	0.423428	0.644163	0.376042	0.763791	0.488695
43	14	0.498928	0.509882	0.336319	1.060746	1.364241	-0.700387	22	4	0	6.944239	0.043217	0.873477	0.903784	0.791453	0.167976	0.376042	0.346777	0.488695
43	15	0.552868	0.134100	0.463049	0.335678	-1.010131	0.048414	47	10	0	8.477111	0.385744	0.639112	0.538967	0.476507	0.640074	0.508499	0.633098	0.600946
43	16	0.381464	0.165230	0.399100	-0.073243	-0.652606	-0.351993	37	7	0	8.557667	0.324968	0.417976	0.030789	0.322803	0.744227	0.259301	0.483162	0.468489
43	17	0.473741	0.125341	0.496369	-0.266679	-1.018903	0.009887	57	12	0	9.802873	0.350144	0.631655	0.376283	0.410920	0.447643	0.332665	0.449567	0.791052
43	18	0.588007	0.196240	0.462361	0.431678	-0.408187	-0.060365	42	9	0	9.919785	0.756735	0.714641	0.554121	0.675353	0.692591	0.473060	0.511466	0.326090
43	19	0.571280	0.230316	0.450953	-0.034907	0.111818	-0.251154	81	14	0	8.055032	0.572001	0.724423	0.237171	0.782072	0.737332	0.620590	0.350305	0.546344
43	20	0.651389	0.195157	0.394621	0.322274	-0.155518	-0.705561	71	17	0	7.552399	0.445718	0.572322	0.743024	0.577213	0.772771	0.686738	0.504250	0.909076
43	21	0.278724	0.165631	0.336319	-0.491443	-0.368232	-1.163473	40	8	0	8.015558	0.210712	0.164368	0.335231	0.178801	0.318634	0.363294	0.170061	0.488695
43	22	0.449737	0.226227	0.535279	-0.162038	-0.045126	0.402877	56	11	0	8.283281	0.745189	0.671905	0.491421	0.282713	0.282713	0.407954	0.319516	0.396488
43	23	0.424210	0.333327	0.421367	-1.075369	1.079004	-0.813204	103	21	0	9.271755	0.567030	0.129971	0.003127	0.284557	0.548188	0.615860	0.448685	0.796264
43	24	0.485808	0.203115	0.336319	-0.203814	-0.146028	-1.356253	77	16	0	6.912057	0.389673	0.416453	0.269243	0.557970	0.676555	0.402341	0.368987	0.805244
43	25	0.362271	0.176114	0.399100	-0.268798	-0.464708	-0.420087	44	8	0	8.546037	0.278544	0.303079	0.224343	0.075369	0.318072	0.248316	0.719532	0.730917
43	26	0.398202	0.152562	0.385137	-0.104909	-0.735710	-0.518552	48	9	0	7.599909	0.323845	0.488614	0.215763	0.305805	0.466084	0.466325	0.504811	0.414368
43	27	0.204739	0.149395	0.336319	-0.669409	-0.286868	-1.139265	26	5	0	9.295862	0.336995	0.185375	0.003127	0.097819	0.196520	0.214962	0.512267	0.090843
43	28	0.689204	0.176736	0.606101	0.986591	-0.508696	0.844693	38	7	0	9.193090	0.667415	0.968329	0.494468	0.705019	0.892800	0.600144	0.684974	0.500481
43	29	0.425603	0.400798	0.336319	0.000666	1.103609	-1.191014	47	9	0	7.722554	0.265956	0.205420	0.178961	0.473781	0.782232	0.229233	0.655709	0.613534
43	30	0.300263	0.228311	0.397336	-0.367674	0.141709	-0.288718	44	9	0	7.199283	0.288807	0.059413	0.062300	0.190106	0.365619	0.725225	0.261626	0.449006
43	31	0.508870	0.124900	0.528292	0.162293	-1.102299	0.441625	51	10	0	8.204255	0.716485	0.398172	0.658675	0.552197	0.472498	0.305965	0.474022	0.492944
43	32	0.784497	0.167355	0.583788	-0.066269	0.214364	-0.000804	141	28	0	8.688995	0.777181	0.686097	0.599904	0.683050	0.829298	0.983242	0.846777	0.870430
43	33	0.598851	0.455220	0.603947	-0.246948	1.670234	0.340803	93	17	0	9.140025	0.853512	0.920542	0.398894	0.678400	0.833467	0.359445	0.355356	0.391196
43	34	0.212316	0.267158	0.462464	-0.820102	0.767110	0.049321	34	5	0	10.642823	0.224022	0.429522	0.075128	0.170702	0.410600	0.054201	0.021809	0.312540
43	35	0.627425	0.259742	0.426956	0.239392	0.331578	-0.411838	68	14	0	8.405245	0.674070	0.753287	0.808932	0.882216	0.560616	0.679763	0.347979	0.312540
43	36	0.644915	0.197643	0.475591	0.469369	-0.283558	-0.062258	48	11	0	10.103437	0.557248	0.802678	0.372915	0.731799	0.902903	0.535760	0.570478	0.685536
43	37	0.468620	0.293778	0.513848	0.171873	0.371165	0.409384	44	7	0	8.627788	0.680324	0.187139	0.091886	0.432248	0.510343	0.659557	0.447081	0.740378
43	38	0.601908	0.076491	0.467436	0.336985	-1.609259	0.013658	60	12	0	8.076983	0.733082	0.613695	0.511706	0.663566	0.621472	0.668056	0.349663	0.654025
43	39	0.484555	0.145446	0.336319	0.185765	-0.890194	-1.225519	48	9	0	7.900679	0.147530	0.547867	0.069436	0.553801	0.766196	0.632136	0.579217	0.580260
43	40	0.444676	0.354013	0.336319	-0.100878	0.848463	-1.321136	50	11	0	8.203658	0.303480	0.258018	0.135183	0.225866	0.560616	0.734124	0.549070	0.791052
43	41	0.241381	0.147029	0.409134	-0.690164	-0.462512	-0.326129	31	6	0	10.661308	0.569756	0.094532	0.045943	0.158836	0.263310	0.188502	0.240940	0.369227
43	42	0.447462	0.377045	0.336319	0.208616	0.897100	-1.152342	40	7	0	8.061933	0.280869	0.503127	0.652903	0.646648	0.651780	0.234205	0.240940	0.369227
43	43	0.290461	0.356458	0.397336	-0.666125	1.131344	-0.567632	45	9	0	9.134101	0.292816	0.098861	0.181527	0.078817	0.434894	0.496552	0.069035	0.671183
43	44	0.607711	0.248156	0.567511	0.967955	-0.064647	0.952304	33	7	0	7.419592	0.454137	0.846616	0.654346	0.853672	0.673108	0.473060	0.256655	0.650096
43	45	0.700409	0.213819	0.653532	0.743778	0.034105	1.066157	65	13	0	7.074632	0.781831	0.849343	0.572723	0.799230	0.524054	0.710953	0.577774	0.787364
43	46	0.384541	0.243906	0.336319	-0.333449	0.221526	-1.201384	66	12	0	6.704490	0.170382	0.267880	0.420382	0.170702	0.344692	0.668938	0.575048	0.458307
43	47	0.253137	0.282874	0.336319	-0.642197	0.715188	-1.241507	37	7	0	8.935951	0.357521	0.062620	0.104073	0.087155	0.537765	0.193233	0.224423	0.458307
43	48	0.460602	0.248196	0.501936	-0.297108	0.196991	0.162438	69	14	0	7.867704	0.371312	0.444355	0.054522	0.457665	0.600385	0.366020	0.671584	0.718970
43	49	0.590232	0.122294	0.508568	0.373256	-1.058365	0.333281	58	12	0	7.627274	0.481559	0.595253	0.467768	0.633419	0.663566	0.579859	0.531030	0.769403
43	50	0.304141	0.241461	0.378138	-0.504444	0.196331	-0.831905	36	7	0	10.384612	0.215282	0.171584	0.404506	0.144804	0.112171	0.706623	0.411883	0.266276
43	51	0.539819	0.167375	0.507720	-0.398486	-0.402684	-0.065449	86	19	0	8.572657	0.433210	0.735728	0.440988	0.398012	0.735648	0.563342	0.479715	0.531911
43	52	0.564424	0.166834	0.489474	0.257420	-0.668881	0.086616	44	11	0	9.801132	0.671183	0.699567	0.807649	0.519965	0.538406	0.485888	0.148012	0.644724
43	53	0.530037	0.142880	0.490951	0.025683	-0.844574	0.058815	56	11	0	9.265382	0.701411	0.678239	0.296905	0.602790	0.534477	0.319355	0.531911	0.575208
43	54	0.346787	0.221596	0.474961	-0.253650	-0.026275	0.250472	44	8	0	7.937535	0.199647	0.426475	0.050593	0.423428	0.373717	0.644243	0.212396	0.443794
43	55	0.402081	0.216545	0.378138	-0.186126	-0.181853	-0.895793	41	6	0	11.122672	0.456944	0.469532	0.688101	0.109525	0.574727	0.096536	0.343810	0.477470
43	56	0.373246	0.419480	0.458547	0.203636	1.121233	0.259980	27	4	0	8.908394	0.656751	0.586193	0.169820	0.630131	0.249198	0.094452	0.180324	0.419099
43	57	0.796975	0.137869	0.746415	1.296497	-0.563921	1.498305	43	10	0	8.500504	0.815346	0.770285	0.929201	0.777983	0.908836	0.402341	0.790491	0.981318
43	58	0.679963	0.181587	0.385137	0.468993	-0.262149	-0.786245	65	16	0	7.880997	0.654506	0.571280	0.808611	0.794179	0.433772	0.885022	0.631174	0.661161
43	59	0.426485	0.067892	0.378138	-0.105232	-1.787777	-0.735682	51	10	0	7.890389	0.380452	0.350866	0.278143	0.384221	0.490218	0.842367	0.342848	0.342768
43	60	0.396298	0.140535	0.459750	0.018746	-0.893390	0.238008	43	8	0	7.413111	0.522130	0.375722	0.290651	0.350144	0.465443	0.449166	0.506895	0.210231
43	61	0.732310	0.100064	0.513734	0.814876	-1.108777	0.247400	56	11	0	8.615522	0.758098	0.883419	0.709830	0.854795	0.739096	0.562861	0.689224	0.661161
43	62	0.190026	0.084429	0.336319	-1.019362	-0.822767	-1.235802	37	8	0	8.706133	0.195718	0.183371	0.020767	0.144804	0.385824	0.142399	0.134782	0.312540
43	63	0.671224	0.112532	0.753551	0.201573	-0.872729	1.307895	97	18	0	7.103671	0.704378	0.667255	0.511706	0.521488	0.839881	0.732441	0.654586	0.738053
43	64	0.268241	0.280568	0.336319	-0.481804	0.685327	-1.008568	46	10	0	6.556718	0.202614	0.086995	0.201732	0.078817	0.303560	0.551395	0.040330	0.680484
43	65	0.490529	0.253027	0.892067	-0.068111	0.158481	2.165170	59	12	0	8.169557	0.578015	0.385584	0.275016	0.115298	0.709830	0.513470	0.506895	0.840122
43	66	0.306316	0.136406	0.378138	-0.709563	-0.678087	-0.912851	49	10	0	9.458923	0.122434	0.267880	0.323204	0.231318	0.427919	0.243185	0.475064	0.359525
43	67	0.597138	0.259682	0.397336	0.646780	0.091276	-0.476580	40	7	0	8.999287	0.536161	0.734686	0.813262	0.812219	0.486931	0.387909	0.509060	0.496873
43	68	0.382838	0.086855	0.336319	-0.184800	-1.497361	-1.244198	42	9	0	8.330822	0.373156	0.503127	0.009541	0.458788	0.457745	0.431366	0.459750	0.369227
43	69	0.265725	0.165310	0.378138	-0.111891	-0.418447	-0.287021	33	5	0	6.626892	0.206863	0.355757	0.396568	0.163246	0.249198	0.377806	0.098300	0.278063
43	70	0.295402	0.090783	0.474262	-0.346471	-1.326291	0.188517	33	5	0	9.720431	0.376924	0.353672	0.275016	0.092367	0.250722	0.382457	0.353993	0.278063
43	71	0.729354	0.131134	0.450953	0.144580	-0.547862	-0.598870	87	17	0	10.908193	0.786722	0.920863	0.834028	0.783756	0.719933	0.813101	0.387428	0.588999
43	72	0.322923	0.299371	0.401860	-0.238015	0.616615	-0.138577	41	7	0	7.680453	0.105356	0.367623	0.661562	0.069115	0.186097	0.260985	0.468409	0.464240
43	73	0.207144	0.152261	0.336319	-0.817857	-0.215503	-1.234666	32	6	0	9.475445	0.036802	0.182409	0.223300	0.221135	0.104715	0.337476	0.467126	0.084189
43	74	0.175182	0.132056	0.397336	-0.932638	-0.189436	-0.341003	31	6	0	8.598594	0.120189	0.094532	0.098942	0.084910	0.387107	0.219291	0.134782	0.261706
43	75	0.183521	0.197583	0.426956	-1.136728	0.393197	-0.356439	27	6	0	13.655272	0.353031	0.098140	0.053400	0.039288	0.117623	0.393121	0.151860	0.261706
43	76	0.171965	0.067812	0.336319	-0.722369	-0.992923	-0.848092	34	6	0	6.595622	0.145285	0.110487	0.149294	0.055083	0.427437	0.106879	0.119548	0.261706
43	77	0.604053	0.179823	0.336319	0.521098	-0.515766	-1.317570	47	10	0	8.461123	0.661402	0.831863	0.584990	0.802678	0.550433	0.537043	0.407553	0.456462
43	78	0.298469	0.076371	0.378138	-0.382302	-1.495028	-0.640533	40	7	0	8.170715	0.189304	0.320398	0.314945	0.194676	0.326010	0.263951	0.322001	0.456462
43	79	0.397130	0.097097	0.401448	0.000471	-1.515268	-0.417663	26	5	0	12.290651	0.361610	0.521167	0.283275	0.318954	0.418618	0.525657	0.356559	0.391196
43	80	0.391577	0.234265	0.336319	-0.477648	0.129071	-1.429699	60	12	0	8.363460	0.506976	0.382296	0.203335	0.322803	0.255212	0.601106	0.297386	0.563502
43	81	0.808962	0.077033	0.697677	1.697965	-1.324616	1.574522	38	8	0	6.978553	0.865860	0.810375	0.836674	0.685215	0.817271	0.852870	0.920061	0.683371
43	82	0.260884	0.149916	0.399100	-0.614021	-0.445970	-0.348499	43	8	0	8.084309	0.211434	0.139994	0.119468	0.180404	0.281430	0.188502	0.436578	0.529266
43	83	0.349433	0.197262	0.401448	-0.473746	-0.196521	-0.489299	49	8	0	9.527258	0.228111	0.370510	0.212716	0.207425	0.380933	0.543297	0.242303	0.610167
43	84	0.465292	0.241240	0.440919	0.160475	0.040309	0.144771	56	12	0	5.970531	0.343329	0.437700	0.313182	0.299631	0.566950	0.636466	0.607280	0.517800
43	85	0.500120	0.382878	0.336319	-0.185607	1.151402	-1.469960	75	13	0	7.959413	0.290731	0.260904	0.393361	0.287845	0.647611	0.748717	0.529827	0.841966
43	86	0.546755	0.171384	0.564590	0.062004	-0.509679	0.507058	64	13	0	8.071078	0.663967	0.759622	0.276700	0.590202	0.202293	0.662925	0.654827	0.563502
43	87	0.343880	0.138250	0.378138	-0.302409	-0.793192	-0.654802	46	9	0	7.718205	0.149054	0.350866	0.357040	0.132777	0.366180	0.475946	0.426235	0.492944
43	88	0.582936	0.175613	0.511282	1.039932	-0.709241	0.871979	34	8	0	5.650580	0.534157	0.769163	0.643281	0.524695	0.764192	0.500722	0.489416	0.437861
43	89	0.450489	0.095775	0.426956	0.327946	-1.551828	0.018604	33	7	0	7.954406	0.490378	0.474904	0.412364	0.405709	0.314865	0.438342	0.219532	0.847819
44	1	0.273002	0.499118	0.416659	1.969600	1.028544	1.447966	2	1	0	0.000000	0.001443	0.786001	0.704458	0.006334	0.019003	0.438342	0.224423	0.004009
44	2	0.114607	0.124559	0.378138	-0.105968	-0.073710	0.196731	14	2	0	6.934677	0.005292	0.347418	0.033515	0.015314	0.058371	0.004570	0.006334	0.446039
44	3	0.624850	0.108984	0.625733	0.715713	-1.307517	0.979441	43	9	0	8.172406	0.544419	0.598621	0.595334	0.739577	0.800513	0.598701	0.675593	0.446039
44	4	0.617553	0.347278	0.537043	1.277387	0.523793	0.896731	21	5	0	8.009520	0.797226	0.856398	0.345574	0.806366	0.573124	0.661402	0.454298	0.446039
44	5	0.310576	0.169440	0.426956	-0.022801	-0.525776	0.215321	30	7	0	6.846484	0.225305	0.373477	0.225786	0.373637	0.435936	0.203175	0.201251	0.446039
44	6	0.356158	0.239416	0.462464	0.082863	0.011751	0.445543	34	8	0	6.705904	0.245269	0.407954	0.041613	0.314785	0.626283	0.561337	0.205981	0.446039
44	7	0.354404	0.199828	0.485258	-0.155296	-0.225249	0.443782	46	9	0	7.002417	0.416212	0.476668	0.109124	0.403223	0.519484	0.275497	0.188983	0.446039
44	8	0.258439	0.214340	0.336319	-0.675065	0.231980	-1.124437	50	11	0	6.962979	0.210311	0.196039	0.248797	0.089320	0.384461	0.392319	0.100225	0.446039
44	9	0.230025	0.183451	0.439155	-0.394381	-0.233172	0.035459	18	5	0	11.494308	0.084108	0.301636	0.124920	0.118185	0.301555	0.321841	0.388871	0.199086
44	10	0.662304	0.466044	0.686097	1.035400	1.387312	1.336853	33	6	0	8.783431	0.923348	0.812460	0.961754	0.853913	0.525657	0.116581	0.905629	0.199086
44	11	0.323795	0.242122	0.652032	-0.107311	0.053241	1.230900	26	6	0	8.723037	0.100385	0.565427	0.347097	0.033194	0.879570	0.286321	0.179282	0.199086
44	12	0.395275	0.313923	0.563857	0.247092	0.501460	0.964209	31	6	0	7.463388	0.138149	0.454939	0.455340	0.882056	0.625080	0.286321	0.121232	0.199086
44	13	0.327504	0.241060	0.407519	-0.134450	0.096487	-0.078561	34	7	0	7.706282	0.366100	0.123557	0.154185	0.301475	0.459189	0.786241	0.130693	0.298589
44	14	0.305043	0.135423	0.449338	0.041106	-0.874780	0.439630	30	6	0	6.609468	0.185856	0.301235	0.355677	0.135504	0.160119	0.786241	0.217126	0.298589
44	15	0.417766	0.090864	0.401448	0.006001	-1.540438	-0.360653	36	7	0	9.336175	0.474743	0.423990	0.707585	0.276299	0.451491	0.203175	0.408355	0.396488
44	16	0.416583	0.300934	0.514203	0.011637	0.408826	0.355880	34	6	0	10.263914	0.707745	0.669259	0.546183	0.297947	0.307729	0.203175	0.390394	0.210231
44	17	0.409718	0.275698	0.401448	-0.047099	0.300534	-0.277545	44	9	0	7.917179	0.304522	0.392399	0.155388	0.205741	0.554522	0.480436	0.626203	0.558531
44	18	0.457946	0.338538	0.401448	0.203707	0.672399	-0.196778	41	10	0	7.419109	0.588278	0.269083	0.241421	0.194676	0.637989	0.561337	0.670301	0.500481
44	19	0.304602	0.147170	0.336319	-0.434446	-0.601272	-1.142735	45	10	0	7.404063	0.396648	0.363374	0.351427	0.289368	0.236369	0.422627	0.188983	0.188021
44	20	0.264122	0.185816	0.485671	-0.405922	-0.203495	0.389567	29	6	0	8.666693	0.530388	0.324166	0.209750	0.324647	0.427919	0.013550	0.094532	0.188021
44	21	0.318143	0.199567	0.465477	-0.080500	-0.307029	0.289459	25	5	0	9.057893	0.183371	0.305645	0.485407	0.238935	0.288486	0.431366	0.423910	0.188021
44	22	0.233453	0.116862	0.336319	-0.362480	-0.830792	-0.922573	28	6	0	7.339898	0.127405	0.168618	0.212716	0.156430	0.274535	0.356479	0.265314	0.306126
44	23	0.295392	0.283355	0.336319	-0.251441	0.470047	-1.163430	28	5	0	9.345438	0.253849	0.562219	0.126443	0.147611	0.317752	0.037043	0.392239	0.525978
44	24	0.583708	0.210973	0.642342	0.263690	-0.422753	0.559487	34	7	1	11.568692	0.810215	0.770927	0.515555	0.676876	0.533435	0.577453	0.411001	0.374198
44	25	0.125912	0.049972	0.336319	-1.088640	-0.947400	-1.068745	22	5	0	9.242155	0.115298	0.109365	0.059012	0.097819	0.420783	0.050433	0.061498	0.093089
44	26	0.172867	0.117303	0.409134	-0.300440	-0.628287	0.162911	16	3	0	9.365962	0.327053	0.035119	0.688101	0.109525	0.058611	0.050433	0.021007	0.093089
44	27	0.256946	0.278263	0.450266	-0.134043	0.500224	0.327937	23	4	0	8.336024	0.313502	0.654987	0.544179	0.156430	0.150577	0.050433	0.092367	0.093089
44	28	0.319586	0.203195	0.528177	-0.011625	-0.265774	0.743044	27	5	0	8.121587	0.249519	0.340202	0.079538	0.175754	0.341886	0.167174	0.721055	0.481559
44	29	0.656030	0.397250	0.516540	0.865639	1.093326	0.480723	44	8	0	8.072373	0.820799	0.902662	0.936257	0.775337	0.295622	0.489978	0.721456	0.306126
44	30	0.195147	0.130031	0.336319	-0.982549	-0.303130	-1.244006	39	7	0	8.818879	0.194756	0.089721	0.279266	0.183130	0.330019	0.140956	0.091565	0.251764
44	31	0.213348	0.044780	0.401448	-0.827400	-1.691516	-0.294726	36	8	0	8.577479	0.230115	0.254410	0.253528	0.057569	0.277983	0.239256	0.145526	0.248396
44	32	0.339400	0.179242	0.401448	0.118748	-0.485778	0.072591	34	6	0	6.578419	0.367864	0.377325	0.488374	0.190106	0.262989	0.416533	0.446440	0.165571
44	33	0.331913	0.246492	0.457654	-0.121027	0.137117	0.268299	35	7	0	7.619545	0.495991	0.528464	0.155388	0.439064	0.196520	0.267800	0.361851	0.210231
44	34	0.192892	0.147711	0.385137	0.290605	-0.475143	0.363486	16	3	0	4.858847	0.197563	0.015074	0.139833	0.061257	0.214561	0.279266	0.371472	0.264112
44	35	0.238905	0.172286	0.397336	-0.796921	-0.136008	-0.513857	39	8	0	9.219373	0.093089	0.089721	0.139833	0.291132	0.328335	0.277421	0.427598	0.264112
44	36	0.303219	0.205380	0.465477	0.042807	-0.209984	0.522222	28	5	0	7.186712	0.191709	0.443233	0.298829	0.247434	0.209509	0.402341	0.194836	0.437861
44	37	0.704999	0.356639	0.571955	0.644441	1.104133	0.581280	65	14	0	7.649812	0.572563	0.906430	0.951171	0.969291	0.702453	0.337476	0.526219	0.674391
44	38	0.162484	0.153644	0.378138	-1.116585	0.221929	-0.614348	43	7	0	7.848163	0.088438	0.088438	0.218329	0.072322	0.299471	0.096536	0.074567	0.361770
44	39	0.244768	0.149675	0.459750	-0.584274	-0.384220	0.258242	43	8	0	7.280064	0.339480	0.192912	0.143682	0.237251	0.283595	0.327213	0.072242	0.361770
44	40	0.236740	0.058311	0.336319	-0.509857	-1.652963	-1.158481	27	5	0	9.408789	0.200529	0.431126	0.233563	0.205741	0.256815	0.177277	0.137107	0.251764
44	41	0.298679	0.111209	0.336319	-0.483815	-1.015837	-1.188430	43	10	0	7.793561	0.254330	0.234124	0.378768	0.237251	0.445799	0.314144	0.187700	0.337316
44	42	0.301686	0.216545	0.470150	-0.236862	-0.001632	0.429482	38	9	0	6.813129	0.429843	0.423589	0.145125	0.242784	0.441870	0.220734	0.172226	0.337316
44	43	0.215823	0.210391	0.336319	-0.069505	-0.076825	-0.956795	14	3	0	12.438792	0.431206	0.101668	0.551315	0.015314	0.270045	0.113695	0.148573	0.094772
44	44	0.224824	0.145185	0.378138	0.494866	-0.900285	-0.072411	11	2	0	10.023754	0.037845	0.777822	0.519243	0.069115	0.071280	0.113695	0.114817	0.094772
44	45	0.209048	0.199727	0.470150	-0.604844	0.086743	0.171190	21	4	0	12.865777	0.799150	0.227550	0.050593	0.345574	0.059573	0.003929	0.098300	0.087716
44	46	0.137799	0.084048	0.385137	-0.242989	-0.870229	-0.113604	11	2	0	12.912558	0.090603	0.015074	0.037444	0.625802	0.130933	0.003929	0.110888	0.087716
44	47	0.292154	0.169860	0.336319	-0.350841	-0.464241	-1.253425	28	5	0	10.566658	0.560135	0.331543	0.339160	0.465202	0.135744	0.003929	0.279025	0.222498
44	48	0.174401	0.153323	0.336319	-1.137733	0.061257	-1.333332	31	7	0	10.638023	0.126123	0.219371	0.343970	0.278544	0.142800	0.003929	0.032072	0.248396
44	49	0.410279	0.288867	0.489474	0.266221	0.227681	0.411334	24	5	0	9.466488	0.724343	0.560856	0.542656	0.504330	0.143602	0.296584	0.049631	0.460231
44	50	0.166994	0.098481	0.336319	-0.821802	-0.577434	-1.013609	24	6	0	8.227318	0.088438	0.066469	0.248797	0.173188	0.152261	0.101427	0.179282	0.326090
44	51	0.349232	0.082364	0.426956	0.414586	-1.707924	0.401125	23	5	0	6.556294	0.393201	0.459589	0.321360	0.381575	0.227550	0.346135	0.273252	0.391196
44	52	0.056817	0.060876	0.336319	-1.176550	0.519300	-0.647303	13	3	0	8.772007	0.070157	0.026780	0.082425	0.014352	0.090924	0.124599	0.039208	0.006094
44	53	0.214150	0.135744	0.446154	-0.671739	-0.466223	0.065782	31	5	0	9.247100	0.255853	0.139994	0.250561	0.048348	0.231639	0.260985	0.065587	0.460231
44	54	0.506785	0.257116	0.505315	0.727286	-0.147288	0.521167	22	4	0	10.254498	0.689384	0.814785	0.447482	0.655949	0.463198	0.286321	0.103031	0.594131
44	55	0.197021	0.132377	0.378138	-0.582485	-0.422136	-0.452942	26	5	0	8.030220	0.037284	0.145045	0.177838	0.238935	0.207585	0.405067	0.058291	0.306126
44	56	0.508679	0.342988	0.562998	-0.009755	0.809568	0.490405	59	11	0	8.555286	0.735728	0.544901	0.857200	0.658595	0.269083	0.305965	0.344532	0.353432
44	57	0.259812	0.229975	0.426773	-0.542321	0.235093	-0.097777	33	8	0	8.484952	0.306767	0.278303	0.382537	0.126283	0.132216	0.405067	0.093890	0.353432
44	58	0.327203	0.099683	0.336319	-0.207235	-1.306838	-1.216009	33	5	0	9.511013	0.314464	0.296825	0.438422	0.209509	0.646648	0.298268	0.060055	0.353432
44	59	0.385083	0.278404	0.485075	0.464926	0.062032	0.472496	19	3	0	11.023754	0.248877	0.328656	0.477710	0.643842	0.216725	0.144804	0.255452	0.764593
45	1	0.207545	0.259020	0.489187	1.624903	-0.104985	1.940623	2	1	0	0.000000	0.009301	0.785520	0.635904	0.006334	0.020285	0.144804	0.054201	0.004009
45	2	0.180785	0.179041	0.436418	-0.737437	0.248845	0.203580	34	6	0	7.089020	0.058852	0.165651	0.088198	0.016597	0.478432	0.259301	0.117543	0.261706
45	3	0.191679	0.295281	0.399100	-0.634662	1.137277	-0.028537	36	6	0	6.663862	0.125160	0.012909	0.101187	0.057569	0.340282	0.051555	0.384541	0.460231
45	4	0.439464	0.465823	0.620098	-0.062295	1.417312	0.835275	42	9	0	9.255573	0.702935	0.707826	0.196841	0.516758	0.744468	0.025497	0.252165	0.369227
45	5	0.490168	0.418457	0.826320	-0.701574	1.531288	1.422682	108	20	0	8.019100	0.456623	0.696681	0.681527	0.316870	0.222819	0.025497	0.764112	0.757216
45	6	0.512839	0.186057	0.378138	0.073215	-0.373742	-0.744241	66	13	0	7.044527	0.462556	0.331543	0.235568	0.489737	0.590362	0.692351	0.778945	0.521648
45	7	0.160479	0.184914	0.336319	-0.564038	0.259285	-0.909876	17	4	0	9.258626	0.053720	0.224182	0.117463	0.118185	0.459990	0.019163	0.259702	0.031430
45	8	0.320237	0.244929	0.378138	-0.959091	0.434009	-1.009340	72	15	0	8.336220	0.219291	0.373797	0.265956	0.153223	0.197001	0.019163	0.602550	0.730917
45	9	0.302307	0.117162	0.336319	-0.731702	-0.847203	-1.346054	57	12	0	7.928888	0.419019	0.146648	0.358323	0.299631	0.365058	0.019163	0.325449	0.485167
45	10	0.417134	0.140515	0.385137	-0.896955	-0.567052	-1.018923	94	21	0	7.967072	0.354715	0.337797	0.345574	0.433852	0.480677	0.345013	0.501764	0.537684
45	11	0.430264	0.344432	0.440919	-0.201773	0.839003	-0.125012	54	12	0	7.901888	0.206863	0.427598	0.166854	0.204137	0.495269	0.716645	0.424551	0.800192
45	12	0.375060	0.308371	0.397336	-0.862749	0.846385	-0.844316	78	15	0	8.900477	0.237091	0.129971	0.321360	0.163246	0.509381	0.354314	0.579859	0.705260
45	13	0.613705	0.230757	0.336319	0.045639	0.143999	-1.572764	77	17	0	8.188790	0.520125	0.340202	0.681046	0.478512	0.511626	0.893281	0.581302	0.903544
45	14	0.707154	0.150377	0.614004	0.661426	-0.502906	0.833341	74	14	0	6.998491	0.780709	0.824487	0.507056	0.768281	0.937219	0.359445	0.692672	0.787364
45	15	0.299982	0.232360	0.414277	-0.736732	0.300086	-0.294596	58	13	0	7.571441	0.345414	0.051155	0.229955	0.109525	0.576171	0.246392	0.191148	0.650096
45	16	0.558922	0.402882	0.554671	-0.078280	1.307903	0.354142	86	13	0	7.941749	0.307248	0.311097	0.318794	0.430404	0.664609	0.837556	0.921183	0.680484
45	17	0.625271	0.457585	0.879685	-0.353457	1.849358	1.715492	129	26	0	7.182115	0.371312	0.468008	0.376283	0.387187	0.839721	0.786241	0.849022	0.924391
45	18	0.536722	0.203015	0.336319	-0.069562	-0.202451	-1.523222	67	13	0	8.673102	0.503688	0.722659	0.193473	0.428720	0.657152	0.484445	0.490218	0.813422
45	19	0.401680	0.080280	0.336319	-0.631352	-1.371146	-1.432140	82	17	0	7.128929	0.342768	0.297547	0.361289	0.291132	0.353111	0.421023	0.282152	0.864416
45	20	0.421715	0.390856	0.336319	0.150544	0.991376	-1.120042	38	7	0	7.941227	0.384942	0.229634	0.075128	0.231318	0.673990	0.534798	0.622354	0.621552
45	21	0.791292	0.055244	0.697803	0.451816	-1.348759	0.820912	103	18	0	8.382649	0.794019	0.767239	0.749439	0.792575	0.949407	0.732441	0.725545	0.819676
45	22	0.323675	0.242243	0.336319	-0.707510	0.361440	-1.328514	68	13	0	7.296930	0.389112	0.175513	0.108242	0.144804	0.686658	0.271007	0.341084	0.472979
45	23	0.787644	0.208487	0.659145	0.273828	0.507231	0.614186	119	25	0	7.594517	0.700850	0.919259	0.584269	0.760504	0.915571	0.710391	0.739416	0.970895
45	24	0.792174	0.093509	0.681229	0.323839	-0.715172	0.664294	102	23	0	8.591753	0.796103	0.873717	0.863374	0.893040	0.835071	0.522691	0.701491	0.851908
45	25	0.404697	0.318052	0.414231	-0.618451	0.882042	-0.438388	83	16	0	7.257864	0.332745	0.195398	0.288967	0.178801	0.591325	0.581062	0.451572	0.617704
45	26	0.442361	0.253668	0.378138	-0.565402	0.362562	-0.961261	87	18	0	7.212267	0.356879	0.541132	0.620750	0.245029	0.385824	0.316469	0.280067	0.792736
45	27	0.474834	0.198104	0.378138	-0.064364	-0.274692	-0.799801	63	11	0	7.673036	0.352470	0.270767	0.478592	0.316870	0.436578	0.470574	0.741902	0.730917
45	28	0.681707	0.186097	0.519346	0.452414	-0.199170	0.225912	69	15	0	7.994428	0.790491	0.728031	0.740138	0.552197	0.698765	0.848942	0.523653	0.571440
45	29	0.549962	0.165972	0.712304	0.134800	-0.591435	1.222119	59	12	0	8.260021	0.624439	0.664929	0.598461	0.695318	0.728031	0.173428	0.555564	0.359525
45	30	0.311297	0.304021	0.397336	-0.887490	0.922363	-0.623233	76	14	0	7.487325	0.242704	0.065587	0.375401	0.202213	0.470334	0.504089	0.092367	0.537684
45	31	0.376112	0.201271	0.421367	-0.477930	-0.091921	-0.239492	70	12	0	7.206935	0.504410	0.257296	0.309173	0.216485	0.317351	0.429682	0.192672	0.781831
45	32	0.438512	0.136325	0.835368	-0.929688	-0.614678	1.426150	99	22	0	8.386881	0.511546	0.430324	0.269243	0.437620	0.570638	0.286321	0.424551	0.577854
45	33	0.287514	0.208126	0.447918	-0.842653	0.114830	-0.183815	53	11	0	8.995381	0.247996	0.167415	0.176956	0.209509	0.397611	0.418457	0.200609	0.481559
45	34	0.354244	0.193874	0.820604	-0.801972	-0.068243	1.607001	74	14	0	8.239764	0.292415	0.208387	0.446119	0.291132	0.518922	0.352229	0.161241	0.563502
45	35	0.485758	0.164188	0.460116	-0.591617	-0.410333	-0.362087	93	17	0	8.502703	0.330260	0.380532	0.446119	0.495189	0.604795	0.549471	0.405308	0.674391
45	36	0.241190	0.180424	0.336319	-0.476493	-0.065986	-0.920636	44	8	0	6.305616	0.232521	0.176956	0.165330	0.075369	0.515154	0.288566	0.048268	0.427357
45	37	0.355095	0.436758	0.336319	-0.318931	1.432006	-1.221226	51	9	0	7.736267	0.139673	0.123557	0.544179	0.675914	0.081462	0.334990	0.283916	0.657072
46	1	0.279586	0.454759	0.562082	1.991765	0.764256	2.321989	2	1	0	0.000000	0.037845	0.741100	0.635904	0.006334	0.042174	0.334990	0.434333	0.004009
46	2	0.193283	0.153364	0.436418	-0.660257	-0.101003	0.203580	34	6	0	7.089020	0.019403	0.174631	0.088198	0.016597	0.037845	0.876203	0.110888	0.222498
46	3	0.566659	0.360888	0.401448	-0.125144	1.092732	-0.622219	88	16	0	7.669809	0.252325	0.413566	0.381254	0.415892	0.624278	0.813101	0.750802	0.882056
46	4	0.825198	0.085351	0.716714	0.322250	-0.568868	0.869133	136	30	0	7.129439	0.836674	0.945558	0.771328	0.618666	0.849182	0.935696	0.851748	0.792736
46	5	0.433401	0.106378	0.447918	-0.620834	-1.077524	-0.293817	81	18	0	7.801595	0.427277	0.279025	0.328817	0.375000	0.419820	0.400818	0.638951	0.597498
46	6	0.339911	0.163687	0.378138	-0.348577	-0.480222	-0.640607	53	9	0	7.310392	0.230115	0.372996	0.452614	0.278544	0.311658	0.150257	0.422627	0.500481
46	7	0.344111	0.123898	0.399100	-0.698228	-0.788856	-0.519473	72	14	0	7.312804	0.285600	0.155228	0.237171	0.199727	0.314144	0.784076	0.464400	0.312540
46	8	0.702002	0.137969	0.440919	-0.196926	-0.346488	-0.630853	131	29	0	7.534847	0.464801	0.626123	0.681046	0.635263	0.859525	0.741421	0.720013	0.887829
46	9	0.828797	0.132276	0.600293	0.516649	-0.118053	0.315617	99	25	0	8.251604	0.891357	0.922306	0.894243	0.961033	0.805244	0.656911	0.788326	0.710953
46	10	0.851768	0.136786	0.550261	0.698949	0.101907	0.228895	120	25	0	6.743825	0.929682	0.791292	0.796905	0.953736	0.886706	0.641758	0.873958	0.940106
46	11	0.720324	0.090643	0.438090	0.291155	-1.021457	-0.421265	96	20	0	7.371087	0.607601	0.775898	0.682248	0.660359	0.844291	0.727069	0.700529	0.764593
46	12	0.701361	0.074407	0.635859	0.199554	-1.318618	0.573035	92	17	0	8.410561	0.714400	0.740860	0.301716	0.718169	0.826892	0.706302	0.773412	0.829137
46	13	0.254330	0.132537	0.336319	-0.878413	-0.449076	-1.194570	64	13	0	6.629284	0.209589	0.164368	0.207826	0.135504	0.120350	0.272210	0.342126	0.582665
46	14	0.204899	0.238454	0.397336	-1.023738	0.716452	-0.447438	51	9	0	7.857171	0.138149	0.018281	0.060856	0.103352	0.620430	0.309814	0.075770	0.312540
46	15	0.938693	0.037364	0.609777	0.101463	-0.172105	-0.332707	245	49	0	9.307394	0.856078	0.934814	0.934894	0.911883	0.977630	0.962716	0.945237	0.986289
46	16	0.632557	0.109084	0.487973	-0.156415	-0.938419	-0.200313	100	19	0	8.295822	0.721376	0.647210	0.835712	0.636466	0.628849	0.524134	0.499198	0.567511
46	17	0.850956	0.094391	0.603248	0.300270	-0.295668	0.141346	140	28	0	8.282297	0.669580	0.830741	0.884140	0.762508	0.901299	0.933371	0.897611	0.928400
46	18	0.474423	0.231519	0.336319	-0.506877	0.162172	-1.579101	84	18	0	7.883070	0.330741	0.377325	0.656430	0.506013	0.435936	0.577453	0.243345	0.668137
46	19	0.472418	0.172506	0.394621	-0.002850	-0.568588	-0.595200	53	10	0	8.240774	0.383579	0.392399	0.273813	0.657473	0.518682	0.372755	0.486209	0.694436
46	20	0.790160	0.088178	0.465477	-0.027889	-0.620001	-0.589800	155	27	0	8.068880	0.759060	0.939144	0.640314	0.970253	0.740058	0.748717	0.734365	0.789368
46	21	0.798799	0.090543	0.508510	-0.050640	-0.740106	-0.568082	121	26	1	8.394819	0.848060	0.814304	0.707104	0.755613	0.835391	0.725225	0.787925	0.916774
46	22	0.325930	0.054262	0.336319	-0.585293	-1.773446	-1.236843	65	12	0	6.945090	0.329779	0.272210	0.290651	0.292816	0.314625	0.309814	0.396809	0.400738
46	23	0.377816	0.265174	0.336319	-0.449425	0.425056	-1.275841	67	13	0	7.031528	0.267319	0.100144	0.239577	0.262508	0.657793	0.476668	0.338037	0.680484
46	24	0.635413	0.138530	0.615000	-0.206120	-0.584551	0.361016	96	20	0	8.920913	0.708547	0.772370	0.352389	0.580099	0.662524	0.577453	0.683691	0.746232
46	25	0.683301	0.308250	0.460758	0.372422	0.827965	-0.198544	75	15	0	8.241257	0.779586	0.803400	0.929843	0.870269	0.440427	0.477470	0.523332	0.642078
46	26	0.679652	0.284457	0.401448	-0.715474	1.055929	-1.246694	169	32	0	8.808920	0.570879	0.464160	0.477710	0.567832	0.811899	0.883339	0.758980	0.902421
46	27	0.399365	0.131394	0.378138	-0.445199	-0.883313	-0.965235	56	10	0	9.483889	0.532312	0.322162	0.424872	0.354394	0.427197	0.321841	0.198605	0.613534
46	28	0.594271	0.183812	0.541602	-0.128188	-0.199603	0.238073	93	19	0	7.514916	0.527582	0.712636	0.353352	0.612171	0.703736	0.571761	0.505853	0.767078
46	29	0.833096	0.237853	0.840717	0.565087	0.868557	1.386895	99	19	0	9.164020	0.927117	0.978432	0.998958	0.994628	0.477389	0.665250	0.771087	0.851908
46	30	0.516587	0.160780	0.385137	-0.461204	-0.434757	-0.956667	97	20	0	7.566841	0.447723	0.264994	0.680164	0.362251	0.795462	0.556126	0.491661	0.534317
46	31	0.570438	0.374719	0.682328	-0.006682	1.109009	0.976723	74	15	0	8.068163	0.318714	0.727149	0.870590	0.887348	0.411482	0.553560	0.301716	0.492944
46	32	0.469391	0.256094	0.446154	-0.576808	0.362457	-0.378702	84	19	0	8.084356	0.366661	0.206623	0.412364	0.286241	0.708066	0.438342	0.769323	0.567511
46	33	0.630442	0.152542	0.528452	-0.246585	-0.404096	0.016032	108	23	0	7.849519	0.783435	0.664128	0.469852	0.638550	0.851908	0.296584	0.620109	0.718970
46	34	0.376784	0.129149	0.336319	-0.942971	-0.630988	-1.541402	100	20	0	7.018254	0.348220	0.136786	0.295141	0.280548	0.401700	0.454618	0.409317	0.687941
46	35	0.855807	0.133038	0.727366	0.240392	0.201097	0.655736	139	30	0	8.881717	0.760022	0.925192	0.812219	0.953255	0.885985	0.962235	0.645125	0.902421
47	1	0.530869	0.271689	0.525245	0.544621	0.159484	0.651784	42	8	0	7.369641	0.402101	0.607280	0.233563	0.404506	0.704939	0.793778	0.665811	0.434974
47	2	0.652031	0.153243	0.426773	0.005670	-0.415318	-0.550875	100	19	0	7.631337	0.490058	0.713037	0.512749	0.591164	0.645045	0.801475	0.718249	0.744468
47	3	0.492122	0.156230	0.336319	-0.539903	-0.467728	-1.601818	100	19	0	7.464272	0.435455	0.384301	0.388470	0.409317	0.720334	0.236690	0.484766	0.877646
47	4	0.937510	0.044119	0.785462	0.316995	-0.129132	0.639797	208	40	0	8.994263	0.921584	0.961915	0.951331	0.977790	0.967207	0.961754	0.911722	0.846777
47	5	0.300353	0.188522	0.336319	0.225477	-0.499989	-0.933935	19	3	0	9.676839	0.098380	0.379570	0.225786	0.249439	0.366982	0.209349	0.026539	0.846777
47	6	0.593960	0.253528	0.589652	1.129333	-0.148319	1.064289	23	4	0	8.689512	0.498557	0.684333	0.686658	0.550112	0.149775	0.396969	0.938502	0.846777
47	7	0.406841	0.216946	0.416659	-0.245971	-0.086399	-0.265922	55	10	0	8.005480	0.283675	0.477550	0.265956	0.218890	0.352389	0.506414	0.492784	0.657072
47	8	0.479484	0.191128	0.522530	0.052362	-0.616601	0.154810	35	6	1	9.332353	0.450850	0.702614	0.398012	0.562620	0.576652	0.305965	0.544419	0.294740
47	9	0.233503	0.085291	0.378138	-0.736991	-1.082983	-0.664292	42	8	0	8.104434	0.291373	0.237572	0.084830	0.132777	0.341164	0.253929	0.231639	0.294740
47	10	0.474383	0.183150	0.399100	-0.654607	-0.200118	-0.827445	96	19	0	8.046128	0.532473	0.407954	0.287765	0.329939	0.474262	0.612091	0.567912	0.582665
47	11	0.401780	0.150918	0.336319	-0.065241	-0.719002	-1.063164	54	11	0	6.406895	0.395205	0.370510	0.612251	0.272851	0.324006	0.500722	0.285279	0.453416
47	12	0.522992	0.110508	0.497457	-0.819810	-0.859577	-0.304579	131	23	0	8.258717	0.464400	0.336754	0.420382	0.487251	0.460953	0.712075	0.511065	0.791052
47	13	0.595384	0.076010	0.336319	0.052384	-1.565361	-1.600399	67	14	0	9.233065	0.584509	0.425353	0.721456	0.583948	0.796584	0.572963	0.531911	0.546344
47	14	0.459750	0.128849	0.385137	-0.158972	-0.964262	-0.684450	60	13	0	7.673531	0.354394	0.387508	0.416533	0.294339	0.739496	0.409958	0.478271	0.597498
47	15	0.876904	0.055144	0.532931	-0.743438	-0.637746	-1.240949	221	47	3	10.154720	0.806527	0.840924	0.899856	0.854955	0.926796	0.877566	0.862973	0.945638
47	16	0.738174	0.134742	0.378138	-0.028977	-0.317721	-1.319101	129	25	0	7.945880	0.674952	0.743826	0.438422	0.710231	0.923990	0.715122	0.822883	0.875962
47	17	0.318564	0.165050	0.487790	-0.157408	-0.537106	0.476447	37	6	0	7.678679	0.416212	0.549711	0.147049	0.360087	0.194516	0.363294	0.217126	0.300513
47	18	0.735277	0.083046	0.485075	0.052893	-1.228531	-0.562440	83	17	1	9.494865	0.785038	0.798910	0.742704	0.932168	0.755372	0.593730	0.756495	0.517800
47	19	0.743916	0.196280	0.522737	0.679796	0.096600	0.342957	88	15	0	6.715733	0.437059	0.792976	0.847579	0.881735	0.699006	0.992704	0.757938	0.542335
47	20	0.723390	0.144624	0.575896	-0.364367	-0.159965	-0.042313	149	30	0	8.382419	0.630933	0.683531	0.586273	0.641918	0.901620	0.780869	0.792575	0.769403
47	21	0.651640	0.161762	0.675284	0.522238	-0.546613	1.115618	61	13	0	7.628333	0.613053	0.531751	0.257858	0.749519	0.742062	0.915731	0.633740	0.769403
47	22	0.603201	0.184072	0.491890	0.396883	-0.424283	0.144982	54	10	0	8.803314	0.660439	0.938502	0.210953	0.760183	0.606719	0.504089	0.651780	0.492944
47	23	0.342978	0.256194	0.401860	-0.338919	0.253080	-0.328383	43	7	0	9.009608	0.172386	0.264994	0.923108	0.103352	0.286001	0.522691	0.097097	0.374198
47	24	0.571360	0.117002	0.336319	0.194750	-1.355229	-1.716369	39	7	1	10.780922	0.622114	0.541373	0.515555	0.656911	0.483964	0.665250	0.577133	0.508579
47	25	0.543357	0.201551	0.503081	-0.366458	-0.120128	-0.131615	80	17	0	9.566917	0.679201	0.635824	0.163727	0.676155	0.717126	0.348060	0.608964	0.517800
47	26	0.533164	0.099322	0.447918	-0.101287	-1.212628	-0.158505	81	16	0	7.136376	0.476507	0.441228	0.284397	0.542896	0.565988	0.527502	0.570077	0.856719
47	27	0.309293	0.226688	0.401448	-0.550036	0.131422	-0.440869	47	7	0	9.323925	0.171584	0.340202	0.456543	0.087155	0.596777	0.232681	0.398332	0.191068
47	28	0.331944	0.190427	0.336319	-0.691034	-0.151152	-1.471992	57	10	0	9.188324	0.204378	0.291292	0.003127	0.388470	0.349343	0.464801	0.221376	0.732761
47	29	0.412304	0.119387	0.378138	-0.323022	-1.084079	-0.907783	50	11	0	9.153632	0.169179	0.514833	0.389753	0.347097	0.324006	0.683531	0.442672	0.427357
47	30	0.702935	0.067231	0.378138	0.173437	-1.576544	-1.334751	81	14	1	8.208750	0.645366	0.759862	0.739577	0.767559	0.717688	0.459589	0.822883	0.710953
47	31	0.556948	0.253027	0.426956	0.227682	0.127534	-0.345150	57	8	0	9.278977	0.599984	0.547386	0.321360	0.681046	0.816469	0.456382	0.347418	0.685536
47	32	0.536101	0.298208	0.397336	-0.494826	0.769530	-0.883223	106	21	0	7.638398	0.296504	0.319115	0.367944	0.539609	0.659237	0.595173	0.652181	0.859044
47	33	0.615799	0.215483	0.397336	0.418768	-0.069598	-0.516443	67	12	0	7.331000	0.351187	0.611450	0.691469	0.643842	0.840122	0.793778	0.505853	0.488695
47	34	0.345063	0.227850	0.436440	-0.645143	0.208071	-0.162714	69	15	0	6.969306	0.203015	0.113454	0.218329	0.231318	0.147611	0.881735	0.351507	0.613534
47	35	0.758499	0.188041	0.520904	0.707312	-0.026391	0.141934	69	12	0	9.078648	0.766036	0.711995	0.619067	0.643842	0.886546	0.960231	0.655228	0.825048
47	36	0.591104	0.287404	0.553675	-0.011296	0.571707	0.278834	79	14	0	8.610241	0.429121	0.417094	0.398894	0.672787	0.835712	0.908515	0.499198	0.567511
47	37	0.385955	0.165010	0.336319	-0.252195	-0.634136	-1.433681	40	6	0	11.470927	0.247434	0.419660	0.254891	0.432248	0.473300	0.285038	0.407553	0.567511
47	38	0.804011	0.128829	0.426956	-0.178522	-0.028832	-1.017488	164	33	0	8.449906	0.825048	0.752165	0.718730	0.818473	0.936257	0.851427	0.589881	0.940106
48	1	0.814605	0.064765	0.520767	1.843745	-1.627818	0.628819	23	5	0	9.099876	0.390154	0.911081	0.851347	0.954378	0.881976	0.784076	0.849904	0.893922
48	2	0.805875	0.079478	0.732429	0.846063	-1.025178	1.176557	75	15	0	8.315273	0.912043	0.853031	0.931126	0.839801	0.866742	0.674952	0.854394	0.514913
48	3	0.194466	0.238234	0.394621	-0.313429	0.512446	-0.033492	22	4	0	7.363809	0.066790	0.040170	0.354394	0.078817	0.067832	0.289609	0.143201	0.514913
48	4	0.714090	0.262147	0.446154	0.175614	0.707600	-0.357672	116	21	0	6.935820	0.581783	0.493505	0.590763	0.681607	0.867303	0.851988	0.795542	0.850225
48	5	0.495821	0.124138	0.401448	-0.684577	-0.768372	-0.799572	113	20	0	7.810694	0.607842	0.516357	0.445558	0.457665	0.357120	0.527502	0.356559	0.697963
48	6	0.583046	0.118906	0.463094	-0.719799	-0.698245	-0.596258	142	24	0	8.511428	0.578656	0.557168	0.287765	0.428720	0.779266	0.597498	0.598861	0.836434
48	7	0.274014	0.267419	0.401448	-0.496696	0.574431	-0.143214	49	9	0	6.823131	0.170382	0.445879	0.172065	0.089320	0.108162	0.461273	0.330661	0.414368
48	8	0.477119	0.244508	0.492280	0.548157	-0.140123	0.528781	31	5	0	8.036310	0.190587	0.451732	0.917335	0.055083	0.537925	0.586033	0.661321	0.416934
48	9	0.583968	0.168838	0.617097	0.314227	-0.581620	0.710882	56	8	0	9.553076	0.729314	0.671584	0.248797	0.563903	0.644484	0.693634	0.703095	0.416934
48	10	0.838418	0.125541	0.562460	0.249683	-0.029053	-0.071263	133	27	0	8.749781	0.663727	0.591966	0.993826	0.883499	0.890635	0.824888	0.890876	0.967928
48	11	0.782142	0.161903	0.426956	-0.433244	0.311434	-1.065412	193	40	0	7.997373	0.727790	0.665330	0.563582	0.856960	0.916774	0.724904	0.848701	0.953095
48	12	0.587316	0.164589	0.616295	-0.392967	-0.334253	0.374515	104	20	0	8.556919	0.706302	0.549471	0.383659	0.528704	0.584028	0.409958	0.649375	0.887027
48	13	0.221667	0.120350	0.385137	-0.893327	-0.538588	-0.554518	51	9	0	7.684736	0.271648	0.081543	0.168377	0.100625	0.199166	0.272210	0.179282	0.500481
48	14	0.303891	0.224483	0.397336	-0.847539	0.326493	-0.497586	78	16	0	6.506031	0.322803	0.137989	0.191068	0.164929	0.329458	0.641196	0.101347	0.542335
48	15	0.852159	0.072723	0.552254	0.023581	-0.466705	-0.238885	179	35	0	8.013321	0.856719	0.807970	0.740699	0.835953	0.921665	0.807088	0.866742	0.980436
48	16	0.824938	0.097118	0.566572	0.110262	-0.347824	-0.020960	155	30	0	7.833622	0.815988	0.784718	0.817832	0.757056	0.749359	0.913326	0.869227	0.891998
48	17	0.512929	0.183170	0.336319	-1.117325	-0.013605	-2.077655	140	29	0	9.146571	0.578416	0.525818	0.457505	0.512588	0.273493	0.643441	0.247755	0.864416
48	18	0.847198	0.188262	0.586021	0.612668	0.549115	0.216580	106	20	0	8.696799	0.893121	0.957104	0.699567	0.968970	0.904987	0.921023	0.755853	0.676956
48	19	0.320037	0.196841	0.378138	-0.344602	-0.172827	-0.629287	45	8	0	7.726778	0.236530	0.149615	0.568714	0.305805	0.208467	0.331222	0.082986	0.676956
48	20	0.754250	0.218149	0.671218	0.317486	0.422485	0.738383	106	18	0	8.035165	0.821921	0.610648	0.623717	0.997033	0.890314	0.697482	0.612332	0.780548
48	21	0.625912	0.122915	0.682718	0.412756	-0.963808	1.193855	67	15	0	6.960349	0.738855	0.578175	0.593890	0.696921	0.586594	0.398332	0.633980	0.780548
48	22	0.351918	0.141036	0.378138	-0.643784	-0.646031	-0.899779	63	12	0	8.227830	0.364176	0.164368	0.256414	0.262508	0.451972	0.324246	0.211113	0.780548
48	23	0.313452	0.135423	0.426956	-0.759632	-0.661278	-0.322317	54	13	0	8.490334	0.334028	0.232922	0.398894	0.211995	0.603512	0.106879	0.268201	0.351187
48	24	0.815006	0.091204	0.599434	0.515047	-0.679855	0.308171	97	20	0	8.722670	0.837957	0.897771	0.935455	0.860568	0.883499	0.677999	0.540491	0.886305
48	25	0.943123	0.060696	0.613179	0.329431	0.310785	-0.167884	224	43	0	8.552462	0.976988	0.969131	0.829217	0.998637	0.975225	0.879731	0.931126	0.984926
48	26	0.890224	0.093389	0.644381	0.458271	0.024562	0.316964	159	29	0	7.855456	0.895847	0.750962	0.998156	0.845975	0.937380	0.862733	0.855837	0.974904
48	27	0.909638	0.038927	0.678480	0.579069	-0.741528	0.475507	151	30	0	8.108086	0.827213	0.876924	0.982441	0.929442	0.909157	0.897530	0.936899	0.917495
48	28	0.500150	0.105216	0.401448	-0.223306	-1.183253	-0.553205	75	15	0	7.783682	0.524134	0.433291	0.491421	0.221135	0.600385	0.541292	0.576010	0.613534
48	29	0.981058	0.019764	0.855047	0.425569	0.520417	0.722885	314	60	0	8.932172	0.954538	0.982120	0.943473	0.993826	0.988534	0.999759	0.987733	0.998477
49	1	0.872795	0.096737	0.626913	1.276701	-0.402670	0.861145	83	18	0	6.516216	0.753929	0.911722	0.790010	0.935936	0.936418	0.922306	0.890074	0.841966
49	2	0.885433	0.067351	0.523779	0.591333	-0.535692	-0.269696	120	23	0	9.568924	0.872915	0.959990	0.974743	0.933371	0.871953	0.699727	0.876844	0.893922
49	3	0.631936	0.086634	0.504845	-0.142428	-1.219125	-0.126878	95	18	0	8.722286	0.608162	0.662203	0.440988	0.876123	0.684894	0.634622	0.648012	0.500481
49	4	0.748657	0.189043	0.541602	0.920612	-0.168802	0.351672	49	9	0	9.984986	0.838117	0.788246	0.828897	0.862171	0.893842	0.543297	0.692351	0.542335
49	5	0.456783	0.347298	0.436440	-0.089202	0.868728	-0.099480	61	13	0	7.036912	0.305404	0.313663	0.151219	0.914529	0.278544	0.391116	0.657713	0.642078
49	6	0.851237	0.076852	0.534294	0.744261	-0.731921	0.019342	96	18	0	8.765234	0.866180	0.897611	0.950208	0.879330	0.976026	0.737091	0.870430	0.633018
49	7	0.815286	0.192371	0.401448	-0.006117	0.636511	-1.121847	158	30	0	8.254101	0.593890	0.737251	0.851908	0.671985	0.911081	0.919981	0.890555	0.945638
49	8	0.252445	0.217627	0.336319	-0.363622	0.173083	-0.901303	36	8	0	6.569289	0.562620	0.100144	0.206462	0.123396	0.098942	0.331222	0.249599	0.347178
49	9	0.918928	0.067211	0.765349	0.389695	-0.037151	0.704002	179	33	0	8.573739	0.906430	0.983884	0.897450	0.905949	0.963759	0.898493	0.824968	0.970494
49	10	0.696911	0.259622	0.502772	0.799472	0.381465	0.356918	64	11	0	7.187994	0.373797	0.763230	0.688582	0.938182	0.820398	0.964641	0.662364	0.364096
49	11	0.933250	0.030789	0.738729	-0.084910	-0.566249	-0.009642	204	43	2	8.881290	0.912203	0.974262	0.804923	0.938983	0.950369	0.949727	0.959349	0.976187
49	12	0.958196	0.057709	0.910542	0.491766	0.283478	1.256463	168	36	1	8.813799	0.906270	0.988374	0.995109	0.983082	0.977149	0.930244	0.969291	0.916052
49	13	0.897871	0.117944	0.806973	0.849069	0.213899	1.264172	117	23	0	8.114650	0.853191	0.980677	0.957745	0.973140	0.963037	0.830901	0.870831	0.753448
49	14	0.888370	0.031230	0.620143	0.316116	-1.167284	0.028921	150	31	1	7.171739	0.892158	0.768361	0.860728	0.944917	0.914288	0.912845	0.894403	0.919259
49	15	0.552838	0.139011	0.336319	-0.361541	-0.607858	-1.615128	110	19	0	7.297333	0.448124	0.215122	0.625241	0.541212	0.507216	0.893682	0.542014	0.650096
49	16	0.378247	0.134000	0.397336	-0.577796	-0.681720	-0.474996	82	17	0	5.937517	0.417976	0.015074	0.215763	0.420863	0.502806	0.421023	0.338037	0.694436
49	17	0.625521	0.195698	0.426956	-0.135638	-0.035453	-0.560346	98	21	0	7.740458	0.621151	0.383740	0.697402	0.345574	0.635504	0.755131	0.801074	0.764593
49	18	0.377105	0.213859	0.385137	-0.218656	-0.066910	-0.455784	56	11	0	6.643334	0.466084	0.238935	0.239577	0.237251	0.372835	0.694836	0.318313	0.449006
50	1	0.641246	0.406170	0.841955	1.293428	0.847096	2.140144	18	4	0	11.379001	0.632858	0.895526	0.962235	0.844852	0.283595	0.480436	0.666373	0.364096
50	2	0.506835	0.205300	0.525245	0.111779	-0.272405	0.414146	54	11	0	7.972043	0.303480	0.394163	0.389753	0.294339	0.915731	0.838438	0.433611	0.485167
50	3	0.342778	0.062600	0.409134	-0.201285	-1.839637	-0.173600	35	8	0	8.240001	0.666292	0.294660	0.275016	0.296103	0.171424	0.327213	0.419580	0.291934
50	4	0.491130	0.099603	0.615699	0.132944	-1.418111	0.863127	46	10	0	8.385960	0.493024	0.543056	0.473701	0.505292	0.896729	0.338999	0.237733	0.440507
50	5	0.539689	0.096657	0.518625	0.398311	-1.503156	0.425061	40	9	0	8.616205	0.746632	0.564464	0.199326	0.610327	0.600144	0.623236	0.599182	0.374198
50	6	0.486229	0.293497	0.378138	-0.257346	0.525277	-1.040780	64	12	0	9.379684	0.335231	0.241180	0.491421	0.314785	0.770767	0.671905	0.457024	0.607521
50	7	0.453285	0.243586	0.336319	-0.349983	0.128943	-1.573349	61	11	0	9.855032	0.370350	0.132457	0.347097	0.284557	0.787444	0.839801	0.360327	0.504250
50	8	0.342688	0.276419	0.336319	0.107317	0.250160	-1.003640	24	5	0	8.362535	0.382537	0.175513	0.172065	0.214080	0.580420	0.473060	0.239577	0.504250
50	9	0.380763	0.149294	0.497457	-0.489207	-0.673658	0.102006	54	10	0	9.452218	0.356238	0.319676	0.122755	0.496071	0.642720	0.455420	0.347097	0.306126
50	10	0.404386	0.241080	0.336319	-0.251893	-0.184310	-1.689635	26	5	1	13.070012	0.669099	0.628608	0.161963	0.492303	0.326411	0.455420	0.395526	0.105757
50	11	0.521608	0.370971	0.336319	0.191654	0.906194	-1.349292	48	10	0	8.660149	0.250401	0.320398	0.596216	0.257858	0.543538	0.824166	0.661321	0.718970
50	12	0.311287	0.187700	0.514009	-0.367604	-0.286407	0.433279	36	7	0	8.947625	0.321039	0.275176	0.269724	0.092367	0.569917	0.114737	0.624840	0.222498
50	13	0.202113	0.192772	0.336319	-0.493431	0.087252	-1.034339	22	4	0	9.327596	0.761225	0.114096	0.269724	0.028784	0.045783	0.022931	0.151860	0.222498
50	14	0.395937	0.337336	0.336319	-0.106853	0.777663	-1.158466	46	10	0	7.455812	0.329057	0.057729	0.522691	0.489737	0.209509	0.677999	0.658275	0.222498
50	15	0.555344	0.186438	0.414231	0.160657	-0.458050	-0.498116	47	11	0	10.223601	0.601588	0.203817	0.482200	0.420863	0.645686	0.662925	0.775577	0.650096
50	16	0.624198	0.197723	0.550490	0.045680	-0.151532	0.174624	72	15	0	9.638872	0.468169	0.596216	0.689384	0.540411	0.812139	0.619227	0.876844	0.391196
50	17	0.520155	0.323124	0.593581	0.218071	0.580855	0.670218	44	8	0	9.795006	0.726507	0.791934	0.082425	0.706222	0.587155	0.295382	0.552518	0.419099
50	18	0.648302	0.291172	0.545301	0.504390	0.281730	0.145947	33	8	1	10.775009	0.718008	0.789047	0.848060	0.798268	0.872114	0.273573	0.595414	0.291934
50	19	0.560746	0.298308	0.633488	0.063814	0.339712	0.533606	44	10	1	9.458984	0.634782	0.785840	0.859766	0.583948	0.651379	0.217607	0.397049	0.355597
50	20	0.260674	0.206442	0.400245	-0.556671	0.013697	-0.372296	30	7	0	9.491207	0.158034	0.125802	0.396568	0.348380	0.417174	0.175914	0.141838	0.321681
50	21	0.449908	0.291834	0.485671	0.390293	0.250137	0.439341	28	6	0	8.347533	0.809894	0.722418	0.582505	0.444756	0.235808	0.405067	0.043217	0.355597
50	22	0.567140	0.232581	0.578645	0.090029	0.007765	0.453992	56	12	0	9.693407	0.709349	0.640795	0.717928	0.466645	0.459990	0.693634	0.344532	0.504250
50	23	0.420211	0.168437	0.646305	0.243825	-0.770024	1.172806	26	6	0	8.968785	0.392800	0.252806	0.501604	0.398012	0.661963	0.346135	0.507858	0.300513
50	24	0.450669	0.357421	0.618620	0.539951	0.649486	1.253009	26	6	0	7.499849	0.808932	0.645446	0.501604	0.595734	0.261947	0.203175	0.217126	0.371392
50	25	0.263631	0.151539	0.336319	-0.118098	-0.686141	-1.024036	20	4	0	9.708712	0.341886	0.169580	0.260343	0.282713	0.207104	0.422627	0.053400	0.371392
50	26	0.263951	0.247996	0.378138	-0.591530	0.465839	-0.554015	50	10	0	6.785831	0.123958	0.135664	0.546183	0.132777	0.400096	0.328496	0.073044	0.371392
50	27	0.498096	0.216345	0.378138	0.226950	-0.214882	-0.662966	48	11	0	7.460624	0.595574	0.389753	0.563182	0.604554	0.602630	0.582425	0.354715	0.291934
50	28	0.307769	0.314925	0.401448	-0.456010	0.790609	-0.342107	41	8	0	8.672926	0.473461	0.171584	0.467768	0.271248	0.032553	0.431366	0.102309	0.511867
50	29	0.384201	0.168938	0.459750	0.028434	-0.618661	0.266035	38	8	0	7.455768	0.372675	0.264994	0.203335	0.556046	0.819275	0.333948	0.176155	0.347178
50	30	0.730847	0.256013	0.715626	1.232792	0.263161	1.568461	41	9	0	7.325880	0.870750	0.822081	0.937861	0.869307	0.462716	0.579859	0.679282	0.624920
50	31	0.288165	0.112492	0.479440	-0.249850	-1.089610	0.368653	29	5	0	8.783215	0.220013	0.188342	0.237171	0.183130	0.446841	0.283836	0.476828	0.269163
50	32	0.430254	0.459008	0.428171	0.231689	1.261638	-0.056043	27	6	0	9.272787	0.640074	0.699246	0.184493	0.735648	0.199647	0.499198	0.174391	0.309333
50	33	0.373517	0.135624	0.487973	-0.121307	-0.956614	0.294835	35	7	0	9.012354	0.304522	0.432569	0.293297	0.451652	0.356238	0.682890	0.157633	0.309333
50	34	0.307930	0.134421	0.538463	-0.184987	-0.873371	0.708435	30	6	0	8.305896	0.307890	0.189304	0.257858	0.373637	0.379650	0.354314	0.112091	0.488695
50	35	0.516357	0.325830	0.474743	0.634435	0.473214	0.364514	30	6	0	8.133553	0.891036	0.604394	0.898412	0.450529	0.278303	0.434253	0.199727	0.374198
50	36	0.627997	0.084850	0.554671	0.016608	-1.383118	0.134856	68	15	0	10.907938	0.623236	0.680083	0.570558	0.569195	0.598621	0.646729	0.780789	0.554763
50	37	0.510804	0.196801	0.584693	0.120280	-0.344935	0.743199	53	13	0	7.597693	0.729634	0.559092	0.374519	0.585632	0.571600	0.553560	0.332826	0.379570
50	38	0.551586	0.211975	0.414231	-0.034420	-0.122202	-0.542924	66	13	0	8.974547	0.668778	0.330741	0.579699	0.690587	0.554522	0.436578	0.468409	0.683371
50	39	0.362141	0.210672	0.494571	-0.621791	-0.014832	0.103041	60	12	0	8.627372	0.341886	0.545462	0.661562	0.442351	0.170141	0.136626	0.286562	0.312540
50	40	0.651670	0.407834	0.601782	1.053984	1.034335	0.928476	29	5	0	9.351187	0.859285	0.849984	0.840843	0.953416	0.833788	0.075048	0.488454	0.312540
50	41	0.413506	0.262568	0.487790	0.125269	0.118241	0.396066	35	7	0	8.162911	0.532793	0.538807	0.287765	0.561257	0.586594	0.127646	0.409076	0.264112
50	42	0.199848	0.147370	0.397336	-0.939807	-0.136851	-0.403432	40	8	0	8.237370	0.110808	0.090443	0.114336	0.158836	0.517078	0.092928	0.250241	0.264112
50	43	0.179913	0.119608	0.336319	-0.959019	-0.364678	-1.189072	32	6	0	9.026095	0.137749	0.061017	0.140715	0.050914	0.535600	0.092928	0.075770	0.344612
50	44	0.351157	0.216124	0.414277	-0.493985	-0.040624	-0.389834	46	10	0	9.320881	0.176636	0.629971	0.675754	0.202213	0.321039	0.266357	0.192672	0.344612
50	45	0.611199	0.217848	0.475591	0.185232	-0.010358	-0.043995	69	15	0	8.087039	0.628127	0.689785	0.720734	0.476507	0.303159	0.809894	0.518922	0.742463
51	1	0.436418	0.336273	0.438090	0.953527	0.239982	0.202656	14	2	0	14.023754	0.710632	0.834910	0.495831	0.192511	0.302678	0.574808	0.299150	0.080821
51	2	0.181887	0.241321	0.477046	-0.052079	0.406607	0.657320	14	2	0	11.023754	0.010744	0.303079	0.029666	0.095334	0.529025	0.080180	0.326251	0.080821
51	3	0.117012	0.119147	0.378138	-0.419925	-0.141510	-0.183881	14	2	0	9.879001	0.013310	0.228913	0.028784	0.100625	0.098380	0.181286	0.203977	0.080821
51	4	0.399545	0.495831	0.516437	1.087550	1.138009	1.039664	14	2	0	9.109422	0.685616	0.303079	0.837235	0.267720	0.244628	0.036081	0.741180	0.080821
51	5	0.114787	0.079498	0.336319	-0.646745	-0.488794	-0.738603	17	3	0	8.351452	0.208547	0.106799	0.043938	0.142399	0.177197	0.036081	0.122514	0.080821
51	6	0.225355	0.263871	0.426773	0.049958	0.330497	0.235123	15	3	0	9.987130	0.335231	0.685135	0.052197	0.153223	0.344452	0.036081	0.115699	0.080821
51	7	0.543738	0.399174	0.693954	0.888490	0.591484	1.240635	17	3	1	11.321893	0.815827	0.778945	0.742142	0.587396	0.689224	0.078496	0.375401	0.282473
51	8	0.239286	0.175734	0.617291	0.195558	-0.414549	1.597016	18	4	0	6.739440	0.355597	0.303079	0.176956	0.427598	0.051235	0.309814	0.007537	0.282473
51	9	0.455550	0.138350	0.690392	0.817039	-1.351269	1.574016	15	4	0	10.701826	0.357521	0.406671	0.429362	0.550112	0.526940	0.515314	0.576010	0.282473
51	10	0.372635	0.219071	0.428171	1.002695	-0.631244	0.425256	12	2	0	10.743057	0.534878	0.669500	0.396568	0.390715	0.454217	0.203175	0.272691	0.059333
51	11	0.178560	0.138430	0.385137	-1.002523	-0.219049	-0.714148	22	5	0	14.108717	0.472418	0.122114	0.076652	0.260183	0.171023	0.069195	0.197563	0.059333
51	12	0.154045	0.138931	0.336319	-0.643913	-0.071631	-0.870805	21	4	0	8.164978	0.260263	0.044419	0.048028	0.199727	0.284958	0.118666	0.085231	0.191068
51	13	0.304011	0.176876	0.530926	0.004385	-0.514406	0.793093	23	5	0	8.219190	0.773813	0.377325	0.235568	0.377806	0.239657	0.092928	0.233643	0.101347
51	14	0.291754	0.248998	0.409134	-0.448951	0.294323	-0.228879	38	7	0	8.638810	0.557649	0.188342	0.176956	0.153223	0.477630	0.400818	0.278063	0.101347
51	15	0.188783	0.151119	0.336319	-0.643169	-0.169895	-1.006502	24	5	0	8.380501	0.058852	0.071360	0.181527	0.033194	0.110407	0.565346	0.156751	0.332826
51	16	0.427488	0.306767	0.397336	0.112281	0.523252	-0.251401	47	10	0	6.713632	0.310375	0.245350	0.675754	0.240779	0.509381	0.926155	0.179282	0.332826
51	17	0.599964	0.635965	0.659363	0.524575	2.004192	0.815436	30	6	1	9.805627	0.894083	0.878688	0.868906	0.750241	0.802758	0.253929	0.171344	0.179763
51	18	0.506304	0.140615	0.474675	1.027222	-1.248635	0.552184	21	3	0	8.684895	0.560936	0.537684	0.566950	0.922306	0.381414	0.435295	0.466084	0.179763
51	19	0.556336	0.569816	0.577018	0.778556	1.837247	0.893652	30	5	0	8.614357	0.876123	0.819035	0.842126	0.659317	0.212476	0.154987	0.617463	0.269163
51	20	0.352069	0.259221	0.401860	0.286237	0.052976	0.043002	23	4	0	8.197581	0.239657	0.301636	0.509862	0.209509	0.513631	0.389192	0.167896	0.485167
51	21	0.443884	0.228512	0.620670	0.560978	-0.306122	1.255450	24	5	0	7.894406	0.527903	0.668377	0.127405	0.525898	0.414609	0.118666	0.609686	0.558531
51	22	0.475255	0.219893	0.557191	0.600407	-0.364725	0.903001	27	5	0	8.023861	0.668137	0.642720	0.462877	0.415892	0.485487	0.250000	0.590362	0.286562
51	23	0.563322	0.290190	0.467436	0.511787	0.350175	0.204481	45	9	0	7.857107	0.773653	0.900657	0.528143	0.675353	0.403303	0.411883	0.483643	0.329939
51	24	0.486049	0.323665	0.610946	0.304223	0.502059	0.856788	33	6	0	10.006182	0.332184	0.590042	0.283275	0.698284	0.730196	0.290972	0.627967	0.335471
51	25	0.330480	0.166433	0.662215	-0.379432	-0.450582	1.221547	48	10	0	7.421380	0.194436	0.390394	0.354394	0.442351	0.230035	0.239256	0.457505	0.335471
51	26	0.200128	0.174210	0.397336	-0.896277	0.037780	-0.503600	28	6	0	10.759281	0.246472	0.314705	0.191068	0.092367	0.405629	0.080180	0.078496	0.192110
51	27	0.220303	0.177598	0.378138	-0.368800	-0.131471	-0.382750	26	5	0	7.574378	0.110808	0.251283	0.497915	0.097819	0.167976	0.057729	0.386786	0.192110
51	28	0.343249	0.336734	0.450266	-0.574742	0.922053	-0.143062	50	11	0	8.948107	0.317351	0.535920	0.543457	0.087155	0.245670	0.214962	0.159397	0.642078
51	29	0.502796	0.224784	0.591863	-0.217269	-0.226293	0.259942	47	9	1	10.637683	0.719692	0.546504	0.423990	0.615619	0.262187	0.624679	0.300433	0.529266
51	30	0.244468	0.045382	0.385137	-0.424839	-1.827947	-0.213989	41	9	0	5.830974	0.212155	0.197643	0.056928	0.183130	0.220734	0.295382	0.203977	0.585792
51	31	0.207866	0.137107	0.336319	-0.599590	-0.410517	-1.008883	29	6	0	7.829501	0.077053	0.126604	0.354394	0.095334	0.564304	0.212155	0.115699	0.117383
51	32	0.080671	0.111931	0.336319	-1.484169	0.826112	-0.865733	31	6	0	6.817867	0.013791	0.014192	0.013470	0.089320	0.151940	0.226267	0.019003	0.117383
51	33	0.094351	0.103031	0.336319	-1.472979	0.337372	-1.167094	24	5	0	9.948685	0.080420	0.015074	0.131976	0.035359	0.148974	0.198926	0.026700	0.117383
51	34	0.214541	0.119207	0.441389	-0.377831	-0.783381	0.197441	22	4	0	9.104181	0.166132	0.427037	0.131976	0.187700	0.063903	0.489978	0.132216	0.117383
51	35	0.179753	0.153343	0.336319	-0.602580	-0.025807	-0.788873	31	6	0	6.365922	0.099343	0.100144	0.093650	0.240779	0.282713	0.226267	0.310936	0.084189
51	36	0.300734	0.076672	0.401448	-0.363350	-1.529746	-0.281436	34	7	0	8.776877	0.351187	0.506976	0.322242	0.305805	0.377405	0.027341	0.304682	0.210231
51	37	0.383910	0.188282	0.535428	-0.113824	-0.406284	0.559706	42	7	0	8.462769	0.286482	0.198845	0.193473	0.309573	0.361610	0.990459	0.215924	0.514913
51	38	0.250120	0.101628	0.394621	-0.618166	-0.955891	-0.408923	41	8	0	7.835755	0.169179	0.077854	0.284397	0.344051	0.385824	0.207184	0.266196	0.266276
51	39	0.407543	0.227931	0.447918	0.150717	-0.189560	0.109689	30	6	0	8.761480	0.621632	0.519965	0.334509	0.409317	0.076491	0.642800	0.389352	0.266276
51	40	0.233443	0.157032	0.336319	-0.903817	-0.258104	-1.419705	40	7	0	10.848219	0.299150	0.120831	0.089641	0.242784	0.228592	0.136626	0.463358	0.286562
51	41	0.307739	0.083607	0.378138	-0.460495	-1.420992	-0.798289	36	7	0	9.905471	0.683371	0.409317	0.138951	0.274455	0.245911	0.193233	0.278063	0.238614
51	42	0.382948	0.201231	0.443439	-0.229186	-0.282703	-0.089720	40	9	0	8.999370	0.351187	0.470815	0.719612	0.454859	0.344452	0.263951	0.220093	0.238614
51	43	0.327935	0.197001	0.832287	-0.246816	-0.258137	2.028624	34	8	0	8.272572	0.187861	0.185375	0.396568	0.247434	0.611610	0.263951	0.494548	0.236129
51	44	0.305875	0.217146	0.453759	-0.527347	0.046000	-0.027730	44	8	0	8.979354	0.448124	0.300754	0.430404	0.446280	0.276219	0.160520	0.148573	0.236129
51	45	0.197883	0.195598	0.401448	-0.723443	0.300216	-0.061870	38	7	0	7.078167	0.400657	0.239737	0.093650	0.385584	0.052518	0.092928	0.069596	0.248396
51	46	0.311538	0.080701	0.447918	-0.245275	-1.468113	0.235880	40	9	0	6.983102	0.452854	0.282473	0.218329	0.510022	0.285439	0.302357	0.167896	0.272931
51	47	0.450529	0.181647	0.485075	0.275992	-0.630085	0.287045	33	5	0	9.469557	0.488053	0.477550	0.301716	0.466645	0.605837	0.606559	0.315106	0.342768
51	48	0.248547	0.153905	0.336319	-0.422337	-0.482135	-1.169654	28	4	0	9.968000	0.044500	0.158435	0.100144	0.225866	0.471135	0.560295	0.239978	0.188021
51	49	0.396999	0.187280	0.457654	0.133506	-0.490240	0.275150	35	7	0	7.581598	0.589561	0.433852	0.318794	0.523573	0.485888	0.421023	0.127566	0.275738
51	50	0.440376	0.283335	0.336319	0.144562	0.281755	-1.147280	38	9	0	7.861287	0.195718	0.552277	0.072563	0.376443	0.478672	0.793778	0.345334	0.708226
51	51	0.183792	0.080861	0.378138	-1.069237	-0.737793	-0.526171	51	12	0	6.374058	0.145686	0.170301	0.046665	0.097819	0.203496	0.356479	0.245670	0.204217
51	52	0.377796	0.141176	0.488970	-0.381481	-0.728363	0.289776	58	13	0	7.161825	0.252325	0.342287	0.209750	0.276299	0.694355	0.348060	0.373316	0.525978
51	53	0.378518	0.180384	0.411012	-0.010645	-0.561617	-0.187332	28	7	0	9.058142	0.341164	0.147691	0.143682	0.380212	0.411482	0.720253	0.312219	0.571440
51	54	0.312941	0.190527	0.378138	-0.109979	-0.393233	-0.610478	23	5	0	9.776049	0.606078	0.258740	0.069436	0.516758	0.321681	0.275497	0.086113	0.369227
51	55	0.338248	0.345374	0.378138	0.087644	0.775583	-0.426598	29	5	0	7.657911	0.130212	0.134541	0.075128	0.388470	0.301555	0.893922	0.087716	0.694436
51	56	0.607050	0.367002	0.686853	0.946152	0.768720	1.449068	32	6	0	8.013177	0.560135	0.781030	0.261466	0.849182	0.906591	0.482842	0.739416	0.275738
51	57	0.337706	0.168036	0.378138	-0.366632	-0.510156	-0.752336	38	9	0	8.872121	0.226106	0.167415	0.261466	0.533836	0.346376	0.231158	0.352630	0.582665
51	58	0.463218	0.198164	0.385137	0.231470	-0.471950	-0.586762	33	7	0	9.259455	0.487492	0.438182	0.780228	0.216485	0.487973	0.747434	0.147210	0.400738
51	59	0.464901	0.151479	0.378138	-0.062561	-0.788705	-0.884197	51	9	0	9.204485	0.647771	0.520767	0.108242	0.488374	0.571199	0.475946	0.293377	0.613534
51	60	0.240308	0.150858	0.394621	-0.497957	-0.396869	-0.276813	37	7	0	7.296598	0.145285	0.156831	0.066870	0.225866	0.572643	0.282152	0.139994	0.332826
52	1	0.333026	0.275657	0.528258	1.322334	-0.297357	1.271601	6	1	0	12.149285	0.199086	0.629089	0.615459	0.225866	0.265555	0.454618	0.228352	0.046183
52	2	0.208136	0.211333	0.541006	0.428206	-0.161837	1.260888	11	2	0	9.450011	0.431767	0.167415	0.107040	0.022290	0.247835	0.285038	0.357521	0.046183
52	3	0.344071	0.438903	0.486095	0.413960	0.807934	0.324496	11	3	1	13.412558	0.155629	0.576812	0.756414	0.580901	0.380131	0.106879	0.149615	0.046183
52	4	0.505382	0.469772	0.560753	1.404395	0.924579	1.174535	14	2	0	10.221323	0.797065	0.787925	0.756414	0.419500	0.330661	0.719211	0.186097	0.046183
52	5	0.211093	0.180364	0.336319	0.083540	-0.336738	-0.854521	14	2	0	12.179726	0.470975	0.116341	0.411001	0.231318	0.125641	0.236690	0.050593	0.046183
52	6	0.508299	0.570037	0.712167	1.318221	1.498657	1.779725	14	2	0	12.120077	0.761867	0.694115	0.825048	0.798268	0.116020	0.595654	0.229233	0.046183
52	7	0.236590	0.329959	0.336319	0.065148	0.826598	-0.739608	17	4	0	7.920506	0.162524	0.496472	0.623958	0.043938	0.355757	0.065908	0.046183	0.097979
52	8	0.294419	0.361410	0.336319	0.242584	0.691477	-0.969561	13	4	0	12.286789	0.030869	0.472418	0.612973	0.576411	0.150016	0.184493	0.230196	0.097979
52	9	0.336915	0.382096	0.547776	0.138944	0.894853	0.761130	20	4	0	10.507379	0.672627	0.562700	0.370911	0.487251	0.281992	0.089160	0.132697	0.097979
52	10	0.134972	0.092327	0.378138	-0.698953	-0.489190	-0.420579	17	3	0	10.652941	0.025657	0.159397	0.035920	0.106158	0.085471	0.385744	0.183451	0.097979
52	11	0.092627	0.036442	0.336319	-0.836498	-0.855450	-0.656292	19	3	0	7.469166	0.289529	0.057729	0.060856	0.050914	0.097338	0.076732	0.017078	0.090843
52	12	0.148533	0.061458	0.378138	-1.072971	-0.962300	-0.707546	22	5	0	11.655272	0.053720	0.136786	0.063823	0.126283	0.171825	0.432890	0.112091	0.090843
52	13	0.276730	0.211915	0.336319	-0.452983	-0.039015	-1.277499	26	6	0	10.750813	0.588278	0.341405	0.156751	0.444756	0.183611	0.140956	0.207024	0.151058
52	14	0.082455	0.078075	0.336319	-1.465498	0.375940	-0.866114	30	6	0	6.881939	0.104153	0.032152	0.039689	0.072322	0.071280	0.167174	0.021809	0.151058
52	15	0.301375	0.201752	0.556458	-0.236296	-0.214472	0.743969	27	6	0	9.015350	0.135904	0.159397	0.169820	0.342768	0.157473	0.866822	0.164448	0.414368
52	16	0.333888	0.245610	0.336319	-0.800571	0.366069	-1.488516	66	13	0	8.436251	0.140074	0.231479	0.169820	0.214080	0.577053	0.551395	0.372835	0.414368
52	17	0.154877	0.070197	0.336319	-0.808452	-0.888714	-0.951646	24	5	0	8.011530	0.081222	0.030468	0.126443	0.033194	0.130131	0.541292	0.130693	0.165571
52	18	0.294440	0.193554	0.336319	-0.458774	-0.127941	-1.171854	45	8	0	7.826350	0.391196	0.314705	0.389753	0.173188	0.327053	0.390074	0.203977	0.165571
52	19	0.196741	0.126704	0.433588	-0.874131	-0.404996	-0.075430	34	6	0	9.011455	0.146809	0.286081	0.110247	0.153223	0.203897	0.367784	0.048749	0.257136
52	20	0.436367	0.276700	0.385137	-0.123268	0.273367	-0.783605	41	8	0	10.810571	0.294500	0.465763	0.655308	0.150257	0.530709	0.842367	0.294901	0.257136
52	21	0.878879	0.065046	0.610407	0.476950	-0.774352	-0.062926	104	20	1	9.529073	0.919339	0.880773	0.908355	0.957665	0.897290	0.779025	0.840763	0.847819
52	22	0.236820	0.283575	0.336319	-0.705025	0.746329	-1.342587	32	5	0	11.475384	0.095253	0.052197	0.441629	0.168377	0.221135	0.356479	0.091004	0.468489
52	23	0.568834	0.172226	0.561383	0.334018	-0.654316	0.432240	40	8	0	11.620896	0.648974	0.574888	0.441629	0.598300	0.776620	0.629009	0.412765	0.468489
52	24	0.417174	0.353452	0.536608	-0.232821	0.811892	0.291747	40	8	0	11.801738	0.404426	0.627886	0.282232	0.659878	0.646328	0.269484	0.141036	0.306126
52	25	0.193243	0.089360	0.450266	-0.663927	-0.874371	0.248593	28	5	0	8.154102	0.183371	0.227550	0.173428	0.260183	0.178159	0.065106	0.059654	0.398493
52	26	0.210071	0.227029	0.385137	-0.654752	0.451912	-0.374185	33	7	0	7.641011	0.095253	0.067752	0.303881	0.139833	0.349984	0.285038	0.040330	0.398493
52	27	0.287404	0.230516	0.482200	-0.357051	0.126833	0.335493	33	6	0	8.651437	0.139352	0.360247	0.681928	0.251443	0.139112	0.121632	0.207024	0.398493
52	28	0.330550	0.165912	0.426956	-0.324569	-0.498703	-0.054100	41	10	0	7.653996	0.312300	0.235568	0.228993	0.449326	0.384461	0.405067	0.230196	0.398493
52	29	0.464450	0.274335	0.462464	0.172346	0.194313	0.099011	38	8	0	8.827357	0.201572	0.360728	0.228993	0.432248	0.765234	0.660520	0.483643	0.582665
52	30	0.489627	0.422807	0.496174	0.282204	1.098953	0.286401	34	7	0	9.591902	0.707986	0.753608	0.254891	0.529747	0.751604	0.309814	0.381495	0.227870
52	31	0.288165	0.199527	0.336319	-0.401779	-0.145366	-1.220943	32	6	0	9.300452	0.116501	0.118265	0.513631	0.257858	0.455500	0.234205	0.381495	0.227870
52	32	0.472148	0.180464	0.611656	0.127581	-0.575375	0.853142	40	9	0	8.859157	0.484124	0.519724	0.295141	0.354394	0.565106	0.595654	0.395526	0.567511
52	33	0.312089	0.188783	0.397336	0.136183	-0.359484	0.082901	30	7	0	5.182231	0.108002	0.288486	0.186578	0.366260	0.773974	0.153143	0.251042	0.369227
52	34	0.262137	0.093149	0.336319	-0.363240	-1.166443	-1.034418	34	6	0	7.731025	0.140074	0.222979	0.278143	0.216485	0.180003	0.475946	0.367142	0.216325
52	35	0.551866	0.289889	0.485258	0.697406	0.258248	0.465655	34	8	0	7.523170	0.244548	0.400096	0.634060	0.712316	0.639913	0.746793	0.366020	0.671183
52	36	0.244347	0.145566	0.336319	-0.643968	-0.440740	-1.162059	39	8	0	8.044334	0.180965	0.064625	0.181527	0.173188	0.569676	0.359445	0.133419	0.291934
52	37	0.485347	0.273473	0.462361	0.290501	0.145079	0.089893	34	7	0	9.286685	0.425834	0.587316	0.199326	0.621953	0.754650	0.704859	0.128608	0.460231
52	38	0.518421	0.251022	0.336319	0.237956	0.061463	-1.273304	50	10	0	8.007254	0.453817	0.583868	0.271087	0.520606	0.832826	0.783194	0.287604	0.414368
52	39	0.172837	0.138951	0.336319	-0.706447	-0.166201	-0.963697	24	5	0	8.085155	0.066309	0.132457	0.295141	0.282713	0.113614	0.237733	0.099262	0.155468
52	40	0.291122	0.206222	0.336319	-0.517766	-0.073408	-1.330759	33	7	0	10.319109	0.336995	0.091244	0.203335	0.294339	0.499118	0.421023	0.108724	0.374198
52	41	0.354394	0.400156	0.378138	0.139534	1.027657	-0.483515	25	5	0	8.316932	0.059974	0.415811	0.084830	0.641196	0.492944	0.598701	0.130693	0.411001
52	42	0.271298	0.192271	0.336319	-0.641226	-0.075946	-1.295062	41	8	0	8.982669	0.135904	0.119387	0.193473	0.367784	0.382056	0.441950	0.260664	0.269163
52	43	0.276129	0.181306	0.336319	-0.378206	-0.198111	-0.955798	43	10	0	6.339646	0.130773	0.135664	0.185375	0.278544	0.269083	0.708547	0.073685	0.427357
52	44	0.493495	0.166172	0.397336	0.013402	-0.668306	-0.673192	47	9	0	10.173375	0.539128	0.394163	0.358323	0.413085	0.591325	0.583547	0.571520	0.496873
52	45	0.276058	0.039649	0.559825	-0.585519	-2.069131	0.604064	38	7	0	9.407995	0.282312	0.279747	0.110247	0.286241	0.338037	0.198926	0.429041	0.283916
52	46	0.220233	0.106919	0.397336	-0.866559	-0.751255	-0.445946	41	9	0	8.347865	0.229634	0.134541	0.168377	0.216485	0.267559	0.314144	0.150497	0.280629
52	47	0.414649	0.136245	0.496174	-0.080000	-0.906960	0.389364	51	10	0	7.381925	0.631735	0.320398	0.549792	0.453175	0.454538	0.363294	0.075770	0.468489
52	48	0.708968	0.236670	0.584303	0.837304	0.159241	0.699443	52	11	0	8.131735	0.703736	0.884702	0.914208	0.923749	0.732761	0.510423	0.248717	0.753448
52	49	0.543898	0.164729	0.478203	0.622550	-0.846747	0.234937	29	5	0	10.056968	0.633980	0.678720	0.638470	0.627566	0.552598	0.277421	0.188983	0.753448
53	1	0.648272	0.197943	0.788635	1.679637	-0.772596	2.097207	14	3	0	11.134533	0.751203	0.889432	0.721937	0.834990	0.672547	0.582425	0.549551	0.184092
53	2	0.288386	0.179642	0.401448	-0.080631	-0.477629	-0.122757	20	5	0	9.396459	0.255853	0.380933	0.453817	0.218890	0.295622	0.416533	0.101347	0.184092
53	3	0.298709	0.230997	0.439155	0.077032	-0.141038	0.121664	17	4	0	11.192272	0.180404	0.260904	0.028784	0.280548	0.754891	0.038246	0.661802	0.184092
53	4	0.386215	0.336173	0.504456	0.390588	0.480320	0.626990	18	5	0	9.323315	0.068634	0.323044	0.770125	0.180404	0.494468	0.474984	0.593970	0.184092
53	5	0.288546	0.215603	0.336319	0.487323	-0.333057	-0.675238	15	3	0	8.341105	0.421905	0.080500	0.271087	0.072322	0.348300	0.609686	0.329939	0.174631
53	6	0.335241	0.297286	0.499588	0.671382	0.128385	0.837627	13	3	0	9.856556	0.481559	0.899535	0.452614	0.289368	0.169740	0.073445	0.141036	0.174631
53	7	0.409537	0.494387	0.443439	0.616044	1.251989	0.203636	17	3	0	11.751594	0.624920	0.547386	0.751042	0.848380	0.124359	0.188502	0.017078	0.174631
53	8	0.292686	0.250782	0.443680	0.485960	-0.154437	0.428069	12	3	0	11.081076	0.225305	0.707024	0.925674	0.035359	0.053640	0.111129	0.108724	0.174631
53	9	0.623677	0.378508	0.790502	0.641765	0.651206	1.333983	22	5	2	11.234679	0.527903	0.836594	0.888310	0.927037	0.652181	0.300353	0.682409	0.174631
53	10	0.443473	0.381434	0.658206	0.522700	0.758680	1.356387	22	5	0	8.717353	0.788887	0.522771	0.403143	0.626764	0.230516	0.203175	0.597899	0.174631
53	11	0.592497	0.337055	0.601748	1.133245	0.434259	1.127797	20	5	0	8.776349	0.520366	0.725385	0.940106	0.946199	0.364256	0.601106	0.467928	0.174631
53	12	0.533285	0.216184	0.525566	0.961772	-0.520452	0.745951	20	4	0	9.268977	0.806046	0.490539	0.692191	0.603672	0.127726	0.601106	0.647290	0.297707
53	13	0.405438	0.222258	0.385137	0.781105	-0.444618	-0.031464	18	4	0	7.436019	0.371312	0.490539	0.909638	0.309573	0.246232	0.061738	0.556767	0.297707
53	14	0.598030	0.475605	0.614508	1.431748	1.070151	1.253686	16	3	0	10.455915	0.814064	0.841325	0.742864	0.898894	0.255853	0.572402	0.361129	0.297707
53	15	0.289168	0.296905	0.534798	0.393680	0.342676	1.018513	16	3	0	8.784707	0.881735	0.507537	0.003127	0.260183	0.019163	0.279266	0.064625	0.297707
53	16	0.364827	0.242243	0.416659	0.023009	-0.089302	-0.195256	22	5	0	11.703396	0.296825	0.745750	0.152502	0.751443	0.221135	0.106879	0.346376	0.297707
53	17	0.358573	0.281250	0.539265	0.134400	0.196821	0.686860	20	5	0	10.387123	0.697643	0.215122	0.152502	0.373637	0.072643	0.627566	0.431767	0.297707
53	18	0.483904	0.487973	0.502772	0.720544	1.318270	0.752782	26	6	0	7.058083	0.341886	0.741341	0.676395	0.769323	0.066148	0.148332	0.830099	0.297707
53	19	0.599463	0.382356	0.610556	1.581979	0.657698	1.497674	20	3	0	7.251165	0.448445	0.882056	0.810776	0.927277	0.439625	0.493586	0.614176	0.179763
53	20	0.564424	0.327133	0.682019	1.225066	0.315777	1.581609	20	3	0	9.125825	0.708387	0.635824	0.892479	0.843890	0.122996	0.493586	0.638470	0.179763
53	21	0.331823	0.468950	0.400245	0.186728	1.376909	-0.109582	21	4	0	9.060359	0.438422	0.090443	0.069436	0.026139	0.814545	0.075048	0.625641	0.514913
53	22	0.470564	0.376584	0.378138	0.398718	0.522215	-0.939261	17	4	1	13.086520	0.615779	0.623717	0.191068	0.756334	0.266357	0.171023	0.625321	0.514913
53	23	0.635804	0.321640	0.498499	-0.406665	1.099179	-0.241724	127	27	0	7.736693	0.556366	0.377886	0.459750	0.555083	0.946039	0.869067	0.807328	0.514913
53	24	0.296614	0.280368	0.438090	0.084529	0.279150	0.151582	18	4	0	10.112602	0.538486	0.275176	0.413566	0.153223	0.348300	0.111129	0.451572	0.081462
53	25	0.208166	0.166733	0.336319	0.126923	-0.321303	-0.523631	19	3	0	6.657908	0.124599	0.033355	0.131976	0.223541	0.482200	0.136626	0.451572	0.081462
53	26	0.506234	0.317872	0.378138	-0.410499	0.824812	-1.056275	84	19	0	7.842780	0.124599	0.355757	0.368987	0.590202	0.761626	0.709589	0.674872	0.464240
53	27	0.334289	0.152341	0.407519	-0.449190	-0.566705	-0.269691	55	9	0	7.694352	0.325289	0.163085	0.268040	0.218890	0.575529	0.390074	0.271248	0.462155
53	28	0.399385	0.153564	0.394621	-0.690521	-0.538977	-0.795320	70	18	0	8.072184	0.261225	0.173829	0.330420	0.461033	0.377165	0.648974	0.480276	0.462155
53	29	0.350104	0.358764	0.499221	-0.483386	1.037996	0.253272	51	11	0	8.252070	0.166854	0.117303	0.174792	0.183130	0.512909	0.454618	0.603672	0.587556
53	30	0.494658	0.157413	0.497457	-0.157034	-0.607469	0.226945	71	17	0	7.013924	0.147530	0.235568	0.539849	0.517720	0.566148	0.707184	0.655709	0.587556
53	31	0.531841	0.314665	0.401448	-0.211056	0.799839	-0.579527	88	16	0	7.415362	0.421905	0.400818	0.261466	0.614817	0.714400	0.686738	0.313502	0.841084
53	32	0.945378	0.013791	0.783893	0.626711	-0.789801	0.763720	167	35	0	8.842763	0.943153	0.959670	0.961273	0.954939	0.972338	0.977951	0.952614	0.841084
53	33	0.418928	0.519123	0.446154	1.064107	1.322874	0.665071	16	3	0	7.500950	0.631976	0.790170	0.082425	0.618666	0.505131	0.106879	0.525337	0.090843
53	34	0.383970	0.551034	0.397336	0.247524	1.535478	-0.557266	17	3	1	12.256956	0.714400	0.723300	0.281430	0.690908	0.164047	0.316469	0.090362	0.090843
53	35	0.399004	0.168818	0.336319	0.436230	-0.795964	-0.890067	23	5	0	7.695320	0.640074	0.242062	0.417816	0.142399	0.321681	0.425994	0.397611	0.604394
53	36	0.341685	0.602189	0.401448	-0.218475	2.131705	-0.354210	26	7	0	10.362790	0.070879	0.644885	0.809333	0.129169	0.738855	0.036081	0.252165	0.052117
53	37	0.271268	0.280408	0.401448	0.193052	0.313167	0.047269	17	3	0	9.564323	0.072242	0.633980	0.191068	0.840362	0.019323	0.108884	0.252165	0.052117
53	38	0.395957	0.352129	0.465374	0.224078	0.643532	0.243510	22	5	0	10.051105	0.540010	0.735006	0.225786	0.608724	0.356078	0.132457	0.426716	0.142880
53	39	0.554041	0.655909	0.649627	0.679919	2.121245	1.123362	26	6	0	9.614538	0.751523	0.794740	0.729314	0.800513	0.975064	0.132457	0.105837	0.142880
53	40	0.304803	0.239296	0.336319	0.308942	-0.137607	-0.845486	16	4	0	8.976496	0.296264	0.027662	0.257858	0.150257	0.557409	0.038246	0.830099	0.280629
53	41	0.353071	0.316188	0.336319	0.241485	0.480665	-0.996745	22	4	0	9.005490	0.225305	0.157633	0.045141	0.350144	0.228592	0.844772	0.830099	0.142880
53	42	0.394103	0.540791	0.497457	0.651665	1.579990	0.814601	19	4	0	7.736720	0.104153	0.425754	0.675754	0.711353	0.703736	0.250000	0.139192	0.142880
53	43	0.394554	0.489456	0.426773	0.328859	1.292832	-0.075831	18	4	0	12.544075	0.082505	0.752726	0.054522	0.783275	0.641357	0.212155	0.378127	0.251764
53	44	0.254821	0.261365	0.517388	0.065083	0.273377	0.882842	18	4	0	8.163775	0.088438	0.407954	0.055484	0.286241	0.444436	0.229233	0.142399	0.384381
53	45	0.153754	0.067571	0.336319	-1.012983	-0.846917	-1.113995	30	5	0	8.742599	0.096216	0.042976	0.118826	0.078817	0.568393	0.193233	0.094532	0.037043
53	46	0.274114	0.212716	0.497457	0.002658	-0.234932	0.536468	16	4	0	11.620077	0.163727	0.350305	0.118826	0.301475	0.470895	0.409958	0.340683	0.037043
53	47	0.212506	0.108142	0.336319	-0.405850	-0.903521	-1.021065	22	4	0	9.222147	0.034477	0.119387	0.079538	0.123396	0.754410	0.201331	0.121232	0.266276
53	48	0.369107	0.260684	0.553297	-0.004242	-0.123943	0.409314	18	4	1	12.513805	0.086514	0.540731	0.484606	0.650417	0.310455	0.446440	0.259060	0.174631
53	49	0.476998	0.327053	0.607280	1.027764	0.268007	1.379660	17	4	0	7.979434	0.648252	0.592848	0.151219	0.641196	0.816790	0.336113	0.317030	0.312540
53	50	0.317621	0.368766	0.426773	0.129504	0.864184	0.092039	21	4	0	9.117339	0.536482	0.474182	0.358323	0.587396	0.119067	0.118666	0.225225	0.121632
53	51	0.194395	0.113394	0.481559	-0.164580	-0.895002	0.600539	14	3	0	11.216399	0.602710	0.078496	0.027341	0.139833	0.217928	0.243185	0.124038	0.121632
53	52	0.244227	0.181346	0.426956	-0.655210	-0.056600	-0.002850	42	10	0	7.290422	0.262187	0.376283	0.110247	0.289368	0.394484	0.132457	0.267158	0.121632
53	53	0.209630	0.115158	0.336319	0.163248	-1.036561	-0.755649	14	2	0	10.531308	0.405869	0.229634	0.098300	0.170702	0.306126	0.207184	0.137588	0.121632
53	54	0.223841	0.125461	0.401448	0.129418	-1.009461	0.103418	13	3	0	10.750736	0.473781	0.218489	0.374519	0.135504	0.192832	0.091084	0.182890	0.121632
53	55	0.245660	0.110508	0.394621	-0.156201	-1.080319	-0.233304	20	4	0	9.119377	0.247675	0.139994	0.137588	0.245029	0.673589	0.256575	0.173990	0.090843
53	56	0.379971	0.225425	0.439155	0.241443	-0.235592	0.159152	24	5	0	8.457341	0.299150	0.496071	0.165330	0.348380	0.536241	0.655709	0.246953	0.291934
53	57	0.199998	0.341545	0.450953	0.125248	0.907442	0.447686	11	2	0	14.023754	0.534878	0.409317	0.030789	0.066469	0.383579	0.051555	0.039208	0.084189
53	58	0.323565	0.367704	0.474961	-0.034254	0.927761	0.401308	25	6	0	8.247507	0.377726	0.403704	0.722899	0.599824	0.274054	0.085311	0.040811	0.084189
53	59	0.188723	0.094532	0.415834	-0.667807	-0.841009	-0.100817	22	4	0	10.646311	0.283355	0.061818	0.114336	0.066469	0.118666	0.711594	0.058772	0.094772
53	60	0.200399	0.172927	0.415834	-0.355857	-0.202908	-0.033739	17	3	0	12.544075	0.283355	0.486209	0.149294	0.118185	0.123236	0.290972	0.057168	0.094772
53	61	0.389893	0.351247	0.518418	0.592313	0.243266	0.420953	12	2	1	15.608717	0.756254	0.659878	0.434173	0.530789	0.178560	0.241822	0.222899	0.094772
53	62	0.534718	0.189043	0.565816	1.228391	-0.768361	1.270606	21	4	0	6.907349	0.135103	0.594371	0.586835	0.858403	0.750561	0.633740	0.623958	0.094772
54	1	0.815547	0.106679	0.494571	1.813028	-1.038859	0.412732	25	4	0	10.168238	0.890074	0.825369	0.978111	0.839400	0.954538	0.721937	0.877085	0.437861
54	2	0.533826	0.246673	0.511008	0.555091	-0.071759	0.515012	37	7	0	8.092851	0.563582	0.687139	0.301716	0.525898	0.302277	0.812700	0.438342	0.638951
54	3	0.529085	0.294740	0.481982	0.473817	0.322015	0.288487	38	7	0	8.513002	0.329779	0.401620	0.341325	0.712316	0.755051	0.670943	0.446440	0.575208
54	4	0.346626	0.133379	0.336319	-0.263540	-0.929153	-1.286112	34	7	0	9.600106	0.391838	0.474904	0.228993	0.411802	0.216084	0.283836	0.364817	0.400738
54	5	0.376323	0.087997	0.336319	0.084612	-1.607049	-1.112582	26	6	0	8.810411	0.358323	0.313663	0.366501	0.505292	0.426235	0.316469	0.402421	0.321681
54	6	0.428540	0.129771	0.514089	0.113110	-1.094042	0.523977	37	9	0	7.907943	0.148412	0.519243	0.268040	0.506013	0.588278	0.525657	0.440587	0.432088
54	7	0.432659	0.390715	0.385137	-0.240255	1.068917	-0.860211	47	8	0	11.311718	0.685215	0.623156	0.220414	0.726908	0.135183	0.346135	0.467126	0.257136
54	8	0.359375	0.188262	0.336319	-0.339436	-0.329364	-1.307256	44	9	0	8.717772	0.397691	0.372114	0.186578	0.207425	0.585712	0.436578	0.431767	0.257136
54	9	0.604063	0.333387	0.516494	0.541812	0.736130	0.426732	53	10	0	7.741933	0.613775	0.406671	0.337155	0.472819	0.814865	0.913005	0.781270	0.492944
54	10	0.173519	0.092026	0.378138	-0.728046	-0.702795	-0.455072	25	5	0	8.128083	0.071600	0.151860	0.054522	0.147611	0.124599	0.395366	0.185455	0.257136
54	11	0.311117	0.164569	0.401448	-0.548761	-0.645566	-0.667597	30	5	1	10.697968	0.438182	0.457585	0.394965	0.251443	0.210471	0.142399	0.327614	0.266276
54	12	0.432058	0.149816	0.480585	-0.094056	-0.808067	0.152211	46	9	0	8.805624	0.406671	0.515314	0.174792	0.539609	0.493185	0.497755	0.562861	0.266276
54	13	0.458537	0.146228	0.560936	-0.022731	-1.110589	0.242786	26	5	1	12.747063	0.671905	0.452293	0.375401	0.610327	0.467848	0.205099	0.501042	0.384381
54	14	0.483984	0.221155	0.657450	0.549086	-0.331937	1.340399	29	6	0	7.932306	0.572963	0.558531	0.145125	0.651780	0.332906	0.747915	0.478271	0.384381
54	15	0.580540	0.139673	0.548039	0.877829	-1.097249	0.787303	28	6	0	8.210877	0.628127	0.296103	0.713037	0.691469	0.601507	0.620590	0.691309	0.402181
54	16	0.216665	0.135804	0.378138	-0.069813	-0.670282	-0.200783	19	4	0	7.513390	0.214721	0.098861	0.117463	0.366260	0.176716	0.129490	0.227630	0.402181
54	17	0.538386	0.290972	0.426956	0.545248	0.275155	-0.081269	35	7	0	8.534089	0.503287	0.632938	0.309173	0.360087	0.891036	0.763871	0.467126	0.379570
54	18	0.258359	0.287183	0.336319	-0.318960	0.636917	-1.005605	28	6	0	7.859027	0.246472	0.380131	0.082425	0.041533	0.266357	0.114737	0.500241	0.434974
54	19	0.462546	0.343630	0.555816	-0.063710	0.736585	0.435706	44	9	0	10.309268	0.649214	0.720574	0.235568	0.352710	0.765956	0.203175	0.415731	0.357441
54	20	0.507577	0.255813	0.547924	0.076337	-0.103680	0.169220	32	6	1	11.357280	0.748316	0.758339	0.252325	0.572081	0.445558	0.361289	0.565266	0.357441
54	21	0.093840	0.067030	0.364279	-0.960551	-0.273657	-0.293111	19	4	0	7.513390	0.083066	0.043778	0.030148	0.022290	0.075529	0.101427	0.125321	0.269163
54	22	0.224763	0.253087	0.364279	-0.706410	0.580949	-0.745805	35	7	0	8.534089	0.103432	0.434654	0.309173	0.012107	0.039529	0.178720	0.122996	0.597498
54	23	0.169139	0.180424	0.399100	-0.176393	0.062997	0.187843	16	3	0	8.027757	0.078817	0.051155	0.043938	0.084910	0.293457	0.191309	0.370911	0.238614
54	24	0.438733	0.363214	0.336319	-0.120123	0.915076	-1.335676	50	10	0	8.436806	0.236530	0.639913	0.056928	0.588438	0.757296	0.547226	0.444917	0.238614
54	25	0.407072	0.249058	0.385137	-0.121783	0.066583	-0.637260	40	9	0	8.898743	0.379009	0.520285	0.128768	0.292816	0.756174	0.568634	0.356078	0.254811
54	26	0.353933	0.259642	0.336319	-0.046317	0.131630	-1.198116	27	5	0	9.889306	0.314705	0.566068	0.030789	0.483323	0.400096	0.568634	0.213037	0.254811
54	27	0.425784	0.117684	0.443439	-0.061916	-1.211991	-0.137748	41	7	0	9.811012	0.319676	0.256575	0.396568	0.514272	0.650337	0.376443	0.423910	0.468489
54	28	0.470073	0.159036	0.385137	0.089895	-0.781214	-0.662576	41	9	0	9.057010	0.470654	0.585872	0.200208	0.570879	0.468489	0.340843	0.683130	0.440507
54	29	0.269915	0.173890	0.336319	-0.311209	-0.403155	-1.194459	25	4	0	10.824920	0.106960	0.563582	0.124920	0.185776	0.229394	0.143762	0.630292	0.174631
54	30	0.095644	0.079598	0.364279	-0.936804	-0.118891	-0.293111	19	4	0	7.513390	0.284477	0.043778	0.030148	0.066469	0.042736	0.022210	0.100706	0.174631
54	31	0.490298	0.207785	0.428171	0.015407	-0.282522	-0.349309	48	8	0	10.403452	0.709830	0.664128	0.449727	0.625802	0.379009	0.055885	0.594211	0.443794
54	32	0.179051	0.285880	0.364279	-1.008837	1.194379	-0.745805	35	7	0	8.534089	0.135103	0.434654	0.309173	0.012107	0.091565	0.046665	0.023573	0.379570
54	33	0.132126	0.204699	0.414277	-0.635495	0.752141	0.302978	19	4	0	7.432636	0.029827	0.028384	0.376283	0.022290	0.204458	0.022931	0.313502	0.059333
54	34	0.320819	0.241341	0.394621	-0.643657	0.248651	-0.694236	48	10	0	9.387971	0.177117	0.546905	0.321360	0.530789	0.235808	0.022931	0.439705	0.291934
54	35	0.167555	0.227289	0.336319	-1.080550	0.801180	-1.187293	32	8	0	8.635768	0.133900	0.084429	0.003127	0.309573	0.136546	0.022931	0.358002	0.291934
54	36	0.228933	0.074106	0.336319	-0.690213	-1.300590	-1.271333	33	5	0	10.186569	0.489256	0.114897	0.149294	0.216485	0.189224	0.174631	0.235969	0.261706
54	37	0.510012	0.178700	0.593719	0.043111	-0.528367	0.591242	51	9	0	9.939947	0.649856	0.487412	0.574086	0.699006	0.336273	0.174631	0.621151	0.537684
54	38	0.212135	0.171504	0.394621	-0.661365	-0.116685	-0.453681	26	5	0	9.891773	0.452534	0.134541	0.087716	0.238935	0.121392	0.066469	0.174391	0.421103
54	39	0.161371	0.150156	0.397336	-0.328372	-0.142267	0.044269	17	3	0	8.427824	0.074407	0.077854	0.309173	0.018682	0.129570	0.066469	0.193714	0.421103
54	40	0.195418	0.157553	0.378138	-0.901569	-0.042703	-0.653477	35	7	0	8.534089	0.095253	0.640795	0.130613	0.012107	0.077213	0.066469	0.193714	0.347178
54	41	0.197392	0.169700	0.394621	-0.519435	-0.070987	-0.214640	23	5	0	8.091817	0.063021	0.079298	0.073685	0.211995	0.354394	0.173428	0.448685	0.174631
54	42	0.300433	0.148032	0.401448	-0.334084	-0.619228	-0.192276	42	7	0	7.694413	0.236049	0.243185	0.073685	0.326331	0.378287	0.262348	0.460712	0.422867
54	43	0.520015	0.229755	0.401448	0.224521	-0.139345	-0.449335	43	9	0	9.342589	0.620269	0.274134	0.314945	0.439064	0.690346	0.756976	0.505853	0.558531
54	44	0.161291	0.201131	0.385137	-0.659950	0.514523	-0.172322	24	5	0	7.253758	0.247114	0.100144	0.082425	0.373637	0.057248	0.026139	0.070799	0.332826
54	45	0.543818	0.322743	0.336319	0.804151	0.382766	-1.136365	24	4	0	10.130316	0.489657	0.693393	0.647771	0.773894	0.785520	0.286321	0.425593	0.248396
54	46	0.327063	0.109325	0.336319	-0.616003	-1.258905	-1.662026	34	6	1	10.889295	0.262508	0.183852	0.370911	0.565747	0.308130	0.363294	0.235969	0.326090
54	47	0.221787	0.126463	0.454137	-0.540770	-0.684466	0.148893	24	5	0	9.652133	0.140635	0.127806	0.195718	0.497434	0.193473	0.424631	0.072081	0.122514
54	48	0.292084	0.215242	0.400245	-0.651106	0.079324	-0.492632	43	9	0	9.289627	0.376443	0.495109	0.195718	0.194676	0.489657	0.288566	0.173990	0.122514
54	49	0.699938	0.363113	0.526803	1.610473	0.755653	0.915590	22	5	0	7.446139	0.763390	0.783916	0.954538	0.926636	0.899134	0.384140	0.595815	0.291934
54	50	0.384231	0.213518	0.336319	-0.062234	-0.254213	-1.274950	31	6	0	10.045939	0.282713	0.200850	0.365298	0.545943	0.731318	0.162524	0.452373	0.332826
54	51	0.268221	0.122194	0.378138	-0.500970	-0.864688	-0.716227	31	6	0	9.654634	0.081222	0.093970	0.248797	0.247434	0.489256	0.369869	0.296825	0.318393
54	52	0.185496	0.143882	0.459750	-0.629503	-0.248504	0.324942	22	5	0	8.660634	0.227389	0.178159	0.062300	0.211995	0.372114	0.094452	0.080420	0.257136
54	53	0.321260	0.202073	0.336319	0.126286	-0.389033	-1.024133	20	4	0	9.711273	0.511867	0.108082	0.686177	0.204137	0.288486	0.356479	0.254250	0.160600
54	54	0.295712	0.264853	0.426956	-0.013547	0.260746	0.147777	23	5	0	8.114564	0.295943	0.421183	0.117463	0.430404	0.282152	0.524134	0.170061	0.124359
54	55	0.372234	0.120350	0.336319	0.082426	-1.216737	-1.099174	26	6	0	8.686263	0.089721	0.656992	0.543457	0.333307	0.330661	0.302357	0.320638	0.400738
55	1	0.372063	0.450750	0.538876	1.892683	0.644300	1.797929	6	1	0	7.203575	0.150577	0.743345	0.840042	0.207425	0.520927	0.444836	0.051395	0.017960
55	2	0.248787	0.191048	0.580191	0.950113	-0.623560	1.753441	10	2	0	7.509955	0.076411	0.296103	0.176956	0.164929	0.535359	0.275497	0.447081	0.017960
55	3	0.179191	0.131956	0.466794	0.351509	-0.715303	0.974288	11	2	0	8.294807	0.245831	0.038647	0.176956	0.115298	0.222178	0.146248	0.471456	0.016918
55	4	0.308331	0.229975	0.605436	1.313606	-0.483414	2.018816	11	2	0	6.224337	0.451491	0.423268	0.176956	0.654747	0.278544	0.256575	0.208146	0.016918
55	5	0.468279	0.307870	0.430805	0.842275	0.177802	0.156427	19	3	0	10.086228	0.680324	0.540731	0.592367	0.588438	0.606158	0.269484	0.294099	0.174631
55	6	0.498757	0.218229	0.609285	0.891207	-0.513810	1.113324	20	3	0	10.615754	0.733242	0.603913	0.521007	0.417736	0.678480	0.187139	0.484445	0.364096
55	7	0.321119	0.261686	0.550639	-0.069241	0.197285	0.707016	26	4	0	9.944809	0.236530	0.498877	0.149294	0.260183	0.214881	0.470574	0.522290	0.216325
55	8	0.286081	0.321099	0.439155	-0.082207	0.664157	0.081551	20	4	0	10.704235	0.350545	0.438823	0.077614	0.405709	0.592527	0.253929	0.071520	0.097979
55	9	0.365940	0.252345	0.426773	-0.214955	0.136019	-0.238905	39	6	0	9.792783	0.367864	0.571921	0.095013	0.392158	0.731318	0.246392	0.424872	0.097979
55	10	0.252756	0.215302	0.485476	-0.330165	-0.156335	0.174112	19	3	1	11.092363	0.458307	0.091244	0.307248	0.075369	0.255853	0.413165	0.293377	0.127486
55	11	0.479534	0.109325	0.553045	0.261496	-1.444813	0.494567	29	5	0	12.418765	0.540491	0.522049	0.731960	0.586674	0.305244	0.488534	0.533836	0.127486
55	12	0.552177	0.522911	0.563594	0.837870	1.474555	0.782535	23	4	0	10.538683	0.865699	0.823044	0.623477	0.797065	0.286722	0.631495	0.262428	0.127486
55	13	0.641908	0.188903	0.673302	1.438682	-0.663555	1.602698	22	4	0	7.846836	0.646007	0.856639	0.017640	0.790411	0.712476	0.623236	0.602550	0.886305
55	14	0.351427	0.554923	0.538372	-0.126892	1.923243	0.525094	28	5	0	10.805522	0.686177	0.720975	0.041613	0.043938	0.205180	0.350385	0.644484	0.118666
55	15	0.427518	0.289388	0.426773	0.272058	0.232386	-0.059251	25	6	0	9.142759	0.669901	0.692431	0.537604	0.453175	0.296665	0.416533	0.235167	0.118666
55	16	0.225696	0.250782	0.401448	-0.173540	0.379221	0.073521	22	4	0	7.846836	0.036482	0.860969	0.017640	0.012107	0.424711	0.127646	0.235167	0.090843
55	17	0.265685	0.218730	0.401860	-0.137917	0.001180	-0.020232	24	4	0	8.556550	0.528624	0.089721	0.417816	0.173188	0.295061	0.090122	0.175353	0.355597
55	18	0.067501	0.093289	0.363889	-1.476994	0.900271	-0.419454	22	4	0	7.846836	0.116501	0.104233	0.017640	0.001924	0.031110	0.090122	0.175353	0.003127
55	19	0.407062	0.367884	0.558955	0.580789	0.623548	0.907435	19	3	0	10.553015	0.584509	0.392399	0.571280	0.109525	0.545462	0.122996	0.695718	0.234606
55	20	0.361931	0.362833	0.489852	0.451237	0.714248	0.731304	21	4	0	7.800902	0.699407	0.676636	0.246713	0.552838	0.180003	0.030067	0.275176	0.234606
55	21	0.069806	0.076451	0.363889	-1.432415	0.552978	-0.419454	22	4	0	7.846836	0.085872	0.104233	0.017640	0.001924	0.040411	0.030067	0.275176	0.003127
55	22	0.475615	0.486610	0.793778	0.443959	1.325016	1.770818	26	4	0	11.382810	0.830260	0.707264	0.740699	0.710231	0.284638	0.030067	0.430725	0.071039
55	23	0.107340	0.115599	0.476714	-0.975541	0.182347	0.599636	22	4	0	7.846836	0.065266	0.104233	0.017640	0.001924	0.205741	0.030067	0.430725	0.003127
55	24	0.460882	0.291553	0.502955	0.241050	0.304421	0.376891	36	6	0	9.124276	0.615218	0.516998	0.637428	0.605276	0.511867	0.187620	0.286562	0.326090
55	25	0.184644	0.198344	0.401448	-0.439994	0.254943	0.073521	22	4	0	7.846836	0.073765	0.863935	0.017640	0.001924	0.042575	0.187620	0.286562	0.003127
55	26	0.269494	0.255192	0.378138	-0.195678	0.008877	-0.776079	15	4	1	11.329506	0.036802	0.343970	0.706783	0.103352	0.356639	0.057729	0.281511	0.269163
55	27	0.372665	0.304021	0.416659	-0.126508	0.486707	-0.248643	32	6	0	10.174928	0.074407	0.700289	0.699567	0.225866	0.453095	0.393762	0.165170	0.269163
55	28	0.048499	0.067852	0.363889	-1.813555	1.282186	-0.419454	22	4	0	7.846836	0.037284	0.104233	0.017640	0.001924	0.058371	0.002004	0.165170	0.001363
55	29	0.681216	0.250140	0.543698	0.788742	0.175463	0.519102	46	11	0	8.333101	0.710151	0.844612	0.852309	0.902421	0.712476	0.652742	0.347659	0.427357
55	30	0.157142	0.148833	0.415697	-0.620986	0.019087	0.180621	22	4	0	7.846836	0.092046	0.104233	0.017640	0.012107	0.029346	0.652742	0.347659	0.001363
55	31	0.511466	0.244828	0.602492	0.697389	-0.259471	0.921245	21	4	0	11.912558	0.535520	0.803400	0.535119	0.834429	0.613294	0.034477	0.271248	0.464240
55	32	0.074467	0.040290	0.363889	-1.360165	-0.231218	-0.419454	22	4	0	7.846836	0.054682	0.104233	0.017640	0.001924	0.052197	0.034477	0.271248	0.059333
55	33	0.578075	0.237993	0.561085	-0.468668	0.284641	0.003990	96	18	0	10.535847	0.786963	0.667736	0.517880	0.786482	0.607601	0.425273	0.361851	0.470815
55	34	0.227810	0.309754	0.363889	-0.167860	0.841488	-0.419454	22	4	0	7.846836	0.078817	0.104233	0.017640	0.328496	0.035359	0.425273	0.361851	0.470815
55	35	0.559002	0.378267	0.495361	0.105399	0.824930	-0.160545	41	8	1	10.510423	0.705661	0.859285	0.765074	0.804763	0.456863	0.485888	0.178159	0.216325
55	36	0.184293	0.161983	0.432477	-0.442944	-0.089470	0.278217	22	4	0	7.846836	0.705661	0.104233	0.017640	0.028784	0.035038	0.188502	0.178159	0.216325
55	37	0.494538	0.439444	0.635137	0.314597	1.175918	0.965545	36	6	0	9.688071	0.634942	0.690266	0.775417	0.768922	0.215282	0.133579	0.288887	0.449006
55	38	0.096226	0.128929	0.363889	-1.086019	0.537698	-0.419454	22	4	0	7.846836	0.049391	0.104233	0.017640	0.001924	0.171023	0.133579	0.288887	0.003127
55	39	0.404827	0.417956	0.378138	-0.023954	1.162004	-0.713421	34	8	0	8.971818	0.495991	0.682409	0.584589	0.728752	0.184654	0.193233	0.174792	0.194195
55	40	0.076762	0.163306	0.336319	-1.345053	1.398120	-0.845870	22	4	0	7.846836	0.173028	0.012909	0.017640	0.001924	0.039208	0.193233	0.174792	0.001363
55	41	0.357150	0.155709	0.401448	-0.360168	-0.650840	-0.479614	45	6	0	10.315669	0.325449	0.416453	0.802037	0.393040	0.258900	0.178720	0.196039	0.286562
55	42	0.078486	0.109144	0.363889	-1.318608	0.737788	-0.419454	22	4	0	7.846836	0.093089	0.104233	0.017640	0.001924	0.034878	0.178720	0.196039	0.001363
55	43	0.182940	0.175192	0.336319	-0.876636	0.188902	-1.123954	31	6	0	8.516744	0.300593	0.036402	0.138951	0.106158	0.084750	0.267800	0.196039	0.332826
55	44	0.442772	0.446841	0.385137	0.405106	1.141494	-0.433463	25	5	0	9.012491	0.684573	0.593489	0.724984	0.659638	0.147611	0.160520	0.238534	0.332826
55	45	0.107781	0.130993	0.363889	-0.973229	0.368993	-0.419454	22	4	0	7.846836	0.065908	0.104233	0.017640	0.371472	0.033435	0.002004	0.266196	0.001363
55	46	0.588308	0.491220	0.689373	1.219977	1.305560	1.725178	23	5	0	7.131665	0.808130	0.791132	0.889432	0.910038	0.577614	0.082906	0.350866	0.296344
55	47	0.169630	0.113073	0.429946	-0.534113	-0.512981	0.275736	22	4	0	7.846836	0.070879	0.711353	0.017640	0.078817	0.043217	0.082906	0.350866	0.001363
55	48	0.377977	0.478211	0.584211	0.620556	0.919860	0.799036	11	2	1	15.608717	0.690266	0.508098	0.790170	0.589240	0.160600	0.210552	0.011546	0.063342
55	49	0.056166	0.061057	0.363889	-1.660043	0.816972	-0.419454	22	4	0	7.846836	0.058852	0.104233	0.017640	0.001924	0.043217	0.210552	0.011546	0.001363
55	50	0.176255	0.317351	0.378138	-0.393605	1.185687	-0.374377	18	3	0	9.597533	0.011305	0.411321	0.306366	0.394323	0.182328	0.010103	0.010103	0.084189
55	51	0.024986	0.015976	0.363889	-2.701841	2.698516	-0.419454	22	4	0	7.846836	0.011305	0.104233	0.017640	0.001924	0.043217	0.010103	0.010103	0.001363
55	52	0.181366	0.322823	0.459750	-0.747642	1.318040	0.240331	23	5	0	9.226651	0.014593	0.341405	0.427197	0.375000	0.183371	0.030949	0.015074	0.063342
55	53	0.123246	0.022591	0.401448	-0.853555	-1.528614	0.073521	22	4	0	7.846836	0.014593	0.861209	0.017640	0.001924	0.043217	0.030949	0.015074	0.001363
55	54	0.552247	0.325629	0.485258	0.078741	0.670532	-0.072616	51	10	0	11.209619	0.676555	0.638711	0.693634	0.752486	0.707425	0.324246	0.237733	0.387187
55	55	0.099804	0.123898	0.363889	-1.058139	0.426011	-0.419454	22	4	0	7.846836	0.081944	0.104233	0.017640	0.001924	0.029346	0.324246	0.237733	0.001363
55	56	0.519203	0.413967	0.485075	0.115408	1.138301	0.025860	45	9	0	10.547134	0.745189	0.779747	0.581062	0.839080	0.481238	0.220734	0.127004	0.379570
55	57	0.146959	0.136726	0.378138	-0.692070	-0.012292	-0.317832	22	4	0	7.846836	0.057809	0.711353	0.017640	0.001924	0.037845	0.220734	0.127004	0.001363
55	58	0.389152	0.661762	0.394621	0.276246	2.167572	-0.470334	22	3	0	13.023754	0.716725	0.371232	0.816709	0.886065	0.102550	0.012187	0.003528	0.204217
55	59	0.030849	0.042275	0.363889	-2.517339	2.717877	-0.419454	22	4	0	7.846836	0.068072	0.104233	0.017640	0.001924	0.037845	0.012187	0.003528	0.001363
55	60	0.379089	0.401359	0.426956	0.201527	1.008587	0.076329	27	5	0	8.247894	0.494147	0.600385	0.577534	0.710792	0.205180	0.112251	0.197563	0.134862
55	61	0.064484	0.076752	0.363889	-1.542279	0.795601	-0.419454	22	4	0	7.846836	0.050032	0.104233	0.017640	0.001924	0.033435	0.112251	0.061498	0.134862
55	62	0.457375	0.526098	0.537043	1.113739	1.331725	1.101658	16	3	0	8.198229	0.451491	0.817511	0.750000	0.797787	0.299070	0.017800	0.479153	0.046183
55	63	0.092247	0.046604	0.426670	-1.137283	-0.542430	0.227875	22	4	0	7.846836	0.051074	0.104233	0.017640	0.001924	0.019965	0.017800	0.479153	0.046183
55	64	0.281120	0.372775	0.336319	0.658939	0.461091	-1.000526	8	1	1	15.608717	0.704057	0.424792	0.561658	0.309573	0.111289	0.011065	0.007858	0.118666
55	65	0.043377	0.054943	0.363889	-1.994196	1.498436	-0.419454	22	4	0	7.846836	0.052197	0.104233	0.017640	0.001924	0.033435	0.011065	0.007858	0.118666
55	66	0.203305	0.355476	0.531007	-0.667328	1.150596	0.336779	19	3	1	12.597533	0.542976	0.369628	0.091886	0.476507	0.078175	0.003047	0.014593	0.049631
55	67	0.034688	0.038767	0.363889	-2.323665	2.079541	-0.419454	22	4	0	7.846836	0.052999	0.104233	0.017640	0.001924	0.033435	0.003047	0.014593	0.049631
55	68	0.370700	0.651339	0.600282	0.109465	2.134782	0.870822	22	4	0	12.223777	0.540330	0.697162	0.719933	0.745750	0.139913	0.023573	0.045382	0.053560
55	69	0.036792	0.037023	0.363889	-2.205555	1.705470	-0.419454	22	4	0	7.846836	0.066790	0.104233	0.017640	0.001924	0.033435	0.023573	0.045382	0.001363
55	70	0.311979	0.318834	0.506930	0.633848	0.400723	1.008722	15	3	0	8.001406	0.463839	0.813101	0.419019	0.377806	0.178560	0.046665	0.072482	0.124359
55	71	0.038316	0.039408	0.363889	-2.159628	1.644391	-0.419454	22	4	0	7.846836	0.028784	0.104233	0.017640	0.001924	0.033435	0.046665	0.072482	0.001363
55	72	0.462456	0.683491	0.409134	0.212238	2.069577	-0.576755	21	4	1	13.222093	0.890715	0.756575	0.808291	0.772049	0.263310	0.098942	0.093650	0.016116
55	73	0.049882	0.081262	0.363889	-1.783239	1.411475	-0.419454	22	4	0	7.846836	0.047867	0.104233	0.017640	0.001924	0.033435	0.098942	0.093650	0.001363
55	74	0.179242	0.214019	0.336319	-0.953686	0.555678	-1.217143	27	6	0	9.746058	0.174150	0.469131	0.017640	0.039288	0.041774	0.616421	0.016196	0.059333
55	75	0.103352	0.040791	0.363889	-1.031699	-0.839222	-0.419454	22	4	0	7.846836	0.032553	0.104233	0.017640	0.001924	0.036482	0.616421	0.016196	0.001363
55	76	0.584990	0.365900	0.583914	0.189077	0.649821	0.137834	31	6	2	12.796848	0.779426	0.896488	0.812941	0.784557	0.489897	0.629731	0.233323	0.053560
55	77	0.136436	0.122795	0.363889	-0.773845	-0.053474	-0.419454	22	4	0	7.846836	0.056928	0.104233	0.017640	0.001924	0.046344	0.629731	0.233323	0.001363
55	78	0.454979	0.436418	0.397336	0.231571	1.148839	-0.451906	32	6	0	9.595742	0.159718	0.581222	0.798268	0.659317	0.746232	0.307970	0.114176	0.272931
56	1	0.324667	0.434754	0.499221	0.376054	1.078144	0.644149	16	3	0	11.023754	0.245269	0.688582	0.840362	0.183130	0.108964	0.037043	0.471456	0.022530
56	2	0.359285	0.256715	0.378138	0.576474	-0.123394	-0.310203	17	3	0	9.208634	0.227389	0.437219	0.505452	0.326331	0.768040	0.139593	0.447723	0.022530
56	3	0.364136	0.382216	0.385137	0.979046	0.514465	-0.070930	11	2	0	12.179726	0.513951	0.612492	0.641196	0.334990	0.148252	0.159076	0.480597	0.022530
56	4	0.272530	0.299351	0.401448	-0.074177	0.491668	-0.172348	17	4	0	11.992509	0.334349	0.485087	0.377967	0.453175	0.351748	0.025096	0.118425	0.034397
56	5	0.268060	0.504650	0.442065	0.083326	1.627548	0.175111	15	3	0	13.156200	0.719051	0.599904	0.142158	0.526780	0.042415	0.014753	0.065026	0.034397
56	6	0.257707	0.347779	0.420542	0.099643	0.814741	0.132658	16	3	0	10.738452	0.526459	0.426475	0.500160	0.173188	0.038727	0.116581	0.245670	0.034397
56	7	0.135794	0.050533	0.336319	-0.555843	-1.164162	-0.765951	18	3	0	8.348477	0.115298	0.129971	0.515555	0.046183	0.075850	0.101427	0.080420	0.021648
56	8	0.298799	0.219792	0.336319	-0.266513	-0.025083	-1.176123	31	5	0	9.233887	0.226106	0.041774	0.765475	0.629089	0.267960	0.143762	0.193714	0.122514
56	9	0.474633	0.309934	0.466989	0.264411	0.396406	0.059890	31	5	0	11.516279	0.407553	0.764031	0.859365	0.606960	0.453736	0.073445	0.509461	0.122514
56	10	0.530488	0.497935	0.620017	1.269497	1.185441	1.311047	18	2	0	10.399263	0.777582	0.678480	0.835311	0.806126	0.638871	0.111129	0.345334	0.051074
56	11	0.308451	0.432649	0.515933	0.748984	0.994281	1.046694	14	2	0	9.023754	0.777582	0.088438	0.738534	0.028784	0.391357	0.005051	0.386786	0.051074
56	12	0.143040	0.120029	0.457379	-0.267009	-0.379939	0.692737	14	3	0	8.218549	0.007377	0.004811	0.738534	0.014352	0.050994	0.126684	0.150497	0.051074
56	13	0.354063	0.497494	0.514776	0.602487	1.278931	0.791399	14	3	0	11.111540	0.024294	0.522049	0.972498	0.264352	0.737973	0.096536	0.190266	0.024535
56	14	0.427828	0.508279	0.589824	0.964748	1.268934	1.323643	16	3	0	8.501861	0.022851	0.546905	0.972659	0.338037	0.536883	0.140956	0.839801	0.024535
56	15	0.325519	0.231078	0.420542	0.160823	-0.401920	-0.229266	14	3	1	12.879001	0.720013	0.480115	0.420382	0.287845	0.295622	0.154987	0.220654	0.024535
56	16	0.133319	0.130613	0.336319	-0.814859	0.038758	-0.984545	21	3	0	9.779165	0.267319	0.209429	0.088759	0.084910	0.079538	0.227470	0.084589	0.024535
56	17	0.257326	0.291814	0.450266	-0.242323	0.614901	0.202563	23	4	0	9.451077	0.305404	0.535520	0.071119	0.608724	0.094692	0.307970	0.061498	0.073685
56	18	0.300794	0.180224	0.465374	-0.366150	-0.401045	0.049721	27	5	0	12.072940	0.695478	0.356559	0.228111	0.375000	0.366982	0.222258	0.088278	0.073685
56	19	0.342447	0.341645	0.415834	-0.264501	0.746889	-0.384606	25	5	0	13.947753	0.630131	0.383740	0.460552	0.272851	0.188262	0.649936	0.080420	0.073685
56	20	0.200259	0.101908	0.443680	-0.245647	-0.968113	0.320426	18	3	0	9.677398	0.072723	0.060375	0.951972	0.142399	0.097899	0.201331	0.035600	0.039769
56	21	0.287885	0.351648	0.401860	-0.083876	0.827194	-0.158989	19	4	0	11.560922	0.031511	0.583467	0.951812	0.324647	0.176716	0.167174	0.027983	0.039769
56	22	0.354013	0.505673	0.467436	1.196046	1.097044	0.864242	8	2	0	10.747313	0.714962	0.653865	0.344692	0.644804	0.175273	0.224904	0.033836	0.039769
56	23	0.211804	0.333748	0.336319	-0.362105	1.075387	-1.074414	21	3	0	11.085115	0.033435	0.191790	0.344692	0.536321	0.064625	0.453656	0.030148	0.039769
56	24	0.241521	0.321921	0.385137	0.058507	0.827982	-0.026026	21	4	0	7.003595	0.574326	0.605516	0.344692	0.026139	0.093650	0.151539	0.096536	0.039769
56	25	0.208718	0.120831	0.385137	-0.824956	-0.583550	-0.610182	30	6	0	10.083458	0.169820	0.200850	0.434173	0.048348	0.260183	0.160520	0.290090	0.105757
56	26	0.281631	0.066649	0.450953	0.236108	-1.830724	0.568307	20	4	0	7.272572	0.208547	0.322162	0.436658	0.272851	0.292255	0.327213	0.287604	0.105757
56	27	0.167495	0.170803	0.385137	-0.953824	0.255823	-0.500831	29	5	0	9.233887	0.351908	0.077854	0.286642	0.175754	0.138390	0.066950	0.232360	0.010103
56	28	0.489466	0.248817	0.409134	0.841240	-0.567910	-0.308119	12	3	1	14.608717	0.657393	0.592848	0.793538	0.648813	0.545462	0.197081	0.470494	0.010103
56	29	0.397320	0.684052	0.378138	0.814104	1.790696	-0.601194	10	2	1	14.816236	0.764272	0.722819	0.739015	0.688021	0.049230	0.023573	0.181527	0.010103
56	30	0.392449	0.711193	0.336319	1.316490	1.991421	-0.547932	9	2	0	10.586520	0.843970	0.428961	0.935135	0.716325	0.041533	0.023573	0.139994	0.010103
56	31	0.105607	0.077193	0.336319	-0.631626	-0.699398	-1.016751	10	2	1	12.620077	0.077053	0.312941	0.198044	0.097819	0.039368	0.061738	0.047787	0.010103
56	32	0.183271	0.154747	0.336319	0.159983	-0.456970	-0.628517	12	2	0	9.792901	0.333467	0.033355	0.904105	0.013230	0.021087	0.120670	0.030148	0.010103
56	33	0.317642	0.256976	0.459750	0.034805	0.079458	0.215475	20	4	0	10.980023	0.316549	0.251283	0.904105	0.562620	0.254570	0.120670	0.121232	0.010103
56	34	0.265124	0.354775	0.436440	0.585310	0.616429	0.430892	11	2	0	11.887245	0.301716	0.382858	0.480597	0.717848	0.060295	0.138390	0.029185	0.010103
56	35	0.418197	0.368024	0.477069	0.652336	0.588983	0.463620	18	3	0	10.801362	0.336995	0.576171	0.949487	0.719051	0.273493	0.154987	0.283275	0.052117
56	36	0.415411	0.655388	0.496988	1.046064	1.860815	0.847137	15	2	0	9.598921	0.699888	0.205420	0.949487	0.756815	0.579859	0.018762	0.060936	0.052117
56	37	0.554382	0.504450	0.450266	1.737873	1.018514	0.592877	11	2	0	11.149285	0.845093	0.559092	0.807328	0.927037	0.050754	0.794580	0.399054	0.052117
56	38	0.191178	0.124359	0.378138	0.193416	-0.824805	-0.086463	13	2	0	9.233887	0.051074	0.057729	0.870350	0.120510	0.323445	0.019885	0.034317	0.052117
56	39	0.249729	0.252967	0.428171	0.156949	0.098642	0.237706	14	3	0	11.111540	0.833788	0.019804	0.702854	0.106158	0.131815	0.042255	0.151860	0.009301
56	40	0.335020	0.402682	0.432042	0.476813	0.856437	0.223419	15	3	0	10.833343	0.224423	0.448926	0.702854	0.968329	0.132216	0.042255	0.151860	0.009301
56	41	0.097959	0.110928	0.336319	-1.567267	0.422879	-1.259210	29	5	0	10.516279	0.188422	0.098140	0.160600	0.066469	0.048108	0.030067	0.154827	0.037043
56	42	0.105176	0.081703	0.336319	-0.783516	-0.391736	-0.911977	13	3	0	12.412558	0.007377	0.262588	0.077614	0.055083	0.069195	0.234205	0.098300	0.037043
56	43	0.290280	0.280589	0.401448	0.491005	0.098805	0.130571	12	3	0	10.890361	0.638791	0.387508	0.375401	0.375722	0.364256	0.025096	0.118425	0.037043
56	44	0.284688	0.233082	0.336319	0.041350	-0.095788	-1.044329	16	4	0	11.670458	0.315427	0.109365	0.452614	0.344051	0.365619	0.169259	0.484124	0.037043
56	45	0.173599	0.095293	0.336319	-0.759116	-0.669952	-1.022171	25	5	0	8.395203	0.158675	0.135664	0.163727	0.103352	0.051636	0.298268	0.270446	0.207024
56	46	0.358944	0.133679	0.336319	-0.090626	-1.003165	-1.250359	29	5	0	10.352259	0.575369	0.340202	0.284397	0.362251	0.537203	0.252165	0.279025	0.240940
56	47	0.223160	0.222378	0.336319	-0.915492	0.489185	-1.219059	55	9	0	7.533938	0.153624	0.029907	0.049391	0.331543	0.460953	0.163566	0.191148	0.405148
56	48	0.091315	0.155488	0.336319	-0.678646	0.781000	-0.637867	16	2	0	8.468839	0.003287	0.004811	0.189705	0.017880	0.076491	0.163566	0.067752	0.207024
56	49	0.156030	0.153203	0.336319	-0.493105	0.055070	-0.693029	22	4	0	6.900369	0.034477	0.053159	0.189705	0.026139	0.233323	0.406270	0.191148	0.114015
56	50	0.157954	0.146608	0.336319	-0.912723	0.084159	-1.045330	28	5	0	8.330833	0.002806	0.145767	0.120991	0.039288	0.419179	0.363294	0.058291	0.114015
56	51	0.150116	0.180164	0.385137	-0.901241	0.489332	-0.308173	29	5	0	7.750227	0.282312	0.035119	0.052197	0.041533	0.296665	0.212155	0.171344	0.109606
56	52	0.096436	0.047326	0.399100	-1.424485	-0.601475	-0.346320	21	5	0	11.239372	0.085872	0.056366	0.052197	0.024294	0.036963	0.091084	0.315106	0.109606
56	53	0.130212	0.143722	0.336319	-0.813636	0.184811	-0.998526	19	3	0	10.625825	0.184333	0.250641	0.052197	0.019965	0.058852	0.292415	0.073685	0.109606
56	54	0.188863	0.138029	0.385137	-0.675806	-0.342884	-0.480703	22	4	0	10.769857	0.138791	0.215924	0.475144	0.026139	0.050994	0.275497	0.218810	0.109606
56	55	0.451662	0.336133	0.426956	0.780313	0.336383	0.084708	17	3	0	11.751782	0.683772	0.685295	0.483323	0.582264	0.530148	0.273573	0.265314	0.109606
56	56	0.292796	0.123457	0.336319	0.250449	-1.139603	-0.769174	19	4	0	7.770468	0.106078	0.290411	0.252325	0.223541	0.231158	0.421023	0.487893	0.329939
56	57	0.310215	0.256835	0.456050	0.131500	0.143280	0.404283	24	4	0	7.956702	0.127405	0.091244	0.442992	0.214080	0.402261	0.428319	0.584349	0.191068
56	58	0.105085	0.079358	0.336319	-0.788979	-0.334732	-0.810177	16	3	0	9.233782	0.033435	0.049070	0.110247	0.072322	0.167335	0.018281	0.322643	0.067351
56	59	0.211704	0.279566	0.397336	-0.473179	0.810241	-0.147205	29	5	0	7.580811	0.033435	0.400096	0.110247	0.137428	0.574727	0.047707	0.322643	0.067351
56	60	0.332986	0.236770	0.401448	-0.261313	0.085071	-0.273648	38	7	0	8.446008	0.321039	0.335872	0.110247	0.523573	0.845815	0.047707	0.321681	0.157954
56	61	0.367303	0.447603	0.479359	-0.292431	1.419733	0.168547	43	9	0	8.757277	0.231479	0.424792	0.117463	0.595734	0.595334	0.047707	0.767960	0.157954
56	62	0.376844	0.123577	0.336319	0.014781	-1.113040	-1.109791	37	6	0	8.072551	0.446039	0.344532	0.622274	0.251443	0.417174	0.252165	0.317030	0.364096
56	63	0.214370	0.315787	0.336319	-0.083333	0.847337	-0.867443	17	3	0	9.526263	0.023573	0.419660	0.075128	0.123396	0.437781	0.389192	0.163246	0.082986
56	64	0.338208	0.508860	0.336319	-0.249752	1.711855	-1.338174	29	5	0	11.801362	0.224743	0.636386	0.603993	0.095334	0.406511	0.600144	0.055564	0.082986
56	65	0.414268	0.410279	0.565850	0.034133	1.083279	0.666279	34	6	0	9.742416	0.637588	0.628207	0.214561	0.682328	0.440026	0.406270	0.222178	0.082986
56	66	0.315407	0.364136	0.420542	0.745100	0.520407	0.279118	11	2	0	13.023754	0.460792	0.488614	0.461193	0.527742	0.346777	0.044259	0.110888	0.082986
56	67	0.264783	0.249278	0.336319	0.357060	-0.008365	-0.740329	14	3	0	9.233677	0.402742	0.405468	0.461193	0.177678	0.083547	0.262348	0.242303	0.082986
56	68	0.147320	0.075930	0.336319	-0.913580	-0.714685	-1.054915	25	4	0	9.068639	0.222579	0.271408	0.084830	0.033194	0.136947	0.171023	0.115699	0.142880
56	69	0.209940	0.130232	0.397336	-1.231024	-0.490431	-0.881102	39	7	1	10.145546	0.217367	0.354795	0.084830	0.135504	0.345895	0.246392	0.151860	0.142880
56	70	0.348471	0.346476	0.397336	-0.170472	0.815227	-0.434185	33	6	0	9.291717	0.201572	0.133499	0.523332	0.183130	0.515154	0.120670	0.699407	0.411001
56	71	0.167215	0.168497	0.336319	-0.709898	0.163036	-0.992126	24	4	0	8.622895	0.049391	0.042976	0.084830	0.100625	0.459990	0.196440	0.336113	0.067351
56	72	0.189535	0.185616	0.336319	-1.068042	0.290523	-1.358093	35	6	0	10.818851	0.052999	0.324166	0.262668	0.175754	0.100786	0.196440	0.336113	0.067351
56	73	0.557318	0.525136	0.483323	0.761347	1.581847	0.384984	32	5	0	8.572204	0.741742	0.733323	0.878608	0.883659	0.266357	0.617223	0.133419	0.204217
56	74	0.247053	0.253047	0.336319	0.028117	0.265498	-0.765035	20	4	0	7.600255	0.065908	0.081543	0.327293	0.011065	0.641677	0.340843	0.267158	0.240940
56	75	0.580140	0.280969	0.705329	0.781030	0.117482	1.346928	24	5	0	11.165451	0.716966	0.740218	0.797947	0.712316	0.581863	0.149134	0.883339	0.059333
56	76	0.256765	0.225645	0.336319	-0.255543	0.113746	-1.001671	24	5	0	8.347888	0.090042	0.254410	0.142158	0.028784	0.783114	0.227470	0.468810	0.059333
56	77	0.235447	0.125822	0.433588	0.189965	-1.032031	0.354476	14	3	0	9.601707	0.087636	0.398894	0.072563	0.305805	0.269403	0.214962	0.215924	0.318393
56	78	0.301125	0.315547	0.378138	0.558140	0.350186	-0.210585	13	3	0	9.657529	0.439785	0.239737	0.050593	0.139833	0.143602	0.513470	0.563582	0.318393
56	79	0.689835	0.186558	0.824830	1.465120	-0.621786	2.087610	20	4	0	10.166250	0.732280	0.892158	0.816068	0.846616	0.678801	0.512187	0.722178	0.318393
56	80	0.300543	0.131294	0.489966	0.459380	-1.070778	0.989192	20	4	0	6.318888	0.138791	0.119387	0.218329	0.289368	0.817912	0.393121	0.228352	0.199086
56	81	0.484575	0.262147	0.587212	0.474310	-0.046452	0.784374	25	4	0	11.862790	0.393762	0.479634	0.235568	0.518922	0.912684	0.596376	0.676315	0.063342
56	82	0.637358	0.474182	0.651998	1.341529	1.280870	1.449622	25	4	0	7.769819	0.811017	0.909477	0.916533	0.898573	0.238855	0.431366	0.478672	0.414368
56	83	0.193734	0.118525	0.401860	-0.690407	-0.612698	-0.229241	22	4	0	11.682842	0.042335	0.255773	0.237171	0.178801	0.213438	0.083307	0.402421	0.136626
56	84	0.192782	0.129550	0.485075	-0.284654	-0.585226	0.603955	18	3	0	9.538462	0.190106	0.393361	0.090603	0.320879	0.211674	0.083307	0.115699	0.136626
56	85	0.322723	0.222097	0.485258	-0.277047	-0.028741	0.314416	34	7	0	8.711509	0.242142	0.172466	0.332665	0.267720	0.802437	0.083307	0.544419	0.136626
56	86	0.212737	0.178901	0.462361	-0.355555	-0.098080	0.479302	24	5	0	7.486761	0.547947	0.310375	0.283836	0.158836	0.090282	0.118666	0.065587	0.126363
56	87	0.395877	0.179903	0.401448	0.547832	-0.706368	0.111016	23	4	0	7.469572	0.316549	0.399455	0.283836	0.648252	0.780949	0.275497	0.336113	0.126363
56	88	0.260443	0.209970	0.446154	-0.033342	-0.072280	0.452665	23	5	0	7.095801	0.284798	0.117303	0.389753	0.245029	0.349743	0.419580	0.116742	0.160600
56	89	0.556396	0.493445	0.743746	1.043899	1.270405	1.802151	21	4	0	8.997188	0.718169	0.645847	0.900417	0.729394	0.308451	0.871552	0.116742	0.160600
56	90	0.130051	0.088458	0.336319	-1.097085	-0.299954	-0.998095	27	6	0	7.878540	0.110808	0.063422	0.489416	0.062540	0.039047	0.209349	0.016196	0.049631
56	91	0.432228	0.247174	0.729337	0.391241	-0.136370	1.639748	24	5	0	8.982403	0.580741	0.667255	0.489416	0.613454	0.430083	0.369869	0.257377	0.049631
56	92	0.088689	0.027462	0.336319	-1.415561	-0.684885	-0.874703	31	6	0	6.889434	0.094211	0.056366	0.105436	0.153223	0.108964	0.092046	0.012909	0.086353
56	93	0.077614	0.040731	0.336319	-0.871076	-0.536319	-0.673390	12	3	0	9.315180	0.003047	0.095334	0.105436	0.059573	0.049792	0.147691	0.073685	0.086353
56	94	0.094822	0.074747	0.378138	-0.476275	-0.466283	-0.132493	11	2	0	10.936569	0.040411	0.247274	0.105436	0.041533	0.073204	0.147691	0.016677	0.086353
56	95	0.313392	0.254049	0.574063	0.054730	0.068530	0.959876	20	5	0	9.122586	0.531671	0.415811	0.119468	0.183130	0.301074	0.499198	0.181046	0.275738
56	96	0.339280	0.301836	0.477447	0.420850	0.349367	0.691365	20	4	0	7.600255	0.039529	0.301956	0.730115	0.928720	0.122194	0.253929	0.062059	0.275738
57	1	0.496071	0.327313	0.378138	0.267162	0.637923	-0.622722	49	10	0	7.270026	0.250000	0.536482	0.709189	0.144804	0.670542	0.552518	0.717848	0.387187
57	2	0.341615	0.302257	0.401448	-0.566644	0.737248	-0.381718	57	13	0	7.531084	0.279666	0.358724	0.151219	0.097819	0.497595	0.229233	0.555164	0.563502
57	3	0.693734	0.340663	0.626375	0.866693	0.880004	0.937154	50	10	0	8.006177	0.656751	0.351588	0.955340	0.878047	0.938983	0.369869	0.785760	0.613534
57	4	0.655799	0.450589	0.479772	-0.831790	2.025696	-0.642463	175	39	0	8.053661	0.398412	0.468650	0.933691	0.350144	0.441309	0.865860	0.861209	0.927117
57	5	0.311718	0.300974	0.397336	-0.330981	0.691994	-0.282365	46	9	0	7.068607	0.075690	0.225625	0.641517	0.072322	0.625321	0.395366	0.177277	0.280629
57	6	0.404446	0.249058	0.336319	-0.617456	0.256397	-1.593049	65	13	0	9.413236	0.475064	0.139994	0.358323	0.129169	0.541373	0.754330	0.319516	0.517800
57	7	0.577343	0.216645	0.494617	-0.045709	0.050128	0.077523	90	16	0	7.294971	0.346376	0.503929	0.694917	0.415892	0.742864	0.641758	0.709509	0.563502
57	8	0.603963	0.138310	0.555816	0.210986	-0.716428	0.557935	85	16	0	6.498230	0.492383	0.536241	0.662043	0.667656	0.576171	0.676796	0.702614	0.517800
57	9	0.461183	0.144383	0.474961	-0.529627	-0.625492	-0.106688	87	18	0	7.519128	0.322803	0.247274	0.462235	0.454859	0.499118	0.554682	0.383900	0.764593
57	10	0.917385	0.041974	0.582734	0.306718	-0.476370	-0.129795	197	41	0	7.786544	0.847739	0.893602	0.952293	0.903384	0.939785	0.957745	0.907473	0.937059
57	11	0.574326	0.317912	0.466989	0.176746	0.656674	-0.095527	54	12	0	9.253294	0.427678	0.749198	0.722338	0.109525	0.748797	0.615860	0.789128	0.432088
57	12	0.752756	0.030709	0.635813	-0.007011	-1.822559	0.359075	132	23	0	8.318620	0.670061	0.786321	0.830581	0.764833	0.755372	0.758820	0.705099	0.750962
57	13	0.823515	0.094532	0.881162	0.029968	-0.378078	1.398016	158	27	0	8.756272	0.837155	0.808932	0.927598	0.881575	0.893441	0.694836	0.733242	0.811337
57	14	0.762498	0.095654	0.509266	0.130784	-0.746043	-0.200411	120	21	0	8.409602	0.678720	0.738855	0.783675	0.805885	0.860247	0.756174	0.577133	0.899294
57	15	0.519925	0.162544	0.526299	-0.446525	-0.469006	0.033667	84	18	0	8.812409	0.452133	0.455981	0.290651	0.476507	0.667415	0.510423	0.705340	0.600946
57	16	0.898873	0.039889	0.784443	0.479064	-0.807964	0.908576	149	30	0	8.543441	0.713358	0.937700	0.936899	0.900176	0.897771	0.901219	0.944756	0.959108
57	17	0.494718	0.351347	0.401448	-0.072697	0.915061	-0.403426	69	14	0	7.158364	0.214240	0.347418	0.475946	0.173188	0.792094	0.577453	0.642239	0.735167
57	18	0.491792	0.062440	0.513734	-0.244490	-1.801643	0.112617	68	12	0	9.048694	0.415090	0.475866	0.411001	0.528704	0.488614	0.521248	0.513550	0.580260
57	19	0.852530	0.098120	0.760996	0.617600	-0.307695	1.117815	128	22	0	7.476300	0.790811	0.770606	0.899695	0.825930	0.925192	0.931767	0.813663	0.862572
57	20	0.855797	0.141076	0.504742	-0.334101	0.521286	-0.772230	224	42	0	9.252593	0.533595	0.840924	0.866020	0.754169	0.978592	0.986610	0.932248	0.954217
57	21	0.651600	0.225124	0.438090	-0.341672	0.396082	-0.627690	136	27	0	7.278946	0.296825	0.633419	0.663486	0.404506	0.675834	0.833066	0.790731	0.914929
57	22	0.678350	0.166353	0.566320	0.047642	-0.253802	0.258113	91	22	0	8.052125	0.706302	0.664448	0.798669	0.575048	0.778143	0.541292	0.758499	0.604394
57	23	0.698896	0.059193	0.450266	0.246943	-1.646527	-0.460606	74	16	0	9.936518	0.668618	0.703175	0.600786	0.637428	0.770526	0.685856	0.841405	0.683371
57	24	0.590854	0.135223	0.575586	0.092972	-0.829833	0.438177	69	13	0	8.791298	0.575690	0.688582	0.296905	0.470734	0.666934	0.710391	0.634221	0.683371
57	25	0.854424	0.092086	0.516082	0.170232	-0.199565	-0.349108	169	30	0	7.937155	0.624920	0.815988	0.849262	0.847258	0.920702	0.965443	0.963999	0.847819
57	26	0.392419	0.167756	0.378138	-0.856861	-0.292536	-1.097747	91	16	0	8.137831	0.211434	0.336754	0.435536	0.187700	0.313021	0.725946	0.414047	0.514913
57	27	0.955119	0.020807	0.890669	0.393121	-0.316605	1.134324	233	41	0	9.138355	0.904025	0.951652	0.956783	0.974904	0.979233	0.942191	0.963679	0.968489
57	28	0.810425	0.153303	0.572173	0.483755	0.064132	0.287094	117	23	0	7.271404	0.917014	0.787765	0.879971	0.921023	0.842607	0.897530	0.633098	0.604394
57	29	0.800804	0.132958	0.490699	0.495339	-0.210436	-0.081527	110	24	0	7.097491	0.736289	0.770045	0.561658	0.932809	0.888631	0.808371	0.912364	0.796264
58	1	0.895035	0.063783	0.598518	1.146446	-0.632011	0.481972	92	19	0	7.689816	0.956623	0.934173	0.846456	0.924230	0.878368	0.812700	0.931767	0.875962
58	2	0.866030	0.175493	0.718432	0.470370	0.651889	0.725152	131	26	0	8.442183	0.629330	0.976026	0.978913	0.868586	0.970734	0.781110	0.801716	0.921825
58	3	0.893993	0.091405	0.929167	0.759180	-0.120941	2.060512	114	23	0	8.823042	0.787765	0.943954	0.866180	0.947001	0.951491	0.872755	0.828335	0.954458
58	4	0.869027	0.082344	0.666338	0.300547	-0.314989	0.374703	148	30	0	8.475859	0.795622	0.962877	0.448284	0.954939	0.907553	0.982120	0.961594	0.939224
58	5	0.554001	0.182148	0.511546	-0.494613	-0.185708	-0.127669	102	20	0	8.560715	0.515956	0.536883	0.380372	0.354394	0.533435	0.654105	0.694516	0.762348
58	6	0.449246	0.220133	0.336319	-0.491727	0.064149	-1.487894	82	17	0	7.467497	0.388069	0.274134	0.371873	0.218890	0.398012	0.568233	0.567351	0.807409
58	7	0.735467	0.207264	0.596674	-0.753078	0.655955	-0.122053	215	50	0	7.603044	0.635103	0.774615	0.669500	0.674070	0.864416	0.464801	0.879410	0.921825
58	8	0.898382	0.051355	0.551223	0.116387	-0.427116	-0.355463	208	40	0	8.135142	0.849503	0.940427	0.913165	0.907553	0.956302	0.738855	0.919099	0.962155
58	9	0.611390	0.164829	0.401448	-0.452630	-0.233781	-0.950140	126	21	0	8.439614	0.326652	0.437700	0.680164	0.591164	0.653384	0.738855	0.560776	0.902421
58	10	0.742994	0.081783	0.543973	0.361529	-1.080253	0.206325	100	18	0	7.670009	0.709670	0.783275	0.654987	0.681607	0.787925	0.745831	0.838198	0.742463
58	11	0.935846	0.036482	0.984285	0.281885	-0.499407	1.874108	173	33	1	8.919210	0.873236	0.957425	0.972338	0.980356	0.974423	0.800433	0.961193	0.967367
58	12	0.791764	0.092006	0.466657	0.258641	-0.677107	-0.410377	118	25	0	7.935221	0.858483	0.854474	0.396568	0.869307	0.924711	0.767399	0.783916	0.879250
58	13	0.736059	0.270025	0.664173	-0.129952	0.939217	0.508827	142	26	0	7.847385	0.576090	0.559894	0.898012	0.630131	0.616742	0.918457	0.869468	0.819676
58	14	0.711283	0.060455	0.421367	0.232172	-1.504872	-0.557175	93	20	0	7.705948	0.703095	0.625321	0.672386	0.775016	0.698364	0.624679	0.900497	0.690908
58	15	0.166252	0.080881	0.336319	-1.258187	-0.591906	-1.170631	51	11	0	7.202713	0.147530	0.094532	0.147049	0.095334	0.077213	0.231158	0.157633	0.379570
58	16	0.445688	0.147992	0.401448	-0.080346	-0.797106	-0.394245	52	10	0	8.175463	0.360327	0.315587	0.313182	0.345574	0.473861	0.522691	0.444917	0.789368
58	17	0.362001	0.274535	0.336319	-0.913517	0.636286	-1.580302	82	17	0	8.055201	0.244067	0.189304	0.166854	0.204137	0.649936	0.382457	0.420301	0.638951
58	18	0.640174	0.256495	0.378138	-0.090898	0.464913	-1.189892	93	19	0	8.437100	0.546825	0.519243	0.774214	0.326331	0.764432	0.533595	0.833387	0.823364
58	19	0.455961	0.198605	0.416659	-0.778348	-0.069832	-0.757470	90	17	0	9.588372	0.236530	0.383740	0.579217	0.218890	0.772049	0.441950	0.480997	0.534317
58	20	0.270566	0.124499	0.336319	-0.596843	-0.761044	-1.218841	44	8	0	8.181495	0.349904	0.084910	0.310696	0.231318	0.450529	0.122996	0.292495	0.321681
58	21	0.427969	0.138290	0.378138	0.058239	-0.947358	-0.603788	44	10	0	7.392136	0.305404	0.401620	0.525657	0.485247	0.374278	0.283836	0.591244	0.456462
58	22	0.883349	0.067832	0.659431	-0.384687	-0.122760	-0.055154	281	56	0	8.100725	0.675834	0.896809	0.908194	0.878207	0.947482	0.933371	0.841645	0.985247
59	1	0.607010	0.231258	0.336319	0.518406	-0.009330	-1.229522	55	12	0	7.270026	0.174551	0.541373	0.570558	0.969452	0.390074	0.989978	0.656591	0.563502
59	2	0.960592	0.042455	0.658905	0.403525	0.246925	-0.028699	233	45	0	9.048605	0.901459	0.940908	0.975545	0.936257	0.986931	0.981879	0.978592	0.983162
59	3	0.530709	0.207645	0.336319	-0.131294	-0.115317	-1.487847	75	15	0	7.880762	0.663727	0.418538	0.824326	0.282713	0.551636	0.501924	0.606318	0.396488
59	4	0.319786	0.175393	0.336319	-0.694779	-0.229473	-1.314294	64	13	0	7.353262	0.234686	0.161883	0.317431	0.166533	0.413967	0.231158	0.382537	0.650096
59	5	0.841956	0.100345	0.872686	0.984960	-0.597121	1.776382	72	13	0	9.585231	0.870029	0.937540	0.947963	0.909237	0.863775	0.660520	0.858643	0.687941
59	6	0.815908	0.066830	0.550525	0.321039	-0.956391	-0.008925	116	26	0	8.305220	0.799471	0.826732	0.601187	0.964480	0.856960	0.801475	0.885904	0.791052
59	7	0.965984	0.022370	0.868105	0.737443	-0.073466	1.186628	208	40	0	8.023275	0.900176	0.981799	0.964962	0.947322	0.977309	0.978271	0.986289	0.991742
59	8	0.663386	0.231699	0.640131	-0.157408	0.389231	0.471373	117	19	0	8.340300	0.581302	0.752165	0.360087	0.828576	0.794019	0.593089	0.539929	0.857922
59	9	0.956282	0.049230	0.593524	0.730748	0.177092	-0.160059	166	32	0	9.428188	0.910920	0.989176	0.974423	0.976507	0.970895	0.985648	0.935776	0.906911
59	10	0.868054	0.086073	0.619513	0.644101	-0.361530	0.388955	128	23	0	7.757027	0.699086	0.913486	0.869869	0.919259	0.850064	0.963438	0.796264	0.932970
59	11	0.632216	0.194796	0.479359	-0.658495	0.191359	-0.501584	158	29	0	7.860215	0.676155	0.504570	0.471616	0.593489	0.725706	0.524134	0.710151	0.851908
59	12	0.525006	0.175714	0.496369	-0.368521	-0.336781	-0.076564	88	16	0	8.402000	0.305404	0.531751	0.181527	0.545943	0.610568	0.711594	0.645125	0.668137
59	13	0.478782	0.351347	0.518877	-0.204696	0.878673	0.211967	58	13	0	8.784308	0.272851	0.264352	0.248797	0.314785	0.845975	0.598060	0.694115	0.591325
59	14	0.741701	0.122835	0.652066	-0.162481	-0.454219	0.316500	122	26	0	9.489314	0.629891	0.753849	0.522691	0.716645	0.869869	0.883018	0.800433	0.757216
59	15	0.536993	0.105697	0.539265	0.023354	-1.264690	0.321310	59	12	0	8.872612	0.549310	0.475866	0.332665	0.511386	0.481238	0.762267	0.488775	0.694436
59	16	0.754961	0.305284	0.474262	0.660731	0.999487	-0.001719	84	17	0	7.017660	0.841806	0.973861	0.879570	0.988214	0.614336	0.548428	0.472178	0.721296
59	17	0.475485	0.415210	0.471445	-0.077887	1.256881	0.057214	61	11	0	7.944133	0.685616	0.316068	0.137588	0.957264	0.164448	0.716645	0.366020	0.460231
59	18	0.687690	0.347939	0.479359	0.212727	1.191650	-0.092444	93	20	0	7.338585	0.495109	0.484686	0.781030	0.382537	0.811899	0.853432	0.836113	0.856719
59	19	0.548128	0.243465	0.487790	0.195597	0.088049	0.187152	62	11	0	7.796070	0.293217	0.483563	0.787925	0.269644	0.665491	0.527502	0.636386	0.721296
59	20	0.397841	0.195678	0.378138	-0.463263	-0.222377	-0.936628	59	11	0	8.866870	0.231879	0.376764	0.540250	0.112572	0.534878	0.390074	0.585311	0.411001
59	21	0.682288	0.238053	0.556275	-0.076919	0.428509	0.043775	103	19	0	9.176836	0.549952	0.599503	0.805885	0.547306	0.688983	0.833467	0.582986	0.850225
59	22	0.479193	0.265034	0.401448	-0.070439	0.312344	-0.324825	67	15	0	6.647046	0.188422	0.260423	0.541934	0.312460	0.853352	0.572963	0.561658	0.542335
59	23	0.829047	0.108864	0.800044	0.557997	-0.396051	1.267886	107	20	0	8.315430	0.777983	0.864256	0.729634	0.868746	0.905629	0.797226	0.742463	0.946440
59	24	0.777582	0.054302	0.399100	0.402267	-1.423886	-0.853952	100	20	0	8.023650	0.336995	0.743345	0.866742	0.827053	0.955340	0.833066	0.844692	0.813422
60	1	0.976387	0.008419	0.723438	0.544267	-0.084244	0.291751	274	52	0	8.105099	0.935135	0.965282	0.984365	0.980677	0.984846	0.992543	0.981799	0.986450
60	2	0.463619	0.276379	0.501936	-0.506529	0.488037	-0.056935	80	13	0	9.250249	0.228752	0.312941	0.350225	0.387187	0.617142	0.491742	0.703255	0.617704
60	3	0.596085	0.167776	0.463049	0.118307	-0.444594	-0.086538	78	15	0	7.570215	0.470253	0.557890	0.537604	0.664689	0.682970	0.244788	0.905228	0.705260
60	4	0.880953	0.162103	0.653658	-0.318691	0.977989	-0.025832	274	53	0	7.860782	0.778384	0.815346	0.811017	0.766196	0.958066	0.976988	0.960953	0.980677
60	5	0.568042	0.159036	0.426956	0.146140	-0.601900	-0.267106	70	14	0	7.392417	0.621793	0.139994	0.529185	0.425353	0.596777	0.636466	0.739657	0.855115
60	6	0.588719	0.099984	0.462464	-0.191516	-1.098183	-0.255700	93	20	0	7.633424	0.363775	0.425754	0.587797	0.585632	0.567832	0.765795	0.584028	0.829137
60	7	0.641256	0.240398	0.401448	0.192448	0.273968	-0.548051	83	18	0	7.213683	0.471857	0.604394	0.842447	0.420863	0.531190	0.839080	0.729314	0.690908
60	8	0.793417	0.081042	0.588954	0.273867	-0.861102	0.189229	113	22	0	8.610882	0.738695	0.778784	0.836273	0.874759	0.763149	0.843489	0.793217	0.718970
60	9	0.517319	0.382377	0.414231	-0.755087	1.387059	-0.822900	123	22	0	8.149901	0.448605	0.247915	0.493265	0.363855	0.287845	0.724583	0.837316	0.735167
60	10	0.977840	0.014793	0.747835	0.399233	0.308632	0.321984	331	65	0	7.886442	0.967046	0.984044	0.960712	0.979554	0.985327	0.970414	0.979233	0.996392
60	11	0.826471	0.049270	0.656156	0.470852	-1.248446	0.562743	116	22	0	8.089422	0.883018	0.860407	0.792014	0.930885	0.855997	0.604554	0.859846	0.825048
60	12	0.954909	0.043638	0.533950	0.510483	0.140609	-0.500503	215	41	0	8.420325	0.923589	0.969452	0.993024	0.976187	0.953977	0.934253	0.974904	0.913887
60	13	0.762558	0.090904	0.613317	0.272785	-0.879838	0.377076	99	20	0	8.602445	0.801395	0.636386	0.758258	0.702935	0.716405	0.811578	0.778624	0.894885
61	1	0.291964	0.225405	0.378138	-0.670685	0.244953	-0.701484	55	12	0	7.270026	0.101427	0.163085	0.898894	0.112572	0.231639	0.305965	0.099262	0.422867
61	2	0.595895	0.254109	0.499588	0.860530	0.039194	0.637288	42	9	0	6.513891	0.720734	0.934493	0.587797	0.734445	0.401379	0.285038	0.610327	0.492944
61	3	0.498306	0.311277	0.585975	0.346840	0.476503	0.871346	40	9	0	7.850560	0.674551	0.349022	0.859606	0.413085	0.351748	0.548428	0.658275	0.131735
61	4	0.576932	0.211614	0.459750	-0.047996	-0.258672	-0.474077	56	11	1	9.287739	0.584910	0.673028	0.918137	0.387187	0.225225	0.603432	0.502245	0.721296
61	5	0.711163	0.287083	0.416659	-0.064371	0.960599	-0.711163	128	26	0	7.315564	0.305404	0.586995	0.694917	0.569195	0.858162	0.919179	0.861530	0.893922
61	6	0.817000	0.159818	0.401448	0.082291	0.339976	-0.977438	162	33	0	7.059032	0.430484	0.815346	0.937219	0.631815	0.984365	0.926636	0.924872	0.885263
61	7	0.424902	0.321199	0.336319	-0.547108	0.881851	-1.426611	85	17	0	6.996050	0.195718	0.333788	0.272771	0.177678	0.773012	0.527502	0.402421	0.716325
61	8	0.540090	0.307589	0.547329	0.043386	0.606126	0.366786	64	11	0	8.658483	0.414609	0.679602	0.290651	0.132777	0.820959	0.667094	0.726026	0.588999
61	9	0.571230	0.190306	0.426956	0.031040	-0.272178	-0.396421	73	14	0	8.110549	0.504410	0.565747	0.890715	0.161081	0.541693	0.923348	0.591645	0.391196
61	10	0.380051	0.173088	0.462464	-0.607264	-0.397628	-0.180665	58	12	0	9.423081	0.141357	0.542656	0.407713	0.481879	0.518521	0.193233	0.395526	0.359525
61	11	0.492834	0.457826	0.513264	-0.267721	1.609944	0.262045	88	16	0	6.791160	0.631254	0.462155	0.191068	0.240779	0.149455	0.782633	0.831302	0.654025
61	12	0.493175	0.344512	0.397336	-0.657930	1.036296	-0.993640	93	18	0	9.147207	0.193072	0.621953	0.301716	0.197162	0.466565	0.967367	0.578095	0.619468
61	13	0.527752	0.202093	0.543434	0.212730	-0.309551	0.534943	53	11	0	7.874742	0.457665	0.312941	0.480597	0.462396	0.733964	0.743987	0.411001	0.619468
61	14	0.892650	0.085993	0.652605	0.155523	0.068413	0.197534	205	39	0	7.722456	0.844452	0.842207	0.899375	0.828576	0.937941	0.916453	0.927197	0.944997
62	1	0.431106	0.185576	0.416659	-0.306334	-0.335572	-0.346703	63	12	0	7.978645	0.204378	0.480997	0.506334	0.139833	0.388390	0.471777	0.592848	0.664288
62	2	0.774264	0.177097	0.528258	0.337443	0.141653	0.047469	112	21	0	7.653374	0.721697	0.697001	0.836273	0.537203	0.906751	0.872755	0.915892	0.706543
62	3	0.744407	0.094632	0.578015	0.991473	-1.210046	0.607354	46	9	0	9.318764	0.790330	0.730757	0.779266	0.905629	0.821921	0.402341	0.818473	0.706543
62	4	0.333838	0.346296	0.378138	-0.341771	0.974638	-0.578231	50	11	0	6.826483	0.161722	0.593249	0.140715	0.158836	0.205741	0.550353	0.367142	0.492944
62	5	0.760063	0.143341	0.336319	0.016072	-0.157955	-1.879038	131	25	0	8.104628	0.690507	0.727389	0.635904	0.660359	0.732922	0.916453	0.920702	0.796264
62	6	0.484746	0.370410	0.397336	-0.527400	1.163963	-0.832877	88	18	0	8.052050	0.300994	0.247915	0.161963	0.420863	0.802037	0.452293	0.881735	0.610167
62	7	0.449557	0.448384	0.336319	-0.116495	1.388785	-1.353666	55	10	0	8.293563	0.157072	0.362412	0.778223	0.103352	0.470093	0.259301	0.815908	0.650096
62	8	0.440767	0.166112	0.336319	-0.791741	-0.329337	-1.673868	98	19	0	7.984203	0.348541	0.441870	0.495831	0.205741	0.355276	0.416533	0.671023	0.591325
62	9	0.912865	0.097899	0.779426	1.002972	0.097271	1.169056	111	23	0	7.948995	0.868906	0.991100	0.968169	0.997835	0.976347	0.693634	0.886546	0.920382
62	10	0.613494	0.137829	0.497457	0.035249	-0.694846	0.002419	86	15	0	8.064813	0.551555	0.578736	0.700930	0.650016	0.710151	0.446440	0.702614	0.567511
62	11	0.919710	0.130031	0.805656	0.953377	0.544087	1.204419	112	23	0	8.662899	0.836835	0.990940	0.851588	0.987572	0.858563	0.955821	0.986610	0.889753
63	1	0.640214	0.294580	0.464228	0.140442	0.767251	-0.069166	100	18	0	6.576676	0.309493	0.907072	0.536161	0.352710	0.779907	0.728352	0.799792	0.708226
63	2	0.509050	0.153343	0.464228	0.002585	-0.700537	0.028754	64	13	0	7.548830	0.464801	0.742944	0.543858	0.280548	0.486369	0.348060	0.724262	0.481559
63	3	0.414970	0.217447	0.489737	-0.330862	-0.083124	0.117498	54	11	0	8.810803	0.340122	0.249038	0.324487	0.301475	0.633659	0.302357	0.687059	0.481559
63	4	0.827023	0.143040	0.704870	-0.305864	0.036374	0.033014	139	29	2	9.593758	0.612652	0.857360	0.717527	0.796905	0.939464	0.808852	0.913647	0.969772
63	5	0.683912	0.280027	0.920702	0.359177	0.631360	2.298838	79	14	0	8.328494	0.848220	0.808691	0.285359	0.515555	0.606158	0.586033	0.972178	0.849102
63	6	0.624429	0.324727	0.610682	0.065826	0.931937	0.646241	89	19	0	7.123647	0.409557	0.307328	0.957264	0.989015	0.572081	0.525657	0.492062	0.742463
63	7	0.695287	0.250561	0.336319	0.011627	0.568089	-1.736306	111	21	0	7.895247	0.629570	0.400818	0.947322	0.443634	0.899856	0.811578	0.638470	0.791052
63	8	0.748086	0.264312	0.489737	0.316821	0.779008	-0.123826	108	18	0	7.757679	0.948284	0.445879	0.893602	0.507216	0.684894	0.818473	0.938342	0.747996
63	9	0.563763	0.240158	0.475591	-0.338775	0.275292	-0.247929	94	19	0	8.193374	0.463839	0.396167	0.340282	0.488374	0.756655	0.652742	0.743906	0.668137
63	10	0.747785	0.135283	0.650783	0.269043	-0.387210	0.646730	105	21	0	7.675400	0.571440	0.818072	0.553400	0.816549	0.851106	0.863775	0.730917	0.777021
63	11	0.431978	0.353011	0.385137	-0.123508	0.889918	-0.564417	56	12	0	7.201461	0.588759	0.141196	0.801876	0.235728	0.710632	0.282152	0.276379	0.419099
64	1	0.567491	0.166894	0.433588	-0.081672	-0.448777	-0.358927	79	19	0	7.418798	0.276379	0.919580	0.589641	0.356318	0.780709	0.552518	0.556206	0.508579
64	2	0.598010	0.454438	0.648516	0.540237	1.434699	1.171630	59	12	0	6.604991	0.354715	0.867303	0.336193	0.908836	0.783595	0.305965	0.701491	0.525978
64	3	0.462346	0.310496	0.465477	-0.162943	0.623232	-0.051131	59	10	0	8.787613	0.209589	0.468008	0.409718	0.109525	0.825048	0.681847	0.625802	0.369227
64	4	0.340152	0.329017	0.336319	-0.818353	1.040252	-1.436520	77	15	0	7.486851	0.251764	0.059413	0.201732	0.158836	0.519484	0.539929	0.468409	0.521648
64	5	0.399625	0.223982	0.336319	-0.529702	0.060482	-1.471851	65	13	0	8.346299	0.152903	0.160920	0.399936	0.331543	0.465443	0.503047	0.640876	0.542335
64	6	0.607621	0.218910	0.465477	-0.024992	0.143645	-0.115167	101	18	0	6.910376	0.413005	0.544901	0.342367	0.528704	0.679201	0.837155	0.603672	0.911963
64	7	0.551385	0.359706	0.378138	-0.314025	1.111445	-1.085364	90	20	0	7.739438	0.257296	0.312941	0.573685	0.358082	0.782793	0.697081	0.734766	0.694436
64	8	0.390535	0.446199	0.336319	-0.226149	1.476747	-1.152887	62	11	0	6.643217	0.222579	0.153624	0.160600	0.161081	0.636145	0.755131	0.437620	0.597498
64	9	0.768862	0.300433	0.648218	-0.462312	1.241814	-0.050385	154	30	1	8.470738	0.483483	0.938021	0.512749	0.645526	0.904346	0.887989	0.839561	0.939224
64	10	0.298659	0.243525	0.336319	-0.946372	0.456708	-1.498921	71	12	0	8.428251	0.150257	0.147691	0.322242	0.144804	0.449487	0.374359	0.190266	0.610167
64	11	0.702824	0.179422	0.574326	0.539455	-0.187376	0.617404	77	18	0	6.739577	0.565427	0.660439	0.784638	0.442351	0.779747	0.971376	0.622354	0.796264
64	12	0.391727	0.359585	0.336319	-0.431755	1.066273	-1.322931	71	12	0	7.276120	0.208547	0.122114	0.394965	0.144804	0.536482	0.599343	0.340202	0.787364
64	13	0.255593	0.283435	0.336319	-0.467836	0.763034	-0.909353	47	10	0	5.540565	0.108563	0.038647	0.340282	0.078817	0.517399	0.590603	0.108724	0.261706
64	14	0.789939	0.106779	0.484147	0.347059	-0.584852	-0.306206	107	20	0	8.548295	0.840202	0.863294	0.723861	0.809734	0.870750	0.603752	0.756013	0.851908
64	15	0.638300	0.193854	0.436440	0.691278	-0.354034	-0.125451	48	9	0	8.196035	0.282713	0.731799	0.823364	0.842046	0.669419	0.603752	0.721216	0.432088
64	16	0.775968	0.158415	0.438090	0.469359	-0.109402	-0.528621	96	17	0	8.313312	0.665892	0.946199	0.780388	0.473781	0.825609	0.947322	0.725385	0.843169
64	17	0.513901	0.442631	0.426773	-0.113935	1.398194	-0.426719	63	13	0	8.703468	0.227389	0.976988	0.504971	0.129169	0.540010	0.827935	0.257377	0.647370
64	18	0.206462	0.216164	0.336319	-0.631089	0.371790	-1.051522	33	5	0	8.093522	0.109124	0.416453	0.193473	0.050914	0.151700	0.387909	0.055564	0.286562
65	1	0.982992	0.012829	0.874278	0.853285	0.262055	1.118951	224	47	0	8.339141	0.964962	0.988214	0.959990	0.982120	0.997354	0.989015	0.995590	0.986690
65	2	0.874158	0.077774	0.511546	0.273304	-0.292332	-0.361475	165	32	0	7.801456	0.738454	0.890475	0.840603	0.815186	0.985808	0.976668	0.861530	0.884541
65	3	0.788326	0.091886	0.426773	0.441512	-0.773491	-0.578730	99	24	0	7.517850	0.870189	0.893441	0.930003	0.833307	0.245029	0.731479	0.918618	0.884541
65	4	0.915661	0.047266	0.756128	0.467475	-0.518935	0.665027	149	30	0	9.762487	0.910439	0.933371	0.965523	0.901459	0.991100	0.822242	0.928961	0.872194
65	5	0.288005	0.105697	0.336319	-0.887951	-0.862706	-1.315960	69	15	0	7.021000	0.209589	0.155869	0.262668	0.199727	0.275818	0.350385	0.155548	0.694436
65	6	0.933722	0.035520	0.746335	0.385135	-0.425323	0.501763	185	36	0	9.294097	0.911402	0.940106	0.823044	0.979715	0.962556	0.977470	0.937219	0.938262
65	7	0.747394	0.147049	0.654815	-0.028919	-0.175775	0.474726	120	28	0	8.150862	0.631414	0.890795	0.873236	0.394323	0.841405	0.725946	0.827453	0.794580
65	8	0.490599	0.256895	0.485258	-0.341795	0.301751	-0.060878	77	14	0	8.467555	0.607360	0.378287	0.340282	0.606960	0.794740	0.089160	0.680645	0.427357
65	9	0.266036	0.090022	0.394621	-0.574628	-1.185191	-0.499418	38	7	0	8.798597	0.461193	0.198845	0.263951	0.223541	0.244147	0.089160	0.220093	0.427357
65	10	0.475565	0.328075	0.409134	-0.497618	0.927331	-0.531096	92	19	0	7.186632	0.577213	0.240539	0.300273	0.221135	0.722017	0.333948	0.540491	0.868906
65	11	0.640034	0.118746	0.634129	-0.858565	-0.495428	0.175630	190	36	0	7.574022	0.353993	0.691228	0.697803	0.583948	0.544660	0.690026	0.689705	0.868906
65	12	0.804893	0.093790	0.674643	0.438659	-0.608436	0.791640	120	25	0	6.990099	0.820318	0.889192	0.896007	0.641918	0.871793	0.684333	0.820558	0.815026
66	1	0.792666	0.237151	0.741627	0.790121	0.557121	1.260326	75	17	0	7.837313	0.923910	0.983563	0.849503	0.967207	0.657473	0.710953	0.893121	0.355597
66	2	0.724944	0.119047	0.673463	0.774323	-0.873876	1.105477	63	13	0	7.576602	0.095253	0.807088	0.888791	0.842688	0.858162	0.883980	0.644243	0.779346
66	3	0.839430	0.091164	0.626375	0.172415	-0.368474	0.219379	146	31	0	8.123379	0.702133	0.844852	0.895526	0.914769	0.968650	0.649936	0.863614	0.875962
66	4	0.909728	0.078756	0.509358	0.932707	-0.171034	-0.156376	116	23	0	8.088082	0.869788	0.958868	0.940747	0.991421	0.931126	0.819676	0.909477	0.856719
66	5	0.836444	0.177898	0.762027	0.345707	0.282519	0.688282	98	17	1	9.958240	0.756735	0.782072	0.931767	0.682328	0.961915	0.928400	0.913165	0.735167
66	6	0.790090	0.177297	0.499129	0.151861	0.271051	-0.322499	129	23	0	8.511014	0.627405	0.886065	0.890555	0.628287	0.737091	0.892720	0.814144	0.844452
66	7	0.278143	0.107962	0.336319	-0.923363	-0.835739	-1.378955	64	13	0	7.759004	0.156190	0.228352	0.243906	0.126283	0.251203	0.385744	0.295783	0.537684
66	8	0.871332	0.128227	0.803342	-0.228854	0.486416	0.761259	243	48	0	7.983670	0.822242	0.942030	0.932248	0.792976	0.946520	0.660520	0.918377	0.955741
66	9	0.478021	0.376303	0.336319	-0.490461	1.143253	-1.686317	77	14	0	9.555187	0.286081	0.386546	0.241421	0.156430	0.650738	0.630613	0.652662	0.819676
66	10	0.821961	0.128889	0.837820	0.162583	-0.026083	1.269796	149	28	0	7.868145	0.724102	0.708307	0.800273	0.763550	0.895686	0.840603	0.878207	0.964962
66	11	0.752095	0.114797	0.516002	0.144211	-0.559704	-0.069822	120	24	0	7.583231	0.570558	0.723461	0.882617	0.782553	0.600706	0.768521	0.758980	0.929362
66	12	0.731960	0.072583	0.464228	0.207972	-1.260848	-0.410345	95	17	0	9.161578	0.373156	0.758740	0.764192	0.743586	0.688422	0.782312	0.882697	0.862572
67	1	0.570829	0.369768	0.378138	0.538686	0.850190	-0.696336	41	9	0	8.239417	0.182008	0.717447	0.920863	0.078817	0.877886	0.456382	0.649856	0.683371
67	2	0.728752	0.179823	0.587006	0.716285	-0.208572	0.600488	65	12	0	8.230884	0.345093	0.846135	0.674230	0.857601	0.932248	0.719211	0.801475	0.654025
67	3	0.695448	0.188482	0.800788	0.074941	-0.030491	1.263740	86	20	0	9.182816	0.607200	0.787444	0.603432	0.635904	0.816629	0.672627	0.885584	0.554763
67	4	0.533395	0.200589	0.446154	0.059810	-0.322385	-0.281815	51	10	0	10.368490	0.558852	0.673749	0.452614	0.584910	0.834429	0.285038	0.591004	0.286562
67	5	0.656260	0.222398	0.504914	0.154844	0.135616	-0.053803	81	13	0	9.395045	0.409076	0.643121	0.665491	0.472819	0.774695	0.842768	0.841164	0.600946
67	6	0.084379	0.042656	0.336319	-1.824391	-0.185234	-1.161024	42	8	0	7.895987	0.061097	0.030468	0.102550	0.064144	0.136947	0.106879	0.067191	0.105757
67	7	0.319816	0.217788	0.378138	-0.571141	0.002457	-0.926994	39	8	0	11.178415	0.531190	0.430805	0.163727	0.338037	0.433050	0.139593	0.230196	0.291934
67	8	0.427137	0.173649	0.378138	-0.627754	-0.400839	-1.147465	67	14	0	10.113790	0.417495	0.285279	0.181527	0.371472	0.651780	0.493586	0.402421	0.613534
67	9	0.403815	0.360467	0.336319	-0.580825	1.128005	-1.376430	80	18	0	6.770662	0.082505	0.157633	0.438422	0.194676	0.508820	0.495109	0.696280	0.657072
67	10	0.423869	0.177458	0.397336	-0.095936	-0.503923	-0.438484	49	11	0	7.662211	0.209589	0.343169	0.323204	0.430404	0.671504	0.782633	0.283275	0.347178
67	11	0.366661	0.086935	0.401448	-0.171274	-1.534568	-0.419503	35	5	0	10.956212	0.313502	0.460391	0.389753	0.322803	0.329057	0.372755	0.464400	0.280629
67	12	0.387227	0.383559	0.336319	-0.223096	1.082659	-1.281277	46	9	0	8.377940	0.152903	0.210953	0.617463	0.082344	0.249759	0.684333	0.532553	0.567511
67	13	0.356388	0.144083	0.615699	-0.417126	-0.726233	0.831975	48	10	0	8.514526	0.029827	0.440827	0.160600	0.411802	0.390555	0.367784	0.531911	0.517800
67	14	0.456883	0.129931	0.522943	0.232532	-1.152361	0.502025	33	7	0	8.992107	0.157473	0.597819	0.399936	0.409317	0.516597	0.648974	0.484445	0.440507
67	15	0.638360	0.148292	0.433588	0.052246	-0.597704	-0.584997	74	15	0	9.921868	0.187300	0.672146	0.730115	0.633419	0.612572	0.561337	0.801876	0.908114
67	16	0.588368	0.163907	0.703141	0.310789	-0.650698	1.136360	50	11	0	9.251326	0.653223	0.725385	0.429362	0.536321	0.788887	0.346135	0.656190	0.571440
67	17	0.351427	0.111991	0.477676	-0.640281	-1.000697	0.052391	61	13	0	8.063916	0.061979	0.284076	0.330420	0.320879	0.508098	0.338999	0.395526	0.571440
67	18	0.314555	0.214601	0.336319	-0.290700	-0.053287	-1.130037	37	8	0	7.935800	0.105356	0.251283	0.200208	0.197162	0.532312	0.338999	0.382537	0.508579
67	19	0.539729	0.263771	0.477057	-0.352327	0.391118	-0.266643	80	17	0	9.252060	0.109846	0.491581	0.429362	0.334990	0.917335	0.637267	0.766357	0.631094
67	20	0.518471	0.225405	0.336319	-0.249501	0.023107	-1.584110	70	16	0	8.687402	0.432729	0.261546	0.362332	0.411802	0.848060	0.577453	0.622755	0.631094
67	21	0.420261	0.149495	0.378138	-0.546401	-0.697301	-1.114634	55	13	0	10.920089	0.496632	0.148733	0.439945	0.329939	0.443794	0.513470	0.358483	0.631094
67	22	0.659187	0.171885	0.795290	0.380028	-0.436597	1.445386	58	12	0	9.875027	0.731479	0.582104	0.652582	0.530789	0.859525	0.461273	0.770205	0.685536
67	23	0.406470	0.284938	0.336319	-0.568119	0.555823	-1.533382	68	13	0	8.707538	0.203656	0.251283	0.314945	0.240779	0.551155	0.505292	0.656911	0.527742
67	24	0.249298	0.115920	0.504696	-0.691036	-0.803633	0.375633	38	8	0	8.706287	0.186658	0.132457	0.357040	0.061257	0.266357	0.232681	0.230196	0.527742
67	25	0.208246	0.229554	0.397336	-0.573996	0.495432	-0.109890	36	7	0	6.682400	0.069195	0.092046	0.066870	0.061257	0.349343	0.260985	0.281110	0.485167
67	26	0.250541	0.083687	0.336319	-0.455183	-1.190145	-0.929362	42	9	0	6.330500	0.193072	0.192351	0.247675	0.069115	0.232601	0.260985	0.323364	0.485167
67	27	0.599443	0.170622	0.792575	0.303706	-0.491096	1.635598	64	13	0	7.695789	0.665250	0.668778	0.500160	0.669580	0.689464	0.451090	0.658275	0.492944
67	28	0.545873	0.252686	0.455638	-0.000289	0.226735	-0.117319	72	15	0	7.543634	0.285600	0.396167	0.415731	0.588438	0.845013	0.489978	0.692030	0.654025
67	29	0.483964	0.313342	0.439155	-0.018190	0.662037	-0.067979	63	14	0	6.835831	0.241742	0.356559	0.321360	0.364817	0.656671	0.766758	0.489416	0.674391
67	30	0.523042	0.129691	0.426956	0.161610	-1.052109	-0.281709	49	10	0	8.899109	0.486530	0.487893	0.480597	0.712316	0.597579	0.436578	0.378448	0.604394
68	1	0.670402	0.587075	0.796710	1.130210	1.902528	1.753135	21	5	0	12.608717	0.901299	0.917976	0.965282	0.942992	0.185375	0.104474	0.938021	0.407793
68	2	0.385193	0.434413	0.486095	0.430929	1.116334	0.683087	23	5	0	7.369726	0.071600	0.529185	0.149294	0.608724	0.028865	0.549471	0.736610	0.407793
68	3	0.245450	0.120771	0.378138	-0.344647	-0.893483	-0.552539	22	5	0	9.349863	0.213598	0.311097	0.338198	0.147611	0.028624	0.219291	0.297386	0.407793
68	4	0.671825	0.347819	0.554671	1.661592	0.521257	1.087722	18	4	0	8.094764	0.625481	0.836113	0.915090	0.985167	0.021087	0.930244	0.653624	0.407793
68	5	0.215663	0.089019	0.501936	0.381365	-1.406214	1.041911	14	2	0	8.399263	0.173669	0.106799	0.311818	0.190106	0.495831	0.224022	0.202854	0.020205
68	6	0.466405	0.262488	0.741043	1.300502	-0.344640	2.067520	14	2	0	9.701826	0.705340	0.607601	0.402261	0.657954	0.598060	0.224022	0.515795	0.020205
68	7	0.211333	0.185095	0.336319	-0.887727	0.204959	-1.097265	49	11	0	6.816473	0.204378	0.101668	0.090603	0.089320	0.346777	0.239256	0.263069	0.355597
68	8	0.223260	0.108603	0.442065	0.172127	-1.133252	0.549614	16	3	0	8.033328	0.300112	0.242062	0.101187	0.180404	0.163566	0.552518	0.052037	0.194195
68	9	0.483633	0.409517	0.486908	0.592400	0.845597	0.323062	20	4	0	12.441438	0.508018	0.706623	0.159397	0.467928	0.716084	0.331222	0.775577	0.204217
68	10	0.425132	0.166874	0.643510	0.398623	-0.889295	1.179506	20	5	0	10.291195	0.430083	0.453977	0.283275	0.507216	0.810856	0.271007	0.338518	0.306126
68	11	0.419019	0.213598	0.576824	0.423814	-0.686916	0.623507	15	3	1	13.572542	0.494387	0.536883	0.825048	0.334990	0.294500	0.282152	0.278063	0.306126
68	12	0.265415	0.166733	0.397336	-0.102949	-0.537824	-0.221836	20	4	0	9.604953	0.146809	0.215924	0.149294	0.381575	0.466966	0.295382	0.161241	0.306126
68	13	0.689274	0.383038	0.841554	1.267921	0.674265	1.809207	16	4	1	12.649878	0.891196	0.921584	0.924711	0.872033	0.664128	0.564304	0.370109	0.306126
68	14	0.324707	0.216264	0.478203	0.331794	-0.296717	0.699080	19	5	0	7.478485	0.358884	0.477149	0.062300	0.495189	0.456863	0.376844	0.064304	0.306126
68	15	0.355797	0.203596	0.472579	-0.159250	-0.240376	0.240613	39	7	0	8.265923	0.075048	0.479875	0.471616	0.510022	0.464881	0.376844	0.161963	0.306126
68	16	0.576481	0.250842	0.612229	0.835079	-0.384925	0.649045	17	3	1	15.108717	0.696841	0.807409	0.687620	0.701812	0.745430	0.191309	0.533034	0.248396
68	17	0.588739	0.475766	0.518315	0.166526	1.567795	0.111690	59	10	0	10.341856	0.197563	0.859926	0.479795	0.850144	0.793297	0.362251	0.826652	0.340282
68	18	0.258329	0.265234	0.501936	0.609736	0.024082	0.952772	11	2	0	10.750736	0.541693	0.174631	0.020767	0.059573	0.434012	0.362251	0.133419	0.340282
68	19	0.288606	0.297747	0.541774	-0.484505	0.664550	0.538074	33	7	0	9.653300	0.516677	0.479233	0.117463	0.269644	0.373316	0.111129	0.391758	0.049631
68	20	0.344792	0.402943	0.592126	0.702675	0.773634	1.216333	14	2	0	12.070309	0.614176	0.508740	0.489015	0.510022	0.080260	0.114737	0.391758	0.049631
68	21	0.055735	0.022029	0.336319	-1.203270	-0.209601	-0.721685	14	2	0	9.998830	0.061979	0.024455	0.075128	0.075369	0.059974	0.027903	0.053720	0.067351
68	22	0.129650	0.175353	0.477057	-1.481261	0.745526	0.098714	33	7	0	10.650420	0.023573	0.110487	0.020767	0.175754	0.281430	0.027903	0.329939	0.067351
68	23	0.121863	0.147891	0.336319	-1.039337	0.358360	-1.157390	21	3	0	12.554455	0.200128	0.216886	0.220414	0.059573	0.035359	0.071199	0.046985	0.124359
68	24	0.146648	0.054983	0.400245	-1.100154	-0.982111	-0.232514	31	6	0	8.359523	0.194436	0.050192	0.156751	0.123396	0.154987	0.294500	0.074567	0.124359
68	25	0.586464	0.286061	0.653807	0.751169	-0.011693	0.869669	20	4	1	11.927252	0.837797	0.737652	0.812219	0.665972	0.546985	0.164769	0.477309	0.449006
68	26	0.266587	0.104073	0.588667	-0.037616	-1.152210	1.262059	27	5	0	6.713767	0.332184	0.233483	0.320157	0.253849	0.279907	0.175914	0.157633	0.379570
68	27	0.183010	0.176816	0.443439	-0.106152	-0.136177	0.478528	14	3	0	9.233677	0.002486	0.178159	0.276700	0.175754	0.268762	0.096536	0.086113	0.379570
68	28	0.354053	0.172947	0.454137	-0.070351	-0.555039	0.191497	34	7	0	8.022410	0.573364	0.415811	0.026539	0.569195	0.167976	0.381013	0.318954	0.379570
68	29	0.212807	0.139172	0.336319	-0.383684	-0.430900	-0.797755	31	6	0	6.418688	0.109846	0.146648	0.149294	0.257858	0.258419	0.331222	0.069596	0.379570
68	30	0.133198	0.075409	0.336319	-1.156629	-0.514686	-1.118792	28	5	0	8.955070	0.091485	0.057729	0.080661	0.142399	0.174150	0.055885	0.083708	0.379570
68	31	0.188272	0.257537	0.336319	-0.570190	0.815784	-0.833911	28	6	0	6.783337	0.050032	0.112813	0.131976	0.318954	0.375160	0.082104	0.055564	0.379570
68	32	0.379791	0.108523	0.426956	-0.360277	-1.190065	-0.264214	48	10	0	8.799666	0.179201	0.577373	0.504250	0.415892	0.384461	0.416533	0.181046	0.379570
68	33	0.410079	0.131655	0.482200	-0.009979	-0.966802	0.399184	50	10	0	6.848429	0.432088	0.505773	0.239577	0.251443	0.470334	0.466325	0.535520	0.379570
68	34	0.290140	0.279426	0.336319	-0.171576	0.479000	-0.978324	31	6	0	7.532867	0.122434	0.326732	0.449006	0.132777	0.329298	0.092928	0.471456	0.396488
68	35	0.191108	0.109766	0.336319	-0.425146	-0.694216	-0.914169	25	3	0	8.405948	0.134541	0.123557	0.151219	0.209509	0.263631	0.234205	0.314224	0.097979
68	36	0.145255	0.047547	0.397336	-0.597932	-1.332002	-0.037696	17	4	0	8.564074	0.097659	0.076812	0.115539	0.017880	0.543778	0.069195	0.143201	0.097979
68	37	0.160890	0.176535	0.336319	-0.914431	0.294135	-1.145468	22	5	0	10.157529	0.265956	0.029185	0.037444	0.147611	0.413005	0.030067	0.169660	0.194195
68	38	0.197272	0.116441	0.443680	-0.430913	-0.697064	0.340933	21	5	0	7.994007	0.096216	0.322162	0.455340	0.115298	0.195237	0.030067	0.169660	0.194195
68	39	0.342497	0.324006	0.378138	-0.654951	0.910494	-0.861148	60	13	0	7.976941	0.130212	0.554201	0.014673	0.488374	0.487251	0.418457	0.472178	0.174631
68	40	0.201311	0.120831	0.336319	-0.442066	-0.703275	-1.029419	19	4	0	10.059372	0.261225	0.223541	0.285359	0.123396	0.153624	0.033355	0.246071	0.283916
68	41	0.235047	0.228151	0.436440	-0.656986	0.398001	0.057127	45	8	0	7.288259	0.109846	0.158435	0.039689	0.274455	0.430083	0.033355	0.550593	0.283916
68	42	0.831893	0.138550	0.655251	1.386769	-0.382639	0.973195	46	9	0	9.219737	0.935936	0.886466	0.919099	0.984044	0.815988	0.550353	0.691068	0.872194
68	43	0.475315	0.159758	0.475591	-0.285585	-0.613085	-0.110561	64	12	0	9.230537	0.665090	0.576171	0.034397	0.612171	0.225225	0.529987	0.541774	0.617704
68	44	0.454608	0.340763	0.416659	-0.241161	0.804734	-0.446598	55	11	0	9.306126	0.338198	0.583066	0.007617	0.599824	0.714801	0.136626	0.835632	0.421103
68	45	0.229033	0.175934	0.521637	-0.711920	-0.178607	0.369433	24	6	0	12.263326	0.105356	0.218489	0.250561	0.026139	0.455180	0.234205	0.121232	0.421103
68	46	0.280759	0.102951	0.336319	-0.563468	-1.113053	-1.330759	33	7	0	10.319109	0.226106	0.248557	0.337155	0.050914	0.343650	0.304121	0.352630	0.382938
68	47	0.205971	0.200008	0.401448	-0.539156	0.168932	-0.092162	25	5	0	8.316932	0.093089	0.243185	0.022450	0.033194	0.419820	0.236690	0.216405	0.382938
68	48	0.505913	0.091926	0.509209	0.005429	-1.453502	0.200447	52	11	0	9.107095	0.487492	0.571280	0.254891	0.331543	0.528143	0.853191	0.530148	0.490619
68	49	0.496993	0.306246	0.600236	-0.076870	0.516082	0.546384	49	10	0	10.918261	0.319195	0.591645	0.577534	0.299631	0.707264	0.279266	0.710792	0.490619
68	50	0.208497	0.121973	0.336319	-0.584346	-0.603326	-1.043123	29	5	0	8.246696	0.126123	0.146648	0.212716	0.066469	0.118024	0.346135	0.161241	0.490619
68	51	0.675824	0.212195	0.615562	0.410558	0.024127	0.629795	73	12	0	8.614627	0.705180	0.842768	0.742383	0.899375	0.652421	0.482842	0.569756	0.511867
68	52	0.323404	0.325369	0.477069	0.297965	0.616884	0.733889	23	5	0	6.644758	0.028063	0.227550	0.328817	0.792976	0.081062	0.258018	0.752085	0.118666
69	1	0.391166	0.286983	0.546092	1.934261	-0.364423	1.794226	6	1	0	7.443810	0.510423	0.576171	0.316148	0.502245	0.704939	0.099984	0.270045	0.149375
69	2	0.312570	0.206122	0.571451	1.312974	-0.761051	1.760143	9	2	0	7.443810	0.205019	0.560856	0.675112	0.180404	0.318072	0.099984	0.311738	0.149375
69	3	0.312229	0.215302	0.443680	0.185173	-0.275824	0.287385	19	4	0	9.097273	0.184333	0.333788	0.469852	0.168377	0.348621	0.099984	0.743505	0.149375
69	4	0.487201	0.297847	0.598151	0.627209	0.196468	0.964129	23	4	0	10.129130	0.256414	0.504570	0.628047	0.338037	0.614577	0.675513	0.614176	0.266276
69	5	0.354073	0.278043	0.634530	0.063339	0.250608	1.102583	26	4	0	9.922284	0.497755	0.454538	0.583708	0.546504	0.243345	0.209349	0.057970	0.239416
69	6	0.339160	0.293377	0.477069	-0.310209	0.489653	0.103428	32	6	0	11.047812	0.661722	0.460391	0.609846	0.257858	0.090282	0.294500	0.099262	0.239416
69	7	0.685024	0.130051	0.759255	-0.240574	-0.800131	0.595272	82	15	2	10.716958	0.771568	0.843570	0.833547	0.791934	0.801235	0.402341	0.796584	0.239416
69	8	0.219081	0.227790	0.525887	-0.393788	0.243718	0.709255	20	5	0	9.233782	0.140635	0.322162	0.460552	0.120510	0.362091	0.055885	0.051395	0.239416
69	9	0.523392	0.097017	0.443439	0.422002	-1.524321	-0.044132	39	6	0	9.187483	0.633178	0.512428	0.353352	0.542896	0.596456	0.573685	0.576010	0.399134
69	10	0.378799	0.102590	0.554843	0.060689	-1.389926	0.786293	33	6	0	8.200901	0.460792	0.384702	0.338198	0.287845	0.494067	0.248316	0.417335	0.399134
69	11	0.441529	0.098501	0.400245	0.057425	-1.470912	-0.447280	36	7	0	9.793046	0.672947	0.456462	0.507056	0.377806	0.431366	0.316469	0.349022	0.421103
69	12	0.514903	0.223360	0.529770	0.410905	-0.271317	0.474062	34	6	0	9.826399	0.659798	0.703977	0.436658	0.556046	0.066629	0.654907	0.620109	0.421103
69	13	0.380282	0.346055	0.539849	-0.082786	0.721443	0.502034	28	6	0	10.863905	0.133178	0.357761	0.472659	0.084910	0.588438	0.529987	0.654987	0.220334
69	14	0.238294	0.221636	0.442065	-0.738032	0.275125	-0.113551	35	6	0	10.290659	0.495109	0.559092	0.048028	0.205741	0.246873	0.100385	0.030789	0.220334
69	15	0.192170	0.261546	0.336319	-0.423329	0.660629	-1.027608	19	3	0	11.023754	0.499920	0.015956	0.014673	0.050914	0.289849	0.100385	0.345334	0.220334
69	16	0.294580	0.183291	0.555095	-0.632122	-0.416301	0.273803	29	5	1	11.148383	0.255212	0.392399	0.191068	0.142399	0.384461	0.207184	0.563582	0.220334
69	17	0.509872	0.501042	0.606330	0.017064	1.651054	0.656075	53	10	0	9.444563	0.796745	0.845013	0.025417	0.897450	0.579298	0.377806	0.336915	0.220334
69	18	0.438412	0.119387	0.450266	0.138115	-1.273124	-0.011708	31	6	0	10.115815	0.449727	0.596216	0.460552	0.510022	0.345574	0.407954	0.516918	0.220334
69	19	0.459038	0.516878	0.557558	0.136773	1.697598	0.732219	50	9	0	7.426294	0.235407	0.731318	0.809333	0.271248	0.785199	0.463037	0.171344	0.205420
69	20	0.308250	0.171344	0.443680	-0.079424	-0.555460	0.160632	24	5	0	8.919872	0.416934	0.368024	0.412364	0.135504	0.405869	0.275497	0.246392	0.205420
69	21	0.224082	0.095494	0.443680	-0.257893	-1.199033	0.190446	17	4	0	11.013805	0.220013	0.276139	0.398894	0.260183	0.288486	0.118666	0.024856	0.205420
69	22	0.097278	0.156891	0.336319	-0.552607	0.546668	-0.606612	12	3	0	8.718549	0.169820	0.017640	0.022450	0.019965	0.251764	0.026139	0.065026	0.205420
69	23	0.189996	0.081663	0.336319	0.099070	-1.352469	-0.743705	12	2	0	11.581076	0.141998	0.173188	0.263951	0.211995	0.068714	0.143762	0.310936	0.205420
69	24	0.361379	0.273713	0.378138	-0.468552	0.402773	-0.939915	47	8	0	10.521597	0.428480	0.712636	0.014673	0.238935	0.500000	0.517078	0.273813	0.205420
69	25	0.231098	0.284016	0.394621	-0.917834	0.944730	-0.491730	54	11	0	7.413553	0.091485	0.458948	0.410199	0.375722	0.103271	0.266357	0.034317	0.108483
69	26	0.181156	0.191950	0.336319	-0.468338	0.146817	-0.957186	17	4	0	9.795634	0.006254	0.461434	0.410199	0.017880	0.169740	0.075048	0.200208	0.108483
69	27	0.176485	0.213498	0.385137	-0.391925	0.430210	-0.091804	21	4	0	7.399642	0.261786	0.013631	0.011786	0.469291	0.307409	0.075048	0.164448	0.108483
69	28	0.094742	0.052478	0.446154	-1.248010	-0.522314	0.231717	19	5	0	9.300672	0.059333	0.027662	0.035920	0.089320	0.046584	0.298268	0.092367	0.108483
69	29	0.229775	0.138009	0.447918	0.073579	-0.824355	0.415025	15	3	0	9.922284	0.464801	0.144163	0.221937	0.271248	0.085231	0.279266	0.263069	0.108483
69	30	0.110487	0.053881	0.443680	-0.157581	-1.138123	0.717113	10	2	0	9.562338	0.008820	0.071360	0.104073	0.100625	0.193473	0.103191	0.143201	0.159157
69	31	0.118806	0.070398	0.397336	-0.647652	-0.755609	-0.075458	14	3	0	10.936569	0.009301	0.018281	0.023813	0.050914	0.070718	0.028945	0.589320	0.159157
69	32	0.457715	0.294700	0.604989	-0.045167	0.364219	0.614421	37	7	0	12.684490	0.710391	0.559573	0.408836	0.818473	0.542816	0.350385	0.112091	0.159157
69	33	0.183581	0.169480	0.336319	-0.498212	0.081944	-0.721948	28	6	0	5.934257	0.055805	0.380131	0.465603	0.039288	0.066629	0.184493	0.117543	0.159157
69	34	0.272551	0.251804	0.336319	-0.391813	0.261613	-1.250563	24	5	0	11.182567	0.083066	0.345414	0.496873	0.147611	0.336674	0.537043	0.074567	0.159157
69	35	0.293768	0.339661	0.477069	-0.160583	0.828554	0.362686	24	5	0	9.098774	0.205901	0.582104	0.698605	0.084910	0.276700	0.367784	0.062059	0.072081
69	36	0.144243	0.141276	0.397336	-1.078530	0.096037	-0.430130	21	5	0	11.816236	0.405388	0.032152	0.039689	0.272851	0.082745	0.069195	0.179843	0.072081
69	37	0.180504	0.211534	0.336319	-0.643137	0.404573	-1.066099	21	4	0	9.994909	0.041613	0.258018	0.367944	0.055083	0.121392	0.184493	0.343409	0.072081
69	38	0.134642	0.095935	0.336319	-0.850162	-0.387031	-0.980961	19	4	0	9.481793	0.117463	0.029185	0.038406	0.175754	0.569035	0.040811	0.003929	0.102550
69	39	0.356589	0.429282	0.631621	0.889900	0.861926	1.631266	13	3	0	8.399263	0.176636	0.260423	0.403544	0.651780	0.566309	0.040811	0.650657	0.102550
69	40	0.147380	0.170462	0.336319	-0.439346	0.242588	-0.646713	18	4	0	7.172959	0.043217	0.290411	0.006895	0.183130	0.187300	0.040811	0.324727	0.102550
69	41	0.217698	0.259201	0.446154	-0.649878	0.667153	0.190906	34	8	0	7.583856	0.297867	0.022530	0.028784	0.050914	0.752726	0.161482	0.324727	0.102550
69	42	0.253408	0.307709	0.397336	-0.573755	0.860022	-0.414312	31	7	0	9.061811	0.018201	0.406671	0.117463	0.400096	0.752325	0.161482	0.068473	0.102550
69	43	0.109505	0.134441	0.414231	-0.677502	0.335944	0.448931	20	4	0	6.318888	0.008820	0.142158	0.011786	0.022290	0.087556	0.189945	0.310936	0.102550
69	44	0.163496	0.072643	0.414277	-0.544960	-0.925245	0.328918	27	5	0	6.007544	0.150577	0.061017	0.087075	0.161081	0.606479	0.098942	0.103031	0.039769
69	45	0.352159	0.301876	0.568496	0.576740	0.259607	1.169318	18	3	0	8.487465	0.230837	0.476267	0.608804	0.644804	0.309333	0.369869	0.137588	0.039769
69	46	0.372314	0.243305	0.457402	-0.098276	-0.227854	-0.222226	20	4	1	13.023754	0.579699	0.374439	0.512749	0.348380	0.099583	0.369869	0.654025	0.039769
69	47	0.330210	0.390154	0.461262	-0.297655	1.086201	0.003559	26	6	0	11.904021	0.226828	0.430805	0.557809	0.491020	0.684173	0.129490	0.081783	0.039769
69	48	0.179582	0.112031	0.439155	-0.185394	-0.691290	0.512175	19	3	0	7.508191	0.171584	0.163085	0.006895	0.129169	0.399535	0.352229	0.174391	0.039769
69	49	0.103061	0.136867	0.336319	-1.046076	0.588076	-0.750717	25	5	0	6.669895	0.039529	0.019003	0.023332	0.033194	0.201812	0.153143	0.196520	0.157954
69	50	0.213047	0.096657	0.539849	-0.446491	-1.008878	0.752549	23	4	0	9.298149	0.144403	0.184493	0.254891	0.126283	0.186899	0.250000	0.399455	0.157954
69	51	0.275567	0.371793	0.477069	0.356613	0.848793	0.685427	15	3	0	9.122586	0.040411	0.300273	0.427197	0.084910	0.519484	0.615138	0.059173	0.157954
69	52	0.123677	0.134221	0.443680	-0.746857	0.166223	0.464978	20	4	0	7.600255	0.021809	0.069756	0.072563	0.011065	0.334750	0.262348	0.059173	0.157954
70	1	0.527301	0.329097	0.613214	1.025607	0.323838	1.241760	19	4	0	8.821105	0.619387	0.427037	0.551876	0.665972	0.805645	0.187139	0.786722	0.174631
70	2	0.476758	0.591144	0.653624	0.752519	1.758787	1.346921	20	4	0	9.330772	0.045301	0.865459	0.904987	0.706222	0.522611	0.499198	0.095654	0.174631
70	3	0.336865	0.263671	0.516609	0.401513	0.027534	0.861083	18	4	0	8.285128	0.401860	0.546023	0.670542	0.334990	0.173028	0.391116	0.002726	0.174631
70	4	0.582515	0.569516	0.722212	0.183539	2.078934	1.162395	57	11	0	9.540082	0.775577	0.881094	0.574808	0.916854	0.369147	0.965282	0.002726	0.174631
70	5	0.221015	0.142800	0.443680	-0.028571	-0.696575	0.353899	16	3	0	9.997906	0.410359	0.178159	0.233563	0.132777	0.180324	0.304121	0.002726	0.326090
70	6	0.093730	0.103792	0.336319	-0.683359	0.132866	-0.576551	16	3	0	7.491682	0.129570	0.055083	0.054522	0.043938	0.231639	0.195318	0.002726	0.037043
70	7	0.123767	0.161983	0.443680	0.001762	0.126813	0.831616	11	2	0	8.137460	0.069596	0.237572	0.353352	0.046183	0.048348	0.195318	0.002726	0.037043
70	8	0.160981	0.107160	0.492497	-0.620537	-0.502573	0.682239	22	4	0	8.043403	0.096216	0.273172	0.368987	0.132777	0.148974	0.177277	0.002726	0.087716
70	9	0.251594	0.225024	0.555026	-0.026729	0.003277	0.923031	19	3	0	10.009243	0.167495	0.357761	0.488374	0.417014	0.203095	0.288566	0.002726	0.087716
70	10	0.217237	0.171965	0.443680	-0.347920	-0.278571	0.182037	19	4	0	10.343429	0.190106	0.298268	0.444355	0.376443	0.161482	0.098942	0.002726	0.165571
70	11	0.452383	0.297045	0.674299	-0.149547	0.475776	1.017136	50	10	0	9.295573	0.146809	0.583868	0.663085	0.634541	0.550433	0.350385	0.552518	0.137428
70	12	0.121442	0.050152	0.424723	-0.247884	-1.214988	0.481105	13	2	0	9.016279	0.693153	0.014513	0.013470	0.028784	0.040651	0.014753	0.028784	0.137428
70	13	0.212085	0.178500	0.336319	-0.200974	-0.225705	-0.955801	18	3	0	10.310622	0.117463	0.410038	0.010022	0.253849	0.433451	0.229233	0.105196	0.137428
70	14	0.179652	0.182429	0.378138	-0.800569	0.257714	-0.517151	27	6	0	8.191328	0.117463	0.248557	0.025417	0.097819	0.340843	0.063342	0.406350	0.137428
70	15	0.263530	0.126042	0.508568	0.696206	-1.168980	1.382239	14	4	0	0.000000	0.414288	0.391517	0.273813	0.297947	0.206222	0.162524	0.209589	0.152341
70	16	0.486139	0.536722	0.460116	1.403269	1.184414	0.563109	11	2	0	12.947753	0.662765	0.806446	0.853672	0.722819	0.414288	0.051555	0.225225	0.152341
70	17	0.358523	0.271989	0.477069	0.450231	0.047458	0.589146	18	4	0	8.593606	0.340122	0.517960	0.644323	0.512027	0.320318	0.109846	0.271248	0.152341
70	18	0.258469	0.157032	0.336319	0.699707	-0.977105	-0.594345	10	2	0	10.699426	0.379009	0.135664	0.199326	0.135504	0.692191	0.109846	0.263871	0.152341
70	19	0.497254	0.249940	0.336319	0.331768	-0.272044	-1.489768	22	5	1	10.732777	0.502886	0.557409	0.565827	0.674711	0.934333	0.030067	0.636626	0.076171
70	20	0.105105	0.081763	0.336319	-1.169210	-0.212304	-1.101857	18	4	0	11.647072	0.032072	0.028384	0.037444	0.041533	0.083066	0.222258	0.319917	0.076171
70	21	0.189625	0.253849	0.443680	-0.537661	0.657181	0.203728	20	4	0	9.731080	0.028063	0.076812	0.423990	0.362251	0.083547	0.146248	0.319917	0.076171
70	22	0.254761	0.175373	0.540995	0.715644	-0.741460	1.310002	11	2	0	8.979360	0.199647	0.288486	0.407713	0.269644	0.549792	0.162524	0.084108	0.076171
70	23	0.326742	0.163386	0.336319	-0.186050	-0.646660	-1.243918	26	5	0	10.709076	0.562219	0.193554	0.264994	0.818153	0.172547	0.244788	0.281511	0.076171
70	24	0.211203	0.183010	0.415834	-0.417702	-0.017154	0.129886	26	5	0	7.498962	0.622915	0.215122	0.293297	0.035359	0.173348	0.038246	0.235167	0.076171
70	25	0.284227	0.352790	0.492154	0.586567	0.662538	0.896273	15	2	0	8.915584	0.809734	0.025898	0.841645	0.015314	0.090282	0.129490	0.285279	0.076171
70	26	0.093018	0.040170	0.336319	-1.218482	-0.651317	-0.918055	24	4	0	8.076679	0.026379	0.075609	0.078576	0.031430	0.091565	0.319355	0.045061	0.076171
70	27	0.065978	0.058691	0.336319	-1.882797	0.554462	-1.080036	29	6	0	8.295683	0.075690	0.011786	0.010022	0.041533	0.096456	0.124599	0.091565	0.076171
70	28	0.109906	0.073685	0.443680	-0.894113	-0.373906	0.520090	22	5	0	6.727173	0.013310	0.081543	0.120991	0.026139	0.362332	0.060215	0.138550	0.076171
70	29	0.246262	0.262288	0.401860	-0.430499	0.448157	-0.246955	24	4	0	11.294039	0.081222	0.055083	0.810776	0.031430	0.374679	0.319355	0.221376	0.076171
70	30	0.095444	0.058832	0.385137	-2.018744	-0.077965	-0.787943	51	10	0	9.358669	0.193072	0.075609	0.062300	0.095334	0.045061	0.181286	0.034718	0.076171
70	31	0.214982	0.194436	0.336319	-0.862307	0.168245	-1.292491	36	7	0	9.504423	0.083547	0.064625	0.781511	0.057569	0.037444	0.300353	0.151860	0.242944
70	32	0.212005	0.224503	0.336319	-0.715200	0.401895	-1.200112	32	5	0	9.400314	0.200930	0.034157	0.350225	0.048348	0.036001	0.566309	0.217126	0.242944
70	33	0.378137	0.210772	0.336319	0.442786	-0.365533	-0.815873	26	4	0	7.264592	0.057809	0.489336	0.630773	0.348380	0.303159	0.527502	0.425192	0.242944
70	34	0.232130	0.267539	0.336319	-0.560108	0.605602	-1.181433	28	5	0	9.564323	0.069195	0.335311	0.454378	0.039288	0.313903	0.065106	0.336915	0.242944
70	35	0.178851	0.173108	0.336319	-0.545530	0.048747	-0.955067	20	4	0	9.005897	0.207745	0.045943	0.035920	0.022290	0.097899	0.660520	0.117543	0.242944
70	36	0.438713	0.232200	0.539849	0.299072	-0.212131	0.643357	28	5	0	9.335114	0.287765	0.429522	0.553400	0.573845	0.517078	0.096536	0.712396	0.339160
70	37	0.400237	0.516056	0.443680	-0.209098	1.500260	-0.406103	25	5	1	12.363814	0.725545	0.648412	0.754570	0.168377	0.381414	0.101427	0.082986	0.339160
70	38	0.313612	0.060295	0.492497	-0.398158	-1.803560	0.294992	35	8	0	9.083896	0.264994	0.347418	0.462877	0.286241	0.335632	0.154987	0.317591	0.339160
70	39	0.413055	0.293117	0.516918	0.470009	0.281445	0.862207	28	6	0	6.725718	0.237572	0.625882	0.011786	0.808210	0.583226	0.321841	0.376764	0.339160
70	40	0.234435	0.210572	0.397336	-0.826466	0.239445	-0.537824	41	7	0	9.536554	0.055805	0.163647	0.022450	0.177678	0.651780	0.098942	0.460311	0.244869
70	41	0.254350	0.251483	0.336319	-0.741817	0.473412	-1.327558	38	8	0	9.514185	0.548428	0.139994	0.089641	0.175754	0.060295	0.369869	0.405949	0.244869
70	42	0.339190	0.128508	0.336319	-0.517451	-0.865892	-1.408690	49	8	0	9.527258	0.135103	0.243185	0.303881	0.205741	0.789128	0.348060	0.283275	0.405148
70	43	0.548589	0.345694	0.571451	-0.094090	0.676167	0.123757	48	9	1	11.062367	0.734686	0.730757	0.770606	0.631815	0.305244	0.481719	0.328736	0.405148
70	44	0.278574	0.177478	0.336319	-0.863928	-0.137628	-1.440682	54	10	0	9.102308	0.217367	0.357761	0.056928	0.223541	0.185375	0.382457	0.400016	0.405148
71	1	0.501574	0.264813	0.525887	-0.013707	0.287256	0.421642	64	14	0	7.254965	0.335231	0.658675	0.726106	0.301475	0.557088	0.454618	0.612332	0.367062
71	2	0.219291	0.254791	0.336319	-0.373176	0.555346	-0.816501	28	7	0	6.566410	0.090603	0.069756	0.043938	0.150257	0.331222	0.258018	0.443473	0.367062
71	3	0.191228	0.189925	0.385137	-0.525230	0.221538	-0.180116	29	5	0	6.957968	0.259461	0.122114	0.143682	0.041533	0.445157	0.114737	0.036081	0.367062
71	4	0.634551	0.147571	0.664677	0.041644	-0.546278	0.847703	86	20	0	7.513185	0.567431	0.629089	0.730997	0.542896	0.939945	0.597498	0.701491	0.367062
71	5	0.195859	0.309253	0.504696	-0.660044	1.192163	0.684164	32	7	0	7.087968	0.144885	0.029185	0.035920	0.052999	0.493425	0.048749	0.432970	0.328736
71	6	0.220885	0.147370	0.336319	-0.587669	-0.425003	-1.176620	25	5	0	9.902687	0.222579	0.082826	0.124920	0.120510	0.252004	0.173428	0.462075	0.328736
71	7	0.507447	0.233944	0.443680	-0.511610	0.199115	-0.530716	92	14	0	9.501818	0.399775	0.383258	0.483323	0.387187	0.703736	0.592287	0.781270	0.328736
71	8	0.198735	0.153444	0.397336	-0.439009	-0.323020	-0.211484	19	4	0	9.744757	0.182569	0.271408	0.364416	0.126283	0.149455	0.032713	0.134301	0.328736
71	9	0.284587	0.097959	0.443680	-0.578950	-1.162550	-0.127564	34	7	0	10.635762	0.331462	0.249439	0.343970	0.296103	0.198204	0.142399	0.386386	0.328736
71	10	0.202744	0.163506	0.336319	-0.451306	-0.102987	-0.784358	32	6	0	6.235096	0.118425	0.220334	0.285359	0.050914	0.184814	0.304121	0.129250	0.328736
71	11	0.405749	0.271969	0.501982	0.371326	0.080546	0.561965	24	4	0	9.083229	0.306767	0.453496	0.803400	0.655949	0.233563	0.184493	0.380452	0.227870
71	12	0.281791	0.122855	0.414231	-0.718435	-0.752419	-0.323510	52	9	0	8.424386	0.321681	0.085391	0.128768	0.190106	0.211273	0.289609	0.799631	0.227870
71	13	0.498126	0.342768	0.651139	0.544566	0.540117	1.194153	25	6	0	9.123873	0.663085	0.614256	0.720975	0.563903	0.742383	0.082104	0.370430	0.227870
71	14	0.377536	0.160700	0.574452	0.647716	-1.024312	1.109912	16	3	0	9.865048	0.522450	0.331543	0.464400	0.163246	0.376042	0.469452	0.465282	0.227870
71	15	0.288065	0.190467	0.385137	-0.493847	-0.168229	-0.561465	38	8	0	8.520324	0.209589	0.381254	0.491421	0.064144	0.450048	0.203175	0.277021	0.227870
71	16	0.531521	0.221456	0.686097	0.399222	-0.258226	1.200693	37	7	0	9.563975	0.456623	0.623717	0.733804	0.713839	0.582184	0.329298	0.584830	0.227870
71	17	0.287684	0.379350	0.538085	-0.154584	1.128889	0.780039	27	5	0	8.177028	0.024695	0.428079	0.562700	0.342768	0.347979	0.071199	0.485407	0.038647
71	18	0.105516	0.081282	0.336319	-1.354088	-0.071412	-1.091300	29	5	0	8.611094	0.099663	0.061818	0.049391	0.144804	0.098380	0.138390	0.213037	0.038647
71	19	0.089280	0.059754	0.385137	-1.301257	-0.108116	-0.186441	25	5	0	7.257627	0.086514	0.011786	0.010022	0.075369	0.107200	0.063342	0.321360	0.038647
71	20	0.162945	0.071139	0.443680	-0.901591	-0.966134	0.029408	23	4	0	11.398931	0.263791	0.137989	0.165330	0.061257	0.152662	0.162524	0.321360	0.038647
71	21	0.552127	0.165290	0.385137	0.077077	-0.578365	-0.788914	61	13	0	8.338146	0.362733	0.512909	0.626443	0.387187	0.646167	0.497755	0.631815	0.752004
71	22	0.424591	0.257557	0.669717	0.801223	-0.219143	1.557040	17	3	0	9.547568	0.310375	0.501123	0.625241	0.539609	0.282713	0.051555	0.334108	0.752004
71	23	0.783655	0.200690	0.629513	0.544235	0.075242	0.319783	65	13	1	9.368214	0.698364	0.907553	0.933371	0.889432	0.836113	0.677999	0.574407	0.752004
71	24	0.505382	0.251403	0.608139	0.265991	0.025418	0.881998	44	9	0	8.255015	0.182008	0.332826	0.464400	0.524695	0.701732	0.436578	0.648813	0.752004
71	25	0.619838	0.209349	0.525887	0.288550	-0.115041	0.249175	65	12	0	8.577140	0.460391	0.729955	0.798829	0.527742	0.575128	0.521248	0.593409	0.752004
71	26	0.448424	0.254791	0.650440	0.121739	0.094755	1.188606	46	10	0	7.301297	0.441469	0.817511	0.861369	0.301475	0.343169	0.132457	0.240940	0.449006
71	27	0.410299	0.207625	0.475099	-0.249750	-0.199972	0.068693	50	10	0	8.697695	0.218249	0.004811	0.348781	0.715683	0.491742	0.434253	0.619869	0.449006
71	28	0.533595	0.153444	0.646603	-0.229037	-0.579785	0.745369	85	15	0	7.990481	0.535520	0.679602	0.751042	0.565747	0.416052	0.398332	0.473461	0.449006
72	1	0.639392	0.437680	0.591886	0.387868	1.428795	0.618257	61	13	0	8.288361	0.539609	0.970414	0.239577	0.467928	0.916212	0.556607	0.936097	0.488695
72	2	0.442070	0.304682	0.401448	0.019025	0.495538	-0.306097	45	10	0	7.930421	0.539609	0.448124	0.276700	0.180404	0.235808	0.701411	0.665811	0.488695
72	3	0.652171	0.278524	0.749233	0.765323	0.321458	1.506028	41	9	0	8.816559	0.906911	0.841645	0.643121	0.804121	0.628287	0.393762	0.867784	0.131735
72	4	0.294730	0.108703	0.550754	-0.311363	-1.111778	0.748370	34	7	0	8.066240	0.299150	0.401620	0.362332	0.247434	0.247274	0.239256	0.209589	0.351187
72	5	0.318674	0.135544	0.336319	-0.357535	-0.759288	-1.107901	46	10	0	7.154357	0.445237	0.161883	0.210953	0.347097	0.321039	0.454618	0.252967	0.355597
72	6	0.713899	0.265274	0.498053	0.676290	0.443080	0.086634	56	11	0	9.307265	0.818072	0.719532	0.848541	0.858403	0.450529	0.603031	0.533836	0.879250
72	7	0.243145	0.077854	0.385137	-0.757366	-1.224721	-0.583593	41	9	0	8.374761	0.262909	0.249038	0.065266	0.245029	0.350144	0.143762	0.348380	0.280629
72	8	0.397851	0.227069	0.385137	-0.619299	-0.108149	-1.158817	48	8	1	11.043956	0.284477	0.485568	0.188663	0.262508	0.633258	0.348060	0.412765	0.567511
72	9	0.627746	0.330420	0.438090	0.144702	0.850156	-0.475758	65	14	0	9.726169	0.429121	0.878849	0.489897	0.553801	0.842287	0.304121	0.731158	0.792736
72	10	0.473471	0.251283	0.515807	-0.209376	0.149712	0.197603	56	13	0	8.856678	0.471857	0.503127	0.852550	0.175754	0.624278	0.546264	0.322001	0.291934
72	11	0.524966	0.162284	0.553675	0.140858	-0.714643	0.450500	47	10	0	9.431915	0.546023	0.708708	0.671504	0.625802	0.609525	0.217607	0.558852	0.261706
72	12	0.354995	0.336454	0.336319	-0.816265	0.807939	-1.781330	49	11	1	9.636170	0.094211	0.224182	0.135183	0.245029	0.641677	0.385744	0.519804	0.594131
72	13	0.460131	0.183030	0.394621	-0.367445	-0.348589	-0.771674	67	15	0	8.306877	0.454378	0.556286	0.321360	0.312460	0.618586	0.531030	0.365298	0.521648
72	14	0.381044	0.161662	0.385137	-0.932454	-0.584119	-1.292038	60	11	1	10.978647	0.563422	0.292816	0.224343	0.483323	0.441309	0.282152	0.333627	0.427357
72	15	0.133118	0.059854	0.336319	-1.301998	-0.730997	-1.259262	31	5	0	10.247142	0.023573	0.089080	0.020767	0.166533	0.119869	0.096536	0.121232	0.427357
72	16	0.533325	0.210592	0.593684	-0.076783	-0.360271	0.272373	46	8	1	10.919339	0.551956	0.627405	0.431126	0.690026	0.648493	0.175914	0.688262	0.453416
72	17	0.662454	0.231458	0.547776	0.588781	0.036997	0.412429	50	11	0	9.089424	0.783675	0.852309	0.784638	0.757537	0.585471	0.363294	0.719291	0.453416
72	18	0.657974	0.272671	0.438090	1.109619	0.232806	0.188226	38	8	0	6.885641	0.505933	0.894083	0.775898	0.855276	0.551155	0.269484	0.613695	0.798268
72	19	0.666303	0.251924	0.596536	0.748333	0.178283	0.791863	50	10	0	8.080058	0.855917	0.848060	0.690507	0.789849	0.591725	0.252165	0.809253	0.492944
72	20	0.301515	0.107200	0.336319	-0.175529	-1.164149	-0.973875	33	8	0	7.165490	0.311097	0.236610	0.422065	0.510022	0.216725	0.282152	0.160520	0.272931
72	21	0.200639	0.130152	0.416659	-0.831932	-0.399879	-0.105539	31	8	0	8.385279	0.139352	0.221216	0.170783	0.245029	0.300112	0.096536	0.046183	0.385904
72	22	0.361540	0.075088	0.401448	-0.520151	-1.553456	-0.482406	51	12	0	8.632530	0.407312	0.499359	0.347097	0.380212	0.293457	0.413165	0.165811	0.385904
72	23	0.534547	0.165050	0.603283	-0.207899	-0.471032	0.586841	81	17	0	7.711258	0.478352	0.629490	0.548990	0.567832	0.366982	0.617223	0.681607	0.385904
72	24	0.328977	0.173308	0.336319	-0.635343	-0.321789	-1.386305	55	11	0	8.405990	0.098380	0.171584	0.280308	0.262508	0.529747	0.350385	0.564705	0.374198
72	25	0.373216	0.150337	0.512061	-0.362291	-0.702765	0.329279	46	11	0	8.494076	0.141998	0.329939	0.782152	0.333307	0.271328	0.214962	0.359124	0.552919
72	26	0.281470	0.252646	0.436440	-0.442194	0.321860	-0.053321	33	7	0	8.839935	0.345815	0.132457	0.272771	0.202213	0.499759	0.116581	0.129250	0.552919
72	27	0.633409	0.232200	0.401448	0.316073	0.058636	-0.609035	56	13	0	9.281744	0.606559	0.897130	0.254891	0.693874	0.795221	0.501924	0.764753	0.552919
72	28	0.693403	0.148693	0.668790	0.575771	-0.580210	0.972659	64	13	0	8.206270	0.655789	0.717126	0.817591	0.598861	0.577614	0.954057	0.673268	0.552919
73	1	0.583888	0.244107	0.670072	1.001173	-0.512199	0.999341	14	3	1	15.608717	0.270125	0.874840	0.677518	0.542094	0.671103	0.840282	0.675192	0.119949
73	2	0.417786	0.596657	0.511821	0.725841	1.779793	0.843357	18	4	0	8.229446	0.711754	0.798509	0.427197	0.142399	0.805003	0.085311	0.252165	0.119949
73	3	0.301495	0.209469	0.441389	-0.212129	-0.210069	-0.021925	22	5	0	11.482980	0.635744	0.916373	0.178961	0.092367	0.155308	0.094452	0.218810	0.119949
73	4	0.614015	0.371272	0.503379	0.728171	0.810171	0.261567	29	6	0	11.511175	0.531190	0.565747	0.802758	0.973461	0.701491	0.273573	0.943954	0.119949
73	5	0.597298	0.343149	0.656556	1.079055	0.546483	1.392272	25	5	0	8.026367	0.498958	0.742704	0.775657	0.834429	0.548589	0.250000	0.836113	0.291934
73	6	0.696941	0.291353	0.710048	1.020347	0.464093	1.371132	37	8	0	8.824634	0.875160	0.925674	0.647771	0.910439	0.704057	0.427197	0.738053	0.347178
73	7	0.565266	0.279546	0.508568	0.688775	0.128222	0.409060	26	6	0	10.053494	0.678159	0.707024	0.959670	0.595734	0.664128	0.136626	0.421264	0.359525
73	8	0.508008	0.315006	0.594910	0.420249	0.430516	0.813872	31	6	0	9.868695	0.649375	0.777261	0.499519	0.652903	0.545061	0.332665	0.336113	0.271167
73	9	0.455921	0.231499	0.465374	0.082292	-0.098136	0.128750	44	9	0	8.280163	0.427678	0.292014	0.354394	0.380212	0.665972	0.538406	0.717527	0.271167
73	10	0.353983	0.371212	0.421367	-0.274532	1.004342	-0.237002	38	7	0	9.447878	0.102229	0.310375	0.163727	0.118185	0.696761	0.544419	0.516597	0.379570
73	11	0.426265	0.094832	0.378138	0.027725	-1.481007	-0.766266	40	6	0	9.441555	0.413807	0.360247	0.373797	0.307328	0.590362	0.446440	0.396488	0.521648
73	12	0.284738	0.124840	0.401448	-0.227425	-1.009729	-0.295256	22	4	0	12.097533	0.533034	0.489336	0.272771	0.249439	0.214240	0.138390	0.215122	0.165571
73	13	0.245590	0.167455	0.336319	-0.770097	-0.408876	-1.537573	26	5	1	10.519514	0.328736	0.557409	0.046665	0.194676	0.204458	0.140956	0.326251	0.165571
73	14	0.395195	0.129851	0.401448	-0.689024	-1.084998	-0.985929	47	8	2	10.400420	0.629891	0.587877	0.334509	0.401780	0.229394	0.290972	0.327614	0.359525
73	15	0.280488	0.223881	0.336319	-0.700779	0.292345	-1.196351	61	11	0	6.942079	0.143361	0.101668	0.166854	0.132777	0.642078	0.197081	0.299150	0.560936
73	16	0.396548	0.327293	0.401448	0.001237	0.634427	-0.295846	36	6	0	8.971051	0.428159	0.597819	0.391036	0.199727	0.239897	0.198926	0.555885	0.560936
73	17	0.473430	0.306667	0.474961	0.169533	0.454750	0.167492	42	8	0	8.640683	0.474904	0.790892	0.741661	0.512588	0.567431	0.148332	0.218810	0.332826
73	18	0.445408	0.306807	0.584418	0.281116	0.404768	0.914718	33	7	0	8.142770	0.502085	0.589641	0.303881	0.320879	0.680564	0.096536	0.763550	0.306126
73	19	0.454127	0.307429	0.439774	0.240480	0.466535	0.130834	41	10	0	7.069068	0.502085	0.273172	0.290651	0.202213	0.552117	0.620590	0.600866	0.591325
73	20	0.968730	0.035199	0.736599	-0.264654	0.620758	-0.011682	430	90	0	8.067391	0.887668	0.983082	0.932729	0.968489	0.995590	0.994468	0.989496	0.998316
74	1	0.582555	0.544760	0.670072	0.994796	1.310756	0.999341	14	3	1	15.608717	0.781511	0.890074	0.884541	0.880131	0.536001	0.250000	0.365298	0.072883
74	2	0.184263	0.140695	0.401448	0.692969	-0.766280	0.744051	8	2	0	7.414372	0.156190	0.173188	0.084830	0.118185	0.276700	0.241822	0.350305	0.072883
74	3	0.201171	0.185876	0.336319	0.827637	-0.437116	-0.126625	9	2	0	6.974939	0.040411	0.669099	0.007216	0.061257	0.481799	0.114737	0.161963	0.072883
74	4	0.625832	0.362271	0.535405	2.014416	0.278637	1.135770	11	2	0	10.727941	0.826892	0.928560	0.792896	0.801395	0.401058	0.722659	0.460311	0.072883
74	5	0.398603	0.331503	0.515956	1.061954	0.183304	0.942228	12	2	0	11.470655	0.620991	0.542335	0.423990	0.708627	0.165491	0.402341	0.252165	0.072883
74	6	0.539729	0.328215	0.689373	1.334522	0.196897	1.715069	15	3	0	9.539421	0.799310	0.864416	0.538406	0.724984	0.326652	0.546264	0.444917	0.072883
74	7	0.342838	0.352790	0.566698	1.296501	0.336433	1.678552	11	2	0	7.297148	0.545783	0.286081	0.110247	0.435856	0.463518	0.690026	0.138310	0.072883
74	8	0.293477	0.280007	0.378138	-0.158736	0.328403	-0.713056	19	4	0	13.608717	0.616260	0.398172	0.591645	0.194676	0.207585	0.042255	0.215122	0.082104
74	9	0.137779	0.154907	0.401448	-0.834099	0.246909	-0.061786	19	4	0	9.485347	0.040411	0.342287	0.007617	0.147611	0.163807	0.034477	0.283916	0.082104
74	10	0.187410	0.163025	0.336319	-0.455849	-0.107787	-0.898068	21	4	0	8.354586	0.068072	0.199808	0.337155	0.106158	0.296183	0.252165	0.157633	0.082104
74	11	0.503217	0.304322	0.561910	0.914984	0.152731	0.977324	19	4	0	9.072976	0.541052	0.633740	0.355677	0.309573	0.827373	0.435295	0.692672	0.230356
74	12	0.307238	0.268501	0.665044	0.137114	0.191058	1.452628	20	4	0	8.988419	0.563823	0.421825	0.095013	0.634541	0.273493	0.018762	0.220093	0.230356
74	13	0.229173	0.229614	0.494571	0.685462	-0.156275	1.159904	11	2	0	8.185972	0.081222	0.415010	0.347097	0.385584	0.029346	0.142399	0.202373	0.230356
74	14	0.201351	0.071901	0.336319	-0.194598	-1.456280	-0.945121	15	3	0	11.608717	0.182569	0.250000	0.040571	0.233964	0.226828	0.116581	0.329939	0.230356
74	15	0.221606	0.169720	0.401448	-0.159430	-0.421705	-0.047484	15	4	0	10.850867	0.480276	0.468008	0.003127	0.120510	0.163566	0.118666	0.188342	0.230356
74	16	0.274355	0.214480	0.465374	-0.063228	-0.032276	0.569217	27	6	0	6.718934	0.343650	0.581623	0.039689	0.276299	0.438342	0.121632	0.163246	0.230356
74	17	0.526108	0.357320	0.504914	1.498064	0.241705	0.837003	12	2	0	12.362790	0.796264	0.536883	0.724182	0.789849	0.434253	0.121632	0.575449	0.230356
74	18	0.307399	0.314705	0.336319	0.617183	0.299821	-0.729746	12	3	0	10.001557	0.046183	0.695237	0.093650	0.905949	0.307088	0.076732	0.180725	0.153624
74	19	0.152171	0.150036	0.336319	-0.118812	-0.207828	-0.600142	12	3	0	8.665775	0.046183	0.253929	0.006495	0.156430	0.392078	0.035279	0.173348	0.153624
74	20	0.108844	0.121552	0.436440	-0.699297	0.058464	0.402824	14	4	0	8.665775	0.046183	0.088438	0.006495	0.245029	0.199166	0.035279	0.096536	0.153624
74	21	0.083176	0.093509	0.336319	-0.232703	-0.017941	-0.324845	6	2	0	8.597490	0.046183	0.020366	0.024455	0.061257	0.104715	0.002646	0.252165	0.153624
74	22	0.181236	0.115499	0.416659	-0.182465	-0.868408	0.113901	11	3	0	14.316236	0.064304	0.552277	0.172065	0.142399	0.079217	0.038246	0.247755	0.153624
74	23	0.086303	0.036602	0.378138	-0.958670	-0.724530	-0.248510	15	3	0	9.213543	0.064304	0.092046	0.059012	0.089320	0.122194	0.078496	0.031430	0.153624
74	24	0.217367	0.212797	0.486495	-0.528763	0.202089	0.460762	24	6	0	8.568895	0.499920	0.367623	0.054522	0.156430	0.129250	0.312219	0.065346	0.153624
74	25	0.306196	0.198505	0.676555	0.327079	-0.395289	1.792303	20	5	0	6.762525	0.094211	0.317912	0.858082	0.197162	0.107601	0.312219	0.408756	0.153624
74	26	0.130382	0.120831	0.397336	-0.106360	-0.404148	0.180331	10	2	0	10.964861	0.037284	0.258740	0.029666	0.123396	0.413647	0.033756	0.082184	0.064384
74	27	0.046655	0.031992	0.336319	-1.872831	0.622083	-0.991863	16	4	0	10.750736	0.042335	0.063422	0.025417	0.016597	0.089240	0.033756	0.038085	0.064384
74	28	0.204909	0.130753	0.378138	-0.252396	-0.717852	-0.425504	15	4	0	10.666632	0.274455	0.247915	0.152502	0.537925	0.143602	0.033756	0.184734	0.064384
74	29	0.313242	0.499238	0.378138	0.848238	1.252796	-0.125830	11	2	0	10.844978	0.586674	0.643121	0.242543	0.590202	0.094692	0.069195	0.215122	0.064384
74	30	0.482240	0.691689	0.567511	1.053636	2.050117	1.029841	14	3	0	11.827596	0.521568	0.914448	0.824808	0.799792	0.505131	0.112973	0.114817	0.064384
74	31	0.922777	0.147230	0.669271	-0.126784	1.253031	0.038075	318	63	0	7.536475	0.813743	0.822563	0.971857	0.842046	0.985487	0.972178	0.984044	0.990298
74	32	0.187590	0.242323	0.378138	0.283491	0.218752	-0.078149	10	2	0	10.853829	0.130773	0.253528	0.003127	0.046183	0.573124	0.061738	0.389753	0.042495
74	33	0.258780	0.449066	0.409134	0.300834	1.290419	0.211526	14	3	0	9.617220	0.422466	0.572643	0.007216	0.623236	0.389031	0.000962	0.012187	0.042495
74	34	0.093700	0.056747	0.336319	-0.959790	-0.548021	-0.916457	15	3	0	11.070309	0.068634	0.374439	0.007617	0.041533	0.045462	0.157553	0.011867	0.042495
74	35	0.230847	0.290852	0.378138	0.127710	0.535597	-0.227446	16	3	0	8.738563	0.419019	0.433852	0.091886	0.360087	0.126523	0.060215	0.312700	0.042495
74	36	0.283164	0.491942	0.656385	0.886570	1.274386	1.894583	11	2	0	8.626276	0.512348	0.660840	0.039689	0.653865	0.084750	0.060215	0.211113	0.042495
74	37	0.280097	0.346276	0.385137	-0.327473	0.982005	-0.419255	30	7	0	8.085271	0.059974	0.475465	0.075128	0.326331	0.351267	0.398332	0.511786	0.042495
74	38	0.242694	0.244127	0.439155	-0.328493	0.274274	0.106169	21	5	0	9.501557	0.370350	0.357761	0.052197	0.118185	0.421985	0.173428	0.335071	0.112572
74	39	0.278935	0.542636	0.538887	0.302190	1.784910	0.990428	16	3	0	9.233887	0.621312	0.572643	0.035920	0.715202	0.100385	0.044259	0.029185	0.112572
74	40	0.149405	0.217768	0.453049	-0.342332	0.585038	0.589706	16	3	0	8.277577	0.384060	0.036883	0.035920	0.016597	0.379650	0.207184	0.022370	0.112572
74	41	0.077764	0.101848	0.404231	-0.627913	0.345476	0.408266	11	2	0	9.564323	0.019403	0.011786	0.035920	0.024294	0.048990	0.207184	0.161963	0.112572
74	42	0.199647	0.138711	0.378138	-0.367051	-0.566958	-0.503911	15	4	0	12.023754	0.019403	0.396809	0.151219	0.055083	0.685375	0.080180	0.096536	0.112572
74	43	0.060085	0.038787	0.336319	-1.490756	0.267153	-0.648045	22	5	0	6.335352	0.022851	0.056366	0.020767	0.037364	0.034557	0.045702	0.150497	0.112572
74	44	0.034808	0.022110	0.336319	-2.200439	1.475303	-0.838429	19	4	0	8.230598	0.012348	0.015074	0.028784	0.019965	0.033435	0.045702	0.010584	0.112572
74	45	0.101578	0.072603	0.440919	-1.202525	-0.251856	0.150165	21	4	0	9.738452	0.180965	0.244548	0.062300	0.055083	0.034397	0.057729	0.065026	0.112572
74	46	0.067511	0.048549	0.336319	-1.294820	0.101355	-0.688336	20	4	0	7.133614	0.054682	0.053159	0.003127	0.022290	0.032312	0.246392	0.015555	0.112572
74	47	0.128317	0.122735	0.399100	-0.536050	-0.127575	0.101966	16	3	0	8.654708	0.010183	0.071360	0.185375	0.037364	0.295301	0.186257	0.128127	0.112572
74	48	0.371322	0.290932	0.336319	0.119209	0.309258	-1.168149	25	4	0	10.424634	0.626924	0.455420	0.241421	0.800513	0.072081	0.258018	0.105196	0.411001
74	49	0.170672	0.184213	0.445970	-0.775528	0.314521	0.219313	25	5	0	8.361914	0.162524	0.236610	0.076652	0.173188	0.310055	0.053079	0.324006	0.029266
74	50	0.229975	0.220394	0.436486	-0.154925	0.025775	0.113370	17	3	0	12.231273	0.260263	0.276139	0.062300	0.398012	0.360327	0.129490	0.324006	0.029266
74	51	0.413737	0.391136	0.629696	0.586557	0.483209	0.956104	12	3	1	13.879001	0.791934	0.599022	0.412364	0.700770	0.240378	0.212155	0.324006	0.029266
74	52	0.398693	0.105937	0.378138	-0.190354	-1.310424	-0.812196	39	9	0	9.328932	0.365218	0.493987	0.347097	0.572723	0.227951	0.387909	0.443473	0.351187
74	53	0.224423	0.235067	0.459750	-0.461263	0.355343	0.313125	25	6	0	8.148727	0.260744	0.353672	0.050593	0.385584	0.119067	0.164769	0.109766	0.351187
74	54	0.120420	0.104193	0.336319	-0.243366	-0.377238	-0.453811	13	3	0	7.418892	0.158675	0.019003	0.024455	0.078817	0.148252	0.108884	0.223621	0.201652
74	55	0.196470	0.241561	0.336319	0.388124	0.224382	-0.349699	12	3	0	7.004009	0.052197	0.012909	0.652903	0.024294	0.261225	0.039929	0.326652	0.201652
74	56	0.558722	0.217227	0.397336	0.339087	-0.148871	-0.437352	56	12	0	7.245056	0.393201	0.509381	0.673669	0.721376	0.827133	0.649936	0.493425	0.201652
75	1	0.455480	0.402141	0.581405	0.830171	0.783469	1.197848	20	4	0	7.917885	0.617944	0.726988	0.659237	0.199727	0.130452	0.432890	0.629811	0.246793
75	2	0.509431	0.444696	0.590614	0.723608	1.052643	0.951068	23	4	0	9.918411	0.737011	0.661161	0.671103	0.837877	0.204458	0.485888	0.231158	0.246793
75	3	0.442291	0.365098	0.544580	0.370119	0.730127	0.733810	28	5	0	8.763886	0.208547	0.502085	0.088759	0.745750	0.805003	0.386867	0.554522	0.246793
75	4	0.491942	0.306446	0.489474	0.346313	0.343676	0.238262	28	6	0	10.802239	0.769644	0.688262	0.486369	0.725465	0.439224	0.120029	0.459750	0.246793
75	5	0.467828	0.403484	0.567431	0.436419	0.927684	0.801393	27	5	0	9.286430	0.667656	0.592207	0.508499	0.694676	0.672867	0.120029	0.287604	0.199086
75	6	0.202654	0.151159	0.336319	-0.201894	-0.367314	-0.729101	21	4	0	7.262274	0.054682	0.032152	0.237171	0.092367	0.233082	0.120029	0.652662	0.199086
75	7	0.360067	0.235668	0.459750	0.647774	-0.369702	0.474763	14	3	0	10.711509	0.302437	0.509381	0.414609	0.597418	0.497835	0.340843	0.152903	0.065106
75	8	0.157844	0.103492	0.400245	0.048556	-0.894893	0.215667	10	2	0	11.731273	0.785840	0.281430	0.011786	0.046183	0.050192	0.016998	0.005212	0.065106
75	9	0.258279	0.168157	0.459750	0.096228	-0.582432	0.420631	17	3	0	10.005214	0.160359	0.620430	0.174792	0.354394	0.095494	0.298268	0.297386	0.065106
75	10	0.256845	0.218229	0.535153	-0.368164	0.099729	0.690126	28	5	0	8.672312	0.459750	0.579458	0.122755	0.233964	0.315266	0.136626	0.141838	0.065106
75	11	0.258269	0.177798	0.385137	0.507483	-0.729084	-0.031299	10	3	0	10.853829	0.502405	0.397530	0.279266	0.320879	0.155629	0.019885	0.164448	0.226106
75	12	0.265134	0.165150	0.401448	0.028326	-0.548501	0.071562	21	4	0	8.016434	0.787524	0.236610	0.021568	0.480917	0.176716	0.169259	0.022370	0.226106
75	13	0.369598	0.189424	0.470150	-0.006246	-0.454103	0.259989	31	6	0	8.740570	0.332745	0.718008	0.155388	0.617223	0.383178	0.153143	0.284557	0.312540
75	14	0.493004	0.330079	0.505063	0.672063	0.448205	0.623278	25	5	0	8.265872	0.669580	0.950850	0.498637	0.718169	0.509782	0.038246	0.423910	0.134862
75	15	0.510995	0.282072	0.426956	1.131560	-0.106574	0.208064	16	3	0	10.221323	0.569756	0.800914	0.632697	0.675914	0.318072	0.579859	0.375882	0.134862
75	16	0.455450	0.461554	0.466542	-0.047410	1.155688	-0.260950	25	6	1	12.209235	0.700690	0.682890	0.527101	0.669019	0.186097	0.529987	0.128608	0.219211
75	17	0.217798	0.142880	0.493586	-0.268780	-0.563151	0.622874	20	4	0	8.873387	0.794740	0.277181	0.030789	0.109525	0.034718	0.154987	0.121232	0.219211
75	18	0.272851	0.235427	0.378138	-0.103009	0.093856	-0.471255	23	4	0	8.827008	0.703255	0.511225	0.117463	0.075369	0.305645	0.127646	0.122996	0.219211
75	19	0.504260	0.237211	0.554236	1.325935	-0.446222	1.355567	17	4	0	6.578050	0.601588	0.155869	0.789128	0.577213	0.526299	0.714400	0.450369	0.219211
75	20	0.214531	0.098741	0.426956	-0.346182	-1.047407	0.090623	20	4	0	9.546495	0.243505	0.169580	0.165330	0.022290	0.315908	0.416533	0.227630	0.155468
75	21	0.241140	0.224322	0.385137	0.526685	-0.173579	0.085800	13	2	0	8.879898	0.149455	0.364096	0.080661	0.394323	0.140956	0.416533	0.227630	0.155468
75	22	0.258258	0.331823	0.336319	0.057228	0.722444	-0.979648	16	3	0	11.673534	0.067191	0.203817	0.037444	0.563903	0.457184	0.309814	0.374599	0.052117
75	23	0.600094	0.404787	0.588954	1.898889	0.619100	1.595451	14	3	0	7.134784	0.506976	0.904666	0.880292	0.700369	0.876443	0.505292	0.374599	0.052117
75	24	0.230777	0.132958	0.385137	-0.135975	-0.818858	-0.366026	17	3	0	11.966016	0.769804	0.185375	0.137588	0.069115	0.124599	0.106879	0.374599	0.078255
75	25	0.260704	0.286702	0.336319	-0.280047	0.532231	-1.114912	21	5	0	10.051795	0.129570	0.385985	0.492223	0.419500	0.112572	0.092928	0.374599	0.078255
75	26	0.410259	0.209409	0.501936	0.076955	-0.570940	0.095180	20	4	1	12.475324	0.310776	0.469131	0.590763	0.371472	0.682649	0.239256	0.472819	0.145205
75	27	0.381104	0.332144	0.803377	0.760362	0.298629	2.293883	13	4	0	9.233782	0.103432	0.553480	0.438422	0.499759	0.518922	0.212155	0.577453	0.145205
75	28	0.153093	0.110207	0.436704	-0.318726	-0.598043	0.394058	14	3	0	9.469492	0.615459	0.136786	0.003127	0.109525	0.046825	0.011065	0.156751	0.145205
75	29	0.363915	0.437921	0.440919	0.323455	1.083068	0.093544	19	3	0	12.355421	0.152341	0.623717	0.576732	0.624198	0.134221	0.162524	0.492383	0.145205
75	30	0.266778	0.217106	0.432924	-0.002854	-0.091492	0.214074	20	4	0	8.596666	0.839160	0.146648	0.420382	0.129169	0.076812	0.304121	0.072723	0.145205
75	31	0.226718	0.216224	0.465477	0.031649	-0.042199	0.608021	15	4	0	8.655976	0.397049	0.524535	0.096937	0.118185	0.255212	0.103191	0.291453	0.027181
75	32	0.118676	0.077353	0.397336	-0.348475	-0.666551	0.267341	14	3	0	7.609951	0.029827	0.024455	0.096937	0.035359	0.605837	0.124599	0.005212	0.027181
75	33	0.190767	0.292275	0.459750	-0.994893	0.919929	-0.177103	21	5	1	11.343370	0.009301	0.384301	0.359205	0.221135	0.180564	0.032713	0.311738	0.027181
75	34	0.320819	0.499198	0.532324	0.832959	1.315643	1.258087	13	3	0	7.750736	0.651940	0.673028	0.487492	0.013791	0.501604	0.044259	0.167255	0.027181
75	35	0.390094	0.548168	0.480791	0.781037	1.543862	0.802147	16	4	0	7.750736	0.265475	0.673028	0.756174	0.764192	0.179442	0.044259	0.411001	0.027181
75	36	0.334459	0.112512	0.439155	-0.389023	-1.325642	-0.377225	25	5	1	10.910126	0.328095	0.217768	0.412364	0.247434	0.732200	0.178720	0.316148	0.242944
75	37	0.238675	0.099122	0.446154	-0.512132	-1.080839	0.066160	23	6	0	9.906100	0.205019	0.305645	0.193473	0.257858	0.585151	0.016998	0.102309	0.242944
75	38	0.113073	0.063101	0.336319	-1.092968	-0.572817	-0.984675	21	5	0	8.695924	0.041613	0.117303	0.131976	0.087155	0.159557	0.104474	0.019564	0.242944
75	39	0.122484	0.121933	0.378138	-1.219985	0.188818	-0.573981	30	5	0	8.640919	0.048749	0.234846	0.142158	0.137428	0.126844	0.027341	0.019564	0.242944
75	40	0.466104	0.255953	0.336319	0.317146	-0.004353	-1.160721	33	7	0	8.506214	0.295462	0.373797	0.804522	0.826491	0.332505	0.504089	0.349022	0.242944
76	1	0.579187	0.162725	0.586628	0.351855	-0.676589	0.671128	50	11	0	8.540125	0.601908	0.882537	0.574086	0.707986	0.670783	0.186257	0.662765	0.347178
76	2	0.677728	0.342808	0.627829	0.289930	0.848803	0.373679	58	10	1	9.779195	0.835712	0.829779	0.492623	0.832745	0.787604	0.459589	0.710792	0.472979
76	3	0.595444	0.195959	0.522530	0.792735	-0.465484	0.603900	38	7	0	7.851666	0.478352	0.616421	0.835552	0.411802	0.699727	0.584670	0.664047	0.472979
76	4	0.530689	0.330761	0.426762	0.313947	0.591799	-0.335371	40	6	0	11.034904	0.130773	0.833948	0.300273	0.693072	0.777101	0.595654	0.503688	0.411001
76	5	0.591044	0.226227	0.551716	0.480918	-0.153558	0.471845	42	8	0	9.953322	0.747033	0.718970	0.163727	0.684253	0.736289	0.719211	0.515074	0.443794
76	6	0.539669	0.100906	0.657954	0.458211	-1.470034	1.109276	39	7	0	8.932344	0.537284	0.766437	0.589641	0.529747	0.350946	0.487332	0.582986	0.472979
76	7	0.605647	0.191168	0.336319	0.703954	-0.465738	-1.236143	41	7	0	8.617891	0.612171	0.684333	0.607601	0.768602	0.721216	0.512187	0.466084	0.472979
76	8	0.614136	0.257777	0.752749	0.562967	0.118559	1.406311	43	7	0	10.449245	0.701732	0.762829	0.795221	0.823445	0.526539	0.273573	0.556767	0.472979
76	9	0.389162	0.189825	0.401448	-0.281500	-0.335428	-0.394898	49	10	0	8.330628	0.424070	0.957906	0.333868	0.356318	0.078897	0.248316	0.240940	0.472979
76	10	0.536812	0.224423	0.593913	0.154869	-0.327085	0.423040	35	7	1	10.181202	0.712155	0.630452	0.636947	0.635904	0.792816	0.106879	0.306366	0.472979
76	11	0.282693	0.078636	0.336319	-0.605034	-1.367157	-1.293498	43	8	0	8.846049	0.326090	0.270767	0.511706	0.197162	0.267559	0.336113	0.063823	0.288326
76	12	0.293207	0.301696	0.378138	-0.249297	0.610791	-0.624319	27	5	0	9.326945	0.162524	0.491581	0.473701	0.320879	0.136225	0.452293	0.020125	0.288326
76	13	0.483613	0.145045	0.487973	-0.528153	-0.887376	-0.434001	55	11	1	11.772056	0.598380	0.800513	0.465603	0.478512	0.555645	0.481719	0.200208	0.288326
76	14	0.467978	0.184954	0.551590	0.090456	-0.546270	0.451454	39	6	0	11.154797	0.552598	0.802117	0.583146	0.523573	0.412524	0.177277	0.404266	0.288326
76	15	0.360768	0.322162	0.462361	-0.424542	0.740735	-0.087286	44	8	0	10.377684	0.831944	0.418538	0.178961	0.078817	0.690587	0.120670	0.350305	0.216325
76	16	0.573495	0.172787	0.645343	0.768331	-0.776401	1.095641	27	5	0	9.982057	0.412684	0.677037	0.673669	0.558531	0.799310	0.544419	0.705981	0.216325
76	17	0.391597	0.312981	0.548154	-0.130193	0.556523	0.489318	35	6	0	10.795054	0.697242	0.499359	0.348781	0.581543	0.486770	0.178720	0.124038	0.216325
76	18	0.431657	0.229855	0.584040	0.614466	-0.329319	1.106223	22	4	0	8.310709	0.586674	0.622514	0.427197	0.617864	0.481799	0.086835	0.414047	0.216325
76	19	0.481899	0.115940	0.480963	-0.192850	-1.148867	-0.072138	57	10	0	10.213205	0.541934	0.542335	0.582104	0.449326	0.332906	0.547226	0.362492	0.496873
76	20	0.574086	0.480276	0.543973	0.762087	1.379876	0.750081	35	7	0	7.836356	0.788085	0.805805	0.808130	0.492303	0.220173	0.848380	0.292495	0.337316
76	21	0.675754	0.187199	0.632629	0.183935	-0.169270	0.496391	73	14	0	10.690313	0.273733	0.890795	0.634301	0.855677	0.795783	0.591325	0.722338	0.642078
76	22	0.362322	0.087857	0.336319	-0.090894	-1.496412	-1.113123	37	8	0	7.828699	0.072242	0.686818	0.317431	0.356318	0.359846	0.272210	0.496392	0.337316
76	23	0.342267	0.212556	0.400245	-0.040632	-0.190201	-0.185571	32	6	0	7.992402	0.524775	0.312219	0.091886	0.218890	0.642720	0.300353	0.232922	0.414368
76	24	0.624739	0.259782	0.650314	0.767824	0.129268	1.142439	41	9	0	7.947092	0.858643	0.702614	0.380372	0.677518	0.768842	0.545301	0.762187	0.302437
76	25	0.251052	0.198204	0.416659	-0.360672	-0.083081	-0.035807	25	5	0	8.887317	0.457665	0.483563	0.034397	0.064144	0.259140	0.237733	0.169339	0.302437
76	26	0.313693	0.127606	0.477676	-0.411980	-0.914383	0.156302	35	7	0	9.725482	0.265475	0.473140	0.282232	0.194676	0.447963	0.329298	0.351187	0.165571
76	27	0.466264	0.200770	0.499588	-0.003374	-0.346794	0.189559	47	8	0	9.594478	0.599583	0.420301	0.243906	0.362251	0.738695	0.567431	0.378849	0.419099
76	28	0.535520	0.215703	0.336319	0.074420	-0.156544	-1.476655	57	10	0	9.233770	0.189625	0.619227	0.491421	0.570237	0.790972	0.692351	0.643762	0.286562
76	29	0.285550	0.185957	0.401448	-0.422215	-0.183632	-0.138314	41	10	0	7.069068	0.149856	0.157633	0.221937	0.192511	0.497194	0.354314	0.294901	0.416052
76	30	0.404656	0.116220	0.439155	-0.018823	-1.125109	0.169887	53	12	0	5.767732	0.339480	0.436498	0.358323	0.371472	0.919259	0.201331	0.194836	0.416052
76	31	0.291463	0.198244	0.336319	-0.709166	0.000714	-1.309937	53	11	0	7.993580	0.317832	0.534798	0.140715	0.144804	0.262508	0.344452	0.170542	0.416052
77	1	0.489827	0.413005	0.575907	1.548799	0.613177	1.479373	14	2	0	8.042668	0.695478	0.736851	0.834028	0.486209	0.103271	0.333948	0.559413	0.169419
77	2	0.231428	0.263450	0.487790	0.171221	0.244058	0.636576	14	2	0	12.801362	0.617623	0.326732	0.043938	0.072322	0.044500	0.241822	0.335071	0.169419
77	3	0.269003	0.353853	0.478844	0.429456	0.697621	0.665422	14	2	0	11.216399	0.606799	0.398894	0.072563	0.363855	0.480677	0.044259	0.015555	0.169419
77	4	0.288075	0.259341	0.535279	0.618012	-0.036364	1.103921	14	2	0	9.438792	0.384381	0.461434	0.246713	0.388470	0.528704	0.044259	0.081222	0.169419
77	5	0.182258	0.063161	0.401448	0.213412	-1.530552	0.430872	14	2	0	7.918892	0.286883	0.250000	0.201732	0.204137	0.101507	0.175914	0.068473	0.169419
77	6	0.360097	0.262889	0.508568	0.801760	-0.221857	0.889751	12	3	0	10.305052	0.386626	0.589080	0.247675	0.793618	0.175994	0.146248	0.372114	0.169419
77	7	0.165350	0.117082	0.336319	-0.422262	-0.542619	-0.883367	17	3	0	9.697033	0.068072	0.062620	0.278143	0.264352	0.201812	0.111129	0.167255	0.169419
77	8	0.099012	0.070959	0.336319	-1.033561	-0.367140	-1.034672	16	3	0	12.597533	0.021809	0.153624	0.096937	0.048348	0.332906	0.035279	0.041774	0.061418
77	9	0.066048	0.036702	0.336319	-1.315040	-0.157190	-0.856028	16	3	0	9.736931	0.007377	0.092688	0.045943	0.024294	0.223300	0.035279	0.038085	0.061418
77	10	0.111179	0.077133	0.378138	-0.868419	-0.479506	-0.457857	16	3	0	11.768977	0.015234	0.351588	0.226748	0.050914	0.076812	0.085311	0.021408	0.061418
77	11	0.358403	0.333667	0.465477	0.671494	0.396003	0.605303	15	3	0	9.257089	0.694516	0.659317	0.347097	0.483323	0.370269	0.013550	0.237733	0.061418
77	12	0.137658	0.074908	0.414277	-0.203938	-0.951955	0.454524	12	3	0	8.374150	0.072723	0.045061	0.089641	0.137428	0.421183	0.106879	0.166934	0.061418
77	13	0.114146	0.131915	0.336319	-0.045911	-0.096927	-0.407946	10	2	0	8.564695	0.167495	0.180564	0.089641	0.187700	0.194516	0.017479	0.014352	0.061418
77	14	0.070528	0.066529	0.336319	-1.669947	0.398483	-1.075059	22	5	0	9.293376	0.135904	0.038647	0.089641	0.026139	0.157473	0.017479	0.037524	0.061418
77	15	0.210211	0.276880	0.336319	0.068030	0.592408	-0.631657	18	3	0	7.469166	0.057809	0.614897	0.008659	0.005131	0.402261	0.235728	0.295783	0.061418
77	16	0.140505	0.191890	0.336319	-0.479765	0.474796	-0.767890	16	3	0	8.860290	0.057809	0.061818	0.049391	0.147611	0.297867	0.007136	0.258419	0.243987
77	17	0.089861	0.112873	0.336319	-0.866395	0.408030	-0.673685	17	3	0	7.912692	0.057809	0.020767	0.013470	0.214080	0.056126	0.008258	0.104394	0.243987
77	18	0.141637	0.144223	0.416659	-0.642717	0.065114	0.153198	19	3	0	9.209076	0.066309	0.430805	0.003127	0.019965	0.183932	0.078496	0.106479	0.243987
77	19	0.109726	0.138210	0.336319	-0.622595	0.318816	-0.631657	18	3	0	7.469166	0.027261	0.131254	0.008659	0.005131	0.234846	0.084189	0.022370	0.364096
77	20	0.153233	0.049952	0.336319	-0.968558	-1.232813	-1.152101	22	5	0	10.273655	0.121392	0.127806	0.165330	0.055083	0.420783	0.101427	0.143201	0.090843
77	21	0.091645	0.081783	0.336319	-1.276445	0.073019	-1.020671	20	4	0	9.657890	0.165491	0.021408	0.115539	0.048348	0.067431	0.039929	0.184173	0.090843
77	22	0.058291	0.059493	0.378138	-0.959125	0.428452	0.106019	13	3	0	7.217474	0.013791	0.039448	0.039689	0.043938	0.130452	0.010584	0.097579	0.090843
77	23	0.266818	0.284457	0.508568	0.140896	0.422049	0.802556	20	3	0	8.536026	0.374278	0.677357	0.003127	0.356318	0.177678	0.372755	0.082184	0.090843
77	24	0.046364	0.062680	0.336319	-1.584102	1.364487	-0.631657	18	3	0	7.469166	0.029105	0.131254	0.008659	0.005131	0.034237	0.080180	0.011305	0.071039
77	25	0.237221	0.147470	0.416659	-0.494375	-0.690107	-0.298535	20	4	1	9.847633	0.159317	0.734686	0.127405	0.371472	0.065346	0.065908	0.222178	0.151459
77	26	0.309864	0.517519	0.526494	0.916273	1.397964	1.254945	13	2	0	8.163775	0.670301	0.609606	0.096937	0.033194	0.607360	0.239256	0.070799	0.151459
77	27	0.287805	0.246813	0.420553	-0.986378	0.271364	-0.735631	44	7	1	11.534037	0.485167	0.323044	0.149294	0.158836	0.148974	0.517078	0.368586	0.151459
77	28	0.068914	0.069616	0.336319	-1.111728	0.378288	-0.631657	18	3	0	7.469166	0.038486	0.131254	0.008659	0.100625	0.038727	0.132457	0.041774	0.059333
77	29	0.146077	0.048849	0.336319	-1.018442	-1.110413	-1.021333	29	6	0	7.907389	0.074407	0.071360	0.161963	0.158836	0.140956	0.138390	0.223621	0.199086
77	30	0.246252	0.183691	0.455638	-0.648749	-0.154877	-0.033109	26	6	0	11.716728	0.321039	0.093970	0.079538	0.424391	0.431767	0.186257	0.233964	0.199086
77	31	0.286422	0.196821	0.433588	-0.427679	-0.208200	-0.171979	25	6	0	11.335656	0.054682	0.617062	0.104073	0.358082	0.253929	0.414368	0.290090	0.199086
77	32	0.423549	0.512969	0.681595	0.376088	1.451387	1.309570	21	4	0	11.747533	0.796905	0.886706	0.163727	0.671985	0.406110	0.205099	0.058772	0.199086
77	33	0.531430	0.291192	0.627371	1.190919	-0.084828	1.241284	14	3	0	12.718037	0.737733	0.784237	0.484606	0.695318	0.556607	0.205099	0.588759	0.199086
77	34	0.077925	0.050413	0.336319	-0.991212	-0.200537	-0.631657	18	3	0	7.469166	0.047306	0.404907	0.008659	0.005131	0.044179	0.000962	0.021408	0.090843
77	35	0.304372	0.336013	0.474262	0.206574	0.617295	0.494473	17	4	0	9.485347	0.439545	0.644484	0.013470	0.221135	0.449487	0.065908	0.466084	0.134862
77	36	0.209970	0.130232	0.385137	-0.475483	-0.619709	-0.437458	21	4	0	10.480023	0.179201	0.219371	0.302758	0.231318	0.496392	0.071199	0.044660	0.134862
77	37	0.070157	0.076471	0.336319	-1.081264	0.419189	-0.631657	18	3	0	7.469166	0.047306	0.131254	0.008659	0.005131	0.147290	0.071199	0.044660	0.105757
77	38	0.221827	0.127466	0.336319	-0.624428	-0.600435	-1.126592	32	6	0	8.481552	0.166132	0.170863	0.184493	0.231318	0.492944	0.080180	0.054201	0.394484
77	39	0.308712	0.262829	0.416659	0.006391	0.192065	0.034525	22	5	0	8.708905	0.083066	0.357040	0.727229	0.142399	0.215282	0.422627	0.127566	0.394484
77	40	0.072122	0.114356	0.336319	-1.044623	0.825356	-0.631657	18	3	0	7.469166	0.015956	0.131254	0.008659	0.005131	0.040090	0.177277	0.127566	0.071039
77	41	0.225094	0.097879	0.336319	-0.491478	-1.031860	-1.106954	24	5	0	9.249387	0.126123	0.226026	0.243906	0.118185	0.220734	0.424631	0.163807	0.277341
77	42	0.071861	0.038186	0.336319	-1.362120	-0.320631	-1.009108	17	3	0	11.634533	0.022290	0.022530	0.041613	0.017880	0.112973	0.037043	0.043217	0.277341
77	43	0.196039	0.141918	0.336319	-0.880361	-0.218872	-1.204474	34	6	0	9.011455	0.212155	0.158435	0.035920	0.132777	0.241581	0.474022	0.036081	0.277341
77	44	0.140475	0.112231	0.397336	-0.815621	-0.216870	-0.128553	22	4	0	8.367439	0.109846	0.082184	0.043938	0.026139	0.505131	0.061097	0.018121	0.277341
77	45	0.089911	0.123857	0.336319	-0.848203	0.550294	-0.631657	18	3	0	7.469166	0.052999	0.131254	0.008659	0.005131	0.164689	0.061097	0.018121	0.277341
77	46	0.237602	0.144624	0.439155	-0.543149	-0.499627	-0.002999	30	5	0	9.311270	0.195718	0.200850	0.077614	0.211995	0.272851	0.081302	0.428400	0.432088
77	47	0.105226	0.058391	0.336319	-0.672255	-0.654387	-0.631657	18	3	0	7.469166	0.054682	0.404907	0.008659	0.005131	0.084349	0.081302	0.053400	0.149375
77	48	0.324998	0.206703	0.839641	-0.227247	-0.207572	1.991163	29	6	0	9.558467	0.513951	0.634541	0.114336	0.309573	0.329057	0.175914	0.179843	0.342768
77	49	0.115729	0.170081	0.424837	-0.566845	0.554806	0.440412	18	3	0	7.469166	0.043217	0.131254	0.008659	0.005131	0.161482	0.246392	0.013951	0.315747
77	50	0.339059	0.125040	0.439155	0.332637	-1.204778	0.329438	21	4	0	7.999996	0.216004	0.336353	0.408836	0.100625	0.436899	0.534798	0.363214	0.315747
78	1	0.373146	0.529125	0.512004	1.246699	1.265481	1.198396	11	2	0	8.597490	0.317110	0.397530	0.069436	0.601748	0.875481	0.014753	0.627004	0.082104
78	2	0.299130	0.372174	0.532931	0.529096	0.764036	1.079920	15	3	0	8.447753	0.425834	0.385584	0.069436	0.314785	0.526940	0.028945	0.559413	0.082104
78	3	0.227720	0.230997	0.589893	-0.155249	0.179429	1.161360	19	4	0	8.620032	0.417976	0.349663	0.152502	0.048348	0.293858	0.348060	0.129250	0.082104
78	4	0.250692	0.206503	0.462877	1.079907	-0.471580	1.293746	11	2	0	5.870625	0.287284	0.284718	0.039689	0.126283	0.474503	0.097979	0.303881	0.391196
78	5	0.181426	0.180905	0.378138	0.292493	-0.118048	0.250667	14	3	0	5.870625	0.004731	0.316549	0.027341	0.242784	0.215282	0.097979	0.155548	0.391196
78	6	0.280749	0.196079	0.399100	0.065830	-0.328599	-0.052157	20	4	0	8.514300	0.203015	0.200850	0.260343	0.132777	0.716244	0.143762	0.567351	0.021648
78	7	0.112121	0.075429	0.336319	-0.588305	-0.607842	-0.851341	14	2	0	12.137460	0.008339	0.027662	0.087716	0.052999	0.493826	0.034477	0.160520	0.031430
78	8	0.233874	0.200008	0.479359	0.407313	-0.286865	0.869709	15	2	0	8.424839	0.051074	0.123557	0.181527	0.064144	0.834670	0.219291	0.385664	0.011065
78	9	0.284828	0.289047	0.552919	0.130626	0.365272	0.888298	18	3	0	10.683891	0.093089	0.456462	0.245430	0.314785	0.622514	0.098942	0.363214	0.084189
78	10	0.215282	0.173609	0.336319	-0.087920	-0.313104	-0.855121	18	3	0	9.114799	0.330260	0.059413	0.233563	0.092367	0.700850	0.012187	0.094532	0.199086
78	11	0.213017	0.229254	0.336319	-0.180478	0.225370	-0.919461	19	3	0	9.523781	0.345815	0.166613	0.127405	0.356318	0.419179	0.012187	0.094532	0.182088
78	12	0.208256	0.138190	0.336319	-0.498880	-0.483354	-1.069122	23	4	0	9.501315	0.187700	0.040892	0.112572	0.066469	0.590924	0.307970	0.143201	0.216325
78	13	0.228652	0.203175	0.336319	-0.446835	-0.173939	-1.370576	18	3	1	12.130507	0.360888	0.155869	0.078576	0.296103	0.482521	0.124599	0.301395	0.029266
78	14	0.537835	0.493325	0.565495	0.278200	1.315872	0.311479	29	5	1	11.485226	0.764673	0.819355	0.763631	0.747915	0.715763	0.071199	0.331062	0.089080
78	15	0.190296	0.119969	0.388550	-0.465724	-0.630525	-0.262168	19	4	0	9.349354	0.140635	0.087636	0.126443	0.205741	0.368345	0.173428	0.331062	0.089080
78	16	0.379510	0.170923	0.647141	1.012221	-1.078404	1.595897	12	2	0	10.990710	0.569355	0.455981	0.406190	0.253849	0.562781	0.367784	0.331062	0.089080
78	17	0.253077	0.097538	0.397336	-0.270796	-1.177438	-0.218721	23	5	0	8.551379	0.206863	0.094532	0.225786	0.185776	0.599904	0.146248	0.301395	0.264112
78	18	0.350335	0.384301	0.450953	-0.178322	1.039027	0.019859	31	6	0	9.877872	0.421905	0.685936	0.535600	0.129169	0.507617	0.127646	0.130693	0.264112
78	19	0.219231	0.331302	0.550845	-0.366894	1.085223	0.887462	25	4	0	8.354384	0.188983	0.424792	0.030789	0.340523	0.616260	0.005051	0.028784	0.118666
78	20	0.150517	0.116661	0.401448	-0.936256	-0.245880	-0.204600	24	4	0	9.970390	0.074407	0.112091	0.427197	0.170702	0.242062	0.073445	0.067191	0.037043
78	21	0.407162	0.402622	0.525245	0.550811	0.833531	0.786130	19	4	0	9.095801	0.416934	0.580099	0.237171	0.689304	0.602630	0.051555	0.599743	0.079859
78	22	0.162684	0.082625	0.336319	-0.031855	-1.128715	-0.706078	12	2	0	10.922284	0.193634	0.154586	0.096937	0.082344	0.533435	0.054201	0.106479	0.079859
78	23	0.488855	0.795742	0.603752	0.821891	2.783222	1.014610	18	3	0	12.631619	0.896969	0.877967	0.872675	0.794019	0.264513	0.073445	0.051395	0.079859
78	24	0.288917	0.440487	0.400245	-0.470502	1.481759	-0.457082	29	6	0	11.080513	0.518682	0.604394	0.063823	0.515555	0.365058	0.111129	0.052838	0.079859
78	25	0.328396	0.262488	0.586205	0.320177	-0.017049	1.010318	16	3	0	12.412558	0.779266	0.332264	0.655629	0.231318	0.108162	0.164769	0.275898	0.079859
78	26	0.223010	0.122835	0.336319	0.498299	-1.182417	-0.627922	10	2	0	11.167395	0.499439	0.305645	0.149294	0.256013	0.190587	0.134461	0.168778	0.079859
78	27	0.223922	0.207625	0.426956	-0.418672	0.115011	0.095316	25	5	0	8.269914	0.457344	0.129009	0.056206	0.223541	0.564304	0.243185	0.017720	0.100064
78	28	0.346927	0.238314	0.442065	0.629500	-0.196653	0.553628	20	3	0	7.323206	0.604474	0.661722	0.382537	0.381575	0.319195	0.092928	0.232922	0.100064
78	29	0.257587	0.196881	0.526494	-0.047740	-0.211213	0.852485	21	4	0	8.270003	0.116501	0.368666	0.105997	0.249439	0.212716	0.615860	0.291453	0.100064
78	30	0.311658	0.227830	0.336319	-0.114793	-0.030938	-1.091291	27	5	0	8.791700	0.338919	0.188342	0.559654	0.097819	0.663005	0.256575	0.288887	0.100064
78	31	0.209610	0.129911	0.378138	-0.039724	-0.769572	-0.275924	16	3	0	9.174113	0.362733	0.115619	0.259060	0.161081	0.326652	0.229233	0.156190	0.066309
78	32	0.122965	0.108623	0.426956	-0.484600	-0.356361	0.232502	13	2	0	13.086520	0.241742	0.141196	0.045141	0.064144	0.054682	0.214962	0.155548	0.066309
78	33	0.295682	0.171224	0.484147	0.560951	-0.844576	0.670269	13	2	0	12.379001	0.438983	0.229634	0.559654	0.163246	0.292896	0.366020	0.248717	0.066309
78	34	0.271288	0.325429	0.400245	0.259710	0.344013	-0.280946	11	2	1	14.316236	0.691309	0.617543	0.184493	0.251443	0.303801	0.028303	0.027101	0.066309
78	35	0.289669	0.243686	0.436440	-0.345888	0.195099	-0.043886	29	6	0	9.231929	0.374679	0.395205	0.159397	0.366260	0.672867	0.251203	0.031430	0.066309
78	36	0.386927	0.221356	0.394621	0.298902	-0.311554	-0.279444	22	5	0	8.760012	0.602229	0.539769	0.227389	0.396087	0.491501	0.229233	0.299872	0.309333
78	37	0.539458	0.241922	0.511282	0.233992	0.049746	0.369539	58	11	0	7.599263	0.474182	0.579618	0.358323	0.683531	0.821280	0.651780	0.437620	0.309333
78	38	0.677257	0.232300	0.842252	0.364313	0.213152	1.703476	73	15	0	8.240928	0.839962	0.853833	0.826090	0.817672	0.818634	0.259301	0.693233	0.309333
78	39	0.314504	0.123477	0.336319	-0.387600	-0.917182	-1.154572	42	10	0	7.614861	0.393762	0.229634	0.138951	0.280548	0.750962	0.138390	0.274455	0.309333
78	40	0.717407	0.200890	0.646855	0.393221	0.074478	0.722421	84	16	0	8.087926	0.721216	0.839320	0.680164	0.872434	0.901940	0.708547	0.469291	0.546344
79	1	0.583647	0.179943	0.729348	1.630284	-1.033171	1.914611	14	2	0	11.185972	0.630933	0.694676	0.353352	0.773172	0.807328	0.632938	0.594692	0.182088
79	2	0.433942	0.542515	0.500882	0.925417	1.372673	0.615200	14	2	0	14.608717	0.732040	0.817912	0.353352	0.798749	0.214240	0.150257	0.222899	0.182088
79	3	0.307629	0.350846	0.576972	0.738931	0.541733	1.353702	14	2	0	9.085155	0.527101	0.521648	0.216886	0.580099	0.242062	0.048749	0.142399	0.182088
79	4	0.298960	0.226608	0.541980	0.610146	-0.334342	1.073184	14	2	0	10.399263	0.346376	0.550353	0.227389	0.541212	0.289047	0.127646	0.127566	0.182088
79	5	0.456853	0.456402	0.565553	1.332285	0.863412	1.322654	14	2	0	8.901903	0.138791	0.772530	0.341645	0.687219	0.480196	0.275497	0.776860	0.182088
79	6	0.297426	0.287263	0.426773	0.289632	0.250360	0.154912	16	3	0	10.721457	0.164769	0.445879	0.464400	0.214080	0.727309	0.022210	0.158675	0.182088
79	7	0.405769	0.450690	0.450953	0.977171	0.896879	0.485091	14	2	0	11.103103	0.775738	0.563262	0.464400	0.790811	0.116501	0.054201	0.299150	0.182088
79	8	0.186227	0.263009	0.336319	-0.339257	0.648799	-0.967310	16	3	0	11.412558	0.312300	0.325770	0.048028	0.430404	0.172547	0.054201	0.116421	0.030148
79	9	0.151970	0.112512	0.336319	-0.113255	-0.631663	-0.676950	13	2	0	9.960259	0.184734	0.215924	0.093650	0.132777	0.164047	0.039128	0.355356	0.030148
79	10	0.456312	0.405829	0.647015	0.300019	0.981174	1.084838	31	5	0	9.731213	0.698364	0.716405	0.396568	0.670301	0.683772	0.039128	0.340202	0.105757
79	11	0.342317	0.411221	0.465374	-0.006261	0.931248	0.064415	19	4	1	9.795094	0.500641	0.645205	0.114336	0.591725	0.212075	0.098942	0.469852	0.105757
79	12	0.243606	0.258840	0.378138	-0.370677	0.424449	-0.553563	23	5	0	9.156317	0.122434	0.360728	0.071119	0.235728	0.426235	0.171023	0.455821	0.105757
79	13	0.228281	0.213097	0.336319	-0.343246	0.044094	-1.108116	19	4	0	11.272504	0.228111	0.080500	0.561017	0.170702	0.131815	0.094452	0.531911	0.027742
79	14	0.461905	0.353953	0.576537	0.445166	0.337335	0.487652	16	3	1	15.608717	0.771328	0.728271	0.705581	0.433852	0.463198	0.127646	0.437620	0.027742
79	15	0.340944	0.461674	0.457654	0.440493	1.221112	0.496673	17	4	0	8.473423	0.616581	0.216886	0.396568	0.129169	0.623396	0.136626	0.589721	0.018602
79	16	0.265475	0.277522	0.466542	-0.559883	0.572025	0.091396	30	6	0	10.630041	0.554843	0.368666	0.130613	0.046183	0.262187	0.189945	0.483643	0.087716
79	17	0.129781	0.040992	0.385137	-1.130499	-1.151109	-0.478681	22	5	0	10.062338	0.122996	0.234124	0.022450	0.115298	0.174711	0.140956	0.139994	0.087716
79	18	0.345815	0.272571	0.446154	0.307568	0.152978	0.434156	21	6	0	7.292461	0.435455	0.485568	0.065266	0.491020	0.599022	0.256575	0.345895	0.087716
79	19	0.235257	0.176255	0.336319	-0.034111	-0.338335	-0.777115	20	4	0	7.666923	0.121953	0.284718	0.147049	0.135504	0.516437	0.209349	0.379330	0.087716
79	20	0.191719	0.090362	0.426773	-0.065279	-1.058971	0.438868	18	3	0	7.520084	0.430484	0.192912	0.109124	0.072322	0.197001	0.241822	0.169339	0.120750
79	21	0.080109	0.050072	0.336319	-0.396237	-0.592302	-0.422198	9	2	0	9.038941	0.041132	0.045943	0.276700	0.039288	0.075850	0.011065	0.030148	0.120750
79	22	0.139322	0.047707	0.401448	-0.359856	-1.427899	0.161531	12	3	0	10.425556	0.200930	0.098140	0.104073	0.120510	0.300674	0.036081	0.133419	0.120750
79	23	0.125872	0.177458	0.416659	-0.084035	0.238460	0.491834	10	2	0	10.031624	0.008339	0.181286	0.010504	0.075369	0.397210	0.013550	0.217126	0.103592
79	24	0.149755	0.076872	0.459750	-0.429259	-0.837188	0.714740	20	4	0	6.670120	0.171584	0.364897	0.107040	0.166533	0.178560	0.075048	0.030789	0.103592
79	25	0.468339	0.232801	0.662043	0.513345	-0.228645	1.349962	30	5	0	8.155294	0.801074	0.553480	0.431687	0.512588	0.529266	0.124599	0.690427	0.103592
79	26	0.181767	0.178059	0.336319	-0.963931	0.185180	-1.281996	24	6	0	11.231273	0.176074	0.056366	0.022450	0.170702	0.313021	0.356479	0.255452	0.103592
79	27	0.389322	0.223441	0.414277	0.110133	-0.185568	-0.048314	32	7	0	7.909332	0.215282	0.266918	0.400978	0.427598	0.711674	0.275497	0.627004	0.189625
79	28	0.199417	0.174451	0.336319	-0.522365	-0.292970	-1.299243	16	3	1	11.864377	0.304121	0.270125	0.098942	0.100625	0.249198	0.094452	0.288246	0.189625
79	29	0.338558	0.150357	0.385137	-0.259453	-0.939930	-0.848158	23	4	1	11.399039	0.617062	0.485568	0.228111	0.299631	0.371232	0.256575	0.260664	0.189625
79	30	0.477399	0.326090	0.547776	0.460319	0.262752	0.482450	20	4	1	10.033670	0.841004	0.694676	0.515555	0.514272	0.362091	0.073445	0.628528	0.189625
79	31	0.185405	0.111931	0.336319	-0.689466	-0.615739	-1.111650	23	4	0	10.006383	0.158034	0.221216	0.393361	0.028784	0.242704	0.013550	0.235969	0.189625
79	32	0.266056	0.175974	0.336319	0.424330	-0.667338	-0.790214	14	2	0	11.026263	0.269644	0.230597	0.687219	0.014352	0.299310	0.406270	0.031430	0.189625
79	33	0.205450	0.115479	0.378138	-0.185521	-0.845048	-0.336409	19	3	0	8.979434	0.085071	0.161883	0.339160	0.022290	0.231158	0.406270	0.208146	0.189625
79	34	0.305284	0.271047	0.385137	-0.328448	0.193588	-0.787640	23	4	1	10.458764	0.270125	0.512107	0.128768	0.392158	0.560375	0.157553	0.289448	0.131735
79	35	0.143361	0.091244	0.336319	-0.958840	-0.437640	-1.023905	24	5	0	8.519115	0.043858	0.038647	0.112572	0.100625	0.162604	0.333948	0.222899	0.131735
79	36	0.132737	0.056306	0.401448	-0.954624	-0.955695	-0.142530	20	4	0	10.199411	0.022851	0.352550	0.035920	0.137428	0.138390	0.143762	0.099262	0.131735
79	37	0.078837	0.112592	0.378138	-0.832898	0.458462	-0.177123	11	3	0	10.323315	0.135904	0.190266	0.012668	0.022290	0.131334	0.091084	0.036081	0.011065
79	38	0.087907	0.129290	0.336319	-1.091651	0.693709	-0.875727	18	3	0	9.284996	0.063021	0.199808	0.029666	0.043938	0.203736	0.139593	0.012428	0.011065
79	39	0.055615	0.037945	0.336319	-1.863620	0.385437	-1.091452	20	4	0	10.673534	0.042335	0.048028	0.069436	0.022290	0.166212	0.060215	0.025337	0.011065
79	40	0.272971	0.214901	0.456096	-0.552133	0.106888	0.123660	40	9	0	8.020116	0.161161	0.765394	0.111289	0.269644	0.396248	0.298268	0.097579	0.084189
79	41	0.180665	0.133238	0.426956	-0.510233	-0.399417	0.145754	19	4	0	9.198229	0.085071	0.681366	0.043938	0.019965	0.429522	0.084189	0.017078	0.084189
79	42	0.294329	0.253688	0.336319	-0.331783	0.250681	-1.236794	29	5	0	10.130953	0.251764	0.443554	0.405388	0.089320	0.525417	0.086835	0.367142	0.185215
79	43	0.339581	0.159618	0.517067	0.574264	-0.922521	1.024961	17	4	0	7.418892	0.373797	0.378768	0.266838	0.118185	0.531591	0.374359	0.487893	0.185215
79	44	0.193433	0.094331	0.336319	0.066392	-1.090520	-0.584652	15	3	0	7.736720	0.033435	0.139994	0.266838	0.064144	0.198204	0.464801	0.194836	0.185215
79	45	0.323645	0.185676	0.385137	-0.034502	-0.465878	-0.438576	23	5	0	9.305052	0.269243	0.491100	0.178961	0.253849	0.608804	0.228191	0.373797	0.185215
79	46	0.421825	0.109345	0.499221	-0.194848	-1.268125	0.166666	44	9	0	9.891070	0.492062	0.522450	0.444355	0.570237	0.458627	0.228191	0.473461	0.185215
80	1	0.481489	0.296584	0.464228	1.634618	-0.267556	0.805416	9	2	0	10.887245	0.644003	0.904346	0.472659	0.050914	0.350465	0.505292	0.629490	0.294740
80	2	0.451421	0.386546	0.456096	1.123035	0.542368	0.589468	14	3	0	9.027049	0.649695	0.394644	0.483002	0.800513	0.734285	0.001523	0.252967	0.294740
80	3	0.190276	0.076672	0.336319	-0.528081	-1.171547	-1.041614	19	4	0	10.238405	0.149054	0.160199	0.031671	0.180404	0.374519	0.186257	0.317591	0.122514
80	4	0.200098	0.177437	0.336319	-0.360604	-0.071360	-0.886398	21	4	0	8.267548	0.292816	0.210953	0.035920	0.284557	0.411482	0.069195	0.173348	0.122514
80	5	0.112261	0.141577	0.397336	-0.538329	0.191162	0.076367	13	3	0	9.418892	0.231879	0.017078	0.012668	0.132777	0.290491	0.072322	0.128608	0.012267
80	6	0.148513	0.176756	0.439155	-0.485868	0.122392	0.186481	12	3	0	14.608717	0.203656	0.321199	0.025417	0.309573	0.180965	0.072322	0.062700	0.012267
80	7	0.066830	0.070257	0.336319	-1.481795	0.482326	-0.951076	17	4	0	9.726074	0.015956	0.055083	0.040571	0.120510	0.100385	0.072322	0.117543	0.012267
80	8	0.045542	0.055745	0.336319	-1.913623	1.357640	-0.890342	17	4	0	9.095801	0.004089	0.014192	0.014112	0.069115	0.104715	0.072322	0.038085	0.047707
80	9	0.031891	0.038165	0.336319	-1.544949	1.854532	-0.490213	8	2	0	10.023754	0.004089	0.014192	0.022450	0.024294	0.061097	0.072322	0.008980	0.047707
80	10	0.277071	0.251082	0.336319	0.339397	-0.068803	-0.865344	13	3	0	11.608717	0.011786	0.101668	0.888631	0.046183	0.967046	0.072322	0.081222	0.047707
80	11	0.245791	0.148513	0.336319	0.481160	-0.840065	-0.495179	14	3	0	7.418892	0.118425	0.481559	0.161963	0.238935	0.514673	0.197081	0.205981	0.047707
80	12	0.189996	0.177538	0.336319	0.341810	-0.270971	-0.349699	12	3	0	7.004009	0.063663	0.069756	0.104073	0.318954	0.501203	0.193233	0.221376	0.047707
80	13	0.123096	0.088999	0.474961	-0.508856	-0.587081	0.618971	12	3	0	11.246460	0.009782	0.286081	0.096937	0.362251	0.063903	0.057729	0.060375	0.047707
80	14	0.126684	0.186498	0.491890	-0.275923	0.406130	0.862344	12	2	0	10.702628	0.009782	0.302277	0.066870	0.253849	0.217928	0.096536	0.018521	0.047707
80	15	0.401860	0.531070	0.598621	1.297466	1.191153	1.513128	10	2	0	10.362790	0.600465	0.677999	0.540811	0.494307	0.695077	0.060215	0.098300	0.047707
80	16	0.341375	0.254430	0.378138	1.129198	-0.411820	-0.004784	9	2	0	10.331422	0.183371	0.413566	0.474743	0.147611	0.253929	0.381013	0.829057	0.047707
80	17	0.443584	0.432449	0.550570	0.782063	0.952400	1.039554	20	4	0	7.926891	0.250882	0.631655	0.475946	0.498717	0.803319	0.089160	0.693233	0.105757
80	18	0.106178	0.088899	0.336319	-0.514406	-0.307009	-0.505331	14	4	0	7.084968	0.060616	0.047065	0.041613	0.221135	0.268762	0.000962	0.103512	0.105757
80	19	0.173589	0.202013	0.401448	-0.529261	0.310677	-0.030573	18	4	0	9.389629	0.063021	0.325770	0.037444	0.249439	0.375160	0.067672	0.164448	0.105757
80	20	0.315527	0.294259	0.467436	0.583925	0.185362	0.670561	14	3	0	9.149285	0.619147	0.328656	0.355677	0.430404	0.134782	0.124599	0.425192	0.105757
80	21	0.362201	0.217207	0.336319	0.608368	-0.493194	-0.873437	15	3	0	10.425556	0.483483	0.433852	0.336193	0.432248	0.724182	0.114737	0.267158	0.105757
80	22	0.235748	0.147430	0.401860	0.001022	-0.702698	0.126192	16	4	0	8.902763	0.272851	0.196039	0.558531	0.048348	0.358483	0.160520	0.185455	0.105757
80	23	0.369367	0.355877	0.439155	0.356357	0.639681	0.237881	19	5	0	8.642979	0.252325	0.487893	0.708307	0.282713	0.828656	0.075048	0.214240	0.105757
80	24	0.294720	0.180444	0.336319	-0.072328	-0.441054	-1.057347	24	4	0	9.210016	0.240860	0.529747	0.138951	0.292816	0.773412	0.186257	0.182489	0.013230
80	25	0.191329	0.231438	0.426956	-0.613073	0.460240	-0.047707	19	4	0	12.068338	0.266597	0.475866	0.031671	0.316870	0.154506	0.053079	0.218810	0.013230
80	26	0.052838	0.044700	0.336319	-1.778750	0.653530	-0.954779	18	4	0	9.454273	0.011947	0.011145	0.112572	0.039288	0.181527	0.018281	0.034718	0.013230
80	27	0.053660	0.033976	0.407519	-1.542754	0.257880	0.101904	16	3	0	9.973569	0.029827	0.030468	0.027341	0.078817	0.057970	0.157553	0.034076	0.013230
80	28	0.169590	0.182569	0.440919	-0.300851	-0.175181	0.065096	11	2	1	13.879001	0.291774	0.417094	0.188663	0.214080	0.063502	0.007136	0.161241	0.013230
80	29	0.104254	0.077694	0.400245	-0.594652	-0.466150	0.067785	13	2	0	12.044075	0.415491	0.039448	0.163727	0.095334	0.041934	0.044259	0.020606	0.013230
80	30	0.297246	0.280007	0.532977	0.710487	-0.002079	1.030762	11	2	0	12.339137	0.501684	0.474182	0.453817	0.299631	0.370269	0.039929	0.225225	0.013230
80	31	0.529656	0.445077	0.378138	1.288936	0.602428	-0.584862	11	2	1	13.484753	0.750641	0.713438	0.804282	0.748877	0.378287	0.082104	0.746392	0.013230
80	32	0.204167	0.203596	0.385137	-0.198780	0.076924	-0.204442	19	3	0	8.979434	0.416212	0.202854	0.054522	0.118185	0.316389	0.302357	0.209589	0.013230
80	33	0.283054	0.133599	0.439155	-0.065752	-1.141661	-0.106345	16	3	1	11.549246	0.224022	0.622514	0.282232	0.257858	0.330019	0.151539	0.367944	0.028303
80	34	0.159908	0.164328	0.416659	-0.847839	0.166766	-0.037020	21	5	0	9.620192	0.059974	0.578175	0.059012	0.024294	0.386466	0.016357	0.126684	0.028303
80	35	0.176766	0.333427	0.401448	0.376606	0.970887	0.492392	10	2	0	8.726126	0.000401	0.492864	0.569676	0.012107	0.292896	0.016357	0.001523	0.028303
80	36	0.252245	0.268040	0.385137	0.608429	0.131314	0.123260	13	2	0	8.546979	0.103432	0.317110	0.381254	0.510022	0.343169	0.016357	0.318313	0.028303
80	37	0.416403	0.332906	0.336319	0.087344	0.596268	-1.263812	29	6	0	10.109674	0.458868	0.510664	0.861851	0.684894	0.218489	0.222258	0.345895	0.028303
80	38	0.154286	0.147911	0.385137	-0.503334	-0.102317	-0.260497	16	3	0	10.673534	0.518361	0.054362	0.052197	0.041533	0.379650	0.129490	0.013711	0.044981
80	39	0.125982	0.106659	0.336319	-0.326240	-0.423628	-0.710473	13	2	0	10.476496	0.216645	0.234124	0.093650	0.120510	0.114737	0.004570	0.178640	0.044981
80	40	0.091214	0.049110	0.336319	-1.437442	-0.416859	-1.154023	22	4	0	10.966016	0.100385	0.013631	0.364416	0.082344	0.055404	0.027341	0.041212	0.044981
80	41	0.166643	0.222238	0.336319	-0.025664	0.279588	-0.764492	11	2	0	12.786789	0.255853	0.332826	0.055484	0.358082	0.140956	0.108884	0.036081	0.044981
80	42	0.137799	0.046143	0.378138	-0.877592	-1.171377	-0.446005	22	4	0	8.798149	0.131655	0.185375	0.147049	0.135504	0.069836	0.263951	0.124038	0.044981
81	1	0.541242	0.348942	0.470150	1.248349	0.298772	0.463331	14	3	0	12.294039	0.724743	0.487893	0.864737	0.864577	0.621793	0.244788	0.466084	0.055324
81	2	0.318924	0.416152	0.400245	-0.127269	0.998713	-0.594818	18	3	1	13.758497	0.555965	0.507537	0.744708	0.326331	0.119548	0.042255	0.199727	0.055324
81	3	0.114286	0.085892	0.378138	-0.784412	-0.389841	-0.384219	16	3	0	10.552497	0.138791	0.274134	0.050593	0.106158	0.041132	0.143762	0.104394	0.055324
81	4	0.453957	0.246813	0.594028	0.788506	-0.349886	1.030421	16	3	0	12.731273	0.554282	0.680805	0.677919	0.503368	0.275176	0.359445	0.525337	0.055324
81	5	0.355166	0.256354	0.540273	0.160020	-0.212306	0.450280	16	3	1	12.895584	0.524455	0.442672	0.671504	0.413085	0.190587	0.212155	0.331543	0.055324
81	6	0.433220	0.657814	0.584796	0.741621	1.951296	1.024582	16	3	0	12.120077	0.733964	0.847739	0.702293	0.833307	0.116020	0.055885	0.121232	0.055324
81	7	0.577073	0.310896	0.682386	1.535018	0.117939	1.783336	16	3	0	8.329208	0.794339	0.670943	0.839561	0.714160	0.742864	0.489978	0.309413	0.055324
81	8	0.514553	0.402983	0.605012	0.707664	0.646536	0.751512	18	3	1	12.103103	0.677037	0.828416	0.903544	0.634541	0.505853	0.143762	0.367944	0.055324
81	9	0.409768	0.514953	0.541396	1.067491	1.195092	1.148424	12	3	0	9.261320	0.677037	0.629490	0.137588	0.491020	0.862652	0.092928	0.332104	0.055324
81	10	0.267068	0.176235	0.442065	0.146938	-0.595481	0.251204	15	3	0	11.827596	0.348541	0.649455	0.191068	0.358082	0.137348	0.187139	0.209589	0.055324
81	11	0.237342	0.282914	0.426956	-0.265384	0.374646	-0.169645	16	3	1	11.321893	0.300112	0.322162	0.062300	0.342768	0.374278	0.372755	0.069035	0.055324
81	12	0.146208	0.139813	0.385137	-0.592980	-0.096732	-0.292697	16	3	0	11.134533	0.208547	0.343169	0.087716	0.249439	0.102149	0.086835	0.036482	0.055324
81	13	0.152882	0.185455	0.336319	-0.484297	0.279719	-0.885385	16	3	0	10.122227	0.357200	0.201892	0.071119	0.055083	0.395366	0.024375	0.062700	0.055324
81	14	0.388891	0.283695	0.336319	0.677144	0.054597	-0.764033	17	4	0	8.075011	0.269243	0.545462	0.477710	0.214080	0.387588	0.624679	0.537043	0.055324
81	15	0.439575	0.500641	0.515933	0.789223	1.213918	0.676086	15	3	0	12.586520	0.744387	0.762107	0.749439	0.115298	0.306126	0.507457	0.288246	0.043538
81	16	0.552708	0.314966	0.722693	1.337301	-0.088650	1.576645	12	2	1	12.608717	0.809253	0.765394	0.749439	0.746232	0.520205	0.193233	0.594371	0.043538
81	17	0.363264	0.614296	0.650909	0.270575	1.771277	1.033054	15	3	1	12.346936	0.798108	0.670061	0.778704	0.262508	0.232761	0.024375	0.096055	0.043538
81	18	0.145506	0.079819	0.488248	-0.372434	-0.869352	0.807190	15	3	0	8.753206	0.175273	0.179362	0.195718	0.106158	0.160760	0.207184	0.096055	0.043538
81	19	0.237071	0.067231	0.439155	0.127522	-1.682273	0.528347	18	4	0	7.172959	0.217928	0.247915	0.241421	0.166533	0.200048	0.487332	0.291854	0.043538
81	20	0.256755	0.287284	0.336319	-0.469238	0.628636	-1.203683	24	6	0	10.044295	0.077614	0.182409	0.309173	0.551475	0.492223	0.321841	0.075770	0.043538
81	21	0.350605	0.156992	0.336319	1.086957	-1.166375	-0.385513	12	3	0	7.213244	0.486209	0.336353	0.442992	0.423428	0.317351	0.519804	0.235167	0.043538
81	22	0.362462	0.259541	0.527295	0.663855	-0.113870	0.988287	17	3	0	8.483235	0.213598	0.356559	0.147049	0.444756	0.798509	0.491742	0.359766	0.087716
81	23	0.504891	0.285640	0.477676	0.787322	0.073464	0.431944	22	4	0	9.284323	0.553560	0.698124	0.603993	0.852069	0.441709	0.159076	0.642880	0.087716
81	24	0.585892	0.130412	0.555816	0.547236	-1.343282	0.283568	22	5	1	12.655272	0.754731	0.591244	0.472659	0.646648	0.886867	0.663566	0.583708	0.087716
81	25	0.226778	0.164248	0.397336	-0.357747	-0.344586	-0.203590	22	5	0	8.603165	0.041132	0.143281	0.220414	0.211995	0.455661	0.393762	0.260263	0.087716
81	26	0.295051	0.197983	0.385137	0.835606	-0.679301	0.076678	11	2	0	9.801362	0.515234	0.433852	0.434173	0.269644	0.279907	0.282152	0.010584	0.134862
81	27	0.222218	0.312660	0.378138	-0.115763	0.900788	-0.167676	22	5	0	6.644758	0.094211	0.077854	0.052197	0.153223	0.420221	0.396969	0.448204	0.134862
81	28	0.195107	0.113695	0.414277	-0.267722	-0.701199	0.359538	22	5	0	6.415760	0.263791	0.183852	0.091886	0.084910	0.580821	0.076732	0.144003	0.134862
81	29	0.363484	0.153163	0.336319	0.149126	-0.758488	-0.832907	39	8	0	5.770484	0.452534	0.447482	0.439945	0.380212	0.494949	0.312219	0.245670	0.134862
82	1	0.211945	0.362753	0.378138	-0.073217	1.150482	-0.305897	17	3	0	9.160929	0.000962	0.343970	0.548990	0.039288	0.542415	0.005452	0.157633	0.056847
82	2	0.048469	0.057028	0.336319	-1.992064	1.077960	-1.179919	19	3	0	13.655272	0.000962	0.092688	0.010022	0.037364	0.132777	0.005051	0.052037	0.056847
82	3	0.106619	0.144844	0.336319	-0.849356	0.410770	-0.915016	16	3	0	10.620077	0.021167	0.191790	0.195718	0.218890	0.061498	0.005693	0.101347	0.056847
82	4	0.161271	0.217968	0.487973	-0.660375	0.532251	0.406397	17	3	0	13.608717	0.278223	0.333788	0.010904	0.260183	0.250160	0.016357	0.083708	0.056847
82	5	0.296825	0.311157	0.477447	0.079933	0.593440	0.584182	22	5	0	7.731715	0.177999	0.241180	0.010904	0.422306	0.450930	0.531751	0.482681	0.056847
82	6	0.586814	0.185496	0.627371	0.694418	-0.578309	0.997657	34	7	0	8.897210	0.630452	0.715202	0.758740	0.830661	0.653945	0.271007	0.664047	0.170462
82	7	0.408465	0.330661	0.336319	0.472963	0.450663	-0.996861	21	4	0	9.205283	0.160359	0.413566	0.601187	0.369227	0.758980	0.248316	0.545622	0.170462
82	8	0.442772	0.197021	0.400245	0.358105	-0.577651	-0.282572	22	6	0	9.883914	0.406671	0.467287	0.793538	0.518922	0.376042	0.224904	0.584349	0.170462
82	9	0.335381	0.367704	0.485682	0.325269	0.786762	0.658747	20	4	0	8.209835	0.489657	0.448124	0.109124	0.233964	0.548589	0.111129	0.597258	0.145205
82	10	0.163286	0.107060	0.336319	-0.460927	-0.650089	-0.918716	17	3	0	10.149285	0.351908	0.017640	0.105997	0.112572	0.420783	0.041292	0.110888	0.145205
82	11	0.249579	0.230276	0.433588	0.643749	-0.192042	0.613222	12	2	0	8.672716	0.028063	0.651379	0.759221	0.092367	0.191389	0.041292	0.087716	0.145205
82	12	0.211173	0.241942	0.378138	0.187168	0.250767	-0.027581	16	3	0	7.362227	0.143361	0.088438	0.519243	0.043938	0.423348	0.041292	0.284557	0.145205
82	13	0.204498	0.156470	0.336319	-0.380022	-0.345337	-0.986611	19	4	0	9.544075	0.027261	0.067752	0.377967	0.235728	0.277502	0.262348	0.263069	0.124359
82	14	0.180053	0.118926	0.336319	-0.634081	-0.557897	-1.089664	19	4	0	10.966016	0.137749	0.089080	0.055484	0.536321	0.194275	0.231158	0.125321	0.071039
82	15	0.082385	0.063081	0.397336	-1.075159	-0.074643	-0.015569	17	3	0	8.954102	0.170863	0.049070	0.031671	0.097819	0.137749	0.084189	0.016677	0.071039
82	16	0.067511	0.081462	0.336319	-1.551187	0.663049	-1.001036	19	4	0	9.701826	0.098380	0.011786	0.151219	0.019965	0.109606	0.059092	0.019003	0.071039
82	17	0.113965	0.135684	0.336319	-1.145176	0.380599	-1.028135	22	5	0	8.882727	0.205901	0.018281	0.024455	0.082344	0.254570	0.042255	0.121232	0.162684
82	18	0.138610	0.090984	0.336319	-1.101282	-0.362874	-1.094891	24	6	0	8.882727	0.387267	0.171584	0.049391	0.092367	0.082104	0.042255	0.121232	0.162684
82	19	0.435967	0.198785	0.450266	0.158793	-0.369244	0.219008	44	10	0	6.860480	0.329378	0.515795	0.552357	0.502245	0.689224	0.316469	0.419580	0.162684
83	1	0.471316	0.490880	0.601668	0.900133	0.905585	0.830682	12	2	1	15.608717	0.514833	0.828736	0.694355	0.771167	0.513631	0.019885	0.196520	0.231398
83	2	0.236871	0.197883	0.447918	-0.700707	0.069148	-0.019800	35	6	0	9.622956	0.128528	0.292816	0.114336	0.446280	0.413005	0.197081	0.071520	0.231398
83	3	0.615098	0.283375	0.378138	0.850665	0.198884	-0.740184	28	5	0	10.760074	0.387588	0.877245	0.528544	0.739577	0.562219	0.837957	0.756254	0.231398
83	4	0.216796	0.143481	0.378138	-0.602708	-0.433866	-0.628663	26	5	0	9.521410	0.073284	0.295301	0.078576	0.115298	0.234365	0.125641	0.580500	0.231398
83	5	0.074216	0.090443	0.336319	-0.322376	0.187710	-0.255625	9	2	0	7.777828	0.002004	0.019003	0.078576	0.037364	0.098380	0.125641	0.001363	0.231398
83	6	0.597138	0.523412	0.519346	1.259452	1.528133	0.956154	27	5	0	6.485573	0.855196	0.877967	0.903784	0.842928	0.372835	0.125641	0.567351	0.231398
83	7	0.519183	0.653825	0.656751	0.505083	2.093815	1.117968	27	6	0	10.112938	0.822402	0.827293	0.176956	0.895526	0.626684	0.148332	0.539929	0.116341
83	8	0.258238	0.220955	0.542633	-0.119739	-0.070190	0.763479	17	4	0	11.387245	0.058852	0.241180	0.733242	0.142399	0.059173	0.146248	0.568473	0.116341
83	9	0.245811	0.137227	0.462533	0.640983	-1.123869	0.769188	10	2	0	10.657529	0.220013	0.216886	0.221937	0.510022	0.096857	0.146248	0.438182	0.116341
83	10	0.131695	0.132637	0.336319	-0.464535	0.002079	-0.631657	18	3	0	7.469166	0.075048	0.069115	0.417014	0.005131	0.239336	0.000962	0.079057	0.167896
83	11	0.098040	0.107781	0.336319	-1.100925	0.273831	-0.858484	23	4	0	7.788870	0.106960	0.032152	0.055484	0.028784	0.237251	0.129490	0.026299	0.167896
83	12	0.176125	0.120470	0.378138	-0.904522	-0.350387	-0.572617	28	7	0	8.356003	0.197563	0.114096	0.147049	0.039288	0.416052	0.279266	0.047787	0.167896
83	13	0.210832	0.158695	0.401860	-0.814940	-0.128212	-0.212124	39	7	0	8.265923	0.118425	0.163085	0.311818	0.062540	0.310215	0.314144	0.238534	0.167896
83	14	0.596246	0.491321	0.480963	0.212777	1.447618	-0.218878	41	10	1	9.633898	0.883339	0.867463	0.761065	0.777662	0.699246	0.302357	0.310936	0.167896
83	15	0.352870	0.433190	0.497457	-0.110789	1.275997	0.383534	31	6	0	9.140398	0.024695	0.564464	0.632216	0.717607	0.319917	0.089160	0.307008	0.167896
83	16	0.140946	0.077113	0.336319	-0.940220	-0.684153	-1.109722	20	4	0	10.936569	0.115940	0.139994	0.056928	0.209509	0.229394	0.046665	0.161241	0.167896
83	17	0.309553	0.243726	0.428171	0.076378	0.119528	0.359627	31	7	0	5.831954	0.886386	0.061818	0.065266	0.153223	0.252886	0.737091	0.151860	0.167896
83	18	0.416313	0.532192	0.487790	0.161717	1.688844	0.349011	29	6	0	9.126485	0.051074	0.810536	0.565827	0.665170	0.620029	0.006334	0.496392	0.115138
83	19	0.065707	0.093329	0.336319	-1.590187	0.932309	-1.008603	18	4	0	10.115085	0.141998	0.111289	0.066870	0.018682	0.046344	0.006334	0.019003	0.115138
83	20	0.198956	0.307709	0.436440	0.371958	0.636488	0.554102	10	2	0	10.657529	0.330741	0.414368	0.084830	0.552838	0.044179	0.006334	0.043217	0.115138
83	21	0.129801	0.178360	0.336319	-0.235421	0.357094	-0.591145	14	2	0	8.655272	0.066790	0.259622	0.026139	0.237251	0.053640	0.229233	0.050593	0.115138
83	22	0.106649	0.129911	0.336319	-1.056364	0.331419	-0.986611	19	4	0	9.544075	0.255853	0.154586	0.026139	0.019965	0.209509	0.059092	0.042495	0.085552
83	23	0.223841	0.078476	0.563594	-0.168282	-1.435476	0.930371	18	3	0	10.942139	0.279025	0.225305	0.505452	0.209509	0.174391	0.164769	0.146729	0.085552
83	24	0.259331	0.139553	0.336319	-0.446658	-0.673105	-1.219414	26	5	0	10.326484	0.608724	0.211915	0.155388	0.508579	0.179442	0.205099	0.119949	0.085552
83	25	0.302357	0.268321	0.469990	-0.329953	0.121081	-0.107569	19	4	1	13.060765	0.797707	0.296103	0.503608	0.296103	0.299792	0.066950	0.073044	0.085552
83	26	0.515354	0.342648	0.494605	0.321563	0.654064	0.247135	39	7	0	9.560411	0.197563	0.731318	0.605597	0.781190	0.641036	0.679763	0.400818	0.085552
83	27	0.339220	0.409157	0.436440	0.056900	0.821444	-0.280369	15	3	1	14.816236	0.717527	0.483162	0.147049	0.713839	0.347579	0.003929	0.215122	0.085552
83	28	0.258559	0.189384	0.443439	-0.207642	-0.257861	0.158237	22	4	0	9.644473	0.562219	0.328656	0.114336	0.147611	0.219211	0.282152	0.328736	0.085552
83	29	0.344211	0.170281	0.336319	-0.285747	-0.486923	-1.214928	43	8	0	8.211989	0.240378	0.304121	0.115539	0.449326	0.801555	0.209349	0.387428	0.245991
83	30	0.231779	0.200249	0.462464	-0.763438	-0.108922	-0.224113	22	4	1	13.044075	0.084589	0.402341	0.053400	0.262508	0.527822	0.101427	0.176155	0.245991
83	31	0.265074	0.089641	0.401448	-0.537311	-1.205517	-0.310915	36	6	0	9.103405	0.324246	0.284718	0.223300	0.183130	0.456543	0.106879	0.295783	0.245991
83	32	0.204258	0.193513	0.336319	-0.499137	0.177760	-0.852162	32	6	0	6.713767	0.065587	0.098861	0.024775	0.264352	0.395767	0.343169	0.195558	0.245991
83	33	0.230376	0.080581	0.336319	-0.257978	-1.337844	-0.946392	23	4	0	8.377594	0.122434	0.032152	0.426074	0.211995	0.265154	0.253929	0.285279	0.245991
83	34	0.357260	0.303780	0.336319	-0.010774	0.518034	-1.069817	35	6	0	7.908817	0.101427	0.549952	0.104073	0.692030	0.502405	0.337476	0.324727	0.245991
83	35	0.188452	0.170502	0.336319	-0.404494	-0.105984	-0.998369	18	3	0	10.942139	0.612652	0.042976	0.163727	0.123396	0.048589	0.132457	0.004250	0.379570
83	36	0.354053	0.069556	0.416659	0.065370	-1.825567	0.029402	29	6	0	7.848896	0.337556	0.355276	0.215763	0.309573	0.419179	0.393762	0.421745	0.379570
84	1	0.222318	0.105055	0.336319	0.068320	-1.161163	-0.774547	16	3	0	8.918216	0.035760	0.255051	0.658355	0.087155	0.213037	0.222258	0.168778	0.138149
84	2	0.328827	0.257236	0.336319	0.733302	-0.097172	-0.554261	16	3	0	7.350727	0.665571	0.469933	0.243906	0.221135	0.475786	0.193233	0.222899	0.138149
84	3	0.257407	0.149956	0.336319	0.370694	-0.861386	-0.679257	14	3	0	8.684405	0.360327	0.305645	0.482200	0.225866	0.188262	0.314144	0.044660	0.138149
84	4	0.175924	0.153444	0.416659	-0.575898	-0.142941	0.049920	19	4	0	9.610127	0.250882	0.348140	0.076652	0.123396	0.154987	0.307970	0.007216	0.138149
84	5	0.293337	0.465362	0.671917	0.589483	1.301147	1.890686	16	3	0	7.350727	0.561337	0.646328	0.043938	0.479955	0.461835	0.007938	0.007216	0.138149
84	6	0.459650	0.119287	0.477676	-0.098892	-1.176084	-0.006908	45	9	0	10.463442	0.442912	0.502085	0.606398	0.425353	0.286001	0.359445	0.627646	0.427357
84	7	0.124399	0.057930	0.336319	-1.012413	-0.766381	-0.926533	25	5	0	7.752776	0.026379	0.041774	0.045141	0.069115	0.585471	0.091084	0.110167	0.026058
84	8	0.448074	0.447542	0.409134	0.579655	1.076540	-0.040871	22	4	0	9.276783	0.759862	0.301956	0.794339	0.671183	0.583547	0.267800	0.179843	0.026058
84	9	0.261566	0.222158	0.378138	-0.134055	0.011674	-0.467451	22	4	0	8.995239	0.152903	0.240539	0.310696	0.202213	0.584509	0.080180	0.495430	0.026058
84	10	0.190918	0.151359	0.399100	-0.785719	-0.130215	-0.253335	28	6	0	8.533537	0.297466	0.255773	0.072563	0.333307	0.224022	0.055885	0.159397	0.128929
84	11	0.137298	0.117162	0.336319	-0.580536	-0.289612	-0.882497	15	3	0	10.583793	0.182569	0.031110	0.014673	0.267720	0.108563	0.103191	0.261626	0.128929
84	12	0.196590	0.271608	0.385137	0.243680	0.422541	-0.016147	11	2	0	11.162825	0.318233	0.413005	0.006495	0.471857	0.123557	0.085311	0.025337	0.128929
84	13	0.139142	0.029686	0.336319	-0.867795	-1.504386	-0.909587	22	5	0	7.979055	0.155629	0.259622	0.098942	0.132777	0.140956	0.046665	0.149615	0.128929
84	14	0.242704	0.211353	0.336319	-0.246641	-0.072134	-1.063062	17	5	0	10.704235	0.504410	0.677999	0.120991	0.075369	0.259782	0.014753	0.159397	0.128929
84	15	0.186438	0.095233	0.401448	-0.418531	-0.809992	0.209279	23	6	0	6.413063	0.146248	0.210231	0.112572	0.209509	0.325529	0.108884	0.249599	0.128929
84	16	0.437951	0.220734	0.681034	0.843158	-0.575234	1.547474	15	3	0	11.356804	0.435776	0.825850	0.685936	0.413085	0.334349	0.082104	0.481639	0.244869
84	17	0.422336	0.375581	0.576824	0.830857	0.519798	1.068546	14	3	0	11.846936	0.809413	0.761225	0.456543	0.547306	0.166212	0.037043	0.356078	0.244869
84	18	0.285079	0.086253	0.336319	0.179052	-1.651378	-1.009915	15	3	0	12.731273	0.590202	0.267880	0.325529	0.251443	0.204458	0.076732	0.319516	0.244869
84	19	0.737211	0.292656	0.749026	1.566731	0.316097	1.623356	18	4	0	12.973087	0.857040	0.903865	0.928480	0.898733	0.861851	0.589561	0.613294	0.244869
84	20	0.211293	0.212636	0.378138	0.190731	0.046591	0.091558	17	4	0	5.828997	0.169820	0.150257	0.049391	0.078817	0.548188	0.007938	0.460712	0.225225
84	21	0.362432	0.462416	0.336319	-0.144709	1.436149	-1.231042	33	7	0	9.127908	0.077614	0.732601	0.108242	0.754650	0.523172	0.114737	0.363214	0.225225
84	22	0.166082	0.157352	0.378138	-0.402286	-0.017422	-0.161433	21	4	0	7.020854	0.070879	0.145767	0.045943	0.059573	0.359365	0.195959	0.225946	0.225225
84	23	0.208186	0.141357	0.336319	-0.181792	-0.518362	-0.765277	20	4	0	7.601150	0.403223	0.311097	0.033515	0.123396	0.198685	0.121632	0.248717	0.225225
84	24	0.091886	0.072663	0.336319	-0.878625	-0.191649	-0.741434	17	3	0	8.370595	0.042335	0.045061	0.063823	0.017880	0.092287	0.191309	0.057168	0.225225
84	25	0.370891	0.261746	0.514776	-0.296591	0.287570	0.397803	49	9	0	8.185386	0.331462	0.493505	0.585712	0.147611	0.604795	0.314144	0.264673	0.225225
85	1	0.365860	0.282373	0.525142	0.505899	0.094517	0.798128	18	3	0	9.918216	0.582184	0.510022	0.680164	0.026139	0.315908	0.256575	0.342848	0.213037
85	2	0.301886	0.356398	0.504696	0.884812	0.572542	1.169620	14	2	0	7.658625	0.556687	0.109365	0.817351	0.043938	0.413647	0.223541	0.037524	0.213037
85	3	0.608102	0.451511	0.787054	2.073414	0.769398	2.505777	12	2	0	8.286789	0.862332	0.884702	0.817351	0.933050	0.484205	0.096536	0.573605	0.213037
85	4	0.610538	0.492884	0.842344	1.412859	1.198338	2.289838	17	3	0	10.605616	0.929843	0.516357	0.227389	0.994468	0.854795	0.716645	0.431767	0.213037
85	5	0.188983	0.096296	0.426956	-0.248132	-0.989623	0.218103	16	3	0	10.079045	0.177598	0.270125	0.142158	0.371472	0.093650	0.146248	0.097579	0.213037
85	6	0.294830	0.068874	0.497595	0.145454	-1.912406	0.600788	16	4	0	10.654521	0.287284	0.981639	0.035920	0.216485	0.220173	0.146248	0.257858	0.213037
85	7	0.262007	0.246272	0.501936	-0.325690	0.318874	0.595178	32	6	0	7.656539	0.127405	0.154586	0.158435	0.398012	0.401058	0.146248	0.497274	0.213037
85	8	0.271137	0.134682	0.446429	-0.657937	-0.605095	0.014808	48	9	0	7.965410	0.221296	0.203817	0.158435	0.394323	0.304763	0.146248	0.527181	0.213037
85	9	0.362913	0.365980	0.471147	-0.237647	1.036250	0.300097	51	11	0	6.825008	0.185856	0.086193	0.991260	0.129169	0.201491	0.569115	0.527181	0.213037
85	10	0.525778	0.102129	0.537707	-0.183295	-1.200674	0.260873	78	14	0	8.156537	0.511546	0.511225	0.350225	0.573845	0.775096	0.438342	0.568473	0.477470
85	11	0.294329	0.152702	0.420966	-1.153503	-0.279650	-0.537424	80	15	0	8.486941	0.322803	0.216886	0.188663	0.478512	0.272851	0.354314	0.133419	0.387187
85	12	0.202143	0.111029	0.336319	-0.206060	-0.915255	-0.844452	16	4	0	8.965053	0.176636	0.262588	0.206462	0.269644	0.146648	0.331222	0.155548	0.068393
85	13	0.214490	0.171324	0.409134	-0.291925	-0.312149	-0.028163	17	4	0	10.666632	0.523012	0.203817	0.084830	0.150257	0.431928	0.091084	0.162604	0.068393
85	14	0.289960	0.262027	0.462785	0.297545	0.098032	0.518193	17	3	0	9.244544	0.191068	0.434333	0.120991	0.348380	0.227951	0.903704	0.024856	0.068393
85	15	0.272921	0.309393	0.485258	0.165667	0.479357	0.538801	15	3	0	12.086520	0.271648	0.453175	0.178961	0.483323	0.194836	0.499198	0.033836	0.068393
85	16	0.196951	0.183471	0.443680	0.117740	-0.224232	0.598480	13	3	0	8.626546	0.108002	0.358724	0.279266	0.109525	0.115058	0.332665	0.203977	0.068393
85	17	0.177498	0.154005	0.336319	-0.532821	-0.157507	-0.957898	19	4	0	9.232527	0.234686	0.072242	0.257216	0.183130	0.345173	0.065106	0.091004	0.171424
85	18	0.141697	0.130352	0.336319	0.482591	-0.416276	0.016067	11	2	0	0.000000	0.109846	0.087636	0.257216	0.043938	0.343650	0.065106	0.054763	0.171424
85	19	0.151489	0.072522	0.336319	-0.667765	-0.844762	-0.778662	23	5	0	7.020854	0.175273	0.244548	0.028784	0.245029	0.141838	0.150257	0.054763	0.171424
85	20	0.127676	0.131114	0.378138	-0.839611	0.099536	-0.371445	20	4	0	8.513848	0.028063	0.109365	0.046665	0.221135	0.152261	0.237733	0.054763	0.171424
85	21	0.143922	0.062680	0.378138	-0.701571	-1.070966	-0.470671	15	4	0	11.379001	0.171584	0.125802	0.012668	0.158836	0.285439	0.057729	0.167896	0.171424
85	22	0.524064	0.503187	0.598060	1.351917	1.070173	1.255344	12	3	0	11.586520	0.525176	0.754169	0.795221	0.794580	0.710471	0.290972	0.150497	0.171424
86	1	0.370670	0.439705	0.416659	0.872930	0.931577	0.316899	15	2	0	9.592177	0.335712	0.792736	0.676395	0.612813	0.227149	0.002646	0.243345	0.074567
86	2	0.146879	0.119347	0.336319	-0.880667	-0.244000	-1.116701	19	4	0	11.450011	0.132697	0.123557	0.293297	0.022290	0.063903	0.002646	0.462075	0.074567
86	3	0.293888	0.287584	0.613649	0.566889	0.115807	1.318993	12	2	0	13.258497	0.438983	0.282473	0.145125	0.409317	0.545061	0.374359	0.081222	0.074567
86	4	0.416333	0.463578	0.553503	0.355112	1.260584	0.862323	24	6	0	8.196377	0.607040	0.641838	0.143682	0.677518	0.455981	0.154987	0.575048	0.074567
86	5	0.219993	0.089039	0.336319	-0.242692	-1.190193	-0.904101	21	4	0	8.395701	0.101427	0.209429	0.248797	0.139833	0.162043	0.048749	0.691709	0.157954
86	6	0.280578	0.326632	0.336319	-0.131415	0.514043	-1.280409	15	4	1	10.940322	0.105356	0.427598	0.090603	0.430404	0.382617	0.016998	0.633098	0.157954
86	7	0.616321	0.195598	0.547947	0.961174	-0.544199	0.677467	26	5	0	9.609244	0.751042	0.845815	0.692351	0.435856	0.771568	0.602149	0.673829	0.157954
86	8	0.448765	0.286963	0.630326	0.787759	0.028640	1.345337	18	4	0	8.736300	0.728271	0.480677	0.423990	0.622514	0.242704	0.338999	0.595013	0.157954
86	9	0.379841	0.279426	0.462464	0.712236	-0.006005	0.554018	16	3	0	9.152338	0.344452	0.832104	0.272771	0.656270	0.132216	0.419580	0.173348	0.207986
86	10	0.222759	0.091284	0.440919	-0.505509	-1.110978	0.095992	22	6	0	9.260668	0.338919	0.276139	0.203335	0.233964	0.068714	0.153143	0.299872	0.207986
86	11	0.257156	0.189725	0.450266	0.284849	-0.389242	0.585648	17	3	0	7.971673	0.592126	0.455420	0.276700	0.249439	0.237572	0.156350	0.032072	0.057569
86	12	0.196811	0.092227	0.479359	-0.190877	-1.092219	0.592831	16	3	0	10.023441	0.542656	0.275176	0.143682	0.120510	0.095093	0.156350	0.183451	0.057569
86	13	0.141106	0.132717	0.450953	-0.060646	-0.276894	0.846250	12	3	0	7.520650	0.234124	0.328656	0.050593	0.163246	0.083066	0.038246	0.173348	0.057569
86	14	0.116742	0.174190	0.336319	-1.063634	0.393507	-1.390963	13	3	1	15.608717	0.211434	0.116341	0.014112	0.041533	0.226267	0.227470	0.039208	0.057569
86	15	0.154205	0.203295	0.336319	-0.492714	0.423683	-0.906930	16	3	0	10.479434	0.035760	0.074166	0.045141	0.216485	0.098942	0.032713	0.395526	0.334910
86	16	0.185125	0.215623	0.401448	0.293300	0.017130	0.339847	10	2	0	10.479434	0.026379	0.184493	0.003127	0.103352	0.329618	0.209349	0.289769	0.334910
86	17	0.352229	0.073404	0.336319	0.034577	-1.793382	-1.170867	26	4	0	10.254829	0.340122	0.653143	0.268040	0.329939	0.410600	0.191309	0.289769	0.334910
87	1	0.630833	0.338619	0.663509	1.548853	0.404270	1.643760	18	4	0	7.817934	0.651139	0.874038	0.904426	0.801074	0.871552	0.244788	0.629811	0.069836
87	2	0.160620	0.212015	0.416659	-0.099300	0.333353	0.439024	13	3	0	8.407244	0.023573	0.263711	0.046665	0.271248	0.482521	0.055885	0.071520	0.069836
87	3	0.461784	0.376864	0.575586	1.287057	0.464097	1.409458	14	3	0	7.934629	0.385183	0.758980	0.429362	0.675353	0.585151	0.076732	0.713679	0.069836
87	4	0.204859	0.168818	0.336319	-0.198053	-0.289929	-0.922094	17	3	0	10.193855	0.207745	0.115619	0.032553	0.173188	0.235808	0.419580	0.384541	0.069836
87	5	0.378738	0.278524	0.523195	0.582097	-0.023486	0.744211	15	3	0	12.130507	0.701732	0.640314	0.382537	0.276299	0.460953	0.080180	0.418056	0.069836
87	6	0.336594	0.195157	0.503081	0.558138	-0.635340	0.796325	15	3	0	9.633074	0.383579	0.389753	0.135183	0.072322	0.538406	0.263951	0.640394	0.269163
87	7	0.476698	0.186117	0.623843	0.227364	-0.521514	1.035581	41	10	0	7.744237	0.450208	0.773813	0.445077	0.648252	0.548829	0.251203	0.427037	0.269163
87	8	0.347719	0.392780	0.477447	0.880735	0.667339	0.764957	13	2	0	10.149285	0.052197	0.244548	0.122755	0.586674	0.741902	0.169259	0.538326	0.326090
87	9	0.423679	0.223340	0.479440	0.699875	-0.431513	0.633384	19	4	0	8.267548	0.176074	0.440186	0.290651	0.338037	0.268521	0.463037	0.768201	0.644724
87	10	0.171925	0.204358	0.378138	-0.057273	0.167241	-0.114826	13	3	0	8.721323	0.043858	0.278303	0.071119	0.057569	0.611610	0.237733	0.042495	0.032713
87	11	0.114937	0.121632	0.440919	-0.583988	-0.041267	0.351744	15	2	0	11.294039	0.237973	0.100144	0.003127	0.139833	0.184413	0.054843	0.166453	0.032713
87	12	0.072122	0.062280	0.336319	-1.523986	0.249696	-1.005399	22	4	0	9.083822	0.039529	0.093249	0.003127	0.163246	0.120670	0.054843	0.069596	0.032713
87	13	0.309173	0.176315	0.577511	-0.054307	-0.509512	0.989618	24	6	0	8.163775	0.188983	0.324166	0.823525	0.092367	0.392078	0.314144	0.305404	0.032713
87	14	0.387308	0.336915	0.523676	0.592035	0.390918	0.808317	15	4	0	10.006431	0.645125	0.793217	0.095013	0.466645	0.476588	0.096536	0.315106	0.210231
87	15	0.472879	0.298188	0.617887	1.107616	0.055479	1.538728	17	4	0	7.276350	0.407312	0.620430	0.763631	0.823445	0.416052	0.452293	0.089641	0.210231
87	16	0.321781	0.382797	0.397336	0.053110	0.989084	-0.258084	23	4	0	9.284996	0.253127	0.528464	0.093650	0.550112	0.679041	0.129490	0.158275	0.182088
87	17	0.333547	0.224142	0.385137	0.501133	-0.328161	-0.148996	17	3	0	8.951113	0.363454	0.309012	0.740699	0.488374	0.087797	0.346135	0.158275	0.174631
87	18	0.358413	0.290491	0.420542	0.029517	0.325311	-0.118618	23	5	0	10.319059	0.470654	0.353672	0.864096	0.435856	0.352710	0.134461	0.095253	0.160600
87	19	0.436347	0.401219	0.475580	0.679328	0.736614	0.381672	17	3	0	12.438792	0.401379	0.651379	0.791693	0.684253	0.415250	0.290972	0.095253	0.160600
88	1	0.364547	0.283435	0.506403	0.336011	0.171783	0.650585	20	4	0	9.232527	0.484766	0.492864	0.638470	0.158836	0.380693	0.217607	0.382537	0.160600
88	2	0.205971	0.285800	0.378138	-0.150847	0.661730	-0.376176	16	3	0	10.422284	0.160359	0.345414	0.060856	0.078817	0.405228	0.151539	0.404266	0.041292
88	3	0.459730	0.454779	0.525291	1.557302	0.739847	1.240665	11	2	0	8.862790	0.356238	0.821600	0.568393	0.757858	0.074567	0.718249	0.339641	0.041292
88	4	0.195869	0.168618	0.465477	-0.183161	-0.269525	0.499421	15	3	0	10.665806	0.179843	0.626283	0.073685	0.369227	0.169019	0.044259	0.063342	0.041292
88	5	0.230166	0.225024	0.447918	-0.137579	0.050352	0.290830	16	4	0	10.330001	0.477630	0.314705	0.069436	0.322803	0.109606	0.175914	0.329939	0.041292
88	6	0.434704	0.536903	0.541602	0.223110	1.646865	0.579858	24	6	0	10.588485	0.660119	0.876123	0.522691	0.804121	0.322883	0.193233	0.057168	0.041292
88	7	0.224072	0.258720	0.440919	-0.699299	0.540749	-0.114870	23	6	0	12.104799	0.063021	0.288486	0.041613	0.400096	0.112171	0.193233	0.652662	0.041292
88	8	0.176616	0.122855	0.336319	-0.228918	-0.596474	-0.772719	16	3	0	8.901374	0.084108	0.060375	0.160600	0.137428	0.479634	0.153143	0.322322	0.015314
88	9	0.103742	0.082324	0.385137	-0.435604	-0.432936	0.010631	12	2	0	10.060359	0.059974	0.175513	0.038406	0.120510	0.084028	0.212155	0.124038	0.015314
88	10	0.113705	0.093710	0.378138	-0.405521	-0.405953	-0.078574	12	3	0	8.718549	0.006254	0.110487	0.031671	0.013230	0.107842	0.537765	0.087075	0.015314
88	11	0.368736	0.328997	0.415834	0.365975	0.455481	0.020255	18	4	0	10.113310	0.584108	0.547867	0.250561	0.443634	0.605196	0.343169	0.160038	0.015314
88	12	0.110117	0.113715	0.397336	-0.639329	-0.071202	0.019620	14	3	0	9.597533	0.014352	0.118265	0.398894	0.014352	0.146167	0.122996	0.050593	0.015314
88	13	0.171584	0.130893	0.385137	-0.328350	-0.469487	-0.214072	15	3	0	10.450011	0.180965	0.066469	0.159397	0.360087	0.344933	0.146248	0.099262	0.015314
88	14	0.093960	0.059453	0.336319	-0.695173	-0.601631	-0.816921	13	2	0	12.258497	0.127405	0.097178	0.053400	0.115298	0.060696	0.212155	0.070237	0.015314
88	15	0.149004	0.146689	0.385137	-0.234530	-0.195137	-0.131834	13	2	0	11.801362	0.295943	0.269083	0.096937	0.150257	0.060696	0.214962	0.088839	0.015314
88	16	0.316208	0.230977	0.474961	0.636169	-0.370827	0.601490	13	2	0	12.438792	0.239096	0.395205	0.620029	0.260183	0.554522	0.098942	0.346376	0.015314
88	17	0.483924	0.377786	0.492658	0.342021	0.811879	0.308425	30	6	0	9.858933	0.406992	0.810215	0.424872	0.832024	0.414288	0.173428	0.698445	0.111129
88	18	0.186097	0.087416	0.378138	-0.495432	-0.970338	-0.427239	20	4	0	9.006494	0.095253	0.044419	0.172065	0.112572	0.725706	0.173428	0.054201	0.111129
88	19	0.195628	0.069255	0.336319	-0.517058	-1.311007	-1.050045	20	4	0	10.031186	0.212155	0.122114	0.111289	0.089320	0.725706	0.162524	0.030789	0.111129
88	20	0.444656	0.581683	0.378138	0.348193	1.668419	-0.838052	19	4	1	10.534163	0.164128	0.564945	0.855997	0.299631	0.725305	0.754330	0.081783	0.111129
88	21	0.147801	0.120791	0.336319	-0.473179	-0.293960	-0.688421	18	4	0	7.418892	0.143361	0.049070	0.087075	0.055083	0.253207	0.134461	0.278063	0.182088
88	22	0.339992	0.208086	0.336319	0.469645	-0.495238	-0.901420	16	3	0	10.370850	0.623236	0.304121	0.567992	0.147611	0.395767	0.252165	0.246953	0.182088
88	23	0.114366	0.075529	0.336319	-0.572660	-0.556873	-0.586146	16	4	0	7.161640	0.302117	0.039448	0.122755	0.164929	0.101748	0.053079	0.071520	0.059333
88	24	0.188572	0.239336	0.378138	-0.333245	0.601900	-0.172315	25	4	0	6.635159	0.051074	0.501123	0.451331	0.245029	0.082505	0.046665	0.071520	0.059333
88	25	0.215262	0.251263	0.477676	-0.092049	0.285236	0.519595	15	3	0	11.521254	0.274455	0.339160	0.104073	0.366260	0.353993	0.054201	0.211995	0.017960
88	26	0.099513	0.074407	0.336319	-1.027091	-0.266056	-0.889532	18	4	0	8.840533	0.071600	0.004811	0.131976	0.115298	0.114897	0.134461	0.205099	0.017960
89	1	0.443684	0.221757	0.718776	1.805185	-0.920124	2.247555	6	1	0	11.023754	0.364657	0.578175	0.627486	0.469291	0.455180	0.665250	0.370109	0.019323
89	2	0.464891	0.265054	0.553033	1.634206	-0.504322	1.360976	9	2	0	9.969492	0.664849	0.526299	0.689865	0.525898	0.627245	0.255292	0.410359	0.019323
89	3	0.609355	0.440627	0.821703	1.737246	0.775315	2.316100	13	2	0	12.339137	0.861209	0.881575	0.933210	0.902903	0.511386	0.255292	0.509942	0.019323
89	4	0.437921	0.414448	0.528154	0.935444	0.720977	0.883942	14	3	0	10.846936	0.623877	0.766677	0.644323	0.707184	0.323445	0.136626	0.281911	0.019323
89	5	0.403774	0.378448	0.544901	0.184317	0.793558	0.632990	21	6	0	10.890361	0.652582	0.554201	0.501203	0.469291	0.219211	0.143762	0.670622	0.019323
89	6	0.359114	0.472899	0.336319	0.166542	1.385158	-0.983622	23	6	0	8.128437	0.106960	0.690507	0.552357	0.284557	0.692992	0.048749	0.380452	0.116341
89	7	0.458447	0.560616	0.617314	0.921274	1.512123	1.201002	14	3	0	12.801362	0.834910	0.805404	0.508499	0.772049	0.289288	0.086835	0.254250	0.116341
89	8	0.552387	0.328135	0.622125	0.689232	0.485992	1.039878	28	6	0	9.049813	0.495991	0.771408	0.918618	0.715683	0.338037	0.422627	0.640394	0.116341
89	9	0.436277	0.170281	0.439155	0.105102	-0.729524	-0.183836	30	5	0	12.076654	0.659798	0.598621	0.523813	0.484606	0.426235	0.111129	0.475786	0.210231
89	10	0.425192	0.328235	0.600282	0.564773	0.331494	0.951717	17	3	0	14.023754	0.644323	0.335311	0.520205	0.964320	0.093008	0.106879	0.475786	0.261706
89	11	0.125351	0.122494	0.336319	-1.036119	0.039620	-1.102696	20	4	0	10.842052	0.117463	0.064625	0.014673	0.166533	0.353432	0.198926	0.012588	0.074567
89	12	0.091695	0.113474	0.336319	-1.046735	0.397923	-0.877357	19	3	0	9.094937	0.045301	0.146648	0.038406	0.019965	0.245350	0.149134	0.014192	0.074567
89	13	0.299641	0.326872	0.426956	-0.404991	0.621208	-0.368117	22	5	1	10.408317	0.412203	0.577133	0.082425	0.405709	0.376844	0.069195	0.399054	0.074567
89	14	0.400557	0.416573	0.532564	0.773286	0.841547	0.943567	16	3	0	9.347917	0.527582	0.671905	0.800834	0.582264	0.252165	0.069195	0.225946	0.074567
89	15	0.343770	0.202955	0.464228	-0.571845	-0.065246	0.019979	59	11	0	8.020036	0.229153	0.232200	0.313182	0.262508	0.500882	0.253929	0.523332	0.434974
89	16	0.479504	0.412564	0.504456	0.079931	1.150620	0.324524	49	10	0	8.171753	0.450208	0.618906	0.107040	0.578015	0.964320	0.094452	0.742463	0.280629
89	17	0.589641	0.215743	0.555954	0.766401	-0.380796	0.637640	25	6	0	10.569641	0.544981	0.530148	0.652261	0.740619	0.891196	0.730035	0.477309	0.150577
89	18	0.305344	0.191750	0.385137	-0.309018	-0.308901	-0.626791	27	5	0	11.182567	0.400337	0.262588	0.084830	0.297947	0.419179	0.234205	0.593089	0.150577
89	19	0.341094	0.409317	0.401448	0.047934	1.087123	-0.220385	23	4	0	10.442304	0.647771	0.662203	0.090603	0.512588	0.270446	0.096536	0.298028	0.150577
89	20	0.253448	0.162765	0.447918	-0.477990	-0.602524	-0.147474	20	4	1	10.717223	0.588919	0.311738	0.025417	0.233964	0.118425	0.295382	0.303159	0.150577
89	21	0.417405	0.226487	0.525245	0.094498	-0.243421	0.430759	25	6	0	11.291045	0.289929	0.523332	0.203335	0.489737	0.816148	0.250000	0.487893	0.278865
89	22	0.496522	0.144704	0.589274	0.662888	-1.118037	0.989255	23	5	0	8.937359	0.887989	0.497354	0.523332	0.432248	0.607922	0.302357	0.442110	0.278865
89	23	0.424892	0.259802	0.336319	-0.195454	0.224921	-1.346270	53	10	0	8.355031	0.480276	0.608483	0.621953	0.514272	0.213037	0.275497	0.406751	0.278865
89	24	0.293798	0.246131	0.401448	-0.015519	0.134780	0.007452	25	5	0	7.655919	0.424711	0.222338	0.480597	0.211995	0.134221	0.529987	0.124038	0.222498
89	25	0.227039	0.267800	0.401448	-0.315229	0.575000	0.003343	24	5	0	7.776899	0.574166	0.624359	0.045141	0.031430	0.055404	0.067672	0.182008	0.236129
89	26	0.374369	0.404566	0.459750	0.386656	0.892149	0.322365	18	4	0	10.080611	0.571761	0.606559	0.128768	0.625802	0.486369	0.157553	0.182008	0.236129
89	27	0.365108	0.488675	0.606639	0.197485	1.422948	1.042979	23	4	0	9.648913	0.749679	0.773813	0.035920	0.620109	0.185776	0.195959	0.261626	0.097979
89	28	0.362171	0.378528	0.576881	0.163313	0.905499	0.974854	25	5	0	8.354535	0.381334	0.250641	0.127405	0.879891	0.850305	0.252165	0.057649	0.097979
89	29	0.127045	0.217267	0.458547	-0.421481	0.788972	0.684023	15	3	0	8.068433	0.241742	0.279025	0.012668	0.271248	0.065747	0.038246	0.009702	0.097979
89	30	0.328245	0.504310	0.513459	1.107214	1.219198	1.242620	11	2	0	8.294551	0.578416	0.016597	0.877486	0.614176	0.230837	0.038246	0.172226	0.097979
90	1	0.315036	0.376163	0.401448	0.107301	0.866415	-0.144944	18	4	0	10.962556	0.421344	0.668938	0.328817	0.082344	0.242383	0.048108	0.627004	0.101347
90	2	0.568133	0.316709	0.540456	1.077147	0.247654	0.769449	18	4	0	10.648540	0.717688	0.719933	0.577534	0.771167	0.787284	0.048108	0.822001	0.101347
90	3	0.435375	0.579779	0.672718	1.135903	1.541918	1.779955	13	3	0	8.936292	0.658916	0.631174	0.715523	0.069115	0.718008	0.015715	0.573204	0.101347
90	4	0.654837	0.113835	0.611793	0.827081	-1.451272	0.619746	24	5	1	10.732777	0.785680	0.830901	0.689865	0.805484	0.686899	0.684333	0.654185	0.101347
90	5	0.163847	0.188783	0.394621	-0.926859	0.422573	-0.371122	25	6	0	8.868060	0.104153	0.030468	0.340282	0.269644	0.107200	0.096536	0.299150	0.063342
90	6	0.272971	0.308591	0.506220	-0.057657	0.611402	0.621141	20	4	0	9.542818	0.464160	0.038647	0.145125	0.457665	0.122194	0.425994	0.403624	0.126363
90	7	0.289258	0.205039	0.378138	0.060342	-0.282833	-0.383178	19	5	0	8.430341	0.183371	0.636706	0.073685	0.470734	0.201171	0.341966	0.280067	0.126363
90	8	0.118485	0.060455	0.336319	-0.762352	-0.800971	-0.808017	17	4	0	8.380219	0.097017	0.045061	0.101187	0.075369	0.378287	0.063342	0.173348	0.014272
90	9	0.260794	0.405949	0.397336	0.114533	0.935273	-0.389719	13	2	1	13.286789	0.064304	0.451090	0.604955	0.526780	0.169740	0.063342	0.191870	0.014272
90	10	0.463619	0.193954	0.409134	0.881034	-0.948843	-0.171921	15	2	1	11.456826	0.803319	0.457585	0.777421	0.479955	0.357601	0.361289	0.457505	0.014272
90	11	0.512388	0.428861	0.575105	1.047392	0.811113	0.985827	16	3	0	11.947753	0.610167	0.868906	0.393361	0.847017	0.612572	0.012829	0.700690	0.053560
90	12	0.221777	0.291272	0.336319	-0.302308	0.696553	-1.026394	19	4	0	10.018762	0.492062	0.489817	0.066870	0.309573	0.218489	0.012829	0.052838	0.131735
90	13	0.410419	0.496292	0.442065	1.327303	0.928630	0.561763	7	2	0	12.816236	0.658114	0.677357	0.929041	0.010504	0.358964	0.214962	0.412765	0.021648
90	14	0.331042	0.139653	0.336319	-0.440281	-0.988050	-1.565132	24	6	1	10.859803	0.453175	0.334670	0.268040	0.894163	0.298829	0.094452	0.269484	0.035520
90	15	0.196189	0.304462	0.336319	-0.081597	0.816986	-0.811189	14	3	0	10.054455	0.122434	0.376283	0.440988	0.115298	0.061979	0.055885	0.361129	0.035520
90	16	0.395396	0.475144	0.420542	0.448640	1.218734	0.036297	18	4	0	10.324739	0.796584	0.678881	0.494468	0.322803	0.601828	0.057729	0.175353	0.035520
90	17	0.519584	0.262007	0.485075	0.237204	0.169593	0.215346	53	9	0	8.056678	0.257777	0.654266	0.615138	0.362251	0.695478	0.651058	0.399054	0.521648
90	18	0.183992	0.200770	0.439155	-0.356998	0.212414	0.281179	19	3	0	9.233887	0.079618	0.182409	0.087075	0.019965	0.422947	0.279266	0.094532	0.306126
90	19	0.186017	0.190607	0.426956	-1.000611	0.362115	-0.144661	37	6	0	9.159097	0.149455	0.334670	0.066870	0.059573	0.295061	0.266357	0.088278	0.227870
90	20	0.288737	0.232280	0.472579	0.282163	-0.176217	0.504391	15	3	0	11.016279	0.342607	0.331543	0.656430	0.478512	0.224423	0.160520	0.095654	0.020205
91	1	0.336885	0.088578	0.513734	0.754983	-1.877870	0.881802	13	2	0	11.682842	0.343329	0.638310	0.394965	0.367784	0.368345	0.171023	0.386786	0.024535
91	2	0.276710	0.207986	0.378138	0.223729	-0.318133	-0.365367	16	3	0	10.242633	0.469612	0.328656	0.379570	0.398012	0.224022	0.032713	0.356559	0.024535
91	3	0.228111	0.205781	0.575037	-0.108189	-0.096051	1.002919	17	3	0	11.037663	0.295061	0.369147	0.365298	0.153223	0.319917	0.042255	0.255452	0.024535
91	4	0.202594	0.154827	0.534008	-0.200526	-0.413771	0.874545	17	3	0	9.917945	0.114256	0.132457	0.500722	0.109525	0.128047	0.381013	0.230196	0.024535
91	5	0.264262	0.172166	0.489737	0.379624	-0.593998	0.924110	17	3	0	7.560112	0.389112	0.239737	0.360087	0.413085	0.061498	0.302357	0.323685	0.024535
91	6	0.191629	0.363995	0.546504	-0.540728	1.225591	0.572886	16	3	1	11.184405	0.397691	0.474182	0.411001	0.028784	0.050192	0.106879	0.039769	0.024535
91	7	0.220324	0.133299	0.401448	0.236614	-0.871837	0.286438	14	3	0	8.311613	0.124599	0.266116	0.531671	0.173188	0.171424	0.318153	0.152903	0.024535
91	8	0.577173	0.263671	0.446154	0.812072	-0.182789	-0.178682	22	3	1	11.409987	0.690827	0.735247	0.752967	0.935455	0.631575	0.318153	0.528624	0.024535
91	9	0.242233	0.191489	0.401448	-0.062930	-0.291377	-0.022560	16	4	0	10.006431	0.479474	0.426475	0.298829	0.225866	0.255212	0.164769	0.062700	0.024535
91	10	0.488905	0.340382	0.450266	0.462602	0.264039	-0.232103	16	4	1	14.447753	0.577694	0.594051	0.842287	0.795382	0.317351	0.263951	0.495991	0.024535
91	11	0.417455	0.315988	0.557191	0.833759	0.235671	1.089598	17	3	0	8.896240	0.571600	0.408675	0.314945	0.168377	0.865699	0.080180	0.627004	0.303159
91	12	0.486891	0.405067	0.460116	1.064046	0.663140	0.439963	15	3	0	10.783191	0.236049	0.311738	0.689625	0.696921	0.865218	0.132457	0.659958	0.303159
91	13	0.402211	0.142479	0.439155	0.193655	-0.942251	0.180488	36	7	0	7.248983	0.243505	0.368024	0.233563	0.401780	0.866501	0.298268	0.502886	0.303159
91	14	0.512568	0.264833	0.535279	-0.051682	0.065910	0.059625	45	7	1	10.152612	0.584269	0.676235	0.442992	0.545382	0.867864	0.336113	0.344532	0.303159
91	15	0.452674	0.272751	0.462361	1.068069	-0.186222	0.600602	15	3	0	8.970655	0.723621	0.560856	0.381254	0.569195	0.614817	0.159076	0.309413	0.303159
92	1	0.247885	0.167736	0.433588	0.156323	-0.595822	0.290328	15	3	0	9.917945	0.084108	0.296103	0.712716	0.100625	0.253608	0.252165	0.221376	0.062380
92	2	0.105757	0.059233	0.336319	-0.893059	-0.670284	-0.945594	16	3	0	11.037663	0.202213	0.040170	0.021568	0.064144	0.356639	0.061738	0.037203	0.062380
92	3	0.476698	0.224924	0.575518	0.794860	-0.427064	1.058891	21	4	0	8.567176	0.792736	0.776219	0.470494	0.363855	0.452453	0.528945	0.366501	0.062380
92	4	0.304713	0.203937	0.477676	0.442295	-0.538634	0.576483	13	3	0	11.994308	0.243505	0.404426	0.128768	0.398012	0.243345	0.461273	0.495991	0.062380
92	5	0.326942	0.366782	0.485476	0.228902	0.771828	0.538820	18	4	0	9.699426	0.388069	0.582104	0.073685	0.078817	0.666373	0.457906	0.231960	0.136626
92	6	0.344211	0.405669	0.574991	1.108685	0.698480	1.529458	12	2	0	8.170698	0.804282	0.283515	0.570558	0.553801	0.206543	0.157553	0.040811	0.136626
92	7	0.274886	0.167355	0.397336	0.516005	-0.784949	0.060964	14	2	0	10.149285	0.046905	0.589080	0.191068	0.183130	0.798268	0.171023	0.082986	0.136626
92	8	0.276058	0.292575	0.336319	-0.082964	0.468483	-1.072234	19	4	0	10.721323	0.411722	0.295301	0.126443	0.139833	0.695959	0.402341	0.067752	0.069115
92	9	0.106158	0.041653	0.409134	-0.165554	-1.223799	0.603544	12	2	0	7.738985	0.475866	0.095334	0.043938	0.013230	0.054682	0.075048	0.022049	0.069115
92	10	0.550914	0.716846	0.485258	1.518531	2.127280	0.713759	14	2	0	11.086520	0.861530	0.701251	0.967367	0.895767	0.055083	0.181286	0.675914	0.069115
92	11	0.305224	0.270265	0.409134	-0.315555	0.341016	-0.273929	26	6	0	10.541700	0.489657	0.323044	0.149294	0.207425	0.459429	0.269484	0.474343	0.069115
92	12	0.318854	0.168558	0.459750	0.816835	-0.897059	0.849968	14	3	0	7.304936	0.287765	0.374439	0.195718	0.654747	0.368345	0.203175	0.284557	0.182088
92	13	0.146939	0.054642	0.336319	-0.702629	-1.124349	-0.856274	22	4	0	7.921129	0.174551	0.232200	0.080661	0.135504	0.170542	0.164769	0.035199	0.182088
92	14	0.231759	0.139994	0.385137	-0.360012	-0.804944	-0.631606	18	3	1	10.734623	0.267319	0.108082	0.653624	0.132777	0.266357	0.026139	0.239176	0.160600
92	15	0.130061	0.146147	0.336319	-1.039008	0.259442	-1.142411	20	4	0	11.494308	0.055805	0.478031	0.104073	0.022290	0.167014	0.015715	0.022931	0.174631
92	16	0.248116	0.330941	0.482200	0.464027	0.664611	0.964547	14	3	0	7.609951	0.367142	0.602149	0.566389	0.057569	0.095494	0.015715	0.105837	0.174631
92	17	0.147761	0.085632	0.336319	-0.208823	-0.839931	-0.676310	15	2	0	9.080906	0.092367	0.101668	0.071119	0.095334	0.158595	0.214962	0.414609	0.033435
92	18	0.250982	0.135864	0.336319	-0.069355	-0.800619	-0.894211	20	4	0	8.472193	0.061979	0.312941	0.117463	0.921183	0.145285	0.214962	0.200609	0.033435
92	19	0.316188	0.497555	0.449338	-0.124407	1.663720	0.171101	26	6	0	8.590625	0.597097	0.619869	0.145125	0.129169	0.021087	0.806446	0.177277	0.033435
92	20	0.206593	0.184874	0.336319	-0.542096	0.032967	-1.019092	25	5	0	8.374645	0.244548	0.423990	0.100144	0.242784	0.363214	0.056928	0.187700	0.033435
92	21	0.326922	0.560115	0.336319	1.071583	1.514204	-0.500930	10	2	0	9.418892	0.089721	0.762588	0.751684	0.164929	0.151139	0.056928	0.604955	0.033435
93	1	0.435415	0.524294	0.660726	1.684514	0.987907	1.865539	6	1	0	12.801362	0.226106	0.400096	0.829618	0.892158	0.158595	0.015715	0.701491	0.259541
93	2	0.387227	0.373056	0.605814	0.423478	0.478851	0.865413	14	3	1	12.346936	0.572563	0.613695	0.738855	0.478512	0.230196	0.055885	0.148573	0.259541
93	3	0.554953	0.233122	0.564109	0.859323	-0.363266	0.778501	19	5	0	11.296504	0.753528	0.882216	0.651459	0.190106	0.647130	0.550353	0.505292	0.259541
93	4	0.413526	0.372975	0.399100	0.438529	0.761658	-0.094693	24	5	0	7.945422	0.086995	0.255051	0.641998	0.582264	0.471456	0.480436	0.658275	0.131735
93	5	0.499669	0.275377	0.532564	0.845072	-0.026309	0.797184	21	4	0	8.964111	0.461193	0.704699	0.704699	0.699006	0.453736	0.338999	0.503287	0.131735
93	6	0.343790	0.209730	0.443680	0.222619	-0.393158	0.195315	19	4	0	10.130399	0.094211	0.341405	0.621953	0.823845	0.216405	0.275497	0.215122	0.161883
93	7	0.512177	0.647530	0.789826	1.386687	1.763815	2.353849	15	3	0	8.067825	0.102790	0.905148	0.483804	0.786722	0.659557	0.140956	0.856559	0.161883
93	8	0.473501	0.296003	0.439155	0.896702	0.045814	0.202783	17	3	0	10.964953	0.309012	0.475465	0.583708	0.778384	0.660279	0.300353	0.518922	0.161883
93	9	0.395887	0.451752	0.401448	0.297955	1.143993	-0.232879	20	4	0	11.685972	0.246472	0.736851	0.214561	0.762107	0.311658	0.212155	0.641998	0.041292
93	10	0.411301	0.397791	0.378138	0.569151	0.817775	-0.392795	20	4	0	8.693014	0.031511	0.742303	0.307248	0.633419	0.653945	0.499198	0.381495	0.041292
93	11	0.580651	0.490539	0.397336	1.284128	1.212786	-0.040686	19	4	0	8.196768	0.207745	0.851748	0.834750	0.963518	0.806126	0.395366	0.544660	0.041292
94	1	0.484165	0.609465	0.557729	0.815489	1.746655	0.851551	16	4	0	11.685972	0.163326	0.766918	0.796103	0.175754	0.781350	0.327213	0.784397	0.078255
94	2	0.246372	0.272049	0.491890	0.094447	0.303581	0.649015	15	3	0	10.881053	0.272851	0.696360	0.049391	0.553801	0.134221	0.014753	0.171344	0.078255
94	3	0.268972	0.305424	0.336319	0.258530	0.425816	-0.879328	14	3	0	11.082433	0.417976	0.098861	0.089641	0.109525	0.396648	0.154987	0.805885	0.078255
94	4	0.572843	0.351106	0.586308	1.557474	0.301956	1.310256	14	3	0	9.084814	0.471857	0.518361	0.847338	0.874759	0.799631	0.566309	0.426235	0.078255
94	5	0.505001	0.481418	0.401448	0.867654	1.132534	-0.126572	17	4	0	11.086520	0.399294	0.819756	0.855356	0.057569	0.400738	0.688743	0.787123	0.031430
94	6	0.600736	0.474282	0.401448	1.268921	1.098035	-0.095323	16	4	0	11.086520	0.399294	0.819516	0.857681	0.943153	0.826090	0.687781	0.240940	0.031430
94	7	0.515445	0.264913	0.583501	1.119944	-0.259457	1.059933	15	3	0	11.816236	0.681767	0.685455	0.640715	0.705741	0.474904	0.246392	0.635022	0.053560
94	8	0.364286	0.274655	0.543732	0.776146	-0.079654	1.098963	14	3	0	9.140398	0.327534	0.382296	0.104073	0.305805	0.547707	0.524134	0.669179	0.053560
95	1	0.553851	0.279065	0.700277	1.072973	-0.251541	1.261811	15	2	1	14.205039	0.755853	0.860969	0.545462	0.738133	0.578095	0.217607	0.605757	0.128929
95	2	0.299401	0.294500	0.498499	0.813172	0.057044	0.905452	10	2	0	12.149285	0.718730	0.626604	0.082425	0.267720	0.179041	0.051555	0.340202	0.128929
95	3	0.366200	0.356398	0.385137	0.668529	0.554854	-0.110469	17	3	0	8.594893	0.589561	0.342287	0.660439	0.194676	0.565827	0.222258	0.225625	0.128929
95	4	0.495610	0.407854	0.508510	0.595852	0.963447	0.628263	31	6	0	7.710203	0.708708	0.759221	0.112572	0.375000	0.925032	0.464801	0.490619	0.128929
95	5	0.506685	0.311337	0.670301	0.699831	0.267839	1.274544	21	4	0	11.433217	0.760744	0.638310	0.506334	0.503368	0.742864	0.059092	0.713839	0.128929
95	6	0.508820	0.471236	0.501833	0.215425	1.444135	0.315785	50	9	0	8.185386	0.875321	0.552919	0.195718	0.768922	0.382617	0.348060	0.818072	0.128929
95	7	0.433240	0.146849	0.636832	0.725627	-1.139230	1.426587	20	4	0	8.050624	0.696039	0.460391	0.462235	0.552838	0.219211	0.273573	0.442110	0.359525
95	8	0.506745	0.213438	0.401448	0.975497	-0.493279	0.129925	24	4	0	7.263348	0.401379	0.477790	0.392399	0.691469	0.627726	0.466325	0.389352	0.607521
96	1	0.629049	0.463318	0.494605	1.365256	1.189151	0.754868	22	5	0	7.359311	0.090603	0.827854	0.851347	0.961995	0.876203	0.476668	0.800754	0.146969
96	2	0.257858	0.233222	0.489737	-0.076322	0.051286	0.558192	18	4	0	9.796992	0.138791	0.383740	0.032232	0.126283	0.616982	0.253929	0.363935	0.146969
96	3	0.220714	0.179101	0.378138	0.123921	-0.345932	-0.171560	16	3	0	8.291831	0.010423	0.283034	0.392399	0.228432	0.406511	0.084189	0.213759	0.146969
96	4	0.354444	0.450810	0.385137	0.623232	1.052255	-0.165387	15	3	0	9.739671	0.839400	0.882377	0.101187	0.055083	0.440827	0.024375	0.345334	0.146969
96	5	0.398463	0.206062	0.492658	0.584030	-0.484650	0.820620	22	5	0	6.916684	0.171584	0.490539	0.460552	0.340523	0.498717	0.521248	0.557569	0.146969
96	6	0.235477	0.353291	0.491890	-0.247041	1.050485	0.531612	20	4	0	9.666059	0.056446	0.457184	0.053400	0.115298	0.780388	0.007136	0.382537	0.031430
96	7	0.265705	0.381976	0.464228	0.524220	0.873764	0.780180	13	3	0	8.335029	0.056446	0.563262	0.059012	0.388470	0.650497	0.007136	0.369387	0.031430
96	8	0.201331	0.134100	0.336319	-0.058108	-0.620598	-0.641380	17	4	0	7.290178	0.033435	0.116341	0.541693	0.164929	0.344933	0.191309	0.186578	0.031430
96	9	0.149084	0.151399	0.336319	-0.319647	-0.064611	-0.699020	15	3	0	8.526263	0.552598	0.053881	0.056928	0.015314	0.247835	0.008499	0.079378	0.178239
96	10	0.257677	0.208788	0.454137	0.551764	-0.377516	0.746496	12	3	0	8.242395	0.540651	0.178159	0.056928	0.823044	0.196520	0.008499	0.079378	0.178239
96	11	0.110327	0.054141	0.336319	-0.862710	-0.731326	-0.681807	22	5	0	6.574650	0.071600	0.108082	0.071119	0.205741	0.088518	0.051555	0.107761	0.178239
96	12	0.143802	0.146167	0.336319	-0.180799	-0.102257	-0.529490	14	3	0	7.626005	0.152101	0.066469	0.034397	0.059573	0.329779	0.279266	0.050593	0.178239
96	13	0.190968	0.079177	0.336319	-0.203323	-1.186049	-0.699989	18	4	0	7.490355	0.178480	0.197643	0.003127	0.352710	0.185375	0.086835	0.345334	0.178239
96	14	0.156721	0.056948	0.426956	-0.410765	-1.209729	0.538624	21	5	0	5.751085	0.179843	0.127806	0.159397	0.103352	0.320638	0.028945	0.155548	0.178239
96	15	0.332475	0.248497	0.537043	-0.659505	0.059546	0.031294	31	6	1	13.006265	0.253127	0.573605	0.178961	0.491020	0.322322	0.217607	0.444917	0.178239
96	16	0.192150	0.174491	0.378138	-0.320623	-0.131413	-0.429145	17	3	0	10.742389	0.044500	0.254410	0.093650	0.527742	0.102550	0.060215	0.275898	0.178239
96	17	0.324828	0.458728	0.476851	1.034046	0.983774	0.953921	11	2	0	8.880796	0.770927	0.028384	0.054522	0.126283	0.834269	0.116581	0.489416	0.178239
96	18	0.474242	0.548910	0.570226	1.036906	1.247883	0.864841	13	2	1	11.744757	0.327854	0.770446	0.866501	0.405709	0.834670	0.153143	0.257377	0.178239
96	19	0.546925	0.310355	0.439155	0.713916	0.347143	0.051953	26	6	0	8.902133	0.320157	0.800754	0.553801	0.689304	0.836113	0.561337	0.435696	0.178239
97	1	0.568253	0.278704	0.499107	0.931600	0.085993	0.569852	25	5	0	8.354479	0.722659	0.820959	0.493265	0.394323	0.825930	0.543297	0.551395	0.194195
97	2	0.307629	0.204799	0.495968	-0.106619	-0.257187	0.458660	23	5	0	9.466738	0.117463	0.137989	0.120991	0.993024	0.188262	0.116581	0.723380	0.063342
97	3	0.636175	0.418538	0.622308	0.988566	1.059613	1.017703	25	6	0	9.601834	0.568874	0.854715	0.941709	0.863695	0.836514	0.473060	0.334509	0.216325
97	4	0.503598	0.255713	0.653166	0.311616	0.065749	1.154966	45	9	0	7.775027	0.487733	0.695638	0.614657	0.414609	0.912203	0.078496	0.552518	0.272931
97	5	0.644313	0.264372	0.705271	1.120606	0.008766	1.441301	22	5	0	10.287993	0.542976	0.948605	0.995590	0.755933	0.719131	0.529987	0.612652	0.049631
98	1	0.628478	0.402441	0.654724	0.377884	1.248766	0.941149	67	12	0	7.945368	0.596216	0.940747	0.942832	0.678400	0.803079	0.441950	0.210231	0.414368
98	2	0.458076	0.407533	0.570982	0.380179	0.968194	0.842153	28	6	0	8.692423	0.016597	0.573605	0.250561	0.390715	0.983724	0.406270	0.852069	0.191068
98	3	0.237622	0.168578	0.336319	0.610617	-0.651376	-0.348464	13	3	0	6.766849	0.161161	0.387508	0.348781	0.204137	0.126203	0.316469	0.140394	0.216325
98	4	0.568072	0.180785	0.713335	0.380373	-0.481600	1.387187	55	11	0	7.506363	0.216645	0.512428	0.563182	0.671985	0.712476	0.468008	0.590683	0.809173
98	5	0.682328	0.107701	0.612824	0.146623	-0.910784	0.494374	95	17	0	8.130748	0.614496	0.696841	0.620750	0.797306	0.879811	0.675513	0.560375	0.613534
98	6	0.481869	0.125521	0.416659	-0.537687	-0.868948	-0.622554	83	17	0	8.647987	0.431767	0.555725	0.320157	0.459670	0.757136	0.459589	0.528143	0.342768
98	7	0.201451	0.095754	0.336319	-1.048600	-0.676242	-1.245701	50	9	0	7.942251	0.242704	0.209429	0.275016	0.092367	0.316790	0.175914	0.066228	0.233162
98	8	0.573655	0.279085	0.394621	-0.500208	0.661329	-1.075452	107	23	0	8.377089	0.400096	0.429923	0.676395	0.731799	0.691469	0.569836	0.305805	0.783916
99	1	0.365028	0.271769	0.378138	0.118150	0.145037	-0.645104	23	4	0	10.935868	0.254330	0.642720	0.862332	0.163246	0.417495	0.214962	0.342126	0.023012
99	2	0.308170	0.298910	0.462464	0.318859	0.388981	0.515848	20	3	0	8.554126	0.292415	0.423990	0.531190	0.678400	0.181928	0.061738	0.272691	0.023012
99	3	0.226568	0.234345	0.522530	0.066278	0.192800	1.077997	19	4	0	6.933826	0.035760	0.505773	0.391036	0.274455	0.151139	0.118666	0.312700	0.023012
99	4	0.499739	0.348180	0.528258	0.996605	0.401185	0.802254	18	3	0	10.173534	0.643682	0.696360	0.625641	0.717126	0.340843	0.212155	0.637749	0.124359
99	5	0.236590	0.243445	0.450266	0.175776	0.140560	0.625733	16	4	0	7.497697	0.069195	0.353672	0.367944	0.388470	0.245350	0.082104	0.261626	0.124359
99	6	0.415330	0.109265	0.465477	0.056099	-1.337408	0.151943	37	6	0	9.087160	0.340122	0.630452	0.342367	0.548428	0.389513	0.273573	0.418618	0.379570
99	7	0.544490	0.721516	0.480963	0.709777	2.514791	0.375107	27	6	0	8.704837	0.898573	0.915571	0.952694	0.144804	0.193473	0.369869	0.775176	0.105757
99	8	0.677057	0.462235	0.541980	1.146659	1.339004	0.660387	26	6	0	9.236940	0.898252	0.913647	0.952694	0.921584	0.481238	0.369869	0.773412	0.105757
100	1	0.644644	0.308250	0.616925	1.551124	-0.002944	1.005447	14	2	1	12.244757	0.797867	0.883178	0.876283	0.774134	0.653063	0.423829	0.211113	0.537684
100	2	0.367162	0.549852	0.511145	0.490864	1.436571	0.433329	14	2	1	13.108717	0.681366	0.801796	0.063823	0.665170	0.328335	0.127646	0.094532	0.174631
100	3	0.271037	0.413747	0.457654	0.565960	1.035699	0.662057	14	2	0	9.229397	0.597418	0.369628	0.138951	0.469291	0.479153	0.069195	0.024455	0.020205
100	4	0.241140	0.298428	0.438090	-0.209077	0.392633	-0.164747	13	3	1	14.447753	0.535840	0.760343	0.032232	0.233964	0.267078	0.037043	0.045702	0.016918
100	5	0.351427	0.496713	0.489737	0.670437	1.244652	0.714312	13	3	0	10.942139	0.534157	0.366822	0.029666	0.447883	0.654586	0.080180	0.679522	0.018602
100	6	0.482230	0.310055	0.658343	0.438728	0.169931	0.986310	21	4	1	10.096533	0.736530	0.787203	0.597017	0.663566	0.209509	0.431366	0.425834	0.006815
100	7	0.343720	0.204739	0.336319	0.426920	-0.473579	-0.822715	18	4	0	8.286789	0.248877	0.220334	0.363374	0.314785	0.642720	0.416533	0.536321	0.006815
100	8	0.333708	0.259441	0.509255	0.267797	0.045977	0.728560	20	4	0	8.656387	0.682168	0.552919	0.342367	0.384221	0.151139	0.377806	0.172226	0.006815
100	9	0.206272	0.065787	0.336319	-1.021737	-1.249239	-1.397021	33	8	0	11.029353	0.217367	0.235568	0.027341	0.192511	0.272851	0.154987	0.308611	0.240940
100	10	0.126724	0.109225	0.336319	-1.242403	-0.283560	-1.451220	17	4	1	12.846936	0.204378	0.160920	0.066870	0.100625	0.047065	0.224904	0.159397	0.049631
100	11	0.255703	0.166533	0.336319	-0.161510	-0.435696	-0.903064	23	5	0	7.790178	0.102229	0.464160	0.166854	0.369227	0.256174	0.319355	0.207024	0.160600
101	1	0.212346	0.336394	0.397336	0.689891	0.619872	0.232661	7	1	0	13.286789	0.331462	0.366822	0.032874	0.118185	0.375160	0.009221	0.433611	0.031430
101	2	0.043267	0.023593	0.397336	-1.434324	0.557363	0.048942	10	2	0	13.286789	0.078817	0.025337	0.032874	0.031430	0.128528	0.009221	0.033595	0.006334
101	3	0.075680	0.105396	0.336319	-1.603824	0.756661	-1.167557	20	4	0	12.018762	0.039529	0.106799	0.056928	0.022290	0.187300	0.009221	0.177277	0.006094
101	4	0.408044	0.203817	0.336319	0.184963	-0.406473	-1.147815	30	5	0	9.054632	0.302919	0.588598	0.234606	0.517720	0.520205	0.387909	0.394003	0.318393
101	5	0.262468	0.169139	0.414277	-0.405402	-0.391649	-0.221910	27	4	0	11.159112	0.229634	0.168618	0.331703	0.072322	0.189224	0.468008	0.417736	0.222498
101	6	0.110247	0.146849	0.391998	-1.154150	0.496791	-0.400713	20	4	0	10.943258	0.210311	0.178801	0.026539	0.075369	0.274054	0.044259	0.060936	0.011706
101	7	0.110407	0.108363	0.378138	-1.026412	-0.028523	-0.511529	17	4	0	11.013805	0.115298	0.515795	0.013470	0.139833	0.055404	0.019885	0.011867	0.011706
101	8	0.100816	0.138791	0.391998	-1.229988	0.561655	-0.399788	19	4	0	11.303204	0.166854	0.178801	0.026539	0.072322	0.032553	0.055885	0.256655	0.016918
101	9	0.406972	0.087556	0.690953	1.374481	-2.153975	2.023884	10	2	0	9.537344	0.460071	0.470815	0.546183	0.561257	0.451491	0.319355	0.429682	0.016918
101	10	0.153454	0.161442	0.336319	-0.651481	0.062779	-0.991863	16	4	0	10.750736	0.032072	0.138871	0.467768	0.175754	0.261706	0.019885	0.094532	0.037043
101	11	0.219492	0.186678	0.336319	0.582981	-0.528564	-0.542896	9	2	0	10.516279	0.019403	0.508419	0.877886	0.092367	0.090282	0.114737	0.026299	0.026539
102	1	0.464210	0.412404	0.378138	1.278721	0.636534	-0.186990	14	2	0	9.916865	0.547947	0.788406	0.864577	0.228432	0.506334	0.554682	0.117543	0.105757
102	2	0.547727	0.397029	0.479440	1.124279	0.639919	0.431425	16	3	0	12.816236	0.384702	0.913967	0.746232	0.876283	0.449487	0.372755	0.477790	0.160600
102	3	0.148092	0.080861	0.336319	0.073573	-0.955140	-0.277371	14	3	0	5.870625	0.133900	0.100144	0.091886	0.147611	0.113935	0.045301	0.279025	0.272931
102	4	0.218189	0.271729	0.416659	0.231619	0.474334	0.600516	17	4	0	5.870625	0.259461	0.699727	0.022450	0.486209	0.119548	0.045301	0.041774	0.071039
102	5	0.294309	0.310796	0.477676	0.029878	0.632399	0.586141	24	5	0	7.514204	0.266597	0.480436	0.157713	0.458788	0.400096	0.045301	0.450770	0.094772
102	6	0.186117	0.072282	0.426956	0.239460	-1.483291	0.539802	12	2	0	9.079721	0.190106	0.364897	0.186017	0.264352	0.189224	0.150257	0.049310	0.094772
102	7	0.220344	0.257397	0.401448	-0.319744	0.467324	-0.078310	21	4	0	9.212959	0.053720	0.362412	0.186017	0.048348	0.440587	0.241822	0.335071	0.094772
102	8	0.717297	0.362492	0.648550	1.440661	0.840983	1.277477	25	5	0	8.538462	0.908675	0.943473	0.973621	0.970975	0.699727	0.602149	0.544981	0.094772
103	1	0.484796	0.460552	0.701812	1.848782	0.613384	2.032593	6	1	0	13.286789	0.297867	0.706222	0.743505	0.529747	0.868586	0.046665	0.559413	0.126363
103	2	0.273172	0.265435	0.459750	0.040609	0.238178	0.386179	18	4	0	9.297577	0.395205	0.608082	0.063823	0.367784	0.070718	0.181286	0.372114	0.126363
103	3	0.570568	0.191729	0.336319	0.292801	-0.353613	-1.379076	60	9	0	8.378026	0.528303	0.533595	0.166854	0.652903	0.874359	0.726588	0.676796	0.405148
104	1	0.561839	0.360548	0.808680	1.050368	0.489963	2.012191	17	4	0	11.560922	0.784798	0.840282	0.498637	0.842688	0.642720	0.256575	0.599743	0.029266
104	2	0.326932	0.216425	0.511282	0.228371	-0.297193	0.699819	19	4	0	9.185256	0.368586	0.521648	0.290651	0.444756	0.529747	0.162524	0.275898	0.021648
104	3	0.213799	0.109124	0.489737	-0.228062	-0.983502	0.628659	18	4	0	9.062919	0.177117	0.165651	0.098942	0.106158	0.248557	0.259301	0.392960	0.261706
104	4	0.258990	0.151940	0.385137	-0.455319	-0.596263	-0.627369	22	5	0	12.523754	0.237973	0.518762	0.109124	0.309573	0.311658	0.026139	0.364496	0.194195
104	5	0.065617	0.036822	0.336319	-1.733787	0.005107	-1.140807	19	4	0	11.887245	0.015234	0.029185	0.143682	0.019965	0.210151	0.034477	0.035199	0.037043
104	6	0.057218	0.046203	0.336319	-1.277232	0.300348	-0.670844	16	3	0	8.096518	0.034958	0.067752	0.071119	0.016597	0.139673	0.028945	0.078496	0.020205
104	7	0.204578	0.248918	0.378138	-0.565054	0.515762	-0.632568	21	4	0	11.484753	0.034958	0.516357	0.143682	0.398012	0.159076	0.076732	0.287604	0.020205
104	8	0.204298	0.234966	0.378138	-0.344262	0.291588	-0.583664	16	3	0	14.023754	0.538085	0.188342	0.452614	0.046183	0.219612	0.139593	0.033034	0.016918
104	9	0.386606	0.457445	0.599824	0.826334	0.940253	1.255872	12	3	0	11.705039	0.591244	0.715683	0.515555	0.780388	0.208868	0.231158	0.033034	0.016918
105	1	0.646628	0.632356	0.703450	0.663338	2.036544	1.044897	31	7	1	9.271379	0.156831	0.984846	0.958708	0.994949	0.918778	0.239256	0.555564	0.364096
105	2	0.264252	0.293878	0.436440	-0.213520	0.606487	0.130810	23	5	0	8.561603	0.065266	0.645847	0.075128	0.400096	0.279506	0.239256	0.355356	0.053560
105	3	0.391377	0.689805	0.756311	0.244899	2.346858	1.700014	23	4	0	10.460131	0.770125	0.765795	0.059012	0.730436	0.491180	0.013550	0.280067	0.020847
105	4	0.482972	0.350786	0.590340	0.559791	0.516080	0.839930	21	4	0	12.421303	0.952453	0.569756	0.942351	0.396087	0.466565	0.060215	0.455500	0.020847
105	5	0.445839	0.310195	0.385137	0.879715	0.166223	-0.215998	17	3	0	9.605328	0.541052	0.665651	0.911562	0.495189	0.066148	0.279266	0.397611	0.210231
106	1	0.643261	0.304382	0.719543	2.048861	-0.069639	1.995425	11	2	0	11.149285	0.839160	0.916854	0.706783	0.942271	0.665491	0.102470	0.752726	0.220334
106	2	0.550684	0.522430	0.649088	0.239511	1.402619	0.490621	26	4	2	13.993859	0.441228	0.949888	0.598461	0.809092	0.933691	0.102470	0.350305	0.220334
106	3	0.310526	0.155268	0.450266	0.291861	-0.810922	0.494822	21	4	0	7.532133	0.375241	0.482040	0.287765	0.123396	0.549150	0.296584	0.073685	0.296344
106	4	0.525537	0.307930	0.496174	0.453095	0.383271	0.315927	32	7	0	9.448515	0.692271	0.638310	0.734686	0.775016	0.505853	0.350385	0.409798	0.097979
107	1	0.244167	0.259922	0.401448	-0.094705	0.380804	0.067092	22	4	0	7.890279	0.310375	0.519243	0.027341	0.473781	0.305244	0.162524	0.105196	0.049631
107	2	0.258669	0.214941	0.427861	-0.296943	-0.055120	-0.085343	20	4	0	12.554455	0.415090	0.327534	0.063823	0.147611	0.526940	0.140956	0.328736	0.118666
107	3	0.141557	0.088198	0.336319	-1.175958	-0.442822	-1.250563	24	5	0	11.182567	0.029827	0.300273	0.048028	0.147611	0.220173	0.089160	0.148012	0.149375
107	4	0.166052	0.186177	0.488763	0.122438	-0.009752	0.985352	12	2	0	8.979360	0.186658	0.026780	0.413566	0.013230	0.415250	0.089160	0.116421	0.067351
107	5	0.449788	0.539609	0.409134	0.283028	1.634917	-0.293678	24	5	0	11.794039	0.799631	0.758018	0.697162	0.625802	0.202694	0.364657	0.082986	0.067351
107	6	0.423689	0.456222	0.394621	1.169566	0.945533	0.229029	15	3	0	7.251165	0.482601	0.667736	0.882296	0.654747	0.277502	0.138390	0.222899	0.063342
107	7	0.661782	0.332144	0.603913	1.479627	0.220882	0.834082	15	2	1	13.564985	0.938021	0.869708	0.918457	0.704458	0.618746	0.679201	0.222899	0.342768
108	1	0.727219	0.413045	0.617039	1.811700	0.993674	1.235816	18	3	0	10.013187	0.936578	0.869869	0.976026	0.962556	0.535840	0.532393	0.522931	0.481559
108	2	0.605226	0.467207	0.701629	1.353468	0.897912	1.454352	14	3	1	10.086719	0.875641	0.945077	0.861209	0.611530	0.728352	0.451090	0.237171	0.131735
108	3	0.658094	0.313402	0.529941	0.947140	0.247888	0.176564	18	4	1	14.816236	0.803480	0.821921	0.803400	0.828255	0.831783	0.366020	0.558130	0.251764
109	1	0.503047	0.549210	0.515807	1.323372	1.507850	1.202738	19	4	0	5.715695	0.666533	0.919740	0.875000	0.768602	0.328335	0.005452	0.261626	0.199086
109	2	0.206523	0.226968	0.454916	-0.051011	0.221692	0.620701	17	4	0	7.505429	0.277341	0.537684	0.025417	0.064144	0.353111	0.078496	0.244949	0.071039
109	3	0.141948	0.188342	0.416396	-0.812853	0.597271	0.172953	23	5	0	7.505429	0.277341	0.229634	0.025417	0.050914	0.198685	0.039929	0.056527	0.257136
109	4	0.157132	0.177578	0.374576	-0.629438	0.298929	-0.376204	21	5	0	7.505429	0.277341	0.031110	0.212716	0.055083	0.486369	0.039929	0.056527	0.097979
109	5	0.346987	0.300754	0.477412	0.268085	0.395575	0.595768	23	5	0	7.505429	0.277341	0.548268	0.514432	0.644804	0.283595	0.039929	0.056527	0.411001
109	6	0.428520	0.187380	0.544981	0.735060	-0.790029	0.958982	17	4	0	8.950505	0.412203	0.486931	0.790491	0.307328	0.445157	0.300353	0.511065	0.174631
110	1	0.530408	0.561057	0.634198	0.949426	1.717528	1.379186	23	5	0	7.571741	0.482200	0.546504	0.818634	0.999118	0.789929	0.164769	0.251042	0.191068
110	2	0.504239	0.532232	0.468157	0.420202	1.684741	0.235471	37	7	0	8.324531	0.565427	0.692431	0.921905	0.754169	0.648493	0.129490	0.190266	0.131735
110	3	0.798068	0.141637	0.706726	1.534697	-0.570868	1.495216	38	8	0	7.743441	0.854314	0.909638	0.889833	0.933210	0.963198	0.914208	0.373797	0.546344
111	1	0.679021	0.443794	0.646500	1.283689	1.130165	1.127561	19	5	0	11.736273	0.774695	0.941389	0.845013	0.860728	0.883740	0.393762	0.432328	0.300513
111	2	0.381956	0.145987	0.412318	0.095792	-0.959878	-0.149422	24	6	0	9.381324	0.442110	0.542094	0.379570	0.631174	0.371232	0.112973	0.353993	0.222498
111	3	0.133238	0.119367	0.336319	-0.915337	-0.118538	-1.066532	18	4	0	10.999140	0.011305	0.391517	0.028784	0.129169	0.212075	0.039929	0.137989	0.115138
111	4	0.534227	0.363434	0.578347	1.000112	0.522661	0.943217	19	3	0	11.526074	0.776700	0.844371	0.581703	0.733162	0.412043	0.286321	0.524375	0.115138
111	5	0.671554	0.300092	0.556355	0.760633	0.164400	0.110678	19	5	2	14.672932	0.842447	0.870911	0.887909	0.795382	0.557409	0.525657	0.586594	0.306126
112	1	0.637919	0.378408	0.641150	2.021361	0.521479	1.917572	14	4	0	6.063213	0.776219	0.494307	0.995911	0.778384	0.945879	0.316469	0.483643	0.312540
112	2	0.572122	0.379229	0.634839	1.716901	0.222210	1.404675	10	2	1	9.870091	0.828175	0.754971	0.821280	0.786001	0.512508	0.423829	0.390876	0.059333
112	3	0.217247	0.298789	0.336319	-0.045750	0.667526	-0.810475	15	4	0	8.936292	0.121392	0.498156	0.100144	0.015314	0.693393	0.027341	0.265314	0.016918
112	4	0.633870	0.342848	0.576972	0.963478	0.409686	0.616482	19	5	1	9.991963	0.630613	0.953095	0.763310	0.950208	0.726748	0.171023	0.496392	0.379570
113	1	0.608122	0.735748	0.750733	1.393091	2.417288	1.939566	17	4	0	8.915224	0.793698	0.952774	0.982280	0.960792	0.687380	0.122996	0.251042	0.114015
113	2	0.062791	0.064825	0.416659	-1.204892	0.398607	0.328473	12	4	0	9.117666	0.034477	0.067752	0.138951	0.013230	0.030228	0.122996	0.080420	0.014272
113	3	0.526630	0.545462	0.655972	0.412837	1.475851	0.780456	19	5	1	13.290651	0.782473	0.720173	0.792656	0.787444	0.466966	0.212155	0.246953	0.204217
113	4	0.491561	0.405508	0.489554	0.129528	0.827715	-0.117939	24	5	1	13.021533	0.478913	0.804041	0.930885	0.327534	0.655388	0.151539	0.418618	0.165571
113	5	0.523412	0.160820	0.450953	0.691255	-1.022506	0.066260	19	5	0	12.409366	0.460071	0.729554	0.930885	0.163246	0.539529	0.541292	0.492784	0.329939
114	1	0.253087	0.206001	0.336319	0.201961	-0.206644	-0.664369	17	4	0	7.437002	0.210712	0.404426	0.588919	0.026139	0.336674	0.182890	0.041774	0.233162
114	2	0.182769	0.169500	0.336319	0.588290	-0.436298	-0.260184	9	2	0	7.809022	0.170863	0.070478	0.588919	0.010744	0.353993	0.182890	0.013230	0.071039
114	3	0.240679	0.393161	0.414231	1.178913	0.828068	1.021933	9	2	0	5.913646	0.013310	0.070478	0.588919	0.011305	0.353993	0.182890	0.682890	0.021648
114	4	0.397340	0.425192	0.401448	0.244150	1.016950	-0.299986	20	4	0	12.850009	0.670863	0.830581	0.417816	0.578015	0.188262	0.182890	0.154827	0.155468
114	5	0.225395	0.138610	0.465786	-0.565391	-0.555393	0.195997	24	5	0	10.355924	0.258740	0.532954	0.233563	0.183130	0.361610	0.182890	0.015555	0.034718
114	6	0.643421	0.266397	0.627715	1.883447	-0.200124	1.615073	15	3	0	7.826746	0.259461	0.686818	0.810295	0.961594	0.713919	0.954618	0.754169	0.006495
